{"type": "FeatureCollection", "features": [{"type": "Feature", "properties": {"area_km2": 46.03, "post_source": "Vantor 26-scene composite", "build_date": "2026-09-12"}, "geometry": {"type": "MultiPolygon", "coordinates": [[[[85.17620253731947, 27.962639635073202], [85.17554112254457, 27.962639635073202], [85.17554112254457, 27.962931526965093], [85.17620253731947, 27.962931526965093], [85.17620253731947, 27.962639635073202]]], [[[85.17851748903162, 27.965850445884012], [85.17950961119396, 27.965850445884012], [85.17950961119396, 27.96555855399212], [85.17917890380652, 27.96555855399212], [85.17917890380652, 27.96526666210023], [85.17851748903162, 27.96526666210023], [85.17851748903162, 27.965850445884012]]], [[[85.05814, 27.861750901051252], [85.05822905821394, 27.861814745829445], [85.05839831762552, 27.861923796569705], [85.0585792956624, 27.862016803758824], [85.0587700742456, 27.86209278165523], [85.05896863141062, 27.86215092500136], [85.05917286273953, 27.862190617559385], [85.05938060366752, 27.862211438643378], [85.05958965242745, 27.862213167578627], [85.06079697315921, 27.862167864623444], [85.06169671046814, 27.86238287169028], [85.06186323906522, 27.862416065813342], [85.06203231582683, 27.862436715454304], [85.06220274651298, 27.862444674758535], [85.06511228801367, 27.862471708263474], [85.06511265809459, 27.862472019836865], [85.0652963216773, 27.86297805429395], [85.06537053963406, 27.86315147311759], [85.06546439965506, 27.863317203509506], [85.06557690981876, 27.86347349386208], [85.06570688107496, 27.863618692332476], [85.06586588058371, 27.86377869406219], [85.06600101989369, 27.863902257905153], [85.06614880316697, 27.86401380462126], [85.06630788321897, 27.86411231732936], [85.06647680986912, 27.86419689796623], [85.06665404316169, 27.86426677547455], [85.06683796740546, 27.864321312832892], [85.06702690590424, 27.864360012863774], [85.06721913624392, 27.864382522766704], [85.06741290599658, 27.864388637334816], [85.06760644869853, 27.86437830082592], [85.06779799995621, 27.864351607470702], [85.06798581353341, 27.864308800613607], [85.0681681772726, 27.864250270494036], [85.0683434287056, 27.86417655068842], [85.06850997021081, 27.864088313245244], [85.0686662835789, 27.86398636255769], [85.06881094385413, 27.8638716280297], [85.06894263232493, 27.863745155602324], [85.06920363116559, 27.863469152702766], [85.06933572442341, 27.863313035592437], [85.06944805935912, 27.863145145809703], [85.06953932017628, 27.862967450013414], [85.0697009037813, 27.86260160422818], [85.06985499712668, 27.862615826522394], [85.07004306889878, 27.86261763661105], [85.070230522427, 27.862603974696928], [85.07041574964008, 27.862574957978815], [85.07059716156806, 27.862530835376592], [85.07077320197516, 27.862471985395523], [85.07094236071163, 27.862398912878866], [85.07226237422067, 27.861759903711825], [85.0724286703463, 27.86166995619438], [85.07258451097344, 27.861566270043866], [85.07272846391844, 27.861449798162145], [85.0728592062608, 27.861321610952018], [85.07297553650108, 27.86118288647885], [85.07307638560209, 27.86103489964291], [85.07316082681245, 27.86087901046179], [85.07414811885386, 27.85880772938615], [85.07500284926714, 27.857460390934307], [85.07509346479394, 27.857299240602632], [85.07516555185045, 27.857130863892785], [85.07521839222068, 27.856956938575063], [85.07525145947837, 27.856779197700224], [85.07525794038457, 27.85668932546206], [85.07552800800042, 27.85669428077947], [85.07631795960494, 27.85712546796928], [85.07711788416367, 27.857765924515686], [85.07726721298889, 27.857874517585973], [85.0774274644257, 27.85797002402194], [85.07759719166228, 27.85805158153924], [85.08071722751858, 27.8593846011445], [85.08090562553373, 27.859454950658968], [85.08110102527569, 27.85950811527035], [85.08130144788836, 27.859543556566997], [85.08150486364038, 27.85956091562537], [85.08170921248359, 27.859560016645524], [85.08474219555701, 27.85941079838707], [85.08618305925923, 27.859776254537415], [85.08620842765183, 27.85980165053928], [85.08620630627813, 27.860567572974304], [85.08621344781437, 27.860723307161305], [85.0862356817885, 27.860877912950844], [85.08627284243431, 27.861030237230583], [85.08632465265345, 27.86117914389987], [85.08701962616757, 27.86290815340893], [85.0870922659654, 27.86306514083922], [85.0871811800498, 27.863215368879597], [85.08728558195071, 27.86335750861059], [85.087404548182, 27.863490302657045], [85.08753702640927, 27.86361257631186], [85.08768184475791, 27.863723247928426], [85.0878377221792, 27.863821338490038], [85.08800327978267, 27.86390598027131], [85.0881770530345, 27.86397642451515], [85.08888571903502, 27.864228634599417], [85.09081551036518, 27.865251884778203], [85.09099284790643, 27.865335637865428], [85.09117862670259, 27.86540341518411], [85.09137102992948, 27.86545455390121], [85.09156817596973, 27.865488553901244], [85.09212618494118, 27.865559555045074], [85.09235561821068, 27.865577026688783], [85.09258580216455, 27.865571302568522], [85.09281377705233, 27.865542456286143], [85.0933797858798, 27.86544145466504], [85.09356578631274, 27.865400057971623], [85.09374656428294, 27.865343255617407], [85.09392050811067, 27.86527155401189], [85.09408606705296, 27.865185592394592], [85.09424176513016, 27.865086137135325], [85.09438621428568, 27.864974074900914], [85.09589251741842, 27.863689197026954], [85.09824262592517, 27.862494788888426], [85.1029442405853, 27.861052811466216], [85.10508126632315, 27.861320997894314], [85.10739551354142, 27.864541436480057], [85.10748195112515, 27.86465234720192], [85.10757747022825, 27.86475720944269], [85.10987687607201, 27.86709691500783], [85.11094900586586, 27.869345061507914], [85.11239929330173, 27.87317202963013], [85.11246238722714, 27.87331743251965], [85.11253936158462, 27.873457456474295], [85.11262964249438, 27.87359105745519], [85.11273255685377, 27.8737172393104], [85.1136595512277, 27.874756249857395], [85.11379001772522, 27.874888666589616], [85.1139343783913, 27.8750091611032], [85.11409126037502, 27.87511658747531], [85.11425917173187, 27.875209924060176], [85.11443651561287, 27.875288283206277], [85.11485552076253, 27.875451285641972], [85.11505596250913, 27.875518308140204], [85.11526323222324, 27.875566201792754], [85.11547502511517, 27.87559443403241], [85.11568898609106, 27.87560269092239], [85.11590273594483, 27.875590880647746], [85.1165410375139, 27.875525448811004], [85.11728501802077, 27.87565775886164], [85.11856293741722, 27.876361265563347], [85.12002184246124, 27.8773493788183], [85.12017048414847, 27.87744104727512], [85.12032771709646, 27.87752059687201], [85.12049229346029, 27.877587396272617], [85.12066290710703, 27.877640915330034], [85.12083820398279, 27.877680729294827], [85.12215300103087, 27.877924472604366], [85.12274684076492, 27.878967050216165], [85.12415690991922, 27.88303435219155], [85.12422022526955, 27.883190927542223], [85.12429949905666, 27.883341656657855], [85.12439405762849, 27.883485258551264], [85.12450309742434, 27.883620512801926], [85.12462569180263, 27.883746269928523], [85.12476079891495, 27.88386146115893], [85.12841780971496, 27.88670349610036], [85.12847857583814, 27.886748886958838], [85.13174164088218, 27.889091070996955], [85.13322973571663, 27.891686841774195], [85.13304950945302, 27.894707476405383], [85.13304855779901, 27.894880986208353], [85.13306636451001, 27.895053775310192], [85.1334283229583, 27.897345780548047], [85.13345662675562, 27.897485061762616], [85.13451455313462, 27.90173107681977], [85.13456168719082, 27.901886879018956], [85.13462429439845, 27.90203831922624], [85.13470187452323, 27.902184187274766], [85.13479380767434, 27.902323317520434], [85.13527764915322, 27.902985824628225], [85.13560109050401, 27.904728860899954], [85.13543870689391, 27.90629085023803], [85.13385116995676, 27.910100408240456], [85.1316404395328, 27.913717954048774], [85.13154682399947, 27.91389293063342], [85.13147486180115, 27.914075812887774], [85.13142538225563, 27.91426449349369], [85.13139895562739, 27.914456798308727], [85.13139588655136, 27.91465051141773], [85.13144386650457, 27.915725512129896], [85.13146140143806, 27.91590109217626], [85.13149813527987, 27.91607431526655], [85.13155371770236, 27.9162435289591], [85.13162761856735, 27.91640711905195], [85.13171913298028, 27.916563524982028], [85.13182738801179, 27.916711254712954], [85.1319513510228, 27.916848898969217], [85.13208983951378, 27.916975144681214], [85.1346338437077, 27.91907816984569], [85.13480874416382, 27.919207303078352], [85.13499879684073, 27.919318264267545], [85.13584359967575, 27.919753395138923], [85.1358802208448, 27.919816802226364], [85.13600403852624, 27.920002836264853], [85.1361520033466, 27.920174390182567], [85.1367720011118, 27.920810396990962], [85.136912047105, 27.920940360053237], [85.13706596442435, 27.921057292754778], [85.13723222366151, 27.921160033155765], [85.13740917275398, 27.921247560339754], [85.13759505340211, 27.921319004559603], [85.1377880185425, 27.92137365588118], [85.13819202457745, 27.921468657377574], [85.1383895939574, 27.921505891841278], [85.13859034907334, 27.921525519779664], [85.13879230623832, 27.92152734724667], [85.13899346988606, 27.921511356184944], [85.13919185229237, 27.921477704604282], [85.13938549321881, 27.921426725020066], [85.13957247928498, 27.9213589211672], [85.13975096287706, 27.921274963021897], [85.13991918040625, 27.921175680180752], [85.13996118527969, 27.921148120715948], [85.14005152104413, 27.92119749816168], [85.14070860490803, 27.921658921004934], [85.1411068154735, 27.922066273474428], [85.14126101960645, 27.922207644033858], [85.14143164024264, 27.922333256844414], [85.14161664769689, 27.9224416175911], [85.14212965255612, 27.922707621342738], [85.14230216277986, 27.922787492312423], [85.14248248216758, 27.922852342983035], [85.14266895766356, 27.922901578840083], [85.14285987976838, 27.92293474851623], [85.14460634744191, 27.923161681556913], [85.14606497106486, 27.923593077610935], [85.14607128730215, 27.924024483215767], [85.14608636367126, 27.92422170187451], [85.14612563287163, 27.9244162730367], [85.14615386616059, 27.9245012492135], [85.14613159888705, 27.92460966576932], [85.14611521428004, 27.924786246091973], [85.14611840237507, 27.92496340246219], [85.14614113254056, 27.92513942744368], [85.14618318579582, 27.9253126244963], [85.14624415691803, 27.92548132432784], [85.14632345834438, 27.925643900983268], [85.14675951996107, 27.92642969454299], [85.14677466476631, 27.926612838686772], [85.1466426129095, 27.92667694122916], [85.14648043450998, 27.92677479391484], [85.14632962859226, 27.926886073598975], [85.1461915991625, 27.92700974429218], [85.14606763129348, 27.92714465464385], [85.1459588791604, 27.927289548659868], [85.14552587254354, 27.927931543271175], [85.1454233223302, 27.928104114849607], [85.14534234830097, 27.928285511384164], [85.14528389716403, 27.928473612322584], [85.1452486523434, 27.928666218726114], [85.14522791956328, 27.92883760850159], [85.145045336165, 27.92919192178108], [85.14497139447404, 27.929356258315195], [85.1449159299263, 27.92952623683258], [85.14487947592852, 27.929700222905435], [85.14486238309748, 27.929876543563537], [85.14486481588514, 27.930053503380286], [85.14488675099376, 27.930229400775097], [85.14492797759628, 27.930402544375124], [85.14498809935996, 27.93057126927927], [85.14506653825411, 27.930733953067886], [85.14529724827415, 27.931154213808043], [85.14573951661195, 27.932740750415146], [85.14580638295453, 27.93293365234782], [85.146457444896, 27.93449537128974], [85.14651549621586, 27.934846326885538], [85.146560800384, 27.93504322931001], [85.1466304739445, 27.935234437292074], [85.14672365303626, 27.935417579757836], [85.14698164772295, 27.93585758308635], [85.14707953322024, 27.936006659565262], [85.14719300377517, 27.936146751198752], [85.1473210219081, 27.936276577035233], [85.14746241710851, 27.936394949985857], [85.1476158965371, 27.93650078767996], [85.14778005684684, 27.93659312236295], [85.14795339701523, 27.936671109746317], [85.14813433207007, 27.936734036728552], [85.14832120758354, 27.936781327916446], [85.14851231480148, 27.936812550887122], [85.14870590627015, 27.936827420142556], [85.14890021181682, 27.93682579972055], [85.14909345473835, 27.93680770443809], [85.14921085635744, 27.936786491850814], [85.1492979917721, 27.936852869345795], [85.14947447509577, 27.936973069100635], [85.14966469221359, 27.93707542041748], [85.15165758478611, 27.93801938059485], [85.15395196424129, 27.939814323711925], [85.15505034061346, 27.940793709387176], [85.15504761921936, 27.94087873864903], [85.15505338999903, 27.941075252117802], [85.15505923617077, 27.941113461731995], [85.1550420643508, 27.941150782011768], [85.15498713140761, 27.941311403370154], [85.15494924063685, 27.941475862620955], [85.15492871992642, 27.94164273695365], [85.15492574689118, 27.941810582657293], [85.15494034733366, 27.941977947610525], [85.15497034342225, 27.942191948046805], [85.1550053865777, 27.942369265173035], [85.15506014787583, 27.942542599606796], [85.15513408250308, 27.94271022657143], [85.15522645485083, 27.942870478075182], [85.15533634583208, 27.943021759509556], [85.1554626620244, 27.943162565517902], [85.15560414654847, 27.943291494975867], [85.15575939157347, 27.943407264934915], [85.15592685232582, 27.943508723390003], [85.15610486246072, 27.943594860744184], [85.15629165064475, 27.94366481985621], [85.15648535818339, 27.943717904570907], [85.15661254918274, 27.943740745342232], [85.15677517453936, 27.94423871224637], [85.15683735225343, 27.944400148098786], [85.15691641892909, 27.94455564822929], [85.15701166796734, 27.944703822833592], [85.15712224812697, 27.944843347574885], [85.15721408659127, 27.9449483080792], [85.15725203749146, 27.945241270717467], [85.15728600659806, 27.945422057459425], [85.15734044904879, 27.945598852237463], [85.15736408114978, 27.945653194783162], [85.15731325527412, 27.9457692587098], [85.15722725163592, 27.945999257527863], [85.15717485610575, 27.946165608509443], [85.15714060907787, 27.946335645798978], [85.15712482436271, 27.94650781174595], [85.15712764664694, 27.94668052919262], [85.15714905016483, 27.946852215921762], [85.15718883893112, 27.94702129915093], [85.1572466485331, 27.947186229940577], [85.15732194946608, 27.947345497384056], [85.15741405198122, 27.947497642449374], [85.15752211240196, 27.94764127134602], [85.15764514085096, 27.947775068294263], [85.15778201031674, 27.94789780757994], [85.1579314669773, 27.948008364784236], [85.15809214168607, 27.948105727085665], [85.15871623453988, 27.948446214638544], [85.15912702639781, 27.948789156838252], [85.15927364549836, 27.949122218467153], [85.15927364501614, 27.949147984791722], [85.15928079907319, 27.949299310126484], [85.15930221656227, 27.949449569892543], [85.15933774669912, 27.94959770581256], [85.15952204034052, 27.950233778182273], [85.1595091320482, 27.950310610000717], [85.15949965456619, 27.950495542422672], [85.15951156106254, 27.950680364071168], [85.15954472636734, 27.950863130280663], [85.15963449803269, 27.951235172774055], [85.15969642659886, 27.952429004538434], [85.15960983456247, 27.952698007853016], [85.15956036562255, 27.9528912889486], [85.15953506422274, 27.95308822148957], [85.15953465841821, 27.953185300070277], [85.15951959474468, 27.953204801259208], [85.15942200873577, 27.95336295077901], [85.1593426836059, 27.953528958528317], [85.15928241143435, 27.953701167060533], [85.15924179408206, 27.953877857011626], [85.15922123717925, 27.95405726426583], [85.15919822977473, 27.954454263939716], [85.1591977999879, 27.954632025569442], [85.1592170665007, 27.954808962451636], [85.15925584249119, 27.954983358001687], [85.15931375185812, 27.95515352028208], [85.15939023286637, 27.955317798417642], [85.15949969974606, 27.955523589251005], [85.159285285467, 27.955894028218957], [85.15920537094964, 27.956049864264475], [85.15914244837701, 27.9562117238822], [85.15909708424009, 27.956378150050394], [85.15906968697927, 27.956547644633652], [85.15906050330484, 27.95671868186831], [85.15906961597322, 27.95688972209695], [85.15910161045105, 27.957188722565384], [85.15912990255386, 27.95736265967168], [85.1591771131255, 27.957533328702812], [85.15924279457954, 27.957699111289813], [85.15932632417156, 27.95785843539228], [85.15942690990148, 27.95800979020599], [85.1595435980213, 27.958151740490155], [85.1596752820773, 27.95828294017826], [85.15982071340075, 27.958402145143474], [85.1599785129478, 27.958508224997452], [85.16014718437651, 27.958600173810655], [85.16032512823664, 27.958677119652496], [85.16051065713786, 27.958738332860612], [85.16071666007707, 27.958796333762155], [85.16090970488399, 27.958841552191263], [85.16110681473529, 27.958869735501104], [85.16130608773454, 27.958880611753234], [85.16150560111026, 27.95887407600363], [85.1617034297712, 27.95885019131535], [85.16189766488424, 27.95880918814998], [85.16206955215345, 27.958756624187387], [85.16210644374516, 27.958788498736965], [85.16225049372838, 27.95889204303405], [85.16240456734117, 27.958983505830915], [85.16256738350323, 27.959062126625767], [85.16383638770814, 27.959609873406908], [85.16403826499042, 27.95979331808958], [85.1641710188422, 27.95990361937479], [85.1643143425458, 27.96000294595196], [85.16446708931997, 27.96009050305732], [85.16462803697544, 27.960165590099052], [85.1647958976945, 27.96022760626374], [85.16541092891933, 27.96042667068848], [85.16542451193743, 27.960456201873985], [85.16551042901725, 27.96060294938328], [85.16611541152737, 27.961529831751108], [85.16608988883036, 27.961623263726352], [85.16606182600643, 27.96180493796452], [85.16605467099063, 27.96198820288509], [85.16606849775697, 27.962171166464156], [85.16610316366281, 27.962351939779456], [85.1661583109172, 27.962528656511893], [85.1662333702706, 27.962699492214046], [85.16633016100974, 27.962890508383296], [85.16629673259233, 27.963406341222626], [85.16629444053926, 27.963568413808435], [85.16630853497001, 27.963730015347693], [85.16633890227192, 27.963889842365504], [85.16638529757296, 27.964046605694577], [85.16647929324866, 27.964314607003214], [85.1665417291482, 27.96446787224072], [85.16661948358698, 27.964615511286745], [85.16671192248594, 27.964756320045304], [85.16681829199578, 27.964889150121532], [85.16697229099462, 27.96506415188573], [85.16709762719385, 27.965193482007862], [85.16723615883649, 27.965311725339866], [85.16738664780098, 27.965417825051937], [85.16754774908192, 27.965510832848043], [85.1677180228117, 27.965589917442664], [85.16789594713048, 27.965654371991466], [85.16807993178942, 27.96570362040984], [85.16816806261063, 27.965723228258998], [85.16824359692949, 27.965793456781622], [85.16840157823877, 27.965913105345837], [85.16845188707549, 27.965943929524705], [85.16854209967231, 27.966078907936282], [85.1686581494654, 27.966219571798153], [85.16878894657542, 27.966349635823057], [85.16893327010838, 27.966467885910202], [85.16908977289259, 27.966573218233943], [85.16925699405385, 27.96666464954875], [85.16943337265262, 27.966741326368567], [85.16945808119758, 27.966749550479886], [85.16955555740981, 27.96709119432204], [85.1696113587577, 27.967254071676493], [85.16968419798606, 27.967411555935506], [85.16977342698917, 27.967562245686157], [85.16987825180324, 27.967704799972537], [85.16999773966994, 27.967837950229455], [85.17013082733534, 27.967960511572112], [85.1702763305107, 27.968071393341113], [85.17043295441091, 27.968169608809173], [85.17059930527661, 27.968254283962878], [85.17111127856622, 27.968487117683118], [85.17158349209743, 27.968905889500025], [85.17172879985876, 27.96902287507514], [85.17188613143405, 27.969126881102287], [85.1720540217626, 27.96921693906388], [85.17223090744682, 27.96929221032629], [85.17241514131189, 27.96935199395043], [85.17260500774597, 27.969395733219752], [85.17279873867813, 27.969423020825296], [85.17299453004516, 27.969433602659127], [85.1737874888461, 27.969442422768427], [85.1740190047322, 27.969485127214515], [85.17411172335238, 27.969625999715802], [85.17422713053001, 27.96976777735544], [85.17435745575166, 27.969898969217077], [85.17450147466046, 27.970018342750773], [85.1746578342334, 27.97012477643618], [85.17572984189172, 27.970783785294138], [85.17590592678664, 27.970880634149154], [85.1760921989999, 27.970961070446762], [85.17628672432672, 27.971024258948155], [85.1786520475366, 27.971673322335025], [85.17881073799998, 27.971768453666712], [85.17884498997309, 27.97181627753254], [85.1786554805488, 27.972458917517386], [85.17861625092607, 27.97262256971587], [85.17859426077695, 27.972788744091247], [85.1785896991873, 27.972956012366332], [85.1786026054449, 27.973122936855308], [85.17863286869888, 27.973288082820723], [85.17901274080596, 27.974888784470377], [85.17898792322679, 27.975518300693345], [85.17812401413366, 27.977576942412174], [85.17804511242852, 27.97781311117162], [85.1779697972666, 27.978112068854255], [85.17733522299179, 27.978902906638005], [85.1772304733445, 27.979047572056853], [85.17714170960384, 27.97920043192299], [85.17706973783186, 27.979360098237212], [85.17701521162506, 27.979525121190168], [85.17697862617746, 27.97969400232632], [85.17696031378112, 27.979865208149768], [85.17696044080607, 27.98003718404851], [85.17732231673386, 27.986680189448812], [85.177339255109, 27.986841172533204], [85.17737235608202, 27.987000163873248], [85.1774213540496, 27.987155887379597], [85.17831331575114, 27.989567899741388], [85.17839175542782, 27.989747158190816], [85.17849123774576, 27.989917990066264], [85.17861063322796, 27.990078455655585], [85.17894509965015, 27.99047971555401], [85.17910159555734, 27.991245040478606], [85.18182456290612, 27.991245040478606], [85.18182456290612, 27.990953148586716], [85.18413951461827, 27.990953148586716], [85.18413951461827, 27.991245040478606], [85.18655068493325, 27.991245040478606], [85.18653553469684, 27.99120031079936], [85.18572462904591, 27.98923146102755], [85.18436111293761, 27.9839246986469], [85.18430716094895, 27.983753908164715], [85.18423458334854, 27.983588644148014], [85.18414408130171, 27.983430503007767], [85.18403652910871, 27.983281012342946], [85.18380038156518, 27.98298583470046], [85.18364635327929, 27.982085502014794], [85.18368888247197, 27.981731295175774], [85.18402760087626, 27.98113918566592], [85.18411878330359, 27.98095502990456], [85.18418631292758, 27.980763009562597], [85.1844866262824, 27.979705021660934], [85.18485686240514, 27.97903169794673], [85.18492511033281, 27.978893134645947], [85.18498005091189, 27.978749985217526], [85.18552466540991, 27.977108666666293], [85.18672415506882, 27.977990814674488], [85.18687389502078, 27.97809097070192], [85.18703339192872, 27.97817845384002], [85.18720128917646, 27.978252519981186], [85.18790429781514, 27.978527524089333], [85.1880772933385, 27.978586984749086], [85.18825567431152, 27.978632197644597], [85.1884379552714, 27.97866278626561], [85.18862261827343, 27.978678495885234], [85.18880812553358, 27.978679195681515], [85.18899293223612, 27.978664879826983], [85.18997194808757, 27.978548877924652], [85.1901752175145, 27.978515376430114], [85.19037360278939, 27.978463719651582], [85.19056505202089, 27.978394441875086], [85.19074758506716, 27.978308259639384], [85.19091931401873, 27.97820606432381], [85.19107846272665, 27.97808891292761], [85.19178946405928, 27.97750890593546], [85.1919339871121, 27.977378407129923], [85.19206288002823, 27.977235585373606], [85.19217481745942, 27.977081909309288], [85.19226864842632, 27.976918959188684], [85.19234340815203, 27.976748410621514], [85.19239832798, 27.976572017344015], [85.19258731486163, 27.97581801468038], [85.19261729328149, 27.97566929308096], [85.19263315498576, 27.975518866524755], [85.19263478887032, 27.9753677892397], [85.19260577394142, 27.97456978968038], [85.19259161197904, 27.97440758324836], [85.19256105385652, 27.974247168160133], [85.19251434797647, 27.974089848029095], [85.19245187396169, 27.9739369013119], [85.1923741395683, 27.97378957091965], [85.19199713191172, 27.97315157578061], [85.1918996201628, 27.973004013771703], [85.19178680858428, 27.97286531213625], [85.19165971096119, 27.972736717252285], [85.19112271052306, 27.972242722867403], [85.19099175796798, 27.97213249649999], [85.19085031124699, 27.972033014770172], [85.19069948497669, 27.971945061586908], [85.19054046767475, 27.971869330013316], [85.19037451239508, 27.97180641680602], [85.18967852171801, 27.971574420348755], [85.18949493090953, 27.971521901247385], [85.1893065599819, 27.97148506725882], [85.18842819979024, 27.97135174390208], [85.18845951509982, 27.971187325579603], [85.18847334118381, 27.971010811971624], [85.18846763207128, 27.970833944660136], [85.18844244273409, 27.970658423718568], [85.18839801538817, 27.970485936270805], [85.18833477716166, 27.970318140274685], [85.1882533359861, 27.970156648586144], [85.18802333101355, 27.96975465157198], [85.18790909220922, 27.96957994976821], [85.18777357877246, 27.96941767726801], [85.18708757555365, 27.968685684934126], [85.18688764642899, 27.968500803917678], [85.18563964930031, 27.967499816069704], [85.1854651229589, 27.967374644830926], [85.18527612324179, 27.967267312490637], [85.18507495252555, 27.967179126539875], [85.18486406143079, 27.967111161231184], [85.18257218891628, 27.9664973023028], [85.18143674757941, 27.96594662297834], [85.18050173335632, 27.965298989155695], [85.18050173335632, 27.965850445884012], [85.18017102596887, 27.965850445884012], [85.18017102596887, 27.966434229667797], [85.18050173335632, 27.966434229667797], [85.18050173335632, 27.967309905343473], [85.18017102596887, 27.967309905343473], [85.18017102596887, 27.96701801345158], [85.17917890380652, 27.96701801345158], [85.17917890380652, 27.966726121559688], [85.17884819641907, 27.966726121559688], [85.17884819641907, 27.966434229667797], [85.17851748903162, 27.966434229667797], [85.17851748903162, 27.966142337775903], [85.17818678164417, 27.966142337775903], [85.17818678164417, 27.96555855399212], [85.17785607425672, 27.96555855399212], [85.17785607425672, 27.96526666210023], [85.17752536686928, 27.96526666210023], [85.17752536686928, 27.964974770208336], [85.17719465948183, 27.964974770208336], [85.17719465948183, 27.964682878316445], [85.17686395209438, 27.964682878316445], [85.17686395209438, 27.964390986424554], [85.17653324470693, 27.964390986424554], [85.17653324470693, 27.96409909453266], [85.17587182993202, 27.96409909453266], [85.17587182993202, 27.96380720264077], [85.17521041515712, 27.96380720264077], [85.17521041515712, 27.96351531074888], [85.17554112254457, 27.96351531074888], [85.17554112254457, 27.962931526965093], [85.17487970776968, 27.962931526965093], [85.17487970776968, 27.961763959397526], [85.17521041515712, 27.961763959397526], [85.17521041515712, 27.96175984330841], [85.174922153383, 27.961625826187362], [85.17421062403456, 27.96093935368456], [85.17248644486621, 27.958696116757068], [85.17242663522866, 27.958417314882343], [85.17238005816985, 27.958246120738664], [85.17231491074021, 27.95807977281564], [85.17223181341983, 27.957919855238472], [85.17213155761496, 27.957767890889706], [85.17201509811913, 27.957625326907795], [85.17188354401877, 27.957493520907217], [85.17173814813009, 27.957373728051234], [85.17158029506801, 27.957267089100352], [85.17141148806057, 27.957174619550308], [85.17123333463441, 27.95709719996285], [85.17121823550639, 27.957092191478857], [85.17115807946305, 27.95695775769191], [85.17106478553399, 27.956797867463496], [85.17095401171163, 27.956647028451098], [85.17071700963902, 27.956357031240103], [85.17058327117515, 27.956210207959607], [85.17043298764803, 27.95607659675281], [85.17026780438326, 27.955957660363875], [85.17008952980686, 27.955854700876085], [85.17002434322488, 27.955825153915466], [85.16999806089663, 27.95578650406941], [85.16988063868418, 27.955646464534695], [85.16974852715022, 27.955517155055524], [85.16960296269642, 27.955399785761458], [85.16944530760871, 27.95529545503739], [85.16927703730833, 27.9552051392456], [85.16767605392417, 27.954437150282324], [85.1674614143338, 27.95434812029229], [85.16723656634413, 27.954281872413805], [85.166707383406, 27.95415582909744], [85.16668694498803, 27.954109938467518], [85.16657666582482, 27.95392705810546], [85.1659637803222, 27.953037627853504], [85.16608943104427, 27.95258463802301], [85.16612340539196, 27.952435247256805], [85.16614306405756, 27.952283843773717], [85.16614826690694, 27.952131507295533], [85.16613165927475, 27.950894122970354], [85.16639215069243, 27.948699160254556], [85.16640333809639, 27.948513996433203], [85.16639307078852, 27.948328790575363], [85.16636145726618, 27.948145497832225], [85.16630883136706, 27.94796605314926], [85.16623574874053, 27.947792350840267], [85.1661429809778, 27.947626224590735], [85.16599873492179, 27.94739815884385], [85.16585555863713, 27.94693919822919], [85.1657971081829, 27.946780697113986], [85.16572243052823, 27.946627664451018], [85.16563216349681, 27.94648140715915], [85.16552707803864, 27.946343174289616], [85.16487908949053, 27.945570350514547], [85.16471583077238, 27.94530088309549], [85.16463523650785, 27.944715858438578], [85.16460193174106, 27.944543709213413], [85.16455004331351, 27.944375225398378], [85.16448005735259, 27.944211985192627], [85.16415173372705, 27.943545154926166], [85.16374021793958, 27.942228378702335], [85.16368437241822, 27.942076215402878], [85.16361356734731, 27.941929043971516], [85.16291418802268, 27.94063710301401], [85.16246401082299, 27.939084086064064], [85.16240493864113, 27.938915091886386], [85.16232751587931, 27.938752047447405], [85.16223248687959, 27.93859652008623], [85.1621207652207, 27.938450004874166], [85.16199342493374, 27.938313910243775], [85.16185169017591, 27.938189544450854], [85.16146751622725, 27.93788401000706], [85.16138529813513, 27.937764781258842], [85.1612588349239, 27.937617681882955], [85.16111607401754, 27.937482858098413], [85.16095851671061, 27.93736172767816], [85.15982676151737, 27.93657805372526], [85.15981664771674, 27.936424574289568], [85.1597981069635, 27.936265099038494], [85.15976370367437, 27.936107714345784], [85.15939868060548, 27.934760719523663], [85.15930757103175, 27.93450792287443], [85.15901056154114, 27.933853926884687], [85.1589095920107, 27.933664210143956], [85.1587845102436, 27.933486184763474], [85.1573983763279, 27.931747269296586], [85.15724841084365, 27.931465263074823], [85.15715325186416, 27.931307166478785], [85.15704090288963, 27.93115823451574], [85.15691371280174, 27.931021272244287], [85.15691450233963, 27.931016831916107], [85.15692597312534, 27.93083619524708], [85.15691702310318, 27.93065544621388], [85.15688774231968, 27.930476401293383], [85.1568384251365, 27.930300859827817], [85.15676956726807, 27.930130585942383], [85.15668186079641, 27.929967290817103], [85.1565761872126, 27.929812615491038], [85.15645360855547, 27.929668114371616], [85.15631535673664, 27.929535239614875], [85.15616282115887, 27.929415326533366], [85.15579382289556, 27.92915332987805], [85.15564205278068, 27.929055414735014], [85.15548076330923, 27.928970347401506], [85.15531132898496, 27.928898852808295], [85.15513519371154, 27.92884154022003], [85.15429120576923, 27.9286055438892], [85.1541293820923, 27.928566731615835], [85.15396450739993, 27.928539897479162], [85.15379770358314, 27.928525224072132], [85.1533596955372, 27.928502843372986], [85.15343077976024, 27.92837883364419], [85.15350245391261, 27.928239457861384], [85.15356055868496, 27.92809518446182], [85.15371873135894, 27.927642729175375], [85.15382416853845, 27.92752004207782], [85.15393871293095, 27.927372027827378], [85.15403612584387, 27.927214634260263], [85.15411544255547, 27.92704942023501], [85.15417587758387, 27.926878022058474], [85.15421683246375, 27.926702137278596], [85.15423790167026, 27.926523507870964], [85.15423887663172, 27.92634390298565], [85.1542228707404, 27.926027903223556], [85.15420305372814, 27.92584493526197], [85.15416238612566, 27.925664706643573], [85.15410128988543, 27.925489086902605], [85.15389163139952, 27.92497993942046], [85.15387073022934, 27.923419544379342], [85.15384884425576, 27.923175975411134], [85.15366782467193, 27.92209297803027], [85.15362901414659, 27.921919679856007], [85.15357131114763, 27.92175058321185], [85.15349526885248, 27.92158730891169], [85.1534016162139, 27.92143142195445], [85.15329125097027, 27.921284416524255], [85.15316523103849, 27.921147701669593], [85.15302476437213, 27.92102258779864], [85.1522247660976, 27.920376595611998], [85.15205712323849, 27.920255056779983], [85.1518758794154, 27.920150043714894], [85.15168309040583, 27.920062747518514], [85.15148094292049, 27.919994158338024], [85.15115611949913, 27.919901223436057], [85.15030468398837, 27.919244927398776], [85.150143560387, 27.91913285120949], [85.14997056177815, 27.919035740446237], [85.14978744321122, 27.918954580269904], [85.14959606238624, 27.918890194025284], [85.1493983608097, 27.918843234889536], [85.14919634410086, 27.918814179246933], [85.14899206164817, 27.91880332185666], [85.14895434527753, 27.918804696247033], [85.14895343471537, 27.918803865532308], [85.14849343537641, 27.918419870106415], [85.1483179678337, 27.918289127913663], [85.14812705043565, 27.91817675724932], [85.14792310898241, 27.918084185872367], [85.14474607481759, 27.9168373132025], [85.14442666407415, 27.916579743996188], [85.14429146103865, 27.91647984818375], [85.14414703969456, 27.91639071198821], [85.14121921419732, 27.914745781876697], [85.14035180458129, 27.91403955524957], [85.1401630803467, 27.913903424453135], [85.13995740307583, 27.913788291945153], [85.1396683640884, 27.913647212372695], [85.13964225015127, 27.913520671121667], [85.14015716803426, 27.912472387131746], [85.14256823781115, 27.910392831499443], [85.14271275610491, 27.910254417670146], [85.14284020699873, 27.91010335027444], [85.14294919595687, 27.909941282340707], [85.14303853047647, 27.909769987261235], [85.14310723313345, 27.909591339385866], [85.14421817570879, 27.906118323919305], [85.1442671185376, 27.905925849022456], [85.14429211533957, 27.905729777851672], [85.14429286742428, 27.905532454308364], [85.14426936593263, 27.90533623725268], [85.1436833082651, 27.90212424570278], [85.14363769649427, 27.901937488745638], [85.14357011241023, 27.901756063465335], [85.14348131387823, 27.901582004015662], [85.14337229660804, 27.901417261954798], [85.14324428298617, 27.90126368436568], [85.14309870836775, 27.901122993148174], [85.14119871188201, 27.899471437964852], [85.1405850878403, 27.89855943913289], [85.14051633689328, 27.898182499695082], [85.14043260897508, 27.896678843825036], [85.14106136818292, 27.895472241512056], [85.14112563218083, 27.89533420048211], [85.141176826566, 27.895191910456543], [85.1413638164851, 27.894586907847316], [85.14140399408069, 27.894429733292583], [85.14142822827023, 27.89427000078744], [85.14143632583968, 27.894108984309774], [85.14143631270949, 27.893405984321163], [85.14142676728729, 27.893231257375803], [85.14139822728566, 27.893058172283578], [85.1413509609281, 27.89288835518171], [85.14110394899656, 27.89215535862727], [85.14103887333331, 27.89199143228357], [85.14095635027788, 27.891833828504996], [85.14062830265556, 27.891278878191702], [85.14050479541332, 27.889396956669348], [85.14048832272148, 27.889249897680184], [85.14045836347766, 27.889104529219317], [85.14033435504557, 27.88861653098249], [85.14027662326603, 27.888434386568747], [85.14019774446653, 27.88825861424511], [85.14009858588541, 27.888091146330094], [85.13998023768839, 27.8879338238408], [85.13984400098091, 27.887788376255518], [85.1396913735025, 27.88765640250275], [85.13553240195297, 27.884419420134574], [85.13395995665117, 27.882692746533074], [85.13379402855848, 27.88253155681045], [85.13191044488043, 27.88091064085088], [85.13040450623303, 27.877829736665092], [85.13026192688781, 27.87582895825925], [85.13024003066313, 27.875655399685602], [85.13019935897401, 27.875484534398502], [85.13014029276373, 27.875317962407404], [85.13006338521787, 27.87515724351155], [85.12996935658127, 27.8750038826945], [85.12985908741123, 27.87485931603209], [85.12874707886989, 27.873543328945647], [85.12861249338958, 27.873400116007858], [85.12846198843042, 27.87327001619784], [85.1282971726176, 27.873154420000812], [85.12811980751091, 27.873054562885777], [85.12652473845145, 27.87225607037451], [85.1239839973033, 27.87076347805307], [85.1237370957158, 27.87063951914993], [85.12089630111352, 27.86943744153691], [85.12012327979902, 27.8688152960842], [85.11996651019327, 27.868701239928335], [85.11979773293749, 27.868601632678644], [85.11961862779556, 27.86851746566379], [85.1178745616674, 27.867794363529306], [85.11742963951951, 27.86746344445526], [85.11457239472651, 27.862520038137472], [85.11446002969517, 27.861910311566138], [85.11442618426393, 27.861764599104443], [85.11437894905671, 27.861621859425167], [85.11431864514492, 27.861483062614717], [85.11371465161481, 27.860247077481947], [85.11408762736042, 27.860033836894214], [85.11424660732871, 27.859933018325208], [85.11439395435887, 27.859819092650085], [85.11452830552338, 27.85969311368547], [85.11464841811966, 27.859556246737597], [85.11475318116455, 27.85940975782207], [85.11484162566981, 27.859255001952235], [85.11491293360346, 27.859093410604434], [85.11525791938064, 27.858185405869914], [85.11531263930398, 27.858013845118876], [85.11534804269408, 27.857838322454413], [85.11536378401897, 27.857660551418103], [85.11535970970087, 27.857482267492998], [85.11533585961192, 27.857305211160813], [85.11529246668104, 27.85713111091066], [85.11522995461632, 27.85696166636526], [85.11514893376524, 27.856798531689144], [85.11505019515306, 27.856643299440996], [85.11493470275805, 27.856497485027642], [85.11480358409875, 27.856362511911414], [85.1146581192253, 27.85623969771528], [85.11449972822265, 27.856130241361278], [85.1139637319285, 27.85579624582437], [85.11380681957961, 27.855707701626265], [85.11364145551427, 27.855632280013026], [85.11346902513867, 27.855570612853686], [85.11329097305128, 27.855523216783958], [85.11310879094145, 27.855490488878516], [85.11286179489105, 27.855456489424654], [85.11266016511986, 27.85543783517873], [85.11245744741666, 27.855437141773532], [85.11225566205158, 27.855454416119574], [85.11205682000454, 27.85548948606186], [85.11186290292686, 27.85554200209531], [85.11167584339498, 27.855611440847444], [85.11034371596818, 27.856176908798723], [85.11025437754998, 27.85616551730497], [85.11003696328986, 27.856148327873854], [85.10981872914012, 27.856151978239332], [85.10960219651527, 27.856176426226167], [85.1076484826691, 27.85649261921399], [85.10716254860748, 27.856504277601584], [85.10617993362862, 27.856288101386152], [85.10598229873052, 27.856253763067425], [85.1027733502844, 27.85584176969732], [85.1025951198316, 27.85582597847136], [85.10241601707922, 27.85582420755222], [85.10223743545804, 27.855836470717847], [85.09966047722332, 27.856115466174042], [85.0995104525444, 27.85613679614492], [85.09936264208368, 27.856168035790596], [85.09406291612252, 27.85747599045624], [85.09277492071975, 27.856763550513257], [85.09158285678951, 27.85509965783317], [85.09148630308388, 27.854976506221437], [85.09137856946168, 27.854860911569112], [85.09126040114604, 27.85475367343982], [85.08961140349994, 27.85337668982434], [85.08946279166331, 27.853264045574573], [85.08930269124457, 27.853164612609945], [85.08819270065398, 27.85254362118684], [85.08801462315917, 27.852454777836314], [85.08782740643996, 27.852382281434238], [85.08763294401645, 27.852326865207385], [85.08743320268128, 27.85228908963312], [85.08723020261013, 27.85226933677152], [85.08606322185184, 27.85220833775816], [85.0858777620849, 27.852206184805336], [85.08569285494708, 27.852219081754118], [85.0855100431371, 27.852246921003957], [85.0853308518747, 27.852289470289037], [85.08515677617736, 27.852346374615745], [85.08498926838891, 27.85241715922408], [85.08482972606376, 27.85250123354808], [85.08308229353194, 27.85352070192283], [85.08143663845294, 27.853067737971344], [85.08064012487478, 27.8525791016518], [85.07913468599067, 27.851098106856092], [85.07900873339075, 27.850984691752764], [85.07887201594508, 27.850881594084665], [85.07872559959449, 27.850789617648896], [85.07857062588798, 27.85070947953447], [85.07741363821162, 27.850170487324753], [85.07723983507344, 27.85009859947303], [85.07705917941799, 27.85004160013777], [85.0768732814115, 27.849999997345908], [85.07668379793785, 27.84997416189665], [85.07649241783295, 27.849964324057176], [85.07563943196656, 27.84995632418351], [85.07539270922568, 27.849967366883853], [85.07514932100513, 27.85000495795741], [85.07348934626161, 27.850354952390227], [85.07320997396187, 27.85043315154925], [85.07099470111743, 27.851213354064324], [85.06858103711843, 27.851897548299075], [85.06837425952604, 27.851967401709608], [85.06249533102492, 27.854286367086765], [85.06235801400165, 27.854346125249887], [85.06222614496328, 27.85441489695183], [85.06020692396513, 27.85556086962358], [85.06010581713984, 27.855578136685153], [85.05990144250849, 27.855515979346798], [85.05953411375008, 27.855272641588193], [85.05874307706094, 27.854302762967485], [85.05859436396737, 27.85414102085807], [85.05814, 27.85370142710391], [85.05814, 27.861750901051252]], [[85.18149385551867, 27.967309905343473], [85.18149385551867, 27.967601797235364], [85.18182456290612, 27.967601797235364], [85.18182456290612, 27.96818558101915], [85.18116314813122, 27.96818558101915], [85.18116314813122, 27.967893689127255], [85.18083244074377, 27.967893689127255], [85.18083244074377, 27.967601797235364], [85.18050173335632, 27.967601797235364], [85.18050173335632, 27.967309905343473], [85.18149385551867, 27.967309905343473]]], [[[85.25061169949562, 28.091072067505635], [85.25094240688307, 28.091072067505635], [85.25094240688307, 28.093990986424554], [85.25061169949562, 28.093990986424554], [85.25061169949562, 28.09518743946947], [85.25068271625385, 28.095197429404706], [85.2507123806092, 28.09522214982279], [85.25085149827628, 28.095328032895704], [85.25100079684384, 28.09542238393339], [85.25115906470366, 28.095504437230208], [85.25132501744791, 28.095573526881232], [85.25149730829366, 28.095629092187135], [85.25217821834957, 28.09581836042583], [85.25436559251322, 28.09695876538305], [85.25453208606484, 28.09703661240104], [85.25470597797954, 28.097100486152016], [85.25488578081847, 28.097149840268127], [85.25506995657422, 28.097184252579993], [85.25607782494794, 28.09732977006567], [85.25642944507078, 28.09745101829169], [85.25660682304736, 28.097503993717005], [85.25678893928067, 28.097542294177472], [85.25697425334371, 28.09756559570884], [85.25716119775672, 28.097573701215122], [85.25834958953115, 28.09757670387425], [85.25877956899575, 28.0977320374758], [85.25886688197079, 28.097839297530978], [85.25900124247642, 28.097987268860525], [85.25915240005818, 28.09812189530456], [85.26025540261375, 28.099005906060654], [85.26044936309022, 28.099143262026157], [85.26066073816615, 28.09925865752886], [85.26146498265321, 28.099639803614394], [85.26171237125277, 28.100504030015145], [85.26176885612252, 28.100668183513676], [85.26184267035057, 28.10082683685693], [85.2619331464437, 28.100978555201806], [85.26203946621054, 28.101121966418795], [85.26216066815958, 28.101255773502253], [85.26300966559555, 28.10210678275961], [85.26315180018551, 28.10223566477123], [85.26330772577943, 28.10235133022962], [85.26347588665674, 28.102452625072832], [85.26365460500357, 28.10253853862004], [85.26383194747032, 28.102613884261217], [85.26390927381313, 28.102709922461763], [85.2640374739339, 28.102840576048767], [85.2652844727141, 28.10399458915244], [85.26542981498471, 28.10411648939022], [85.26558795210897, 28.104225147756157], [85.26655595892613, 28.10482515581278], [85.26672681583341, 28.10492024316639], [85.26690744912065, 28.10499986612846], [85.26709608432002, 28.10506324250758], [85.26723470384393, 28.105102969200512], [85.26748264546144, 28.10534565479118], [85.26762505326437, 28.105471887562544], [85.2677808316918, 28.105585024755683], [85.26794845593724, 28.105683958921688], [85.26812628522667, 28.105767721635953], [85.26858992473001, 28.105960669556097], [85.26885948004448, 28.106319582503335], [85.2690804480558, 28.10685312558654], [85.26916806161499, 28.107033635136343], [85.26927729078972, 28.107204627664387], [85.2694068404836, 28.107364075611276], [85.26955517462775, 28.107510088300014], [85.27073017481875, 28.10854710036149], [85.27087634418837, 28.1086641777195], [85.27103459290568, 28.108768178402183], [85.27120343879064, 28.10885812830375], [85.27207544795903, 28.109273134286525], [85.27226587693019, 28.109352801669907], [85.27246456969799, 28.109414598251153], [85.27253364315342, 28.10942918804885], [85.27308205922327, 28.11038460251118], [85.27317628997157, 28.110531346509244], [85.27328557709701, 28.110669638962904], [85.27340896382465, 28.11079826909464], [85.27354536992306, 28.110916110718364], [85.2736936011615, 28.1110221321004], [85.27385235976516, 28.111115404993562], [85.27402025577793, 28.11119511276508], [85.27419581923246, 28.111260557547403], [85.27429651480514, 28.111288605224505], [85.27431063467668, 28.11144799803659], [85.27434795509086, 28.1116292864517], [85.27440593217725, 28.11180625521187], [85.27448396149762, 28.111977059031396], [85.27458122951465, 28.11213991689917], [85.27469672207138, 28.11229313065065], [85.27482923496348, 28.112435102676415], [85.27488607940262, 28.11248469478437], [85.27486111121074, 28.11281550686917], [85.27485844206939, 28.1130134172512], [85.27488023228149, 28.113210396644416], [85.2749262198892, 28.113404075801604], [85.27514520769601, 28.114127078904048], [85.27521533742589, 28.114316255857258], [85.27530854767063, 28.114497430685095], [85.27542370366487, 28.1146683975006], [85.2755594034243, 28.11482707469417], [85.27585340221067, 28.115134077958036], [85.27597695155292, 28.11525200256225], [85.276111859893, 28.115359698331833], [85.27625705417212, 28.11545630863128], [85.2764113795053, 28.115541064999235], [85.27677838319657, 28.115723067598896], [85.27695104682589, 28.11579940411947], [85.27713108683966, 28.115860903006507], [85.27731688556159, 28.115907011683593], [85.27750677356516, 28.115937315857025], [85.27769904467564, 28.11595154323882], [85.2778919713025, 28.115949565993663], [85.27808381996442, 28.115931401887604], [85.27827286686727, 28.115897214128477], [85.27845741339503, 28.11584730989919], [85.27874441732557, 28.115756308484755], [85.2789303382853, 28.11568798877152], [85.27910774054826, 28.115603724097497], [85.27919439941022, 28.1155521973569], [85.27922453982814, 28.115596923239284], [85.27946949118495, 28.115921355372482], [85.27946467487796, 28.115954647808955], [85.27945898302191, 28.116133942103833], [85.27947339292851, 28.11631285187463], [85.27950776235653, 28.116489609858174], [85.27956175190127, 28.11666247003809], [85.27963482834365, 28.116829724892472], [85.2797262699138, 28.11698972226147], [85.27979326248322, 28.117082708835166], [85.2798290186848, 28.117230323507613], [85.27988921274243, 28.11739758114887], [85.2799674526399, 28.11755886169461], [85.28006299799176, 28.1177126387824], [85.28017494462225, 28.11785745705649], [85.28030223312027, 28.117991945942318], [85.28044365886431, 28.118114832618918], [85.28059788342216, 28.11822495406614], [85.28076344721764, 28.118321268072815], [85.28093878334458, 28.118402863101664], [85.28112223239727, 28.11846896691725], [85.28131205817662, 28.118518953895578], [85.28150646412405, 28.11855235094598], [85.28160236288223, 28.118560372797905], [85.28211702500354, 28.11882445469191], [85.2823093657249, 28.119037326378805], [85.28244887501958, 28.119176378948563], [85.28260379476012, 28.119301954210318], [85.28277247752942, 28.119412716756287], [85.28295312953269, 28.11950748869813], [85.28314382967396, 28.11958526219454], [85.28334254998715, 28.11964521017032], [85.28354717720441, 28.119686695113046], [85.28375553523223, 28.11970927585355], [85.2839654082962, 28.119712712258167], [85.28415241028074, 28.119707219355593], [85.28417752496468, 28.119731544499558], [85.28432476663801, 28.119860356189463], [85.28448599365986, 28.119975253965322], [85.28465954105624, 28.1200750512615], [85.28484361660325, 28.120158717454196], [85.28503631933667, 28.12022538850615], [85.28523565918536, 28.120274375890947], [85.28543957752547, 28.12030517370452], [85.2856420567567, 28.12032643659822], [85.28574149235101, 28.120538826524758], [85.28573460128855, 28.120632144145333], [85.28574286110627, 28.120820157502298], [85.28577315579314, 28.1210063866394], [85.28582515615967, 28.121188807252896], [85.28589829706897, 28.121365436427595], [85.28599178357534, 28.121534354192036], [85.28610459956138, 28.121693724389708], [85.28649859570835, 28.122190729089205], [85.28661771667414, 28.122326709540843], [85.28675091191313, 28.122452007194646], [85.28689696912654, 28.12256548158994], [85.28705455893285, 28.122666099878135], [85.28743456202402, 28.122885102885796], [85.28760810485055, 28.1229746465132], [85.28779075423571, 28.123048596370264], [85.28798073295746, 28.123106232901197], [85.28817619246693, 28.123146995283182], [85.28837523087762, 28.123170486884085], [85.28866916301092, 28.123192167415464], [85.28867834948507, 28.123196437217914], [85.28871825525742, 28.123310621645096], [85.28878962583927, 28.12346358774542], [85.2888765059015, 28.123610112659975], [85.28897816452675, 28.12374896357936], [85.28909374644627, 28.123878972255977], [85.2892222792346, 28.12399904483407], [85.28951327951708, 28.124247047768556], [85.289672315345, 28.124369209424042], [85.28984472669991, 28.124476163094332], [85.29002867122455, 28.124566765869627], [85.2909070911011, 28.124948159546015], [85.29264657548948, 28.126627618202168], [85.29277696557571, 28.126742615268366], [85.2929185314758, 28.12684670965387], [85.29307011757616, 28.12693905160627], [85.2932304864555, 28.1270188873097], [85.29518020662245, 28.127889220646452], [85.29547405663155, 28.12808724315914], [85.29586588552499, 28.128641921644483], [85.29623952400904, 28.129501155082288], [85.29632510846315, 28.12967124829189], [85.2964300122076, 28.12983261615423], [85.29655311802088, 28.129983539978795], [85.29669311479928, 28.130122412305223], [85.29684851151949, 28.130247754025547], [85.29748971475503, 28.130713665169857], [85.29760086669833, 28.131190280070264], [85.29752628028396, 28.13159168904123], [85.29750311821562, 28.13177325770639], [85.29750078613642, 28.131955972056616], [85.29751930805938, 28.132137958977136], [85.29755849420879, 28.132317352801277], [85.29761794296141, 28.13249231443683], [85.29769704495985, 28.13266105022045], [85.29779498935578, 28.132821830306636], [85.29837598077047, 28.133669837553644], [85.29849670246008, 28.133826781066407], [85.29863536490447, 28.133971606549036], [85.29879043188026, 28.1341027094279], [85.29949154951726, 28.134635914959777], [85.3014784232665, 28.13705182611186], [85.30228092164631, 28.138538730537014], [85.3025867341024, 28.13943791788861], [85.3026525550203, 28.13960225934223], [85.30273596330163, 28.139760202130574], [85.30283618016418, 28.139910271401824], [85.30295226985774, 28.140051065820302], [85.30524525718339, 28.142567091813728], [85.30536707971963, 28.142689060169012], [85.30550081398334, 28.142800794444238], [85.30564537034105, 28.142901384227674], [85.30630537476988, 28.143319389803054], [85.30647231896353, 28.143414579239565], [85.30664892751444, 28.143494906083287], [85.30727073569226, 28.143744568086532], [85.30808281020157, 28.144420022623773], [85.30823267764487, 28.144533112125654], [85.30839416421377, 28.14463284665885], [85.3085657608079, 28.144718294181327], [85.30874586383419, 28.14478865616447], [85.30920987002345, 28.14494665857252], [85.30937849679809, 28.144996704651927], [85.30955140711066, 28.145033517627425], [85.30972728188355, 28.1450568166642], [85.30990235809952, 28.14507311982787], [85.30995581465717, 28.145176277820493], [85.31004018022192, 28.145321392600327], [85.31013899519026, 28.145459156197628], [85.31097998690397, 28.146522166240665], [85.31108802465282, 28.146646802611873], [85.31120788784199, 28.146762634093285], [85.31133866729708, 28.14686878205678], [85.31205167004818, 28.14739878872014], [85.3121938268674, 28.1474953471922], [85.3123450071067, 28.147580459368665], [85.31633798182136, 28.14961562481051], [85.3178741217442, 28.150586162850196], [85.3202769270861, 28.152332514980966], [85.3204345992303, 28.152436254232867], [85.3206028130146, 28.15252604950933], [85.32078000392261, 28.15260106563377], [85.32096452393147, 28.152660604887412], [85.32115465684143, 28.152704113499624], [85.32249943824694, 28.152951215686954], [85.32320326191034, 28.15329791276272], [85.32375897021554, 28.153712343067735], [85.32415574574277, 28.154182274519144], [85.32431654536069, 28.15435027663212], [85.32652554328762, 28.156391299846426], [85.32666374193178, 28.156507571185966], [85.32790174597979, 28.15745558296001], [85.32802959555389, 28.15754580211319], [85.32816519682142, 28.15762664404677], [85.32909381876637, 28.158133511825262], [85.33035647548454, 28.159542434237196], [85.33048017158681, 28.159668071705745], [85.33061642383116, 28.1597830549688], [85.330764069098, 28.15988640243838], [85.33195007699018, 28.160640412483904], [85.33208031407125, 28.16071668409367], [85.33221676113092, 28.1607838898716], [85.33316348135912, 28.161208938711415], [85.33337718563601, 28.16151013612098], [85.33358453361194, 28.16198377289315], [85.33367350865224, 28.162158789158045], [85.33378295658048, 28.16232443995081], [85.33391163917257, 28.162478851067217], [85.33479733615908, 28.16343114344395], [85.33494236940481, 28.16396410331611], [85.33500347924941, 28.164146069101815], [85.33508582187827, 28.164321338642672], [85.33518848608195, 28.164487972179536], [85.33531033573105, 28.16464412552191], [85.33545002234699, 28.164788070459636], [85.33658702118727, 28.165842082429364], [85.33673315895898, 28.165964790294698], [85.33689225449208, 28.16607411127183], [85.33706275294226, 28.16616897693992], [85.33724298800773, 28.166248460150957], [85.33743119821554, 28.166311784092056], [85.33888186086126, 28.166728403633247], [85.33888374298344, 28.166751728089373], [85.33890728453005, 28.166925068491558], [85.33894961694124, 28.167095581883927], [85.3390103441011, 28.16726167237242], [85.33908889772358, 28.167421785451396], [85.33918454266868, 28.167574422553486], [85.33929638382014, 28.16771815507613], [85.33951665974688, 28.167973831468263], [85.33996353134862, 28.17303229610373], [85.33992951600723, 28.175684494678787], [85.33993207863416, 28.175797799363316], [85.34005863845444, 28.177975893291404], [85.33999495613217, 28.178358466230947], [85.33948097337269, 28.179646541069967], [85.3392520322374, 28.17985472632548], [85.3384259640618, 28.18033727711855], [85.33826615385095, 28.180440843348627], [85.33811844736296, 28.18055766951083], [85.33798424043665, 28.180686651620334], [85.33786480135605, 28.180826570816837], [85.33776125886462, 28.180976104881402], [85.33767459149753, 28.181133840730208], [85.33760561833273, 28.181298287767024], [85.33755499124831, 28.181467891968335], [85.33752318875948, 28.18164105056815], [85.33747018106183, 28.182056049820734], [85.33745765246941, 28.182223606416734], [85.33746275480617, 28.18239146958038], [85.33748544397741, 28.18255818592982], [85.33752552361722, 28.182722312005925], [85.33758264678586, 28.182882426770206], [85.33765631897103, 28.18303714390884], [85.33774590236709, 28.18318512383629], [85.33785062139532, 28.183325085294477], [85.33796956941737, 28.183455816447086], [85.33840356812942, 28.183889821181072], [85.33855864048401, 28.184028923656793], [85.33872978668072, 28.18415234523275], [85.33891499781579, 28.18425863715811], [85.33935400211813, 28.184481640326933], [85.33953996620743, 28.18456520415586], [85.33973459818259, 28.184631483737885], [85.33993585817782, 28.184679784417305], [85.34014163685114, 28.184709599968997], [85.34034977749467, 28.184720617904777], [85.34055809864171, 28.184712722748955], [85.34076441693358, 28.1846859972488], [85.34096657000615, 28.184640721507066], [85.34106999452634, 28.184612495106208], [85.34135442027207, 28.184861539071935], [85.34136372368069, 28.184880526972925], [85.34140227762855, 28.185096255909592], [85.34144817267516, 28.185286211827737], [85.34151684566412, 28.18547069645548], [85.3416075009973, 28.185647572173803], [85.341719088353, 28.185814789517877], [85.34185031485207, 28.18597041092577], [85.34203931441185, 28.186171044806162], [85.34232407090735, 28.186784984316816], [85.34240843174085, 28.186944295103565], [85.34250990346159, 28.18709556877995], [85.34262752131067, 28.187237366983695], [85.34276016699313, 28.187368341443285], [85.34300812717863, 28.187590374344143], [85.34310239200855, 28.187747867269017], [85.34316143158566, 28.188187317895135], [85.34319951766076, 28.18838058375498], [85.34326105696552, 28.188569044680307], [85.34334532232792, 28.188750473375958], [85.34348798020054, 28.189015662984367], [85.34347749506031, 28.189089430866584], [85.3434713089931, 28.189256002641933], [85.34348249283588, 28.18942236983486], [85.34351095128706, 28.18958711358023], [85.34358094579777, 28.18989611459405], [85.34362633524769, 28.190057529712636], [85.3436883072473, 28.190214556230906], [85.3437663353141, 28.190365859952], [85.34385975653505, 28.190510155298174], [85.34396777719734, 28.190646216234626], [85.34408947953062, 28.190772886687487], [85.34422382950416, 28.190889090367573], [85.34436968561188, 28.19099383991615], [85.34523120308239, 28.1915562984602], [85.34537448550472, 28.191872807636937], [85.34546014384603, 28.19203754128722], [85.34556403287255, 28.192193825357357], [85.34568510328516, 28.1923400812337], [85.34582010647853, 28.19248706599891], [85.34595702024048, 28.192959667344905], [85.34600400167834, 28.193098444382517], [85.34606339700024, 28.193233435214538], [85.34669169049762, 28.194507688526617], [85.34668858008524, 28.194535673316118], [85.34668819002056, 28.194709149546483], [85.34670660206075, 28.19488185759133], [85.34674364616369, 28.19505220158544], [85.34679898011825, 28.1952186075007], [85.34687209270334, 28.195379537690943], [85.34709001727433, 28.195799695366187], [85.34722360423612, 28.196524738971227], [85.34726681291286, 28.196702431266665], [85.34732997832903, 28.196875371594395], [85.34772996427552, 28.19780737707719], [85.34781107152834, 28.19797137161174], [85.34791012224655, 28.19812743893821], [85.34802614152657, 28.1982740428507], [85.34815798742571, 28.1984097402879], [85.34830436220088, 28.198533195538744], [85.3486423633281, 28.198791198749348], [85.34879983395025, 28.19889995548739], [85.34896856654301, 28.19899453193214], [85.34914693997762, 28.19907401940897], [85.3492667407608, 28.19911493989043], [85.3493207341103, 28.199186932229118], [85.34976093039845, 28.200198219792664], [85.34968190398207, 28.200940551540654], [85.34967290761821, 28.201106741414012], [85.34968122609783, 28.2012729591082], [85.34970678879523, 28.20143779180557], [85.34974937850997, 28.2015998384544], [85.34980863331027, 28.201757721677783], [85.349904604419, 28.201978823561436], [85.3499551235212, 28.20292983648276], [85.34997299229461, 28.20309802059616], [85.35000853411555, 28.203263987874994], [85.35006143764606, 28.20342628410868], [85.35013123941867, 28.203583487246064], [85.3509792164041, 28.205258498578072], [85.35106714147788, 28.205412093834326], [85.35117119309254, 28.205557565362767], [85.35129042375038, 28.205693588406994], [85.35142374771148, 28.205818924249833], [85.35153221520224, 28.205903134816264], [85.35155734973286, 28.205954933065364], [85.35164929521417, 28.206103982654046], [85.351756651774, 28.206244714555627], [85.35187846845652, 28.206375882102552], [85.35191322641896, 28.206406846358643], [85.35184660734973, 28.20670095062745], [85.35181939560914, 28.206855566215793], [85.35180762185968, 28.207008878829054], [85.35177249567501, 28.207049583029647], [85.35167471372253, 28.207186924004453], [85.35142270934658, 28.207578920826087], [85.35132391738945, 28.207754051813957], [85.35124712226407, 28.207937632436803], [85.35119322787263, 28.208127502167425], [85.35116286861395, 28.208321426451853], [85.35113800961236, 28.208584435222473], [85.35095351743779, 28.208839568715874], [85.35085492607735, 28.208991718409006], [85.350773477383, 28.20915162929055], [85.3507099411097, 28.20931779022802], [85.35066491775174, 28.20948863101985], [85.35063883286546, 28.209662537232983], [85.3506319330443, 28.209837865458617], [85.3506442835853, 28.21001295884209], [85.35067576786838, 28.210186162740087], [85.35072608845492, 28.210355840357295], [85.35079476989526, 28.210520388214658], [85.35088116321857, 28.210678251303055], [85.35098445206307, 28.210827937779197], [85.35110366038838, 28.210968033064837], [85.35123766169758, 28.211097213215883], [85.35128539385556, 28.211135082505002], [85.35136058751755, 28.211338813759426], [85.35143634177648, 28.211512998311004], [85.35153200252464, 28.211679319626096], [85.35164654641032, 28.211835998291516], [85.35177874804211, 28.21198135805008], [85.35181623626146, 28.212018472069786], [85.35204824334721, 28.21424287985599], [85.35199487863183, 28.215249334106186], [85.35200264203294, 28.21551264703408], [85.35201414571137, 28.21561507837241], [85.35195988597357, 28.215681230558353], [85.351858703035, 28.215834181237447], [85.35177494958519, 28.215995187563248], [85.35170943386743, 28.2161626959344], [85.35166278815282, 28.21633509000196], [85.35163546263627, 28.216510706265453], [85.35162772108892, 28.216687850124018], [85.35163071628344, 28.216941850180497], [85.3516426278335, 28.217118765963242], [85.35167407309415, 28.217293793825597], [85.3517247488849, 28.217465245706663], [85.35179416654962, 28.217631468026347], [85.35188165666624, 28.217790857634185], [85.35198637550006, 28.2179418772717], [85.35210731313884, 28.218083070399864], [85.35224330323123, 28.21821307524799], [85.35239303423451, 28.218330637948796], [85.3525550620635, 28.21843462463295], [85.35272782401836, 28.218524032366144], [85.35290965385724, 28.218597998823462], [85.35307744430371, 28.218657601622375], [85.35355866816074, 28.219326665966847], [85.35367534400056, 28.219472421665003], [85.35380772041401, 28.219607243519327], [85.35443402979024, 28.22018471101841], [85.35448839315339, 28.220287369722225], [85.35457582841747, 28.220434453051933], [85.35467817194547, 28.220573786650625], [85.35479455548462, 28.220704188377045], [85.35492399165247, 28.22082455186616], [85.3550653823132, 28.220933855916684], [85.35521752789413, 28.22103117315623], [85.35525843582428, 28.221054879398654], [85.35526079728605, 28.2210991570531], [85.35528118305385, 28.22128237545341], [85.35532253781155, 28.22146280092679], [85.35538443126678, 28.221638555710182], [85.35556642458009, 28.22207555821597], [85.35564886180867, 28.222245984704344], [85.35575060633063, 28.222408020054885], [85.35587058427322, 28.222559953915827], [85.35600752928643, 28.22270018255414], [85.35615999590786, 28.222827225785007], [85.35617087945846, 28.22283458600059], [85.35617680728986, 28.222846259602612], [85.3562608094812, 28.222993334404062], [85.35635961127223, 28.223133007624682], [85.35647238855135, 28.223264114163687], [85.35659820061855, 28.22338556037631], [85.35673599803141, 28.223496333197357], [85.3568846313588, 28.22359550859277], [85.35739610117314, 28.223905402869615], [85.35741027983067, 28.22393356944824], [85.35750729162412, 28.224085060919055], [85.35762033896638, 28.22422756431838], [85.35779476651732, 28.224426312316634], [85.35780243045588, 28.224461730110214], [85.35785693903514, 28.224626727615], [85.35790492003908, 28.22473314097117], [85.35790190948835, 28.224769923661302], [85.35790820756196, 28.22495479299168], [85.35793583589168, 28.225138120650023], [85.35798450439275, 28.225317981065075], [85.35820110176681, 28.225969177127915], [85.35813592546732, 28.226951086388638], [85.35813519758048, 28.227151310697625], [85.35819997779842, 28.2282476965634], [85.35817701650856, 28.22828801186405], [85.35810505702456, 28.22845266497623], [85.35805160794543, 28.228622757993204], [85.35801718093995, 28.228796662894375], [85.35800210561544, 28.228972715166442], [85.35798917559893, 28.229400574832674], [85.35780523646437, 28.23015515952298], [85.3577740252299, 28.23031978095706], [85.35776216618986, 28.230461774281814], [85.35775794150678, 28.230466745490357], [85.35764248480076, 28.230617955490416], [85.35754486567751, 28.230778721803325], [85.3574660829446, 28.2309473996541], [85.35740694270946, 28.231122263318266], [85.35736805012897, 28.231301523776615], [85.35734980321443, 28.23148334701766], [85.35735238875553, 28.231665872801017], [85.3573757804049, 28.231847233689262], [85.35738398188403, 28.231891035844598], [85.35730756678004, 28.231958660258215], [85.35718044608683, 28.23209578569351], [85.35706914301551, 28.23224330359011], [85.35697473340201, 28.23239978815426], [85.35689812981556, 28.23256372692105], [85.35684007273608, 28.23273353537173], [85.35679935419235, 28.23287786455275], [85.3563213837588, 28.233473098318868], [85.35620741720787, 28.23363195856377], [85.35611275218767, 28.233800467134994], [85.35603841843266, 28.23397679121728], [85.35598522455318, 28.234159012979433], [85.35595374923649, 28.234345150432983], [85.35594522514278, 28.234423151207313], [85.35588615149078, 28.234464079534533], [85.35575016603872, 28.234577534921044], [85.3556264848941, 28.234701543473783], [85.35551614770932, 28.23483506283208], [85.35521414412561, 28.235238059175064], [85.35511516823944, 28.235384766129307], [85.3550323055958, 28.235539106818965], [85.35496629934495, 28.235699697177154], [85.3549177414842, 28.235865097086133], [85.35487173804258, 28.23605909643937], [85.35483791570974, 28.236254307373265], [85.35482838213541, 28.23645162261776], [85.35484325162938, 28.23664867907784], [85.35488234624309, 28.236843116745053], [85.35493273025989, 28.237032861815308], [85.35488911612316, 28.237120288121258], [85.354825723425, 28.237292106014152], [85.3547820566841, 28.237468678254714], [85.35475855407026, 28.23764823344112], [85.35475545146791, 28.23782897023741], [85.35477278010572, 28.238009075444516], [85.35481036623919, 28.238186742190788], [85.3548678328896, 28.238360188059282], [85.3549446036222, 28.23852767297011], [85.35503660127716, 28.238702674191774], [85.35509752070223, 28.23880519939159], [85.35494743656665, 28.23915016195021], [85.35488782293078, 28.239308696721565], [85.35484502210595, 28.239471434927058], [85.3548194010936, 28.23963698143839], [85.35481117961903, 28.239803917045766], [85.35482042824526, 28.23997081062433], [85.35486198328417, 28.24035559770084], [85.35465347809918, 28.24196076275695], [85.3546402360057, 28.242148351158352], [85.35464909766783, 28.2423361420026], [85.35467996707743, 28.242522098305123], [85.35473250950218, 28.24270420297053], [85.35480615511183, 28.242880480672817], [85.35490010515473, 28.243049019282918], [85.35501334061819, 28.243207990611108], [85.35682832311304, 28.245484012264082], [85.3569529678211, 28.245624925981023], [85.35709276338413, 28.245754212232953], [85.35724633454095, 28.245870599098787], [85.35909008699869, 28.247133169631386], [85.36024076160435, 28.248163800806367], [85.36040548298993, 28.248296058095487], [85.36058549527938, 28.248411637676725], [85.36088017843798, 28.248579920140156], [85.36091012027447, 28.24870154880405], [85.36097366730947, 28.24887409804284], [85.36105646507174, 28.2490401228238], [85.36115767621128, 28.24919794393238], [85.36127627712763, 28.24934596512087], [85.3617615667908, 28.249891297988803], [85.3617151548043, 28.25063431495866], [85.36159747703434, 28.250686263906022], [85.36142483106966, 28.250782679504958], [85.36126394207916, 28.250893903206222], [85.36111642383754, 28.25101881942221], [85.36089742352426, 28.251223817104343], [85.36075890739885, 28.25136791265426], [85.3606381922952, 28.251524059421943], [85.36053660549197, 28.25169054065595], [85.36045526397822, 28.251865525974708], [85.3603950621697, 28.25204709148932], [85.36035666207104, 28.25223324095469], [85.36034048599302, 28.2524219277166], [85.36033648311441, 28.252573927666173], [85.36034133507744, 28.25274735350854], [85.36036497020876, 28.25291956569421], [85.36040717019304, 28.253088972864983], [85.36046754515819, 28.253254009575617], [85.36054553727502, 28.253413150760174], [85.36064042590928, 28.25356492582542], [85.3607513342785, 28.25370793224109], [85.36087723755215, 28.253840848501415], [85.36101697232061, 28.253962446337997], [85.36116924734516, 28.254071602071225], [85.36133265549002, 28.25416730699519], [85.36154165745083, 28.254277308546207], [85.36172559211813, 28.254363189717374], [85.36179760220662, 28.254388892852706], [85.36164426320823, 28.255258647718616], [85.36162232550261, 28.255448508830614], [85.36162315503826, 28.25563935980286], [85.36164674265831, 28.255829066128157], [85.36169282467297, 28.25601550609023], [85.3617608858035, 28.256196594493804], [85.36185016494025, 28.2563703059868], [85.36192487186038, 28.256497375578597], [85.3620671280654, 28.257362122544055], [85.36210156581134, 28.25752109582868], [85.36215195316106, 28.25767669742967], [85.36221788479214, 28.257827675457452], [85.36229883031469, 28.257972815216252], [85.36252282617244, 28.258332818087222], [85.3626274413226, 28.258483065302144], [85.36274813291779, 28.258623545152158], [85.36280243603517, 28.25867534770169], [85.36284161671078, 28.25877386647265], [85.36291964245783, 28.258924360507812], [85.3630129195383, 28.259067888507023], [85.36312066263214, 28.25920324198622], [85.36324196460743, 28.259329281285257], [85.3633758041573, 28.259444945164528], [85.36386680546913, 28.259831949919317], [85.36400581393812, 28.259932170115643], [85.36415423044762, 28.26002118805602], [85.36431090691356, 28.260098315124868], [85.36447463134701, 28.260162954689445], [85.3647291224225, 28.260251767343927], [85.36485077509242, 28.26032908501872], [85.36491683130079, 28.260427938773546], [85.36502557697607, 28.260574021870035], [85.36514978846107, 28.260710094803294], [85.36528829830982, 28.26083487858262], [85.36543980466793, 28.26094720032335], [85.36560288350867, 28.261046004272334], [85.36577600201808, 28.261130361732498], [85.36590418623211, 28.26118583370726], [85.36607362044214, 28.261363247746225], [85.36620470615699, 28.261488043875076], [85.36634850328078, 28.261601335154104], [85.36650372940214, 28.261702111200126], [85.36666900016859, 28.261789473243944], [85.36684284163327, 28.261862642146912], [85.36702370340124, 28.261920965350587], [85.36720997245814, 28.26196392269734], [85.36739998755742, 28.26199113107004], [85.36816029143262, 28.262067591017694], [85.36893313927557, 28.26236565038043], [85.37005119399271, 28.26530669097066], [85.37011677398381, 28.26545671731949], [85.3701971835874, 28.265600977067468], [85.37029178390058, 28.26573832387987], [85.37115877415113, 28.266879334393124], [85.37127406390465, 28.267016544282036], [85.37140350556068, 28.267143476462714], [85.37154593677907, 28.267258991083242], [85.37170007856075, 28.267362050818072], [85.3732805605346, 28.26831812591526], [85.37352828446654, 28.268727553209697], [85.37396912467175, 28.27116978676183], [85.3740134620165, 28.271353467903264], [85.37434426756207, 28.272442979816027], [85.37425537937978, 28.273101922071497], [85.37362268962772, 28.274449216180034], [85.37355941236252, 28.27460337894675], [85.37351220743564, 28.2747619913719], [85.37348146487584, 28.274923743168095], [85.37338045124947, 28.27565774174518], [85.37336572518812, 28.27584848052918], [85.37337387490815, 28.27603952833048], [85.3734048090654, 28.276228740992988], [85.37354979757615, 28.276872743098657], [85.37360235313399, 28.277055676955683], [85.37367620536708, 28.277232750611407], [85.37412274238339, 28.278152267749917], [85.37413428462068, 28.27822986161058], [85.37366973013138, 28.27932411123743], [85.37359806729599, 28.27952920669624], [85.37355442353822, 28.279740384630806], [85.37345240979882, 28.280480383193698], [85.37343794258823, 28.280657236836845], [85.37344315095628, 28.280834493805827], [85.3734679847177, 28.281010442842604], [85.37351220421901, 28.281183385307884], [85.37357538264834, 28.281351651580316], [85.37365691015266, 28.28151361717597], [85.37375599972236, 28.281667718432125], [85.37387169478662, 28.281812467604322], [85.3740028784463, 28.28194646723055], [85.37414828425543, 28.282068423623986], [85.37430650844699, 28.282177159364046], [85.37447602348529, 28.28227162466485], [85.37465519281388, 28.282350907511603], [85.3748422866566, 28.282414242466675], [85.3750354987193, 28.282461018060516], [85.37523296363075, 28.282490782695927], [85.37543277495435, 28.28250324900863], [85.37563300359652, 28.282498296642025], [85.37924506369156, 28.282251292413275], [85.37945275570293, 28.282227536695846], [85.37965659845476, 28.282185044406607], [85.37985444080645, 28.282124263965304], [85.38004419494865, 28.28204583678487], [85.38022385843833, 28.28195059050173], [85.38039153533248, 28.28183953024061], [85.38054545619724, 28.2817138280062], [85.38068399678096, 28.281574810313696], [85.38143899211373, 28.28073380170995], [85.38155577249087, 28.280589710106828], [85.381656012619, 28.28043616736965], [85.38173874455394, 28.28027465625717], [85.38180316943904, 28.280106736471787], [85.38184866521705, 28.279934029596767], [85.38187479263422, 28.279758203435964], [85.38188129947866, 28.27958095590764], [85.38186812301234, 28.27940399864766], [85.3817811106191, 28.27873699994363], [85.38175013621372, 28.278569298368307], [85.3817014813886, 28.27840491912085], [85.38163557760618, 28.27824531961827], [85.38155300925413, 28.27809191489325], [85.38145450846163, 28.277946065048845], [85.38134094860627, 28.277809063200497], [85.3803582855488, 28.27673361214095], [85.38035490910657, 28.276690422531484], [85.38052174466385, 28.276188033109815], [85.38056162917081, 28.27604722869634], [85.38058860102299, 28.275904041777718], [85.38071921896359, 28.274983845405988], [85.38138177665157, 28.27336319146636], [85.38143583191498, 28.273209995849996], [85.38147429891573, 28.273053154133756], [85.38149687346917, 28.27289390685158], [85.38150337709428, 28.272733513558716], [85.38148934971211, 28.27128951384229], [85.38147525719722, 28.27109263083972], [85.38143697501681, 28.270898285807913], [85.38137496076713, 28.270708801144032], [85.38018491361461, 28.267698817653486], [85.38012608629658, 28.267566891747617], [85.38005573873804, 28.267439463347465], [85.37975217332334, 28.266940310021212], [85.37981973874156, 28.266875225382368], [85.37994473680222, 28.266742600260734], [85.38005484022797, 28.266600001916316], [85.38014904033936, 28.266448736799745], [85.38022647417029, 28.266290190758873], [85.38028643237247, 28.266125816341145], [85.38032836571188, 28.26595711948505], [85.38035189009773, 28.265785645722598], [85.38035679009853, 28.26561296601943], [85.3803430209125, 28.26544066238202], [85.38031070877469, 28.26527031336407], [85.38006469113361, 28.264269316918927], [85.38001409235788, 28.264102370669292], [85.37994568626583, 28.26394047599058], [85.37986010048283, 28.26378511807961], [85.37975812022836, 28.26363772215972], [85.37964068111029, 28.263499640406962], [85.3795088605402, 28.26337213954647], [85.37936386784831, 28.2632563892329], [85.3792070331887, 28.263153451321454], [85.37903979533695, 28.263064270127806], [85.37886368849168, 28.26298966376631], [85.37868032820136, 28.262930316645896], [85.37624091887871, 28.26225610953717], [85.3761074018284, 28.262140052387192], [85.37550905484056, 28.260747386548676], [85.37543296176383, 28.26059250525684], [85.37534084867006, 28.26044460072967], [85.37523352244739, 28.26030496847223], [85.37466751809391, 28.259637975080256], [85.37454332482915, 28.259505315390367], [85.37440540895226, 28.259383747377854], [85.37425502775284, 28.259274379261388], [85.37409355214187, 28.259178208041817], [85.37392245415474, 28.259096110414568], [85.37374329353281, 28.2590288347786], [85.37205598169268, 28.258477799005263], [85.37084963317405, 28.257377182500136], [85.37070199672578, 28.257255201043424], [85.37054145324021, 28.257146753265676], [85.36938057073749, 28.256440273480436], [85.36919736403506, 28.256206085972458], [85.3691339580801, 28.256057273531624], [85.36924078081884, 28.255744664086492], [85.3692900692356, 28.25556912111509], [85.36931926337039, 28.25539009085305], [85.36932807001732, 28.25520937197556], [85.36931640080118, 28.25502878011405], [85.36909052879692, 28.253171804293768], [85.36919856677038, 28.25260576800852], [85.36922408837317, 28.252402530070704], [85.36922347998328, 28.252198040060957], [85.36919674956063, 28.25199492356894], [85.36906975430128, 28.25135024118204], [85.36907209828753, 28.251345513742596], [85.36914531148636, 28.251174894609736], [85.3691986871465, 28.250998599561537], [85.3692316793795, 28.250818431944356], [85.36924395080788, 28.250636234708573], [85.36923537601199, 28.25045387155648], [85.36920604280871, 28.250273207878312], [85.36915625134897, 28.25009609167123], [85.36908651104318, 28.249924334636745], [85.36899753534675, 28.249759693649644], [85.36889023445893, 28.24960385278817], [85.36876570600955, 28.249458406108964], [85.36871989155576, 28.24941484763501], [85.36870423291957, 28.249371673965488], [85.36862950590674, 28.249216916834516], [85.36853882246324, 28.24906899721364], [85.36843297141088, 28.248929201697457], [85.36831287348768, 28.248798746212902], [85.3682568194413, 28.248748293148196], [85.36779475998839, 28.247694718075827], [85.36771205659018, 28.247530804982848], [85.36761137130046, 28.247374979223466], [85.36723036637152, 28.24684798391354], [85.36711178271825, 28.246700764189086], [85.3669771569459, 28.246564792222696], [85.36682784078455, 28.24644143320364], [85.36625088325059, 28.24601056438808], [85.36554885215844, 28.245118169322605], [85.36527794355088, 28.244473567645933], [85.36519492470222, 28.244303340860284], [85.36509261974558, 28.244141556002493], [85.36497210875481, 28.24398992096706], [85.36483466398131, 28.2438500364943], [85.36468173642146, 28.243723379273508], [85.3645149404982, 28.243611286355783], [85.364336037018, 28.24351494104107], [85.36414691458376, 28.243435360388176], [85.3639495696591, 28.243373384479643], [85.3636979619801, 28.243307038902334], [85.3634194148249, 28.243084112742437], [85.36324965924246, 28.242962239469627], [85.36306614340509, 28.242857163836703], [85.36287097757516, 28.242770094096333], [85.3626664059593, 28.242702031450964], [85.3624547809049, 28.242653758541614], [85.36203564414272, 28.242579112203178], [85.36154174223367, 28.242037174542798], [85.36151275257977, 28.241938305703517], [85.36143424619743, 28.241755096339837], [85.36143166480184, 28.24175061071323], [85.36156539080147, 28.240921076317857], [85.36158477111734, 28.240724593305536], [85.36157982375278, 28.24052741061485], [85.3615578400379, 28.240380284441574], [85.36159039963985, 28.240316605000753], [85.36165586917129, 28.240144146948232], [85.36170139731964, 28.23996672731733], [85.3617265214156, 28.239786149481716], [85.36173098619074, 28.23960424890749], [85.36171474636805, 28.239422874496487], [85.36167796711793, 28.239243869793288], [85.36154760596527, 28.23875173731831], [85.36173447302097, 28.23799771712405], [85.36181430067136, 28.237887364780388], [85.3619074350643, 28.237724387687305], [85.36198148926735, 28.237553907689303], [85.36203570470751, 28.23737767130731], [85.36206952606352, 28.237197484026265], [85.36208260695119, 28.2370151917978], [85.3620887690434, 28.236590013780155], [85.36219518715933, 28.23635240898777], [85.36225621962456, 28.23619542394909], [85.36230070275687, 28.23603413567239], [85.36232826011897, 28.23586990932742], [85.3623386585398, 28.235704134945998], [85.36233379004695, 28.235586184755586], [85.36249143083938, 28.235351934708437], [85.36257832859043, 28.235208461162216], [85.36265027191772, 28.23505863545898], [85.3627066753235, 28.23490367706024], [85.36277813801077, 28.23467204088207], [85.36332301550212, 28.234009626465227], [85.36342541260123, 28.233872410561418], [85.3635132780659, 28.23372750788347], [85.36358588209627, 28.233576122073963], [85.36364262167056, 28.23341951062289], [85.3636830255521, 28.233258974421695], [85.36370675820157, 28.2330958469569], [85.36371362256175, 28.232931483233276], [85.3637046050114, 28.23200448341278], [85.3636901744065, 28.231805075220564], [85.36365094095531, 28.231608302056863], [85.36355716801255, 28.231253877633705], [85.36356817126662, 28.23105380837324], [85.36416339098291, 28.22881457872589], [85.36420521245878, 28.22859982015744], [85.36421213754797, 28.228477158771195], [85.36448105201859, 28.228365795972405], [85.36466163054428, 28.228280991335733], [85.3648317073174, 28.22818059007412], [85.36498957093895, 28.22806560249431], [85.36513363292175, 28.22793718567724], [85.36526244367519, 28.227796631833286], [85.36564244037717, 28.227336627373937], [85.36575411104127, 28.227186241790907], [85.36584831180944, 28.227026751591765], [85.36592410564867, 28.226859743390136], [85.3659807386498, 28.226686878581546], [85.36601764752434, 28.226509876815005], [85.36603446520462, 28.226330498885293], [85.3660310244915, 28.22615052921636], [85.3660073597137, 28.225971758109882], [85.36596370638223, 28.22579596393581], [85.36590049884379, 28.225624895441893], [85.36581836595613, 28.225460254358186], [85.36573036400583, 28.225305255509117], [85.36563480438961, 28.22515524074103], [85.36552353329635, 28.22501397791021], [85.36539756436703, 28.22488275379714], [85.36525804511437, 28.22476276373394], [85.36510624646934, 28.224655100717097], [85.36494355120371, 28.224560745452333], [85.36477144133465, 28.224480557422307], [85.36459148462578, 28.224415267058585], [85.36445315755059, 28.22437826532676], [85.36447137587393, 28.22422842583545], [85.36447222597681, 28.22404220852542], [85.36445140588577, 28.223856904841117], [85.36440913739435, 28.22367448780996], [85.36434587066289, 28.223496899713876], [85.36426227942101, 28.22332603140956], [85.36421699145926, 28.223254674875772], [85.36425384181914, 28.222879398140297], [85.36426146571625, 28.22271187777982], [85.36425150493008, 28.222544453537004], [85.36422404551016, 28.222378570390976], [85.364179324528, 28.222215660013696], [85.36411772802812, 28.222057128414065], [85.36407413728412, 28.22197167856012], [85.3640786987364, 28.221945871567623], [85.36409033294736, 28.221774166988546], [85.36408345779218, 28.221602261152395], [85.3640581358204, 28.22143171583648], [85.36401459716973, 28.221264080450496], [85.36395323747216, 28.221100877960275], [85.36387461425677, 28.220943591052208], [85.36377944188183, 28.22079364866369], [85.36366858504279, 28.22065241300214], [85.36354305091474, 28.22052116717043], [85.36340398000095, 28.220401103511037], [85.36325263577093, 28.220293312774967], [85.36309039318166, 28.22019877421349], [85.36291872618665, 28.220118346682934], [85.36266628769263, 28.22001339328072], [85.36261817235788, 28.219928693302634], [85.36251433944193, 28.219782605708723], [85.3623952234849, 28.219645973593835], [85.3622619144112, 28.21952004709397], [85.36211563199436, 28.21940597838843], [85.36195771469593, 28.21930481115887], [85.36178960741914, 28.219217471041084], [85.36161284828917, 28.219144757156883], [85.36142905458098, 28.21908733480334], [85.36123990792355, 28.21904572936656], [85.36104713891558, 28.219020321515224], [85.36085251129353, 28.219011343718215], [85.36073994902107, 28.219015699505427], [85.35983609451216, 28.218053644773267], [85.35970577913116, 28.217927589698245], [85.35956258544708, 28.217813019674352], [85.35940779788054, 28.217710962343126], [85.35938709215586, 28.217699839878417], [85.35935481547871, 28.217660797865744], [85.35922044292721, 28.217514886877833], [85.35907429707838, 28.217386271842685], [85.35904358519954, 28.21722845756354], [85.35898442136308, 28.21704409817068], [85.35890351811395, 28.216866336111753], [85.35880178806363, 28.21669717636323], [85.35868037871332, 28.21653852686722], [85.35828865143672, 28.216080985128016], [85.35783222561223, 28.215327990218235], [85.35787118332405, 28.214844510515583], [85.35787563505923, 28.21466812068174], [85.35786062066887, 28.214492188616834], [85.35782628375463, 28.214318395872688], [85.35778765779187, 28.21416692630975], [85.35786088884737, 28.213604973552012], [85.35787348919871, 28.213449814489834], [85.35787095806546, 28.213294270544985], [85.35785331431971, 28.213139497434657], [85.35782068912157, 28.212986645143793], [85.357789285986, 28.212867828036327], [85.35781023849461, 28.21283285045598], [85.35788606285936, 28.212669397557224], [85.3579434763985, 28.212500159074825], [85.35798192868246, 28.212326757774353], [85.35800105110033, 28.21215085632931], [85.35800066039093, 28.211974141378022], [85.3579807603963, 28.211798307351046], [85.35794154202128, 28.211625040224046], [85.35788338139946, 28.211456001352257], [85.3578068362831, 28.2112928115411], [85.35771264069227, 28.21113703550608], [85.357601697874, 28.210990166870626], [85.35747507163953, 28.210853613845757], [85.3572529321094, 28.210636651760243], [85.35724140767215, 28.210244393278426], [85.35731883826399, 28.209395820715663], [85.35747849421317, 28.209095133149646], [85.35756490017383, 28.208905071533692], [85.357626428445, 28.208707558441613], [85.35776741822254, 28.20812855646146], [85.35780483144654, 28.207911643866915], [85.3579598032584, 28.206403641694646], [85.35796791572358, 28.206210268947277], [85.35795260939801, 28.20601723819022], [85.35791406038577, 28.20582676872733], [85.35764904305348, 28.20482877253197], [85.35760009244086, 28.204675231707245], [85.35753602546912, 28.204526120743754], [85.35745734292934, 28.2043826050516], [85.35694933320747, 28.203551611584945], [85.35681683976695, 28.203363484452147], [85.35611243518, 28.202488061876334], [85.35610101748007, 28.202444382318824], [85.35611135650944, 28.20238769909924], [85.35612386998253, 28.202214078102372], [85.35611745407141, 28.202040196300498], [85.3560921684926, 28.201867669637398], [85.35604824832235, 28.201698101455555], [85.3559861018089, 28.20153306759604], [85.35595459661891, 28.201470303896706], [85.3559623109396, 28.201458039225862], [85.35603968161756, 28.201302001884127], [85.35610009204554, 28.201140194403937], [85.35614300352862, 28.200974059870305], [85.35616803344273, 28.200805079952563], [85.35617495864425, 28.20063476168967], [85.35617295565707, 28.20047676172685], [85.35616154093775, 28.200305180451796], [85.35613175301799, 28.200135339262708], [85.35608386218222, 28.199968778745163], [85.35601830291643, 28.19980700971971], [85.35593566996413, 28.19965149953815], [85.35583671292922, 28.199503658774386], [85.35572232947428, 28.199364828430408], [85.35559355717669, 28.19923626777357], [85.35551215425744, 28.199169121546156], [85.3554949428591, 28.199023910709958], [85.35545813598439, 28.19886051644318], [85.3554044765687, 28.198700825736275], [85.35533442206211, 28.198546199744403], [85.35513467749405, 28.198158168649012], [85.35513503358362, 28.19793659776602], [85.35512509295008, 28.197755939092854], [85.35509479033287, 28.19757706917729], [85.3550444302189, 28.197401784748777], [85.35497451856384, 28.197231846512445], [85.3548857577065, 28.197068961463728], [85.3547790393105, 28.196914765742843], [85.35465543540509, 28.196770808201187], [85.35451618761478, 28.19663853484478], [85.35436269468617, 28.196519274310923], [85.35419649843732, 28.19641422452382], [85.35402905892985, 28.196319232083503], [85.35316838631829, 28.195359386684025], [85.35316482331318, 28.195340834331628], [85.35316817158011, 28.195332705929708], [85.35321763104963, 28.19516308998567], [85.35324829472358, 28.19499002445955], [85.35325987374395, 28.194815140177163], [85.35325225909311, 28.194640085094957], [85.35322552261759, 28.19446650877096], [85.35318451912303, 28.194271509367375], [85.35314118791774, 28.19410807584541], [85.3530809025647, 28.19394891673094], [85.35300418482541, 28.193795409330285], [85.35158429530784, 28.191277575035173], [85.35078953466952, 28.189380913525984], [85.3507206519577, 28.189236167562967], [85.35063782367868, 28.189097277083164], [85.35054167742622, 28.188965294378697], [85.35043294168868, 28.18884121940188], [85.35024689449496, 28.18864700298185], [85.34968214168127, 28.18746731841795], [85.34956558707704, 28.187261478517097], [85.34904992185369, 28.186479629979836], [85.34851013041938, 28.185102106813904], [85.34843242433193, 28.18493219293701], [85.34833566352943, 28.184770140984547], [85.3482208466442, 28.184617623295885], [85.34808915862848, 28.184476213812275], [85.347941958524, 28.184347371835507], [85.34778076543581, 28.184232426969764], [85.34760724285523, 28.18413256540203], [85.34742318149347, 28.18404881766246], [85.34741657917726, 28.18404653000405], [85.34725978921735, 28.183769478947287], [85.34712237519847, 28.18327639447582], [85.34703317102317, 28.18303235092371], [85.34635714938392, 28.181551360107015], [85.3462716454939, 28.181388000164183], [85.34616819446012, 28.18123300350548], [85.34604782631389, 28.18108791327548], [85.34567887296839, 28.180686768407853], [85.34577398016617, 28.180430211536628], [85.34582771034015, 28.18025645411095], [85.34586162062293, 28.18007881547273], [85.34587537315714, 28.179899066], [85.34592432701555, 28.17745606540692], [85.34590837749809, 28.177196365153772], [85.3454820419379, 28.17422552774596], [85.34589409811979, 28.170441356193106], [85.34590346902931, 28.170279859178564], [85.3458964886973, 28.17011826706085], [85.34571867381776, 28.168225928976526], [85.34590950109991, 28.166671166462965], [85.345921375365, 28.166490536175218], [85.34591278013345, 28.16630975991681], [85.34588380190611, 28.16613065483296], [85.34583473206823, 28.165955021261535], [85.34569246321811, 28.165536893475863], [85.34583757842408, 28.164396206559843], [85.34585031702136, 28.16417792280554], [85.34583318499176, 28.163959875099184], [85.34572717178898, 28.16324187666401], [85.34568587207333, 28.163046519180202], [85.34562058232825, 28.162856371167393], [85.34553209458898, 28.162673738965555], [85.3454214822481, 28.162500837742858], [85.34505047749873, 28.16198884230059], [85.34492846697411, 28.16183810792739], [85.34478964136913, 28.161699269816914], [85.3446354675426, 28.16157379489936], [85.34446757450151, 28.161463008907937], [85.34428773618927, 28.16136808237299], [85.34409785274332, 28.161290018256082], [85.34389993042033, 28.16122964135429], [85.34369606040096, 28.1611875895869], [85.34348839669782, 28.161164307256314], [85.34200542131774, 28.161066308798137], [85.34180629716306, 28.16106180675838], [85.34160762941482, 28.16107456731209], [85.34147324183795, 28.161095036599797], [85.34136960245038, 28.161027644709975], [85.34012206144988, 28.159699434314245], [85.33995873679184, 28.159544953197432], [85.33977612454916, 28.159408484802164], [85.33883321753086, 28.15878387174755], [85.33875570868688, 28.15866993120473], [85.3386835241929, 28.15839166648135], [85.33863176344599, 28.1582278983242], [85.33856283824173, 28.15806917552526], [85.33847736076282, 28.157916907664976], [85.33837609017962, 28.157772446993242], [85.33815308785103, 28.157485449673235], [85.33804061912329, 28.15735399913772], [85.33791507681887, 28.157232199786527], [85.33777750997915, 28.15712106934433], [85.33762906810864, 28.15702153638618], [85.33720207124077, 28.15676153989864], [85.33701163996399, 28.156658715228154], [85.33680966494278, 28.156574961465704], [85.33659856823326, 28.15651128296588], [85.33538651654622, 28.156210179801185], [85.33520874902875, 28.15612539857764], [85.33466267156034, 28.15580723451282], [85.33350570912901, 28.154665907884123], [85.33337951073864, 28.15455197985811], [85.33324244578856, 28.15444838268623], [85.33309558698443, 28.154355927124953], [85.33294008366988, 28.15427533673411], [85.332777152832, 28.15420724221485], [85.3316898908839, 28.15380391777765], [85.3299171803334, 28.151797402430393], [85.3298137124838, 28.151689314591422], [85.3297009928061, 28.151588757462633], [85.32880532083597, 28.150850138990524], [85.32793400944026, 28.149793271715062], [85.32779362726157, 28.149641130815873], [85.32763541199498, 28.14950342245932], [85.32692541404401, 28.14894942928428], [85.32677178490371, 28.148840758257162], [85.3266070500343, 28.14874572296399], [85.32643274455391, 28.14866520899723], [85.32625049275329, 28.148599966629707], [85.32506650921437, 28.148233972265718], [85.32490750770094, 28.148191185514683], [85.32474509953842, 28.148160032956376], [85.32396312644936, 28.14803940671426], [85.32347367362831, 28.147801651111596], [85.3231708271762, 28.147394561384992], [85.32304170029494, 28.1472396559937], [85.32289468438857, 28.14709782970197], [85.32273145391457, 28.14697069779613], [85.32255386798103, 28.14685970820017], [85.32164454995252, 28.146353527720155], [85.32056541287487, 28.145398748312072], [85.32043259940284, 28.145291191856487], [85.32028959349213, 28.14519444652335], [85.31695161731977, 28.143136474213936], [85.31674862795145, 28.143026338881278], [85.31493753869444, 28.142168413289465], [85.31467343554705, 28.141955130056264], [85.31432394123726, 28.141373558667578], [85.31423936995132, 28.141245763722633], [85.31414325787928, 28.14112454846361], [85.31312525066039, 28.139946560244518], [85.3130013242756, 28.139816375645648], [85.31286410362871, 28.139697127566958], [85.3127148111796, 28.139589878320223], [85.3125547769165, 28.1394955833237], [85.31238542650824, 28.139415082591878], [85.3122082686045, 28.139349093253188], [85.31202488139728, 28.139298203162422], [85.31094389770777, 28.139047207111904], [85.31075067414211, 28.139011116100217], [85.31055441524106, 28.138991787490784], [85.31035696717557, 28.138989403104496], [85.31003148385912, 28.138999473558822], [85.30928425328496, 28.138450925068824], [85.30903595089572, 28.138147174300816], [85.30857110708145, 28.136789798954005], [85.30850572791336, 28.13662727997454], [85.30842313932635, 28.13647103827825], [85.30832409630766, 28.13632250201836], [85.30820950423802, 28.136183028909674], [85.3080804106143, 28.136053893819135], [85.3077294104264, 28.13573489747707], [85.30759407652032, 28.13562261545423], [85.30744778328751, 28.1355217101253], [85.30729174344991, 28.13543301794247], [85.30712725051359, 28.135357274115464], [85.3070092702421, 28.135314527645452], [85.30680601840318, 28.134785853556878], [85.30672783388259, 28.134612441013104], [85.30662985238922, 28.134447119096883], [85.30651312317653, 28.1342916580415], [85.30637889622884, 28.134147722484958], [85.30622860887469, 28.13401685364686], [85.3055331998591, 28.13347100960399], [85.30473741460926, 28.131375284261043], [85.3046605750363, 28.131202789969326], [85.3045641721357, 28.131038197066214], [85.30444922401355, 28.13088324366152], [85.30431694459904, 28.13073956606435], [85.30416873082328, 28.130608681505088], [85.30400614786643, 28.130491972114953], [85.30383091262885, 28.13039067033237], [85.30346700323841, 28.130203184662996], [85.30345098498749, 28.129684622306236], [85.30343768938377, 28.12952229642008], [85.30340795151523, 28.129361692428155], [85.30336201331004, 28.12920411650923], [85.30330024844793, 28.12905085020946], [85.30313324319974, 28.128688852471072], [85.30305350157394, 28.128536622953867], [85.30295815215615, 28.128391619127576], [85.30284801971752, 28.128255095181217], [85.302724056882, 28.128128231953802], [85.30258733588572, 28.12801212672186], [85.30243903930213, 28.1279077837096], [85.30228044981344, 28.12781610540409], [85.30159086258494, 28.127456825913384], [85.30160384185989, 28.1274045554291], [85.30162759382452, 28.12722156703624], [85.30163018220992, 28.1270373853253], [85.3016115801604, 28.126853928954418], [85.30157198156336, 28.126673109016213], [85.3015117990253, 28.12649680912986], [85.30143165956932, 28.126326865819767], [85.30133239809965, 28.12616504938532], [85.30121504870108, 28.126013045460656], [85.3009270466149, 28.125678048799124], [85.30080277010946, 28.12554690178641], [85.30066502934662, 28.125426790261304], [85.30051506507743, 28.125318796136572], [85.30035422814454, 28.12522389217373], [85.2996888884366, 28.124870493535937], [85.29932929306587, 28.1244095114074], [85.29921227195233, 28.124273719656188], [85.2990812885243, 28.124148349072115], [85.2989375172078, 28.124034523711636], [85.29878224707092, 28.123933264114925], [85.29861687026617, 28.123845478156916], [85.29844286954908, 28.12377195290837], [85.29804545091275, 28.12362406058378], [85.29688871469179, 28.122955658008372], [85.29409881180884, 28.12058139512613], [85.29383980203488, 28.120263107871345], [85.29369827045782, 28.120108027970257], [85.29353829859703, 28.119967744167706], [85.29336184105428, 28.11984397045062], [85.29283384470693, 28.11951397487022], [85.29264408588175, 28.119408724755893], [85.292442440543, 28.119322582383816], [85.29208346722498, 28.119190264334723], [85.29146932452956, 28.118482546741365], [85.29133220246568, 28.11834042291271], [85.29117922688553, 28.11821164399439], [85.29101204070423, 28.1180975929921], [85.29083243943218, 28.11799949473887], [85.29064235189313, 28.1179184027427], [85.29060065947945, 28.117902921022807], [85.29039778511422, 28.117490525624078], [85.29031135165745, 28.117335541606373], [85.29020858759435, 28.11718860181643], [85.2900904361396, 28.11705105484214], [85.28995798171837, 28.11692416306091], [85.28981244001255, 28.116809091054847], [85.28965514680284, 28.116706894923574], [85.2894875457093, 28.1166185125927], [85.28788879985471, 28.115864889252386], [85.28647431194621, 28.11501486662578], [85.28639593970243, 28.114940485870314], [85.28621550204748, 28.114547123044954], [85.28612567355339, 28.1143771922179], [85.28601642766279, 28.11421645099706], [85.28588894577982, 28.1140666375438], [85.28574460648493, 28.113929371846307], [85.28558497062596, 28.113806138203422], [85.28541176443942, 28.113698269176176], [85.2851726635886, 28.113565263296522], [85.28509078177538, 28.113455266364696], [85.28459178212069, 28.11239373208464], [85.28449097249052, 28.11220947742375], [85.28436726893885, 28.11203653531473], [85.28422226442632, 28.111877132628663], [85.28327726213615, 28.1109511428305], [85.28312717368861, 28.110818634971558], [85.28296236801629, 28.110700673591374], [85.28278462968815, 28.110598535982607], [85.28153494994498, 28.10995969530719], [85.28111561767244, 28.10946961785494], [85.28106739756572, 28.10932809575277], [85.28099811618037, 28.10915656257561], [85.28090968189072, 28.10899209748055], [85.28080299614675, 28.10883637677597], [85.28067914641257, 28.108690987636276], [85.28053939508, 28.10855741192597], [85.28038516660051, 28.10843701109722], [85.2802180329657, 28.108331012314792], [85.27952881185796, 28.107938955398154], [85.2791980964908, 28.10734983011929], [85.27910235845492, 28.10719808194478], [85.2789905953854, 28.10705520739492], [85.2788638447893, 28.106922532709994], [85.27872328328309, 28.106801289444896], [85.27857021566992, 28.10669260303835], [85.27840606282736, 28.106597482367143], [85.27823234851853, 28.106516810382274], [85.27805068524853, 28.106451335914073], [85.27786275929788, 28.10640166672217], [85.27767031507145, 28.106368263854765], [85.27716168181438, 28.10630235220488], [85.27591957527781, 28.105296445698688], [85.27577676047306, 28.105190977578825], [85.2756236910781, 28.105097501044007], [85.27546164351406, 28.105016795565618], [85.27529196905864, 28.104949534119626], [85.27511608257898, 28.104896277575676], [85.27461261534285, 28.104766265626612], [85.2745442274809, 28.104583024592635], [85.27446243054686, 28.104398514422147], [85.2743583033352, 28.104223073158195], [85.2742331025148, 28.104058817953558], [85.27408833904185, 28.103907730963176], [85.27379681584912, 28.103635329181333], [85.27378258455249, 28.103525791747938], [85.27374249573799, 28.103358571658216], [85.27368474298295, 28.103195465348858], [85.27360984459861, 28.103037936421885], [85.2735184727408, 28.102887398425647], [85.27341144737618, 28.102745202171366], [85.27328972892273, 28.10261262361292], [85.27315440963024, 28.10249085239835], [85.27251541082374, 28.101967858702366], [85.27236677213806, 28.10185735662327], [85.27220694582321, 28.101759903321028], [85.27144492361394, 28.10134122929531], [85.27050945915366, 28.100323690985586], [85.27037024268758, 28.10018711868612], [85.2702160604721, 28.10006383346626], [85.27004851690798, 28.099955118178976], [85.26954152095998, 28.099660122218115], [85.26937070811742, 28.09957097019941], [85.26919092604379, 28.099496974601305], [85.26900387983264, 28.099438837208577], [85.268811343462, 28.099397109403597], [85.26861514297181, 28.099372186937643], [85.26841713914776, 28.099364306178117], [85.26821920987601, 28.099373541867084], [85.26809884914881, 28.099384389135402], [85.26760182429246, 28.09898328472259], [85.26744725939209, 28.098870362396895], [85.26728092754915, 28.098771457478033], [85.26687735067726, 28.09855621851965], [85.26687663942928, 28.098481901218037], [85.26685431746247, 28.098301329203636], [85.26681163822691, 28.098123661734157], [85.26675346968727, 28.097962953193303], [85.26675851094343, 28.097946948724644], [85.26679232100615, 28.09778132281929], [85.26680858321447, 28.097613623973935], [85.26680715619219, 28.097445310929015], [85.2667880524347, 28.097277847760946], [85.26675143819739, 28.097112691146837], [85.26661742988871, 28.09662869305638], [85.2665580430461, 28.096453207593846], [85.26647889823039, 28.096283965923295], [85.26638081123491, 28.096122712327713], [85.26626479306682, 28.095971108753872], [85.26613203952459, 28.09583071768478], [85.26598391887177, 28.095702986037466], [85.26582195773393, 28.09558923025202], [85.26564782536448, 28.09549062272534], [85.26546331644117, 28.095408179729525], [85.26527033257085, 28.09534275093923], [85.26507086269288, 28.095295010675855], [85.26486696258303, 28.09526545095883], [85.2646607336691, 28.095254376435502], [85.26445430137645, 28.095261901241805], [85.2640261450394, 28.095296878391622], [85.26394519664186, 28.095256054376232], [85.26355743194935, 28.09475827226823], [85.26344088608029, 28.09462281017603], [85.26331045415841, 28.09449769852453], [85.26316729881877, 28.09438405248192], [85.26244930199613, 28.093866059068482], [85.26230561668284, 28.093771396563586], [85.26215310757628, 28.093688296643016], [85.261992954502, 28.093617402166306], [85.25956998419977, 28.09266041645303], [85.25940114684994, 28.092601578743174], [85.25922707213492, 28.092556308083996], [85.25904914320007, 28.09252496418148], [85.25886877381068, 28.09250779608394], [85.2586873971202, 28.09250494020338], [85.25778124571254, 28.092526503478254], [85.25720534666115, 28.092184062930734], [85.25703924837389, 28.092095170103327], [85.25686436028839, 28.092020707016207], [85.25354340232535, 28.090775725752277], [85.25335212009787, 28.090713821596736], [85.25315481990044, 28.09066917920243], [85.2529534769615, 28.09064224549624], [85.2527501069764, 28.090633290118433], [85.25254674593091, 28.09064240272373], [85.25240230970908, 28.090661838272933], [85.25206063531803, 28.090494094092307], [85.251867152479, 28.090410632947773], [85.25166481507482, 28.090345754095026], [85.25145588481513, 28.090300182740553], [85.25061169949562, 28.090157533009656], [85.25061169949562, 28.091072067505635]]], [[[85.17752536686928, 27.96351531074888], [85.17851748903162, 27.96351531074888], [85.17851748903162, 27.963288726285118], [85.1779978270957, 27.962886949800254], [85.17783551360428, 27.96277379027132], [85.17766111410849, 27.962675827023958], [85.17752536686928, 27.96261573473949], [85.17752536686928, 27.96351531074888]]]]}}]}