{
"type": "FeatureCollection",
"name": "residential_areas",
"crs": { "type": "name", "properties": { "name": "urn:ogc:def:crs:OGC:1.3:CRS84" } },
"features": [
{ "type": "Feature", "properties": { "id": "way/1552968809", "name": null, "name_en": null, "name_ne": null, "status": "Standing", "landuse": "residential", "population": null, "source": null, "adm0_pcode": "NPL", "adm0_name": "Nepal", "adm1_pcode": "NP03", "adm1_name": "Bagmati", "adm2_pcode": "NP0329", "adm2_name": "Rasuwa", "adm3_pcode": "NP0329402", "adm3_name": "Gosaikunda", "adm4_pcode": null, "adm4_name": null, "name_latin": null }, "geometry": { "type": "LineString", "coordinates": [ [ 85.3583971, 28.2413298 ], [ 85.3583968, 28.2415013 ], [ 85.3583935, 28.2417404 ], [ 85.3584064, 28.2419529 ], [ 85.3584407, 28.2421852 ], [ 85.3584482, 28.242325 ] ] } },
{ "type": "Feature", "properties": { "id": "way/340410723", "name": null, "name_en": null, "name_ne": null, "status": "Standing", "landuse": "residential", "population": null, "source": null, "adm0_pcode": "NPL", "adm0_name": "Nepal", "adm1_pcode": "NP03", "adm1_name": "Bagmati", "adm2_pcode": "NP0329", "adm2_name": "Rasuwa", "adm3_pcode": "NP0329401", "adm3_name": "Aamachhodingmo", "adm4_pcode": null, "adm4_name": null, "name_latin": null }, "geometry": { "type": "Polygon", "coordinates": [ [ [ 85.2721888, 28.1217636 ], [ 85.2722907, 28.1207542 ], [ 85.2731538, 28.1203015 ], [ 85.2725315, 28.118972 ], [ 85.273937, 28.1181582 ], [ 85.2747472, 28.1181669 ], [ 85.2755839, 28.1175195 ], [ 85.2760001, 28.1168705 ], [ 85.2765934, 28.116776 ], [ 85.2767498, 28.1164024 ], [ 85.2770434, 28.1158803 ], [ 85.2774486, 28.1158337 ], [ 85.2777565, 28.1153574 ], [ 85.2781286, 28.1152522 ], [ 85.2783943, 28.1148013 ], [ 85.2789965, 28.1142488 ], [ 85.2791599, 28.1141706 ], [ 85.2797944, 28.1140976 ], [ 85.280079, 28.1145022 ], [ 85.2800298, 28.115945 ], [ 85.2795331, 28.1171387 ], [ 85.2800759, 28.1178476 ], [ 85.2788497, 28.1185872 ], [ 85.2783468, 28.1188674 ], [ 85.2773382, 28.1196072 ], [ 85.2760559, 28.1200555 ], [ 85.2750879, 28.1210043 ], [ 85.2735351, 28.1215966 ], [ 85.2721888, 28.1217636 ] ] ] } },
{ "type": "Feature", "properties": { "id": "way/1554032511", "name": null, "name_en": null, "name_ne": null, "status": "Standing", "landuse": "residential", "population": null, "source": null, "adm0_pcode": "NPL", "adm0_name": "Nepal", "adm1_pcode": "NP03", "adm1_name": "Bagmati", "adm2_pcode": "NP0329", "adm2_name": "Rasuwa", "adm3_pcode": "NP0329402", "adm3_name": "Gosaikunda", "adm4_pcode": null, "adm4_name": null, "name_latin": null }, "geometry": { "type": "Polygon", "coordinates": [ [ [ 85.3552481, 28.2118726 ], [ 85.356549, 28.2123713 ], [ 85.3569701, 28.2121987 ], [ 85.3570794, 28.2119919 ], [ 85.3574268, 28.2117349 ], [ 85.3576326, 28.211752 ], [ 85.35763, 28.2122862 ], [ 85.3581959, 28.2122957 ], [ 85.3582147, 28.2118017 ], [ 85.3589228, 28.2109224 ], [ 85.3591829, 28.2110548 ], [ 85.3586706, 28.211648 ], [ 85.3589603, 28.211856 ], [ 85.3589576, 28.2120144 ], [ 85.359301, 28.2121326 ], [ 85.3594404, 28.2118182 ], [ 85.3598803, 28.2120569 ], [ 85.3602692, 28.2116622 ], [ 85.3605911, 28.2118348 ], [ 85.3607708, 28.2117875 ], [ 85.3609639, 28.2113951 ], [ 85.3614628, 28.2113526 ], [ 85.3620234, 28.2115346 ], [ 85.3618383, 28.2120877 ], [ 85.3616533, 28.2125344 ], [ 85.3614521, 28.2127897 ], [ 85.3605857, 28.2125036 ], [ 85.3600949, 28.2124824 ], [ 85.359714, 28.2126856 ], [ 85.3597408, 28.2131536 ], [ 85.3590274, 28.2142881 ], [ 85.3593599, 28.214794 ], [ 85.3588128, 28.2150871 ], [ 85.3584158, 28.2145623 ], [ 85.3587377, 28.2134751 ], [ 85.358389, 28.2129551 ], [ 85.3576112, 28.2131536 ], [ 85.3574824, 28.214118 ], [ 85.3569353, 28.213962 ], [ 85.3566939, 28.2144158 ], [ 85.355621, 28.2150492 ], [ 85.3557175, 28.216108 ], [ 85.3554895, 28.2164165 ], [ 85.3553568, 28.2161825 ], [ 85.3553528, 28.2146095 ], [ 85.3565276, 28.2140281 ], [ 85.3569567, 28.2135743 ], [ 85.3569728, 28.2128605 ], [ 85.3553259, 28.2121988 ], [ 85.3552642, 28.2120854 ], [ 85.3552481, 28.2118726 ] ] ] } },
{ "type": "Feature", "properties": { "id": "way/1554067150", "name": null, "name_en": null, "name_ne": null, "status": "Standing", "landuse": "residential", "population": null, "source": null, "adm0_pcode": "NPL", "adm0_name": "Nepal", "adm1_pcode": "NP03", "adm1_name": "Bagmati", "adm2_pcode": "NP0329", "adm2_name": "Rasuwa", "adm3_pcode": "NP0329402", "adm3_name": "Gosaikunda", "adm4_pcode": null, "adm4_name": null, "name_latin": null }, "geometry": { "type": "Polygon", "coordinates": [ [ [ 85.3234322, 28.1487436 ], [ 85.3234486, 28.1487097 ], [ 85.3234754, 28.1486819 ], [ 85.3235093, 28.148652 ], [ 85.3235315, 28.1486675 ], [ 85.3235455, 28.1486736 ], [ 85.3235747, 28.1486798 ], [ 85.323605, 28.1486891 ], [ 85.3236179, 28.1486695 ], [ 85.3236202, 28.1486417 ], [ 85.3235969, 28.148616 ], [ 85.3235934, 28.1485913 ], [ 85.3236366, 28.1485388 ], [ 85.3236844, 28.1485388 ], [ 85.3237113, 28.1485594 ], [ 85.3237346, 28.1485727 ], [ 85.3237591, 28.1486057 ], [ 85.3237755, 28.1486304 ], [ 85.3237872, 28.1486829 ], [ 85.323793, 28.1487097 ], [ 85.3237837, 28.1487498 ], [ 85.3237696, 28.1487941 ], [ 85.3237486, 28.1488239 ], [ 85.3237066, 28.1488373 ], [ 85.3236529, 28.1488414 ], [ 85.3235969, 28.1488342 ], [ 85.3235607, 28.1488126 ], [ 85.3234976, 28.148791 ], [ 85.3234614, 28.1487694 ], [ 85.3234322, 28.1487436 ] ] ] } },
{ "type": "Feature", "properties": { "id": "way/1553974292", "name": null, "name_en": null, "name_ne": null, "status": "Standing", "landuse": "residential", "population": null, "source": null, "adm0_pcode": "NPL", "adm0_name": "Nepal", "adm1_pcode": "NP03", "adm1_name": "Bagmati", "adm2_pcode": "NP0328", "adm2_name": "Nuwakot", "adm3_pcode": "NP0328402", "adm3_name": "Kispang", "adm4_pcode": null, "adm4_name": null, "name_latin": null }, "geometry": { "type": "Polygon", "coordinates": [ [ [ 85.1849814, 28.0032694 ], [ 85.1851128, 28.0031927 ], [ 85.1854203, 28.0031435 ], [ 85.1854627, 28.003289 ], [ 85.1850504, 28.0034091 ], [ 85.1849814, 28.0032694 ] ] ] } },
{ "type": "Feature", "properties": { "id": "way/594031994", "name": null, "name_en": null, "name_ne": null, "status": "Standing", "landuse": "residential", "population": null, "source": null, "adm0_pcode": "NPL", "adm0_name": "Nepal", "adm1_pcode": "NP03", "adm1_name": "Bagmati", "adm2_pcode": "NP0330", "adm2_name": "Dhading", "adm3_pcode": "NP0330410", "adm3_name": "Galchhi", "adm4_pcode": null, "adm4_name": null, "name_latin": null }, "geometry": { "type": "Polygon", "coordinates": [ [ [ 84.9763634, 27.8032709 ], [ 84.9764708, 27.8031061 ], [ 84.9767015, 27.8030312 ], [ 84.9770769, 27.8032166 ], [ 84.9773216, 27.8032446 ], [ 84.9774809, 27.8032634 ], [ 84.9776402, 27.8032446 ], [ 84.9776032, 27.802979 ], [ 84.9783646, 27.8029092 ], [ 84.9783621, 27.8030592 ], [ 84.977876, 27.8031056 ], [ 84.9778495, 27.8032046 ], [ 84.9776968, 27.8032477 ], [ 84.9776685, 27.8034011 ], [ 84.9773853, 27.8033949 ], [ 84.9773361, 27.8033945 ], [ 84.9773628, 27.8035919 ], [ 84.9771234, 27.8036328 ], [ 84.977081, 27.803495 ], [ 84.9772579, 27.8034293 ], [ 84.9772615, 27.8033792 ], [ 84.9770385, 27.8034074 ], [ 84.9770279, 27.8032947 ], [ 84.9768464, 27.8032401 ], [ 84.9766269, 27.8032082 ], [ 84.9764258, 27.8033465 ], [ 84.9763634, 27.8032709 ] ] ] } },
{ "type": "Feature", "properties": { "id": "way/1554460090", "name": null, "name_en": null, "name_ne": null, "status": "Standing", "landuse": "residential", "population": null, "source": null, "adm0_pcode": "NPL", "adm0_name": "Nepal", "adm1_pcode": "NP04", "adm1_name": "Gandaki", "adm2_pcode": "NP0436", "adm2_name": "Gorkha", "adm3_pcode": "NP0436408", "adm3_name": "Shahid Lakhan", "adm4_pcode": null, "adm4_name": null, "name_latin": null }, "geometry": { "type": "Polygon", "coordinates": [ [ [ 84.6165732, 27.8807118 ], [ 84.6166697, 27.8805458 ], [ 84.6168146, 27.8805174 ], [ 84.6173013, 27.8809193 ], [ 84.6175092, 27.8807521 ], [ 84.6176514, 27.8808161 ], [ 84.6173295, 27.8812831 ], [ 84.6170264, 27.8813353 ], [ 84.616954, 27.8812191 ], [ 84.6170686, 27.8811188 ], [ 84.6165732, 27.8807118 ] ] ] } },
{ "type": "Feature", "properties": { "id": "way/342122831", "name": null, "name_en": null, "name_ne": null, "status": "Standing", "landuse": "residential", "population": null, "source": null, "adm0_pcode": "NPL", "adm0_name": "Nepal", "adm1_pcode": "NP03", "adm1_name": "Bagmati", "adm2_pcode": "NP0335", "adm2_name": "Chitawan", "adm3_pcode": "NP0335401", "adm3_name": "Ichchha Kamana", "adm4_pcode": null, "adm4_name": null, "name_latin": null }, "geometry": { "type": "Polygon", "coordinates": [ [ [ 84.5584435, 27.8528282 ], [ 84.5586158, 27.8527605 ], [ 84.5601782, 27.853111 ], [ 84.5602147, 27.8533705 ], [ 84.5612387, 27.8536128 ], [ 84.5612914, 27.8536971 ], [ 84.5606179, 27.8538045 ], [ 84.5595867, 27.8535123 ], [ 84.5595204, 27.8534278 ], [ 84.5588604, 27.853354 ], [ 84.5584435, 27.8528282 ] ] ] } },
{ "type": "Feature", "properties": { "id": "way/344655339", "name": null, "name_en": null, "name_ne": null, "status": "Standing", "landuse": "residential", "population": null, "source": null, "adm0_pcode": "NPL", "adm0_name": "Nepal", "adm1_pcode": "NP03", "adm1_name": "Bagmati", "adm2_pcode": "NP0328", "adm2_name": "Nuwakot", "adm3_pcode": "NP0328402", "adm3_name": "Kispang", "adm4_pcode": null, "adm4_name": null, "name_latin": null }, "geometry": { "type": "Polygon", "coordinates": [ [ [ 85.1863414, 28.0121533 ], [ 85.1865089, 28.0120002 ], [ 85.1865774, 28.0122693 ], [ 85.1865962, 28.0128731 ], [ 85.1865962, 28.0132094 ], [ 85.1865327, 28.0134219 ], [ 85.186395, 28.0133183 ], [ 85.1863414, 28.0121533 ] ] ] } },
{ "type": "Feature", "properties": { "id": "way/1553974290", "name": null, "name_en": null, "name_ne": null, "status": "Standing", "landuse": "residential", "population": null, "source": null, "adm0_pcode": "NPL", "adm0_name": "Nepal", "adm1_pcode": "NP03", "adm1_name": "Bagmati", "adm2_pcode": "NP0328", "adm2_name": "Nuwakot", "adm3_pcode": "NP0328402", "adm3_name": "Kispang", "adm4_pcode": null, "adm4_name": null, "name_latin": null }, "geometry": { "type": "Polygon", "coordinates": [ [ [ 85.1842627, 28.002289 ], [ 85.1844288, 28.0022543 ], [ 85.184431, 28.002148 ], [ 85.1847296, 28.0017979 ], [ 85.184841, 28.0017998 ], [ 85.184939, 28.0015795 ], [ 85.1850794, 28.0015146 ], [ 85.1851507, 28.0011585 ], [ 85.1857011, 28.0011605 ], [ 85.1857033, 28.0013316 ], [ 85.1853446, 28.001369 ], [ 85.1853178, 28.0016267 ], [ 85.1851507, 28.0016877 ], [ 85.185144, 28.0021048 ], [ 85.1848967, 28.0021205 ], [ 85.1848866, 28.0023171 ], [ 85.1847586, 28.002512 ], [ 85.1843564, 28.0024049 ], [ 85.1842904, 28.0023758 ], [ 85.1842627, 28.002289 ] ] ] } },
{ "type": "Feature", "properties": { "id": "way/341715011", "name": null, "name_en": null, "name_ne": null, "status": "Standing", "landuse": "residential", "population": null, "source": null, "adm0_pcode": "NPL", "adm0_name": "Nepal", "adm1_pcode": "NP03", "adm1_name": "Bagmati", "adm2_pcode": "NP0328", "adm2_name": "Nuwakot", "adm3_pcode": "NP0328403", "adm3_name": "Tarakeshwor", "adm4_pcode": null, "adm4_name": null, "name_latin": null }, "geometry": { "type": "Polygon", "coordinates": [ [ [ 85.0265193, 27.8550899 ], [ 85.0265823, 27.8547591 ], [ 85.0276485, 27.8548729 ], [ 85.028378, 27.8542681 ], [ 85.0287388, 27.8547627 ], [ 85.0283351, 27.8550887 ], [ 85.0278094, 27.855193 ], [ 85.0270691, 27.8552879 ], [ 85.0265193, 27.8550899 ] ] ] } },
{ "type": "Feature", "properties": { "id": "way/341502821", "name": "Phosretar", "name_en": null, "name_ne": null, "status": "Standing", "landuse": "residential", "population": null, "source": null, "adm0_pcode": "NPL", "adm0_name": "Nepal", "adm1_pcode": "NP03", "adm1_name": "Bagmati", "adm2_pcode": "NP0328", "adm2_name": "Nuwakot", "adm3_pcode": "NP0328302", "adm3_name": "Belkotgadhi", "adm4_pcode": null, "adm4_name": null, "name_latin": "Phosretar" }, "geometry": { "type": "Polygon", "coordinates": [ [ [ 85.0178474, 27.8316906 ], [ 85.0179462, 27.8315946 ], [ 85.0180646, 27.8315597 ], [ 85.018193, 27.8316819 ], [ 85.0183115, 27.8319613 ], [ 85.0184779, 27.832419 ], [ 85.0186496, 27.8324048 ], [ 85.0186657, 27.8320039 ], [ 85.0186201, 27.8313018 ], [ 85.0185892, 27.830681 ], [ 85.0187529, 27.8306525 ], [ 85.0188669, 27.831252 ], [ 85.0194516, 27.8312425 ], [ 85.0197198, 27.831641 ], [ 85.0199666, 27.8315959 ], [ 85.0203984, 27.8322126 ], [ 85.0202911, 27.8323858 ], [ 85.02077, 27.8329765 ], [ 85.0204252, 27.8330653 ], [ 85.0203623, 27.8329402 ], [ 85.0202603, 27.8327416 ], [ 85.0197238, 27.8329734 ], [ 85.0195836, 27.8330158 ], [ 85.0194629, 27.8330586 ], [ 85.0193746, 27.8330832 ], [ 85.0185544, 27.8333411 ], [ 85.0179363, 27.8320136 ], [ 85.0178474, 27.8316906 ] ] ] } },
{ "type": "Feature", "properties": { "id": "way/1553956962", "name": null, "name_en": null, "name_ne": null, "status": "Standing", "landuse": "residential", "population": null, "source": null, "adm0_pcode": "NPL", "adm0_name": "Nepal", "adm1_pcode": "NP03", "adm1_name": "Bagmati", "adm2_pcode": "NP0328", "adm2_name": "Nuwakot", "adm3_pcode": "NP0328403", "adm3_name": "Tarakeshwor", "adm4_pcode": null, "adm4_name": null, "name_latin": null }, "geometry": { "type": "Polygon", "coordinates": [ [ [ 85.0621387, 27.8602869 ], [ 85.0628053, 27.8601792 ], [ 85.0629541, 27.8600207 ], [ 85.0632417, 27.8602136 ], [ 85.0635327, 27.8602091 ], [ 85.0635056, 27.86042 ], [ 85.0629626, 27.8603737 ], [ 85.0621827, 27.8605157 ], [ 85.0621387, 27.8602869 ] ] ] } },
{ "type": "Feature", "properties": { "id": "way/1553956964", "name": null, "name_en": null, "name_ne": null, "status": "Standing", "landuse": "residential", "population": null, "source": null, "adm0_pcode": "NPL", "adm0_name": "Nepal", "adm1_pcode": "NP03", "adm1_name": "Bagmati", "adm2_pcode": "NP0328", "adm2_name": "Nuwakot", "adm3_pcode": "NP0328301", "adm3_name": "Bidur", "adm4_pcode": null, "adm4_name": null, "name_latin": null }, "geometry": { "type": "Polygon", "coordinates": [ [ [ 85.0696709, 27.851267 ], [ 85.0697231, 27.8511227 ], [ 85.0700151, 27.8512174 ], [ 85.070228, 27.8512174 ], [ 85.0707367, 27.8513402 ], [ 85.0707023, 27.8514383 ], [ 85.0696709, 27.851267 ] ] ] } },
{ "type": "Feature", "properties": { "id": "way/1554049951", "name": null, "name_en": null, "name_ne": null, "status": "Standing", "landuse": "residential", "population": null, "source": null, "adm0_pcode": "NPL", "adm0_name": "Nepal", "adm1_pcode": "NP03", "adm1_name": "Bagmati", "adm2_pcode": "NP0328", "adm2_name": "Nuwakot", "adm3_pcode": "NP0328403", "adm3_name": "Tarakeshwor", "adm4_pcode": null, "adm4_name": null, "name_latin": null }, "geometry": { "type": "Polygon", "coordinates": [ [ [ 85.0599557, 27.8588786 ], [ 85.0600979, 27.8585419 ], [ 85.0602642, 27.8585063 ], [ 85.0603393, 27.8585158 ], [ 85.0604546, 27.8587624 ], [ 85.0604171, 27.8588525 ], [ 85.0604144, 27.8590873 ], [ 85.0604171, 27.8592889 ], [ 85.0602239, 27.8592841 ], [ 85.0599906, 27.8589901 ], [ 85.0599557, 27.8588786 ] ] ] } },
{ "type": "Feature", "properties": { "id": "way/1554536012", "name": null, "name_en": null, "name_ne": null, "status": "Standing", "landuse": "residential", "population": null, "source": null, "adm0_pcode": "NPL", "adm0_name": "Nepal", "adm1_pcode": "NP03", "adm1_name": "Bagmati", "adm2_pcode": "NP0328", "adm2_name": "Nuwakot", "adm3_pcode": "NP0328302", "adm3_name": "Belkotgadhi", "adm4_pcode": null, "adm4_name": null, "name_latin": null }, "geometry": { "type": "Polygon", "coordinates": [ [ [ 85.0218831, 27.8475454 ], [ 85.0219213, 27.8474953 ], [ 85.0219528, 27.8474825 ], [ 85.0222539, 27.8477725 ], [ 85.0221768, 27.8478472 ], [ 85.0219455, 27.8476228 ], [ 85.0218831, 27.8475454 ] ] ] } },
{ "type": "Feature", "properties": { "id": "way/341498084", "name": "ChiuriBhanjyang", "name_en": null, "name_ne": null, "status": "Standing", "landuse": "residential", "population": null, "source": null, "adm0_pcode": "NPL", "adm0_name": "Nepal", "adm1_pcode": "NP03", "adm1_name": "Bagmati", "adm2_pcode": "NP0328", "adm2_name": "Nuwakot", "adm3_pcode": "NP0328302", "adm3_name": "Belkotgadhi", "adm4_pcode": null, "adm4_name": null, "name_latin": "ChiuriBhanjyang" }, "geometry": { "type": "Polygon", "coordinates": [ [ [ 85.0174869, 27.8300456 ], [ 85.0175712, 27.8298355 ], [ 85.0178823, 27.829437 ], [ 85.0185797, 27.8297406 ], [ 85.0183759, 27.8306515 ], [ 85.0176892, 27.8304712 ], [ 85.0174869, 27.8300456 ] ] ] } },
{ "type": "Feature", "properties": { "id": "way/342221949", "name": null, "name_en": null, "name_ne": null, "status": "Standing", "landuse": "residential", "population": null, "source": null, "adm0_pcode": "NPL", "adm0_name": "Nepal", "adm1_pcode": "NP03", "adm1_name": "Bagmati", "adm2_pcode": "NP0328", "adm2_name": "Nuwakot", "adm3_pcode": "NP0328301", "adm3_name": "Bidur", "adm4_pcode": null, "adm4_name": null, "name_latin": null }, "geometry": { "type": "Polygon", "coordinates": [ [ [ 85.158958, 27.9374777 ], [ 85.159119, 27.9373545 ], [ 85.159296, 27.9373829 ], [ 85.1595213, 27.937255 ], [ 85.1596715, 27.9372597 ], [ 85.1599531, 27.9371672 ], [ 85.1602187, 27.9372929 ], [ 85.1602913, 27.9373727 ], [ 85.1604452, 27.9376613 ], [ 85.1603158, 27.9377285 ], [ 85.1601257, 27.9374993 ], [ 85.1600069, 27.937608 ], [ 85.1604306, 27.9379202 ], [ 85.1616307, 27.9377094 ], [ 85.161694, 27.9383601 ], [ 85.1609772, 27.9383824 ], [ 85.1609803, 27.9385049 ], [ 85.1606103, 27.9385677 ], [ 85.1598271, 27.9380085 ], [ 85.1592048, 27.9378426 ], [ 85.158958, 27.9374777 ] ] ] } },
{ "type": "Feature", "properties": { "id": "way/1554043916", "name": null, "name_en": null, "name_ne": null, "status": "Standing", "landuse": "residential", "population": null, "source": null, "adm0_pcode": "NPL", "adm0_name": "Nepal", "adm1_pcode": "NP03", "adm1_name": "Bagmati", "adm2_pcode": "NP0328", "adm2_name": "Nuwakot", "adm3_pcode": "NP0328301", "adm3_name": "Bidur", "adm4_pcode": null, "adm4_name": null, "name_latin": null }, "geometry": { "type": "Polygon", "coordinates": [ [ [ 85.1320272, 27.9120923 ], [ 85.1322389, 27.9110693 ], [ 85.1325585, 27.9111352 ], [ 85.1328907, 27.9110576 ], [ 85.1329273, 27.9109551 ], [ 85.133085, 27.9109501 ], [ 85.1331036, 27.9111017 ], [ 85.1332657, 27.9111092 ], [ 85.1335623, 27.9112509 ], [ 85.1335516, 27.91145 ], [ 85.1333263, 27.9115069 ], [ 85.1325384, 27.9115448 ], [ 85.1323643, 27.9120498 ], [ 85.1325059, 27.9125298 ], [ 85.1322313, 27.9125875 ], [ 85.1320272, 27.9120923 ] ] ] } },
{ "type": "Feature", "properties": { "id": "way/1553949578", "name": null, "name_en": null, "name_ne": null, "status": "Standing", "landuse": "residential", "population": null, "source": null, "adm0_pcode": "NPL", "adm0_name": "Nepal", "adm1_pcode": "NP03", "adm1_name": "Bagmati", "adm2_pcode": "NP0328", "adm2_name": "Nuwakot", "adm3_pcode": "NP0328301", "adm3_name": "Bidur", "adm4_pcode": null, "adm4_name": null, "name_latin": null }, "geometry": { "type": "Polygon", "coordinates": [ [ [ 85.1506344, 27.9300199 ], [ 85.1508153, 27.9285652 ], [ 85.1528683, 27.9285715 ], [ 85.1526031, 27.9297058 ], [ 85.15268, 27.9308391 ], [ 85.1515325, 27.9309382 ], [ 85.1509837, 27.9306737 ], [ 85.1506344, 27.9300199 ] ] ] } },
{ "type": "Feature", "properties": { "id": "way/1553951069", "name": null, "name_en": null, "name_ne": null, "status": "Standing", "landuse": "residential", "population": null, "source": null, "adm0_pcode": "NPL", "adm0_name": "Nepal", "adm1_pcode": "NP03", "adm1_name": "Bagmati", "adm2_pcode": "NP0329", "adm2_name": "Rasuwa", "adm3_pcode": "NP0329404", "adm3_name": "Kalika", "adm4_pcode": null, "adm4_name": null, "name_latin": null }, "geometry": { "type": "Polygon", "coordinates": [ [ [ 85.213657, 28.0757006 ], [ 85.2136677, 28.075522 ], [ 85.2137871, 28.0755515 ], [ 85.2138609, 28.0756959 ], [ 85.2142069, 28.0758781 ], [ 85.2144188, 28.0760237 ], [ 85.2143356, 28.0761467 ], [ 85.2138354, 28.0759266 ], [ 85.2136677, 28.0757989 ], [ 85.213657, 28.0757006 ] ] ] } },
{ "type": "Feature", "properties": { "id": "way/1554111523", "name": null, "name_en": null, "name_ne": null, "status": "Standing", "landuse": "residential", "population": null, "source": null, "adm0_pcode": "NPL", "adm0_name": "Nepal", "adm1_pcode": "NP03", "adm1_name": "Bagmati", "adm2_pcode": "NP0329", "adm2_name": "Rasuwa", "adm3_pcode": "NP0329402", "adm3_name": "Gosaikunda", "adm4_pcode": null, "adm4_name": null, "name_latin": null }, "geometry": { "type": "Polygon", "coordinates": [ [ [ 85.3410593, 28.1638315 ], [ 85.3413811, 28.1635714 ], [ 85.3423333, 28.1632309 ], [ 85.3426498, 28.1634887 ], [ 85.3416789, 28.1638504 ], [ 85.3414831, 28.1640467 ], [ 85.3411129, 28.1641224 ], [ 85.3410593, 28.1638315 ] ] ] } },
{ "type": "Feature", "properties": { "id": "way/1553984499", "name": null, "name_en": null, "name_ne": null, "status": "Standing", "landuse": "residential", "population": null, "source": null, "adm0_pcode": "NPL", "adm0_name": "Nepal", "adm1_pcode": "NP03", "adm1_name": "Bagmati", "adm2_pcode": "NP0328", "adm2_name": "Nuwakot", "adm3_pcode": "NP0328402", "adm3_name": "Kispang", "adm4_pcode": null, "adm4_name": null, "name_latin": null }, "geometry": { "type": "Polygon", "coordinates": [ [ [ 85.182656, 27.9810287 ], [ 85.1826721, 27.9809458 ], [ 85.1826963, 27.9808985 ], [ 85.1827124, 27.9808795 ], [ 85.182758, 27.9808487 ], [ 85.1827821, 27.9808416 ], [ 85.1828465, 27.9808369 ], [ 85.1828948, 27.9808108 ], [ 85.1829135, 27.9807374 ], [ 85.1829243, 27.9807161 ], [ 85.182943, 27.9806948 ], [ 85.1829645, 27.9806829 ], [ 85.1830101, 27.9806142 ], [ 85.1830316, 27.9805432 ], [ 85.1830557, 27.9804958 ], [ 85.1830798, 27.9804745 ], [ 85.1830932, 27.9804555 ], [ 85.1831442, 27.9804176 ], [ 85.1831925, 27.9803939 ], [ 85.1832247, 27.9803963 ], [ 85.183281, 27.9804153 ], [ 85.1833749, 27.9804768 ], [ 85.1834285, 27.9805384 ], [ 85.1834419, 27.9805621 ], [ 85.1834198, 27.9805894 ], [ 85.1832085, 27.9808167 ], [ 85.1833366, 27.9808996 ], [ 85.1832998, 27.980998 ], [ 85.1832743, 27.9810962 ], [ 85.1832153, 27.9812064 ], [ 85.1831791, 27.9812976 ], [ 85.1831288, 27.9814314 ], [ 85.1831395, 27.9814966 ], [ 85.1830497, 27.9815019 ], [ 85.1830241, 27.9815984 ], [ 85.1829081, 27.9816103 ], [ 85.1828223, 27.9815712 ], [ 85.1828384, 27.9815522 ], [ 85.1828492, 27.9815001 ], [ 85.1828465, 27.981448 ], [ 85.1828358, 27.9814243 ], [ 85.1828304, 27.9813983 ], [ 85.1827955, 27.9813533 ], [ 85.1827365, 27.9812585 ], [ 85.1826775, 27.9811946 ], [ 85.1826668, 27.9811709 ], [ 85.182656, 27.9810287 ] ] ] } },
{ "type": "Feature", "properties": { "id": "way/341174009", "name": null, "name_en": null, "name_ne": null, "status": "Standing", "landuse": "residential", "population": null, "source": null, "adm0_pcode": "NPL", "adm0_name": "Nepal", "adm1_pcode": "NP03", "adm1_name": "Bagmati", "adm2_pcode": "NP0328", "adm2_name": "Nuwakot", "adm3_pcode": "NP0328301", "adm3_name": "Bidur", "adm4_pcode": null, "adm4_name": null, "name_latin": null }, "geometry": { "type": "Polygon", "coordinates": [ [ [ 85.1636097, 27.9528247 ], [ 85.1643087, 27.9521196 ], [ 85.1643752, 27.9529446 ], [ 85.164439, 27.9534051 ], [ 85.1645257, 27.9542267 ], [ 85.1649724, 27.9547528 ], [ 85.1651397, 27.9549499 ], [ 85.1648409, 27.9551565 ], [ 85.1643231, 27.9549004 ], [ 85.1642459, 27.9546629 ], [ 85.1638404, 27.9536695 ], [ 85.1636767, 27.9532822 ], [ 85.1636097, 27.9528247 ] ] ] } },
{ "type": "Feature", "properties": { "id": "way/1553925585", "name": null, "name_en": null, "name_ne": null, "status": "Standing", "landuse": "residential", "population": null, "source": null, "adm0_pcode": "NPL", "adm0_name": "Nepal", "adm1_pcode": "NP03", "adm1_name": "Bagmati", "adm2_pcode": "NP0328", "adm2_name": "Nuwakot", "adm3_pcode": "NP0328301", "adm3_name": "Bidur", "adm4_pcode": null, "adm4_name": null, "name_latin": null }, "geometry": { "type": "Polygon", "coordinates": [ [ [ 85.1512501, 27.9349294 ], [ 85.1513574, 27.9348014 ], [ 85.1516551, 27.9347896 ], [ 85.1519152, 27.9349009 ], [ 85.1522747, 27.9350242 ], [ 85.1525429, 27.9351664 ], [ 85.1528916, 27.9351557 ], [ 85.1531129, 27.9352671 ], [ 85.1532081, 27.9353358 ], [ 85.1531383, 27.9355218 ], [ 85.1530994, 27.9357623 ], [ 85.1529922, 27.9357671 ], [ 85.1525496, 27.9356059 ], [ 85.1523659, 27.9357363 ], [ 85.1523109, 27.9357576 ], [ 85.1522143, 27.9356818 ], [ 85.1520078, 27.9357327 ], [ 85.1518522, 27.9356391 ], [ 85.1516068, 27.9355929 ], [ 85.1515236, 27.9355479 ], [ 85.1512501, 27.9349294 ] ] ] } },
{ "type": "Feature", "properties": { "id": "way/1553949576", "name": null, "name_en": null, "name_ne": null, "status": "Standing", "landuse": "residential", "population": null, "source": null, "adm0_pcode": "NPL", "adm0_name": "Nepal", "adm1_pcode": "NP03", "adm1_name": "Bagmati", "adm2_pcode": "NP0328", "adm2_name": "Nuwakot", "adm3_pcode": "NP0328301", "adm3_name": "Bidur", "adm4_pcode": null, "adm4_name": null, "name_latin": null }, "geometry": { "type": "Polygon", "coordinates": [ [ [ 85.1521478, 27.9244913 ], [ 85.1524923, 27.9240569 ], [ 85.1529734, 27.9241359 ], [ 85.1531863, 27.9248491 ], [ 85.1523871, 27.9250302 ], [ 85.1521478, 27.9244913 ] ] ] } },
{ "type": "Feature", "properties": { "id": "way/1553949577", "name": null, "name_en": null, "name_ne": null, "status": "Standing", "landuse": "residential", "population": null, "source": null, "adm0_pcode": "NPL", "adm0_name": "Nepal", "adm1_pcode": "NP03", "adm1_name": "Bagmati", "adm2_pcode": "NP0328", "adm2_name": "Nuwakot", "adm3_pcode": "NP0328301", "adm3_name": "Bidur", "adm4_pcode": null, "adm4_name": null, "name_latin": null }, "geometry": { "type": "Polygon", "coordinates": [ [ [ 85.1531127, 27.9271859 ], [ 85.1532681, 27.92552 ], [ 85.1540749, 27.9252765 ], [ 85.1546612, 27.9254716 ], [ 85.1551713, 27.9262056 ], [ 85.1551003, 27.9267771 ], [ 85.154514, 27.9266679 ], [ 85.1538147, 27.9271813 ], [ 85.1537095, 27.9277178 ], [ 85.1532626, 27.9277898 ], [ 85.1531127, 27.9271859 ] ] ] } },
{ "type": "Feature", "properties": { "id": "way/1554411084", "name": null, "name_en": null, "name_ne": null, "status": "Standing", "landuse": "residential", "population": null, "source": null, "adm0_pcode": "NPL", "adm0_name": "Nepal", "adm1_pcode": "NP03", "adm1_name": "Bagmati", "adm2_pcode": "NP0330", "adm2_name": "Dhading", "adm3_pcode": "NP0330408", "adm3_name": "Benighat Rorang", "adm4_pcode": null, "adm4_name": null, "name_latin": null }, "geometry": { "type": "Polygon", "coordinates": [ [ [ 84.742786, 27.79974 ], [ 84.7427885, 27.7996113 ], [ 84.7428427, 27.799486 ], [ 84.7429117, 27.7995143 ], [ 84.7428994, 27.7995732 ], [ 84.7430165, 27.7994751 ], [ 84.7431126, 27.7994554 ], [ 84.7432889, 27.7996604 ], [ 84.7432728, 27.7997683 ], [ 84.7432112, 27.7997661 ], [ 84.7432186, 27.7996931 ], [ 84.743173, 27.7996849 ], [ 84.7431644, 27.7996484 ], [ 84.7431188, 27.799692 ], [ 84.7430202, 27.7996691 ], [ 84.7429413, 27.7996778 ], [ 84.7428588, 27.7997084 ], [ 84.742786, 27.79974 ] ] ] } },
{ "type": "Feature", "properties": { "id": "way/1554411085", "name": null, "name_en": null, "name_ne": null, "status": "Standing", "landuse": "residential", "population": null, "source": null, "adm0_pcode": "NPL", "adm0_name": "Nepal", "adm1_pcode": "NP03", "adm1_name": "Bagmati", "adm2_pcode": "NP0330", "adm2_name": "Dhading", "adm3_pcode": "NP0330408", "adm3_name": "Benighat Rorang", "adm4_pcode": null, "adm4_name": null, "name_latin": null }, "geometry": { "type": "Polygon", "coordinates": [ [ [ 84.7465537, 27.7995735 ], [ 84.7465569, 27.7994779 ], [ 84.7467878, 27.7994268 ], [ 84.7468228, 27.7994937 ], [ 84.7468846, 27.799516 ], [ 84.7471122, 27.7995333 ], [ 84.7471122, 27.7995793 ], [ 84.7471821, 27.7995922 ], [ 84.747161, 27.7996771 ], [ 84.7471203, 27.7996843 ], [ 84.7471106, 27.7997404 ], [ 84.7470134, 27.7997438 ], [ 84.7470038, 27.7996878 ], [ 84.7469415, 27.7996925 ], [ 84.7469126, 27.7996508 ], [ 84.7466586, 27.7996296 ], [ 84.7465537, 27.7995735 ] ] ] } },
{ "type": "Feature", "properties": { "id": "way/1554494408", "name": null, "name_en": null, "name_ne": null, "status": "Standing", "landuse": "residential", "population": null, "source": null, "adm0_pcode": "NPL", "adm0_name": "Nepal", "adm1_pcode": "NP03", "adm1_name": "Bagmati", "adm2_pcode": "NP0330", "adm2_name": "Dhading", "adm3_pcode": "NP0330408", "adm3_name": "Benighat Rorang", "adm4_pcode": null, "adm4_name": null, "name_latin": null }, "geometry": { "type": "Polygon", "coordinates": [ [ [ 84.7056283, 27.7977542 ], [ 84.7058484, 27.7973316 ], [ 84.7067081, 27.7977707 ], [ 84.7071187, 27.7984517 ], [ 84.7075234, 27.7990443 ], [ 84.7074589, 27.7997294 ], [ 84.7087165, 27.7993327 ], [ 84.7089968, 27.7997009 ], [ 84.707963, 27.8002716 ], [ 84.7070454, 27.8002782 ], [ 84.706717, 27.7993921 ], [ 84.7067819, 27.798822 ], [ 84.7064462, 27.7987045 ], [ 84.7062558, 27.7982553 ], [ 84.7056283, 27.7977542 ] ] ] } },
{ "type": "Feature", "properties": { "id": "way/1193913521", "name": null, "name_en": null, "name_ne": null, "status": "Standing", "landuse": "residential", "population": null, "source": null, "adm0_pcode": "NPL", "adm0_name": "Nepal", "adm1_pcode": "NP03", "adm1_name": "Bagmati", "adm2_pcode": "NP0330", "adm2_name": "Dhading", "adm3_pcode": "NP0330407", "adm3_name": "Siddhalek", "adm4_pcode": null, "adm4_name": null, "name_latin": null }, "geometry": { "type": "Polygon", "coordinates": [ [ [ 84.8681617, 27.8037004 ], [ 84.8681984, 27.8036339 ], [ 84.8682929, 27.8035579 ], [ 84.8683741, 27.8034511 ], [ 84.869052, 27.8036155 ], [ 84.8691215, 27.8037573 ], [ 84.8689077, 27.803924 ], [ 84.8685375, 27.8039559 ], [ 84.8684328, 27.8038724 ], [ 84.8683529, 27.8039255 ], [ 84.8682107, 27.8037581 ], [ 84.8681617, 27.8037004 ] ] ] } },
{ "type": "Feature", "properties": { "id": "way/1554533296", "name": null, "name_en": null, "name_ne": null, "status": "Standing", "landuse": "residential", "population": null, "source": null, "adm0_pcode": "NPL", "adm0_name": "Nepal", "adm1_pcode": "NP04", "adm1_name": "Gandaki", "adm2_pcode": "NP0436", "adm2_name": "Gorkha", "adm3_pcode": "NP0436409", "adm3_name": "Gandaki", "adm4_pcode": null, "adm4_name": null, "name_latin": null }, "geometry": { "type": "Polygon", "coordinates": [ [ [ 84.7665851, 27.814446 ], [ 84.7665864, 27.8142775 ], [ 84.7667178, 27.8141328 ], [ 84.7667983, 27.8141292 ], [ 84.7668949, 27.8143238 ], [ 84.7670746, 27.814268 ], [ 84.7671618, 27.8141672 ], [ 84.7671108, 27.8139371 ], [ 84.7669981, 27.8137319 ], [ 84.7670022, 27.8136524 ], [ 84.767198, 27.8134318 ], [ 84.7668681, 27.8130866 ], [ 84.7666977, 27.8129763 ], [ 84.766966, 27.812885 ], [ 84.7669686, 27.8130392 ], [ 84.767265, 27.8133986 ], [ 84.7673844, 27.8134413 ], [ 84.7675413, 27.8133867 ], [ 84.7676526, 27.813414 ], [ 84.7676647, 27.8135243 ], [ 84.7673173, 27.8136655 ], [ 84.7674072, 27.8139383 ], [ 84.7674836, 27.814153 ], [ 84.7676674, 27.8141364 ], [ 84.7677626, 27.8143511 ], [ 84.7677478, 27.8144424 ], [ 84.7674702, 27.8144507 ], [ 84.7673509, 27.8142514 ], [ 84.7672462, 27.8142348 ], [ 84.7669713, 27.8144068 ], [ 84.7668117, 27.8144626 ], [ 84.7665851, 27.814446 ] ] ] } },
{ "type": "Feature", "properties": { "id": "way/341823236", "name": null, "name_en": null, "name_ne": null, "status": "Standing", "landuse": "residential", "population": null, "source": null, "adm0_pcode": "NPL", "adm0_name": "Nepal", "adm1_pcode": "NP03", "adm1_name": "Bagmati", "adm2_pcode": "NP0330", "adm2_name": "Dhading", "adm3_pcode": "NP0330408", "adm3_name": "Benighat Rorang", "adm4_pcode": null, "adm4_name": null, "name_latin": null }, "geometry": { "type": "Polygon", "coordinates": [ [ [ 84.7761565, 27.8066372 ], [ 84.7764275, 27.8065315 ], [ 84.7766236, 27.8064843 ], [ 84.7767552, 27.8064135 ], [ 84.7771048, 27.8062717 ], [ 84.7778243, 27.80619 ], [ 84.7784156, 27.8064067 ], [ 84.7783747, 27.8068655 ], [ 84.7782225, 27.8069777 ], [ 84.7780294, 27.8070773 ], [ 84.7779878, 27.8071121 ], [ 84.7779214, 27.8071639 ], [ 84.7778483, 27.8071941 ], [ 84.7777074, 27.807237 ], [ 84.7775775, 27.8072266 ], [ 84.7774061, 27.8070666 ], [ 84.7771661, 27.8071379 ], [ 84.7770216, 27.8073788 ], [ 84.7766374, 27.8071255 ], [ 84.7762534, 27.8069306 ], [ 84.7761565, 27.8066372 ] ] ] } },
{ "type": "Feature", "properties": { "id": "way/1554549506", "name": null, "name_en": null, "name_ne": null, "status": "Standing", "landuse": "residential", "population": null, "source": null, "adm0_pcode": "NPL", "adm0_name": "Nepal", "adm1_pcode": "NP03", "adm1_name": "Bagmati", "adm2_pcode": "NP0330", "adm2_name": "Dhading", "adm3_pcode": "NP0330408", "adm3_name": "Benighat Rorang", "adm4_pcode": null, "adm4_name": null, "name_latin": null }, "geometry": { "type": "Polygon", "coordinates": [ [ [ 84.807899, 27.8125276 ], [ 84.8101909, 27.8115942 ], [ 84.8114632, 27.8116179 ], [ 84.8107379, 27.8126538 ], [ 84.8103514, 27.8134767 ], [ 84.8094091, 27.8133453 ], [ 84.8080739, 27.8130717 ], [ 84.807899, 27.8125276 ] ] ] } },
{ "type": "Feature", "properties": { "id": "way/1554605420", "name": null, "name_en": null, "name_ne": null, "status": "Standing", "landuse": "residential", "population": null, "source": null, "adm0_pcode": "NPL", "adm0_name": "Nepal", "adm1_pcode": "NP03", "adm1_name": "Bagmati", "adm2_pcode": "NP0330", "adm2_name": "Dhading", "adm3_pcode": "NP0330407", "adm3_name": "Siddhalek", "adm4_pcode": null, "adm4_name": null, "name_latin": null }, "geometry": { "type": "Polygon", "coordinates": [ [ [ 84.8299895, 27.8048058 ], [ 84.8301568, 27.8031631 ], [ 84.8306972, 27.8023891 ], [ 84.8331033, 27.8020856 ], [ 84.8344028, 27.8012775 ], [ 84.8353464, 27.8017328 ], [ 84.8342613, 27.8027344 ], [ 84.8306329, 27.8046237 ], [ 84.8299895, 27.8048058 ] ] ] } },
{ "type": "Feature", "properties": { "id": "way/340651257", "name": null, "name_en": null, "name_ne": null, "status": "Standing", "landuse": "residential", "population": null, "source": null, "adm0_pcode": "NPL", "adm0_name": "Nepal", "adm1_pcode": "NP03", "adm1_name": "Bagmati", "adm2_pcode": "NP0328", "adm2_name": "Nuwakot", "adm3_pcode": "NP0328302", "adm3_name": "Belkotgadhi", "adm4_pcode": null, "adm4_name": null, "name_latin": null }, "geometry": { "type": "Polygon", "coordinates": [ [ [ 85.0531647, 27.8573527 ], [ 85.0534681, 27.8572833 ], [ 85.0536973, 27.8578893 ], [ 85.0537056, 27.8579118 ], [ 85.0537448, 27.8580188 ], [ 85.0535094, 27.8584094 ], [ 85.0532183, 27.8584167 ], [ 85.053206, 27.8582452 ], [ 85.0533112, 27.8580499 ], [ 85.0531998, 27.8577067 ], [ 85.0531647, 27.8573527 ] ] ] } },
{ "type": "Feature", "properties": { "id": "way/577094623", "name": null, "name_en": null, "name_ne": null, "status": "Standing", "landuse": "residential", "population": null, "source": null, "adm0_pcode": "NPL", "adm0_name": "Nepal", "adm1_pcode": "NP03", "adm1_name": "Bagmati", "adm2_pcode": "NP0330", "adm2_name": "Dhading", "adm3_pcode": "NP0330407", "adm3_name": "Siddhalek", "adm4_pcode": null, "adm4_name": null, "name_latin": null }, "geometry": { "type": "Polygon", "coordinates": [ [ [ 84.9170696, 27.7999305 ], [ 84.9171016, 27.7999087 ], [ 84.9173787, 27.7998268 ], [ 84.9175896, 27.7997974 ], [ 84.9177737, 27.7997658 ], [ 84.9179366, 27.7997471 ], [ 84.917969, 27.7998794 ], [ 84.917767, 27.8000454 ], [ 84.9175516, 27.8001277 ], [ 84.9173203, 27.8001302 ], [ 84.9170913, 27.8001036 ], [ 84.9170696, 27.7999305 ] ] ] } },
{ "type": "Feature", "properties": { "id": "way/1553949575", "name": null, "name_en": null, "name_ne": null, "status": "Standing", "landuse": "residential", "population": null, "source": null, "adm0_pcode": "NPL", "adm0_name": "Nepal", "adm1_pcode": "NP03", "adm1_name": "Bagmati", "adm2_pcode": "NP0328", "adm2_name": "Nuwakot", "adm3_pcode": "NP0328301", "adm3_name": "Bidur", "adm4_pcode": null, "adm4_name": null, "name_latin": null }, "geometry": { "type": "Polygon", "coordinates": [ [ [ 85.1486387, 27.9211363 ], [ 85.1486987, 27.9204425 ], [ 85.1498474, 27.9200511 ], [ 85.1510841, 27.9206787 ], [ 85.1521518, 27.9213951 ], [ 85.1531064, 27.9208962 ], [ 85.1537504, 27.9213498 ], [ 85.1545287, 27.9225383 ], [ 85.1531558, 27.9228552 ], [ 85.1520512, 27.9232862 ], [ 85.1518748, 27.9225519 ], [ 85.1513225, 27.9217708 ], [ 85.1500327, 27.9212875 ], [ 85.1495915, 27.9216554 ], [ 85.1486387, 27.9211363 ] ] ] } },
{ "type": "Feature", "properties": { "id": "way/340570065", "name": null, "name_en": null, "name_ne": null, "status": "Standing", "landuse": "residential", "population": null, "source": null, "adm0_pcode": "NPL", "adm0_name": "Nepal", "adm1_pcode": "NP04", "adm1_name": "Gandaki", "adm2_pcode": "NP0436", "adm2_name": "Gorkha", "adm3_pcode": "NP0436408", "adm3_name": "Shahid Lakhan", "adm4_pcode": null, "adm4_name": null, "name_latin": null }, "geometry": { "type": "Polygon", "coordinates": [ [ [ 84.5821408, 27.8774037 ], [ 84.5822865, 27.8772828 ], [ 84.582556, 27.8772629 ], [ 84.5826491, 27.8773277 ], [ 84.5826492, 27.8774725 ], [ 84.5825919, 27.8775844 ], [ 84.5824841, 27.8776532 ], [ 84.5822184, 27.8776093 ], [ 84.5821408, 27.8774037 ] ] ] } },
{ "type": "Feature", "properties": { "id": "way/341268225", "name": null, "name_en": null, "name_ne": null, "status": "Standing", "landuse": "residential", "population": null, "source": null, "adm0_pcode": "NPL", "adm0_name": "Nepal", "adm1_pcode": "NP03", "adm1_name": "Bagmati", "adm2_pcode": "NP0335", "adm2_name": "Chitawan", "adm3_pcode": "NP0335401", "adm3_name": "Ichchha Kamana", "adm4_pcode": null, "adm4_name": null, "name_latin": null }, "geometry": { "type": "Polygon", "coordinates": [ [ [ 84.6118253, 27.8736213 ], [ 84.6119841, 27.8733902 ], [ 84.6124651, 27.8737204 ], [ 84.6126276, 27.8738028 ], [ 84.6126276, 27.8742012 ], [ 84.6129388, 27.8743861 ], [ 84.613148, 27.8741016 ], [ 84.6133726, 27.8741643 ], [ 84.6131459, 27.8746184 ], [ 84.6130323, 27.8747246 ], [ 84.6127711, 27.8746849 ], [ 84.6125772, 27.8746162 ], [ 84.6122363, 27.8741085 ], [ 84.6122363, 27.8738897 ], [ 84.6118253, 27.8736213 ] ] ] } },
{ "type": "Feature", "properties": { "id": "way/1554449671", "name": null, "name_en": null, "name_ne": null, "status": "Standing", "landuse": "residential", "population": null, "source": null, "adm0_pcode": "NPL", "adm0_name": "Nepal", "adm1_pcode": "NP03", "adm1_name": "Bagmati", "adm2_pcode": "NP0335", "adm2_name": "Chitawan", "adm3_pcode": "NP0335401", "adm3_name": "Ichchha Kamana", "adm4_pcode": null, "adm4_name": null, "name_latin": null }, "geometry": { "type": "Polygon", "coordinates": [ [ [ 84.6140219, 27.8706082 ], [ 84.6140255, 27.870204 ], [ 84.6142495, 27.8702056 ], [ 84.6142459, 27.8706098 ], [ 84.6140219, 27.8706082 ] ] ] } },
{ "type": "Feature", "properties": { "id": "way/1554532698", "name": null, "name_en": null, "name_ne": null, "status": "Standing", "landuse": "residential", "population": null, "source": null, "adm0_pcode": "NPL", "adm0_name": "Nepal", "adm1_pcode": "NP03", "adm1_name": "Bagmati", "adm2_pcode": "NP0330", "adm2_name": "Dhading", "adm3_pcode": "NP0330410", "adm3_name": "Galchhi", "adm4_pcode": null, "adm4_name": null, "name_latin": null }, "geometry": { "type": "Polygon", "coordinates": [ [ [ 84.9763437, 27.7986654 ], [ 84.9763573, 27.7985743 ], [ 84.9764305, 27.7985096 ], [ 84.9765118, 27.7985503 ], [ 84.9766039, 27.7986055 ], [ 84.9765877, 27.7986846 ], [ 84.9765877, 27.7988069 ], [ 84.9766175, 27.7989052 ], [ 84.9767557, 27.7989459 ], [ 84.9767666, 27.7990226 ], [ 84.9767232, 27.799073 ], [ 84.9767964, 27.7991257 ], [ 84.9769698, 27.7991833 ], [ 84.9769834, 27.7993008 ], [ 84.9769753, 27.7994326 ], [ 84.9768641, 27.7994566 ], [ 84.9766175, 27.7993991 ], [ 84.9764928, 27.7993295 ], [ 84.9764711, 27.7991833 ], [ 84.9765064, 27.7990538 ], [ 84.9765091, 27.7989867 ], [ 84.9764706, 27.7988421 ], [ 84.9764711, 27.7987301 ], [ 84.9763437, 27.7986654 ] ] ] } },
{ "type": "Feature", "properties": { "id": "way/1554536019", "name": null, "name_en": null, "name_ne": null, "status": "Standing", "landuse": "residential", "population": null, "source": null, "adm0_pcode": "NPL", "adm0_name": "Nepal", "adm1_pcode": "NP03", "adm1_name": "Bagmati", "adm2_pcode": "NP0328", "adm2_name": "Nuwakot", "adm3_pcode": "NP0328302", "adm3_name": "Belkotgadhi", "adm4_pcode": null, "adm4_name": null, "name_latin": null }, "geometry": { "type": "Polygon", "coordinates": [ [ [ 85.0181857, 27.8415605 ], [ 85.0183225, 27.8413637 ], [ 85.0184378, 27.8412569 ], [ 85.0184767, 27.8412498 ], [ 85.0184968, 27.8413364 ], [ 85.0184847, 27.841449 ], [ 85.018537, 27.8415166 ], [ 85.0185156, 27.8415747 ], [ 85.0183801, 27.8416056 ], [ 85.0182004, 27.8415902 ], [ 85.0181857, 27.8415605 ] ] ] } },
{ "type": "Feature", "properties": { "id": "way/1554536735", "name": null, "name_en": null, "name_ne": null, "status": "Standing", "landuse": "residential", "population": null, "source": null, "adm0_pcode": "NPL", "adm0_name": "Nepal", "adm1_pcode": "NP03", "adm1_name": "Bagmati", "adm2_pcode": "NP0330", "adm2_name": "Dhading", "adm3_pcode": "NP0330410", "adm3_name": "Galchhi", "adm4_pcode": null, "adm4_name": null, "name_latin": null }, "geometry": { "type": "Polygon", "coordinates": [ [ [ 84.9636289, 27.8097756 ], [ 84.9658151, 27.809362 ], [ 84.9658173, 27.8095856 ], [ 84.9637027, 27.8101695 ], [ 84.9636289, 27.8097756 ] ] ] } },
{ "type": "Feature", "properties": { "id": "way/1554542865", "name": null, "name_en": null, "name_ne": null, "status": "Standing", "landuse": "residential", "population": null, "source": null, "adm0_pcode": "NPL", "adm0_name": "Nepal", "adm1_pcode": "NP03", "adm1_name": "Bagmati", "adm2_pcode": "NP0328", "adm2_name": "Nuwakot", "adm3_pcode": "NP0328302", "adm3_name": "Belkotgadhi", "adm4_pcode": null, "adm4_name": null, "name_latin": null }, "geometry": { "type": "Polygon", "coordinates": [ [ [ 85.023313, 27.8321375 ], [ 85.0237866, 27.8319729 ], [ 85.0242896, 27.8330648 ], [ 85.0235775, 27.8331919 ], [ 85.023313, 27.8321375 ] ] ] } },
{ "type": "Feature", "properties": { "id": "way/1554020391", "name": null, "name_en": null, "name_ne": null, "status": "Standing", "landuse": "residential", "population": null, "source": null, "adm0_pcode": "NPL", "adm0_name": "Nepal", "adm1_pcode": "NP03", "adm1_name": "Bagmati", "adm2_pcode": "NP0328", "adm2_name": "Nuwakot", "adm3_pcode": "NP0328402", "adm3_name": "Kispang", "adm4_pcode": null, "adm4_name": null, "name_latin": null }, "geometry": { "type": "Polygon", "coordinates": [ [ [ 85.1798476, 28.0146521 ], [ 85.1802487, 28.0145338 ], [ 85.1807188, 28.0145515 ], [ 85.1811357, 28.0144056 ], [ 85.181377, 28.0145226 ], [ 85.1812506, 28.0146965 ], [ 85.1812425, 28.0148338 ], [ 85.1813981, 28.0148362 ], [ 85.1814893, 28.0149072 ], [ 85.1815993, 28.0148338 ], [ 85.1816405, 28.0146028 ], [ 85.181893, 28.0145426 ], [ 85.1823906, 28.014402 ], [ 85.1827392, 28.0144431 ], [ 85.1827513, 28.01423 ], [ 85.182872, 28.0142548 ], [ 85.1828304, 28.014462 ], [ 85.1829377, 28.0145461 ], [ 85.1830611, 28.014552 ], [ 85.1830436, 28.0144537 ], [ 85.1833591, 28.0144446 ], [ 85.1837912, 28.015079 ], [ 85.1836393, 28.0152301 ], [ 85.1836109, 28.0153832 ], [ 85.1837638, 28.0154921 ], [ 85.1839086, 28.0155844 ], [ 85.1840383, 28.015541 ], [ 85.1844444, 28.0157159 ], [ 85.1844535, 28.0158867 ], [ 85.1842761, 28.015878 ], [ 85.18426, 28.0157952 ], [ 85.1840696, 28.015717 ], [ 85.1838691, 28.0157288 ], [ 85.1838496, 28.0156602 ], [ 85.1836914, 28.0156152 ], [ 85.1836002, 28.015601 ], [ 85.1835787, 28.0158946 ], [ 85.1837933, 28.015987 ], [ 85.1837559, 28.016105 ], [ 85.1834741, 28.0159905 ], [ 85.1834004, 28.0161267 ], [ 85.1833789, 28.0162344 ], [ 85.1835586, 28.0163197 ], [ 85.1834741, 28.0163978 ], [ 85.1833393, 28.0163345 ], [ 85.1832857, 28.01647 ], [ 85.1832495, 28.0166703 ], [ 85.182899, 28.0166422 ], [ 85.1828801, 28.0164823 ], [ 85.182994, 28.0164333 ], [ 85.1830718, 28.0162474 ], [ 85.1828921, 28.0161598 ], [ 85.1828465, 28.0159515 ], [ 85.18242, 28.0157525 ], [ 85.1818809, 28.0152837 ], [ 85.1817843, 28.0154305 ], [ 85.1816374, 28.0153551 ], [ 85.181492, 28.0151535 ], [ 85.1810199, 28.0149853 ], [ 85.1803681, 28.014777 ], [ 85.1801728, 28.0149429 ], [ 85.1800516, 28.014848 ], [ 85.1799231, 28.0148227 ], [ 85.1798476, 28.0146521 ] ] ] } },
{ "type": "Feature", "properties": { "id": "way/341235350", "name": null, "name_en": null, "name_ne": null, "status": "Standing", "landuse": "residential", "population": null, "source": null, "adm0_pcode": "NPL", "adm0_name": "Nepal", "adm1_pcode": "NP03", "adm1_name": "Bagmati", "adm2_pcode": "NP0328", "adm2_name": "Nuwakot", "adm3_pcode": "NP0328301", "adm3_name": "Bidur", "adm4_pcode": null, "adm4_name": null, "name_latin": null }, "geometry": { "type": "Polygon", "coordinates": [ [ [ 85.1167547, 27.8742409 ], [ 85.1168633, 27.8741259 ], [ 85.1172289, 27.8743955 ], [ 85.1171449, 27.8744845 ], [ 85.1172417, 27.8745558 ], [ 85.1172208, 27.874578 ], [ 85.1172874, 27.8746271 ], [ 85.1173464, 27.8745645 ], [ 85.1175729, 27.8747314 ], [ 85.1174915, 27.8748177 ], [ 85.1174603, 27.8747947 ], [ 85.1174337, 27.8748228 ], [ 85.1173986, 27.8747969 ], [ 85.1173313, 27.8748683 ], [ 85.1169404, 27.8745801 ], [ 85.1169929, 27.8745245 ], [ 85.1169097, 27.8744631 ], [ 85.1169446, 27.8744262 ], [ 85.11684, 27.874349 ], [ 85.1168652, 27.8743224 ], [ 85.1167547, 27.8742409 ] ] ] } },
{ "type": "Feature", "properties": { "id": "way/341236663", "name": null, "name_en": null, "name_ne": null, "status": "Standing", "landuse": "residential", "population": null, "source": null, "adm0_pcode": "NPL", "adm0_name": "Nepal", "adm1_pcode": "NP03", "adm1_name": "Bagmati", "adm2_pcode": "NP0328", "adm2_name": "Nuwakot", "adm3_pcode": "NP0328301", "adm3_name": "Bidur", "adm4_pcode": null, "adm4_name": null, "name_latin": null }, "geometry": { "type": "Polygon", "coordinates": [ [ [ 85.116797, 27.8735746 ], [ 85.116876, 27.8734361 ], [ 85.1170179, 27.8734994 ], [ 85.1169683, 27.8735863 ], [ 85.1171274, 27.8736572 ], [ 85.1172234, 27.87368 ], [ 85.1174043, 27.8737607 ], [ 85.117508, 27.8738088 ], [ 85.1173997, 27.8739912 ], [ 85.1170034, 27.8738072 ], [ 85.116797, 27.8735746 ] ] ] } },
{ "type": "Feature", "properties": { "id": "way/341580834", "name": null, "name_en": null, "name_ne": null, "status": "Standing", "landuse": "residential", "population": null, "source": null, "adm0_pcode": "NPL", "adm0_name": "Nepal", "adm1_pcode": "NP03", "adm1_name": "Bagmati", "adm2_pcode": "NP0328", "adm2_name": "Nuwakot", "adm3_pcode": "NP0328301", "adm3_name": "Bidur", "adm4_pcode": null, "adm4_name": null, "name_latin": null }, "geometry": { "type": "Polygon", "coordinates": [ [ [ 85.1238124, 27.8786564 ], [ 85.1238661, 27.8781964 ], [ 85.124601, 27.878213 ], [ 85.1246184, 27.8789053 ], [ 85.124208, 27.8789776 ], [ 85.1238124, 27.8786564 ] ] ] } },
{ "type": "Feature", "properties": { "id": "way/1554106376", "name": null, "name_en": null, "name_ne": null, "status": "Standing", "landuse": "residential", "population": null, "source": null, "adm0_pcode": "NPL", "adm0_name": "Nepal", "adm1_pcode": "NP03", "adm1_name": "Bagmati", "adm2_pcode": "NP0329", "adm2_name": "Rasuwa", "adm3_pcode": "NP0329402", "adm3_name": "Gosaikunda", "adm4_pcode": null, "adm4_name": null, "name_latin": null }, "geometry": { "type": "Polygon", "coordinates": [ [ [ 85.3196378, 28.1453725 ], [ 85.3197424, 28.145246 ], [ 85.3199529, 28.145227 ], [ 85.3200361, 28.1454364 ], [ 85.3201621, 28.1453808 ], [ 85.3205671, 28.1453654 ], [ 85.3207616, 28.1454955 ], [ 85.321007, 28.1454978 ], [ 85.3213879, 28.1456326 ], [ 85.3216841, 28.1458946 ], [ 85.3219025, 28.14592 ], [ 85.3220002, 28.1460936 ], [ 85.3222731, 28.1461426 ], [ 85.3223961, 28.146368 ], [ 85.3223831, 28.1464961 ], [ 85.3222545, 28.1464924 ], [ 85.3222263, 28.1464247 ], [ 85.3220637, 28.146435 ], [ 85.3219968, 28.1462537 ], [ 85.3218057, 28.1462909 ], [ 85.3215489, 28.1461 ], [ 85.321353, 28.1461878 ], [ 85.3210446, 28.1457036 ], [ 85.3209963, 28.1457485 ], [ 85.3209453, 28.1457745 ], [ 85.3209614, 28.1458337 ], [ 85.3209909, 28.1458881 ], [ 85.321007, 28.1459708 ], [ 85.3209051, 28.1460229 ], [ 85.3206637, 28.1460465 ], [ 85.3206503, 28.1459567 ], [ 85.3203955, 28.1459969 ], [ 85.3204062, 28.1462192 ], [ 85.3201514, 28.1462215 ], [ 85.3201328, 28.1461675 ], [ 85.3200304, 28.1461679 ], [ 85.3198733, 28.1461996 ], [ 85.3198483, 28.1461198 ], [ 85.3198993, 28.1460583 ], [ 85.3199046, 28.1459898 ], [ 85.3198134, 28.1458644 ], [ 85.3197316, 28.1458561 ], [ 85.3196995, 28.1456763 ], [ 85.3198054, 28.1455971 ], [ 85.3196378, 28.1453725 ] ] ] } },
{ "type": "Feature", "properties": { "id": "way/342040342", "name": null, "name_en": null, "name_ne": null, "status": "Standing", "landuse": "residential", "population": null, "source": null, "adm0_pcode": "NPL", "adm0_name": "Nepal", "adm1_pcode": "NP03", "adm1_name": "Bagmati", "adm2_pcode": "NP0328", "adm2_name": "Nuwakot", "adm3_pcode": "NP0328301", "adm3_name": "Bidur", "adm4_pcode": null, "adm4_name": null, "name_latin": null }, "geometry": { "type": "Polygon", "coordinates": [ [ [ 85.1550621, 27.9294249 ], [ 85.15509, 27.9293283 ], [ 85.1552551, 27.9292831 ], [ 85.1552574, 27.9292359 ], [ 85.1555783, 27.9291681 ], [ 85.1556318, 27.9293776 ], [ 85.1552504, 27.9294578 ], [ 85.1551574, 27.929468 ], [ 85.1550621, 27.9294249 ] ] ] } },
{ "type": "Feature", "properties": { "id": "way/1267599154", "name": "मास्टार जग्गा एकिकरण क्षेत्र", "name_en": "Mastar Land Pooling Area", "name_ne": "मास्टार जग्गा एकिकरण क्षेत्र", "status": "Standing", "landuse": "residential", "population": null, "source": null, "adm0_pcode": "NPL", "adm0_name": "Nepal", "adm1_pcode": "NP03", "adm1_name": "Bagmati", "adm2_pcode": "NP0330", "adm2_name": "Dhading", "adm3_pcode": "NP0330410", "adm3_name": "Galchhi", "adm4_pcode": null, "adm4_name": null, "name_latin": "Mastar Land Pooling Area" }, "geometry": { "type": "Polygon", "coordinates": [ [ [ 84.952324, 27.8101796 ], [ 84.9527067, 27.8099796 ], [ 84.9526904, 27.8096259 ], [ 84.9533315, 27.8096428 ], [ 84.9534222, 27.8098334 ], [ 84.9534343, 27.8098272 ], [ 84.953656, 27.8097845 ], [ 84.9542668, 27.8096305 ], [ 84.9543022, 27.8095434 ], [ 84.9542802, 27.8095051 ], [ 84.9542837, 27.8094551 ], [ 84.9545146, 27.809346 ], [ 84.9545797, 27.8093275 ], [ 84.9548727, 27.8092219 ], [ 84.9551121, 27.8091911 ], [ 84.9553531, 27.8091864 ], [ 84.9555032, 27.8092112 ], [ 84.9556196, 27.8087789 ], [ 84.955883, 27.808651 ], [ 84.9562929, 27.8089687 ], [ 84.9566595, 27.8092581 ], [ 84.9568189, 27.8097002 ], [ 84.9569274, 27.8097742 ], [ 84.9572088, 27.8097779 ], [ 84.9577556, 27.8099481 ], [ 84.9579385, 27.8098468 ], [ 84.9579831, 27.8098594 ], [ 84.9581327, 27.8104251 ], [ 84.9583767, 27.8106418 ], [ 84.9589162, 27.8106472 ], [ 84.9595424, 27.8102988 ], [ 84.9597974, 27.8102871 ], [ 84.9598393, 27.8102897 ], [ 84.9598781, 27.8103095 ], [ 84.9600712, 27.8104614 ], [ 84.9605533, 27.8103905 ], [ 84.961245, 27.8104115 ], [ 84.961259, 27.8107656 ], [ 84.9615108, 27.8112053 ], [ 84.9615081, 27.811306 ], [ 84.9621478, 27.8118015 ], [ 84.962303, 27.8116026 ], [ 84.9623932, 27.8114979 ], [ 84.9624255, 27.8114691 ], [ 84.9624419, 27.8114402 ], [ 84.9625991, 27.8113272 ], [ 84.9626555, 27.811293 ], [ 84.9638924, 27.8106982 ], [ 84.9638866, 27.8107221 ], [ 84.9638862, 27.8108339 ], [ 84.9638939, 27.8109208 ], [ 84.9638664, 27.8109976 ], [ 84.9639209, 27.8110728 ], [ 84.9640292, 27.8111231 ], [ 84.9641207, 27.811129 ], [ 84.9643257, 27.8112355 ], [ 84.9644022, 27.8113268 ], [ 84.9642726, 27.8114291 ], [ 84.9642136, 27.8115291 ], [ 84.9641806, 27.8115702 ], [ 84.9639435, 27.8117277 ], [ 84.9638245, 27.8117977 ], [ 84.9637205, 27.8119192 ], [ 84.96351, 27.8128633 ], [ 84.9635188, 27.8128773 ], [ 84.9633225, 27.8132716 ], [ 84.9631113, 27.8136031 ], [ 84.9629481, 27.813984 ], [ 84.9629347, 27.8139957 ], [ 84.9629335, 27.8140234 ], [ 84.962839, 27.8142013 ], [ 84.96275, 27.8144422 ], [ 84.9627528, 27.8144514 ], [ 84.9627082, 27.8145488 ], [ 84.9626897, 27.8146111 ], [ 84.9624346, 27.8150681 ], [ 84.9621466, 27.8152848 ], [ 84.9621398, 27.8153001 ], [ 84.9619154, 27.8155639 ], [ 84.9618389, 27.8156312 ], [ 84.9616597, 27.815892 ], [ 84.9614061, 27.8161929 ], [ 84.961401, 27.8162053 ], [ 84.9611462, 27.8163749 ], [ 84.9609935, 27.8165658 ], [ 84.960822, 27.8166603 ], [ 84.9604931, 27.8167772 ], [ 84.9603509, 27.8168359 ], [ 84.9600849, 27.8169605 ], [ 84.96003, 27.8169613 ], [ 84.9598338, 27.8165867 ], [ 84.9597211, 27.8161563 ], [ 84.9596354, 27.8159376 ], [ 84.9591011, 27.8151493 ], [ 84.9590995, 27.8151463 ], [ 84.958983, 27.81489 ], [ 84.9589068, 27.814716 ], [ 84.9587547, 27.8144225 ], [ 84.9586107, 27.8142861 ], [ 84.9584882, 27.8139338 ], [ 84.958474, 27.8139237 ], [ 84.9583006, 27.8140934 ], [ 84.9581087, 27.8143095 ], [ 84.9578683, 27.8146501 ], [ 84.9577746, 27.8146657 ], [ 84.9577148, 27.814725 ], [ 84.9575957, 27.8148796 ], [ 84.9574072, 27.8149569 ], [ 84.9573903, 27.8149696 ], [ 84.9573889, 27.8149568 ], [ 84.9569185, 27.8151828 ], [ 84.9561305, 27.815653 ], [ 84.9555518, 27.8156122 ], [ 84.9536598, 27.8144294 ], [ 84.9546589, 27.8137224 ], [ 84.9550594, 27.8134573 ], [ 84.9552167, 27.8132425 ], [ 84.9555094, 27.8122564 ], [ 84.9555789, 27.81204 ], [ 84.9556457, 27.8117944 ], [ 84.9558937, 27.8109618 ], [ 84.9558541, 27.8108165 ], [ 84.9558745, 27.8105413 ], [ 84.955898, 27.8104614 ], [ 84.9559185, 27.8102138 ], [ 84.955721, 27.8102636 ], [ 84.9556338, 27.8099303 ], [ 84.9556546, 27.8097359 ], [ 84.9554689, 27.8098474 ], [ 84.9551337, 27.8100255 ], [ 84.954827, 27.8101341 ], [ 84.9547308, 27.8101513 ], [ 84.9546903, 27.8100706 ], [ 84.9545519, 27.8101496 ], [ 84.954479, 27.8100642 ], [ 84.9543394, 27.810131 ], [ 84.9539009, 27.8101823 ], [ 84.9535288, 27.8104421 ], [ 84.953416, 27.8105769 ], [ 84.9533392, 27.8106419 ], [ 84.9531684, 27.8106218 ], [ 84.9530168, 27.8107542 ], [ 84.9527757, 27.8106055 ], [ 84.952324, 27.8101796 ] ] ] } },
{ "type": "Feature", "properties": { "id": "way/1554552841", "name": null, "name_en": null, "name_ne": null, "status": "Standing", "landuse": "residential", "population": null, "source": null, "adm0_pcode": "NPL", "adm0_name": "Nepal", "adm1_pcode": "NP03", "adm1_name": "Bagmati", "adm2_pcode": "NP0330", "adm2_name": "Dhading", "adm3_pcode": "NP0330410", "adm3_name": "Galchhi", "adm4_pcode": null, "adm4_name": null, "name_latin": null }, "geometry": { "type": "Polygon", "coordinates": [ [ [ 85.0104739, 27.8109366 ], [ 85.0110084, 27.8104543 ], [ 85.01123, 27.8108085 ], [ 85.0110459, 27.8112132 ], [ 85.0110459, 27.8113942 ], [ 85.0109614, 27.8118384 ], [ 85.0109279, 27.8119369 ], [ 85.0107381, 27.8118989 ], [ 85.010713, 27.8118186 ], [ 85.0107801, 27.8115647 ], [ 85.0106858, 27.8112355 ], [ 85.0104739, 27.8109366 ] ] ] } },
{ "type": "Feature", "properties": { "id": "way/1554563923", "name": null, "name_en": null, "name_ne": null, "status": "Standing", "landuse": "residential", "population": null, "source": null, "adm0_pcode": "NPL", "adm0_name": "Nepal", "adm1_pcode": "NP03", "adm1_name": "Bagmati", "adm2_pcode": "NP0330", "adm2_name": "Dhading", "adm3_pcode": "NP0330410", "adm3_name": "Galchhi", "adm4_pcode": null, "adm4_name": null, "name_latin": null }, "geometry": { "type": "Polygon", "coordinates": [ [ [ 85.006275, 27.8036271 ], [ 85.006775, 27.8033039 ], [ 85.0075684, 27.8038884 ], [ 85.0072357, 27.8040701 ], [ 85.0069273, 27.8042165 ], [ 85.006522, 27.804097 ], [ 85.006275, 27.8036271 ] ] ] } },
{ "type": "Feature", "properties": { "id": "way/1554583104", "name": null, "name_en": null, "name_ne": null, "status": "Standing", "landuse": "residential", "population": null, "source": null, "adm0_pcode": "NPL", "adm0_name": "Nepal", "adm1_pcode": "NP03", "adm1_name": "Bagmati", "adm2_pcode": "NP0330", "adm2_name": "Dhading", "adm3_pcode": "NP0330407", "adm3_name": "Siddhalek", "adm4_pcode": null, "adm4_name": null, "name_latin": null }, "geometry": { "type": "Polygon", "coordinates": [ [ [ 84.8529024, 27.8092421 ], [ 84.8546583, 27.8084378 ], [ 84.8549321, 27.8090246 ], [ 84.8547214, 27.8096973 ], [ 84.8548906, 27.810067 ], [ 84.8546458, 27.8109619 ], [ 84.8535471, 27.8105643 ], [ 84.8532832, 27.809972 ], [ 84.8529024, 27.8092421 ] ] ] } },
{ "type": "Feature", "properties": { "id": "way/1554523282", "name": null, "name_en": null, "name_ne": null, "status": "Standing", "landuse": "residential", "population": null, "source": null, "adm0_pcode": "NPL", "adm0_name": "Nepal", "adm1_pcode": "NP03", "adm1_name": "Bagmati", "adm2_pcode": "NP0330", "adm2_name": "Dhading", "adm3_pcode": "NP0330407", "adm3_name": "Siddhalek", "adm4_pcode": null, "adm4_name": null, "name_latin": null }, "geometry": { "type": "Polygon", "coordinates": [ [ [ 84.8839259, 27.8104068 ], [ 84.8848798, 27.8098146 ], [ 84.8850866, 27.8100759 ], [ 84.8846677, 27.8105651 ], [ 84.8840474, 27.8108847 ], [ 84.8839259, 27.8104068 ] ] ] } },
{ "type": "Feature", "properties": { "id": "way/1554529768", "name": null, "name_en": null, "name_ne": null, "status": "Standing", "landuse": "residential", "population": null, "source": null, "adm0_pcode": "NPL", "adm0_name": "Nepal", "adm1_pcode": "NP03", "adm1_name": "Bagmati", "adm2_pcode": "NP0330", "adm2_name": "Dhading", "adm3_pcode": "NP0330409", "adm3_name": "Gajuri", "adm4_pcode": null, "adm4_name": null, "name_latin": null }, "geometry": { "type": "Polygon", "coordinates": [ [ [ 84.8767072, 27.807152 ], [ 84.8767501, 27.8068602 ], [ 84.8771578, 27.8066823 ], [ 84.8772597, 27.8064213 ], [ 84.8774689, 27.8055862 ], [ 84.8776138, 27.8054486 ], [ 84.8777398, 27.805413 ], [ 84.8779464, 27.8054415 ], [ 84.8779598, 27.8060085 ], [ 84.8783246, 27.8060773 ], [ 84.8784909, 27.8061959 ], [ 84.8785686, 27.8059183 ], [ 84.878574, 27.8055387 ], [ 84.8787859, 27.805432 ], [ 84.8791493, 27.8055435 ], [ 84.8793302, 27.8056063 ], [ 84.8793227, 27.8056719 ], [ 84.8792687, 27.8057333 ], [ 84.8792325, 27.8059373 ], [ 84.8791492, 27.8062567 ], [ 84.8790032, 27.8064735 ], [ 84.8788235, 27.806846 ], [ 84.87881, 27.807171 ], [ 84.8784989, 27.8074083 ], [ 84.8776017, 27.8073543 ], [ 84.8770478, 27.8072659 ], [ 84.8767072, 27.807152 ] ] ] } },
{ "type": "Feature", "properties": { "id": "way/1554597211", "name": null, "name_en": null, "name_ne": null, "status": "Standing", "landuse": "residential", "population": null, "source": null, "adm0_pcode": "NPL", "adm0_name": "Nepal", "adm1_pcode": "NP03", "adm1_name": "Bagmati", "adm2_pcode": "NP0330", "adm2_name": "Dhading", "adm3_pcode": "NP0330407", "adm3_name": "Siddhalek", "adm4_pcode": null, "adm4_name": null, "name_latin": null }, "geometry": { "type": "Polygon", "coordinates": [ [ [ 84.9006079, 27.8081205 ], [ 84.9026019, 27.8080846 ], [ 84.9034164, 27.8078141 ], [ 84.9050824, 27.8088997 ], [ 84.9048207, 27.809594 ], [ 84.9042826, 27.8096527 ], [ 84.9042347, 27.8107513 ], [ 84.9055947, 27.810546 ], [ 84.9058711, 27.8111556 ], [ 84.9049681, 27.8116218 ], [ 84.9038586, 27.8115313 ], [ 84.9035765, 27.8131656 ], [ 84.9028656, 27.8131911 ], [ 84.9025412, 27.8128416 ], [ 84.9024669, 27.811448 ], [ 84.9028145, 27.8104303 ], [ 84.9032902, 27.8102453 ], [ 84.9033206, 27.8089919 ], [ 84.900618, 27.8090814 ], [ 84.9006079, 27.8081205 ] ] ] } },
{ "type": "Feature", "properties": { "id": "way/1554061560", "name": null, "name_en": null, "name_ne": null, "status": "Standing", "landuse": "residential", "population": null, "source": null, "adm0_pcode": "NPL", "adm0_name": "Nepal", "adm1_pcode": "NP03", "adm1_name": "Bagmati", "adm2_pcode": "NP0328", "adm2_name": "Nuwakot", "adm3_pcode": "NP0328301", "adm3_name": "Bidur", "adm4_pcode": null, "adm4_name": null, "name_latin": null }, "geometry": { "type": "Polygon", "coordinates": [ [ [ 85.1449066, 27.9324933 ], [ 85.1452714, 27.9321094 ], [ 85.1454055, 27.9317398 ], [ 85.14503, 27.9311805 ], [ 85.1455611, 27.9309483 ], [ 85.1458293, 27.93119 ], [ 85.1457435, 27.9320289 ], [ 85.1458615, 27.9325407 ], [ 85.1459473, 27.9329862 ], [ 85.1450729, 27.9329815 ], [ 85.1449066, 27.9324933 ] ] ] } },
{ "type": "Feature", "properties": { "id": "way/341268219", "name": null, "name_en": null, "name_ne": null, "status": "Standing", "landuse": "residential", "population": null, "source": null, "adm0_pcode": "NPL", "adm0_name": "Nepal", "adm1_pcode": "NP03", "adm1_name": "Bagmati", "adm2_pcode": "NP0335", "adm2_name": "Chitawan", "adm3_pcode": "NP0335401", "adm3_name": "Ichchha Kamana", "adm4_pcode": null, "adm4_name": null, "name_latin": null }, "geometry": { "type": "Polygon", "coordinates": [ [ [ 84.6123755, 27.8777576 ], [ 84.612397, 27.8776628 ], [ 84.6126357, 27.877677 ], [ 84.6128135, 27.8775308 ], [ 84.6126422, 27.8773208 ], [ 84.6129649, 27.8770794 ], [ 84.6128677, 27.8764785 ], [ 84.6130407, 27.8764832 ], [ 84.6131262, 27.877098 ], [ 84.6132319, 27.8771102 ], [ 84.6133765, 27.8773609 ], [ 84.6130859, 27.8776343 ], [ 84.6130809, 27.8776984 ], [ 84.6128583, 27.8780042 ], [ 84.6126303, 27.8779568 ], [ 84.612692, 27.8777885 ], [ 84.6123755, 27.8777576 ] ] ] } },
{ "type": "Feature", "properties": { "id": "way/1554449664", "name": null, "name_en": null, "name_ne": null, "status": "Standing", "landuse": "residential", "population": null, "source": null, "adm0_pcode": "NPL", "adm0_name": "Nepal", "adm1_pcode": "NP03", "adm1_name": "Bagmati", "adm2_pcode": "NP0335", "adm2_name": "Chitawan", "adm3_pcode": "NP0335401", "adm3_name": "Ichchha Kamana", "adm4_pcode": null, "adm4_name": null, "name_latin": null }, "geometry": { "type": "Polygon", "coordinates": [ [ [ 84.6082932, 27.8734448 ], [ 84.6084961, 27.8734597 ], [ 84.6086499, 27.8734709 ], [ 84.6089664, 27.8735207 ], [ 84.608961, 27.8736464 ], [ 84.6087223, 27.8736132 ], [ 84.6086875, 27.8738977 ], [ 84.6086955, 27.8741253 ], [ 84.6089584, 27.8741466 ], [ 84.6093902, 27.8741751 ], [ 84.6095726, 27.8741656 ], [ 84.6095726, 27.8740874 ], [ 84.6095806, 27.8738835 ], [ 84.6100366, 27.8738503 ], [ 84.6103558, 27.8738266 ], [ 84.6107957, 27.8738432 ], [ 84.6107823, 27.8739712 ], [ 84.6100475, 27.8739699 ], [ 84.6100554, 27.8740565 ], [ 84.6097362, 27.8741087 ], [ 84.6097469, 27.8743648 ], [ 84.6092212, 27.8743316 ], [ 84.608953, 27.8743126 ], [ 84.6088216, 27.874424 ], [ 84.6084622, 27.8743956 ], [ 84.6083441, 27.874002 ], [ 84.6083039, 27.8737531 ], [ 84.6082985, 27.8735992 ], [ 84.6082932, 27.8734448 ] ] ] } },
{ "type": "Feature", "properties": { "id": "way/1554494407", "name": null, "name_en": null, "name_ne": null, "status": "Standing", "landuse": "residential", "population": null, "source": null, "adm0_pcode": "NPL", "adm0_name": "Nepal", "adm1_pcode": "NP03", "adm1_name": "Bagmati", "adm2_pcode": "NP0330", "adm2_name": "Dhading", "adm3_pcode": "NP0330408", "adm3_name": "Benighat Rorang", "adm4_pcode": null, "adm4_name": null, "name_latin": null }, "geometry": { "type": "Polygon", "coordinates": [ [ [ 84.7054764, 27.8005278 ], [ 84.7057006, 27.8000241 ], [ 84.7059487, 27.7995827 ], [ 84.7063625, 27.7995403 ], [ 84.7062546, 27.8003448 ], [ 84.705727, 27.8006722 ], [ 84.7054764, 27.8005278 ] ] ] } },
{ "type": "Feature", "properties": { "id": "way/1554494422", "name": null, "name_en": null, "name_ne": null, "status": "Standing", "landuse": "residential", "population": null, "source": null, "adm0_pcode": "NPL", "adm0_name": "Nepal", "adm1_pcode": "NP03", "adm1_name": "Bagmati", "adm2_pcode": "NP0330", "adm2_name": "Dhading", "adm3_pcode": "NP0330408", "adm3_name": "Benighat Rorang", "adm4_pcode": null, "adm4_name": null, "name_latin": null }, "geometry": { "type": "Polygon", "coordinates": [ [ [ 84.72046, 27.799935 ], [ 84.7215751, 27.7997825 ], [ 84.7219594, 27.8003878 ], [ 84.721201, 27.8007828 ], [ 84.720871, 27.8003505 ], [ 84.7204613, 27.8002433 ], [ 84.72046, 27.799935 ] ] ] } },
{ "type": "Feature", "properties": { "id": "way/1090959399", "name": null, "name_en": null, "name_ne": null, "status": "Standing", "landuse": "residential", "population": null, "source": null, "adm0_pcode": "NPL", "adm0_name": "Nepal", "adm1_pcode": "NP03", "adm1_name": "Bagmati", "adm2_pcode": "NP0330", "adm2_name": "Dhading", "adm3_pcode": "NP0330408", "adm3_name": "Benighat Rorang", "adm4_pcode": null, "adm4_name": null, "name_latin": null }, "geometry": { "type": "Polygon", "coordinates": [ [ [ 84.7532473, 27.8024512 ], [ 84.753478, 27.8023347 ], [ 84.7536957, 27.8025422 ], [ 84.7537574, 27.8026419 ], [ 84.7538057, 27.8025256 ], [ 84.7539318, 27.8026039 ], [ 84.754141, 27.8025944 ], [ 84.7544816, 27.8024781 ], [ 84.7546399, 27.8025588 ], [ 84.7550127, 27.8025636 ], [ 84.755069, 27.8026703 ], [ 84.7549537, 27.8027652 ], [ 84.754656, 27.8027629 ], [ 84.7544414, 27.8028198 ], [ 84.7542623, 27.8028417 ], [ 84.754198, 27.80291 ], [ 84.7541369, 27.8030096 ], [ 84.7542845, 27.8033252 ], [ 84.7541758, 27.8033649 ], [ 84.7539335, 27.8032673 ], [ 84.753693, 27.8032813 ], [ 84.7537373, 27.8034106 ], [ 84.7538915, 27.8034141 ], [ 84.7540592, 27.8036087 ], [ 84.7541463, 27.8036638 ], [ 84.7541631, 27.8037949 ], [ 84.7541115, 27.8038353 ], [ 84.7539049, 27.8037451 ], [ 84.753803, 27.8035766 ], [ 84.753685, 27.8034319 ], [ 84.7535509, 27.8033275 ], [ 84.7535428, 27.803152 ], [ 84.7536367, 27.803012 ], [ 84.7537507, 27.8030523 ], [ 84.7539036, 27.8030357 ], [ 84.754035, 27.8029989 ], [ 84.7541141, 27.8029076 ], [ 84.7539961, 27.8026917 ], [ 84.7538727, 27.8027107 ], [ 84.7537181, 27.8028365 ], [ 84.7534669, 27.8027942 ], [ 84.7533142, 27.8026888 ], [ 84.7532473, 27.8024512 ] ] ] } },
{ "type": "Feature", "properties": { "id": "way/576576927", "name": null, "name_en": null, "name_ne": null, "status": "Standing", "landuse": "residential", "population": null, "source": null, "adm0_pcode": "NPL", "adm0_name": "Nepal", "adm1_pcode": "NP03", "adm1_name": "Bagmati", "adm2_pcode": "NP0330", "adm2_name": "Dhading", "adm3_pcode": "NP0330407", "adm3_name": "Siddhalek", "adm4_pcode": null, "adm4_name": null, "name_latin": null }, "geometry": { "type": "Polygon", "coordinates": [ [ [ 84.8718408, 27.8022891 ], [ 84.8720206, 27.8020712 ], [ 84.8722478, 27.8020075 ], [ 84.8723517, 27.8021324 ], [ 84.8723015, 27.8022766 ], [ 84.8722137, 27.8024651 ], [ 84.87218, 27.8024735 ], [ 84.87208, 27.8024984 ], [ 84.8720173, 27.8024947 ], [ 84.8718837, 27.8024792 ], [ 84.8718408, 27.8022891 ] ] ] } },
{ "type": "Feature", "properties": { "id": "way/1554532697", "name": null, "name_en": null, "name_ne": null, "status": "Standing", "landuse": "residential", "population": null, "source": null, "adm0_pcode": "NPL", "adm0_name": "Nepal", "adm1_pcode": "NP03", "adm1_name": "Bagmati", "adm2_pcode": "NP0330", "adm2_name": "Dhading", "adm3_pcode": "NP0330410", "adm3_name": "Galchhi", "adm4_pcode": null, "adm4_name": null, "name_latin": null }, "geometry": { "type": "Polygon", "coordinates": [ [ [ 84.9775682, 27.799829 ], [ 84.9775775, 27.7997023 ], [ 84.9776678, 27.7996445 ], [ 84.9778235, 27.799661 ], [ 84.9778982, 27.799796 ], [ 84.9778484, 27.7998648 ], [ 84.977839, 27.7999585 ], [ 84.9779605, 27.7999943 ], [ 84.9781255, 27.8000521 ], [ 84.9782562, 27.8000438 ], [ 84.9783808, 27.8001457 ], [ 84.9783309, 27.8002559 ], [ 84.9780663, 27.8001705 ], [ 84.9777986, 27.8001154 ], [ 84.9776367, 27.8000438 ], [ 84.9775682, 27.7999722 ], [ 84.9775682, 27.799829 ] ] ] } },
{ "type": "Feature", "properties": { "id": "way/341754375", "name": null, "name_en": null, "name_ne": null, "status": "Standing", "landuse": "residential", "population": null, "source": "MapBox", "adm0_pcode": "NPL", "adm0_name": "Nepal", "adm1_pcode": "NP03", "adm1_name": "Bagmati", "adm2_pcode": "NP0328", "adm2_name": "Nuwakot", "adm3_pcode": "NP0328301", "adm3_name": "Bidur", "adm4_pcode": null, "adm4_name": null, "name_latin": null }, "geometry": { "type": "Polygon", "coordinates": [ [ [ 85.1761991, 27.9692682 ], [ 85.1765212, 27.9690082 ], [ 85.1768254, 27.9686156 ], [ 85.1770243, 27.9687654 ], [ 85.1768488, 27.9689617 ], [ 85.176884, 27.9689872 ], [ 85.176959, 27.9690416 ], [ 85.1790415, 27.9703314 ], [ 85.1791518, 27.9703805 ], [ 85.1794801, 27.970399 ], [ 85.1796985, 27.9706979 ], [ 85.1799081, 27.970734 ], [ 85.1799883, 27.9708061 ], [ 85.1800746, 27.9711534 ], [ 85.1807605, 27.9718328 ], [ 85.1809483, 27.9721628 ], [ 85.1810177, 27.9722383 ], [ 85.1807052, 27.9725299 ], [ 85.1808195, 27.9739809 ], [ 85.1806117, 27.9740548 ], [ 85.1802373, 27.9734195 ], [ 85.18012, 27.9731225 ], [ 85.1798959, 27.9718231 ], [ 85.1800422, 27.9717611 ], [ 85.1797848, 27.9713427 ], [ 85.179621, 27.9714047 ], [ 85.1792371, 27.9717195 ], [ 85.1789841, 27.9715513 ], [ 85.1783752, 27.9710254 ], [ 85.1777257, 27.9705673 ], [ 85.1778429, 27.9702786 ], [ 85.1768807, 27.969849 ], [ 85.1761991, 27.9692682 ] ] ] } },
{ "type": "Feature", "properties": { "id": "way/1553990944", "name": null, "name_en": null, "name_ne": null, "status": "Standing", "landuse": "residential", "population": null, "source": null, "adm0_pcode": "NPL", "adm0_name": "Nepal", "adm1_pcode": "NP03", "adm1_name": "Bagmati", "adm2_pcode": "NP0328", "adm2_name": "Nuwakot", "adm3_pcode": "NP0328402", "adm3_name": "Kispang", "adm4_pcode": null, "adm4_name": null, "name_latin": null }, "geometry": { "type": "Polygon", "coordinates": [ [ [ 85.1809609, 27.9904438 ], [ 85.181331, 27.9903159 ], [ 85.181433, 27.9904769 ], [ 85.1817012, 27.9903633 ], [ 85.1820499, 27.991197 ], [ 85.1819265, 27.9912775 ], [ 85.1820445, 27.9915309 ], [ 85.1815671, 27.9916967 ], [ 85.1815188, 27.9926512 ], [ 85.1815027, 27.9928904 ], [ 85.1810119, 27.9929354 ], [ 85.1809877, 27.9926393 ], [ 85.1812854, 27.9925991 ], [ 85.1813257, 27.9920117 ], [ 85.1810735, 27.9917346 ], [ 85.1811701, 27.9916588 ], [ 85.1811191, 27.9914267 ], [ 85.1810414, 27.9909341 ], [ 85.1811835, 27.990863 ], [ 85.1809609, 27.9904438 ] ] ] } },
{ "type": "Feature", "properties": { "id": "way/594042051", "name": null, "name_en": null, "name_ne": null, "status": "Standing", "landuse": "residential", "population": null, "source": null, "adm0_pcode": "NPL", "adm0_name": "Nepal", "adm1_pcode": "NP03", "adm1_name": "Bagmati", "adm2_pcode": "NP0330", "adm2_name": "Dhading", "adm3_pcode": "NP0330407", "adm3_name": "Siddhalek", "adm4_pcode": null, "adm4_name": null, "name_latin": null }, "geometry": { "type": "Polygon", "coordinates": [ [ [ 84.8399824, 27.7996466 ], [ 84.8400249, 27.7996153 ], [ 84.8401523, 27.7996403 ], [ 84.8402942, 27.7996523 ], [ 84.8403297, 27.7996802 ], [ 84.8404221, 27.799753 ], [ 84.8402153, 27.7999133 ], [ 84.8400065, 27.7997318 ], [ 84.8399824, 27.7996466 ] ] ] } },
{ "type": "Feature", "properties": { "id": "way/342218759", "name": null, "name_en": null, "name_ne": null, "status": "Standing", "landuse": "residential", "population": null, "source": null, "adm0_pcode": "NPL", "adm0_name": "Nepal", "adm1_pcode": "NP03", "adm1_name": "Bagmati", "adm2_pcode": "NP0328", "adm2_name": "Nuwakot", "adm3_pcode": "NP0328301", "adm3_name": "Bidur", "adm4_pcode": null, "adm4_name": null, "name_latin": null }, "geometry": { "type": "Polygon", "coordinates": [ [ [ 85.1681276, 27.9671366 ], [ 85.168258, 27.9669531 ], [ 85.1683424, 27.9663786 ], [ 85.1685183, 27.9662643 ], [ 85.1684898, 27.9661265 ], [ 85.1682724, 27.9658845 ], [ 85.1682246, 27.9653101 ], [ 85.1684489, 27.965249 ], [ 85.1687423, 27.9656143 ], [ 85.1694751, 27.9659843 ], [ 85.1691833, 27.9664468 ], [ 85.1692406, 27.9671973 ], [ 85.1684397, 27.9673128 ], [ 85.1681276, 27.9671366 ] ] ] } },
{ "type": "Feature", "properties": { "id": "way/341356053", "name": null, "name_en": null, "name_ne": null, "status": "Standing", "landuse": "residential", "population": null, "source": "Bing", "adm0_pcode": "NPL", "adm0_name": "Nepal", "adm1_pcode": "NP03", "adm1_name": "Bagmati", "adm2_pcode": "NP0328", "adm2_name": "Nuwakot", "adm3_pcode": "NP0328301", "adm3_name": "Bidur", "adm4_pcode": null, "adm4_name": null, "name_latin": null }, "geometry": { "type": "Polygon", "coordinates": [ [ [ 85.1710475, 27.9617923 ], [ 85.1715207, 27.9614704 ], [ 85.1719611, 27.9618561 ], [ 85.1724113, 27.9616153 ], [ 85.1727168, 27.9619529 ], [ 85.1729595, 27.9622964 ], [ 85.1731047, 27.9623111 ], [ 85.1730873, 27.9621311 ], [ 85.1731892, 27.9621239 ], [ 85.1732321, 27.962317 ], [ 85.1733662, 27.9623099 ], [ 85.173448, 27.9624994 ], [ 85.1735057, 27.9627648 ], [ 85.1733273, 27.9628998 ], [ 85.1732242, 27.9630321 ], [ 85.1736938, 27.9634467 ], [ 85.1735166, 27.9636541 ], [ 85.1729553, 27.9630678 ], [ 85.1727469, 27.9628169 ], [ 85.172694, 27.9628612 ], [ 85.1725939, 27.9627775 ], [ 85.1724297, 27.9626943 ], [ 85.1723289, 27.9626588 ], [ 85.172267, 27.9627255 ], [ 85.1719732, 27.9627856 ], [ 85.1717603, 27.9626811 ], [ 85.1716413, 27.9626001 ], [ 85.1715512, 27.9624489 ], [ 85.1714611, 27.9623171 ], [ 85.1710475, 27.9617923 ] ] ] } },
{ "type": "Feature", "properties": { "id": "way/1554759488", "name": null, "name_en": null, "name_ne": null, "status": "Standing", "landuse": "residential", "population": null, "source": null, "adm0_pcode": "NPL", "adm0_name": "Nepal", "adm1_pcode": "NP03", "adm1_name": "Bagmati", "adm2_pcode": "NP0330", "adm2_name": "Dhading", "adm3_pcode": "NP0330410", "adm3_name": "Galchhi", "adm4_pcode": null, "adm4_name": null, "name_latin": null }, "geometry": { "type": "Polygon", "coordinates": [ [ [ 84.9751617, 27.7994175 ], [ 84.9751832, 27.7993499 ], [ 84.9752113, 27.7992834 ], [ 84.9752502, 27.7991873 ], [ 84.9752931, 27.7991197 ], [ 84.975336, 27.7990675 ], [ 84.9752904, 27.7989845 ], [ 84.9752569, 27.7988314 ], [ 84.9753427, 27.7988172 ], [ 84.9753991, 27.7988338 ], [ 84.9754447, 27.7989145 ], [ 84.9754876, 27.7990355 ], [ 84.9755681, 27.7991494 ], [ 84.975451, 27.799332 ], [ 84.9754728, 27.7994104 ], [ 84.9753562, 27.7994697 ], [ 84.9751617, 27.7994175 ] ] ] } },
{ "type": "Feature", "properties": { "id": "way/1553925582", "name": null, "name_en": null, "name_ne": null, "status": "Standing", "landuse": "residential", "population": null, "source": null, "adm0_pcode": "NPL", "adm0_name": "Nepal", "adm1_pcode": "NP03", "adm1_name": "Bagmati", "adm2_pcode": "NP0328", "adm2_name": "Nuwakot", "adm3_pcode": "NP0328301", "adm3_name": "Bidur", "adm4_pcode": null, "adm4_name": null, "name_latin": null }, "geometry": { "type": "Polygon", "coordinates": [ [ [ 85.1575237, 27.954885 ], [ 85.1575452, 27.9547452 ], [ 85.1575962, 27.9547002 ], [ 85.1579609, 27.95484 ], [ 85.1582721, 27.9549726 ], [ 85.1584733, 27.9551764 ], [ 85.1589963, 27.955456 ], [ 85.1592377, 27.9552759 ], [ 85.159699, 27.9551811 ], [ 85.1600289, 27.9552001 ], [ 85.160501, 27.9553944 ], [ 85.1605439, 27.9555413 ], [ 85.1606056, 27.955835 ], [ 85.1604072, 27.9559961 ], [ 85.1599431, 27.9571405 ], [ 85.1596373, 27.9571831 ], [ 85.1593839, 27.9571097 ], [ 85.1586234, 27.9561525 ], [ 85.1580092, 27.9556977 ], [ 85.1582292, 27.9555105 ], [ 85.1582909, 27.9553588 ], [ 85.1579556, 27.9552096 ], [ 85.1577678, 27.9550698 ], [ 85.1575237, 27.954885 ] ] ] } },
{ "type": "Feature", "properties": { "id": "way/1554043920", "name": null, "name_en": null, "name_ne": null, "status": "Standing", "landuse": "residential", "population": null, "source": null, "adm0_pcode": "NPL", "adm0_name": "Nepal", "adm1_pcode": "NP03", "adm1_name": "Bagmati", "adm2_pcode": "NP0328", "adm2_name": "Nuwakot", "adm3_pcode": "NP0328301", "adm3_name": "Bidur", "adm4_pcode": null, "adm4_name": null, "name_latin": null }, "geometry": { "type": "Polygon", "coordinates": [ [ [ 85.1328218, 27.9087432 ], [ 85.1330893, 27.908172 ], [ 85.1334837, 27.9077082 ], [ 85.1339432, 27.9084081 ], [ 85.1335448, 27.9085563 ], [ 85.1335896, 27.9089816 ], [ 85.134434, 27.9091142 ], [ 85.1347201, 27.9093352 ], [ 85.1347847, 27.9096157 ], [ 85.1346803, 27.9099735 ], [ 85.1343868, 27.9101777 ], [ 85.1334961, 27.9097542 ], [ 85.1335823, 27.9093578 ], [ 85.1333051, 27.9090786 ], [ 85.1328218, 27.9087432 ] ] ] } },
{ "type": "Feature", "properties": { "id": "way/1553998953", "name": null, "name_en": null, "name_ne": null, "status": "Standing", "landuse": "residential", "population": null, "source": null, "adm0_pcode": "NPL", "adm0_name": "Nepal", "adm1_pcode": "NP03", "adm1_name": "Bagmati", "adm2_pcode": "NP0328", "adm2_name": "Nuwakot", "adm3_pcode": "NP0328301", "adm3_name": "Bidur", "adm4_pcode": null, "adm4_name": null, "name_latin": null }, "geometry": { "type": "Polygon", "coordinates": [ [ [ 85.0866196, 27.862317 ], [ 85.0868931, 27.8622364 ], [ 85.0874403, 27.8622411 ], [ 85.0876549, 27.8625802 ], [ 85.087608, 27.8627245 ], [ 85.087266, 27.8626917 ], [ 85.0867027, 27.862566 ], [ 85.0866196, 27.862317 ] ] ] } },
{ "type": "Feature", "properties": { "id": "way/327986565", "name": null, "name_en": null, "name_ne": null, "status": "Standing", "landuse": "residential", "population": null, "source": null, "adm0_pcode": "NPL", "adm0_name": "Nepal", "adm1_pcode": "NP03", "adm1_name": "Bagmati", "adm2_pcode": "NP0328", "adm2_name": "Nuwakot", "adm3_pcode": "NP0328302", "adm3_name": "Belkotgadhi", "adm4_pcode": null, "adm4_name": null, "name_latin": null }, "geometry": { "type": "Polygon", "coordinates": [ [ [ 85.0197652, 27.8495759 ], [ 85.0198566, 27.8495435 ], [ 85.0199669, 27.8495831 ], [ 85.0201999, 27.8498915 ], [ 85.0203944, 27.8499639 ], [ 85.0205844, 27.8500852 ], [ 85.0207229, 27.8499804 ], [ 85.020731, 27.8497599 ], [ 85.0205157, 27.849419 ], [ 85.0201905, 27.8489299 ], [ 85.0199317, 27.849071 ], [ 85.019768, 27.8489168 ], [ 85.0202053, 27.8482647 ], [ 85.0203313, 27.8483382 ], [ 85.02044, 27.8482824 ], [ 85.0207564, 27.8483684 ], [ 85.0206851, 27.8489338 ], [ 85.0210372, 27.8493928 ], [ 85.0213619, 27.8497831 ], [ 85.0212473, 27.8503719 ], [ 85.0211829, 27.8504382 ], [ 85.020985, 27.8505318 ], [ 85.0207779, 27.8506481 ], [ 85.0208182, 27.8507844 ], [ 85.0206088, 27.850897 ], [ 85.019878, 27.8498684 ], [ 85.0197949, 27.8497415 ], [ 85.0197652, 27.8495759 ] ] ] } },
{ "type": "Feature", "properties": { "id": "way/1553963221", "name": null, "name_en": null, "name_ne": null, "status": "Standing", "landuse": "residential", "population": null, "source": null, "adm0_pcode": "NPL", "adm0_name": "Nepal", "adm1_pcode": "NP03", "adm1_name": "Bagmati", "adm2_pcode": "NP0328", "adm2_name": "Nuwakot", "adm3_pcode": "NP0328301", "adm3_name": "Bidur", "adm4_pcode": null, "adm4_name": null, "name_latin": null }, "geometry": { "type": "Polygon", "coordinates": [ [ [ 85.0838633, 27.8531032 ], [ 85.0838701, 27.8528114 ], [ 85.0846622, 27.8521051 ], [ 85.0848169, 27.8516402 ], [ 85.0845893, 27.8516221 ], [ 85.0843982, 27.8514954 ], [ 85.0846098, 27.8513263 ], [ 85.0849148, 27.8516745 ], [ 85.0852038, 27.8515577 ], [ 85.085395, 27.8518193 ], [ 85.0850627, 27.852095 ], [ 85.0848738, 27.8517046 ], [ 85.0847077, 27.8521795 ], [ 85.0848966, 27.852419 ], [ 85.0847691, 27.8525136 ], [ 85.0845802, 27.8523063 ], [ 85.0842275, 27.8527007 ], [ 85.0843026, 27.8528496 ], [ 85.0841888, 27.852904 ], [ 85.084075, 27.852755 ], [ 85.0839566, 27.8529502 ], [ 85.0840977, 27.853073 ], [ 85.0840272, 27.8531897 ], [ 85.0838633, 27.8531032 ] ] ] } },
{ "type": "Feature", "properties": { "id": "way/694256698", "name": "Majuwa village", "name_en": null, "name_ne": null, "status": "Standing", "landuse": "residential", "population": null, "source": null, "adm0_pcode": "NPL", "adm0_name": "Nepal", "adm1_pcode": "NP03", "adm1_name": "Bagmati", "adm2_pcode": "NP0330", "adm2_name": "Dhading", "adm3_pcode": "NP0330408", "adm3_name": "Benighat Rorang", "adm4_pcode": null, "adm4_name": null, "name_latin": "Majuwa village" }, "geometry": { "type": "Polygon", "coordinates": [ [ [ 84.7139556, 27.806184 ], [ 84.7141273, 27.8058044 ], [ 84.7146208, 27.8055671 ], [ 84.7149963, 27.8055576 ], [ 84.7154684, 27.8053963 ], [ 84.7158975, 27.8051875 ], [ 84.7160585, 27.8049218 ], [ 84.7163803, 27.8046466 ], [ 84.7164447, 27.8042575 ], [ 84.71681, 27.8044331 ], [ 84.717067, 27.804694 ], [ 84.7173352, 27.8049028 ], [ 84.7169811, 27.8054817 ], [ 84.7173352, 27.8058708 ], [ 84.7170777, 27.8060986 ], [ 84.71667, 27.805738 ], [ 84.7158546, 27.8058423 ], [ 84.7153826, 27.8061555 ], [ 84.71505, 27.806146 ], [ 84.7145672, 27.8060606 ], [ 84.7142131, 27.8063548 ], [ 84.7139556, 27.806184 ] ] ] } },
{ "type": "Feature", "properties": { "id": "way/345035720", "name": null, "name_en": null, "name_ne": null, "status": "Standing", "landuse": "residential", "population": null, "source": null, "adm0_pcode": "NPL", "adm0_name": "Nepal", "adm1_pcode": "NP03", "adm1_name": "Bagmati", "adm2_pcode": "NP0330", "adm2_name": "Dhading", "adm3_pcode": "NP0330408", "adm3_name": "Benighat Rorang", "adm4_pcode": null, "adm4_name": null, "name_latin": null }, "geometry": { "type": "Polygon", "coordinates": [ [ [ 84.7777605, 27.8100796 ], [ 84.7778812, 27.8099634 ], [ 84.7781239, 27.8098103 ], [ 84.7783318, 27.8097048 ], [ 84.7782487, 27.8095624 ], [ 84.7783962, 27.8094509 ], [ 84.7786885, 27.8098092 ], [ 84.7789847, 27.8100275 ], [ 84.7792706, 27.8098353 ], [ 84.7796179, 27.809528 ], [ 84.779741, 27.8096054 ], [ 84.7807421, 27.8100386 ], [ 84.7811955, 27.8098809 ], [ 84.7812901, 27.8101826 ], [ 84.7807458, 27.8102742 ], [ 84.7808316, 27.8104758 ], [ 84.7810543, 27.8104711 ], [ 84.7811964, 27.8103785 ], [ 84.7814056, 27.8105161 ], [ 84.781521, 27.810649 ], [ 84.781352, 27.8107558 ], [ 84.7811696, 27.8108673 ], [ 84.7813198, 27.8110499 ], [ 84.7814378, 27.8110903 ], [ 84.7814687, 27.8108875 ], [ 84.7818508, 27.8108353 ], [ 84.7825174, 27.8107309 ], [ 84.7826086, 27.8107854 ], [ 84.7826582, 27.8109503 ], [ 84.7820443, 27.8110099 ], [ 84.7820306, 27.8111211 ], [ 84.7815482, 27.8112818 ], [ 84.7817488, 27.8115402 ], [ 84.7821781, 27.8119863 ], [ 84.7826552, 27.8123245 ], [ 84.7829178, 27.812532 ], [ 84.7829453, 27.8126091 ], [ 84.7829926, 27.8127365 ], [ 84.7830554, 27.8129081 ], [ 84.7828647, 27.8130962 ], [ 84.7824244, 27.8130259 ], [ 84.7814469, 27.8125697 ], [ 84.7808129, 27.8121697 ], [ 84.7807828, 27.8120173 ], [ 84.7805017, 27.8117854 ], [ 84.7802293, 27.8115294 ], [ 84.7799478, 27.8113666 ], [ 84.7796689, 27.8111319 ], [ 84.77946, 27.81086 ], [ 84.7789753, 27.8104479 ], [ 84.7787502, 27.810305 ], [ 84.7784176, 27.8100772 ], [ 84.7782138, 27.8101437 ], [ 84.778313, 27.8102718 ], [ 84.7784418, 27.8102386 ], [ 84.778474, 27.8103548 ], [ 84.7782835, 27.810445 ], [ 84.7779965, 27.8102694 ], [ 84.7779429, 27.8103026 ], [ 84.7777927, 27.8101437 ], [ 84.7777605, 27.8100796 ] ] ] } },
{ "type": "Feature", "properties": { "id": "way/1554533298", "name": null, "name_en": null, "name_ne": null, "status": "Standing", "landuse": "residential", "population": null, "source": null, "adm0_pcode": "NPL", "adm0_name": "Nepal", "adm1_pcode": "NP04", "adm1_name": "Gandaki", "adm2_pcode": "NP0436", "adm2_name": "Gorkha", "adm3_pcode": "NP0436409", "adm3_name": "Gandaki", "adm4_pcode": null, "adm4_name": null, "name_latin": null }, "geometry": { "type": "Polygon", "coordinates": [ [ [ 84.7497717, 27.8067558 ], [ 84.7498628, 27.8064355 ], [ 84.750064, 27.8059942 ], [ 84.7506943, 27.8059871 ], [ 84.7513139, 27.8064379 ], [ 84.7512683, 27.806668 ], [ 84.7508821, 27.8068816 ], [ 84.7505549, 27.8068934 ], [ 84.7502866, 27.8069243 ], [ 84.7497717, 27.8067558 ] ] ] } },
{ "type": "Feature", "properties": { "id": "way/1554720847", "name": null, "name_en": null, "name_ne": null, "status": "Standing", "landuse": "residential", "population": null, "source": null, "adm0_pcode": "NPL", "adm0_name": "Nepal", "adm1_pcode": "NP03", "adm1_name": "Bagmati", "adm2_pcode": "NP0335", "adm2_name": "Chitawan", "adm3_pcode": "NP0335401", "adm3_name": "Ichchha Kamana", "adm4_pcode": null, "adm4_name": null, "name_latin": null }, "geometry": { "type": "Polygon", "coordinates": [ [ [ 84.6388757, 27.8592154 ], [ 84.6391761, 27.8586178 ], [ 84.6400452, 27.8583427 ], [ 84.6398842, 27.8577356 ], [ 84.6404099, 27.8573847 ], [ 84.6413004, 27.8576408 ], [ 84.6419442, 27.8572519 ], [ 84.6432316, 27.8572993 ], [ 84.6431994, 27.8577546 ], [ 84.6444547, 27.8575744 ], [ 84.645549, 27.8575459 ], [ 84.6461606, 27.857821 ], [ 84.6459138, 27.8570242 ], [ 84.6464074, 27.8566922 ], [ 84.6472227, 27.8577926 ], [ 84.647491, 27.8571855 ], [ 84.6485746, 27.857802 ], [ 84.6487462, 27.858779 ], [ 84.6478879, 27.8592343 ], [ 84.6466005, 27.8598129 ], [ 84.6458387, 27.8600216 ], [ 84.6445513, 27.859775 ], [ 84.6422124, 27.8592533 ], [ 84.6411073, 27.8592343 ], [ 84.6402275, 27.8593102 ], [ 84.6396428, 27.859315 ], [ 84.6392392, 27.8593908 ], [ 84.6388757, 27.8592154 ] ] ] } },
{ "type": "Feature", "properties": { "id": "way/1089791050", "name": null, "name_en": null, "name_ne": null, "status": "Standing", "landuse": "residential", "population": null, "source": null, "adm0_pcode": "NPL", "adm0_name": "Nepal", "adm1_pcode": "NP03", "adm1_name": "Bagmati", "adm2_pcode": "NP0330", "adm2_name": "Dhading", "adm3_pcode": "NP0330408", "adm3_name": "Benighat Rorang", "adm4_pcode": null, "adm4_name": null, "name_latin": null }, "geometry": { "type": "Polygon", "coordinates": [ [ [ 84.6677274, 27.8149489 ], [ 84.6681708, 27.8148433 ], [ 84.6683747, 27.8149928 ], [ 84.6685423, 27.8151608 ], [ 84.6689551, 27.8154927 ], [ 84.6694366, 27.8161895 ], [ 84.669374, 27.8164716 ], [ 84.669399, 27.8166209 ], [ 84.6695485, 27.8167552 ], [ 84.669543, 27.8168773 ], [ 84.6694006, 27.8169238 ], [ 84.6691337, 27.8169867 ], [ 84.6688682, 27.8171741 ], [ 84.66873, 27.8172832 ], [ 84.6686214, 27.8171231 ], [ 84.6686268, 27.816772 ], [ 84.6685061, 27.8166699 ], [ 84.6680903, 27.8166818 ], [ 84.6678866, 27.8166001 ], [ 84.6685305, 27.8163574 ], [ 84.6677274, 27.8149489 ] ] ] } },
{ "type": "Feature", "properties": { "id": "way/341355966", "name": null, "name_en": null, "name_ne": null, "status": "Standing", "landuse": "residential", "population": null, "source": "Bing", "adm0_pcode": "NPL", "adm0_name": "Nepal", "adm1_pcode": "NP03", "adm1_name": "Bagmati", "adm2_pcode": "NP0328", "adm2_name": "Nuwakot", "adm3_pcode": "NP0328301", "adm3_name": "Bidur", "adm4_pcode": null, "adm4_name": null, "name_latin": null }, "geometry": { "type": "Polygon", "coordinates": [ [ [ 85.1729105, 27.9658905 ], [ 85.1732356, 27.9654916 ], [ 85.1743227, 27.9659776 ], [ 85.1746055, 27.9661285 ], [ 85.1747602, 27.9664175 ], [ 85.1748689, 27.9662101 ], [ 85.1750965, 27.9662857 ], [ 85.175162, 27.9666037 ], [ 85.1754861, 27.9668676 ], [ 85.1759175, 27.9668328 ], [ 85.1765642, 27.9671011 ], [ 85.1764489, 27.9674071 ], [ 85.175814, 27.9678567 ], [ 85.1755821, 27.9674519 ], [ 85.1752317, 27.9671979 ], [ 85.1751168, 27.9674073 ], [ 85.1747325, 27.967055 ], [ 85.1746323, 27.9672921 ], [ 85.1739076, 27.9668462 ], [ 85.1737753, 27.9666828 ], [ 85.1729105, 27.9658905 ] ] ] } },
{ "type": "Feature", "properties": { "id": "way/1553945248", "name": null, "name_en": null, "name_ne": null, "status": "Standing", "landuse": "residential", "population": null, "source": null, "adm0_pcode": "NPL", "adm0_name": "Nepal", "adm1_pcode": "NP03", "adm1_name": "Bagmati", "adm2_pcode": "NP0328", "adm2_name": "Nuwakot", "adm3_pcode": "NP0328301", "adm3_name": "Bidur", "adm4_pcode": null, "adm4_name": null, "name_latin": null }, "geometry": { "type": "Polygon", "coordinates": [ [ [ 85.1872037, 27.9687006 ], [ 85.1873317, 27.9686416 ], [ 85.1876201, 27.9689469 ], [ 85.1879171, 27.9689916 ], [ 85.1879849, 27.9690464 ], [ 85.1877824, 27.9692168 ], [ 85.1872782, 27.9692083 ], [ 85.1872037, 27.9687006 ] ] ] } },
{ "type": "Feature", "properties": { "id": "way/1553951071", "name": null, "name_en": null, "name_ne": null, "status": "Standing", "landuse": "residential", "population": null, "source": null, "adm0_pcode": "NPL", "adm0_name": "Nepal", "adm1_pcode": "NP03", "adm1_name": "Bagmati", "adm2_pcode": "NP0329", "adm2_name": "Rasuwa", "adm3_pcode": "NP0329404", "adm3_name": "Kalika", "adm4_pcode": null, "adm4_name": null, "name_latin": null }, "geometry": { "type": "Polygon", "coordinates": [ [ [ 85.2101205, 28.0753918 ], [ 85.210201, 28.0752936 ], [ 85.2105121, 28.0754912 ], [ 85.2106516, 28.0755113 ], [ 85.2111505, 28.0756805 ], [ 85.2113436, 28.0757421 ], [ 85.2115542, 28.0758781 ], [ 85.2116618, 28.0759426 ], [ 85.2116078, 28.076003 ], [ 85.2105778, 28.0757172 ], [ 85.2102345, 28.0755752 ], [ 85.21026, 28.0755007 ], [ 85.2101205, 28.0753918 ] ] ] } },
{ "type": "Feature", "properties": { "id": "way/342223388", "name": null, "name_en": null, "name_ne": null, "status": "Standing", "landuse": "residential", "population": null, "source": null, "adm0_pcode": "NPL", "adm0_name": "Nepal", "adm1_pcode": "NP03", "adm1_name": "Bagmati", "adm2_pcode": "NP0328", "adm2_name": "Nuwakot", "adm3_pcode": "NP0328301", "adm3_name": "Bidur", "adm4_pcode": null, "adm4_name": null, "name_latin": null }, "geometry": { "type": "Polygon", "coordinates": [ [ [ 85.156556, 27.9456275 ], [ 85.156927, 27.9455746 ], [ 85.1572802, 27.9458692 ], [ 85.1575699, 27.9472719 ], [ 85.1573124, 27.9475562 ], [ 85.1570227, 27.947452 ], [ 85.156556, 27.9456275 ] ] ] } },
{ "type": "Feature", "properties": { "id": "way/1553964326", "name": null, "name_en": null, "name_ne": null, "status": "Standing", "landuse": "residential", "population": null, "source": null, "adm0_pcode": "NPL", "adm0_name": "Nepal", "adm1_pcode": "NP03", "adm1_name": "Bagmati", "adm2_pcode": "NP0329", "adm2_name": "Rasuwa", "adm3_pcode": "NP0329402", "adm3_name": "Gosaikunda", "adm4_pcode": null, "adm4_name": null, "name_latin": null }, "geometry": { "type": "Polygon", "coordinates": [ [ [ 85.3436422, 28.1695727 ], [ 85.3436476, 28.1695089 ], [ 85.3436851, 28.1694285 ], [ 85.3437173, 28.1692795 ], [ 85.3438206, 28.1689934 ], [ 85.3439614, 28.1688066 ], [ 85.3439829, 28.1686222 ], [ 85.3441384, 28.1685536 ], [ 85.3442699, 28.168608 ], [ 85.344353, 28.1687073 ], [ 85.3443624, 28.1688563 ], [ 85.3442886, 28.1689024 ], [ 85.3440016, 28.1690218 ], [ 85.3438903, 28.1691128 ], [ 85.3438407, 28.1692582 ], [ 85.3438032, 28.1694545 ], [ 85.3437549, 28.1695656 ], [ 85.3436932, 28.1695822 ], [ 85.3436422, 28.1695727 ] ] ] } },
{ "type": "Feature", "properties": { "id": "way/593365306", "name": null, "name_en": null, "name_ne": null, "status": "Standing", "landuse": "residential", "population": null, "source": null, "adm0_pcode": "NPL", "adm0_name": "Nepal", "adm1_pcode": "NP03", "adm1_name": "Bagmati", "adm2_pcode": "NP0330", "adm2_name": "Dhading", "adm3_pcode": "NP0330407", "adm3_name": "Siddhalek", "adm4_pcode": null, "adm4_name": null, "name_latin": null }, "geometry": { "type": "Polygon", "coordinates": [ [ [ 84.8407952, 27.7996339 ], [ 84.8408065, 27.7995297 ], [ 84.8412329, 27.7992169 ], [ 84.8412336, 27.7989967 ], [ 84.8414122, 27.7990081 ], [ 84.8413651, 27.7992146 ], [ 84.84145, 27.799295 ], [ 84.8414133, 27.7994483 ], [ 84.8410043, 27.7997938 ], [ 84.8409172, 27.7998209 ], [ 84.8407952, 27.7996339 ] ] ] } },
{ "type": "Feature", "properties": { "id": "way/576576925", "name": null, "name_en": null, "name_ne": null, "status": "Standing", "landuse": "residential", "population": null, "source": null, "adm0_pcode": "NPL", "adm0_name": "Nepal", "adm1_pcode": "NP03", "adm1_name": "Bagmati", "adm2_pcode": "NP0330", "adm2_name": "Dhading", "adm3_pcode": "NP0330407", "adm3_name": "Siddhalek", "adm4_pcode": null, "adm4_name": null, "name_latin": null }, "geometry": { "type": "Polygon", "coordinates": [ [ [ 84.8710558, 27.8021246 ], [ 84.871088, 27.8019064 ], [ 84.8714125, 27.8019467 ], [ 84.8715879, 27.8018966 ], [ 84.8717749, 27.8017704 ], [ 84.8718743, 27.8015932 ], [ 84.8719874, 27.8010322 ], [ 84.8721367, 27.8007604 ], [ 84.8722762, 27.800675 ], [ 84.8725229, 27.8007177 ], [ 84.8725927, 27.8008838 ], [ 84.8722494, 27.8011353 ], [ 84.8720758, 27.8015765 ], [ 84.8720614, 27.8017533 ], [ 84.8719241, 27.801925 ], [ 84.8718294, 27.8019563 ], [ 84.8716878, 27.8020019 ], [ 84.8714179, 27.8021673 ], [ 84.8710558, 27.8021246 ] ] ] } },
{ "type": "Feature", "properties": { "id": "way/1554549502", "name": null, "name_en": null, "name_ne": null, "status": "Standing", "landuse": "residential", "population": null, "source": null, "adm0_pcode": "NPL", "adm0_name": "Nepal", "adm1_pcode": "NP03", "adm1_name": "Bagmati", "adm2_pcode": "NP0330", "adm2_name": "Dhading", "adm3_pcode": "NP0330408", "adm3_name": "Benighat Rorang", "adm4_pcode": null, "adm4_name": null, "name_latin": null }, "geometry": { "type": "Polygon", "coordinates": [ [ [ 84.8114113, 27.8192547 ], [ 84.8115126, 27.8187113 ], [ 84.8124659, 27.8186385 ], [ 84.812922, 27.818941 ], [ 84.8126401, 27.8194424 ], [ 84.8114113, 27.8192547 ] ] ] } },
{ "type": "Feature", "properties": { "id": "way/1554549513", "name": null, "name_en": null, "name_ne": null, "status": "Standing", "landuse": "residential", "population": null, "source": null, "adm0_pcode": "NPL", "adm0_name": "Nepal", "adm1_pcode": "NP03", "adm1_name": "Bagmati", "adm2_pcode": "NP0330", "adm2_name": "Dhading", "adm3_pcode": "NP0330408", "adm3_name": "Benighat Rorang", "adm4_pcode": null, "adm4_name": null, "name_latin": null }, "geometry": { "type": "Polygon", "coordinates": [ [ [ 84.7948643, 27.8148534 ], [ 84.7950432, 27.8140927 ], [ 84.7959403, 27.8143622 ], [ 84.7956991, 27.815018 ], [ 84.7948643, 27.8148534 ] ] ] } },
{ "type": "Feature", "properties": { "id": "way/593355428", "name": null, "name_en": null, "name_ne": null, "status": "Standing", "landuse": "residential", "population": null, "source": null, "adm0_pcode": "NPL", "adm0_name": "Nepal", "adm1_pcode": "NP03", "adm1_name": "Bagmati", "adm2_pcode": "NP0330", "adm2_name": "Dhading", "adm3_pcode": "NP0330407", "adm3_name": "Siddhalek", "adm4_pcode": null, "adm4_name": null, "name_latin": null }, "geometry": { "type": "Polygon", "coordinates": [ [ [ 84.8503229, 27.8076398 ], [ 84.8503751, 27.8074065 ], [ 84.8514996, 27.8072569 ], [ 84.8513552, 27.8069149 ], [ 84.8508322, 27.8064935 ], [ 84.8508415, 27.8062457 ], [ 84.8514486, 27.8060805 ], [ 84.8521585, 27.8058409 ], [ 84.8527936, 27.8054526 ], [ 84.853326, 27.8054608 ], [ 84.8536342, 27.8059565 ], [ 84.8532699, 27.8064192 ], [ 84.8530364, 27.8066753 ], [ 84.8525414, 27.8069149 ], [ 84.8521585, 27.806981 ], [ 84.8520184, 27.807361 ], [ 84.8519436, 27.8076832 ], [ 84.8514922, 27.8076794 ], [ 84.8512424, 27.8075258 ], [ 84.8508951, 27.8075991 ], [ 84.8503229, 27.8076398 ] ] ] } },
{ "type": "Feature", "properties": { "id": "way/1554549004", "name": null, "name_en": null, "name_ne": null, "status": "Standing", "landuse": "residential", "population": null, "source": null, "adm0_pcode": "NPL", "adm0_name": "Nepal", "adm1_pcode": "NP03", "adm1_name": "Bagmati", "adm2_pcode": "NP0330", "adm2_name": "Dhading", "adm3_pcode": "NP0330407", "adm3_name": "Siddhalek", "adm4_pcode": null, "adm4_name": null, "name_latin": null }, "geometry": { "type": "Polygon", "coordinates": [ [ [ 84.9196866, 27.8006963 ], [ 84.9209584, 27.8008472 ], [ 84.922833, 27.8014282 ], [ 84.9228264, 27.8016386 ], [ 84.9214349, 27.801765 ], [ 84.9214407, 27.8018517 ], [ 84.9216747, 27.8018711 ], [ 84.9217804, 27.8023162 ], [ 84.9215296, 27.8027502 ], [ 84.9212937, 27.8028055 ], [ 84.9206673, 27.8024305 ], [ 84.9204639, 27.8020011 ], [ 84.9201977, 27.8017494 ], [ 84.9200488, 27.8014956 ], [ 84.9196866, 27.8006963 ] ] ] } },
{ "type": "Feature", "properties": { "id": "relation/21321161", "name": "Nayabasti", "name_en": null, "name_ne": null, "status": "Standing", "landuse": "residential", "population": null, "source": null, "adm0_pcode": "NPL", "adm0_name": "Nepal", "adm1_pcode": "NP03", "adm1_name": "Bagmati", "adm2_pcode": "NP0335", "adm2_name": "Chitawan", "adm3_pcode": "NP0335401", "adm3_name": "Ichchha Kamana", "adm4_pcode": null, "adm4_name": null, "name_latin": "Nayabasti" }, "geometry": { "type": "Polygon", "coordinates": [ [ [ 84.6159804, 27.8743411 ], [ 84.6167452, 27.874342 ], [ 84.6168911, 27.8737586 ], [ 84.6169066, 27.8732522 ], [ 84.6168193, 27.8729209 ], [ 84.6178152, 27.8727695 ], [ 84.6182577, 27.872741 ], [ 84.6181829, 27.8724797 ], [ 84.618134, 27.8721104 ], [ 84.6185821, 27.872053 ], [ 84.6188638, 27.8723873 ], [ 84.6192983, 27.8722878 ], [ 84.6190783, 27.8718349 ], [ 84.6190435, 27.8716025 ], [ 84.6193144, 27.8715504 ], [ 84.6193171, 27.8712042 ], [ 84.6201298, 27.8711639 ], [ 84.6201298, 27.8710216 ], [ 84.619242, 27.8710738 ], [ 84.6192232, 27.8707418 ], [ 84.6197408, 27.8707347 ], [ 84.6197784, 27.8704478 ], [ 84.6200627, 27.8704051 ], [ 84.6200117, 27.8700329 ], [ 84.6193331, 27.8699926 ], [ 84.6193743, 27.869586 ], [ 84.6198186, 27.8696582 ], [ 84.6198267, 27.8689327 ], [ 84.619368, 27.8688402 ], [ 84.6192732, 27.8684869 ], [ 84.6188825, 27.8680696 ], [ 84.6186143, 27.8681715 ], [ 84.6180779, 27.868245 ], [ 84.6180457, 27.8675432 ], [ 84.6189576, 27.8671069 ], [ 84.619596, 27.8675479 ], [ 84.6197784, 27.8673772 ], [ 84.6196228, 27.8671353 ], [ 84.6191132, 27.8668793 ], [ 84.6190435, 27.866699 ], [ 84.6191937, 27.8666089 ], [ 84.6196443, 27.8664951 ], [ 84.6193492, 27.8661679 ], [ 84.6187699, 27.8662011 ], [ 84.618684, 27.8661062 ], [ 84.6191722, 27.8658786 ], [ 84.6200466, 27.8655988 ], [ 84.6202987, 27.8662912 ], [ 84.6207677, 27.8669985 ], [ 84.6209931, 27.8670743 ], [ 84.6211597, 27.8671002 ], [ 84.6211518, 27.8670616 ], [ 84.6211286, 27.8667536 ], [ 84.6209997, 27.8664107 ], [ 84.6209771, 27.8663139 ], [ 84.6211103, 27.8662025 ], [ 84.6214843, 27.8663671 ], [ 84.621558, 27.8658348 ], [ 84.6213072, 27.8657031 ], [ 84.6212375, 27.8655846 ], [ 84.6215111, 27.8654921 ], [ 84.621892, 27.8655538 ], [ 84.6216908, 27.865108 ], [ 84.6217257, 27.8649633 ], [ 84.6220663, 27.8648045 ], [ 84.6222192, 27.864987 ], [ 84.6223694, 27.8656012 ], [ 84.62233, 27.8659001 ], [ 84.6222526, 27.8661463 ], [ 84.6217686, 27.8659829 ], [ 84.6216877, 27.8664022 ], [ 84.6230721, 27.8668366 ], [ 84.6235871, 27.8666848 ], [ 84.623681, 27.8667702 ], [ 84.6236636, 27.8669575 ], [ 84.623327, 27.8669551 ], [ 84.6231928, 27.8671211 ], [ 84.6234852, 27.8673487 ], [ 84.6238607, 27.867491 ], [ 84.6238285, 27.8678277 ], [ 84.6235496, 27.8677898 ], [ 84.6235093, 27.8680933 ], [ 84.6233672, 27.868098 ], [ 84.6232748, 27.867404 ], [ 84.6232116, 27.8673772 ], [ 84.6226376, 27.867242 ], [ 84.6217761, 27.8671005 ], [ 84.6218659, 27.8674135 ], [ 84.6218506, 27.8677416 ], [ 84.6223578, 27.8681523 ], [ 84.6214253, 27.8681644 ], [ 84.6213287, 27.8675147 ], [ 84.6204919, 27.867529 ], [ 84.6204436, 27.8676854 ], [ 84.6209693, 27.8679605 ], [ 84.6209478, 27.8684015 ], [ 84.6206367, 27.8684252 ], [ 84.6206152, 27.8687951 ], [ 84.6207869, 27.8688426 ], [ 84.6207976, 27.8689848 ], [ 84.6210551, 27.8690228 ], [ 84.6211249, 27.8683778 ], [ 84.6217981, 27.8685438 ], [ 84.6227208, 27.8685817 ], [ 84.6232572, 27.8686742 ], [ 84.6238232, 27.8688354 ], [ 84.6239117, 27.868679 ], [ 84.6243998, 27.868826 ], [ 84.6244423, 27.8685803 ], [ 84.6239671, 27.8683335 ], [ 84.6239895, 27.868181 ], [ 84.6241866, 27.8677862 ], [ 84.6243451, 27.8677678 ], [ 84.6243113, 27.8675669 ], [ 84.6244529, 27.8668751 ], [ 84.6247536, 27.8665775 ], [ 84.6236137, 27.8662657 ], [ 84.6229866, 27.8660594 ], [ 84.6225199, 27.8654019 ], [ 84.6225281, 27.8647287 ], [ 84.6228765, 27.864184 ], [ 84.6243378, 27.8635454 ], [ 84.6245536, 27.8638543 ], [ 84.625375, 27.864281 ], [ 84.6263594, 27.8653576 ], [ 84.6268058, 27.8657743 ], [ 84.6269694, 27.8654542 ], [ 84.6272993, 27.8654423 ], [ 84.6277097, 27.8660683 ], [ 84.6282528, 27.8664133 ], [ 84.6284392, 27.8667156 ], [ 84.6284044, 27.8668579 ], [ 84.6280906, 27.8671353 ], [ 84.6280557, 27.867178 ], [ 84.627817, 27.8667631 ], [ 84.6275246, 27.8662248 ], [ 84.6273771, 27.8663552 ], [ 84.6272403, 27.8663813 ], [ 84.6266931, 27.8668247 ], [ 84.6272175, 27.8677607 ], [ 84.6275353, 27.868245 ], [ 84.6274066, 27.8686861 ], [ 84.6269613, 27.8685391 ], [ 84.6260172, 27.8688663 ], [ 84.6248948, 27.8687007 ], [ 84.6249068, 27.8688686 ], [ 84.6250999, 27.8688663 ], [ 84.6251267, 27.8690441 ], [ 84.6245849, 27.8691318 ], [ 84.6245044, 27.8696203 ], [ 84.6251804, 27.8694377 ], [ 84.6256256, 27.8691224 ], [ 84.6258, 27.8691366 ], [ 84.6261138, 27.8696345 ], [ 84.6262103, 27.8698005 ], [ 84.6258134, 27.8700661 ], [ 84.6259046, 27.8705166 ], [ 84.6267843, 27.8701514 ], [ 84.6274248, 27.8700411 ], [ 84.6272716, 27.8706116 ], [ 84.6270158, 27.8715126 ], [ 84.6263391, 27.8719771 ], [ 84.6265161, 27.8723138 ], [ 84.6262522, 27.872807 ], [ 84.6259418, 27.8727419 ], [ 84.6257061, 27.8724632 ], [ 84.625462, 27.8723281 ], [ 84.6252689, 27.8717637 ], [ 84.6252474, 27.8715172 ], [ 84.6246493, 27.8716025 ], [ 84.6246882, 27.8726078 ], [ 84.6245301, 27.8726526 ], [ 84.6244763, 27.8724351 ], [ 84.6244094, 27.8723198 ], [ 84.6230829, 27.8727145 ], [ 84.6214868, 27.8730894 ], [ 84.6214791, 27.8732633 ], [ 84.6215969, 27.8740257 ], [ 84.621495, 27.8750405 ], [ 84.6208245, 27.8757518 ], [ 84.6197784, 27.8755526 ], [ 84.6199661, 27.8749267 ], [ 84.6197569, 27.8744478 ], [ 84.6202129, 27.8743956 ], [ 84.6202183, 27.8740542 ], [ 84.6206206, 27.8739925 ], [ 84.6205687, 27.873351 ], [ 84.6201356, 27.8733525 ], [ 84.6201004, 27.8729614 ], [ 84.6189354, 27.8730177 ], [ 84.6190059, 27.8738597 ], [ 84.6184258, 27.8739964 ], [ 84.6185813, 27.8744464 ], [ 84.6187669, 27.8748657 ], [ 84.6187463, 27.8752668 ], [ 84.618736, 27.8755859 ], [ 84.6192403, 27.8757004 ], [ 84.6195558, 27.8757969 ], [ 84.6202183, 27.8758822 ], [ 84.6205641, 27.8760407 ], [ 84.6205758, 27.8761239 ], [ 84.6207462, 27.8759408 ], [ 84.6214239, 27.8759393 ], [ 84.6217654, 27.8762437 ], [ 84.621969, 27.8769613 ], [ 84.6226966, 27.8766006 ], [ 84.6229541, 27.8771696 ], [ 84.6221495, 27.8780896 ], [ 84.6214944, 27.8788497 ], [ 84.6212784, 27.8790203 ], [ 84.6203959, 27.8792664 ], [ 84.6196201, 27.879225 ], [ 84.6188638, 27.8789241 ], [ 84.6191427, 27.8780611 ], [ 84.6183461, 27.8776438 ], [ 84.6183863, 27.8773807 ], [ 84.6186948, 27.877421 ], [ 84.6187538, 27.8770867 ], [ 84.618786, 27.876878 ], [ 84.6185886, 27.8768009 ], [ 84.6182817, 27.8765271 ], [ 84.6180859, 27.8761146 ], [ 84.6178767, 27.8762544 ], [ 84.6175534, 27.8763773 ], [ 84.6170526, 27.8756164 ], [ 84.6166858, 27.8757139 ], [ 84.616262, 27.8755337 ], [ 84.6163559, 27.8753487 ], [ 84.6168821, 27.8754078 ], [ 84.6168344, 27.8752186 ], [ 84.6163653, 27.8750073 ], [ 84.616034, 27.8746564 ], [ 84.6159804, 27.8743411 ] ], [ [ 84.6244334, 27.8684059 ], [ 84.6246338, 27.868428 ], [ 84.6244993, 27.8682156 ], [ 84.6244334, 27.8684059 ] ] ] } },
{ "type": "Feature", "properties": { "id": "way/342381476", "name": null, "name_en": null, "name_ne": null, "status": "Standing", "landuse": "residential", "population": null, "source": null, "adm0_pcode": "NPL", "adm0_name": "Nepal", "adm1_pcode": "NP03", "adm1_name": "Bagmati", "adm2_pcode": "NP0335", "adm2_name": "Chitawan", "adm3_pcode": "NP0335401", "adm3_name": "Ichchha Kamana", "adm4_pcode": null, "adm4_name": null, "name_latin": null }, "geometry": { "type": "Polygon", "coordinates": [ [ [ 84.6111801, 27.8783057 ], [ 84.6112119, 27.8781482 ], [ 84.6113963, 27.8781906 ], [ 84.6114073, 27.8781292 ], [ 84.6114275, 27.8780527 ], [ 84.6117105, 27.878 ], [ 84.6118744, 27.8780906 ], [ 84.6119079, 27.8782551 ], [ 84.6121854, 27.8784099 ], [ 84.6121109, 27.8785316 ], [ 84.6118781, 27.878502 ], [ 84.6117683, 27.8785991 ], [ 84.6114625, 27.8788432 ], [ 84.6112175, 27.8788062 ], [ 84.6112695, 27.8786096 ], [ 84.6111801, 27.8783057 ] ] ] } },
{ "type": "Feature", "properties": { "id": "way/1554736623", "name": null, "name_en": null, "name_ne": null, "status": "Standing", "landuse": "residential", "population": null, "source": null, "adm0_pcode": "NPL", "adm0_name": "Nepal", "adm1_pcode": "NP03", "adm1_name": "Bagmati", "adm2_pcode": "NP0335", "adm2_name": "Chitawan", "adm3_pcode": "NP0335401", "adm3_name": "Ichchha Kamana", "adm4_pcode": null, "adm4_name": null, "name_latin": null }, "geometry": { "type": "Polygon", "coordinates": [ [ [ 84.6092193, 27.8702535 ], [ 84.6092707, 27.8700086 ], [ 84.6102859, 27.8701993 ], [ 84.6102384, 27.87032 ], [ 84.6100682, 27.870285 ], [ 84.6100267, 27.8703917 ], [ 84.6092193, 27.8702535 ] ] ] } },
{ "type": "Feature", "properties": { "id": "way/593739203", "name": null, "name_en": null, "name_ne": null, "status": "Standing", "landuse": "residential", "population": null, "source": null, "adm0_pcode": "NPL", "adm0_name": "Nepal", "adm1_pcode": "NP03", "adm1_name": "Bagmati", "adm2_pcode": "NP0330", "adm2_name": "Dhading", "adm3_pcode": "NP0330409", "adm3_name": "Gajuri", "adm4_pcode": null, "adm4_name": null, "name_latin": null }, "geometry": { "type": "Polygon", "coordinates": [ [ [ 84.9185271, 27.7985672 ], [ 84.9187418, 27.7980404 ], [ 84.9189734, 27.7979162 ], [ 84.9191042, 27.7980277 ], [ 84.9191846, 27.7984974 ], [ 84.9189869, 27.7988101 ], [ 84.9187773, 27.798792 ], [ 84.9185271, 27.7985672 ] ] ] } },
{ "type": "Feature", "properties": { "id": "way/346322748", "name": null, "name_en": null, "name_ne": null, "status": "Standing", "landuse": "residential", "population": null, "source": null, "adm0_pcode": "NPL", "adm0_name": "Nepal", "adm1_pcode": "NP03", "adm1_name": "Bagmati", "adm2_pcode": "NP0328", "adm2_name": "Nuwakot", "adm3_pcode": "NP0328301", "adm3_name": "Bidur", "adm4_pcode": null, "adm4_name": null, "name_latin": null }, "geometry": { "type": "Polygon", "coordinates": [ [ [ 85.1547492, 27.9291325 ], [ 85.1555867, 27.9290607 ], [ 85.1557088, 27.9294367 ], [ 85.1550539, 27.9295051 ], [ 85.1547492, 27.9291325 ] ] ] } },
{ "type": "Feature", "properties": { "id": "way/1553990932", "name": null, "name_en": null, "name_ne": null, "status": "Standing", "landuse": "residential", "population": null, "source": null, "adm0_pcode": "NPL", "adm0_name": "Nepal", "adm1_pcode": "NP03", "adm1_name": "Bagmati", "adm2_pcode": "NP0328", "adm2_name": "Nuwakot", "adm3_pcode": "NP0328402", "adm3_name": "Kispang", "adm4_pcode": null, "adm4_name": null, "name_latin": null }, "geometry": { "type": "Polygon", "coordinates": [ [ [ 85.183906, 27.9912491 ], [ 85.1840883, 27.9911946 ], [ 85.1841983, 27.9913485 ], [ 85.1841018, 27.9914954 ], [ 85.1839462, 27.9914883 ], [ 85.1839381, 27.9913651 ], [ 85.183906, 27.9912491 ] ] ] } },
{ "type": "Feature", "properties": { "id": "way/1553990943", "name": null, "name_en": null, "name_ne": null, "status": "Standing", "landuse": "residential", "population": null, "source": null, "adm0_pcode": "NPL", "adm0_name": "Nepal", "adm1_pcode": "NP03", "adm1_name": "Bagmati", "adm2_pcode": "NP0328", "adm2_name": "Nuwakot", "adm3_pcode": "NP0328402", "adm3_name": "Kispang", "adm4_pcode": null, "adm4_name": null, "name_latin": null }, "geometry": { "type": "Polygon", "coordinates": [ [ [ 85.1824763, 27.9924049 ], [ 85.1825595, 27.9922296 ], [ 85.182758, 27.9917772 ], [ 85.1828974, 27.9915427 ], [ 85.1833019, 27.9917686 ], [ 85.1834441, 27.9919589 ], [ 85.1835358, 27.9920614 ], [ 85.1836753, 27.9921775 ], [ 85.1837504, 27.9923835 ], [ 85.1842251, 27.9923409 ], [ 85.184252, 27.9927649 ], [ 85.1838309, 27.9928359 ], [ 85.1838577, 27.9930633 ], [ 85.183922, 27.9932693 ], [ 85.1839864, 27.9936743 ], [ 85.1841313, 27.9937051 ], [ 85.1841259, 27.9940793 ], [ 85.1840213, 27.9941172 ], [ 85.1837075, 27.9938733 ], [ 85.1833856, 27.9935062 ], [ 85.1831603, 27.9934848 ], [ 85.1830423, 27.9933309 ], [ 85.1828223, 27.9932717 ], [ 85.1827419, 27.9930112 ], [ 85.1825434, 27.992978 ], [ 85.1825809, 27.9925091 ], [ 85.1824763, 27.9924049 ] ] ] } },
{ "type": "Feature", "properties": { "id": "way/341891051", "name": null, "name_en": null, "name_ne": null, "status": "Standing", "landuse": "residential", "population": null, "source": null, "adm0_pcode": "NPL", "adm0_name": "Nepal", "adm1_pcode": "NP03", "adm1_name": "Bagmati", "adm2_pcode": "NP0328", "adm2_name": "Nuwakot", "adm3_pcode": "NP0328301", "adm3_name": "Bidur", "adm4_pcode": null, "adm4_name": null, "name_latin": null }, "geometry": { "type": "Polygon", "coordinates": [ [ [ 85.0918066, 27.8657032 ], [ 85.0918686, 27.8655087 ], [ 85.0921159, 27.8654209 ], [ 85.0927511, 27.8656225 ], [ 85.0929709, 27.865911 ], [ 85.0933841, 27.8652929 ], [ 85.0936738, 27.8654447 ], [ 85.0939071, 27.8652194 ], [ 85.0937757, 27.8649942 ], [ 85.0939018, 27.8648187 ], [ 85.0945616, 27.8650771 ], [ 85.0940467, 27.8657199 ], [ 85.0937301, 27.8656154 ], [ 85.0932822, 27.8662793 ], [ 85.0930913, 27.8665323 ], [ 85.0928704, 27.8665064 ], [ 85.0927469, 27.8662213 ], [ 85.0920823, 27.865894 ], [ 85.0918066, 27.8657032 ] ] ] } },
{ "type": "Feature", "properties": { "id": "way/1554020390", "name": null, "name_en": null, "name_ne": null, "status": "Standing", "landuse": "residential", "population": null, "source": null, "adm0_pcode": "NPL", "adm0_name": "Nepal", "adm1_pcode": "NP03", "adm1_name": "Bagmati", "adm2_pcode": "NP0329", "adm2_name": "Rasuwa", "adm3_pcode": "NP0329403", "adm3_name": "Uttargaya", "adm4_pcode": null, "adm4_name": null, "name_latin": null }, "geometry": { "type": "Polygon", "coordinates": [ [ [ 85.1830675, 28.0172228 ], [ 85.1831813, 28.0169455 ], [ 85.1841007, 28.0169295 ], [ 85.1845377, 28.0168853 ], [ 85.1846925, 28.0173233 ], [ 85.183996, 28.0177633 ], [ 85.1839733, 28.018139 ], [ 85.183616, 28.0182194 ], [ 85.183732, 28.0174157 ], [ 85.1830675, 28.0172228 ] ] ] } },
{ "type": "Feature", "properties": { "id": "way/341646555", "name": null, "name_en": null, "name_ne": null, "status": "Standing", "landuse": "residential", "population": null, "source": null, "adm0_pcode": "NPL", "adm0_name": "Nepal", "adm1_pcode": "NP03", "adm1_name": "Bagmati", "adm2_pcode": "NP0328", "adm2_name": "Nuwakot", "adm3_pcode": "NP0328301", "adm3_name": "Bidur", "adm4_pcode": null, "adm4_name": null, "name_latin": null }, "geometry": { "type": "Polygon", "coordinates": [ [ [ 85.1031803, 27.8605363 ], [ 85.1033373, 27.860148 ], [ 85.1036856, 27.8602763 ], [ 85.1042049, 27.8609081 ], [ 85.1043303, 27.8609677 ], [ 85.1043746, 27.8608761 ], [ 85.104872, 27.8602699 ], [ 85.1052771, 27.8600183 ], [ 85.1048696, 27.8597772 ], [ 85.1050657, 27.8595237 ], [ 85.1060193, 27.8601312 ], [ 85.1057194, 27.8605857 ], [ 85.1056379, 27.8608314 ], [ 85.1054744, 27.8610668 ], [ 85.1050074, 27.8608562 ], [ 85.1048486, 27.8611122 ], [ 85.105456, 27.8613328 ], [ 85.1053994, 27.8614789 ], [ 85.105585, 27.8615827 ], [ 85.1055458, 27.8618606 ], [ 85.1049154, 27.8615958 ], [ 85.1048093, 27.8619029 ], [ 85.10464, 27.8618961 ], [ 85.1037726, 27.861406 ], [ 85.1036156, 27.8609258 ], [ 85.1031803, 27.8605363 ] ] ] } },
{ "type": "Feature", "properties": { "id": "way/1554549503", "name": null, "name_en": null, "name_ne": null, "status": "Standing", "landuse": "residential", "population": null, "source": null, "adm0_pcode": "NPL", "adm0_name": "Nepal", "adm1_pcode": "NP03", "adm1_name": "Bagmati", "adm2_pcode": "NP0330", "adm2_name": "Dhading", "adm3_pcode": "NP0330408", "adm3_name": "Benighat Rorang", "adm4_pcode": null, "adm4_name": null, "name_latin": null }, "geometry": { "type": "Polygon", "coordinates": [ [ [ 84.8104011, 27.8166886 ], [ 84.8106812, 27.8164131 ], [ 84.8110739, 27.8161857 ], [ 84.8113269, 27.8166781 ], [ 84.8108417, 27.8170151 ], [ 84.8104011, 27.8166886 ] ] ] } },
{ "type": "Feature", "properties": { "id": "way/593355429", "name": null, "name_en": null, "name_ne": null, "status": "Standing", "landuse": "residential", "population": null, "source": null, "adm0_pcode": "NPL", "adm0_name": "Nepal", "adm1_pcode": "NP03", "adm1_name": "Bagmati", "adm2_pcode": "NP0330", "adm2_name": "Dhading", "adm3_pcode": "NP0330407", "adm3_name": "Siddhalek", "adm4_pcode": null, "adm4_name": null, "name_latin": null }, "geometry": { "type": "Polygon", "coordinates": [ [ [ 84.849379, 27.8046762 ], [ 84.8494098, 27.8045781 ], [ 84.8496809, 27.8047362 ], [ 84.8500445, 27.8050523 ], [ 84.8505683, 27.8049542 ], [ 84.8509257, 27.8050687 ], [ 84.8509873, 27.8052703 ], [ 84.850747, 27.8053848 ], [ 84.8504635, 27.8054447 ], [ 84.8501123, 27.8054556 ], [ 84.8497734, 27.8054338 ], [ 84.8494529, 27.8048234 ], [ 84.849379, 27.8046762 ] ] ] } },
{ "type": "Feature", "properties": { "id": "way/593355427", "name": null, "name_en": null, "name_ne": null, "status": "Standing", "landuse": "residential", "population": null, "source": null, "adm0_pcode": "NPL", "adm0_name": "Nepal", "adm1_pcode": "NP03", "adm1_name": "Bagmati", "adm2_pcode": "NP0330", "adm2_name": "Dhading", "adm3_pcode": "NP0330407", "adm3_name": "Siddhalek", "adm4_pcode": null, "adm4_name": null, "name_latin": null }, "geometry": { "type": "Polygon", "coordinates": [ [ [ 84.8428524, 27.8016359 ], [ 84.8428581, 27.8014122 ], [ 84.8428802, 27.8012237 ], [ 84.8428903, 27.801137 ], [ 84.8438023, 27.8012224 ], [ 84.8449018, 27.8016544 ], [ 84.8460446, 27.8019721 ], [ 84.8461112, 27.8020061 ], [ 84.8466025, 27.8022569 ], [ 84.846227, 27.8026555 ], [ 84.8451617, 27.8024402 ], [ 84.8448721, 27.8023714 ], [ 84.8446467, 27.8023334 ], [ 84.8444805, 27.8023049 ], [ 84.8443329, 27.802267 ], [ 84.844121, 27.8021578 ], [ 84.8437777, 27.802025 ], [ 84.8435846, 27.8019325 ], [ 84.8434424, 27.801847 ], [ 84.8432279, 27.8017426 ], [ 84.8428524, 27.8016359 ] ] ] } },
{ "type": "Feature", "properties": { "id": "way/593735470", "name": null, "name_en": null, "name_ne": null, "status": "Standing", "landuse": "residential", "population": null, "source": null, "adm0_pcode": "NPL", "adm0_name": "Nepal", "adm1_pcode": "NP03", "adm1_name": "Bagmati", "adm2_pcode": "NP0330", "adm2_name": "Dhading", "adm3_pcode": "NP0330407", "adm3_name": "Siddhalek", "adm4_pcode": null, "adm4_name": null, "name_latin": null }, "geometry": { "type": "Polygon", "coordinates": [ [ [ 84.9024946, 27.8042882 ], [ 84.9025506, 27.8040032 ], [ 84.9026627, 27.8039288 ], [ 84.9030503, 27.8038338 ], [ 84.9036201, 27.8040528 ], [ 84.9039797, 27.8041478 ], [ 84.9038629, 27.8045195 ], [ 84.9035407, 27.8046765 ], [ 84.9032181, 27.8046637 ], [ 84.9028775, 27.80466 ], [ 84.9026674, 27.8046022 ], [ 84.9024946, 27.8042882 ] ] ] } },
{ "type": "Feature", "properties": { "id": "way/355674067", "name": "KapraGhari", "name_en": null, "name_ne": null, "status": "Standing", "landuse": "residential", "population": null, "source": null, "adm0_pcode": "NPL", "adm0_name": "Nepal", "adm1_pcode": "NP03", "adm1_name": "Bagmati", "adm2_pcode": "NP0328", "adm2_name": "Nuwakot", "adm3_pcode": "NP0328302", "adm3_name": "Belkotgadhi", "adm4_pcode": null, "adm4_name": null, "name_latin": "KapraGhari" }, "geometry": { "type": "Polygon", "coordinates": [ [ [ 85.0197786, 27.8252719 ], [ 85.0198093, 27.8242691 ], [ 85.020303, 27.8241535 ], [ 85.0204814, 27.8244369 ], [ 85.0204009, 27.8255328 ], [ 85.0202829, 27.8256372 ], [ 85.0199771, 27.8257036 ], [ 85.0197786, 27.8252719 ] ] ] } },
{ "type": "Feature", "properties": { "id": "way/341498067", "name": "ChiuriBhanjyang", "name_en": null, "name_ne": null, "status": "Standing", "landuse": "residential", "population": null, "source": null, "adm0_pcode": "NPL", "adm0_name": "Nepal", "adm1_pcode": "NP03", "adm1_name": "Bagmati", "adm2_pcode": "NP0328", "adm2_name": "Nuwakot", "adm3_pcode": "NP0328302", "adm3_name": "Belkotgadhi", "adm4_pcode": null, "adm4_name": null, "name_latin": "ChiuriBhanjyang" }, "geometry": { "type": "Polygon", "coordinates": [ [ [ 85.0171254, 27.8310343 ], [ 85.0178072, 27.8306705 ], [ 85.0180003, 27.8311733 ], [ 85.0174746, 27.8313726 ], [ 85.0171254, 27.8310343 ] ] ] } },
{ "type": "Feature", "properties": { "id": "way/1554551279", "name": null, "name_en": null, "name_ne": null, "status": "Standing", "landuse": "residential", "population": null, "source": null, "adm0_pcode": "NPL", "adm0_name": "Nepal", "adm1_pcode": "NP03", "adm1_name": "Bagmati", "adm2_pcode": "NP0328", "adm2_name": "Nuwakot", "adm3_pcode": "NP0328302", "adm3_name": "Belkotgadhi", "adm4_pcode": null, "adm4_name": null, "name_latin": null }, "geometry": { "type": "Polygon", "coordinates": [ [ [ 85.0143525, 27.8133236 ], [ 85.0144641, 27.8132894 ], [ 85.0148193, 27.8136866 ], [ 85.014908, 27.813809 ], [ 85.0150247, 27.8138481 ], [ 85.0151561, 27.8138137 ], [ 85.0153278, 27.813873 ], [ 85.0153497, 27.8139167 ], [ 85.0153484, 27.8140188 ], [ 85.0152902, 27.8140806 ], [ 85.0152452, 27.8140872 ], [ 85.0150665, 27.8140754 ], [ 85.014732, 27.8138087 ], [ 85.0143525, 27.8133236 ] ] ] } },
{ "type": "Feature", "properties": { "id": "way/593735472", "name": null, "name_en": null, "name_ne": null, "status": "Standing", "landuse": "residential", "population": null, "source": null, "adm0_pcode": "NPL", "adm0_name": "Nepal", "adm1_pcode": "NP03", "adm1_name": "Bagmati", "adm2_pcode": "NP0330", "adm2_name": "Dhading", "adm3_pcode": "NP0330407", "adm3_name": "Siddhalek", "adm4_pcode": null, "adm4_name": null, "name_latin": null }, "geometry": { "type": "Polygon", "coordinates": [ [ [ 84.9126539, 27.799926 ], [ 84.9128592, 27.7994752 ], [ 84.9128875, 27.7991371 ], [ 84.913356, 27.798764 ], [ 84.9135123, 27.7988457 ], [ 84.913567, 27.7994063 ], [ 84.9136874, 27.7996756 ], [ 84.9136024, 27.8002454 ], [ 84.9140271, 27.8004708 ], [ 84.9139493, 27.8006148 ], [ 84.9137228, 27.800715 ], [ 84.9134113, 27.8007651 ], [ 84.9130008, 27.8003894 ], [ 84.9127821, 27.8000973 ], [ 84.9126539, 27.799926 ] ] ] } },
{ "type": "Feature", "properties": { "id": "way/345339819", "name": null, "name_en": null, "name_ne": null, "status": "Standing", "landuse": "residential", "population": null, "source": null, "adm0_pcode": "NPL", "adm0_name": "Nepal", "adm1_pcode": "NP04", "adm1_name": "Gandaki", "adm2_pcode": "NP0436", "adm2_name": "Gorkha", "adm3_pcode": "NP0436409", "adm3_name": "Gandaki", "adm4_pcode": null, "adm4_name": null, "name_latin": null }, "geometry": { "type": "Polygon", "coordinates": [ [ [ 84.6646966, 27.8243885 ], [ 84.6647651, 27.8241416 ], [ 84.6651926, 27.8243945 ], [ 84.6653186, 27.8246438 ], [ 84.6655892, 27.8244017 ], [ 84.6656404, 27.8242593 ], [ 84.6658721, 27.8240467 ], [ 84.6659714, 27.8240559 ], [ 84.6661245, 27.8240973 ], [ 84.6661156, 27.8241463 ], [ 84.6661245, 27.824217 ], [ 84.6660238, 27.8243949 ], [ 84.6659724, 27.8244755 ], [ 84.6658544, 27.8246353 ], [ 84.6657756, 27.8246974 ], [ 84.6656965, 27.824854 ], [ 84.6655235, 27.8250034 ], [ 84.6652499, 27.8253521 ], [ 84.6650863, 27.8253213 ], [ 84.6649105, 27.8252511 ], [ 84.6648905, 27.8252311 ], [ 84.6648348, 27.8251263 ], [ 84.6648895, 27.8247336 ], [ 84.6646966, 27.8243885 ] ] ] } },
{ "type": "Feature", "properties": { "id": "way/345339821", "name": null, "name_en": null, "name_ne": null, "status": "Standing", "landuse": "residential", "population": null, "source": null, "adm0_pcode": "NPL", "adm0_name": "Nepal", "adm1_pcode": "NP03", "adm1_name": "Bagmati", "adm2_pcode": "NP0335", "adm2_name": "Chitawan", "adm3_pcode": "NP0335401", "adm3_name": "Ichchha Kamana", "adm4_pcode": null, "adm4_name": null, "name_latin": null }, "geometry": { "type": "Polygon", "coordinates": [ [ [ 84.6590947, 27.8364982 ], [ 84.6592406, 27.8363236 ], [ 84.6596268, 27.8360277 ], [ 84.6600816, 27.8359062 ], [ 84.6603219, 27.8358455 ], [ 84.6605107, 27.8357013 ], [ 84.660751, 27.8355799 ], [ 84.6611972, 27.835413 ], [ 84.6614203, 27.8354433 ], [ 84.6615233, 27.8360732 ], [ 84.6616177, 27.8364071 ], [ 84.6616349, 27.8366575 ], [ 84.661652, 27.8369307 ], [ 84.6619782, 27.8375378 ], [ 84.6619438, 27.8377882 ], [ 84.661695, 27.8380614 ], [ 84.6616263, 27.8382815 ], [ 84.6615834, 27.8385395 ], [ 84.6610685, 27.838456 ], [ 84.6608025, 27.8380994 ], [ 84.6602446, 27.8378641 ], [ 84.6599786, 27.8376972 ], [ 84.6597469, 27.8374999 ], [ 84.6594551, 27.8372722 ], [ 84.6592492, 27.8371128 ], [ 84.6591204, 27.8368017 ], [ 84.6590947, 27.8364982 ] ] ] } },
{ "type": "Feature", "properties": { "id": "way/1553945250", "name": null, "name_en": null, "name_ne": null, "status": "Standing", "landuse": "residential", "population": null, "source": null, "adm0_pcode": "NPL", "adm0_name": "Nepal", "adm1_pcode": "NP03", "adm1_name": "Bagmati", "adm2_pcode": "NP0328", "adm2_name": "Nuwakot", "adm3_pcode": "NP0328301", "adm3_name": "Bidur", "adm4_pcode": null, "adm4_name": null, "name_latin": null }, "geometry": { "type": "Polygon", "coordinates": [ [ [ 85.1825724, 27.9696962 ], [ 85.1831094, 27.9690978 ], [ 85.1838145, 27.9692778 ], [ 85.1839219, 27.9690565 ], [ 85.1842386, 27.9691148 ], [ 85.1842275, 27.9693046 ], [ 85.1843955, 27.9694091 ], [ 85.1844781, 27.9693605 ], [ 85.1846103, 27.9694967 ], [ 85.1846572, 27.9697205 ], [ 85.1849766, 27.9696937 ], [ 85.1850895, 27.9700245 ], [ 85.1845498, 27.9702921 ], [ 85.1833656, 27.9702312 ], [ 85.1825724, 27.9696962 ] ] ] } },
{ "type": "Feature", "properties": { "id": "way/1553949581", "name": null, "name_en": null, "name_ne": null, "status": "Standing", "landuse": "residential", "population": null, "source": null, "adm0_pcode": "NPL", "adm0_name": "Nepal", "adm1_pcode": "NP03", "adm1_name": "Bagmati", "adm2_pcode": "NP0328", "adm2_name": "Nuwakot", "adm3_pcode": "NP0328301", "adm3_name": "Bidur", "adm4_pcode": null, "adm4_name": null, "name_latin": null }, "geometry": { "type": "Polygon", "coordinates": [ [ [ 85.151478, 27.9272464 ], [ 85.1517125, 27.9266248 ], [ 85.1526337, 27.9268192 ], [ 85.1522783, 27.9275583 ], [ 85.151478, 27.9272464 ] ] ] } },
{ "type": "Feature", "properties": { "id": "way/344279181", "name": null, "name_en": null, "name_ne": null, "status": "Standing", "landuse": "residential", "population": null, "source": null, "adm0_pcode": "NPL", "adm0_name": "Nepal", "adm1_pcode": "NP03", "adm1_name": "Bagmati", "adm2_pcode": "NP0329", "adm2_name": "Rasuwa", "adm3_pcode": "NP0329402", "adm3_name": "Gosaikunda", "adm4_pcode": null, "adm4_name": null, "name_latin": null }, "geometry": { "type": "Polygon", "coordinates": [ [ [ 85.3449882, 28.1769629 ], [ 85.3450316, 28.1768315 ], [ 85.3451845, 28.1767157 ], [ 85.3454911, 28.1767036 ], [ 85.3457644, 28.1766067 ], [ 85.3460917, 28.1762624 ], [ 85.3462313, 28.1763587 ], [ 85.346024, 28.1766329 ], [ 85.346134, 28.1769663 ], [ 85.3460766, 28.1771097 ], [ 85.3459633, 28.1770765 ], [ 85.3459945, 28.1769521 ], [ 85.3459436, 28.1768268 ], [ 85.3458017, 28.1768213 ], [ 85.3456123, 28.1769632 ], [ 85.3450519, 28.1770763 ], [ 85.3449882, 28.1769629 ] ] ] } },
{ "type": "Feature", "properties": { "id": "way/1553984502", "name": null, "name_en": null, "name_ne": null, "status": "Standing", "landuse": "residential", "population": null, "source": null, "adm0_pcode": "NPL", "adm0_name": "Nepal", "adm1_pcode": "NP03", "adm1_name": "Bagmati", "adm2_pcode": "NP0328", "adm2_name": "Nuwakot", "adm3_pcode": "NP0328402", "adm3_name": "Kispang", "adm4_pcode": null, "adm4_name": null, "name_latin": null }, "geometry": { "type": "Polygon", "coordinates": [ [ [ 85.1797137, 27.9791527 ], [ 85.179715, 27.9789929 ], [ 85.179829, 27.9789644 ], [ 85.1798464, 27.9786541 ], [ 85.1799639, 27.9785447 ], [ 85.1802072, 27.9786364 ], [ 85.1802219, 27.9787986 ], [ 85.1800556, 27.9788069 ], [ 85.1800731, 27.9790189 ], [ 85.1803507, 27.9790237 ], [ 85.1804231, 27.9790177 ], [ 85.1804137, 27.9788863 ], [ 85.1804043, 27.9787773 ], [ 85.1807262, 27.9787595 ], [ 85.1808429, 27.978743 ], [ 85.1810507, 27.9787477 ], [ 85.1809416, 27.9790865 ], [ 85.1808871, 27.9792593 ], [ 85.1806203, 27.9792285 ], [ 85.1806203, 27.9793126 ], [ 85.180466, 27.979328 ], [ 85.1804566, 27.9793873 ], [ 85.1802193, 27.9793979 ], [ 85.1802152, 27.9795294 ], [ 85.180281, 27.9795566 ], [ 85.1802783, 27.9796087 ], [ 85.1805156, 27.9796585 ], [ 85.1804379, 27.9797722 ], [ 85.18023, 27.9797627 ], [ 85.1801656, 27.9799155 ], [ 85.1802836, 27.9799842 ], [ 85.180285, 27.9800742 ], [ 85.1801361, 27.9800919 ], [ 85.18012, 27.9802009 ], [ 85.180002, 27.980221 ], [ 85.1798934, 27.9801298 ], [ 85.1798987, 27.9799013 ], [ 85.1800825, 27.9798574 ], [ 85.1801254, 27.9794145 ], [ 85.1800503, 27.9792416 ], [ 85.1798558, 27.9791693 ], [ 85.1797137, 27.9791527 ] ] ] } },
{ "type": "Feature", "properties": { "id": "way/341235375", "name": null, "name_en": null, "name_ne": null, "status": "Standing", "landuse": "residential", "population": null, "source": null, "adm0_pcode": "NPL", "adm0_name": "Nepal", "adm1_pcode": "NP03", "adm1_name": "Bagmati", "adm2_pcode": "NP0328", "adm2_name": "Nuwakot", "adm3_pcode": "NP0328301", "adm3_name": "Bidur", "adm4_pcode": null, "adm4_name": null, "name_latin": null }, "geometry": { "type": "Polygon", "coordinates": [ [ [ 85.1175775, 27.8743449 ], [ 85.1177264, 27.8741509 ], [ 85.1177728, 27.8740944 ], [ 85.117892, 27.8740722 ], [ 85.1179425, 27.8740724 ], [ 85.1179766, 27.8740726 ], [ 85.1180618, 27.8741551 ], [ 85.1181477, 27.8743115 ], [ 85.1180724, 27.8743144 ], [ 85.1180505, 27.8743702 ], [ 85.11796, 27.874406 ], [ 85.1179255, 27.8743812 ], [ 85.1178561, 27.8744225 ], [ 85.1177846, 27.8743712 ], [ 85.1177587, 27.8743538 ], [ 85.1177354, 27.8743809 ], [ 85.1175775, 27.8743449 ] ] ] } },
{ "type": "Feature", "properties": { "id": "way/342381475", "name": null, "name_en": null, "name_ne": null, "status": "Standing", "landuse": "residential", "population": null, "source": null, "adm0_pcode": "NPL", "adm0_name": "Nepal", "adm1_pcode": "NP03", "adm1_name": "Bagmati", "adm2_pcode": "NP0335", "adm2_name": "Chitawan", "adm3_pcode": "NP0335401", "adm3_name": "Ichchha Kamana", "adm4_pcode": null, "adm4_name": null, "name_latin": null }, "geometry": { "type": "Polygon", "coordinates": [ [ [ 84.6123076, 27.8782712 ], [ 84.6123787, 27.8781024 ], [ 84.6125946, 27.8781781 ], [ 84.6126249, 27.8781094 ], [ 84.6127144, 27.8781175 ], [ 84.6127263, 27.8780547 ], [ 84.6129541, 27.8781175 ], [ 84.612908, 27.8782735 ], [ 84.6128081, 27.8783446 ], [ 84.6126605, 27.8783596 ], [ 84.6125815, 27.8783503 ], [ 84.6123076, 27.8782712 ] ] ] } },
{ "type": "Feature", "properties": { "id": "way/341806776", "name": null, "name_en": null, "name_ne": null, "status": "Standing", "landuse": "residential", "population": null, "source": null, "adm0_pcode": "NPL", "adm0_name": "Nepal", "adm1_pcode": "NP03", "adm1_name": "Bagmati", "adm2_pcode": "NP0330", "adm2_name": "Dhading", "adm3_pcode": "NP0330410", "adm3_name": "Galchhi", "adm4_pcode": null, "adm4_name": null, "name_latin": null }, "geometry": { "type": "Polygon", "coordinates": [ [ [ 84.9836738, 27.801363 ], [ 84.9836975, 27.8009438 ], [ 84.9850641, 27.8009187 ], [ 84.9853398, 27.8013289 ], [ 84.9848531, 27.8014286 ], [ 84.9844766, 27.8014442 ], [ 84.9836738, 27.801363 ] ] ] } },
{ "type": "Feature", "properties": { "id": "way/1554597214", "name": null, "name_en": null, "name_ne": null, "status": "Standing", "landuse": "residential", "population": null, "source": null, "adm0_pcode": "NPL", "adm0_name": "Nepal", "adm1_pcode": "NP03", "adm1_name": "Bagmati", "adm2_pcode": "NP0330", "adm2_name": "Dhading", "adm3_pcode": "NP0330407", "adm3_name": "Siddhalek", "adm4_pcode": null, "adm4_name": null, "name_latin": null }, "geometry": { "type": "Polygon", "coordinates": [ [ [ 84.9067725, 27.808528 ], [ 84.9101351, 27.8077956 ], [ 84.9106375, 27.8092157 ], [ 84.9106263, 27.811028 ], [ 84.9101239, 27.8109312 ], [ 84.910006, 27.8100548 ], [ 84.9079188, 27.8104088 ], [ 84.906823, 27.8104471 ], [ 84.9067725, 27.808528 ] ] ] } },
{ "type": "Feature", "properties": { "id": "way/342218767", "name": null, "name_en": null, "name_ne": null, "status": "Standing", "landuse": "residential", "population": null, "source": null, "adm0_pcode": "NPL", "adm0_name": "Nepal", "adm1_pcode": "NP03", "adm1_name": "Bagmati", "adm2_pcode": "NP0328", "adm2_name": "Nuwakot", "adm3_pcode": "NP0328301", "adm3_name": "Bidur", "adm4_pcode": null, "adm4_name": null, "name_latin": null }, "geometry": { "type": "Polygon", "coordinates": [ [ [ 85.1643982, 27.9618395 ], [ 85.16466, 27.9609937 ], [ 85.1653618, 27.9605828 ], [ 85.1657262, 27.9599503 ], [ 85.166136, 27.960101 ], [ 85.1663852, 27.9604578 ], [ 85.1663595, 27.9611022 ], [ 85.1657023, 27.9614509 ], [ 85.1658702, 27.9618982 ], [ 85.1643982, 27.9618395 ] ] ] } },
{ "type": "Feature", "properties": { "id": "way/1554524943", "name": null, "name_en": null, "name_ne": null, "status": "Standing", "landuse": "residential", "population": null, "source": null, "adm0_pcode": "NPL", "adm0_name": "Nepal", "adm1_pcode": "NP03", "adm1_name": "Bagmati", "adm2_pcode": "NP0330", "adm2_name": "Dhading", "adm3_pcode": "NP0330410", "adm3_name": "Galchhi", "adm4_pcode": null, "adm4_name": null, "name_latin": null }, "geometry": { "type": "Polygon", "coordinates": [ [ [ 84.9717876, 27.8097855 ], [ 84.9718461, 27.8094476 ], [ 84.9719385, 27.8093958 ], [ 84.9719848, 27.8093059 ], [ 84.9722713, 27.8092923 ], [ 84.9723144, 27.809156 ], [ 84.9723791, 27.8091097 ], [ 84.9724531, 27.8089026 ], [ 84.9725455, 27.8087554 ], [ 84.9726564, 27.8087745 ], [ 84.9727088, 27.8092133 ], [ 84.9724469, 27.8092269 ], [ 84.9723545, 27.8094994 ], [ 84.9720957, 27.8095185 ], [ 84.9720186, 27.8096329 ], [ 84.9721296, 27.8099 ], [ 84.9719046, 27.8099709 ], [ 84.9717876, 27.8097855 ] ] ] } },
{ "type": "Feature", "properties": { "id": "way/311549069", "name": "Adamghat", "name_en": null, "name_ne": null, "status": "Standing", "landuse": "residential", "population": null, "source": "Bing", "adm0_pcode": "NPL", "adm0_name": "Nepal", "adm1_pcode": "NP03", "adm1_name": "Bagmati", "adm2_pcode": "NP0330", "adm2_name": "Dhading", "adm3_pcode": "NP0330407", "adm3_name": "Siddhalek", "adm4_pcode": null, "adm4_name": null, "name_latin": "Adamghat" }, "geometry": { "type": "Polygon", "coordinates": [ [ [ 84.941474, 27.8052085 ], [ 84.9415713, 27.80513 ], [ 84.9420254, 27.8054867 ], [ 84.9423597, 27.805791 ], [ 84.9425423, 27.8056552 ], [ 84.9427954, 27.8058395 ], [ 84.943245, 27.8060729 ], [ 84.9431705, 27.8062629 ], [ 84.9434584, 27.8065057 ], [ 84.943669, 27.8068793 ], [ 84.9440392, 27.8068816 ], [ 84.9442704, 27.8071072 ], [ 84.9444787, 27.8077527 ], [ 84.9445021, 27.8079521 ], [ 84.9444665, 27.8080935 ], [ 84.9446449, 27.8080346 ], [ 84.9448031, 27.8079421 ], [ 84.9450794, 27.8078946 ], [ 84.945471, 27.8079254 ], [ 84.9455763, 27.808265 ], [ 84.9456868, 27.8084783 ], [ 84.945829, 27.8085182 ], [ 84.9460623, 27.8087079 ], [ 84.9463171, 27.808689 ], [ 84.9464293, 27.8091376 ], [ 84.9475359, 27.8091467 ], [ 84.9479317, 27.8098652 ], [ 84.9473632, 27.8100405 ], [ 84.9470468, 27.8099829 ], [ 84.947146, 27.8100911 ], [ 84.9474249, 27.8104422 ], [ 84.9474249, 27.8104517 ], [ 84.9472808, 27.8105977 ], [ 84.9472, 27.8106662 ], [ 84.9469743, 27.8108028 ], [ 84.9469389, 27.8107947 ], [ 84.9465988, 27.8107174 ], [ 84.9464164, 27.8106035 ], [ 84.9462541, 27.8105317 ], [ 84.9460945, 27.8104612 ], [ 84.9457619, 27.8104707 ], [ 84.9456428, 27.8108152 ], [ 84.9453174, 27.81095 ], [ 84.9449546, 27.8114434 ], [ 84.944217, 27.81104 ], [ 84.9441419, 27.8106794 ], [ 84.9441956, 27.8106106 ], [ 84.9441116, 27.810316 ], [ 84.9440252, 27.8100394 ], [ 84.9440099, 27.8099561 ], [ 84.9439582, 27.809636 ], [ 84.9438161, 27.8093347 ], [ 84.9439689, 27.8092398 ], [ 84.9437825, 27.8087483 ], [ 84.943639, 27.8081983 ], [ 84.9433751, 27.8082435 ], [ 84.9432704, 27.8080264 ], [ 84.9427147, 27.807521 ], [ 84.942156, 27.8072084 ], [ 84.9419892, 27.8070576 ], [ 84.9419818, 27.8066313 ], [ 84.9419225, 27.8061001 ], [ 84.9418024, 27.8058832 ], [ 84.941474, 27.8052085 ] ] ] } },
{ "type": "Feature", "properties": { "id": "way/1554536733", "name": null, "name_en": null, "name_ne": null, "status": "Standing", "landuse": "residential", "population": null, "source": null, "adm0_pcode": "NPL", "adm0_name": "Nepal", "adm1_pcode": "NP03", "adm1_name": "Bagmati", "adm2_pcode": "NP0330", "adm2_name": "Dhading", "adm3_pcode": "NP0330410", "adm3_name": "Galchhi", "adm4_pcode": null, "adm4_name": null, "name_latin": null }, "geometry": { "type": "Polygon", "coordinates": [ [ [ 84.9674464, 27.8065247 ], [ 84.9677135, 27.8063592 ], [ 84.9677561, 27.8065407 ], [ 84.9675354, 27.8067256 ], [ 84.9674528, 27.8067085 ], [ 84.9674464, 27.8065247 ] ] ] } },
{ "type": "Feature", "properties": { "id": "way/1554536737", "name": null, "name_en": null, "name_ne": null, "status": "Standing", "landuse": "residential", "population": null, "source": null, "adm0_pcode": "NPL", "adm0_name": "Nepal", "adm1_pcode": "NP03", "adm1_name": "Bagmati", "adm2_pcode": "NP0330", "adm2_name": "Dhading", "adm3_pcode": "NP0330410", "adm3_name": "Galchhi", "adm4_pcode": null, "adm4_name": null, "name_latin": null }, "geometry": { "type": "Polygon", "coordinates": [ [ [ 84.9557868, 27.8160592 ], [ 84.9588641, 27.8147339 ], [ 84.9599973, 27.8170234 ], [ 84.9578169, 27.8174462 ], [ 84.9565225, 27.8168144 ], [ 84.9557868, 27.8160592 ] ] ] } },
{ "type": "Feature", "properties": { "id": "way/1554563919", "name": null, "name_en": null, "name_ne": null, "status": "Standing", "landuse": "residential", "population": null, "source": null, "adm0_pcode": "NPL", "adm0_name": "Nepal", "adm1_pcode": "NP03", "adm1_name": "Bagmati", "adm2_pcode": "NP0330", "adm2_name": "Dhading", "adm3_pcode": "NP0330410", "adm3_name": "Galchhi", "adm4_pcode": null, "adm4_name": null, "name_latin": null }, "geometry": { "type": "Polygon", "coordinates": [ [ [ 85.0023308, 27.7998675 ], [ 85.0039721, 27.7996759 ], [ 85.0046514, 27.8000312 ], [ 85.0030035, 27.8004508 ], [ 85.0026333, 27.800328 ], [ 85.0023308, 27.7998675 ] ] ] } },
{ "type": "Feature", "properties": { "id": "way/341649661", "name": null, "name_en": null, "name_ne": null, "status": "Standing", "landuse": "residential", "population": null, "source": null, "adm0_pcode": "NPL", "adm0_name": "Nepal", "adm1_pcode": "NP03", "adm1_name": "Bagmati", "adm2_pcode": "NP0328", "adm2_name": "Nuwakot", "adm3_pcode": "NP0328301", "adm3_name": "Bidur", "adm4_pcode": null, "adm4_name": null, "name_latin": null }, "geometry": { "type": "Polygon", "coordinates": [ [ [ 85.1081628, 27.8667094 ], [ 85.1082265, 27.8662589 ], [ 85.108389, 27.8661386 ], [ 85.1084813, 27.8660805 ], [ 85.1085946, 27.8661087 ], [ 85.1086551, 27.8663734 ], [ 85.1087922, 27.8663829 ], [ 85.1087537, 27.8665763 ], [ 85.1091727, 27.8666689 ], [ 85.1092227, 27.8663703 ], [ 85.1094524, 27.8663217 ], [ 85.1095534, 27.8663265 ], [ 85.1094773, 27.8666004 ], [ 85.1096408, 27.8666458 ], [ 85.1096104, 27.8667448 ], [ 85.1099023, 27.8668088 ], [ 85.1098766, 27.8669802 ], [ 85.1093979, 27.8668604 ], [ 85.1093307, 27.8671568 ], [ 85.1091149, 27.8675698 ], [ 85.1088687, 27.867519 ], [ 85.1089131, 27.8673195 ], [ 85.1090688, 27.867185 ], [ 85.1087429, 27.8671071 ], [ 85.1088809, 27.8667412 ], [ 85.1084636, 27.8666469 ], [ 85.1084283, 27.8669441 ], [ 85.1084636, 27.8671662 ], [ 85.1082017, 27.8671694 ], [ 85.1081628, 27.8667094 ] ] ] } },
{ "type": "Feature", "properties": { "id": "way/419144953", "name": null, "name_en": null, "name_ne": null, "status": "Standing", "landuse": "residential", "population": null, "source": null, "adm0_pcode": "NPL", "adm0_name": "Nepal", "adm1_pcode": "NP03", "adm1_name": "Bagmati", "adm2_pcode": "NP0328", "adm2_name": "Nuwakot", "adm3_pcode": "NP0328402", "adm3_name": "Kispang", "adm4_pcode": null, "adm4_name": null, "name_latin": null }, "geometry": { "type": "Polygon", "coordinates": [ [ [ 85.1770263, 27.9772889 ], [ 85.1773367, 27.976795 ], [ 85.1775371, 27.9766028 ], [ 85.177931, 27.9764444 ], [ 85.1782411, 27.9764998 ], [ 85.1784343, 27.9763268 ], [ 85.1782492, 27.9760497 ], [ 85.1784074, 27.9756375 ], [ 85.1787052, 27.9758318 ], [ 85.1786763, 27.9765167 ], [ 85.1786113, 27.9769273 ], [ 85.1789117, 27.9771512 ], [ 85.1790699, 27.977195 ], [ 85.1792496, 27.9773833 ], [ 85.1788554, 27.9777647 ], [ 85.1784369, 27.9775183 ], [ 85.1783149, 27.9778121 ], [ 85.1782501, 27.9780031 ], [ 85.1778737, 27.9779305 ], [ 85.1780963, 27.9776 ], [ 85.1777771, 27.9774058 ], [ 85.1775384, 27.9775278 ], [ 85.1774606, 27.9774638 ], [ 85.1772918, 27.9775411 ], [ 85.1770263, 27.9772889 ] ] ] } },
{ "type": "Feature", "properties": { "id": "way/1553974293", "name": null, "name_en": null, "name_ne": null, "status": "Standing", "landuse": "residential", "population": null, "source": null, "adm0_pcode": "NPL", "adm0_name": "Nepal", "adm1_pcode": "NP03", "adm1_name": "Bagmati", "adm2_pcode": "NP0328", "adm2_name": "Nuwakot", "adm3_pcode": "NP0328402", "adm3_name": "Kispang", "adm4_pcode": null, "adm4_name": null, "name_latin": null }, "geometry": { "type": "Polygon", "coordinates": [ [ [ 85.1841035, 28.0072481 ], [ 85.1841158, 28.007131 ], [ 85.1842294, 28.0071291 ], [ 85.1843753, 28.0067573 ], [ 85.1842506, 28.0067022 ], [ 85.1843134, 28.0063197 ], [ 85.1845158, 28.0063225 ], [ 85.1845981, 28.0061553 ], [ 85.184841, 28.0061533 ], [ 85.18487, 28.0062143 ], [ 85.1847341, 28.006232 ], [ 85.1847407, 28.0063815 ], [ 85.1845892, 28.0066196 ], [ 85.1844578, 28.006594 ], [ 85.1844398, 28.0067198 ], [ 85.1846444, 28.0067568 ], [ 85.1844801, 28.0071861 ], [ 85.1842728, 28.0071507 ], [ 85.1842456, 28.0072548 ], [ 85.1841035, 28.0072481 ] ] ] } },
{ "type": "Feature", "properties": { "id": "way/1554505538", "name": null, "name_en": null, "name_ne": null, "status": "Standing", "landuse": "residential", "population": null, "source": null, "adm0_pcode": "NPL", "adm0_name": "Nepal", "adm1_pcode": "NP03", "adm1_name": "Bagmati", "adm2_pcode": "NP0329", "adm2_name": "Rasuwa", "adm3_pcode": "NP0329402", "adm3_name": "Gosaikunda", "adm4_pcode": null, "adm4_name": null, "name_latin": null }, "geometry": { "type": "Polygon", "coordinates": [ [ [ 85.3583206, 28.2414995 ], [ 85.3583354, 28.2411852 ], [ 85.3584051, 28.2409111 ], [ 85.3584883, 28.2404798 ], [ 85.3586653, 28.2404657 ], [ 85.3587162, 28.2405626 ], [ 85.3587458, 28.2412383 ], [ 85.3588182, 28.2418834 ], [ 85.3588396, 28.2424411 ], [ 85.3589684, 28.2429704 ], [ 85.3590381, 28.2431405 ], [ 85.3592366, 28.2434335 ], [ 85.3591239, 28.2434737 ], [ 85.3588665, 28.2431098 ], [ 85.3587793, 28.2430649 ], [ 85.3586881, 28.2429964 ], [ 85.3585365, 28.2427837 ], [ 85.358385, 28.2425509 ], [ 85.3583515, 28.2424493 ], [ 85.3583206, 28.2414995 ] ] ] } },
{ "type": "Feature", "properties": { "id": "way/342127666", "name": null, "name_en": null, "name_ne": null, "status": "Standing", "landuse": "residential", "population": null, "source": null, "adm0_pcode": "NPL", "adm0_name": "Nepal", "adm1_pcode": "NP04", "adm1_name": "Gandaki", "adm2_pcode": "NP0436", "adm2_name": "Gorkha", "adm3_pcode": "NP0436408", "adm3_name": "Shahid Lakhan", "adm4_pcode": null, "adm4_name": null, "name_latin": null }, "geometry": { "type": "Polygon", "coordinates": [ [ [ 84.5908859, 27.8765452 ], [ 84.5911679, 27.8764784 ], [ 84.5913808, 27.8767402 ], [ 84.591616, 27.8766184 ], [ 84.5922391, 27.8764646 ], [ 84.5923431, 27.8764809 ], [ 84.5925801, 27.8764503 ], [ 84.5926581, 27.8764964 ], [ 84.5920757, 27.8770749 ], [ 84.591691, 27.8772482 ], [ 84.5912839, 27.8773576 ], [ 84.590947, 27.8771035 ], [ 84.5908859, 27.8765452 ] ] ] } },
{ "type": "Feature", "properties": { "id": "way/1554529771", "name": null, "name_en": null, "name_ne": null, "status": "Standing", "landuse": "residential", "population": null, "source": null, "adm0_pcode": "NPL", "adm0_name": "Nepal", "adm1_pcode": "NP03", "adm1_name": "Bagmati", "adm2_pcode": "NP0330", "adm2_name": "Dhading", "adm3_pcode": "NP0330407", "adm3_name": "Siddhalek", "adm4_pcode": null, "adm4_name": null, "name_latin": null }, "geometry": { "type": "Polygon", "coordinates": [ [ [ 84.8703933, 27.8090524 ], [ 84.8704603, 27.808846 ], [ 84.8705623, 27.8087012 ], [ 84.8709726, 27.8087511 ], [ 84.8709324, 27.8089219 ], [ 84.8706937, 27.8092659 ], [ 84.8705837, 27.8092374 ], [ 84.8703933, 27.8090524 ] ] ] } },
{ "type": "Feature", "properties": { "id": "way/1554529784", "name": null, "name_en": null, "name_ne": null, "status": "Standing", "landuse": "residential", "population": null, "source": null, "adm0_pcode": "NPL", "adm0_name": "Nepal", "adm1_pcode": "NP03", "adm1_name": "Bagmati", "adm2_pcode": "NP0330", "adm2_name": "Dhading", "adm3_pcode": "NP0330407", "adm3_name": "Siddhalek", "adm4_pcode": null, "adm4_name": null, "name_latin": null }, "geometry": { "type": "Polygon", "coordinates": [ [ [ 84.8580176, 27.8101508 ], [ 84.8580712, 27.8096858 ], [ 84.8585111, 27.8098044 ], [ 84.8584306, 27.8102979 ], [ 84.8587042, 27.810834 ], [ 84.8590529, 27.8111662 ], [ 84.858849, 27.8115078 ], [ 84.8584896, 27.8118731 ], [ 84.8584038, 27.8121863 ], [ 84.8582321, 27.812191 ], [ 84.8581517, 27.8120297 ], [ 84.8582321, 27.8118399 ], [ 84.8581088, 27.8112943 ], [ 84.8581624, 27.810872 ], [ 84.8580176, 27.8101508 ] ] ] } },
{ "type": "Feature", "properties": { "id": "way/340794827", "name": null, "name_en": null, "name_ne": null, "status": "Standing", "landuse": "residential", "population": null, "source": null, "adm0_pcode": "NPL", "adm0_name": "Nepal", "adm1_pcode": "NP03", "adm1_name": "Bagmati", "adm2_pcode": "NP0330", "adm2_name": "Dhading", "adm3_pcode": "NP0330410", "adm3_name": "Galchhi", "adm4_pcode": null, "adm4_name": null, "name_latin": null }, "geometry": { "type": "Polygon", "coordinates": [ [ [ 84.9796537, 27.799357 ], [ 84.9799637, 27.7992 ], [ 84.9801169, 27.7993834 ], [ 84.9800294, 27.799557 ], [ 84.9801498, 27.7995926 ], [ 84.9800563, 27.7999631 ], [ 84.9800498, 27.7999887 ], [ 84.9799232, 27.8000495 ], [ 84.9798547, 27.7999408 ], [ 84.9798538, 27.7996898 ], [ 84.9796537, 27.799357 ] ] ] } },
{ "type": "Feature", "properties": { "id": "way/341614408", "name": null, "name_en": null, "name_ne": null, "status": "Standing", "landuse": "residential", "population": null, "source": null, "adm0_pcode": "NPL", "adm0_name": "Nepal", "adm1_pcode": "NP03", "adm1_name": "Bagmati", "adm2_pcode": "NP0328", "adm2_name": "Nuwakot", "adm3_pcode": "NP0328302", "adm3_name": "Belkotgadhi", "adm4_pcode": null, "adm4_name": null, "name_latin": null }, "geometry": { "type": "Polygon", "coordinates": [ [ [ 85.0151871, 27.8142288 ], [ 85.015589, 27.8142488 ], [ 85.0155841, 27.8143023 ], [ 85.015753, 27.8143261 ], [ 85.0157638, 27.8144636 ], [ 85.0158921, 27.8144496 ], [ 85.0159408, 27.8146629 ], [ 85.0155009, 27.814625 ], [ 85.0151871, 27.8142288 ] ] ] } },
{ "type": "Feature", "properties": { "id": "way/302739344", "name": "Bairani Bazzar", "name_en": null, "name_ne": null, "status": "Standing", "landuse": "residential", "population": null, "source": null, "adm0_pcode": "NPL", "adm0_name": "Nepal", "adm1_pcode": "NP03", "adm1_name": "Bagmati", "adm2_pcode": "NP0330", "adm2_name": "Dhading", "adm3_pcode": "NP0330410", "adm3_name": "Galchhi", "adm4_pcode": null, "adm4_name": null, "name_latin": "Bairani Bazzar" }, "geometry": { "type": "Polygon", "coordinates": [ [ [ 84.9923436, 27.8007177 ], [ 84.9923533, 27.8004282 ], [ 84.9929823, 27.800433 ], [ 84.9935764, 27.8004187 ], [ 84.9940941, 27.8003808 ], [ 84.9942738, 27.8002693 ], [ 84.9944267, 27.8001127 ], [ 84.9944589, 27.7999513 ], [ 84.994432, 27.7990734 ], [ 84.9944106, 27.7979963 ], [ 84.9944776, 27.7972987 ], [ 84.9945796, 27.7965726 ], [ 84.9947481, 27.7965983 ], [ 84.9947756, 27.796682 ], [ 84.9947729, 27.7968837 ], [ 84.9947914, 27.7970116 ], [ 84.9949068, 27.7971492 ], [ 84.9949204, 27.7973487 ], [ 84.9948909, 27.7975338 ], [ 84.9947619, 27.7977709 ], [ 84.9947676, 27.7979514 ], [ 84.9947995, 27.798122 ], [ 84.9947244, 27.7983047 ], [ 84.9947246, 27.7985683 ], [ 84.9947351, 27.7987674 ], [ 84.9947405, 27.7990924 ], [ 84.9948692, 27.7999513 ], [ 84.9949177, 27.8002742 ], [ 84.994971, 27.800583 ], [ 84.9949497, 27.8007651 ], [ 84.9948209, 27.8008838 ], [ 84.9946547, 27.8008885 ], [ 84.9944508, 27.80086 ], [ 84.9942416, 27.8008078 ], [ 84.9940002, 27.8008078 ], [ 84.9938124, 27.8008458 ], [ 84.9935389, 27.8009739 ], [ 84.9932653, 27.8009739 ], [ 84.9927986, 27.8008411 ], [ 84.9924391, 27.8007841 ], [ 84.9924311, 27.8007247 ], [ 84.9923436, 27.8007177 ] ] ] } },
{ "type": "Feature", "properties": { "id": "way/1554449669", "name": null, "name_en": null, "name_ne": null, "status": "Standing", "landuse": "residential", "population": null, "source": null, "adm0_pcode": "NPL", "adm0_name": "Nepal", "adm1_pcode": "NP03", "adm1_name": "Bagmati", "adm2_pcode": "NP0335", "adm2_name": "Chitawan", "adm3_pcode": "NP0335401", "adm3_name": "Ichchha Kamana", "adm4_pcode": null, "adm4_name": null, "name_latin": null }, "geometry": { "type": "Polygon", "coordinates": [ [ [ 84.6107286, 27.8709528 ], [ 84.6107984, 27.8708414 ], [ 84.6111336, 27.8709766 ], [ 84.6113804, 27.8711378 ], [ 84.6112865, 27.8713014 ], [ 84.6107286, 27.8709528 ] ] ] } },
{ "type": "Feature", "properties": { "id": "way/1554548386", "name": null, "name_en": null, "name_ne": null, "status": "Standing", "landuse": "residential", "population": null, "source": null, "adm0_pcode": "NPL", "adm0_name": "Nepal", "adm1_pcode": "NP04", "adm1_name": "Gandaki", "adm2_pcode": "NP0440", "adm2_name": "Tanahu", "adm3_pcode": "NP0440405", "adm3_name": "Aanbu Khaireni", "adm4_pcode": null, "adm4_name": null, "name_latin": null }, "geometry": { "type": "Polygon", "coordinates": [ [ [ 84.5555581, 27.8527391 ], [ 84.5559214, 27.8526531 ], [ 84.5561099, 27.853254 ], [ 84.5557465, 27.8533214 ], [ 84.5555581, 27.8527391 ] ] ] } },
{ "type": "Feature", "properties": { "id": "way/1554549511", "name": null, "name_en": null, "name_ne": null, "status": "Standing", "landuse": "residential", "population": null, "source": null, "adm0_pcode": "NPL", "adm0_name": "Nepal", "adm1_pcode": "NP03", "adm1_name": "Bagmati", "adm2_pcode": "NP0330", "adm2_name": "Dhading", "adm3_pcode": "NP0330408", "adm3_name": "Benighat Rorang", "adm4_pcode": null, "adm4_name": null, "name_latin": null }, "geometry": { "type": "Polygon", "coordinates": [ [ [ 84.8038715, 27.8134459 ], [ 84.8047036, 27.8131433 ], [ 84.8062737, 27.8140818 ], [ 84.8066149, 27.8151704 ], [ 84.8060384, 27.8158412 ], [ 84.8054132, 27.8154469 ], [ 84.8038715, 27.8134459 ] ] ] } },
{ "type": "Feature", "properties": { "id": "way/1554546940", "name": null, "name_en": null, "name_ne": null, "status": "Standing", "landuse": "residential", "population": null, "source": null, "adm0_pcode": "NPL", "adm0_name": "Nepal", "adm1_pcode": "NP03", "adm1_name": "Bagmati", "adm2_pcode": "NP0330", "adm2_name": "Dhading", "adm3_pcode": "NP0330408", "adm3_name": "Benighat Rorang", "adm4_pcode": null, "adm4_name": null, "name_latin": null }, "geometry": { "type": "Polygon", "coordinates": [ [ [ 84.791657, 27.8153012 ], [ 84.7918555, 27.8151565 ], [ 84.7922015, 27.8149857 ], [ 84.7923034, 27.8146274 ], [ 84.7927755, 27.8147769 ], [ 84.7944806, 27.8149672 ], [ 84.7936732, 27.8155001 ], [ 84.7925368, 27.8153866 ], [ 84.7920272, 27.8155692 ], [ 84.7917777, 27.815555 ], [ 84.791657, 27.8153012 ] ] ] } },
{ "type": "Feature", "properties": { "id": "way/1554549991", "name": null, "name_en": null, "name_ne": null, "status": "Standing", "landuse": "residential", "population": null, "source": null, "adm0_pcode": "NPL", "adm0_name": "Nepal", "adm1_pcode": "NP03", "adm1_name": "Bagmati", "adm2_pcode": "NP0335", "adm2_name": "Chitawan", "adm3_pcode": "NP0335401", "adm3_name": "Ichchha Kamana", "adm4_pcode": null, "adm4_name": null, "name_latin": null }, "geometry": { "type": "Polygon", "coordinates": [ [ [ 84.639321, 27.8578779 ], [ 84.639793, 27.8574843 ], [ 84.6404153, 27.8575507 ], [ 84.6406192, 27.8580676 ], [ 84.6397233, 27.8582716 ], [ 84.6393907, 27.8581862 ], [ 84.639321, 27.8578779 ] ] ] } },
{ "type": "Feature", "properties": { "id": "way/1554583105", "name": null, "name_en": null, "name_ne": null, "status": "Standing", "landuse": "residential", "population": null, "source": null, "adm0_pcode": "NPL", "adm0_name": "Nepal", "adm1_pcode": "NP03", "adm1_name": "Bagmati", "adm2_pcode": "NP0330", "adm2_name": "Dhading", "adm3_pcode": "NP0330407", "adm3_name": "Siddhalek", "adm4_pcode": null, "adm4_name": null, "name_latin": null }, "geometry": { "type": "Polygon", "coordinates": [ [ [ 84.8553596, 27.8086561 ], [ 84.8569169, 27.8087524 ], [ 84.8572719, 27.8093234 ], [ 84.8575745, 27.8111218 ], [ 84.8572678, 27.8114358 ], [ 84.855408, 27.8100192 ], [ 84.8553596, 27.8086561 ] ] ] } },
{ "type": "Feature", "properties": { "id": "way/1554599561", "name": null, "name_en": null, "name_ne": null, "status": "Standing", "landuse": "residential", "population": null, "source": null, "adm0_pcode": "NPL", "adm0_name": "Nepal", "adm1_pcode": "NP03", "adm1_name": "Bagmati", "adm2_pcode": "NP0335", "adm2_name": "Chitawan", "adm3_pcode": "NP0335401", "adm3_name": "Ichchha Kamana", "adm4_pcode": null, "adm4_name": null, "name_latin": null }, "geometry": { "type": "Polygon", "coordinates": [ [ [ 84.6585808, 27.8489277 ], [ 84.65862, 27.8485375 ], [ 84.6590099, 27.8485244 ], [ 84.6590785, 27.8488908 ], [ 84.6585808, 27.8489277 ] ] ] } },
{ "type": "Feature", "properties": { "id": "way/225746340", "name": null, "name_en": null, "name_ne": null, "status": "Standing", "landuse": "residential", "population": null, "source": null, "adm0_pcode": "NPL", "adm0_name": "Nepal", "adm1_pcode": "NP03", "adm1_name": "Bagmati", "adm2_pcode": "NP0328", "adm2_name": "Nuwakot", "adm3_pcode": "NP0328302", "adm3_name": "Belkotgadhi", "adm4_pcode": null, "adm4_name": null, "name_latin": null }, "geometry": { "type": "Polygon", "coordinates": [ [ [ 85.0258333, 27.8486409 ], [ 85.025918, 27.848549 ], [ 85.0259401, 27.8485093 ], [ 85.0259528, 27.8484648 ], [ 85.0259828, 27.8484422 ], [ 85.0267758, 27.8481679 ], [ 85.0279495, 27.8491413 ], [ 85.0282204, 27.8493832 ], [ 85.0285637, 27.849682 ], [ 85.0287837, 27.8501089 ], [ 85.0283975, 27.8510504 ], [ 85.0281507, 27.851176 ], [ 85.0277645, 27.8513349 ], [ 85.0273728, 27.8512306 ], [ 85.0272924, 27.850844 ], [ 85.027601, 27.8507225 ], [ 85.0282285, 27.8508085 ], [ 85.0281963, 27.8503318 ], [ 85.0281514, 27.8498628 ], [ 85.0277732, 27.8497276 ], [ 85.0277839, 27.8494004 ], [ 85.0276873, 27.8493814 ], [ 85.0276739, 27.8496351 ], [ 85.0275693, 27.8497371 ], [ 85.0276666, 27.850117 ], [ 85.0273085, 27.8501585 ], [ 85.0268418, 27.8493998 ], [ 85.0262844, 27.8490712 ], [ 85.0258333, 27.8486409 ] ] ] } },
{ "type": "Feature", "properties": { "id": "way/341675379", "name": null, "name_en": null, "name_ne": null, "status": "Standing", "landuse": "residential", "population": null, "source": "Bing", "adm0_pcode": "NPL", "adm0_name": "Nepal", "adm1_pcode": "NP03", "adm1_name": "Bagmati", "adm2_pcode": "NP0330", "adm2_name": "Dhading", "adm3_pcode": "NP0330407", "adm3_name": "Siddhalek", "adm4_pcode": null, "adm4_name": null, "name_latin": null }, "geometry": { "type": "Polygon", "coordinates": [ [ [ 84.9400964, 27.8100961 ], [ 84.9401241, 27.8094656 ], [ 84.9406666, 27.809379 ], [ 84.9408877, 27.81031 ], [ 84.9414691, 27.8112848 ], [ 84.9415022, 27.8116699 ], [ 84.9412075, 27.8116308 ], [ 84.9409983, 27.8113461 ], [ 84.9406493, 27.810993 ], [ 84.9402795, 27.8111183 ], [ 84.9401508, 27.8109475 ], [ 84.9401317, 27.8106531 ], [ 84.9400964, 27.8100961 ] ] ] } },
{ "type": "Feature", "properties": { "id": "way/1554494410", "name": null, "name_en": null, "name_ne": null, "status": "Standing", "landuse": "residential", "population": null, "source": null, "adm0_pcode": "NPL", "adm0_name": "Nepal", "adm1_pcode": "NP03", "adm1_name": "Bagmati", "adm2_pcode": "NP0330", "adm2_name": "Dhading", "adm3_pcode": "NP0330408", "adm3_name": "Benighat Rorang", "adm4_pcode": null, "adm4_name": null, "name_latin": null }, "geometry": { "type": "Polygon", "coordinates": [ [ [ 84.7144662, 27.7983261 ], [ 84.7146266, 27.7980651 ], [ 84.7152256, 27.7984008 ], [ 84.7152741, 27.7987283 ], [ 84.7161407, 27.7991593 ], [ 84.7159327, 27.7994222 ], [ 84.7147085, 27.7987679 ], [ 84.7144662, 27.7983261 ] ] ] } },
{ "type": "Feature", "properties": { "id": "way/1554494415", "name": null, "name_en": null, "name_ne": null, "status": "Standing", "landuse": "residential", "population": null, "source": null, "adm0_pcode": "NPL", "adm0_name": "Nepal", "adm1_pcode": "NP03", "adm1_name": "Bagmati", "adm2_pcode": "NP0330", "adm2_name": "Dhading", "adm3_pcode": "NP0330408", "adm3_name": "Benighat Rorang", "adm4_pcode": null, "adm4_name": null, "name_latin": null }, "geometry": { "type": "Polygon", "coordinates": [ [ [ 84.7223786, 27.7992503 ], [ 84.7227107, 27.7989296 ], [ 84.7234289, 27.7986706 ], [ 84.7236207, 27.7986807 ], [ 84.7228374, 27.7993661 ], [ 84.7225664, 27.799554 ], [ 84.7223786, 27.7992503 ] ] ] } },
{ "type": "Feature", "properties": { "id": "way/594027680", "name": null, "name_en": null, "name_ne": null, "status": "Standing", "landuse": "residential", "population": null, "source": null, "adm0_pcode": "NPL", "adm0_name": "Nepal", "adm1_pcode": "NP03", "adm1_name": "Bagmati", "adm2_pcode": "NP0330", "adm2_name": "Dhading", "adm3_pcode": "NP0330410", "adm3_name": "Galchhi", "adm4_pcode": null, "adm4_name": null, "name_latin": null }, "geometry": { "type": "Polygon", "coordinates": [ [ [ 84.9690627, 27.8037474 ], [ 84.9691367, 27.8036329 ], [ 84.9694571, 27.803791 ], [ 84.9695232, 27.8036975 ], [ 84.9697062, 27.8037242 ], [ 84.9698659, 27.8036353 ], [ 84.9705087, 27.8035132 ], [ 84.9708091, 27.8036153 ], [ 84.9711204, 27.8037841 ], [ 84.9710565, 27.8039201 ], [ 84.9707771, 27.8039716 ], [ 84.970586, 27.803954 ], [ 84.9705534, 27.8037468 ], [ 84.970446, 27.8037007 ], [ 84.9701986, 27.803749 ], [ 84.9698835, 27.8039129 ], [ 84.9696465, 27.8038771 ], [ 84.9695637, 27.8040148 ], [ 84.9693955, 27.8040635 ], [ 84.9693893, 27.8038782 ], [ 84.9690627, 27.8037474 ] ] ] } },
{ "type": "Feature", "properties": { "id": "way/1553990940", "name": null, "name_en": null, "name_ne": null, "status": "Standing", "landuse": "residential", "population": null, "source": null, "adm0_pcode": "NPL", "adm0_name": "Nepal", "adm1_pcode": "NP03", "adm1_name": "Bagmati", "adm2_pcode": "NP0328", "adm2_name": "Nuwakot", "adm3_pcode": "NP0328402", "adm3_name": "Kispang", "adm4_pcode": null, "adm4_name": null, "name_latin": null }, "geometry": { "type": "Polygon", "coordinates": [ [ [ 85.1839609, 27.9871196 ], [ 85.1840629, 27.9870864 ], [ 85.1841098, 27.9870225 ], [ 85.1841379, 27.9868177 ], [ 85.1843713, 27.9868425 ], [ 85.1844021, 27.9869727 ], [ 85.1845362, 27.9869704 ], [ 85.1845577, 27.9867667 ], [ 85.1847093, 27.9867726 ], [ 85.1846865, 27.9869159 ], [ 85.184673, 27.9870379 ], [ 85.1846892, 27.9872297 ], [ 85.1846623, 27.9874429 ], [ 85.1846355, 27.9874903 ], [ 85.184598, 27.9875329 ], [ 85.1845443, 27.9875471 ], [ 85.1845289, 27.9875505 ], [ 85.1844799, 27.9875613 ], [ 85.1844209, 27.9875755 ], [ 85.1843673, 27.9875329 ], [ 85.1842546, 27.9872961 ], [ 85.1842171, 27.9872582 ], [ 85.1841581, 27.987244 ], [ 85.1841259, 27.9873518 ], [ 85.1840428, 27.9873268 ], [ 85.18402, 27.987276 ], [ 85.1839609, 27.9871196 ] ] ] } },
{ "type": "Feature", "properties": { "id": "way/1554043922", "name": null, "name_en": null, "name_ne": null, "status": "Standing", "landuse": "residential", "population": null, "source": null, "adm0_pcode": "NPL", "adm0_name": "Nepal", "adm1_pcode": "NP03", "adm1_name": "Bagmati", "adm2_pcode": "NP0328", "adm2_name": "Nuwakot", "adm3_pcode": "NP0328301", "adm3_name": "Bidur", "adm4_pcode": null, "adm4_name": null, "name_latin": null }, "geometry": { "type": "Polygon", "coordinates": [ [ [ 85.1344704, 27.9000842 ], [ 85.1357294, 27.8991413 ], [ 85.1360911, 27.8994575 ], [ 85.1350319, 27.9002619 ], [ 85.1348843, 27.9011564 ], [ 85.1345907, 27.901082 ], [ 85.1344704, 27.9000842 ] ] ] } },
{ "type": "Feature", "properties": { "id": "way/1554017882", "name": null, "name_en": null, "name_ne": null, "status": "Standing", "landuse": "residential", "population": null, "source": null, "adm0_pcode": "NPL", "adm0_name": "Nepal", "adm1_pcode": "NP03", "adm1_name": "Bagmati", "adm2_pcode": "NP0329", "adm2_name": "Rasuwa", "adm3_pcode": "NP0329402", "adm3_name": "Gosaikunda", "adm4_pcode": null, "adm4_name": null, "name_latin": null }, "geometry": { "type": "Polygon", "coordinates": [ [ [ 85.3313115, 28.1624169 ], [ 85.3314596, 28.1617353 ], [ 85.3314974, 28.1611238 ], [ 85.3318312, 28.1610391 ], [ 85.3326474, 28.1602302 ], [ 85.3328483, 28.1608701 ], [ 85.3329237, 28.1609472 ], [ 85.3328971, 28.1611829 ], [ 85.3323547, 28.1611093 ], [ 85.332313, 28.1619354 ], [ 85.3326446, 28.1626172 ], [ 85.3313115, 28.1624169 ] ] ] } },
{ "type": "Feature", "properties": { "id": "way/1554279075", "name": null, "name_en": null, "name_ne": null, "status": "Standing", "landuse": "residential", "population": null, "source": null, "adm0_pcode": "NPL", "adm0_name": "Nepal", "adm1_pcode": "NP03", "adm1_name": "Bagmati", "adm2_pcode": "NP0329", "adm2_name": "Rasuwa", "adm3_pcode": "NP0329402", "adm3_name": "Gosaikunda", "adm4_pcode": null, "adm4_name": null, "name_latin": null }, "geometry": { "type": "Polygon", "coordinates": [ [ [ 85.3184509, 28.1468355 ], [ 85.3184724, 28.1465706 ], [ 85.318695, 28.1464074 ], [ 85.3191295, 28.1466085 ], [ 85.3193714, 28.1468856 ], [ 85.3194004, 28.1471501 ], [ 85.3190866, 28.1472092 ], [ 85.3186521, 28.147098 ], [ 85.3184509, 28.1468355 ] ] ] } },
{ "type": "Feature", "properties": { "id": "way/354599826", "name": null, "name_en": null, "name_ne": null, "status": "Standing", "landuse": "residential", "population": null, "source": null, "adm0_pcode": "NPL", "adm0_name": "Nepal", "adm1_pcode": "NP03", "adm1_name": "Bagmati", "adm2_pcode": "NP0328", "adm2_name": "Nuwakot", "adm3_pcode": "NP0328301", "adm3_name": "Bidur", "adm4_pcode": null, "adm4_name": null, "name_latin": null }, "geometry": { "type": "Polygon", "coordinates": [ [ [ 85.1317754, 27.9054577 ], [ 85.1328515, 27.904579 ], [ 85.1339771, 27.9040829 ], [ 85.1353738, 27.9045561 ], [ 85.1358321, 27.9052884 ], [ 85.1365403, 27.9072722 ], [ 85.136635, 27.9075217 ], [ 85.1365809, 27.907788 ], [ 85.1360947, 27.9078293 ], [ 85.1362047, 27.9073253 ], [ 85.1354005, 27.9070141 ], [ 85.1351002, 27.9070857 ], [ 85.1347718, 27.9071539 ], [ 85.1344164, 27.9075083 ], [ 85.1346164, 27.9075968 ], [ 85.1347042, 27.9080166 ], [ 85.134255, 27.9083441 ], [ 85.1339432, 27.9084081 ], [ 85.1334837, 27.9077082 ], [ 85.1332567, 27.9068018 ], [ 85.1341932, 27.906726 ], [ 85.1341638, 27.9058253 ], [ 85.1325426, 27.9060378 ], [ 85.1317754, 27.9054577 ] ] ] } },
{ "type": "Feature", "properties": { "id": "way/1553949579", "name": null, "name_en": null, "name_ne": null, "status": "Standing", "landuse": "residential", "population": null, "source": null, "adm0_pcode": "NPL", "adm0_name": "Nepal", "adm1_pcode": "NP03", "adm1_name": "Bagmati", "adm2_pcode": "NP0328", "adm2_name": "Nuwakot", "adm3_pcode": "NP0328301", "adm3_name": "Bidur", "adm4_pcode": null, "adm4_name": null, "name_latin": null }, "geometry": { "type": "Polygon", "coordinates": [ [ [ 85.1557658, 27.9312725 ], [ 85.1563973, 27.9311479 ], [ 85.1565661, 27.931323 ], [ 85.1565169, 27.9317775 ], [ 85.1558455, 27.9318433 ], [ 85.1557658, 27.9312725 ] ] ] } },
{ "type": "Feature", "properties": { "id": "way/1554480247", "name": null, "name_en": null, "name_ne": null, "status": "Standing", "landuse": "residential", "population": null, "source": null, "adm0_pcode": "NPL", "adm0_name": "Nepal", "adm1_pcode": "NP03", "adm1_name": "Bagmati", "adm2_pcode": "NP0328", "adm2_name": "Nuwakot", "adm3_pcode": "NP0328302", "adm3_name": "Belkotgadhi", "adm4_pcode": null, "adm4_name": null, "name_latin": null }, "geometry": { "type": "Polygon", "coordinates": [ [ [ 85.0594025, 27.8569776 ], [ 85.0594514, 27.8569693 ], [ 85.0600283, 27.8569631 ], [ 85.0600407, 27.8573432 ], [ 85.0595717, 27.8573287 ], [ 85.059405, 27.8570968 ], [ 85.0594025, 27.8569776 ] ] ] } },
{ "type": "Feature", "properties": { "id": "way/1554631838", "name": null, "name_en": null, "name_ne": null, "status": "Standing", "landuse": "residential", "population": null, "source": null, "adm0_pcode": "NPL", "adm0_name": "Nepal", "adm1_pcode": "NP03", "adm1_name": "Bagmati", "adm2_pcode": "NP0329", "adm2_name": "Rasuwa", "adm3_pcode": "NP0329403", "adm3_name": "Uttargaya", "adm4_pcode": null, "adm4_name": null, "name_latin": null }, "geometry": { "type": "Polygon", "coordinates": [ [ [ 85.1975385, 28.0443602 ], [ 85.1975982, 28.0442956 ], [ 85.1981339, 28.0447676 ], [ 85.1980349, 28.044854 ], [ 85.197946, 28.0447566 ], [ 85.1979004, 28.0446738 ], [ 85.1975385, 28.0443602 ] ] ] } },
{ "type": "Feature", "properties": { "id": "way/341277159", "name": null, "name_en": null, "name_ne": null, "status": "Standing", "landuse": "residential", "population": null, "source": null, "adm0_pcode": "NPL", "adm0_name": "Nepal", "adm1_pcode": "NP04", "adm1_name": "Gandaki", "adm2_pcode": "NP0436", "adm2_name": "Gorkha", "adm3_pcode": "NP0436409", "adm3_name": "Gandaki", "adm4_pcode": null, "adm4_name": null, "name_latin": null }, "geometry": { "type": "Polygon", "coordinates": [ [ [ 84.6316713, 27.8706351 ], [ 84.6320624, 27.8703292 ], [ 84.6322126, 27.8700352 ], [ 84.632682, 27.8700375 ], [ 84.6329181, 27.8703458 ], [ 84.6327276, 27.8709006 ], [ 84.6327813, 27.8711556 ], [ 84.6333221, 27.8714873 ], [ 84.6334895, 27.8721113 ], [ 84.633242, 27.872478 ], [ 84.6326962, 27.8723879 ], [ 84.6323979, 27.8718218 ], [ 84.6319758, 27.8714423 ], [ 84.632114, 27.8713566 ], [ 84.6321935, 27.8710075 ], [ 84.6318537, 27.8709766 ], [ 84.6316713, 27.8706351 ] ] ] } },
{ "type": "Feature", "properties": { "id": "way/1554749900", "name": null, "name_en": null, "name_ne": null, "status": "Standing", "landuse": "residential", "population": null, "source": null, "adm0_pcode": "NPL", "adm0_name": "Nepal", "adm1_pcode": "NP04", "adm1_name": "Gandaki", "adm2_pcode": "NP0436", "adm2_name": "Gorkha", "adm3_pcode": "NP0436409", "adm3_name": "Gandaki", "adm4_pcode": null, "adm4_name": null, "name_latin": null }, "geometry": { "type": "Polygon", "coordinates": [ [ [ 84.7312609, 27.802684 ], [ 84.7316366, 27.8022109 ], [ 84.7321789, 27.8021888 ], [ 84.7329352, 27.801894 ], [ 84.7333134, 27.801938 ], [ 84.7340797, 27.8022681 ], [ 84.7349355, 27.8021624 ], [ 84.7348559, 27.8018896 ], [ 84.735453, 27.801555 ], [ 84.7365716, 27.8014349 ], [ 84.7365583, 27.8014928 ], [ 84.7365596, 27.8015437 ], [ 84.7365823, 27.801585 ], [ 84.7366344, 27.8016229 ], [ 84.7366571, 27.8016607 ], [ 84.7366531, 27.8016938 ], [ 84.7366237, 27.8017411 ], [ 84.7365836, 27.8018226 ], [ 84.736589, 27.8018758 ], [ 84.7366291, 27.8019314 ], [ 84.7367186, 27.802026 ], [ 84.7367681, 27.8020981 ], [ 84.7368068, 27.8022021 ], [ 84.7368376, 27.8022943 ], [ 84.7368589, 27.8024586 ], [ 84.736879, 27.8026087 ], [ 84.7369057, 27.8027329 ], [ 84.7369378, 27.8028345 ], [ 84.7370206, 27.8030319 ], [ 84.7360567, 27.803641 ], [ 84.735623, 27.8047918 ], [ 84.7346111, 27.8054472 ], [ 84.7336879, 27.8050153 ], [ 84.7330577, 27.8045613 ], [ 84.7324264, 27.8035626 ], [ 84.7321043, 27.8030911 ], [ 84.7312609, 27.802684 ] ] ] } },
{ "type": "Feature", "properties": { "id": "way/311549070", "name": null, "name_en": null, "name_ne": null, "status": "Standing", "landuse": "residential", "population": null, "source": null, "adm0_pcode": "NPL", "adm0_name": "Nepal", "adm1_pcode": "NP03", "adm1_name": "Bagmati", "adm2_pcode": "NP0330", "adm2_name": "Dhading", "adm3_pcode": "NP0330409", "adm3_name": "Gajuri", "adm4_pcode": null, "adm4_name": null, "name_latin": null }, "geometry": { "type": "Polygon", "coordinates": [ [ [ 84.8727536, 27.8028625 ], [ 84.872877, 27.802668 ], [ 84.8731184, 27.8024876 ], [ 84.8732311, 27.8025707 ], [ 84.8733973, 27.802789 ], [ 84.8737648, 27.8029479 ], [ 84.8739968, 27.8032314 ], [ 84.874191, 27.8032518 ], [ 84.8743437, 27.8033104 ], [ 84.8745567, 27.803426 ], [ 84.8747756, 27.8032489 ], [ 84.8754237, 27.8035834 ], [ 84.8762467, 27.8041941 ], [ 84.8763277, 27.8040867 ], [ 84.8766786, 27.8042384 ], [ 84.8769469, 27.8037218 ], [ 84.8771565, 27.8030212 ], [ 84.8773724, 27.8028862 ], [ 84.8781985, 27.8031852 ], [ 84.8787457, 27.8030333 ], [ 84.8787671, 27.8025636 ], [ 84.8790729, 27.8024639 ], [ 84.8795557, 27.8027391 ], [ 84.8795235, 27.8030144 ], [ 84.8798937, 27.8032801 ], [ 84.8803925, 27.8033916 ], [ 84.8801485, 27.8036834 ], [ 84.8797381, 27.8035577 ], [ 84.8793036, 27.803375 ], [ 84.8790622, 27.8034035 ], [ 84.8790112, 27.8034723 ], [ 84.8789388, 27.8037214 ], [ 84.8785976, 27.8039896 ], [ 84.8784706, 27.8041377 ], [ 84.878602, 27.8042202 ], [ 84.8800421, 27.8045296 ], [ 84.8802276, 27.804287 ], [ 84.8805152, 27.8039109 ], [ 84.8801758, 27.8037107 ], [ 84.8804535, 27.8034014 ], [ 84.8804798, 27.8034133 ], [ 84.8804825, 27.8031558 ], [ 84.8809316, 27.8028735 ], [ 84.882204, 27.8026796 ], [ 84.8824095, 27.8036178 ], [ 84.8828481, 27.8036177 ], [ 84.883265, 27.8033947 ], [ 84.8838875, 27.8034137 ], [ 84.8839708, 27.8036185 ], [ 84.8845936, 27.8037109 ], [ 84.885022, 27.8038851 ], [ 84.8850033, 27.8042125 ], [ 84.8848621, 27.8043277 ], [ 84.8844266, 27.804407 ], [ 84.8841741, 27.8041509 ], [ 84.8843287, 27.8038969 ], [ 84.8839706, 27.8038092 ], [ 84.8838446, 27.8038874 ], [ 84.8837694, 27.80412 ], [ 84.8838901, 27.8042457 ], [ 84.8839974, 27.804445 ], [ 84.8837346, 27.8045162 ], [ 84.8835736, 27.8043145 ], [ 84.8833993, 27.8044592 ], [ 84.8832551, 27.8041443 ], [ 84.8831391, 27.8041437 ], [ 84.8831091, 27.80471 ], [ 84.8833715, 27.8050968 ], [ 84.8827405, 27.8048759 ], [ 84.8826908, 27.8050249 ], [ 84.8826154, 27.805251 ], [ 84.881668, 27.8053644 ], [ 84.8815875, 27.805547 ], [ 84.8812911, 27.805649 ], [ 84.8811992, 27.8057214 ], [ 84.8811503, 27.805808 ], [ 84.8809612, 27.8058899 ], [ 84.8806179, 27.8057902 ], [ 84.8800261, 27.8068264 ], [ 84.8799419, 27.8070476 ], [ 84.8803684, 27.8077641 ], [ 84.8801163, 27.8079421 ], [ 84.8800144, 27.8080725 ], [ 84.8791641, 27.8082315 ], [ 84.8787349, 27.8078875 ], [ 84.8788583, 27.8072374 ], [ 84.8791158, 27.8067084 ], [ 84.8794216, 27.8060702 ], [ 84.8794804, 27.8059381 ], [ 84.8793197, 27.8057902 ], [ 84.8793381, 27.8055942 ], [ 84.8789564, 27.8053989 ], [ 84.8787465, 27.805195 ], [ 84.8786165, 27.8052254 ], [ 84.8784672, 27.8054632 ], [ 84.8774319, 27.8052959 ], [ 84.8771532, 27.8056657 ], [ 84.8768147, 27.8054984 ], [ 84.8756312, 27.8050375 ], [ 84.8750563, 27.8052817 ], [ 84.8746152, 27.8054286 ], [ 84.8745051, 27.8053513 ], [ 84.8742503, 27.8046917 ], [ 84.8746988, 27.8043421 ], [ 84.874027, 27.8040648 ], [ 84.8741263, 27.803808 ], [ 84.8736709, 27.8035363 ], [ 84.8733705, 27.8032469 ], [ 84.8727536, 27.8028625 ] ] ] } },
{ "type": "Feature", "properties": { "id": "way/594032001", "name": null, "name_en": null, "name_ne": null, "status": "Standing", "landuse": "residential", "population": null, "source": null, "adm0_pcode": "NPL", "adm0_name": "Nepal", "adm1_pcode": "NP03", "adm1_name": "Bagmati", "adm2_pcode": "NP0330", "adm2_name": "Dhading", "adm3_pcode": "NP0330410", "adm3_name": "Galchhi", "adm4_pcode": null, "adm4_name": null, "name_latin": null }, "geometry": { "type": "Polygon", "coordinates": [ [ [ 84.9910867, 27.8056135 ], [ 84.9918075, 27.8051916 ], [ 84.9921054, 27.8054345 ], [ 84.9919945, 27.805701 ], [ 84.9922538, 27.8059675 ], [ 84.9926045, 27.8057527 ], [ 84.9928108, 27.8059707 ], [ 84.9929854, 27.8059919 ], [ 84.9931357, 27.806387 ], [ 84.9931137, 27.8064154 ], [ 84.9931088, 27.8064705 ], [ 84.9931369, 27.8065061 ], [ 84.9931561, 27.8065303 ], [ 84.9931577, 27.8066706 ], [ 84.9928101, 27.8067631 ], [ 84.9922684, 27.806587 ], [ 84.9922312, 27.8063302 ], [ 84.992693, 27.8064305 ], [ 84.9926612, 27.8061756 ], [ 84.9927496, 27.8061475 ], [ 84.9926954, 27.8060637 ], [ 84.9924013, 27.8061892 ], [ 84.99234, 27.8061731 ], [ 84.99224, 27.8060817 ], [ 84.9918942, 27.8058255 ], [ 84.991091, 27.8058921 ], [ 84.9910867, 27.8056135 ] ] ] } },
{ "type": "Feature", "properties": { "id": "way/341715138", "name": null, "name_en": null, "name_ne": null, "status": "Standing", "landuse": "residential", "population": null, "source": null, "adm0_pcode": "NPL", "adm0_name": "Nepal", "adm1_pcode": "NP03", "adm1_name": "Bagmati", "adm2_pcode": "NP0328", "adm2_name": "Nuwakot", "adm3_pcode": "NP0328302", "adm3_name": "Belkotgadhi", "adm4_pcode": null, "adm4_name": null, "name_latin": null }, "geometry": { "type": "Polygon", "coordinates": [ [ [ 85.024623, 27.8533433 ], [ 85.0247732, 27.8520058 ], [ 85.0259212, 27.8511615 ], [ 85.0273159, 27.8515125 ], [ 85.0273815, 27.8516054 ], [ 85.0275841, 27.851892 ], [ 85.0264576, 27.8526129 ], [ 85.0264039, 27.8531536 ], [ 85.0254813, 27.8537133 ], [ 85.0251058, 27.8544437 ], [ 85.0247055, 27.8546322 ], [ 85.0246659, 27.8543868 ], [ 85.024623, 27.8533433 ] ] ] } },
{ "type": "Feature", "properties": { "id": "way/1553945251", "name": null, "name_en": null, "name_ne": null, "status": "Standing", "landuse": "residential", "population": null, "source": null, "adm0_pcode": "NPL", "adm0_name": "Nepal", "adm1_pcode": "NP03", "adm1_name": "Bagmati", "adm2_pcode": "NP0328", "adm2_name": "Nuwakot", "adm3_pcode": "NP0328301", "adm3_name": "Bidur", "adm4_pcode": null, "adm4_name": null, "name_latin": null }, "geometry": { "type": "Polygon", "coordinates": [ [ [ 85.187086, 27.9742658 ], [ 85.1871996, 27.9740388 ], [ 85.1872041, 27.9739667 ], [ 85.1873552, 27.9736988 ], [ 85.1875835, 27.9733861 ], [ 85.1876673, 27.9733462 ], [ 85.1877633, 27.9733929 ], [ 85.1875758, 27.9738732 ], [ 85.1873827, 27.9742969 ], [ 85.187086, 27.9742658 ] ] ] } },
{ "type": "Feature", "properties": { "id": "way/1553990942", "name": null, "name_en": null, "name_ne": null, "status": "Standing", "landuse": "residential", "population": null, "source": null, "adm0_pcode": "NPL", "adm0_name": "Nepal", "adm1_pcode": "NP03", "adm1_name": "Bagmati", "adm2_pcode": "NP0328", "adm2_name": "Nuwakot", "adm3_pcode": "NP0328402", "adm3_name": "Kispang", "adm4_pcode": null, "adm4_name": null, "name_latin": null }, "geometry": { "type": "Polygon", "coordinates": [ [ [ 85.1814115, 27.9862823 ], [ 85.1814893, 27.9861592 ], [ 85.1818326, 27.9862705 ], [ 85.1821303, 27.9863131 ], [ 85.1828921, 27.9864386 ], [ 85.1829752, 27.9867584 ], [ 85.1826614, 27.9868958 ], [ 85.1821947, 27.9869408 ], [ 85.182184, 27.9872629 ], [ 85.1819774, 27.9872321 ], [ 85.1819774, 27.9870237 ], [ 85.1814625, 27.9870853 ], [ 85.1814195, 27.9868508 ], [ 85.181618, 27.9868413 ], [ 85.1816288, 27.9865642 ], [ 85.1815402, 27.9865358 ], [ 85.1815188, 27.9864102 ], [ 85.1814115, 27.9862823 ] ] ] } },
{ "type": "Feature", "properties": { "id": "way/1554549990", "name": null, "name_en": null, "name_ne": null, "status": "Standing", "landuse": "residential", "population": null, "source": null, "adm0_pcode": "NPL", "adm0_name": "Nepal", "adm1_pcode": "NP03", "adm1_name": "Bagmati", "adm2_pcode": "NP0335", "adm2_name": "Chitawan", "adm3_pcode": "NP0335401", "adm3_name": "Ichchha Kamana", "adm4_pcode": null, "adm4_name": null, "name_latin": null }, "geometry": { "type": "Polygon", "coordinates": [ [ [ 84.645031, 27.8568345 ], [ 84.6455441, 27.8565101 ], [ 84.6469331, 27.8575791 ], [ 84.6466863, 27.8577262 ], [ 84.645031, 27.8568345 ] ] ] } },
{ "type": "Feature", "properties": { "id": "way/341268220", "name": null, "name_en": null, "name_ne": null, "status": "Standing", "landuse": "residential", "population": null, "source": null, "adm0_pcode": "NPL", "adm0_name": "Nepal", "adm1_pcode": "NP03", "adm1_name": "Bagmati", "adm2_pcode": "NP0335", "adm2_name": "Chitawan", "adm3_pcode": "NP0335401", "adm3_name": "Ichchha Kamana", "adm4_pcode": null, "adm4_name": null, "name_latin": null }, "geometry": { "type": "Polygon", "coordinates": [ [ [ 84.6128095, 27.8753835 ], [ 84.6128755, 27.8749112 ], [ 84.6133458, 27.8750689 ], [ 84.6133825, 27.8754696 ], [ 84.6131247, 27.876073 ], [ 84.6128097, 27.8760525 ], [ 84.6128095, 27.8753835 ] ] ] } },
{ "type": "Feature", "properties": { "id": "way/1554536011", "name": null, "name_en": null, "name_ne": null, "status": "Standing", "landuse": "residential", "population": null, "source": null, "adm0_pcode": "NPL", "adm0_name": "Nepal", "adm1_pcode": "NP03", "adm1_name": "Bagmati", "adm2_pcode": "NP0328", "adm2_name": "Nuwakot", "adm3_pcode": "NP0328302", "adm3_name": "Belkotgadhi", "adm4_pcode": null, "adm4_name": null, "name_latin": null }, "geometry": { "type": "Polygon", "coordinates": [ [ [ 85.0187771, 27.8456872 ], [ 85.0188928, 27.8456189 ], [ 85.0190024, 27.845641 ], [ 85.0191005, 27.8457213 ], [ 85.0192187, 27.845764 ], [ 85.0191743, 27.8458602 ], [ 85.0191057, 27.8459173 ], [ 85.0190078, 27.845922 ], [ 85.0187959, 27.8457797 ], [ 85.0187771, 27.8456872 ] ] ] } },
{ "type": "Feature", "properties": { "id": "way/1554523285", "name": null, "name_en": null, "name_ne": null, "status": "Standing", "landuse": "residential", "population": null, "source": null, "adm0_pcode": "NPL", "adm0_name": "Nepal", "adm1_pcode": "NP03", "adm1_name": "Bagmati", "adm2_pcode": "NP0330", "adm2_name": "Dhading", "adm3_pcode": "NP0330407", "adm3_name": "Siddhalek", "adm4_pcode": null, "adm4_name": null, "name_latin": null }, "geometry": { "type": "Polygon", "coordinates": [ [ [ 84.8984336, 27.8091105 ], [ 84.898557, 27.8088945 ], [ 84.8995488, 27.8088132 ], [ 84.8995826, 27.8094364 ], [ 84.8993824, 27.8098691 ], [ 84.8990339, 27.8099545 ], [ 84.8989228, 27.8098674 ], [ 84.8984336, 27.8091105 ] ] ] } },
{ "type": "Feature", "properties": { "id": "way/342222999", "name": null, "name_en": null, "name_ne": null, "status": "Standing", "landuse": "residential", "population": null, "source": null, "adm0_pcode": "NPL", "adm0_name": "Nepal", "adm1_pcode": "NP03", "adm1_name": "Bagmati", "adm2_pcode": "NP0328", "adm2_name": "Nuwakot", "adm3_pcode": "NP0328301", "adm3_name": "Bidur", "adm4_pcode": null, "adm4_name": null, "name_latin": null }, "geometry": { "type": "Polygon", "coordinates": [ [ [ 85.1645068, 27.9463892 ], [ 85.1650942, 27.9461546 ], [ 85.165577, 27.9461452 ], [ 85.1657916, 27.9464105 ], [ 85.1656455, 27.9467191 ], [ 85.1653732, 27.946875 ], [ 85.1645068, 27.9463892 ] ] ] } },
{ "type": "Feature", "properties": { "id": "way/1554061563", "name": null, "name_en": null, "name_ne": null, "status": "Standing", "landuse": "residential", "population": null, "source": null, "adm0_pcode": "NPL", "adm0_name": "Nepal", "adm1_pcode": "NP03", "adm1_name": "Bagmati", "adm2_pcode": "NP0328", "adm2_name": "Nuwakot", "adm3_pcode": "NP0328301", "adm3_name": "Bidur", "adm4_pcode": null, "adm4_name": null, "name_latin": null }, "geometry": { "type": "Polygon", "coordinates": [ [ [ 85.1439115, 27.9198714 ], [ 85.143933, 27.9196225 ], [ 85.1443729, 27.9191225 ], [ 85.1441127, 27.9189945 ], [ 85.1443273, 27.9187053 ], [ 85.1439598, 27.9183522 ], [ 85.1441771, 27.9180014 ], [ 85.1446786, 27.9181176 ], [ 85.1452687, 27.918639 ], [ 85.1451802, 27.9188167 ], [ 85.1453143, 27.9189803 ], [ 85.1458213, 27.9193121 ], [ 85.1464945, 27.9195633 ], [ 85.1471382, 27.919933 ], [ 85.1475754, 27.9201321 ], [ 85.1474547, 27.920253 ], [ 85.1477364, 27.9204995 ], [ 85.1476049, 27.9206843 ], [ 85.1474172, 27.9207009 ], [ 85.1468942, 27.9205232 ], [ 85.1465508, 27.9203549 ], [ 85.1462772, 27.9201653 ], [ 85.1462102, 27.9202364 ], [ 85.1459742, 27.9201226 ], [ 85.1458052, 27.9203833 ], [ 85.1454216, 27.9202222 ], [ 85.1454404, 27.9201534 ], [ 85.1451614, 27.9199804 ], [ 85.1450381, 27.9200634 ], [ 85.1449308, 27.9199899 ], [ 85.1449656, 27.9198809 ], [ 85.1447806, 27.9197979 ], [ 85.1449281, 27.9195183 ], [ 85.1447028, 27.91935 ], [ 85.1444077, 27.9195514 ], [ 85.1443112, 27.9197553 ], [ 85.14433, 27.9198572 ], [ 85.1442307, 27.9199069 ], [ 85.1439115, 27.9198714 ] ] ] } },
{ "type": "Feature", "properties": { "id": "way/1553949583", "name": null, "name_en": null, "name_ne": null, "status": "Standing", "landuse": "residential", "population": null, "source": null, "adm0_pcode": "NPL", "adm0_name": "Nepal", "adm1_pcode": "NP03", "adm1_name": "Bagmati", "adm2_pcode": "NP0328", "adm2_name": "Nuwakot", "adm3_pcode": "NP0328301", "adm3_name": "Bidur", "adm4_pcode": null, "adm4_name": null, "name_latin": null }, "geometry": { "type": "Polygon", "coordinates": [ [ [ 85.148437, 27.9190865 ], [ 85.1497337, 27.9179337 ], [ 85.1505031, 27.9181722 ], [ 85.1508158, 27.9185563 ], [ 85.150212, 27.919222 ], [ 85.1506197, 27.9195538 ], [ 85.1503609, 27.9199015 ], [ 85.1492357, 27.9195443 ], [ 85.148437, 27.9190865 ] ] ] } },
{ "type": "Feature", "properties": { "id": "way/1554017043", "name": null, "name_en": null, "name_ne": null, "status": "Standing", "landuse": "residential", "population": null, "source": null, "adm0_pcode": "NPL", "adm0_name": "Nepal", "adm1_pcode": "NP03", "adm1_name": "Bagmati", "adm2_pcode": "NP0329", "adm2_name": "Rasuwa", "adm3_pcode": "NP0329403", "adm3_name": "Uttargaya", "adm4_pcode": null, "adm4_name": null, "name_latin": null }, "geometry": { "type": "Polygon", "coordinates": [ [ [ 85.1885393, 28.0268693 ], [ 85.1885733, 28.0267674 ], [ 85.1893334, 28.0267414 ], [ 85.1901421, 28.027054 ], [ 85.1905779, 28.0274553 ], [ 85.190134, 28.0277098 ], [ 85.1903433, 28.0281336 ], [ 85.1903326, 28.028252 ], [ 85.1904854, 28.0282401 ], [ 85.1905391, 28.0281123 ], [ 85.1909762, 28.0281083 ], [ 85.1909441, 28.0287918 ], [ 85.1913652, 28.0292085 ], [ 85.1912793, 28.0294405 ], [ 85.1914564, 28.0295944 ], [ 85.1915717, 28.0298928 ], [ 85.1913571, 28.0305509 ], [ 85.1918157, 28.031105 ], [ 85.1915315, 28.0312162 ], [ 85.1915583, 28.0313772 ], [ 85.1914349, 28.0314104 ], [ 85.1909789, 28.0309866 ], [ 85.190134, 28.0301863 ], [ 85.1903358, 28.0292589 ], [ 85.1906383, 28.0289149 ], [ 85.1903996, 28.0284414 ], [ 85.1900268, 28.0283159 ], [ 85.1898792, 28.0280247 ], [ 85.1895826, 28.0281154 ], [ 85.1891738, 28.02784 ], [ 85.1893508, 28.0275654 ], [ 85.1885393, 28.0268693 ] ] ] } },
{ "type": "Feature", "properties": { "id": "way/1091149873", "name": null, "name_en": null, "name_ne": null, "status": "Standing", "landuse": "residential", "population": null, "source": null, "adm0_pcode": "NPL", "adm0_name": "Nepal", "adm1_pcode": "NP04", "adm1_name": "Gandaki", "adm2_pcode": "NP0436", "adm2_name": "Gorkha", "adm3_pcode": "NP0436409", "adm3_name": "Gandaki", "adm4_pcode": null, "adm4_name": null, "name_latin": null }, "geometry": { "type": "Polygon", "coordinates": [ [ [ 84.7671351, 27.8095698 ], [ 84.7675118, 27.8092232 ], [ 84.7678202, 27.8093299 ], [ 84.7677746, 27.8095102 ], [ 84.7676539, 27.8098708 ], [ 84.7675547, 27.8100678 ], [ 84.7676244, 27.8100998 ], [ 84.7676942, 27.8101176 ], [ 84.7676902, 27.8102184 ], [ 84.7677518, 27.8102611 ], [ 84.7678497, 27.810235 ], [ 84.7679999, 27.8102979 ], [ 84.7679731, 27.8103975 ], [ 84.7679195, 27.810477 ], [ 84.7677773, 27.8104426 ], [ 84.7676781, 27.8105778 ], [ 84.7676405, 27.8105968 ], [ 84.7675682, 27.8106288 ], [ 84.7674219, 27.8105233 ], [ 84.7673589, 27.8104189 ], [ 84.7671939, 27.8103536 ], [ 84.7671671, 27.8103121 ], [ 84.7672128, 27.8102552 ], [ 84.7672087, 27.8101235 ], [ 84.767198, 27.8099586 ], [ 84.7671351, 27.8095698 ] ] ] } },
{ "type": "Feature", "properties": { "id": "way/1553935489", "name": null, "name_en": null, "name_ne": null, "status": "Standing", "landuse": "residential", "population": null, "source": "Bing", "adm0_pcode": "NPL", "adm0_name": "Nepal", "adm1_pcode": "NP03", "adm1_name": "Bagmati", "adm2_pcode": "NP0328", "adm2_name": "Nuwakot", "adm3_pcode": "NP0328301", "adm3_name": "Bidur", "adm4_pcode": null, "adm4_name": null, "name_latin": null }, "geometry": { "type": "Polygon", "coordinates": [ [ [ 85.1727748, 27.9613741 ], [ 85.1729478, 27.9612367 ], [ 85.1729947, 27.9612486 ], [ 85.1731329, 27.9613765 ], [ 85.1732723, 27.961489 ], [ 85.173436, 27.9616951 ], [ 85.1733645, 27.9617373 ], [ 85.1730202, 27.9616347 ], [ 85.1727748, 27.9613741 ] ] ] } },
{ "type": "Feature", "properties": { "id": "way/1553951067", "name": null, "name_en": null, "name_ne": null, "status": "Standing", "landuse": "residential", "population": null, "source": null, "adm0_pcode": "NPL", "adm0_name": "Nepal", "adm1_pcode": "NP03", "adm1_name": "Bagmati", "adm2_pcode": "NP0329", "adm2_name": "Rasuwa", "adm3_pcode": "NP0329404", "adm3_name": "Kalika", "adm4_pcode": null, "adm4_name": null, "name_latin": null }, "geometry": { "type": "Polygon", "coordinates": [ [ [ 85.2259214, 28.0826582 ], [ 85.2259764, 28.0824736 ], [ 85.2260274, 28.0824547 ], [ 85.2261695, 28.0824937 ], [ 85.2262138, 28.0824405 ], [ 85.2263519, 28.0824547 ], [ 85.2265236, 28.0826002 ], [ 85.2266429, 28.0825694 ], [ 85.2266778, 28.0826416 ], [ 85.226592, 28.0826854 ], [ 85.2266188, 28.0828487 ], [ 85.2264887, 28.0828676 ], [ 85.2264512, 28.0827114 ], [ 85.2261119, 28.0825966 ], [ 85.2260408, 28.0827221 ], [ 85.2259214, 28.0826582 ] ] ] } },
{ "type": "Feature", "properties": { "id": "way/1553956961", "name": null, "name_en": null, "name_ne": null, "status": "Standing", "landuse": "residential", "population": null, "source": null, "adm0_pcode": "NPL", "adm0_name": "Nepal", "adm1_pcode": "NP03", "adm1_name": "Bagmati", "adm2_pcode": "NP0328", "adm2_name": "Nuwakot", "adm3_pcode": "NP0328301", "adm3_name": "Bidur", "adm4_pcode": null, "adm4_name": null, "name_latin": null }, "geometry": { "type": "Polygon", "coordinates": [ [ [ 85.0674467, 27.853244 ], [ 85.0676267, 27.853015 ], [ 85.0679853, 27.8531068 ], [ 85.0681057, 27.8529172 ], [ 85.0678795, 27.8526835 ], [ 85.0679896, 27.8525351 ], [ 85.0686526, 27.8529236 ], [ 85.0688995, 27.8529363 ], [ 85.0688922, 27.8526764 ], [ 85.0692828, 27.8526982 ], [ 85.069413, 27.8522661 ], [ 85.0695777, 27.8523107 ], [ 85.0694022, 27.8528798 ], [ 85.0696069, 27.852974 ], [ 85.0697469, 27.852696 ], [ 85.0701582, 27.8527915 ], [ 85.0706969, 27.8527002 ], [ 85.0707126, 27.8528094 ], [ 85.0699809, 27.8529662 ], [ 85.0700078, 27.8532718 ], [ 85.0697542, 27.8532817 ], [ 85.0697856, 27.853496 ], [ 85.0688069, 27.8537024 ], [ 85.0687463, 27.8534563 ], [ 85.0681425, 27.8534702 ], [ 85.0681134, 27.8537262 ], [ 85.0675746, 27.8538275 ], [ 85.0674467, 27.853244 ] ] ] } },
{ "type": "Feature", "properties": { "id": "way/1553963222", "name": null, "name_en": null, "name_ne": null, "status": "Standing", "landuse": "residential", "population": null, "source": null, "adm0_pcode": "NPL", "adm0_name": "Nepal", "adm1_pcode": "NP03", "adm1_name": "Bagmati", "adm2_pcode": "NP0328", "adm2_name": "Nuwakot", "adm3_pcode": "NP0328301", "adm3_name": "Bidur", "adm4_pcode": null, "adm4_name": null, "name_latin": null }, "geometry": { "type": "Polygon", "coordinates": [ [ [ 85.0810503, 27.8585455 ], [ 85.0811841, 27.8583195 ], [ 85.0811292, 27.8582725 ], [ 85.0816164, 27.8573838 ], [ 85.0821498, 27.8576901 ], [ 85.0819303, 27.8579176 ], [ 85.0815906, 27.8577023 ], [ 85.081414, 27.8580177 ], [ 85.0814791, 27.8580662 ], [ 85.081179, 27.8586061 ], [ 85.0810503, 27.8585455 ] ] ] } },
{ "type": "Feature", "properties": { "id": "way/1553974288", "name": null, "name_en": null, "name_ne": null, "status": "Standing", "landuse": "residential", "population": null, "source": null, "adm0_pcode": "NPL", "adm0_name": "Nepal", "adm1_pcode": "NP03", "adm1_name": "Bagmati", "adm2_pcode": "NP0328", "adm2_name": "Nuwakot", "adm3_pcode": "NP0328402", "adm3_name": "Kispang", "adm4_pcode": null, "adm4_name": null, "name_latin": null }, "geometry": { "type": "Polygon", "coordinates": [ [ [ 85.18405, 27.9984987 ], [ 85.1840567, 27.9983531 ], [ 85.1842015, 27.9981878 ], [ 85.1841035, 27.9981642 ], [ 85.1841726, 27.9979695 ], [ 85.1841347, 27.9979596 ], [ 85.1840679, 27.9976842 ], [ 85.1843129, 27.9976567 ], [ 85.1843252, 27.9975416 ], [ 85.1844762, 27.997545 ], [ 85.1849034, 27.9975327 ], [ 85.1849301, 27.9977137 ], [ 85.1843553, 27.9977393 ], [ 85.1844489, 27.9981229 ], [ 85.1841793, 27.9985341 ], [ 85.18405, 27.9984987 ] ] ] } },
{ "type": "Feature", "properties": { "id": "way/342218766", "name": null, "name_en": null, "name_ne": null, "status": "Standing", "landuse": "residential", "population": null, "source": null, "adm0_pcode": "NPL", "adm0_name": "Nepal", "adm1_pcode": "NP03", "adm1_name": "Bagmati", "adm2_pcode": "NP0328", "adm2_name": "Nuwakot", "adm3_pcode": "NP0328402", "adm3_name": "Kispang", "adm4_pcode": null, "adm4_name": null, "name_latin": null }, "geometry": { "type": "Polygon", "coordinates": [ [ [ 85.180867, 27.9818418 ], [ 85.1809998, 27.9814596 ], [ 85.1810106, 27.9814294 ], [ 85.1811226, 27.98114 ], [ 85.1812559, 27.9807646 ], [ 85.1815818, 27.9808132 ], [ 85.1819021, 27.9801142 ], [ 85.1819815, 27.9798634 ], [ 85.1817052, 27.9798847 ], [ 85.1815738, 27.9798551 ], [ 85.1816395, 27.9796419 ], [ 85.1817428, 27.9796466 ], [ 85.1818084, 27.9794856 ], [ 85.1816945, 27.9794631 ], [ 85.1818433, 27.9790497 ], [ 85.1821263, 27.9788188 ], [ 85.1821719, 27.9786814 ], [ 85.182416, 27.9784149 ], [ 85.1822148, 27.9783024 ], [ 85.1821934, 27.9781839 ], [ 85.1823261, 27.977696 ], [ 85.1822162, 27.9776368 ], [ 85.1824039, 27.9771772 ], [ 85.1824415, 27.9771914 ], [ 85.1825139, 27.9769996 ], [ 85.1824443, 27.9769804 ], [ 85.1824818, 27.9768739 ], [ 85.1825514, 27.976893 ], [ 85.182761, 27.9763223 ], [ 85.1827645, 27.9762502 ], [ 85.1825069, 27.9761305 ], [ 85.1826131, 27.9759005 ], [ 85.1829618, 27.9760497 ], [ 85.1832676, 27.9756446 ], [ 85.183391, 27.9756091 ], [ 85.1833628, 27.9754563 ], [ 85.1833186, 27.9753888 ], [ 85.1834419, 27.9752467 ], [ 85.1835948, 27.9753556 ], [ 85.1836699, 27.9751661 ], [ 85.1837209, 27.9749672 ], [ 85.1836485, 27.9748653 ], [ 85.1837236, 27.9747469 ], [ 85.1837209, 27.9746758 ], [ 85.1835975, 27.9745621 ], [ 85.1835412, 27.974247 ], [ 85.1838228, 27.9742565 ], [ 85.1840609, 27.9743251 ], [ 85.1842126, 27.9743936 ], [ 85.1843914, 27.9744744 ], [ 85.1847308, 27.9744715 ], [ 85.1849681, 27.974446 ], [ 85.1850754, 27.97442 ], [ 85.1852015, 27.9744176 ], [ 85.1852401, 27.9743226 ], [ 85.1852823, 27.9742817 ], [ 85.1855609, 27.9743844 ], [ 85.1856419, 27.9744356 ], [ 85.1858345, 27.9745574 ], [ 85.185972, 27.9747184 ], [ 85.1859176, 27.9750355 ], [ 85.1856526, 27.9750689 ], [ 85.1855236, 27.9752076 ], [ 85.1854965, 27.9751993 ], [ 85.1854402, 27.9751875 ], [ 85.1852068, 27.975114 ], [ 85.18518, 27.9751022 ], [ 85.1851478, 27.9750998 ], [ 85.185121, 27.9751069 ], [ 85.1850995, 27.9751235 ], [ 85.1850674, 27.9751969 ], [ 85.1850513, 27.9752183 ], [ 85.1850191, 27.9752348 ], [ 85.1849896, 27.9752443 ], [ 85.1849574, 27.9752443 ], [ 85.1849306, 27.9752372 ], [ 85.1848796, 27.9752159 ], [ 85.1848124, 27.9750986 ], [ 85.1848635, 27.9750335 ], [ 85.1850137, 27.9749458 ], [ 85.1851854, 27.9749648 ], [ 85.1851907, 27.9749032 ], [ 85.1847079, 27.9748606 ], [ 85.1846114, 27.974844 ], [ 85.1844048, 27.9747848 ], [ 85.1842815, 27.9747611 ], [ 85.1841581, 27.9747587 ], [ 85.1840508, 27.9747871 ], [ 85.1839734, 27.9749359 ], [ 85.183906, 27.9753012 ], [ 85.1838577, 27.9753083 ], [ 85.1838094, 27.9753935 ], [ 85.1838657, 27.9753959 ], [ 85.183855, 27.9755641 ], [ 85.1838119, 27.9755626 ], [ 85.1838899, 27.9756506 ], [ 85.1838563, 27.9757596 ], [ 85.1837289, 27.9758247 ], [ 85.1837343, 27.9758507 ], [ 85.1837584, 27.9759242 ], [ 85.1837638, 27.9759502 ], [ 85.1837692, 27.9759786 ], [ 85.1837692, 27.9760071 ], [ 85.1837826, 27.9760213 ], [ 85.1837665, 27.9760473 ], [ 85.1837531, 27.9760994 ], [ 85.1837477, 27.9761776 ], [ 85.1837397, 27.9762013 ], [ 85.1837209, 27.9762202 ], [ 85.1836967, 27.9762345 ], [ 85.1836672, 27.9762345 ], [ 85.1836377, 27.9762416 ], [ 85.1836082, 27.9762416 ], [ 85.1834875, 27.9762321 ], [ 85.1834634, 27.9762202 ], [ 85.1834312, 27.9762226 ], [ 85.1834044, 27.9762345 ], [ 85.1833615, 27.9762747 ], [ 85.1833481, 27.9762984 ], [ 85.1833373, 27.9763221 ], [ 85.1833266, 27.9763766 ], [ 85.1833293, 27.976405 ], [ 85.1833373, 27.9764571 ], [ 85.18334, 27.9765116 ], [ 85.183332, 27.9765661 ], [ 85.1833239, 27.9765945 ], [ 85.1833078, 27.9766206 ], [ 85.1832944, 27.9766514 ], [ 85.1832703, 27.9767035 ], [ 85.18323, 27.9767485 ], [ 85.1832032, 27.976758 ], [ 85.1831764, 27.9767745 ], [ 85.1830637, 27.9768574 ], [ 85.1830476, 27.9768835 ], [ 85.1830396, 27.9769119 ], [ 85.1830289, 27.976938 ], [ 85.1830155, 27.976964 ], [ 85.1829779, 27.9770659 ], [ 85.1829645, 27.9770896 ], [ 85.1829189, 27.9771891 ], [ 85.1828733, 27.9772672 ], [ 85.1828545, 27.9772909 ], [ 85.1828411, 27.977317 ], [ 85.1828223, 27.977343 ], [ 85.1827365, 27.9775728 ], [ 85.1828518, 27.9776083 ], [ 85.1828197, 27.977696 ], [ 85.182766, 27.9776841 ], [ 85.1827392, 27.977741 ], [ 85.1826936, 27.9777315 ], [ 85.1826534, 27.9778476 ], [ 85.1827016, 27.9778571 ], [ 85.182648, 27.9781224 ], [ 85.1826936, 27.9781389 ], [ 85.1825917, 27.9784492 ], [ 85.1826346, 27.9784563 ], [ 85.1826024, 27.978743 ], [ 85.1824468, 27.9787335 ], [ 85.1823932, 27.9789633 ], [ 85.1825622, 27.9789846 ], [ 85.1825488, 27.9792428 ], [ 85.1824146, 27.9792428 ], [ 85.1824039, 27.9793873 ], [ 85.1825649, 27.9793849 ], [ 85.1826131, 27.9792949 ], [ 85.1827097, 27.9793162 ], [ 85.1826654, 27.9794832 ], [ 85.1825722, 27.9795081 ], [ 85.1823255, 27.979495 ], [ 85.1822015, 27.9797218 ], [ 85.1823503, 27.979816 ], [ 85.1822056, 27.9802088 ], [ 85.1818399, 27.9808074 ], [ 85.1816169, 27.9814769 ], [ 85.1813071, 27.9819066 ], [ 85.1812988, 27.9820852 ], [ 85.181095, 27.9819857 ], [ 85.180867, 27.9818418 ] ] ] } },
{ "type": "Feature", "properties": { "id": "way/341882179", "name": null, "name_en": null, "name_ne": null, "status": "Standing", "landuse": "residential", "population": null, "source": null, "adm0_pcode": "NPL", "adm0_name": "Nepal", "adm1_pcode": "NP03", "adm1_name": "Bagmati", "adm2_pcode": "NP0328", "adm2_name": "Nuwakot", "adm3_pcode": "NP0328301", "adm3_name": "Bidur", "adm4_pcode": null, "adm4_name": null, "name_latin": null }, "geometry": { "type": "Polygon", "coordinates": [ [ [ 85.088194, 27.8648495 ], [ 85.0885856, 27.8645934 ], [ 85.0897926, 27.8648163 ], [ 85.091123, 27.8643753 ], [ 85.0906267, 27.8635903 ], [ 85.0907646, 27.8634016 ], [ 85.0918883, 27.8635139 ], [ 85.0926351, 27.8637948 ], [ 85.0931888, 27.863534 ], [ 85.0935386, 27.8633711 ], [ 85.093626, 27.8631411 ], [ 85.0938679, 27.8630099 ], [ 85.09453, 27.8632479 ], [ 85.0945566, 27.8638208 ], [ 85.093994, 27.8636928 ], [ 85.0937521, 27.8638042 ], [ 85.0933963, 27.8641205 ], [ 85.0933638, 27.864617 ], [ 85.0929262, 27.86477 ], [ 85.0923139, 27.8646598 ], [ 85.0920963, 27.8650877 ], [ 85.0904409, 27.8655728 ], [ 85.0887304, 27.8651862 ], [ 85.088194, 27.8648495 ] ] ] } },
{ "type": "Feature", "properties": { "id": "way/341649652", "name": null, "name_en": null, "name_ne": null, "status": "Standing", "landuse": "residential", "population": null, "source": null, "adm0_pcode": "NPL", "adm0_name": "Nepal", "adm1_pcode": "NP03", "adm1_name": "Bagmati", "adm2_pcode": "NP0328", "adm2_name": "Nuwakot", "adm3_pcode": "NP0328301", "adm3_name": "Bidur", "adm4_pcode": null, "adm4_name": null, "name_latin": null }, "geometry": { "type": "Polygon", "coordinates": [ [ [ 85.1006113, 27.8607943 ], [ 85.1008798, 27.8604789 ], [ 85.1009573, 27.8594539 ], [ 85.1017502, 27.8593168 ], [ 85.1024612, 27.8592559 ], [ 85.1029931, 27.8595477 ], [ 85.1030014, 27.860098 ], [ 85.1030122, 27.8607282 ], [ 85.102003, 27.8607118 ], [ 85.1019606, 27.8609395 ], [ 85.101823, 27.860943 ], [ 85.1017041, 27.8609461 ], [ 85.1016594, 27.8607259 ], [ 85.1016584, 27.8604601 ], [ 85.1011727, 27.8605372 ], [ 85.101181, 27.8612518 ], [ 85.1006274, 27.8612125 ], [ 85.1006113, 27.8607943 ] ] ] } },
{ "type": "Feature", "properties": { "id": "way/1554019208", "name": null, "name_en": null, "name_ne": null, "status": "Standing", "landuse": "residential", "population": null, "source": null, "adm0_pcode": "NPL", "adm0_name": "Nepal", "adm1_pcode": "NP03", "adm1_name": "Bagmati", "adm2_pcode": "NP0328", "adm2_name": "Nuwakot", "adm3_pcode": "NP0328302", "adm3_name": "Belkotgadhi", "adm4_pcode": null, "adm4_name": null, "name_latin": null }, "geometry": { "type": "Polygon", "coordinates": [ [ [ 85.1095198, 27.8570927 ], [ 85.1096626, 27.8565673 ], [ 85.1109682, 27.8561618 ], [ 85.1111706, 27.8565135 ], [ 85.1117878, 27.8567021 ], [ 85.1117754, 27.8569079 ], [ 85.1095198, 27.8570927 ] ] ] } },
{ "type": "Feature", "properties": { "id": "way/1554565707", "name": null, "name_en": null, "name_ne": null, "status": "Standing", "landuse": "residential", "population": null, "source": null, "adm0_pcode": "NPL", "adm0_name": "Nepal", "adm1_pcode": "NP03", "adm1_name": "Bagmati", "adm2_pcode": "NP0330", "adm2_name": "Dhading", "adm3_pcode": "NP0330410", "adm3_name": "Galchhi", "adm4_pcode": null, "adm4_name": null, "name_latin": null }, "geometry": { "type": "Polygon", "coordinates": [ [ [ 84.9948203, 27.8059756 ], [ 84.9949028, 27.8058282 ], [ 84.9952179, 27.8057214 ], [ 84.9951943, 27.8050233 ], [ 84.9958067, 27.80505 ], [ 84.9962962, 27.8047083 ], [ 84.9964012, 27.8047078 ], [ 84.9966072, 27.805594 ], [ 84.9950297, 27.8061137 ], [ 84.9949422, 27.8061011 ], [ 84.9948203, 27.8059756 ] ] ] } },
{ "type": "Feature", "properties": { "id": "way/342017742", "name": null, "name_en": null, "name_ne": null, "status": "Standing", "landuse": "residential", "population": null, "source": null, "adm0_pcode": "NPL", "adm0_name": "Nepal", "adm1_pcode": "NP03", "adm1_name": "Bagmati", "adm2_pcode": "NP0330", "adm2_name": "Dhading", "adm3_pcode": "NP0330410", "adm3_name": "Galchhi", "adm4_pcode": null, "adm4_name": null, "name_latin": null }, "geometry": { "type": "Polygon", "coordinates": [ [ [ 85.003786, 27.8020173 ], [ 85.0039243, 27.8018967 ], [ 85.0051314, 27.8026941 ], [ 85.0055096, 27.8030001 ], [ 85.0060582, 27.8032552 ], [ 85.006136, 27.8033572 ], [ 85.0060717, 27.803483 ], [ 85.0058705, 27.8034474 ], [ 85.0056693, 27.803343 ], [ 85.005444, 27.8033383 ], [ 85.0052214, 27.8032647 ], [ 85.0050041, 27.8033169 ], [ 85.0048888, 27.8033525 ], [ 85.0047386, 27.8032505 ], [ 85.0044259, 27.8030337 ], [ 85.0048903, 27.8027961 ], [ 85.0049168, 27.8027368 ], [ 85.0045681, 27.8025992 ], [ 85.0044371, 27.8025356 ], [ 85.0042864, 27.8024664 ], [ 85.0042301, 27.8024118 ], [ 85.003786, 27.8020173 ] ] ] } },
{ "type": "Feature", "properties": { "id": "way/341581969", "name": "Keurini", "name_en": null, "name_ne": null, "status": "Standing", "landuse": "residential", "population": null, "source": null, "adm0_pcode": "NPL", "adm0_name": "Nepal", "adm1_pcode": "NP03", "adm1_name": "Bagmati", "adm2_pcode": "NP0328", "adm2_name": "Nuwakot", "adm3_pcode": "NP0328302", "adm3_name": "Belkotgadhi", "adm4_pcode": null, "adm4_name": null, "name_latin": "Keurini" }, "geometry": { "type": "Polygon", "coordinates": [ [ [ 85.0205607, 27.8270174 ], [ 85.0207096, 27.8266904 ], [ 85.0217973, 27.8266775 ], [ 85.0224778, 27.8280534 ], [ 85.0231989, 27.8288124 ], [ 85.0233522, 27.8289738 ], [ 85.0230625, 27.8301266 ], [ 85.0236042, 27.8301906 ], [ 85.0240781, 27.8305136 ], [ 85.0236472, 27.8312326 ], [ 85.0225958, 27.8312793 ], [ 85.0221721, 27.8310194 ], [ 85.0219521, 27.8298182 ], [ 85.021828, 27.8295792 ], [ 85.0220768, 27.829256 ], [ 85.0217536, 27.8291398 ], [ 85.0213378, 27.8282183 ], [ 85.0205607, 27.8270174 ] ] ] } },
{ "type": "Feature", "properties": { "id": "way/1554542862", "name": null, "name_en": null, "name_ne": null, "status": "Standing", "landuse": "residential", "population": null, "source": null, "adm0_pcode": "NPL", "adm0_name": "Nepal", "adm1_pcode": "NP03", "adm1_name": "Bagmati", "adm2_pcode": "NP0328", "adm2_name": "Nuwakot", "adm3_pcode": "NP0328302", "adm3_name": "Belkotgadhi", "adm4_pcode": null, "adm4_name": null, "name_latin": null }, "geometry": { "type": "Polygon", "coordinates": [ [ [ 85.0176182, 27.8195514 ], [ 85.0188751, 27.8194987 ], [ 85.018912, 27.8201963 ], [ 85.0181544, 27.8204246 ], [ 85.0176182, 27.8195514 ] ] ] } },
{ "type": "Feature", "properties": { "id": "way/341675380", "name": null, "name_en": null, "name_ne": null, "status": "Standing", "landuse": "residential", "population": null, "source": "Bing", "adm0_pcode": "NPL", "adm0_name": "Nepal", "adm1_pcode": "NP03", "adm1_name": "Bagmati", "adm2_pcode": "NP0330", "adm2_name": "Dhading", "adm3_pcode": "NP0330410", "adm3_name": "Galchhi", "adm4_pcode": null, "adm4_name": null, "name_latin": null }, "geometry": { "type": "Polygon", "coordinates": [ [ [ 84.9438858, 27.8146132 ], [ 84.944559, 27.8146274 ], [ 84.9445134, 27.8150023 ], [ 84.9445925, 27.8153601 ], [ 84.9446073, 27.8160935 ], [ 84.9444357, 27.8161955 ], [ 84.9450794, 27.8167815 ], [ 84.9449506, 27.8169333 ], [ 84.9447468, 27.8168598 ], [ 84.9444115, 27.8165371 ], [ 84.944095, 27.8164968 ], [ 84.9440226, 27.8157661 ], [ 84.9439797, 27.814765 ], [ 84.9438938, 27.8147033 ], [ 84.9438858, 27.8146132 ] ] ] } },
{ "type": "Feature", "properties": { "id": "way/1554723461", "name": null, "name_en": null, "name_ne": null, "status": "Standing", "landuse": "residential", "population": null, "source": null, "adm0_pcode": "NPL", "adm0_name": "Nepal", "adm1_pcode": "NP03", "adm1_name": "Bagmati", "adm2_pcode": "NP0330", "adm2_name": "Dhading", "adm3_pcode": "NP0330410", "adm3_name": "Galchhi", "adm4_pcode": null, "adm4_name": null, "name_latin": null }, "geometry": { "type": "Polygon", "coordinates": [ [ [ 84.9935782, 27.8061619 ], [ 84.9936347, 27.8060634 ], [ 84.9937628, 27.8060148 ], [ 84.9939808, 27.8060148 ], [ 84.9939808, 27.8061774 ], [ 84.9938513, 27.8061864 ], [ 84.993859, 27.8063598 ], [ 84.993643, 27.8063598 ], [ 84.9935782, 27.8062921 ], [ 84.9935782, 27.8061619 ] ] ] } },
{ "type": "Feature", "properties": { "id": "way/1554597220", "name": null, "name_en": null, "name_ne": null, "status": "Standing", "landuse": "residential", "population": null, "source": null, "adm0_pcode": "NPL", "adm0_name": "Nepal", "adm1_pcode": "NP03", "adm1_name": "Bagmati", "adm2_pcode": "NP0330", "adm2_name": "Dhading", "adm3_pcode": "NP0330407", "adm3_name": "Siddhalek", "adm4_pcode": null, "adm4_name": null, "name_latin": null }, "geometry": { "type": "Polygon", "coordinates": [ [ [ 84.9111885, 27.8014908 ], [ 84.9119427, 27.800426 ], [ 84.9124849, 27.8007313 ], [ 84.9135625, 27.8012547 ], [ 84.9115228, 27.8017334 ], [ 84.9111885, 27.8014908 ] ] ] } },
{ "type": "Feature", "properties": { "id": "way/1554523283", "name": null, "name_en": null, "name_ne": null, "status": "Standing", "landuse": "residential", "population": null, "source": null, "adm0_pcode": "NPL", "adm0_name": "Nepal", "adm1_pcode": "NP03", "adm1_name": "Bagmati", "adm2_pcode": "NP0330", "adm2_name": "Dhading", "adm3_pcode": "NP0330407", "adm3_name": "Siddhalek", "adm4_pcode": null, "adm4_name": null, "name_latin": null }, "geometry": { "type": "Polygon", "coordinates": [ [ [ 84.8976684, 27.8079479 ], [ 84.8983011, 27.8077788 ], [ 84.8980434, 27.8072956 ], [ 84.8990657, 27.8071081 ], [ 84.899105, 27.8073329 ], [ 84.8988087, 27.8073841 ], [ 84.8990353, 27.808173 ], [ 84.8984739, 27.8083032 ], [ 84.8977065, 27.8082069 ], [ 84.8976684, 27.8079479 ] ] ] } },
{ "type": "Feature", "properties": { "id": "way/594045608", "name": null, "name_en": null, "name_ne": null, "status": "Standing", "landuse": "residential", "population": null, "source": null, "adm0_pcode": "NPL", "adm0_name": "Nepal", "adm1_pcode": "NP03", "adm1_name": "Bagmati", "adm2_pcode": "NP0330", "adm2_name": "Dhading", "adm3_pcode": "NP0330407", "adm3_name": "Siddhalek", "adm4_pcode": null, "adm4_name": null, "name_latin": null }, "geometry": { "type": "Polygon", "coordinates": [ [ [ 84.8887303, 27.8086014 ], [ 84.8892814, 27.8068129 ], [ 84.8904467, 27.8066741 ], [ 84.8903419, 27.8074762 ], [ 84.8905691, 27.8074658 ], [ 84.8908595, 27.8073294 ], [ 84.8911429, 27.8071784 ], [ 84.8916622, 27.8070167 ], [ 84.8920789, 27.8068746 ], [ 84.8924631, 27.8065253 ], [ 84.8930363, 27.806319 ], [ 84.8934805, 27.8061848 ], [ 84.893796, 27.8061344 ], [ 84.8952617, 27.8056268 ], [ 84.8959836, 27.8068796 ], [ 84.8944697, 27.8072105 ], [ 84.8928106, 27.806861 ], [ 84.8911481, 27.8076977 ], [ 84.8892492, 27.808994 ], [ 84.8887303, 27.8086014 ] ] ] } },
{ "type": "Feature", "properties": { "id": "way/342222930", "name": null, "name_en": null, "name_ne": null, "status": "Standing", "landuse": "residential", "population": null, "source": null, "adm0_pcode": "NPL", "adm0_name": "Nepal", "adm1_pcode": "NP03", "adm1_name": "Bagmati", "adm2_pcode": "NP0328", "adm2_name": "Nuwakot", "adm3_pcode": "NP0328301", "adm3_name": "Bidur", "adm4_pcode": null, "adm4_name": null, "name_latin": null }, "geometry": { "type": "Polygon", "coordinates": [ [ [ 85.1606096, 27.9519928 ], [ 85.1607276, 27.9512915 ], [ 85.1609958, 27.9511398 ], [ 85.1611689, 27.9511984 ], [ 85.1612426, 27.9514052 ], [ 85.1612386, 27.952007 ], [ 85.1613606, 27.9524572 ], [ 85.1611889, 27.9532343 ], [ 85.1608563, 27.9532532 ], [ 85.160631, 27.95295 ], [ 85.1607383, 27.9524098 ], [ 85.1606096, 27.9519928 ] ] ] } },
{ "type": "Feature", "properties": { "id": "way/341903107", "name": null, "name_en": null, "name_ne": null, "status": "Standing", "landuse": "residential", "population": null, "source": null, "adm0_pcode": "NPL", "adm0_name": "Nepal", "adm1_pcode": "NP03", "adm1_name": "Bagmati", "adm2_pcode": "NP0328", "adm2_name": "Nuwakot", "adm3_pcode": "NP0328301", "adm3_name": "Bidur", "adm4_pcode": null, "adm4_name": null, "name_latin": null }, "geometry": { "type": "Polygon", "coordinates": [ [ [ 85.1585972, 27.945879 ], [ 85.1595155, 27.9455536 ], [ 85.1593295, 27.9452878 ], [ 85.1589361, 27.9446604 ], [ 85.1588192, 27.944444 ], [ 85.159124, 27.9443378 ], [ 85.1597688, 27.9452773 ], [ 85.1599082, 27.9452323 ], [ 85.1600799, 27.9453858 ], [ 85.1598345, 27.945481 ], [ 85.1599941, 27.9456493 ], [ 85.1603802, 27.9459511 ], [ 85.160833, 27.9468439 ], [ 85.1607048, 27.9471657 ], [ 85.1604031, 27.9472226 ], [ 85.1599351, 27.9464644 ], [ 85.1596096, 27.9465803 ], [ 85.1592798, 27.9460886 ], [ 85.1588581, 27.9461528 ], [ 85.1585972, 27.945879 ] ] ] } },
{ "type": "Feature", "properties": { "id": "way/341647371", "name": null, "name_en": null, "name_ne": null, "status": "Standing", "landuse": "residential", "population": null, "source": null, "adm0_pcode": "NPL", "adm0_name": "Nepal", "adm1_pcode": "NP03", "adm1_name": "Bagmati", "adm2_pcode": "NP0328", "adm2_name": "Nuwakot", "adm3_pcode": "NP0328301", "adm3_name": "Bidur", "adm4_pcode": null, "adm4_name": null, "name_latin": null }, "geometry": { "type": "Polygon", "coordinates": [ [ [ 85.1069411, 27.8644981 ], [ 85.1070807, 27.8641482 ], [ 85.1071312, 27.8639345 ], [ 85.1073525, 27.8638668 ], [ 85.1075428, 27.8639231 ], [ 85.1079228, 27.863934 ], [ 85.1081028, 27.8637365 ], [ 85.1082115, 27.8634674 ], [ 85.1086836, 27.8636156 ], [ 85.1087841, 27.8638812 ], [ 85.1089612, 27.8642914 ], [ 85.1087122, 27.8645946 ], [ 85.1081955, 27.8650431 ], [ 85.1076703, 27.8650435 ], [ 85.1074964, 27.865048 ], [ 85.1074134, 27.8651025 ], [ 85.1072577, 27.8651025 ], [ 85.1072152, 27.865284 ], [ 85.1069958, 27.8652652 ], [ 85.1070028, 27.8647896 ], [ 85.1069411, 27.8644981 ] ] ] } },
{ "type": "Feature", "properties": { "id": "way/342221919", "name": null, "name_en": null, "name_ne": null, "status": "Standing", "landuse": "residential", "population": null, "source": null, "adm0_pcode": "NPL", "adm0_name": "Nepal", "adm1_pcode": "NP03", "adm1_name": "Bagmati", "adm2_pcode": "NP0328", "adm2_name": "Nuwakot", "adm3_pcode": "NP0328301", "adm3_name": "Bidur", "adm4_pcode": null, "adm4_name": null, "name_latin": null }, "geometry": { "type": "Polygon", "coordinates": [ [ [ 85.1601569, 27.9367372 ], [ 85.1608756, 27.9362322 ], [ 85.1613291, 27.9358782 ], [ 85.1625146, 27.9363332 ], [ 85.1623094, 27.9368201 ], [ 85.1620372, 27.9373474 ], [ 85.1617958, 27.9375938 ], [ 85.1609133, 27.9375179 ], [ 85.1607299, 27.9372636 ], [ 85.1604962, 27.9370595 ], [ 85.1602958, 27.9370396 ], [ 85.1601569, 27.9367372 ] ] ] } },
{ "type": "Feature", "properties": { "id": "way/1553974291", "name": null, "name_en": null, "name_ne": null, "status": "Standing", "landuse": "residential", "population": null, "source": null, "adm0_pcode": "NPL", "adm0_name": "Nepal", "adm1_pcode": "NP03", "adm1_name": "Bagmati", "adm2_pcode": "NP0328", "adm2_name": "Nuwakot", "adm3_pcode": "NP0328402", "adm3_name": "Kispang", "adm4_pcode": null, "adm4_name": null, "name_latin": null }, "geometry": { "type": "Polygon", "coordinates": [ [ [ 85.1856075, 28.0036274 ], [ 85.1857946, 28.0035999 ], [ 85.1860308, 28.0037533 ], [ 85.1857902, 28.0039815 ], [ 85.1856327, 28.0038755 ], [ 85.18573, 28.0037907 ], [ 85.1856075, 28.0036274 ] ] ] } },
{ "type": "Feature", "properties": { "id": "way/1554528313", "name": null, "name_en": null, "name_ne": null, "status": "Standing", "landuse": "residential", "population": null, "source": null, "adm0_pcode": "NPL", "adm0_name": "Nepal", "adm1_pcode": "NP03", "adm1_name": "Bagmati", "adm2_pcode": "NP0328", "adm2_name": "Nuwakot", "adm3_pcode": "NP0328403", "adm3_name": "Tarakeshwor", "adm4_pcode": null, "adm4_name": null, "name_latin": null }, "geometry": { "type": "Polygon", "coordinates": [ [ [ 85.0371559, 27.8560264 ], [ 85.0372131, 27.8557292 ], [ 85.0373883, 27.8554225 ], [ 85.0375374, 27.8552005 ], [ 85.0377352, 27.8551379 ], [ 85.0380285, 27.8551948 ], [ 85.0383003, 27.8553751 ], [ 85.038522, 27.8556312 ], [ 85.0383611, 27.8558304 ], [ 85.0383039, 27.8560075 ], [ 85.0382538, 27.8562098 ], [ 85.0381321, 27.8563483 ], [ 85.0381179, 27.8565608 ], [ 85.0378711, 27.8566588 ], [ 85.0374384, 27.8566114 ], [ 85.0372989, 27.8565576 ], [ 85.0371881, 27.8562319 ], [ 85.0371559, 27.8560264 ] ] ] } },
{ "type": "Feature", "properties": { "id": "way/1553925586", "name": null, "name_en": null, "name_ne": null, "status": "Standing", "landuse": "residential", "population": null, "source": null, "adm0_pcode": "NPL", "adm0_name": "Nepal", "adm1_pcode": "NP03", "adm1_name": "Bagmati", "adm2_pcode": "NP0328", "adm2_name": "Nuwakot", "adm3_pcode": "NP0328301", "adm3_name": "Bidur", "adm4_pcode": null, "adm4_name": null, "name_latin": null }, "geometry": { "type": "Polygon", "coordinates": [ [ [ 85.1600316, 27.9402326 ], [ 85.1605117, 27.9400027 ], [ 85.1609141, 27.9403606 ], [ 85.160729, 27.9406402 ], [ 85.1607773, 27.9414126 ], [ 85.1606217, 27.9414411 ], [ 85.1603883, 27.9410193 ], [ 85.1601657, 27.9405146 ], [ 85.1600316, 27.9402326 ] ] ] } },
{ "type": "Feature", "properties": { "id": "way/342223106", "name": null, "name_en": null, "name_ne": null, "status": "Standing", "landuse": "residential", "population": null, "source": null, "adm0_pcode": "NPL", "adm0_name": "Nepal", "adm1_pcode": "NP03", "adm1_name": "Bagmati", "adm2_pcode": "NP0328", "adm2_name": "Nuwakot", "adm3_pcode": "NP0328301", "adm3_name": "Bidur", "adm4_pcode": null, "adm4_name": null, "name_latin": null }, "geometry": { "type": "Polygon", "coordinates": [ [ [ 85.1607007, 27.938757 ], [ 85.1609303, 27.9387662 ], [ 85.1609642, 27.938758 ], [ 85.1610383, 27.9386915 ], [ 85.161304, 27.9387034 ], [ 85.161719, 27.9389042 ], [ 85.1618314, 27.939171 ], [ 85.1617232, 27.9393662 ], [ 85.1613898, 27.9394479 ], [ 85.1615817, 27.9397846 ], [ 85.1616097, 27.9397472 ], [ 85.1620389, 27.9398337 ], [ 85.1622828, 27.9396138 ], [ 85.1623681, 27.9394128 ], [ 85.1620766, 27.9392997 ], [ 85.1620866, 27.9391138 ], [ 85.1624361, 27.9390502 ], [ 85.1626312, 27.9387193 ], [ 85.1623044, 27.9386154 ], [ 85.1629002, 27.93869 ], [ 85.1630257, 27.9385431 ], [ 85.1630043, 27.9384146 ], [ 85.1631732, 27.9382991 ], [ 85.1632643, 27.9383276 ], [ 85.1633722, 27.9383613 ], [ 85.1635895, 27.938475 ], [ 85.1632959, 27.9388481 ], [ 85.1631069, 27.9388423 ], [ 85.162779, 27.939342 ], [ 85.1625176, 27.9398644 ], [ 85.1621717, 27.940488 ], [ 85.1621375, 27.9407491 ], [ 85.1623849, 27.9407847 ], [ 85.1625461, 27.9414607 ], [ 85.1626709, 27.941633 ], [ 85.162718, 27.9418718 ], [ 85.162687, 27.9420536 ], [ 85.1625443, 27.942207 ], [ 85.1622809, 27.9422336 ], [ 85.1624216, 27.9424451 ], [ 85.162669, 27.9424611 ], [ 85.1628882, 27.9424255 ], [ 85.1631476, 27.9424309 ], [ 85.163198, 27.9429096 ], [ 85.1641555, 27.9426454 ], [ 85.1643217, 27.9418777 ], [ 85.1645953, 27.9417616 ], [ 85.1648957, 27.9418185 ], [ 85.1650245, 27.9423398 ], [ 85.1642305, 27.9434712 ], [ 85.1640119, 27.9433028 ], [ 85.1640125, 27.9434842 ], [ 85.1636464, 27.9434936 ], [ 85.1636291, 27.9433141 ], [ 85.1636313, 27.9432476 ], [ 85.1629223, 27.9431734 ], [ 85.162885, 27.9433036 ], [ 85.1625139, 27.9432307 ], [ 85.1620419, 27.9421123 ], [ 85.1617307, 27.9415626 ], [ 85.1615269, 27.9403399 ], [ 85.1613337, 27.9398375 ], [ 85.1607007, 27.938757 ] ] ] } },
{ "type": "Feature", "properties": { "id": "way/342040339", "name": null, "name_en": null, "name_ne": null, "status": "Standing", "landuse": "residential", "population": null, "source": null, "adm0_pcode": "NPL", "adm0_name": "Nepal", "adm1_pcode": "NP03", "adm1_name": "Bagmati", "adm2_pcode": "NP0328", "adm2_name": "Nuwakot", "adm3_pcode": "NP0328301", "adm3_name": "Bidur", "adm4_pcode": null, "adm4_name": null, "name_latin": null }, "geometry": { "type": "Polygon", "coordinates": [ [ [ 85.1593474, 27.9350485 ], [ 85.1595355, 27.9349051 ], [ 85.1595173, 27.9348428 ], [ 85.1594149, 27.9347806 ], [ 85.1594358, 27.9346943 ], [ 85.1593661, 27.9346347 ], [ 85.1593847, 27.934571 ], [ 85.1593545, 27.9345628 ], [ 85.1593754, 27.9345094 ], [ 85.1595289, 27.9344231 ], [ 85.1596753, 27.934458 ], [ 85.1597614, 27.934493 ], [ 85.1599707, 27.9345936 ], [ 85.1600701, 27.934627 ], [ 85.1602599, 27.9347418 ], [ 85.1601402, 27.9354912 ], [ 85.159758, 27.9354711 ], [ 85.15937, 27.9352527 ], [ 85.1593474, 27.9350485 ] ] ] } },
{ "type": "Feature", "properties": { "id": "way/1554549516", "name": null, "name_en": null, "name_ne": null, "status": "Standing", "landuse": "residential", "population": null, "source": null, "adm0_pcode": "NPL", "adm0_name": "Nepal", "adm1_pcode": "NP03", "adm1_name": "Bagmati", "adm2_pcode": "NP0330", "adm2_name": "Dhading", "adm3_pcode": "NP0330408", "adm3_name": "Benighat Rorang", "adm4_pcode": null, "adm4_name": null, "name_latin": null }, "geometry": { "type": "Polygon", "coordinates": [ [ [ 84.801269, 27.8112856 ], [ 84.8013967, 27.811048 ], [ 84.8023203, 27.8116184 ], [ 84.8021557, 27.812159 ], [ 84.802626, 27.8124205 ], [ 84.8021557, 27.8127294 ], [ 84.801662, 27.8126611 ], [ 84.801269, 27.8112856 ] ] ] } },
{ "type": "Feature", "properties": { "id": "way/1554505539", "name": null, "name_en": null, "name_ne": null, "status": "Standing", "landuse": "residential", "population": null, "source": null, "adm0_pcode": "NPL", "adm0_name": "Nepal", "adm1_pcode": "NP03", "adm1_name": "Bagmati", "adm2_pcode": "NP0329", "adm2_name": "Rasuwa", "adm3_pcode": "NP0329402", "adm3_name": "Gosaikunda", "adm4_pcode": null, "adm4_name": null, "name_latin": null }, "geometry": { "type": "Polygon", "coordinates": [ [ [ 85.3616559, 28.2457869 ], [ 85.3617284, 28.2457018 ], [ 85.3618544, 28.2457798 ], [ 85.3621092, 28.2459027 ], [ 85.362922, 28.2465005 ], [ 85.363107, 28.2467627 ], [ 85.3629568, 28.2468998 ], [ 85.3626457, 28.2466304 ], [ 85.3623801, 28.2463965 ], [ 85.3619778, 28.2460515 ], [ 85.3617686, 28.2459003 ], [ 85.3616559, 28.2457869 ] ] ] } },
{ "type": "Feature", "properties": { "id": "way/1554409365", "name": null, "name_en": null, "name_ne": null, "status": "Standing", "landuse": "residential", "population": null, "source": null, "adm0_pcode": "NPL", "adm0_name": "Nepal", "adm1_pcode": "NP03", "adm1_name": "Bagmati", "adm2_pcode": "NP0335", "adm2_name": "Chitawan", "adm3_pcode": "NP0335401", "adm3_name": "Ichchha Kamana", "adm4_pcode": null, "adm4_name": null, "name_latin": null }, "geometry": { "type": "Polygon", "coordinates": [ [ [ 84.5785605, 27.8626863 ], [ 84.5785863, 27.8623216 ], [ 84.5789885, 27.8623429 ], [ 84.5788579, 27.8626392 ], [ 84.5785605, 27.8626863 ] ] ] } },
{ "type": "Feature", "properties": { "id": "way/593366643", "name": null, "name_en": null, "name_ne": null, "status": "Standing", "landuse": "residential", "population": null, "source": null, "adm0_pcode": "NPL", "adm0_name": "Nepal", "adm1_pcode": "NP03", "adm1_name": "Bagmati", "adm2_pcode": "NP0330", "adm2_name": "Dhading", "adm3_pcode": "NP0330407", "adm3_name": "Siddhalek", "adm4_pcode": null, "adm4_name": null, "name_latin": null }, "geometry": { "type": "Polygon", "coordinates": [ [ [ 84.8369375, 27.8031349 ], [ 84.8369644, 27.8029308 ], [ 84.8370877, 27.80262 ], [ 84.8371989, 27.8025339 ], [ 84.8372995, 27.8025855 ], [ 84.8372573, 27.8026727 ], [ 84.8373795, 27.8027416 ], [ 84.8371897, 27.8030589 ], [ 84.8369375, 27.8031349 ] ] ] } },
{ "type": "Feature", "properties": { "id": "way/1553964329", "name": null, "name_en": null, "name_ne": null, "status": "Standing", "landuse": "residential", "population": null, "source": null, "adm0_pcode": "NPL", "adm0_name": "Nepal", "adm1_pcode": "NP03", "adm1_name": "Bagmati", "adm2_pcode": "NP0329", "adm2_name": "Rasuwa", "adm3_pcode": "NP0329402", "adm3_name": "Gosaikunda", "adm4_pcode": null, "adm4_name": null, "name_latin": null }, "geometry": { "type": "Polygon", "coordinates": [ [ [ 85.342226, 28.1645031 ], [ 85.3423253, 28.1643919 ], [ 85.3422824, 28.1643376 ], [ 85.3423279, 28.1642406 ], [ 85.3424326, 28.164198 ], [ 85.3425077, 28.1642619 ], [ 85.3427222, 28.1641413 ], [ 85.3428805, 28.1642311 ], [ 85.3429985, 28.1642926 ], [ 85.3432667, 28.164094 ], [ 85.3434974, 28.1639048 ], [ 85.3437495, 28.1637582 ], [ 85.3439158, 28.1638835 ], [ 85.3437334, 28.1640633 ], [ 85.3438783, 28.1641933 ], [ 85.3435886, 28.1644416 ], [ 85.3434786, 28.164399 ], [ 85.3432721, 28.1646757 ], [ 85.3431058, 28.1647324 ], [ 85.3430226, 28.1646757 ], [ 85.3429717, 28.1646828 ], [ 85.3430334, 28.1648767 ], [ 85.343028, 28.1651439 ], [ 85.3427678, 28.1651959 ], [ 85.3426659, 28.1650635 ], [ 85.3424916, 28.1649334 ], [ 85.3424165, 28.1648436 ], [ 85.3424326, 28.164749 ], [ 85.342226, 28.1645031 ] ] ] } },
{ "type": "Feature", "properties": { "id": "way/341587492", "name": null, "name_en": null, "name_ne": null, "status": "Standing", "landuse": "residential", "population": null, "source": "Bing", "adm0_pcode": "NPL", "adm0_name": "Nepal", "adm1_pcode": "NP03", "adm1_name": "Bagmati", "adm2_pcode": "NP0328", "adm2_name": "Nuwakot", "adm3_pcode": "NP0328301", "adm3_name": "Bidur", "adm4_pcode": null, "adm4_name": null, "name_latin": null }, "geometry": { "type": "Polygon", "coordinates": [ [ [ 85.1681896, 27.9644622 ], [ 85.1682599, 27.9639741 ], [ 85.1694918, 27.9638688 ], [ 85.1701232, 27.9642131 ], [ 85.1702543, 27.9640008 ], [ 85.1716639, 27.9644564 ], [ 85.1717003, 27.964607 ], [ 85.1715693, 27.9649539 ], [ 85.1720144, 27.9650506 ], [ 85.1721324, 27.9649667 ], [ 85.1725148, 27.9651224 ], [ 85.1726173, 27.9649085 ], [ 85.1731777, 27.9650969 ], [ 85.1730409, 27.9654641 ], [ 85.1728351, 27.9656882 ], [ 85.1727053, 27.9657757 ], [ 85.1724248, 27.9657439 ], [ 85.1717148, 27.9654241 ], [ 85.1717354, 27.9653877 ], [ 85.1715139, 27.965299 ], [ 85.1714484, 27.9654169 ], [ 85.1714525, 27.9654868 ], [ 85.1713948, 27.965552 ], [ 85.1712754, 27.9654702 ], [ 85.1711046, 27.9652804 ], [ 85.1710555, 27.9653695 ], [ 85.1707877, 27.9653718 ], [ 85.1704143, 27.9656447 ], [ 85.1702376, 27.9656798 ], [ 85.1701156, 27.9657084 ], [ 85.1698401, 27.9655583 ], [ 85.1697783, 27.9656174 ], [ 85.1695723, 27.9654741 ], [ 85.1692349, 27.9658559 ], [ 85.1690941, 27.9657767 ], [ 85.1691286, 27.9656238 ], [ 85.1691808, 27.96539 ], [ 85.1683237, 27.9650395 ], [ 85.1681896, 27.9644622 ] ] ] } },
{ "type": "Feature", "properties": { "id": "way/1553568408", "name": null, "name_en": null, "name_ne": null, "status": "Standing", "landuse": "residential", "population": null, "source": null, "adm0_pcode": "NPL", "adm0_name": "Nepal", "adm1_pcode": "NP03", "adm1_name": "Bagmati", "adm2_pcode": "NP0328", "adm2_name": "Nuwakot", "adm3_pcode": "NP0328302", "adm3_name": "Belkotgadhi", "adm4_pcode": null, "adm4_name": null, "name_latin": null }, "geometry": { "type": "Polygon", "coordinates": [ [ [ 85.0451614, 27.8590215 ], [ 85.0451671, 27.8585325 ], [ 85.0461142, 27.8584785 ], [ 85.0476529, 27.8584651 ], [ 85.0478422, 27.8585038 ], [ 85.0477934, 27.8587985 ], [ 85.0477934, 27.8589998 ], [ 85.0474844, 27.859237 ], [ 85.0472161, 27.8593664 ], [ 85.0465138, 27.8592046 ], [ 85.0451614, 27.8590215 ] ] ] } },
{ "type": "Feature", "properties": { "id": "way/1553990941", "name": null, "name_en": null, "name_ne": null, "status": "Standing", "landuse": "residential", "population": null, "source": null, "adm0_pcode": "NPL", "adm0_name": "Nepal", "adm1_pcode": "NP03", "adm1_name": "Bagmati", "adm2_pcode": "NP0328", "adm2_name": "Nuwakot", "adm3_pcode": "NP0328402", "adm3_name": "Kispang", "adm4_pcode": null, "adm4_name": null, "name_latin": null }, "geometry": { "type": "Polygon", "coordinates": [ [ [ 85.1837652, 27.9860206 ], [ 85.1838255, 27.9858513 ], [ 85.1838791, 27.9857612 ], [ 85.1840347, 27.9856855 ], [ 85.1840629, 27.9857624 ], [ 85.1841701, 27.9858015 ], [ 85.1843512, 27.9858181 ], [ 85.1843043, 27.9859413 ], [ 85.1842426, 27.985972 ], [ 85.1841862, 27.9859886 ], [ 85.1840736, 27.9859638 ], [ 85.1840092, 27.9860739 ], [ 85.1837652, 27.9860206 ] ] ] } },
{ "type": "Feature", "properties": { "id": "way/1554028735", "name": null, "name_en": null, "name_ne": null, "status": "Standing", "landuse": "residential", "population": null, "source": null, "adm0_pcode": "NPL", "adm0_name": "Nepal", "adm1_pcode": "NP03", "adm1_name": "Bagmati", "adm2_pcode": "NP0328", "adm2_name": "Nuwakot", "adm3_pcode": "NP0328301", "adm3_name": "Bidur", "adm4_pcode": null, "adm4_name": null, "name_latin": null }, "geometry": { "type": "Polygon", "coordinates": [ [ [ 85.1271543, 27.8730743 ], [ 85.1273108, 27.8728805 ], [ 85.1273702, 27.8729213 ], [ 85.1276897, 27.8725786 ], [ 85.1278176, 27.8726905 ], [ 85.1281747, 27.8723219 ], [ 85.1282579, 27.8724311 ], [ 85.1277283, 27.8729952 ], [ 85.1278326, 27.8730673 ], [ 85.1283618, 27.8725592 ], [ 85.1284356, 27.8726453 ], [ 85.1279578, 27.8731025 ], [ 85.1280735, 27.8731746 ], [ 85.1282992, 27.8729432 ], [ 85.1284027, 27.8730291 ], [ 85.1281897, 27.8732612 ], [ 85.1283994, 27.8735312 ], [ 85.1283119, 27.873645 ], [ 85.1281269, 27.8735254 ], [ 85.1280556, 27.8736227 ], [ 85.1278692, 27.8735508 ], [ 85.1277823, 27.8736928 ], [ 85.1276622, 27.8736373 ], [ 85.1274657, 27.8734639 ], [ 85.1272472, 27.8733094 ], [ 85.1273233, 27.8731903 ], [ 85.1271543, 27.8730743 ] ] ] } },
{ "type": "Feature", "properties": { "id": "way/1554725968", "name": null, "name_en": null, "name_ne": null, "status": "Standing", "landuse": "residential", "population": null, "source": null, "adm0_pcode": "NPL", "adm0_name": "Nepal", "adm1_pcode": "NP04", "adm1_name": "Gandaki", "adm2_pcode": "NP0436", "adm2_name": "Gorkha", "adm3_pcode": "NP0436409", "adm3_name": "Gandaki", "adm4_pcode": null, "adm4_name": null, "name_latin": null }, "geometry": { "type": "Polygon", "coordinates": [ [ [ 84.6948266, 27.8105446 ], [ 84.6954623, 27.8097024 ], [ 84.6968865, 27.8090263 ], [ 84.6979487, 27.8103738 ], [ 84.6977985, 27.8110665 ], [ 84.6963394, 27.8114366 ], [ 84.6949553, 27.8109811 ], [ 84.6948266, 27.8105446 ] ] ] } },
{ "type": "Feature", "properties": { "id": "way/593735471", "name": null, "name_en": null, "name_ne": null, "status": "Standing", "landuse": "residential", "population": null, "source": null, "adm0_pcode": "NPL", "adm0_name": "Nepal", "adm1_pcode": "NP03", "adm1_name": "Bagmati", "adm2_pcode": "NP0330", "adm2_name": "Dhading", "adm3_pcode": "NP0330407", "adm3_name": "Siddhalek", "adm4_pcode": null, "adm4_name": null, "name_latin": null }, "geometry": { "type": "Polygon", "coordinates": [ [ [ 84.9048197, 27.8048917 ], [ 84.9049007, 27.8046697 ], [ 84.9050836, 27.804504 ], [ 84.9055256, 27.8043589 ], [ 84.9059424, 27.8044229 ], [ 84.9059171, 27.8045079 ], [ 84.9058114, 27.8047381 ], [ 84.9056691, 27.8048963 ], [ 84.9054455, 27.8049862 ], [ 84.9052284, 27.8050329 ], [ 84.9049126, 27.8050878 ], [ 84.9048197, 27.8048917 ] ] ] } },
{ "type": "Feature", "properties": { "id": "way/1553052417", "name": null, "name_en": null, "name_ne": null, "status": "Standing", "landuse": "residential", "population": null, "source": null, "adm0_pcode": "NPL", "adm0_name": "Nepal", "adm1_pcode": "NP03", "adm1_name": "Bagmati", "adm2_pcode": "NP0328", "adm2_name": "Nuwakot", "adm3_pcode": "NP0328301", "adm3_name": "Bidur", "adm4_pcode": null, "adm4_name": null, "name_latin": null }, "geometry": { "type": "Polygon", "coordinates": [ [ [ 85.1387778, 27.8883784 ], [ 85.1389602, 27.887909 ], [ 85.1388261, 27.8875582 ], [ 85.1393477, 27.8871824 ], [ 85.139164, 27.8868896 ], [ 85.1409182, 27.8862543 ], [ 85.1403394, 27.885245 ], [ 85.1409357, 27.884927 ], [ 85.1411328, 27.8849646 ], [ 85.1417899, 27.8847161 ], [ 85.1419508, 27.8849508 ], [ 85.141696, 27.885067 ], [ 85.1419052, 27.8855032 ], [ 85.1422083, 27.8853775 ], [ 85.1421976, 27.8852519 ], [ 85.1424471, 27.8851452 ], [ 85.1423827, 27.8850361 ], [ 85.1424739, 27.8849911 ], [ 85.1422341, 27.8844553 ], [ 85.142382, 27.8842755 ], [ 85.1422011, 27.8837581 ], [ 85.1424186, 27.8836557 ], [ 85.1428669, 27.883959 ], [ 85.1434295, 27.8848133 ], [ 85.1433615, 27.8850272 ], [ 85.143491, 27.8852518 ], [ 85.1434719, 27.8853337 ], [ 85.1435552, 27.8854942 ], [ 85.143508, 27.8855549 ], [ 85.1436648, 27.8858342 ], [ 85.1429843, 27.8859852 ], [ 85.1427839, 27.8856376 ], [ 85.1421967, 27.8858532 ], [ 85.1420947, 27.8859704 ], [ 85.1421292, 27.8863626 ], [ 85.1423022, 27.886634 ], [ 85.1424739, 27.8865676 ], [ 85.1425812, 27.8867621 ], [ 85.1422651, 27.8868915 ], [ 85.1425979, 27.8876744 ], [ 85.1427045, 27.8878901 ], [ 85.1429021, 27.8879483 ], [ 85.1430534, 27.8877866 ], [ 85.1432658, 27.8877507 ], [ 85.1435571, 27.8876489 ], [ 85.1435934, 27.887766 ], [ 85.1436204, 27.8878625 ], [ 85.1431393, 27.8880302 ], [ 85.1432838, 27.8880825 ], [ 85.1433875, 27.8882501 ], [ 85.1431596, 27.8883875 ], [ 85.1428705, 27.8884933 ], [ 85.1428854, 27.8885626 ], [ 85.1429594, 27.8886134 ], [ 85.1435197, 27.888462 ], [ 85.1435416, 27.8886619 ], [ 85.1432757, 27.8886848 ], [ 85.143153, 27.8888616 ], [ 85.1432718, 27.889182 ], [ 85.1435652, 27.8891161 ], [ 85.143717, 27.8898059 ], [ 85.1440084, 27.889755 ], [ 85.1440429, 27.8898777 ], [ 85.1439363, 27.8900494 ], [ 85.1438042, 27.8900964 ], [ 85.1438429, 27.8901666 ], [ 85.1437369, 27.8901923 ], [ 85.1436507, 27.8902027 ], [ 85.1438065, 27.890348 ], [ 85.1438101, 27.8903565 ], [ 85.1438991, 27.8905456 ], [ 85.1441746, 27.8904637 ], [ 85.144214, 27.8906188 ], [ 85.1440169, 27.8907221 ], [ 85.1442043, 27.8911773 ], [ 85.1451645, 27.8911556 ], [ 85.1452444, 27.8911821 ], [ 85.1457369, 27.8913086 ], [ 85.1462569, 27.8923516 ], [ 85.1463514, 27.8923916 ], [ 85.1464257, 27.8924114 ], [ 85.146473, 27.8924363 ], [ 85.1465227, 27.8925097 ], [ 85.1465817, 27.8925548 ], [ 85.1470081, 27.892691 ], [ 85.1466354, 27.8940616 ], [ 85.1471945, 27.8941674 ], [ 85.1473076, 27.8938969 ], [ 85.1476404, 27.893591 ], [ 85.1484391, 27.8934263 ], [ 85.1485589, 27.8943969 ], [ 85.1477935, 27.8947674 ], [ 85.14792, 27.8958851 ], [ 85.1478014, 27.8961172 ], [ 85.1475006, 27.8962851 ], [ 85.1473567, 27.8963234 ], [ 85.1472175, 27.8963831 ], [ 85.1475539, 27.8968968 ], [ 85.1477735, 27.8972646 ], [ 85.1478425, 27.897419 ], [ 85.1481512, 27.8980219 ], [ 85.1483443, 27.8987108 ], [ 85.1484858, 27.8993763 ], [ 85.1491836, 27.9006023 ], [ 85.1491898, 27.9008124 ], [ 85.1488924, 27.9010436 ], [ 85.1488008, 27.9011034 ], [ 85.1486364, 27.9012079 ], [ 85.1486014, 27.9012771 ], [ 85.1486286, 27.9013306 ], [ 85.1486779, 27.9014217 ], [ 85.1487098, 27.9014656 ], [ 85.148887, 27.901763 ], [ 85.1488192, 27.9020778 ], [ 85.1488099, 27.9022184 ], [ 85.1488458, 27.9029797 ], [ 85.1489528, 27.9031452 ], [ 85.1489582, 27.9031671 ], [ 85.1489915, 27.9037788 ], [ 85.1491446, 27.9040905 ], [ 85.148277, 27.9043242 ], [ 85.1478609, 27.904291 ], [ 85.1474353, 27.90535 ], [ 85.1466829, 27.9053411 ], [ 85.146215, 27.9054047 ], [ 85.1461695, 27.9056315 ], [ 85.1457977, 27.9055732 ], [ 85.1454707, 27.905261 ], [ 85.1450345, 27.9049284 ], [ 85.1442327, 27.9045258 ], [ 85.1432011, 27.9040376 ], [ 85.142873, 27.9032088 ], [ 85.1429557, 27.9028203 ], [ 85.1428808, 27.9026913 ], [ 85.1426903, 27.9023748 ], [ 85.142459, 27.9023057 ], [ 85.1417286, 27.9015614 ], [ 85.1411757, 27.9009827 ], [ 85.1408349, 27.9006614 ], [ 85.1409977, 27.9000141 ], [ 85.1411074, 27.8996463 ], [ 85.1411973, 27.899231 ], [ 85.1410974, 27.8989559 ], [ 85.1410024, 27.8988334 ], [ 85.1409249, 27.8985878 ], [ 85.1410059, 27.8984586 ], [ 85.1411831, 27.8982673 ], [ 85.1413211, 27.8981974 ], [ 85.1414139, 27.8980486 ], [ 85.1413086, 27.897781 ], [ 85.141188, 27.8976536 ], [ 85.1408982, 27.8970851 ], [ 85.1412843, 27.8958616 ], [ 85.1419596, 27.895937 ], [ 85.1423808, 27.8960669 ], [ 85.1424024, 27.8955851 ], [ 85.142401, 27.8952983 ], [ 85.1427352, 27.8951969 ], [ 85.1427086, 27.895037 ], [ 85.1429334, 27.8950056 ], [ 85.1431693, 27.8948538 ], [ 85.1431746, 27.8946918 ], [ 85.1431806, 27.8945757 ], [ 85.1430826, 27.8944551 ], [ 85.1429748, 27.8939674 ], [ 85.1426495, 27.8937004 ], [ 85.1423891, 27.8934616 ], [ 85.1423492, 27.893091 ], [ 85.1436468, 27.8928914 ], [ 85.1435879, 27.8925146 ], [ 85.143425, 27.8917636 ], [ 85.1429727, 27.8918255 ], [ 85.1430001, 27.8919889 ], [ 85.1427811, 27.8920408 ], [ 85.1427201, 27.8918731 ], [ 85.1423813, 27.8919749 ], [ 85.1423143, 27.8920392 ], [ 85.142326, 27.8921228 ], [ 85.1423022, 27.8922005 ], [ 85.142056, 27.8921905 ], [ 85.1418116, 27.8918438 ], [ 85.1421552, 27.8915823 ], [ 85.1420306, 27.8913988 ], [ 85.1412097, 27.8916641 ], [ 85.1412736, 27.89189 ], [ 85.1409063, 27.8920142 ], [ 85.1409478, 27.8921271 ], [ 85.140836, 27.8921666 ], [ 85.1407447, 27.8922327 ], [ 85.1404891, 27.892295 ], [ 85.1402674, 27.8923756 ], [ 85.1399797, 27.8920525 ], [ 85.1396028, 27.8922197 ], [ 85.1393032, 27.8921109 ], [ 85.1391263, 27.8918361 ], [ 85.139456, 27.8917398 ], [ 85.1393699, 27.8914637 ], [ 85.1391623, 27.8914693 ], [ 85.1391687, 27.8912943 ], [ 85.1396957, 27.8913423 ], [ 85.1399077, 27.8912705 ], [ 85.1397315, 27.8909032 ], [ 85.1393001, 27.890977 ], [ 85.1389609, 27.8895117 ], [ 85.1395523, 27.8891531 ], [ 85.1397124, 27.889592 ], [ 85.1403948, 27.8894131 ], [ 85.1405783, 27.8902783 ], [ 85.1403195, 27.8903656 ], [ 85.140183, 27.8901036 ], [ 85.1399329, 27.8902001 ], [ 85.1401245, 27.8908473 ], [ 85.1399799, 27.8909052 ], [ 85.1401097, 27.8911942 ], [ 85.141283, 27.8909302 ], [ 85.1414205, 27.8911701 ], [ 85.1418559, 27.8909514 ], [ 85.1421532, 27.8911599 ], [ 85.142251, 27.8915286 ], [ 85.1423824, 27.8915046 ], [ 85.1424942, 27.8915437 ], [ 85.1427765, 27.8912327 ], [ 85.1431931, 27.8912523 ], [ 85.1431118, 27.8910238 ], [ 85.1433045, 27.8910389 ], [ 85.1432892, 27.8909408 ], [ 85.1433231, 27.8909089 ], [ 85.1432725, 27.8905318 ], [ 85.1433966, 27.890535 ], [ 85.1434451, 27.8905176 ], [ 85.143418, 27.8904278 ], [ 85.1429373, 27.890556 ], [ 85.1428601, 27.8904338 ], [ 85.1426749, 27.8904857 ], [ 85.1426117, 27.8903519 ], [ 85.1424279, 27.8900966 ], [ 85.14249, 27.8897251 ], [ 85.1426004, 27.8896652 ], [ 85.1427336, 27.8898669 ], [ 85.1429034, 27.8897929 ], [ 85.1428907, 27.8897628 ], [ 85.142678, 27.889436 ], [ 85.1428661, 27.8893682 ], [ 85.1427416, 27.8891028 ], [ 85.1425204, 27.8891541 ], [ 85.142473, 27.8890583 ], [ 85.1425972, 27.8887608 ], [ 85.1427147, 27.8887249 ], [ 85.1426763, 27.8886261 ], [ 85.1426175, 27.8884714 ], [ 85.1422765, 27.8886191 ], [ 85.1421681, 27.8884654 ], [ 85.1422991, 27.8883975 ], [ 85.1422336, 27.8882837 ], [ 85.1422793, 27.8881706 ], [ 85.1424526, 27.8879885 ], [ 85.1422378, 27.888075 ], [ 85.1417926, 27.8874491 ], [ 85.1417534, 27.8873645 ], [ 85.1415526, 27.8874038 ], [ 85.1414548, 27.8874725 ], [ 85.1413132, 27.8875374 ], [ 85.1410948, 27.8871128 ], [ 85.1413727, 27.8869766 ], [ 85.1414428, 27.8870921 ], [ 85.1415735, 27.8870467 ], [ 85.1414988, 27.8869064 ], [ 85.1415712, 27.8868238 ], [ 85.1413937, 27.8866794 ], [ 85.1413424, 27.8865803 ], [ 85.1411159, 27.886669 ], [ 85.1411812, 27.8868383 ], [ 85.1410411, 27.8868981 ], [ 85.1409547, 27.8867289 ], [ 85.1407726, 27.886797 ], [ 85.140803, 27.8868878 ], [ 85.1405344, 27.8870034 ], [ 85.1405881, 27.887121 ], [ 85.140427, 27.8872077 ], [ 85.1401982, 27.8869456 ], [ 85.1399974, 27.8870509 ], [ 85.1401445, 27.887218 ], [ 85.1399997, 27.887315 ], [ 85.1402262, 27.8875709 ], [ 85.1399182, 27.8876844 ], [ 85.139883, 27.8876234 ], [ 85.1397535, 27.8877279 ], [ 85.1397232, 27.8879389 ], [ 85.1393751, 27.8880405 ], [ 85.1394461, 27.8882317 ], [ 85.1392096, 27.888375 ], [ 85.1394054, 27.8887435 ], [ 85.1394805, 27.8889948 ], [ 85.1391372, 27.8891418 ], [ 85.1387778, 27.8883784 ] ] ] } },
{ "type": "Feature", "properties": { "id": "way/1554020393", "name": null, "name_en": null, "name_ne": null, "status": "Standing", "landuse": "residential", "population": null, "source": null, "adm0_pcode": "NPL", "adm0_name": "Nepal", "adm1_pcode": "NP03", "adm1_name": "Bagmati", "adm2_pcode": "NP0329", "adm2_name": "Rasuwa", "adm3_pcode": "NP0329403", "adm3_name": "Uttargaya", "adm4_pcode": null, "adm4_name": null, "name_latin": null }, "geometry": { "type": "Polygon", "coordinates": [ [ [ 85.1814749, 28.0224565 ], [ 85.1820166, 28.0215885 ], [ 85.1822988, 28.0215986 ], [ 85.1824285, 28.0217131 ], [ 85.1825514, 28.0223379 ], [ 85.1829624, 28.0226713 ], [ 85.1827784, 28.0228611 ], [ 85.1822011, 28.022577 ], [ 85.1818138, 28.0230147 ], [ 85.1816383, 28.0229459 ], [ 85.1814749, 28.0224565 ] ] ] } },
{ "type": "Feature", "properties": { "id": "way/345308975", "name": null, "name_en": null, "name_ne": null, "status": "Standing", "landuse": "residential", "population": null, "source": null, "adm0_pcode": "NPL", "adm0_name": "Nepal", "adm1_pcode": "NP03", "adm1_name": "Bagmati", "adm2_pcode": "NP0335", "adm2_name": "Chitawan", "adm3_pcode": "NP0335401", "adm3_name": "Ichchha Kamana", "adm4_pcode": null, "adm4_name": null, "name_latin": null }, "geometry": { "type": "Polygon", "coordinates": [ [ [ 84.6269675, 27.8638332 ], [ 84.6270003, 27.8636043 ], [ 84.6271863, 27.8634013 ], [ 84.6280978, 27.8636334 ], [ 84.6286592, 27.8639847 ], [ 84.6305362, 27.8642839 ], [ 84.6315683, 27.8649724 ], [ 84.63163, 27.8656054 ], [ 84.6316649, 27.8664433 ], [ 84.6318196, 27.8666308 ], [ 84.6320562, 27.8663872 ], [ 84.6322332, 27.866424 ], [ 84.6321943, 27.8668283 ], [ 84.6318953, 27.8674946 ], [ 84.6318778, 27.8675942 ], [ 84.632142, 27.8676937 ], [ 84.6323043, 27.8678562 ], [ 84.6324143, 27.86797 ], [ 84.632197, 27.8680601 ], [ 84.632087, 27.8682118 ], [ 84.6319449, 27.8684679 ], [ 84.6319824, 27.8686054 ], [ 84.6315747, 27.8687027 ], [ 84.6313333, 27.8686149 ], [ 84.6311697, 27.8685604 ], [ 84.6307996, 27.8686884 ], [ 84.6307111, 27.868347 ], [ 84.631269, 27.8680447 ], [ 84.6313682, 27.8678064 ], [ 84.6314071, 27.8676084 ], [ 84.6315205, 27.8673453 ], [ 84.6314142, 27.8673302 ], [ 84.6307216, 27.8677135 ], [ 84.6305466, 27.8675749 ], [ 84.6304713, 27.8672546 ], [ 84.628863, 27.8656699 ], [ 84.6285535, 27.8651773 ], [ 84.6269675, 27.8638332 ] ] ] } },
{ "type": "Feature", "properties": { "id": "way/593355435", "name": null, "name_en": null, "name_ne": null, "status": "Standing", "landuse": "residential", "population": null, "source": null, "adm0_pcode": "NPL", "adm0_name": "Nepal", "adm1_pcode": "NP03", "adm1_name": "Bagmati", "adm2_pcode": "NP0330", "adm2_name": "Dhading", "adm3_pcode": "NP0330407", "adm3_name": "Siddhalek", "adm4_pcode": null, "adm4_name": null, "name_latin": null }, "geometry": { "type": "Polygon", "coordinates": [ [ [ 84.8602764, 27.8039282 ], [ 84.861017, 27.8037026 ], [ 84.8611179, 27.8035142 ], [ 84.8615205, 27.803063 ], [ 84.8620172, 27.8030575 ], [ 84.8625398, 27.8027581 ], [ 84.8627597, 27.8027913 ], [ 84.86269, 27.8031282 ], [ 84.8619474, 27.8039544 ], [ 84.8616686, 27.8041536 ], [ 84.8614432, 27.8042628 ], [ 84.8610033, 27.8040018 ], [ 84.8603618, 27.8041342 ], [ 84.8602764, 27.8039282 ] ] ] } },
{ "type": "Feature", "properties": { "id": "way/593355436", "name": null, "name_en": null, "name_ne": null, "status": "Standing", "landuse": "residential", "population": null, "source": null, "adm0_pcode": "NPL", "adm0_name": "Nepal", "adm1_pcode": "NP03", "adm1_name": "Bagmati", "adm2_pcode": "NP0330", "adm2_name": "Dhading", "adm3_pcode": "NP0330407", "adm3_name": "Siddhalek", "adm4_pcode": null, "adm4_name": null, "name_latin": null }, "geometry": { "type": "Polygon", "coordinates": [ [ [ 84.8607956, 27.8047786 ], [ 84.8608687, 27.8046324 ], [ 84.8611099, 27.8044197 ], [ 84.8612337, 27.8046532 ], [ 84.8610914, 27.8048366 ], [ 84.8608792, 27.8049135 ], [ 84.8607956, 27.8047786 ] ] ] } },
{ "type": "Feature", "properties": { "id": "way/345107813", "name": null, "name_en": null, "name_ne": null, "status": "Standing", "landuse": "residential", "population": null, "source": null, "adm0_pcode": "NPL", "adm0_name": "Nepal", "adm1_pcode": "NP03", "adm1_name": "Bagmati", "adm2_pcode": "NP0330", "adm2_name": "Dhading", "adm3_pcode": "NP0330408", "adm3_name": "Benighat Rorang", "adm4_pcode": null, "adm4_name": null, "name_latin": null }, "geometry": { "type": "Polygon", "coordinates": [ [ [ 84.8095615, 27.817804 ], [ 84.8098683, 27.8175637 ], [ 84.8100592, 27.817787 ], [ 84.8102094, 27.8177418 ], [ 84.8103453, 27.81791 ], [ 84.8102222, 27.8180089 ], [ 84.8106638, 27.8183348 ], [ 84.8110084, 27.8188158 ], [ 84.810525, 27.819091 ], [ 84.8102367, 27.8189128 ], [ 84.8102575, 27.8186612 ], [ 84.8103278, 27.8185481 ], [ 84.8101072, 27.8182824 ], [ 84.8095615, 27.817804 ] ] ] } },
{ "type": "Feature", "properties": { "id": "way/1554599560", "name": null, "name_en": null, "name_ne": null, "status": "Standing", "landuse": "residential", "population": null, "source": null, "adm0_pcode": "NPL", "adm0_name": "Nepal", "adm1_pcode": "NP03", "adm1_name": "Bagmati", "adm2_pcode": "NP0335", "adm2_name": "Chitawan", "adm3_pcode": "NP0335401", "adm3_name": "Ichchha Kamana", "adm4_pcode": null, "adm4_name": null, "name_latin": null }, "geometry": { "type": "Polygon", "coordinates": [ [ [ 84.6476192, 27.8582778 ], [ 84.647783, 27.858033 ], [ 84.6476914, 27.8576556 ], [ 84.6478971, 27.8575975 ], [ 84.6483656, 27.8580901 ], [ 84.6477155, 27.8584119 ], [ 84.6476192, 27.8582778 ] ] ] } },
{ "type": "Feature", "properties": { "id": "way/344099516", "name": null, "name_en": null, "name_ne": null, "status": "Standing", "landuse": "residential", "population": null, "source": null, "adm0_pcode": "NPL", "adm0_name": "Nepal", "adm1_pcode": "NP03", "adm1_name": "Bagmati", "adm2_pcode": "NP0330", "adm2_name": "Dhading", "adm3_pcode": "NP0330408", "adm3_name": "Benighat Rorang", "adm4_pcode": null, "adm4_name": null, "name_latin": null }, "geometry": { "type": "Polygon", "coordinates": [ [ [ 84.8172473, 27.8146386 ], [ 84.8179676, 27.814537 ], [ 84.8184469, 27.814191 ], [ 84.8187387, 27.8137754 ], [ 84.8194152, 27.8138185 ], [ 84.819528, 27.8144163 ], [ 84.8191669, 27.8147814 ], [ 84.8183882, 27.8149582 ], [ 84.817919, 27.8152594 ], [ 84.8175401, 27.8151291 ], [ 84.8172473, 27.8146386 ] ] ] } },
{ "type": "Feature", "properties": { "id": "way/1554725970", "name": null, "name_en": null, "name_ne": null, "status": "Standing", "landuse": "residential", "population": null, "source": null, "adm0_pcode": "NPL", "adm0_name": "Nepal", "adm1_pcode": "NP04", "adm1_name": "Gandaki", "adm2_pcode": "NP0436", "adm2_name": "Gorkha", "adm3_pcode": "NP0436409", "adm3_name": "Gandaki", "adm4_pcode": null, "adm4_name": null, "name_latin": null }, "geometry": { "type": "Polygon", "coordinates": [ [ [ 84.6884376, 27.8124378 ], [ 84.6885234, 27.8119633 ], [ 84.6885931, 27.8113797 ], [ 84.6892208, 27.8107866 ], [ 84.6899772, 27.8103418 ], [ 84.6909106, 27.8100654 ], [ 84.692418, 27.8102836 ], [ 84.6937483, 27.8106158 ], [ 84.6930242, 27.8113939 ], [ 84.6918708, 27.8120013 ], [ 84.6908408, 27.8124947 ], [ 84.6897572, 27.8126798 ], [ 84.6890545, 27.8127462 ], [ 84.6884376, 27.8124378 ] ] ] } },
{ "type": "Feature", "properties": { "id": "way/1554413021", "name": null, "name_en": null, "name_ne": null, "status": "Standing", "landuse": "residential", "population": null, "source": null, "adm0_pcode": "NPL", "adm0_name": "Nepal", "adm1_pcode": "NP04", "adm1_name": "Gandaki", "adm2_pcode": "NP0436", "adm2_name": "Gorkha", "adm3_pcode": "NP0436409", "adm3_name": "Gandaki", "adm4_pcode": null, "adm4_name": null, "name_latin": null }, "geometry": { "type": "Polygon", "coordinates": [ [ [ 84.6677926, 27.8197456 ], [ 84.6678516, 27.819723 ], [ 84.6678691, 27.8194265 ], [ 84.6680716, 27.819423 ], [ 84.6686858, 27.8193198 ], [ 84.6686482, 27.8195902 ], [ 84.6681735, 27.8196993 ], [ 84.668034, 27.8199911 ], [ 84.6677926, 27.8199745 ], [ 84.6677926, 27.8197456 ] ] ] } },
{ "type": "Feature", "properties": { "id": "way/1554523284", "name": null, "name_en": null, "name_ne": null, "status": "Standing", "landuse": "residential", "population": null, "source": null, "adm0_pcode": "NPL", "adm0_name": "Nepal", "adm1_pcode": "NP03", "adm1_name": "Bagmati", "adm2_pcode": "NP0330", "adm2_name": "Dhading", "adm3_pcode": "NP0330407", "adm3_name": "Siddhalek", "adm4_pcode": null, "adm4_name": null, "name_latin": null }, "geometry": { "type": "Polygon", "coordinates": [ [ [ 84.8971848, 27.808458 ], [ 84.8978243, 27.8085048 ], [ 84.8978319, 27.8090437 ], [ 84.8972302, 27.8090482 ], [ 84.8971848, 27.808458 ] ] ] } },
{ "type": "Feature", "properties": { "id": "way/594029426", "name": null, "name_en": null, "name_ne": null, "status": "Standing", "landuse": "residential", "population": null, "source": null, "adm0_pcode": "NPL", "adm0_name": "Nepal", "adm1_pcode": "NP03", "adm1_name": "Bagmati", "adm2_pcode": "NP0330", "adm2_name": "Dhading", "adm3_pcode": "NP0330410", "adm3_name": "Galchhi", "adm4_pcode": null, "adm4_name": null, "name_latin": null }, "geometry": { "type": "Polygon", "coordinates": [ [ [ 84.9720374, 27.8065062 ], [ 84.9721546, 27.8062408 ], [ 84.9725367, 27.806451 ], [ 84.9728137, 27.8065706 ], [ 84.9726693, 27.8069814 ], [ 84.9729611, 27.8071677 ], [ 84.9729914, 27.8074324 ], [ 84.9728208, 27.8077621 ], [ 84.972692, 27.8078197 ], [ 84.9726155, 27.8082008 ], [ 84.9726004, 27.8085096 ], [ 84.9723278, 27.8085052 ], [ 84.9723352, 27.8081548 ], [ 84.9724579, 27.807667 ], [ 84.9723337, 27.8071194 ], [ 84.9723372, 27.8068263 ], [ 84.9722471, 27.8066416 ], [ 84.9720374, 27.8065062 ] ] ] } },
{ "type": "Feature", "properties": { "id": "way/594029427", "name": null, "name_en": null, "name_ne": null, "status": "Standing", "landuse": "residential", "population": null, "source": null, "adm0_pcode": "NPL", "adm0_name": "Nepal", "adm1_pcode": "NP03", "adm1_name": "Bagmati", "adm2_pcode": "NP0330", "adm2_name": "Dhading", "adm3_pcode": "NP0330410", "adm3_name": "Galchhi", "adm4_pcode": null, "adm4_name": null, "name_latin": null }, "geometry": { "type": "Polygon", "coordinates": [ [ [ 84.9727409, 27.8068082 ], [ 84.9730202, 27.8065602 ], [ 84.9731585, 27.8067184 ], [ 84.973256, 27.8067831 ], [ 84.9733211, 27.8068982 ], [ 84.9733211, 27.807078 ], [ 84.9733536, 27.8072865 ], [ 84.9732796, 27.8074324 ], [ 84.9730435, 27.8073821 ], [ 84.9731059, 27.8071933 ], [ 84.9730609, 27.8070276 ], [ 84.9727409, 27.8068082 ] ] ] } },
{ "type": "Feature", "properties": { "id": "way/1554524947", "name": null, "name_en": null, "name_ne": null, "status": "Standing", "landuse": "residential", "population": null, "source": null, "adm0_pcode": "NPL", "adm0_name": "Nepal", "adm1_pcode": "NP03", "adm1_name": "Bagmati", "adm2_pcode": "NP0330", "adm2_name": "Dhading", "adm3_pcode": "NP0330410", "adm3_name": "Galchhi", "adm4_pcode": null, "adm4_name": null, "name_latin": null }, "geometry": { "type": "Polygon", "coordinates": [ [ [ 84.9623502, 27.8173752 ], [ 84.9624882, 27.8172406 ], [ 84.962874, 27.817131 ], [ 84.9629342, 27.8173032 ], [ 84.9626262, 27.8174221 ], [ 84.9628421, 27.8177226 ], [ 84.9631571, 27.8174753 ], [ 84.9638862, 27.8173063 ], [ 84.9637411, 27.8169964 ], [ 84.96378, 27.816674 ], [ 84.9639287, 27.8164048 ], [ 84.964502, 27.8163078 ], [ 84.9648524, 27.8160886 ], [ 84.9650931, 27.81612 ], [ 84.9655572, 27.816356 ], [ 84.9654726, 27.8166156 ], [ 84.964955, 27.8167773 ], [ 84.9649869, 27.8169056 ], [ 84.9654824, 27.8171498 ], [ 84.9649692, 27.8175786 ], [ 84.9647179, 27.817444 ], [ 84.9643463, 27.8175066 ], [ 84.9642791, 27.8174566 ], [ 84.9634084, 27.8176757 ], [ 84.963189, 27.8179073 ], [ 84.9630226, 27.8181014 ], [ 84.9627006, 27.8180106 ], [ 84.9623502, 27.8173752 ] ] ] } },
{ "type": "Feature", "properties": { "id": "way/1554542860", "name": null, "name_en": null, "name_ne": null, "status": "Standing", "landuse": "residential", "population": null, "source": null, "adm0_pcode": "NPL", "adm0_name": "Nepal", "adm1_pcode": "NP03", "adm1_name": "Bagmati", "adm2_pcode": "NP0328", "adm2_name": "Nuwakot", "adm3_pcode": "NP0328302", "adm3_name": "Belkotgadhi", "adm4_pcode": null, "adm4_name": null, "name_latin": null }, "geometry": { "type": "Polygon", "coordinates": [ [ [ 85.0107966, 27.8253478 ], [ 85.0143875, 27.8252498 ], [ 85.0142051, 27.8266589 ], [ 85.0155445, 27.8278601 ], [ 85.0169447, 27.8285262 ], [ 85.0155453, 27.8287177 ], [ 85.0141425, 27.8276657 ], [ 85.013299, 27.827287 ], [ 85.0132233, 27.8266404 ], [ 85.0118674, 27.8268703 ], [ 85.0109023, 27.8262238 ], [ 85.0107966, 27.8253478 ] ] ] } },
{ "type": "Feature", "properties": { "id": "way/1554542866", "name": null, "name_en": null, "name_ne": null, "status": "Standing", "landuse": "residential", "population": null, "source": null, "adm0_pcode": "NPL", "adm0_name": "Nepal", "adm1_pcode": "NP03", "adm1_name": "Bagmati", "adm2_pcode": "NP0328", "adm2_name": "Nuwakot", "adm3_pcode": "NP0328302", "adm3_name": "Belkotgadhi", "adm4_pcode": null, "adm4_name": null, "name_latin": null }, "geometry": { "type": "Polygon", "coordinates": [ [ [ 85.0249168, 27.8339082 ], [ 85.0251585, 27.8336107 ], [ 85.0254296, 27.83381 ], [ 85.0252075, 27.8341913 ], [ 85.0249168, 27.8339082 ] ] ] } },
{ "type": "Feature", "properties": { "id": "way/1554597215", "name": null, "name_en": null, "name_ne": null, "status": "Standing", "landuse": "residential", "population": null, "source": null, "adm0_pcode": "NPL", "adm0_name": "Nepal", "adm1_pcode": "NP03", "adm1_name": "Bagmati", "adm2_pcode": "NP0330", "adm2_name": "Dhading", "adm3_pcode": "NP0330407", "adm3_name": "Siddhalek", "adm4_pcode": null, "adm4_name": null, "name_latin": null }, "geometry": { "type": "Polygon", "coordinates": [ [ [ 84.9084005, 27.8060254 ], [ 84.9089787, 27.8058342 ], [ 84.9092931, 27.8070135 ], [ 84.9087289, 27.8070632 ], [ 84.9084005, 27.8060254 ] ] ] } },
{ "type": "Feature", "properties": { "id": "way/1554597222", "name": null, "name_en": null, "name_ne": null, "status": "Standing", "landuse": "residential", "population": null, "source": null, "adm0_pcode": "NPL", "adm0_name": "Nepal", "adm1_pcode": "NP03", "adm1_name": "Bagmati", "adm2_pcode": "NP0330", "adm2_name": "Dhading", "adm3_pcode": "NP0330407", "adm3_name": "Siddhalek", "adm4_pcode": null, "adm4_name": null, "name_latin": null }, "geometry": { "type": "Polygon", "coordinates": [ [ [ 84.90467, 27.8065203 ], [ 84.9052872, 27.8062333 ], [ 84.9053847, 27.8063496 ], [ 84.9048078, 27.8066291 ], [ 84.90467, 27.8065203 ] ] ] } },
{ "type": "Feature", "properties": { "id": "way/341675376", "name": null, "name_en": null, "name_ne": null, "status": "Standing", "landuse": "residential", "population": null, "source": "Bing", "adm0_pcode": "NPL", "adm0_name": "Nepal", "adm1_pcode": "NP03", "adm1_name": "Bagmati", "adm2_pcode": "NP0330", "adm2_name": "Dhading", "adm3_pcode": "NP0330407", "adm3_name": "Siddhalek", "adm4_pcode": null, "adm4_name": null, "name_latin": null }, "geometry": { "type": "Polygon", "coordinates": [ [ [ 84.9366653, 27.8062109 ], [ 84.9369043, 27.806023 ], [ 84.9370712, 27.8061068 ], [ 84.9375491, 27.8065866 ], [ 84.9384288, 27.806708 ], [ 84.938685, 27.8067724 ], [ 84.9388016, 27.8067174 ], [ 84.9389156, 27.8068337 ], [ 84.9392232, 27.8070358 ], [ 84.9393418, 27.8071189 ], [ 84.9391796, 27.8072891 ], [ 84.939289, 27.807343 ], [ 84.9393085, 27.8076 ], [ 84.939566, 27.8078065 ], [ 84.93979, 27.80767 ], [ 84.9402581, 27.808084 ], [ 84.9405692, 27.8084873 ], [ 84.9405048, 27.8089144 ], [ 84.940445, 27.8089735 ], [ 84.9404136, 27.8090045 ], [ 84.9402148, 27.809 ], [ 84.9401306, 27.8089146 ], [ 84.9401007, 27.8088016 ], [ 84.9400111, 27.8085047 ], [ 84.9399255, 27.8085158 ], [ 84.9399201, 27.8085111 ], [ 84.9398021, 27.8082548 ], [ 84.93975, 27.8082314 ], [ 84.9395983, 27.8083414 ], [ 84.9393823, 27.8082311 ], [ 84.9389545, 27.8085775 ], [ 84.938976, 27.8087602 ], [ 84.9386903, 27.8089843 ], [ 84.938534, 27.8088392 ], [ 84.9386125, 27.8087756 ], [ 84.9384073, 27.8085632 ], [ 84.9384878, 27.8084446 ], [ 84.9386643, 27.8083245 ], [ 84.938748, 27.8083533 ], [ 84.9388526, 27.8083972 ], [ 84.9389599, 27.808288 ], [ 84.9388633, 27.8081884 ], [ 84.9389223, 27.8080698 ], [ 84.9391004, 27.8079924 ], [ 84.9391356, 27.8079511 ], [ 84.9388647, 27.8076807 ], [ 84.9386957, 27.8078159 ], [ 84.9385522, 27.8076902 ], [ 84.9385146, 27.8075573 ], [ 84.9385897, 27.8074387 ], [ 84.9386581, 27.8073569 ], [ 84.9383956, 27.8071814 ], [ 84.9385736, 27.8069737 ], [ 84.9382947, 27.8068503 ], [ 84.9380828, 27.806931 ], [ 84.9379675, 27.8070156 ], [ 84.9378038, 27.8070116 ], [ 84.9378147, 27.8067846 ], [ 84.9375643, 27.8067645 ], [ 84.9374998, 27.8069155 ], [ 84.9369991, 27.8066806 ], [ 84.9366653, 27.8062109 ] ] ] } },
{ "type": "Feature", "properties": { "id": "way/303449843", "name": null, "name_en": null, "name_ne": null, "status": "Standing", "landuse": "residential", "population": null, "source": null, "adm0_pcode": "NPL", "adm0_name": "Nepal", "adm1_pcode": "NP03", "adm1_name": "Bagmati", "adm2_pcode": "NP0330", "adm2_name": "Dhading", "adm3_pcode": "NP0330410", "adm3_name": "Galchhi", "adm4_pcode": null, "adm4_name": null, "name_latin": null }, "geometry": { "type": "Polygon", "coordinates": [ [ [ 84.9987422, 27.805222 ], [ 84.9988492, 27.8051121 ], [ 84.9994321, 27.8052556 ], [ 84.9994356, 27.8053241 ], [ 84.9995992, 27.8053418 ], [ 84.9996024, 27.8054786 ], [ 84.9998192, 27.8054889 ], [ 84.9997977, 27.805693 ], [ 84.999626, 27.8056835 ], [ 84.999394, 27.8056408 ], [ 84.9991505, 27.8056979 ], [ 84.9991071, 27.8056102 ], [ 84.9989293, 27.8056061 ], [ 84.9988024, 27.8054101 ], [ 84.9987422, 27.805222 ] ] ] } },
{ "type": "Feature", "properties": { "id": "way/1554418042", "name": null, "name_en": null, "name_ne": null, "status": "Standing", "landuse": "residential", "population": null, "source": null, "adm0_pcode": "NPL", "adm0_name": "Nepal", "adm1_pcode": "NP03", "adm1_name": "Bagmati", "adm2_pcode": "NP0335", "adm2_name": "Chitawan", "adm3_pcode": "NP0335401", "adm3_name": "Ichchha Kamana", "adm4_pcode": null, "adm4_name": null, "name_latin": null }, "geometry": { "type": "Polygon", "coordinates": [ [ [ 84.5611224, 27.8602212 ], [ 84.5612417, 27.8599831 ], [ 84.5619302, 27.8597748 ], [ 84.5622209, 27.8598154 ], [ 84.5622332, 27.8599344 ], [ 84.5620955, 27.8602374 ], [ 84.5621558, 27.8606004 ], [ 84.5617895, 27.8607162 ], [ 84.5611224, 27.8602212 ] ] ] } },
{ "type": "Feature", "properties": { "id": "way/342368125", "name": null, "name_en": null, "name_ne": null, "status": "Standing", "landuse": "residential", "population": null, "source": null, "adm0_pcode": "NPL", "adm0_name": "Nepal", "adm1_pcode": "NP03", "adm1_name": "Bagmati", "adm2_pcode": "NP0335", "adm2_name": "Chitawan", "adm3_pcode": "NP0335401", "adm3_name": "Ichchha Kamana", "adm4_pcode": null, "adm4_name": null, "name_latin": null }, "geometry": { "type": "Polygon", "coordinates": [ [ [ 84.6411853, 27.8581391 ], [ 84.641254, 27.8578608 ], [ 84.6420501, 27.8578108 ], [ 84.64205, 27.8574748 ], [ 84.6424439, 27.8574861 ], [ 84.6424743, 27.8575112 ], [ 84.6426094, 27.8577404 ], [ 84.6422199, 27.858097 ], [ 84.6428496, 27.8580247 ], [ 84.6433078, 27.858034 ], [ 84.6438612, 27.8576865 ], [ 84.644368, 27.857811 ], [ 84.6446851, 27.8581501 ], [ 84.6447606, 27.8581443 ], [ 84.6447571, 27.8580771 ], [ 84.6447306, 27.8577399 ], [ 84.6447638, 27.8577036 ], [ 84.6449107, 27.8577048 ], [ 84.6452807, 27.8577821 ], [ 84.6459505, 27.8579995 ], [ 84.646411, 27.8580595 ], [ 84.6471643, 27.8580098 ], [ 84.6472253, 27.858253 ], [ 84.6463123, 27.8583647 ], [ 84.644795, 27.8584134 ], [ 84.6447922, 27.8583883 ], [ 84.6425139, 27.8584948 ], [ 84.6417842, 27.8584592 ], [ 84.6411853, 27.8581391 ] ] ] } },
{ "type": "Feature", "properties": { "id": "way/345313504", "name": null, "name_en": null, "name_ne": null, "status": "Standing", "landuse": "residential", "population": null, "source": null, "adm0_pcode": "NPL", "adm0_name": "Nepal", "adm1_pcode": "NP03", "adm1_name": "Bagmati", "adm2_pcode": "NP0335", "adm2_name": "Chitawan", "adm3_pcode": "NP0335401", "adm3_name": "Ichchha Kamana", "adm4_pcode": null, "adm4_name": null, "name_latin": null }, "geometry": { "type": "Polygon", "coordinates": [ [ [ 84.6584856, 27.84421 ], [ 84.6587861, 27.8434832 ], [ 84.6596816, 27.8438267 ], [ 84.6596914, 27.8433472 ], [ 84.6600223, 27.8431951 ], [ 84.6603629, 27.8431768 ], [ 84.6605247, 27.8432811 ], [ 84.6601528, 27.8435468 ], [ 84.6599552, 27.8438314 ], [ 84.6602261, 27.8440211 ], [ 84.660565, 27.8440402 ], [ 84.6604998, 27.8444603 ], [ 84.6601919, 27.8445688 ], [ 84.6600781, 27.8444955 ], [ 84.6597667, 27.8446219 ], [ 84.6584856, 27.84421 ] ] ] } },
{ "type": "Feature", "properties": { "id": "way/1554599570", "name": null, "name_en": null, "name_ne": null, "status": "Standing", "landuse": "residential", "population": null, "source": null, "adm0_pcode": "NPL", "adm0_name": "Nepal", "adm1_pcode": "NP04", "adm1_name": "Gandaki", "adm2_pcode": "NP0436", "adm2_name": "Gorkha", "adm3_pcode": "NP0436409", "adm3_name": "Gandaki", "adm4_pcode": null, "adm4_name": null, "name_latin": null }, "geometry": { "type": "Polygon", "coordinates": [ [ [ 84.6548475, 27.8535438 ], [ 84.6548687, 27.8532997 ], [ 84.6553016, 27.8533153 ], [ 84.6556717, 27.8533651 ], [ 84.6560767, 27.8529335 ], [ 84.6559587, 27.8527438 ], [ 84.656166, 27.8526105 ], [ 84.6563405, 27.8529114 ], [ 84.6556188, 27.8535914 ], [ 84.6548475, 27.8535438 ] ] ] } },
{ "type": "Feature", "properties": { "id": "way/1553974286", "name": null, "name_en": null, "name_ne": null, "status": "Standing", "landuse": "residential", "population": null, "source": null, "adm0_pcode": "NPL", "adm0_name": "Nepal", "adm1_pcode": "NP03", "adm1_name": "Bagmati", "adm2_pcode": "NP0328", "adm2_name": "Nuwakot", "adm3_pcode": "NP0328402", "adm3_name": "Kispang", "adm4_pcode": null, "adm4_name": null, "name_latin": null }, "geometry": { "type": "Polygon", "coordinates": [ [ [ 85.1833816, 28.0037671 ], [ 85.1836297, 28.0036839 ], [ 85.1839115, 28.0036282 ], [ 85.1839301, 28.0037774 ], [ 85.1840144, 28.0041763 ], [ 85.1836094, 28.0043057 ], [ 85.1838662, 28.0044964 ], [ 85.1838695, 28.0045855 ], [ 85.1839508, 28.0047799 ], [ 85.1839415, 28.0047868 ], [ 85.1838294, 28.004832 ], [ 85.183755, 28.0046749 ], [ 85.1836817, 28.0045751 ], [ 85.18362, 28.0045146 ], [ 85.1834128, 28.0044222 ], [ 85.1833927, 28.0043553 ], [ 85.1836202, 28.0041708 ], [ 85.1835353, 28.0039579 ], [ 85.1833816, 28.0037671 ] ] ] } },
{ "type": "Feature", "properties": { "id": "way/1554192767", "name": null, "name_en": null, "name_ne": null, "status": "Standing", "landuse": "residential", "population": null, "source": null, "adm0_pcode": "NPL", "adm0_name": "Nepal", "adm1_pcode": "NP03", "adm1_name": "Bagmati", "adm2_pcode": "NP0329", "adm2_name": "Rasuwa", "adm3_pcode": "NP0329402", "adm3_name": "Gosaikunda", "adm4_pcode": null, "adm4_name": null, "name_latin": null }, "geometry": { "type": "Polygon", "coordinates": [ [ [ 85.3654888, 28.2523436 ], [ 85.3658475, 28.251325 ], [ 85.3663552, 28.2509779 ], [ 85.3672188, 28.2512378 ], [ 85.3676104, 28.2515449 ], [ 85.3671545, 28.2529673 ], [ 85.3671491, 28.2535107 ], [ 85.3673235, 28.2539218 ], [ 85.3673476, 28.2541203 ], [ 85.3672403, 28.2542289 ], [ 85.3674093, 28.2550511 ], [ 85.3677419, 28.2552094 ], [ 85.3682408, 28.2558804 ], [ 85.3682864, 28.2560812 ], [ 85.3679109, 28.256601 ], [ 85.3676587, 28.2570404 ], [ 85.3673082, 28.2573443 ], [ 85.3677365, 28.25795 ], [ 85.3673905, 28.2580989 ], [ 85.366728, 28.2573027 ], [ 85.3663686, 28.2565585 ], [ 85.3660968, 28.2565186 ], [ 85.3659824, 28.2561474 ], [ 85.3662533, 28.256034 ], [ 85.3660333, 28.2554244 ], [ 85.3658517, 28.2536463 ], [ 85.3657383, 28.2533571 ], [ 85.3656685, 28.253213 ], [ 85.3656578, 28.2530571 ], [ 85.3654888, 28.2523436 ] ] ] } },
{ "type": "Feature", "properties": { "id": "way/1554505537", "name": null, "name_en": null, "name_ne": null, "status": "Standing", "landuse": "residential", "population": null, "source": null, "adm0_pcode": "NPL", "adm0_name": "Nepal", "adm1_pcode": "NP03", "adm1_name": "Bagmati", "adm2_pcode": "NP0329", "adm2_name": "Rasuwa", "adm3_pcode": "NP0329402", "adm3_name": "Gosaikunda", "adm4_pcode": null, "adm4_name": null, "name_latin": null }, "geometry": { "type": "Polygon", "coordinates": [ [ [ 85.3573751, 28.2391637 ], [ 85.3574663, 28.2383626 ], [ 85.3578955, 28.2383248 ], [ 85.357984, 28.2384524 ], [ 85.3579411, 28.2391046 ], [ 85.3580055, 28.2395347 ], [ 85.3581154, 28.2397899 ], [ 85.3578928, 28.2398513 ], [ 85.3577507, 28.2396126 ], [ 85.3573751, 28.2391637 ] ] ] } },
{ "type": "Feature", "properties": { "id": "way/1554528314", "name": null, "name_en": null, "name_ne": null, "status": "Standing", "landuse": "residential", "population": null, "source": null, "adm0_pcode": "NPL", "adm0_name": "Nepal", "adm1_pcode": "NP03", "adm1_name": "Bagmati", "adm2_pcode": "NP0328", "adm2_name": "Nuwakot", "adm3_pcode": "NP0328403", "adm3_name": "Tarakeshwor", "adm4_pcode": null, "adm4_name": null, "name_latin": null }, "geometry": { "type": "Polygon", "coordinates": [ [ [ 85.0386437, 27.8561585 ], [ 85.0386791, 27.8560521 ], [ 85.0387168, 27.8559457 ], [ 85.038882, 27.8559165 ], [ 85.0390141, 27.8559207 ], [ 85.0390967, 27.856025 ], [ 85.039125, 27.856098 ], [ 85.0391415, 27.8561793 ], [ 85.0391274, 27.8562565 ], [ 85.0391061, 27.8563525 ], [ 85.0390259, 27.8564505 ], [ 85.0388655, 27.8564526 ], [ 85.0386909, 27.8563379 ], [ 85.038646, 27.856267 ], [ 85.0386437, 27.8561585 ] ] ] } },
{ "type": "Feature", "properties": { "id": "way/345107816", "name": null, "name_en": null, "name_ne": null, "status": "Standing", "landuse": "residential", "population": null, "source": null, "adm0_pcode": "NPL", "adm0_name": "Nepal", "adm1_pcode": "NP03", "adm1_name": "Bagmati", "adm2_pcode": "NP0330", "adm2_name": "Dhading", "adm3_pcode": "NP0330407", "adm3_name": "Siddhalek", "adm4_pcode": null, "adm4_name": null, "name_latin": null }, "geometry": { "type": "Polygon", "coordinates": [ [ [ 84.7765606, 27.8145137 ], [ 84.7768601, 27.8140214 ], [ 84.7772222, 27.8143344 ], [ 84.7775099, 27.8140488 ], [ 84.7773893, 27.8138812 ], [ 84.7775701, 27.8137613 ], [ 84.7779885, 27.8132942 ], [ 84.7787207, 27.8138208 ], [ 84.7782324, 27.814259 ], [ 84.7781293, 27.8143748 ], [ 84.7780267, 27.814405 ], [ 84.7781988, 27.8146898 ], [ 84.7776944, 27.8147408 ], [ 84.7773264, 27.8149328 ], [ 84.7766948, 27.814863 ], [ 84.776567, 27.8148284 ], [ 84.7765606, 27.8145137 ] ] ] } },
{ "type": "Feature", "properties": { "id": "way/1554528791", "name": null, "name_en": null, "name_ne": null, "status": "Standing", "landuse": "residential", "population": null, "source": null, "adm0_pcode": "NPL", "adm0_name": "Nepal", "adm1_pcode": "NP03", "adm1_name": "Bagmati", "adm2_pcode": "NP0328", "adm2_name": "Nuwakot", "adm3_pcode": "NP0328302", "adm3_name": "Belkotgadhi", "adm4_pcode": null, "adm4_name": null, "name_latin": null }, "geometry": { "type": "Polygon", "coordinates": [ [ [ 85.048085, 27.8517469 ], [ 85.0481636, 27.8516014 ], [ 85.0483997, 27.8515856 ], [ 85.0485606, 27.8515856 ], [ 85.0487394, 27.851456 ], [ 85.0489683, 27.8513453 ], [ 85.0491578, 27.8512979 ], [ 85.0493724, 27.8512915 ], [ 85.0496013, 27.8513516 ], [ 85.0497479, 27.8514528 ], [ 85.0498981, 27.8514749 ], [ 85.0500197, 27.851554 ], [ 85.0500626, 27.8517184 ], [ 85.0500957, 27.8518022 ], [ 85.0500898, 27.8518793 ], [ 85.0500529, 27.8519486 ], [ 85.0499376, 27.8519329 ], [ 85.0498548, 27.8518113 ], [ 85.0496877, 27.8517434 ], [ 85.0495118, 27.8517316 ], [ 85.0490758, 27.8518388 ], [ 85.0489486, 27.8518898 ], [ 85.0488422, 27.8519603 ], [ 85.0485732, 27.8518126 ], [ 85.048085, 27.8517469 ] ] ] } },
{ "type": "Feature", "properties": { "id": "way/593355441", "name": null, "name_en": null, "name_ne": null, "status": "Standing", "landuse": "residential", "population": null, "source": null, "adm0_pcode": "NPL", "adm0_name": "Nepal", "adm1_pcode": "NP03", "adm1_name": "Bagmati", "adm2_pcode": "NP0330", "adm2_name": "Dhading", "adm3_pcode": "NP0330407", "adm3_name": "Siddhalek", "adm4_pcode": null, "adm4_name": null, "name_latin": null }, "geometry": { "type": "Polygon", "coordinates": [ [ [ 84.866205, 27.8010313 ], [ 84.8662165, 27.8008734 ], [ 84.866857, 27.8008996 ], [ 84.8672872, 27.8008638 ], [ 84.8675126, 27.8009217 ], [ 84.8675451, 27.8011173 ], [ 84.8664833, 27.8011392 ], [ 84.866205, 27.8010313 ] ] ] } },
{ "type": "Feature", "properties": { "id": "way/1193913508", "name": null, "name_en": null, "name_ne": null, "status": "Standing", "landuse": "residential", "population": null, "source": null, "adm0_pcode": "NPL", "adm0_name": "Nepal", "adm1_pcode": "NP03", "adm1_name": "Bagmati", "adm2_pcode": "NP0330", "adm2_name": "Dhading", "adm3_pcode": "NP0330407", "adm3_name": "Siddhalek", "adm4_pcode": null, "adm4_name": null, "name_latin": null }, "geometry": { "type": "Polygon", "coordinates": [ [ [ 84.8695578, 27.8068768 ], [ 84.8695899, 27.8065648 ], [ 84.8696235, 27.8064842 ], [ 84.8696771, 27.8063109 ], [ 84.8697817, 27.8060109 ], [ 84.8698917, 27.8056716 ], [ 84.870007, 27.8053845 ], [ 84.8701036, 27.8049361 ], [ 84.8703611, 27.8049598 ], [ 84.870463, 27.8052683 ], [ 84.8702538, 27.8056906 ], [ 84.8699601, 27.806432 ], [ 84.8699601, 27.8066479 ], [ 84.8699494, 27.8068293 ], [ 84.870184, 27.8071117 ], [ 84.870345, 27.8073869 ], [ 84.8705864, 27.807572 ], [ 84.8708224, 27.8077238 ], [ 84.8711336, 27.8078614 ], [ 84.8715681, 27.8081058 ], [ 84.8713911, 27.8082386 ], [ 84.8710504, 27.808203 ], [ 84.8709364, 27.8081579 ], [ 84.8707741, 27.8081935 ], [ 84.8703262, 27.8078566 ], [ 84.8700044, 27.8075743 ], [ 84.8699225, 27.8074118 ], [ 84.8698394, 27.8072493 ], [ 84.8696985, 27.8069871 ], [ 84.8695578, 27.8068768 ] ] ] } },
{ "type": "Feature", "properties": { "id": "way/1554536013", "name": null, "name_en": null, "name_ne": null, "status": "Standing", "landuse": "residential", "population": null, "source": null, "adm0_pcode": "NPL", "adm0_name": "Nepal", "adm1_pcode": "NP03", "adm1_name": "Bagmati", "adm2_pcode": "NP0328", "adm2_name": "Nuwakot", "adm3_pcode": "NP0328403", "adm3_name": "Tarakeshwor", "adm4_pcode": null, "adm4_name": null, "name_latin": null }, "geometry": { "type": "Polygon", "coordinates": [ [ [ 85.0300384, 27.8544121 ], [ 85.0300585, 27.8542935 ], [ 85.0301188, 27.8543054 ], [ 85.0302489, 27.8542924 ], [ 85.0303723, 27.8542509 ], [ 85.0304393, 27.854405 ], [ 85.0304072, 27.8545236 ], [ 85.0302945, 27.8544916 ], [ 85.0300384, 27.8544121 ] ] ] } },
{ "type": "Feature", "properties": { "id": "way/1554536017", "name": null, "name_en": null, "name_ne": null, "status": "Standing", "landuse": "residential", "population": null, "source": null, "adm0_pcode": "NPL", "adm0_name": "Nepal", "adm1_pcode": "NP03", "adm1_name": "Bagmati", "adm2_pcode": "NP0328", "adm2_name": "Nuwakot", "adm3_pcode": "NP0328302", "adm3_name": "Belkotgadhi", "adm4_pcode": null, "adm4_name": null, "name_latin": null }, "geometry": { "type": "Polygon", "coordinates": [ [ [ 85.01652, 27.8441587 ], [ 85.0166112, 27.844065 ], [ 85.016638, 27.8440828 ], [ 85.0168057, 27.8439808 ], [ 85.0169358, 27.8438824 ], [ 85.0168794, 27.8438041 ], [ 85.016913, 27.8436417 ], [ 85.0170538, 27.8436334 ], [ 85.0171208, 27.8436073 ], [ 85.017098, 27.8434353 ], [ 85.0169465, 27.8432337 ], [ 85.0169666, 27.8431839 ], [ 85.0170363, 27.8431116 ], [ 85.0170927, 27.8430132 ], [ 85.0171369, 27.8429906 ], [ 85.0171785, 27.8430428 ], [ 85.0171584, 27.8432278 ], [ 85.0173193, 27.8434128 ], [ 85.0173354, 27.8436713 ], [ 85.0172107, 27.8438634 ], [ 85.0170404, 27.8440318 ], [ 85.0168902, 27.8441765 ], [ 85.0167279, 27.8442524 ], [ 85.0165281, 27.8442038 ], [ 85.01652, 27.8441587 ] ] ] } },
{ "type": "Feature", "properties": { "id": "way/340489105", "name": null, "name_en": null, "name_ne": null, "status": "Standing", "landuse": "residential", "population": null, "source": null, "adm0_pcode": "NPL", "adm0_name": "Nepal", "adm1_pcode": "NP03", "adm1_name": "Bagmati", "adm2_pcode": "NP0330", "adm2_name": "Dhading", "adm3_pcode": "NP0330410", "adm3_name": "Galchhi", "adm4_pcode": null, "adm4_name": null, "name_latin": null }, "geometry": { "type": "Polygon", "coordinates": [ [ [ 84.9514401, 27.8129566 ], [ 84.9518642, 27.8130012 ], [ 84.9519817, 27.8130339 ], [ 84.9519795, 27.8135283 ], [ 84.9521987, 27.8136581 ], [ 84.9525978, 27.8140042 ], [ 84.9528208, 27.814179 ], [ 84.9530615, 27.8143105 ], [ 84.953351, 27.8144351 ], [ 84.9537521, 27.8146514 ], [ 84.9542197, 27.8149663 ], [ 84.9545249, 27.8151774 ], [ 84.954832, 27.8153868 ], [ 84.9553044, 27.8157184 ], [ 84.9552888, 27.8158496 ], [ 84.9547968, 27.8156913 ], [ 84.9546305, 27.8155183 ], [ 84.9543552, 27.8154012 ], [ 84.9542472, 27.8153047 ], [ 84.9540963, 27.8152432 ], [ 84.9538141, 27.8150462 ], [ 84.9535402, 27.8148732 ], [ 84.9532749, 27.8147781 ], [ 84.9531377, 27.8147981 ], [ 84.9530341, 27.8147829 ], [ 84.9526702, 27.814686 ], [ 84.9524777, 27.8146006 ], [ 84.9521734, 27.814488 ], [ 84.9520128, 27.8144333 ], [ 84.951778, 27.814089 ], [ 84.9516724, 27.8138433 ], [ 84.9516215, 27.8136304 ], [ 84.9514401, 27.8129566 ] ] ] } },
{ "type": "Feature", "properties": { "id": "way/1554549508", "name": null, "name_en": null, "name_ne": null, "status": "Standing", "landuse": "residential", "population": null, "source": null, "adm0_pcode": "NPL", "adm0_name": "Nepal", "adm1_pcode": "NP03", "adm1_name": "Bagmati", "adm2_pcode": "NP0330", "adm2_name": "Dhading", "adm3_pcode": "NP0330408", "adm3_name": "Benighat Rorang", "adm4_pcode": null, "adm4_name": null, "name_latin": null }, "geometry": { "type": "Polygon", "coordinates": [ [ [ 84.8076665, 27.8148877 ], [ 84.8078264, 27.8137835 ], [ 84.8083276, 27.8137672 ], [ 84.8088549, 27.8151353 ], [ 84.8076665, 27.8148877 ] ] ] } },
{ "type": "Feature", "properties": { "id": "way/1554563921", "name": null, "name_en": null, "name_ne": null, "status": "Standing", "landuse": "residential", "population": null, "source": null, "adm0_pcode": "NPL", "adm0_name": "Nepal", "adm1_pcode": "NP03", "adm1_name": "Bagmati", "adm2_pcode": "NP0330", "adm2_name": "Dhading", "adm3_pcode": "NP0330410", "adm3_name": "Galchhi", "adm4_pcode": null, "adm4_name": null, "name_latin": null }, "geometry": { "type": "Polygon", "coordinates": [ [ [ 85.009792, 27.8034949 ], [ 85.0101631, 27.8035247 ], [ 85.0099832, 27.804024 ], [ 85.0098258, 27.8038599 ], [ 85.009792, 27.8034949 ] ] ] } },
{ "type": "Feature", "properties": { "id": "way/594010906", "name": null, "name_en": null, "name_ne": null, "status": "Standing", "landuse": "residential", "population": null, "source": null, "adm0_pcode": "NPL", "adm0_name": "Nepal", "adm1_pcode": "NP03", "adm1_name": "Bagmati", "adm2_pcode": "NP0330", "adm2_name": "Dhading", "adm3_pcode": "NP0330409", "adm3_name": "Gajuri", "adm4_pcode": null, "adm4_name": null, "name_latin": null }, "geometry": { "type": "Polygon", "coordinates": [ [ [ 84.9320666, 27.8001582 ], [ 84.9323341, 27.7998687 ], [ 84.9327428, 27.799753 ], [ 84.9328752, 27.7997026 ], [ 84.9332794, 27.7999353 ], [ 84.9335857, 27.8001055 ], [ 84.9334289, 27.8005995 ], [ 84.9328574, 27.8007227 ], [ 84.9320666, 27.8001582 ] ] ] } },
{ "type": "Feature", "properties": { "id": "way/1554549504", "name": null, "name_en": null, "name_ne": null, "status": "Standing", "landuse": "residential", "population": null, "source": null, "adm0_pcode": "NPL", "adm0_name": "Nepal", "adm1_pcode": "NP03", "adm1_name": "Bagmati", "adm2_pcode": "NP0330", "adm2_name": "Dhading", "adm3_pcode": "NP0330408", "adm3_name": "Benighat Rorang", "adm4_pcode": null, "adm4_name": null, "name_latin": null }, "geometry": { "type": "Polygon", "coordinates": [ [ [ 84.812753, 27.8178182 ], [ 84.8131638, 27.8170046 ], [ 84.8137086, 27.8163226 ], [ 84.8141254, 27.816499 ], [ 84.8134913, 27.8175101 ], [ 84.814825, 27.8172514 ], [ 84.815382, 27.8165745 ], [ 84.8155612, 27.8165453 ], [ 84.815427, 27.81743 ], [ 84.8131846, 27.8180762 ], [ 84.812753, 27.8178182 ] ] ] } },
{ "type": "Feature", "properties": { "id": "way/1554605416", "name": null, "name_en": null, "name_ne": null, "status": "Standing", "landuse": "residential", "population": null, "source": null, "adm0_pcode": "NPL", "adm0_name": "Nepal", "adm1_pcode": "NP03", "adm1_name": "Bagmati", "adm2_pcode": "NP0330", "adm2_name": "Dhading", "adm3_pcode": "NP0330408", "adm3_name": "Benighat Rorang", "adm4_pcode": null, "adm4_name": null, "name_latin": null }, "geometry": { "type": "Polygon", "coordinates": [ [ [ 84.8181433, 27.8072728 ], [ 84.8181961, 27.8069925 ], [ 84.8189648, 27.8068576 ], [ 84.8198508, 27.8068706 ], [ 84.8198068, 27.8073299 ], [ 84.8181433, 27.8072728 ] ] ] } },
{ "type": "Feature", "properties": { "id": "way/341680197", "name": null, "name_en": null, "name_ne": null, "status": "Standing", "landuse": "residential", "population": null, "source": null, "adm0_pcode": "NPL", "adm0_name": "Nepal", "adm1_pcode": "NP03", "adm1_name": "Bagmati", "adm2_pcode": "NP0328", "adm2_name": "Nuwakot", "adm3_pcode": "NP0328302", "adm3_name": "Belkotgadhi", "adm4_pcode": null, "adm4_name": null, "name_latin": null }, "geometry": { "type": "Polygon", "coordinates": [ [ [ 85.0567773, 27.8550062 ], [ 85.0572681, 27.854392 ], [ 85.0580077, 27.8546094 ], [ 85.0586979, 27.8546796 ], [ 85.0588284, 27.8543574 ], [ 85.059687, 27.8545229 ], [ 85.0598028, 27.8545979 ], [ 85.0603302, 27.8544899 ], [ 85.0605603, 27.854379 ], [ 85.0605271, 27.8542353 ], [ 85.0609283, 27.8541541 ], [ 85.0611526, 27.8537491 ], [ 85.0614583, 27.8537428 ], [ 85.0615144, 27.8540271 ], [ 85.0619696, 27.8539842 ], [ 85.0619486, 27.8537088 ], [ 85.0623296, 27.8536572 ], [ 85.0626513, 27.8536094 ], [ 85.0627057, 27.8538183 ], [ 85.0629269, 27.8538074 ], [ 85.0630083, 27.8539596 ], [ 85.0638432, 27.8537515 ], [ 85.0638954, 27.8536693 ], [ 85.0640679, 27.8536502 ], [ 85.0642405, 27.8537782 ], [ 85.0643052, 27.8538845 ], [ 85.0647149, 27.8537619 ], [ 85.064792, 27.8538845 ], [ 85.0649152, 27.8538409 ], [ 85.0649029, 27.8537128 ], [ 85.0651032, 27.8536148 ], [ 85.0650908, 27.8535358 ], [ 85.0652665, 27.8533941 ], [ 85.0652418, 27.853089 ], [ 85.0653631, 27.8530862 ], [ 85.0653716, 27.8529601 ], [ 85.0655703, 27.8529721 ], [ 85.0661131, 27.8530799 ], [ 85.0666558, 27.8527982 ], [ 85.0667234, 27.8528747 ], [ 85.06661, 27.853032 ], [ 85.0668094, 27.8533362 ], [ 85.066511, 27.8536867 ], [ 85.0666957, 27.8540228 ], [ 85.0665059, 27.8541495 ], [ 85.0662308, 27.8541296 ], [ 85.0653731, 27.8541978 ], [ 85.0645917, 27.8545791 ], [ 85.0642589, 27.8546145 ], [ 85.0642004, 27.8544483 ], [ 85.0639847, 27.8545028 ], [ 85.0639419, 27.8542765 ], [ 85.0635914, 27.8543459 ], [ 85.0636813, 27.8547311 ], [ 85.0639442, 27.8546979 ], [ 85.0639656, 27.8548117 ], [ 85.0641614, 27.8548283 ], [ 85.0640273, 27.8550322 ], [ 85.0633246, 27.8552314 ], [ 85.0629035, 27.855248 ], [ 85.0628874, 27.8550986 ], [ 85.0632882, 27.8548814 ], [ 85.06322, 27.8545461 ], [ 85.0629787, 27.8546066 ], [ 85.0629744, 27.8546721 ], [ 85.06275, 27.8547211 ], [ 85.0627446, 27.8548149 ], [ 85.0625819, 27.8548454 ], [ 85.0624884, 27.8545745 ], [ 85.0622226, 27.8546632 ], [ 85.0622992, 27.8550459 ], [ 85.0621925, 27.855059 ], [ 85.0620557, 27.8549764 ], [ 85.0613748, 27.8550424 ], [ 85.0611136, 27.8550507 ], [ 85.0609551, 27.8552568 ], [ 85.0604794, 27.8553228 ], [ 85.060155, 27.8554099 ], [ 85.0600502, 27.8554671 ], [ 85.0599178, 27.8555216 ], [ 85.059964, 27.8558376 ], [ 85.0599443, 27.8559815 ], [ 85.0599439, 27.856007 ], [ 85.0599373, 27.8564336 ], [ 85.0598159, 27.8564439 ], [ 85.0598135, 27.8567577 ], [ 85.0594843, 27.8567226 ], [ 85.0593395, 27.8566504 ], [ 85.0593746, 27.8563283 ], [ 85.0591411, 27.8562602 ], [ 85.0591644, 27.8558225 ], [ 85.05898, 27.8557662 ], [ 85.0590334, 27.8550779 ], [ 85.058646, 27.8550833 ], [ 85.0585775, 27.8555263 ], [ 85.0578955, 27.8552897 ], [ 85.0573647, 27.8556702 ], [ 85.0568417, 27.855222 ], [ 85.0567773, 27.8550062 ] ] ] } },
{ "type": "Feature", "properties": { "id": "way/1554067151", "name": null, "name_en": null, "name_ne": null, "status": "Standing", "landuse": "residential", "population": null, "source": null, "adm0_pcode": "NPL", "adm0_name": "Nepal", "adm1_pcode": "NP03", "adm1_name": "Bagmati", "adm2_pcode": "NP0329", "adm2_name": "Rasuwa", "adm3_pcode": "NP0329402", "adm3_name": "Gosaikunda", "adm4_pcode": null, "adm4_name": null, "name_latin": null }, "geometry": { "type": "Polygon", "coordinates": [ [ [ 85.3208569, 28.1467194 ], [ 85.3209858, 28.146618 ], [ 85.320914, 28.1465387 ], [ 85.3211212, 28.1464043 ], [ 85.3211779, 28.14652 ], [ 85.321283, 28.1465544 ], [ 85.3213209, 28.1464978 ], [ 85.3213897, 28.1465134 ], [ 85.3216145, 28.1466 ], [ 85.3216065, 28.146677 ], [ 85.3215462, 28.1468449 ], [ 85.3212661, 28.1467678 ], [ 85.3211103, 28.1467978 ], [ 85.3210395, 28.1469169 ], [ 85.320954, 28.1468813 ], [ 85.3209632, 28.1468129 ], [ 85.3208569, 28.1467194 ] ] ] } },
{ "type": "Feature", "properties": { "id": "way/1554631866", "name": null, "name_en": null, "name_ne": null, "status": "Standing", "landuse": "residential", "population": null, "source": null, "adm0_pcode": "NPL", "adm0_name": "Nepal", "adm1_pcode": "NP03", "adm1_name": "Bagmati", "adm2_pcode": "NP0329", "adm2_name": "Rasuwa", "adm3_pcode": "NP0329402", "adm3_name": "Gosaikunda", "adm4_pcode": null, "adm4_name": null, "name_latin": null }, "geometry": { "type": "Polygon", "coordinates": [ [ [ 85.3559107, 28.2109035 ], [ 85.3559214, 28.2106861 ], [ 85.3567099, 28.2104686 ], [ 85.3566778, 28.2098919 ], [ 85.3570211, 28.2098682 ], [ 85.3570801, 28.2103693 ], [ 85.3573, 28.2105442 ], [ 85.3578311, 28.2108184 ], [ 85.3577399, 28.2111682 ], [ 85.3571391, 28.2112108 ], [ 85.3568789, 28.2114897 ], [ 85.3566402, 28.2116315 ], [ 85.3560179, 28.2112391 ], [ 85.3559107, 28.2109035 ] ] ] } },
{ "type": "Feature", "properties": { "id": "way/1554513260", "name": null, "name_en": null, "name_ne": null, "status": "Standing", "landuse": "residential", "population": null, "source": null, "adm0_pcode": "NPL", "adm0_name": "Nepal", "adm1_pcode": "NP03", "adm1_name": "Bagmati", "adm2_pcode": "NP0330", "adm2_name": "Dhading", "adm3_pcode": "NP0330408", "adm3_name": "Benighat Rorang", "adm4_pcode": null, "adm4_name": null, "name_latin": null }, "geometry": { "type": "Polygon", "coordinates": [ [ [ 84.7480566, 27.7996296 ], [ 84.7482741, 27.7995174 ], [ 84.7489558, 27.7999502 ], [ 84.7491438, 27.7996657 ], [ 84.7492751, 27.7997258 ], [ 84.7492276, 27.8000043 ], [ 84.7500418, 27.8001836 ], [ 84.7503396, 27.8001786 ], [ 84.7502671, 27.8005673 ], [ 84.7490758, 27.8005392 ], [ 84.7488063, 27.8006534 ], [ 84.7482106, 27.8003108 ], [ 84.748111, 27.7998701 ], [ 84.7480566, 27.7996296 ] ] ] } },
{ "type": "Feature", "properties": { "id": "way/1554533301", "name": null, "name_en": null, "name_ne": null, "status": "Standing", "landuse": "residential", "population": null, "source": null, "adm0_pcode": "NPL", "adm0_name": "Nepal", "adm1_pcode": "NP04", "adm1_name": "Gandaki", "adm2_pcode": "NP0436", "adm2_name": "Gorkha", "adm3_pcode": "NP0436409", "adm3_name": "Gandaki", "adm4_pcode": null, "adm4_name": null, "name_latin": null }, "geometry": { "type": "Polygon", "coordinates": [ [ [ 84.754955, 27.8168182 ], [ 84.7551039, 27.8163011 ], [ 84.7551347, 27.8162489 ], [ 84.755474, 27.8162026 ], [ 84.7555786, 27.8162038 ], [ 84.7556108, 27.8162975 ], [ 84.7554687, 27.8165976 ], [ 84.7553815, 27.8167672 ], [ 84.7555263, 27.8168515 ], [ 84.755753, 27.8169807 ], [ 84.7557382, 27.8170567 ], [ 84.7555733, 27.81704 ], [ 84.7552313, 27.8169286 ], [ 84.754955, 27.8168182 ] ] ] } },
{ "type": "Feature", "properties": { "id": "way/1554546942", "name": null, "name_en": null, "name_ne": null, "status": "Standing", "landuse": "residential", "population": null, "source": null, "adm0_pcode": "NPL", "adm0_name": "Nepal", "adm1_pcode": "NP03", "adm1_name": "Bagmati", "adm2_pcode": "NP0330", "adm2_name": "Dhading", "adm3_pcode": "NP0330408", "adm3_name": "Benighat Rorang", "adm4_pcode": null, "adm4_name": null, "name_latin": null }, "geometry": { "type": "Polygon", "coordinates": [ [ [ 84.7726831, 27.8075743 ], [ 84.772785, 27.8073323 ], [ 84.7733349, 27.8072612 ], [ 84.7735789, 27.8073537 ], [ 84.7740188, 27.8073632 ], [ 84.7742441, 27.8071639 ], [ 84.7745553, 27.8070215 ], [ 84.7750381, 27.8071876 ], [ 84.7749871, 27.8075577 ], [ 84.7748235, 27.8076526 ], [ 84.774389, 27.8076787 ], [ 84.7739464, 27.807719 ], [ 84.7737935, 27.8079682 ], [ 84.7736621, 27.8081935 ], [ 84.7730318, 27.8082956 ], [ 84.7730774, 27.8081674 ], [ 84.7729003, 27.8079254 ], [ 84.7726831, 27.8075743 ] ] ] } },
{ "type": "Feature", "properties": { "id": "way/340612242", "name": null, "name_en": null, "name_ne": null, "status": "Standing", "landuse": "residential", "population": null, "source": "Bing", "adm0_pcode": "NPL", "adm0_name": "Nepal", "adm1_pcode": "NP04", "adm1_name": "Gandaki", "adm2_pcode": "NP0436", "adm2_name": "Gorkha", "adm3_pcode": "NP0436408", "adm3_name": "Shahid Lakhan", "adm4_pcode": null, "adm4_name": null, "name_latin": null }, "geometry": { "type": "Polygon", "coordinates": [ [ [ 84.5961885, 27.8746429 ], [ 84.5965356, 27.8743532 ], [ 84.5969389, 27.8742075 ], [ 84.5972773, 27.8742755 ], [ 84.5981235, 27.8741871 ], [ 84.5976793, 27.8737235 ], [ 84.5977521, 27.8736369 ], [ 84.5981189, 27.8736012 ], [ 84.5986388, 27.8740042 ], [ 84.5989142, 27.8739306 ], [ 84.5993124, 27.8738429 ], [ 84.5992997, 27.8737768 ], [ 84.5991522, 27.8736582 ], [ 84.5989376, 27.8736298 ], [ 84.5987257, 27.8735895 ], [ 84.5987686, 27.873459 ], [ 84.5990556, 27.8734093 ], [ 84.5992702, 27.8735325 ], [ 84.5993721, 27.8731935 ], [ 84.5990476, 27.872871 ], [ 84.5990691, 27.8727098 ], [ 84.5988545, 27.872679 ], [ 84.5988303, 27.8725841 ], [ 84.59901, 27.8725438 ], [ 84.5993453, 27.8727145 ], [ 84.5996377, 27.8731176 ], [ 84.5994499, 27.8736653 ], [ 84.5995037, 27.8738008 ], [ 84.5999114, 27.8741193 ], [ 84.5999354, 27.8740992 ], [ 84.6002212, 27.8738818 ], [ 84.6000466, 27.8736703 ], [ 84.6002631, 27.8732662 ], [ 84.6004219, 27.8733047 ], [ 84.600519, 27.8729985 ], [ 84.6003259, 27.8729427 ], [ 84.5999964, 27.8729111 ], [ 84.6000499, 27.872677 ], [ 84.6003375, 27.8724786 ], [ 84.6004876, 27.8722048 ], [ 84.6008226, 27.8720358 ], [ 84.6012445, 27.8718053 ], [ 84.6013624, 27.8719135 ], [ 84.6019489, 27.8716983 ], [ 84.6017913, 27.8715259 ], [ 84.6018291, 27.8712718 ], [ 84.6022179, 27.8711292 ], [ 84.6023226, 27.8709434 ], [ 84.6024137, 27.8708514 ], [ 84.6025237, 27.870922 ], [ 84.6023655, 27.8711615 ], [ 84.6024889, 27.8713275 ], [ 84.6027678, 27.8712231 ], [ 84.6027464, 27.8711117 ], [ 84.602854, 27.8708726 ], [ 84.6030763, 27.8708082 ], [ 84.6031165, 27.8710263 ], [ 84.6034518, 27.8711568 ], [ 84.6035027, 27.8709315 ], [ 84.6032882, 27.8706991 ], [ 84.6032751, 27.8705886 ], [ 84.6030065, 27.870564 ], [ 84.6028751, 27.8703055 ], [ 84.6029127, 27.8700755 ], [ 84.6031728, 27.8700305 ], [ 84.6034062, 27.8702605 ], [ 84.6034919, 27.8705973 ], [ 84.6036964, 27.8706055 ], [ 84.6039485, 27.8710007 ], [ 84.6041586, 27.8708845 ], [ 84.6039014, 27.8703189 ], [ 84.6043022, 27.8701158 ], [ 84.6047256, 27.8700096 ], [ 84.6048412, 27.8697673 ], [ 84.6049565, 27.8697957 ], [ 84.6049472, 27.8700204 ], [ 84.6053875, 27.8702648 ], [ 84.6056403, 27.8706141 ], [ 84.6057439, 27.8710894 ], [ 84.6053384, 27.8713233 ], [ 84.6045885, 27.8716496 ], [ 84.6043824, 27.8713066 ], [ 84.6041323, 27.8714052 ], [ 84.6042252, 27.8717621 ], [ 84.603666, 27.8719587 ], [ 84.6026706, 27.8723208 ], [ 84.6021759, 27.8727871 ], [ 84.6024835, 27.8730157 ], [ 84.6022528, 27.8731911 ], [ 84.6021295, 27.8733618 ], [ 84.6020222, 27.8733239 ], [ 84.6017003, 27.873267 ], [ 84.6017379, 27.8730868 ], [ 84.6020007, 27.8730868 ], [ 84.6020541, 27.872902 ], [ 84.6014437, 27.8725924 ], [ 84.6013318, 27.8725918 ], [ 84.6011389, 27.8732419 ], [ 84.6012935, 27.8733111 ], [ 84.6016796, 27.8736358 ], [ 84.6014393, 27.8738626 ], [ 84.6012319, 27.8740165 ], [ 84.6011788, 27.8740986 ], [ 84.6007312, 27.8742143 ], [ 84.6004671, 27.8740524 ], [ 84.6004404, 27.8740955 ], [ 84.6003211, 27.8742816 ], [ 84.6000702, 27.8746731 ], [ 84.5999787, 27.8748567 ], [ 84.5999081, 27.874988 ], [ 84.5996308, 27.8753194 ], [ 84.5992839, 27.8754092 ], [ 84.5991634, 27.8750237 ], [ 84.5984981, 27.8751864 ], [ 84.5975245, 27.8748492 ], [ 84.597485, 27.8748477 ], [ 84.5974121, 27.8750763 ], [ 84.5967158, 27.8751119 ], [ 84.5965238, 27.8749411 ], [ 84.5962939, 27.8747366 ], [ 84.5961885, 27.8746429 ] ] ] } },
{ "type": "Feature", "properties": { "id": "way/1554351732", "name": null, "name_en": null, "name_ne": null, "status": "Standing", "landuse": "residential", "population": null, "source": null, "adm0_pcode": "NPL", "adm0_name": "Nepal", "adm1_pcode": "NP03", "adm1_name": "Bagmati", "adm2_pcode": "NP0329", "adm2_name": "Rasuwa", "adm3_pcode": "NP0329404", "adm3_name": "Kalika", "adm4_pcode": null, "adm4_name": null, "name_latin": null }, "geometry": { "type": "Polygon", "coordinates": [ [ [ 85.2277976, 28.0843951 ], [ 85.2278513, 28.0843028 ], [ 85.2281517, 28.0843076 ], [ 85.2283716, 28.0843312 ], [ 85.2284816, 28.0844779 ], [ 85.228495, 28.0847524 ], [ 85.2283984, 28.0847927 ], [ 85.2282777, 28.0847714 ], [ 85.2278835, 28.0846223 ], [ 85.2277976, 28.0843951 ] ] ] } },
{ "type": "Feature", "properties": { "id": "way/1553964327", "name": null, "name_en": null, "name_ne": null, "status": "Standing", "landuse": "residential", "population": null, "source": null, "adm0_pcode": "NPL", "adm0_name": "Nepal", "adm1_pcode": "NP03", "adm1_name": "Bagmati", "adm2_pcode": "NP0329", "adm2_name": "Rasuwa", "adm3_pcode": "NP0329402", "adm3_name": "Gosaikunda", "adm4_pcode": null, "adm4_name": null, "name_latin": null }, "geometry": { "type": "Polygon", "coordinates": [ [ [ 85.3322749, 28.1632636 ], [ 85.3322804, 28.163115 ], [ 85.3334445, 28.1625428 ], [ 85.3340346, 28.1619989 ], [ 85.3347722, 28.1617624 ], [ 85.3348795, 28.1618357 ], [ 85.3350967, 28.1620415 ], [ 85.335369, 28.1618582 ], [ 85.3355513, 28.1619788 ], [ 85.3356537, 28.1618221 ], [ 85.3359309, 28.1619445 ], [ 85.3361535, 28.1617885 ], [ 85.3360382, 28.1614598 ], [ 85.33589, 28.1609992 ], [ 85.3357676, 28.1607643 ], [ 85.3358129, 28.160735 ], [ 85.3357284, 28.1605683 ], [ 85.3358021, 28.1604358 ], [ 85.3359832, 28.1602892 ], [ 85.3358659, 28.1602006 ], [ 85.3360918, 28.1599877 ], [ 85.3363278, 28.1601601 ], [ 85.3365518, 28.1604867 ], [ 85.3368053, 28.1607422 ], [ 85.3366189, 28.1608887 ], [ 85.3368536, 28.1610459 ], [ 85.3369655, 28.1612369 ], [ 85.3369246, 28.1613888 ], [ 85.3368388, 28.1614148 ], [ 85.3368864, 28.1616986 ], [ 85.3367952, 28.1618127 ], [ 85.336765, 28.1622046 ], [ 85.3369986, 28.1626278 ], [ 85.337229, 28.1626878 ], [ 85.3373843, 28.1628127 ], [ 85.3374945, 28.1629687 ], [ 85.3382304, 28.1632797 ], [ 85.3388031, 28.1636609 ], [ 85.3389928, 28.1638582 ], [ 85.3400074, 28.1645316 ], [ 85.3409654, 28.1647372 ], [ 85.3417727, 28.1651108 ], [ 85.3419229, 28.1653307 ], [ 85.3420302, 28.1654868 ], [ 85.342049, 28.165709 ], [ 85.3419095, 28.1658698 ], [ 85.3417566, 28.1657469 ], [ 85.3416621, 28.1660288 ], [ 85.3416976, 28.1660519 ], [ 85.3415152, 28.1663073 ], [ 85.3417566, 28.166461 ], [ 85.3419471, 28.1664397 ], [ 85.3420946, 28.1666501 ], [ 85.3421161, 28.1669079 ], [ 85.3419203, 28.1674612 ], [ 85.3416708, 28.167707 ], [ 85.3414991, 28.1675794 ], [ 85.340968, 28.1669528 ], [ 85.3402396, 28.1663329 ], [ 85.3402519, 28.1653685 ], [ 85.3396377, 28.1651581 ], [ 85.3392788, 28.1653833 ], [ 85.3385018, 28.1652397 ], [ 85.3380794, 28.1647443 ], [ 85.337191, 28.1647812 ], [ 85.3365483, 28.1642964 ], [ 85.3359568, 28.1639807 ], [ 85.3352737, 28.1633326 ], [ 85.3349492, 28.1635809 ], [ 85.3353193, 28.1639805 ], [ 85.334858, 28.1642808 ], [ 85.3344262, 28.1640751 ], [ 85.3341633, 28.1642643 ], [ 85.334343, 28.1644936 ], [ 85.3340882, 28.1646544 ], [ 85.333635, 28.1642 ], [ 85.3334659, 28.1642288 ], [ 85.3333989, 28.1646639 ], [ 85.333229, 28.1646415 ], [ 85.3329261, 28.164094 ], [ 85.3325352, 28.1640916 ], [ 85.3322749, 28.1632636 ] ] ] } },
{ "type": "Feature", "properties": { "id": "way/341889627", "name": null, "name_en": null, "name_ne": null, "status": "Standing", "landuse": "residential", "population": null, "source": null, "adm0_pcode": "NPL", "adm0_name": "Nepal", "adm1_pcode": "NP03", "adm1_name": "Bagmati", "adm2_pcode": "NP0328", "adm2_name": "Nuwakot", "adm3_pcode": "NP0328301", "adm3_name": "Bidur", "adm4_pcode": null, "adm4_name": null, "name_latin": null }, "geometry": { "type": "Polygon", "coordinates": [ [ [ 85.1579672, 27.9482741 ], [ 85.1579904, 27.9473581 ], [ 85.158934, 27.9473734 ], [ 85.1600708, 27.9478139 ], [ 85.1603331, 27.9479737 ], [ 85.1605741, 27.9481729 ], [ 85.1605878, 27.9484893 ], [ 85.1607099, 27.9488351 ], [ 85.1607417, 27.9490855 ], [ 85.1609559, 27.9501789 ], [ 85.1607071, 27.9501956 ], [ 85.1606298, 27.9501541 ], [ 85.1605741, 27.950118 ], [ 85.1603511, 27.949948 ], [ 85.160374, 27.9503924 ], [ 85.1597847, 27.9504173 ], [ 85.1597559, 27.9507131 ], [ 85.1606346, 27.9506741 ], [ 85.1606945, 27.9510191 ], [ 85.1601328, 27.9511504 ], [ 85.1597274, 27.951199 ], [ 85.1596614, 27.9512223 ], [ 85.1595291, 27.9512445 ], [ 85.1595795, 27.9515895 ], [ 85.1600561, 27.9514085 ], [ 85.1604615, 27.9512309 ], [ 85.1606167, 27.9518831 ], [ 85.1600917, 27.9520184 ], [ 85.159958, 27.9518698 ], [ 85.159829, 27.9519412 ], [ 85.1597955, 27.9520538 ], [ 85.1598689, 27.9523322 ], [ 85.160213, 27.9523473 ], [ 85.1603565, 27.9528313 ], [ 85.1605532, 27.953439 ], [ 85.1608188, 27.9536885 ], [ 85.1606027, 27.9539524 ], [ 85.1600722, 27.954092 ], [ 85.1600318, 27.9539751 ], [ 85.1597824, 27.9535383 ], [ 85.159742, 27.953383 ], [ 85.1596888, 27.9530249 ], [ 85.159891, 27.9528854 ], [ 85.1598425, 27.952718 ], [ 85.1597804, 27.9525035 ], [ 85.1595552, 27.9524583 ], [ 85.1594216, 27.952171 ], [ 85.1591231, 27.9516064 ], [ 85.1594661, 27.9514982 ], [ 85.1593552, 27.9509557 ], [ 85.1591784, 27.9509926 ], [ 85.1590869, 27.9505732 ], [ 85.1592673, 27.9505355 ], [ 85.1591677, 27.950188 ], [ 85.1591943, 27.9500333 ], [ 85.158956, 27.9500117 ], [ 85.1585457, 27.9497862 ], [ 85.1585738, 27.9494377 ], [ 85.1593379, 27.9492752 ], [ 85.1593123, 27.9491728 ], [ 85.1590231, 27.9492555 ], [ 85.1590016, 27.9491039 ], [ 85.1589834, 27.9490066 ], [ 85.1593154, 27.9489581 ], [ 85.1592889, 27.9488163 ], [ 85.1589569, 27.9488648 ], [ 85.1589426, 27.9487887 ], [ 85.1588814, 27.9485437 ], [ 85.1591787, 27.9484665 ], [ 85.1590902, 27.9481229 ], [ 85.1587173, 27.9481656 ], [ 85.1587066, 27.948059 ], [ 85.1585073, 27.9480744 ], [ 85.1585671, 27.9483386 ], [ 85.158703, 27.9483541 ], [ 85.1586771, 27.948457 ], [ 85.1585564, 27.9485068 ], [ 85.1585859, 27.9486892 ], [ 85.1587279, 27.948708 ], [ 85.1587979, 27.9489375 ], [ 85.1585898, 27.9489974 ], [ 85.1586598, 27.9492759 ], [ 85.1582522, 27.9493526 ], [ 85.1581698, 27.9490359 ], [ 85.1582057, 27.9487545 ], [ 85.1580684, 27.948282 ], [ 85.1579672, 27.9482741 ] ] ] } },
{ "type": "Feature", "properties": { "id": "way/343687363", "name": null, "name_en": null, "name_ne": null, "status": "Standing", "landuse": "residential", "population": null, "source": "Bing", "adm0_pcode": "NPL", "adm0_name": "Nepal", "adm1_pcode": "NP03", "adm1_name": "Bagmati", "adm2_pcode": "NP0328", "adm2_name": "Nuwakot", "adm3_pcode": "NP0328301", "adm3_name": "Bidur", "adm4_pcode": null, "adm4_name": null, "name_latin": null }, "geometry": { "type": "Polygon", "coordinates": [ [ [ 85.1600069, 27.937608 ], [ 85.1601257, 27.9374993 ], [ 85.1603158, 27.9377285 ], [ 85.1604452, 27.9376613 ], [ 85.1602913, 27.9373727 ], [ 85.1606278, 27.937225 ], [ 85.1607299, 27.9372636 ], [ 85.1609133, 27.9375179 ], [ 85.1617958, 27.9375938 ], [ 85.1620372, 27.9373474 ], [ 85.1623094, 27.9368201 ], [ 85.1625146, 27.9363332 ], [ 85.1631834, 27.9362564 ], [ 85.1632853, 27.9364342 ], [ 85.1632196, 27.9365655 ], [ 85.16336, 27.9366203 ], [ 85.1634266, 27.9364873 ], [ 85.1635548, 27.9365284 ], [ 85.1636108, 27.9364689 ], [ 85.1638075, 27.9368426 ], [ 85.1631315, 27.9371602 ], [ 85.163035, 27.9374824 ], [ 85.163605, 27.9376268 ], [ 85.1634997, 27.9378664 ], [ 85.1632338, 27.9382872 ], [ 85.1631732, 27.9382991 ], [ 85.1630043, 27.9384146 ], [ 85.1630257, 27.9385431 ], [ 85.1625093, 27.938315 ], [ 85.1623044, 27.9386154 ], [ 85.1626312, 27.9387193 ], [ 85.1624361, 27.9390502 ], [ 85.1620866, 27.9391138 ], [ 85.1620766, 27.9392997 ], [ 85.1623681, 27.9394128 ], [ 85.1622828, 27.9396138 ], [ 85.1620389, 27.9398337 ], [ 85.1616097, 27.9397472 ], [ 85.1613898, 27.9394479 ], [ 85.1617232, 27.9393662 ], [ 85.1618314, 27.939171 ], [ 85.161719, 27.9389042 ], [ 85.161304, 27.9387034 ], [ 85.1610383, 27.9386915 ], [ 85.1609642, 27.938758 ], [ 85.1609303, 27.9387662 ], [ 85.1607007, 27.938757 ], [ 85.1606103, 27.9385677 ], [ 85.1609803, 27.9385049 ], [ 85.1609772, 27.9383824 ], [ 85.161694, 27.9383601 ], [ 85.1616307, 27.9377094 ], [ 85.1604306, 27.9379202 ], [ 85.1600069, 27.937608 ] ] ] } },
{ "type": "Feature", "properties": { "id": "way/342040341", "name": null, "name_en": null, "name_ne": null, "status": "Standing", "landuse": "residential", "population": null, "source": null, "adm0_pcode": "NPL", "adm0_name": "Nepal", "adm1_pcode": "NP03", "adm1_name": "Bagmati", "adm2_pcode": "NP0328", "adm2_name": "Nuwakot", "adm3_pcode": "NP0328301", "adm3_name": "Bidur", "adm4_pcode": null, "adm4_name": null, "name_latin": null }, "geometry": { "type": "Polygon", "coordinates": [ [ [ 85.1586108, 27.935883 ], [ 85.1586522, 27.9356085 ], [ 85.1590196, 27.9356126 ], [ 85.1590359, 27.9356783 ], [ 85.1589552, 27.9357529 ], [ 85.1588975, 27.9358867 ], [ 85.1586108, 27.935883 ] ] ] } },
{ "type": "Feature", "properties": { "id": "way/1553935492", "name": null, "name_en": null, "name_ne": null, "status": "Standing", "landuse": "residential", "population": null, "source": null, "adm0_pcode": "NPL", "adm0_name": "Nepal", "adm1_pcode": "NP03", "adm1_name": "Bagmati", "adm2_pcode": "NP0328", "adm2_name": "Nuwakot", "adm3_pcode": "NP0328301", "adm3_name": "Bidur", "adm4_pcode": null, "adm4_name": null, "name_latin": null }, "geometry": { "type": "Polygon", "coordinates": [ [ [ 85.1695428, 27.9592695 ], [ 85.1697761, 27.9591057 ], [ 85.1699746, 27.9591839 ], [ 85.1701073, 27.959159 ], [ 85.1702213, 27.9592324 ], [ 85.1702696, 27.9593177 ], [ 85.1702884, 27.9594469 ], [ 85.170735, 27.9600901 ], [ 85.170499, 27.9602432 ], [ 85.1703894, 27.9603277 ], [ 85.1706532, 27.9605982 ], [ 85.170566, 27.9606693 ], [ 85.1701798, 27.960404 ], [ 85.1700249, 27.9602298 ], [ 85.1698391, 27.9598946 ], [ 85.1700095, 27.959735 ], [ 85.1695428, 27.9592695 ] ] ] } },
{ "type": "Feature", "properties": { "id": "way/1553949574", "name": null, "name_en": null, "name_ne": null, "status": "Standing", "landuse": "residential", "population": null, "source": null, "adm0_pcode": "NPL", "adm0_name": "Nepal", "adm1_pcode": "NP03", "adm1_name": "Bagmati", "adm2_pcode": "NP0328", "adm2_name": "Nuwakot", "adm3_pcode": "NP0328301", "adm3_name": "Bidur", "adm4_pcode": null, "adm4_name": null, "name_latin": null }, "geometry": { "type": "Polygon", "coordinates": [ [ [ 85.1537963, 27.9235876 ], [ 85.1549238, 27.9227062 ], [ 85.1558628, 27.9236846 ], [ 85.1558661, 27.9240568 ], [ 85.1541677, 27.9242502 ], [ 85.1537963, 27.9235876 ] ] ] } },
{ "type": "Feature", "properties": { "id": "way/1553984504", "name": null, "name_en": null, "name_ne": null, "status": "Standing", "landuse": "residential", "population": null, "source": null, "adm0_pcode": "NPL", "adm0_name": "Nepal", "adm1_pcode": "NP03", "adm1_name": "Bagmati", "adm2_pcode": "NP0328", "adm2_name": "Nuwakot", "adm3_pcode": "NP0328402", "adm3_name": "Kispang", "adm4_pcode": null, "adm4_name": null, "name_latin": null }, "geometry": { "type": "Polygon", "coordinates": [ [ [ 85.1830074, 27.9792475 ], [ 85.1830423, 27.9788685 ], [ 85.1831362, 27.9788661 ], [ 85.1831496, 27.9787122 ], [ 85.1830235, 27.9787027 ], [ 85.1830342, 27.9784492 ], [ 85.1830637, 27.9784469 ], [ 85.1831201, 27.9780892 ], [ 85.1831521, 27.9779913 ], [ 85.183273, 27.977966 ], [ 85.1831952, 27.9788069 ], [ 85.1831335, 27.9792357 ], [ 85.1830691, 27.9792475 ], [ 85.1830074, 27.9792475 ] ] ] } },
{ "type": "Feature", "properties": { "id": "way/1553990939", "name": null, "name_en": null, "name_ne": null, "status": "Standing", "landuse": "residential", "population": null, "source": null, "adm0_pcode": "NPL", "adm0_name": "Nepal", "adm1_pcode": "NP03", "adm1_name": "Bagmati", "adm2_pcode": "NP0328", "adm2_name": "Nuwakot", "adm3_pcode": "NP0328402", "adm3_name": "Kispang", "adm4_pcode": null, "adm4_name": null, "name_latin": null }, "geometry": { "type": "Polygon", "coordinates": [ [ [ 85.1814464, 27.984847 ], [ 85.1814491, 27.9845675 ], [ 85.1819399, 27.9846693 ], [ 85.1819909, 27.9844893 ], [ 85.1823851, 27.9844846 ], [ 85.1826024, 27.9844064 ], [ 85.183222, 27.9846646 ], [ 85.1832327, 27.9848091 ], [ 85.1827767, 27.9848707 ], [ 85.1827607, 27.9847356 ], [ 85.1821545, 27.9847688 ], [ 85.1821384, 27.9849251 ], [ 85.1819211, 27.9849654 ], [ 85.1814464, 27.984847 ] ] ] } },
{ "type": "Feature", "properties": { "id": "way/344655336", "name": null, "name_en": null, "name_ne": null, "status": "Standing", "landuse": "residential", "population": null, "source": null, "adm0_pcode": "NPL", "adm0_name": "Nepal", "adm1_pcode": "NP03", "adm1_name": "Bagmati", "adm2_pcode": "NP0328", "adm2_name": "Nuwakot", "adm3_pcode": "NP0328402", "adm3_name": "Kispang", "adm4_pcode": null, "adm4_name": null, "name_latin": null }, "geometry": { "type": "Polygon", "coordinates": [ [ [ 85.1870674, 28.0104764 ], [ 85.1871891, 28.0102266 ], [ 85.1876341, 28.0102959 ], [ 85.1879327, 28.0102611 ], [ 85.1882504, 28.0101474 ], [ 85.1885622, 28.0101461 ], [ 85.188689, 28.0107088 ], [ 85.1882857, 28.0106733 ], [ 85.1880066, 28.0106313 ], [ 85.1876605, 28.0107225 ], [ 85.1871101, 28.0107588 ], [ 85.1870674, 28.0104764 ] ] ] } },
{ "type": "Feature", "properties": { "id": "way/1553974295", "name": null, "name_en": null, "name_ne": null, "status": "Standing", "landuse": "residential", "population": null, "source": null, "adm0_pcode": "NPL", "adm0_name": "Nepal", "adm1_pcode": "NP03", "adm1_name": "Bagmati", "adm2_pcode": "NP0328", "adm2_name": "Nuwakot", "adm3_pcode": "NP0328402", "adm3_name": "Kispang", "adm4_pcode": null, "adm4_name": null, "name_latin": null }, "geometry": { "type": "Polygon", "coordinates": [ [ [ 85.184226, 28.0101034 ], [ 85.1842728, 28.0100208 ], [ 85.1844399, 28.0099814 ], [ 85.1846449, 28.0096687 ], [ 85.1847608, 28.0094129 ], [ 85.184821, 28.0094464 ], [ 85.1848744, 28.0096283 ], [ 85.1849502, 28.009949 ], [ 85.1848285, 28.0100608 ], [ 85.1847207, 28.0100336 ], [ 85.1847341, 28.0099736 ], [ 85.1846516, 28.0099244 ], [ 85.1845302, 28.0100395 ], [ 85.1845246, 28.0101555 ], [ 85.1847251, 28.0102135 ], [ 85.1847062, 28.0102922 ], [ 85.1848633, 28.0103591 ], [ 85.1847952, 28.0105605 ], [ 85.1845608, 28.0104721 ], [ 85.1845358, 28.0102568 ], [ 85.1842989, 28.0101813 ], [ 85.184226, 28.0101034 ] ] ] } },
{ "type": "Feature", "properties": { "id": "way/1554431712", "name": null, "name_en": null, "name_ne": null, "status": "Standing", "landuse": "residential", "population": null, "source": null, "adm0_pcode": "NPL", "adm0_name": "Nepal", "adm1_pcode": "NP04", "adm1_name": "Gandaki", "adm2_pcode": "NP0436", "adm2_name": "Gorkha", "adm3_pcode": "NP0436409", "adm3_name": "Gandaki", "adm4_pcode": null, "adm4_name": null, "name_latin": null }, "geometry": { "type": "Polygon", "coordinates": [ [ [ 84.7624538, 27.8193824 ], [ 84.7626453, 27.8191056 ], [ 84.7631963, 27.8190685 ], [ 84.7635045, 27.8193245 ], [ 84.7635699, 27.8197665 ], [ 84.7629675, 27.819911 ], [ 84.7625612, 27.8198202 ], [ 84.7624538, 27.8193824 ] ] ] } },
{ "type": "Feature", "properties": { "id": "way/1554494409", "name": null, "name_en": null, "name_ne": null, "status": "Standing", "landuse": "residential", "population": null, "source": null, "adm0_pcode": "NPL", "adm0_name": "Nepal", "adm1_pcode": "NP03", "adm1_name": "Bagmati", "adm2_pcode": "NP0330", "adm2_name": "Dhading", "adm3_pcode": "NP0330408", "adm3_name": "Benighat Rorang", "adm4_pcode": null, "adm4_name": null, "name_latin": null }, "geometry": { "type": "Polygon", "coordinates": [ [ [ 84.7108146, 27.7996603 ], [ 84.7121312, 27.7996854 ], [ 84.7126422, 27.799736 ], [ 84.71252, 27.7999997 ], [ 84.710853, 27.7999703 ], [ 84.7108146, 27.7996603 ] ] ] } },
{ "type": "Feature", "properties": { "id": "way/1554513259", "name": null, "name_en": null, "name_ne": null, "status": "Standing", "landuse": "residential", "population": null, "source": null, "adm0_pcode": "NPL", "adm0_name": "Nepal", "adm1_pcode": "NP03", "adm1_name": "Bagmati", "adm2_pcode": "NP0330", "adm2_name": "Dhading", "adm3_pcode": "NP0330408", "adm3_name": "Benighat Rorang", "adm4_pcode": null, "adm4_name": null, "name_latin": null }, "geometry": { "type": "Polygon", "coordinates": [ [ [ 84.7486312, 27.798107 ], [ 84.7489166, 27.7980309 ], [ 84.749879, 27.7991608 ], [ 84.7507549, 27.7989411 ], [ 84.7507214, 27.798265 ], [ 84.7515116, 27.7981095 ], [ 84.7515088, 27.7982507 ], [ 84.7511692, 27.7990448 ], [ 84.749587, 27.7993171 ], [ 84.7486312, 27.798107 ] ] ] } },
{ "type": "Feature", "properties": { "id": "way/345107830", "name": null, "name_en": null, "name_ne": null, "status": "Standing", "landuse": "residential", "population": null, "source": null, "adm0_pcode": "NPL", "adm0_name": "Nepal", "adm1_pcode": "NP03", "adm1_name": "Bagmati", "adm2_pcode": "NP0330", "adm2_name": "Dhading", "adm3_pcode": "NP0330408", "adm3_name": "Benighat Rorang", "adm4_pcode": null, "adm4_name": null, "name_latin": null }, "geometry": { "type": "Polygon", "coordinates": [ [ [ 84.7715592, 27.8128221 ], [ 84.7719616, 27.8126786 ], [ 84.7722401, 27.8126495 ], [ 84.7723049, 27.8124828 ], [ 84.7727475, 27.8123832 ], [ 84.7729242, 27.8122298 ], [ 84.7733827, 27.8122533 ], [ 84.773843, 27.8122505 ], [ 84.7739293, 27.8120639 ], [ 84.7741476, 27.8119206 ], [ 84.7744238, 27.812044 ], [ 84.7745216, 27.8119006 ], [ 84.7747891, 27.8120074 ], [ 84.775324, 27.8120127 ], [ 84.7754384, 27.8118978 ], [ 84.7754764, 27.8118858 ], [ 84.7756055, 27.8117026 ], [ 84.7754377, 27.8115505 ], [ 84.7752285, 27.8116312 ], [ 84.7749603, 27.81156 ], [ 84.7750783, 27.8114082 ], [ 84.7753015, 27.8113837 ], [ 84.7753749, 27.8112428 ], [ 84.775158, 27.8109229 ], [ 84.7750088, 27.8110988 ], [ 84.7750354, 27.8112895 ], [ 84.7748315, 27.8112563 ], [ 84.774617, 27.8116644 ], [ 84.7743058, 27.8114983 ], [ 84.7739196, 27.8114271 ], [ 84.7739786, 27.811299 ], [ 84.7743487, 27.8113607 ], [ 84.7744292, 27.8111757 ], [ 84.773646, 27.8111164 ], [ 84.7737109, 27.8107951 ], [ 84.773367, 27.810732 ], [ 84.7733751, 27.8105873 ], [ 84.7731203, 27.8105304 ], [ 84.7732537, 27.8103166 ], [ 84.7740345, 27.8103612 ], [ 84.7741686, 27.8102944 ], [ 84.7740024, 27.8100258 ], [ 84.7741078, 27.8097883 ], [ 84.7744819, 27.8095883 ], [ 84.7745273, 27.8098674 ], [ 84.7749408, 27.8099953 ], [ 84.7749304, 27.8101338 ], [ 84.7752021, 27.8103077 ], [ 84.7755505, 27.8107473 ], [ 84.77571, 27.8110931 ], [ 84.7759465, 27.8114889 ], [ 84.7760936, 27.8118593 ], [ 84.7763295, 27.812025 ], [ 84.7766178, 27.8124106 ], [ 84.7763013, 27.8127442 ], [ 84.7764221, 27.8128031 ], [ 84.7768459, 27.8126608 ], [ 84.7769988, 27.8128079 ], [ 84.7768512, 27.8130807 ], [ 84.7774038, 27.8130285 ], [ 84.7777605, 27.8132373 ], [ 84.7775298, 27.8134365 ], [ 84.7769773, 27.8131969 ], [ 84.7765326, 27.8132175 ], [ 84.7763416, 27.8134674 ], [ 84.7758854, 27.8132393 ], [ 84.7755268, 27.8131603 ], [ 84.7754568, 27.8132397 ], [ 84.77541, 27.813353 ], [ 84.7752998, 27.8134731 ], [ 84.775477, 27.8138101 ], [ 84.775312, 27.8139941 ], [ 84.7751448, 27.8139501 ], [ 84.7750032, 27.8139418 ], [ 84.7748664, 27.8141909 ], [ 84.7745016, 27.8140533 ], [ 84.7737855, 27.813548 ], [ 84.7739303, 27.8133416 ], [ 84.7746572, 27.8137663 ], [ 84.7747537, 27.8136622 ], [ 84.7746475, 27.8133503 ], [ 84.7746791, 27.8129285 ], [ 84.7745503, 27.8128586 ], [ 84.7740373, 27.812775 ], [ 84.7733772, 27.812734 ], [ 84.7724071, 27.8128697 ], [ 84.7719294, 27.813102 ], [ 84.7717845, 27.8135006 ], [ 84.77157, 27.8134531 ], [ 84.7716933, 27.8129787 ], [ 84.7715592, 27.8128221 ] ] ] } },
{ "type": "Feature", "properties": { "id": "way/594010908", "name": null, "name_en": null, "name_ne": null, "status": "Standing", "landuse": "residential", "population": null, "source": null, "adm0_pcode": "NPL", "adm0_name": "Nepal", "adm1_pcode": "NP03", "adm1_name": "Bagmati", "adm2_pcode": "NP0330", "adm2_name": "Dhading", "adm3_pcode": "NP0330407", "adm3_name": "Siddhalek", "adm4_pcode": null, "adm4_name": null, "name_latin": null }, "geometry": { "type": "Polygon", "coordinates": [ [ [ 84.9332657, 27.8015999 ], [ 84.9338638, 27.8009805 ], [ 84.9351987, 27.8018351 ], [ 84.934927, 27.802271 ], [ 84.9332657, 27.8015999 ] ] ] } },
{ "type": "Feature", "properties": { "id": "way/1553401881", "name": null, "name_en": null, "name_ne": null, "status": "Standing", "landuse": "residential", "population": null, "source": null, "adm0_pcode": "NPL", "adm0_name": "Nepal", "adm1_pcode": "NP03", "adm1_name": "Bagmati", "adm2_pcode": "NP0330", "adm2_name": "Dhading", "adm3_pcode": "NP0330407", "adm3_name": "Siddhalek", "adm4_pcode": null, "adm4_name": null, "name_latin": null }, "geometry": { "type": "Polygon", "coordinates": [ [ [ 84.9321172, 27.8068316 ], [ 84.9323373, 27.8065162 ], [ 84.9329404, 27.806137 ], [ 84.9330845, 27.8062914 ], [ 84.9333349, 27.8060163 ], [ 84.9336952, 27.806231 ], [ 84.9334882, 27.8066107 ], [ 84.933692, 27.8068764 ], [ 84.9341641, 27.8070662 ], [ 84.9346018, 27.8075966 ], [ 84.9345373, 27.808026 ], [ 84.9341542, 27.8079992 ], [ 84.9339001, 27.807865 ], [ 84.9340366, 27.807402 ], [ 84.9339225, 27.8072878 ], [ 84.9333994, 27.8076737 ], [ 84.9331793, 27.8074892 ], [ 84.9336194, 27.8071369 ], [ 84.9330375, 27.8068954 ], [ 84.9326217, 27.8074389 ], [ 84.932159, 27.8073181 ], [ 84.9322917, 27.8068853 ], [ 84.9321172, 27.8068316 ] ] ] } },
{ "type": "Feature", "properties": { "id": "way/1554603983", "name": null, "name_en": null, "name_ne": null, "status": "Standing", "landuse": "residential", "population": null, "source": null, "adm0_pcode": "NPL", "adm0_name": "Nepal", "adm1_pcode": "NP03", "adm1_name": "Bagmati", "adm2_pcode": "NP0330", "adm2_name": "Dhading", "adm3_pcode": "NP0330410", "adm3_name": "Galchhi", "adm4_pcode": null, "adm4_name": null, "name_latin": null }, "geometry": { "type": "Polygon", "coordinates": [ [ [ 84.9454844, 27.817059 ], [ 84.9458599, 27.816205 ], [ 84.9464071, 27.81639 ], [ 84.9461925, 27.8171112 ], [ 84.9454844, 27.817059 ] ] ] } },
{ "type": "Feature", "properties": { "id": "way/1554603987", "name": null, "name_en": null, "name_ne": null, "status": "Standing", "landuse": "residential", "population": null, "source": null, "adm0_pcode": "NPL", "adm0_name": "Nepal", "adm1_pcode": "NP03", "adm1_name": "Bagmati", "adm2_pcode": "NP0330", "adm2_name": "Dhading", "adm3_pcode": "NP0330407", "adm3_name": "Siddhalek", "adm4_pcode": null, "adm4_name": null, "name_latin": null }, "geometry": { "type": "Polygon", "coordinates": [ [ [ 84.933699, 27.8059357 ], [ 84.9338394, 27.8057613 ], [ 84.9346246, 27.8060196 ], [ 84.9344235, 27.8062645 ], [ 84.933699, 27.8059357 ] ] ] } },
{ "type": "Feature", "properties": { "id": "way/1554548384", "name": null, "name_en": null, "name_ne": null, "status": "Standing", "landuse": "residential", "population": null, "source": null, "adm0_pcode": "NPL", "adm0_name": "Nepal", "adm1_pcode": "NP03", "adm1_name": "Bagmati", "adm2_pcode": "NP0335", "adm2_name": "Chitawan", "adm3_pcode": "NP0335401", "adm3_name": "Ichchha Kamana", "adm4_pcode": null, "adm4_name": null, "name_latin": null }, "geometry": { "type": "Polygon", "coordinates": [ [ [ 84.5655724, 27.8577573 ], [ 84.5655829, 27.8577068 ], [ 84.5666831, 27.8577263 ], [ 84.566793, 27.8577324 ], [ 84.5671708, 27.8578721 ], [ 84.567452, 27.8581846 ], [ 84.5673213, 27.8582501 ], [ 84.5669857, 27.8580883 ], [ 84.566805, 27.8580355 ], [ 84.5666197, 27.8579265 ], [ 84.5662234, 27.8578112 ], [ 84.5658534, 27.8577634 ], [ 84.5655724, 27.8577573 ] ] ] } },
{ "type": "Feature", "properties": { "id": "way/340651255", "name": null, "name_en": null, "name_ne": null, "status": "Standing", "landuse": "residential", "population": null, "source": null, "adm0_pcode": "NPL", "adm0_name": "Nepal", "adm1_pcode": "NP03", "adm1_name": "Bagmati", "adm2_pcode": "NP0328", "adm2_name": "Nuwakot", "adm3_pcode": "NP0328302", "adm3_name": "Belkotgadhi", "adm4_pcode": null, "adm4_name": null, "name_latin": null }, "geometry": { "type": "Polygon", "coordinates": [ [ [ 85.0545143, 27.8517736 ], [ 85.0545427, 27.8515748 ], [ 85.0547268, 27.8513555 ], [ 85.0555564, 27.8514878 ], [ 85.0559528, 27.8515499 ], [ 85.056058, 27.8518127 ], [ 85.0558062, 27.8524389 ], [ 85.055561, 27.8523204 ], [ 85.0554659, 27.852197 ], [ 85.0545143, 27.8517736 ] ] ] } },
{ "type": "Feature", "properties": { "id": "way/1554565713", "name": null, "name_en": null, "name_ne": null, "status": "Standing", "landuse": "residential", "population": null, "source": null, "adm0_pcode": "NPL", "adm0_name": "Nepal", "adm1_pcode": "NP03", "adm1_name": "Bagmati", "adm2_pcode": "NP0330", "adm2_name": "Dhading", "adm3_pcode": "NP0330410", "adm3_name": "Galchhi", "adm4_pcode": null, "adm4_name": null, "name_latin": null }, "geometry": { "type": "Polygon", "coordinates": [ [ [ 84.9936044, 27.802029 ], [ 84.9936315, 27.801552 ], [ 84.9938192, 27.8015254 ], [ 84.9948501, 27.8021769 ], [ 84.9948981, 27.80258 ], [ 84.9947247, 27.8026428 ], [ 84.9943004, 27.80253 ], [ 84.9936044, 27.802029 ] ] ] } },
{ "type": "Feature", "properties": { "id": "way/340651251", "name": null, "name_en": null, "name_ne": null, "status": "Standing", "landuse": "residential", "population": null, "source": null, "adm0_pcode": "NPL", "adm0_name": "Nepal", "adm1_pcode": "NP03", "adm1_name": "Bagmati", "adm2_pcode": "NP0328", "adm2_name": "Nuwakot", "adm3_pcode": "NP0328403", "adm3_name": "Tarakeshwor", "adm4_pcode": null, "adm4_name": null, "name_latin": null }, "geometry": { "type": "Polygon", "coordinates": [ [ [ 85.0355142, 27.8569293 ], [ 85.0357229, 27.8567103 ], [ 85.0359339, 27.8569391 ], [ 85.0361, 27.8572176 ], [ 85.0362731, 27.8573411 ], [ 85.0361929, 27.857453 ], [ 85.0359679, 27.85736 ], [ 85.0355142, 27.8569293 ] ] ] } },
{ "type": "Feature", "properties": { "id": "way/1554556213", "name": null, "name_en": null, "name_ne": null, "status": "Standing", "landuse": "residential", "population": null, "source": null, "adm0_pcode": "NPL", "adm0_name": "Nepal", "adm1_pcode": "NP03", "adm1_name": "Bagmati", "adm2_pcode": "NP0330", "adm2_name": "Dhading", "adm3_pcode": "NP0330410", "adm3_name": "Galchhi", "adm4_pcode": null, "adm4_name": null, "name_latin": null }, "geometry": { "type": "Polygon", "coordinates": [ [ [ 84.9949538, 27.8010632 ], [ 84.9956946, 27.8009314 ], [ 84.9956516, 27.8007908 ], [ 84.9962278, 27.8004451 ], [ 84.996698, 27.8007234 ], [ 84.9969993, 27.8007732 ], [ 84.9971549, 27.8003162 ], [ 84.9975953, 27.8005125 ], [ 84.997145, 27.801151 ], [ 84.9967476, 27.8013912 ], [ 84.9954386, 27.8020181 ], [ 84.9952018, 27.8015932 ], [ 84.9949538, 27.8010632 ] ] ] } },
{ "type": "Feature", "properties": { "id": "way/341903401", "name": null, "name_en": null, "name_ne": null, "status": "Standing", "landuse": "residential", "population": null, "source": null, "adm0_pcode": "NPL", "adm0_name": "Nepal", "adm1_pcode": "NP03", "adm1_name": "Bagmati", "adm2_pcode": "NP0328", "adm2_name": "Nuwakot", "adm3_pcode": "NP0328301", "adm3_name": "Bidur", "adm4_pcode": null, "adm4_name": null, "name_latin": null }, "geometry": { "type": "Polygon", "coordinates": [ [ [ 85.0758693, 27.8497249 ], [ 85.0760319, 27.849083 ], [ 85.078172, 27.8492213 ], [ 85.0785885, 27.8494534 ], [ 85.0793182, 27.8493738 ], [ 85.0793069, 27.8495763 ], [ 85.0787919, 27.8497945 ], [ 85.0767856, 27.8502119 ], [ 85.0758693, 27.8497249 ] ] ] } },
{ "type": "Feature", "properties": { "id": "way/1553963225", "name": null, "name_en": null, "name_ne": null, "status": "Standing", "landuse": "residential", "population": null, "source": null, "adm0_pcode": "NPL", "adm0_name": "Nepal", "adm1_pcode": "NP03", "adm1_name": "Bagmati", "adm2_pcode": "NP0328", "adm2_name": "Nuwakot", "adm3_pcode": "NP0328301", "adm3_name": "Bidur", "adm4_pcode": null, "adm4_name": null, "name_latin": null }, "geometry": { "type": "Polygon", "coordinates": [ [ [ 85.0815796, 27.8585515 ], [ 85.0815835, 27.8584623 ], [ 85.0816856, 27.8584566 ], [ 85.0817257, 27.8582292 ], [ 85.0818226, 27.8582406 ], [ 85.0817994, 27.8583755 ], [ 85.0820359, 27.8583549 ], [ 85.0821484, 27.8583652 ], [ 85.0821743, 27.8581972 ], [ 85.0822686, 27.8582006 ], [ 85.0822027, 27.85842 ], [ 85.0820049, 27.8584303 ], [ 85.0819829, 27.8585572 ], [ 85.0815796, 27.8585515 ] ] ] } },
{ "type": "Feature", "properties": { "id": "way/341954669", "name": null, "name_en": null, "name_ne": null, "status": "Standing", "landuse": "residential", "population": null, "source": null, "adm0_pcode": "NPL", "adm0_name": "Nepal", "adm1_pcode": "NP03", "adm1_name": "Bagmati", "adm2_pcode": "NP0328", "adm2_name": "Nuwakot", "adm3_pcode": "NP0328301", "adm3_name": "Bidur", "adm4_pcode": null, "adm4_name": null, "name_latin": null }, "geometry": { "type": "Polygon", "coordinates": [ [ [ 85.1343923, 27.8853202 ], [ 85.1352104, 27.884743 ], [ 85.1354305, 27.884895 ], [ 85.1367795, 27.8841324 ], [ 85.1363947, 27.88389 ], [ 85.136227, 27.8838385 ], [ 85.1361734, 27.8837673 ], [ 85.1359641, 27.8838764 ], [ 85.1358086, 27.8836772 ], [ 85.1359776, 27.8835896 ], [ 85.1354921, 27.8828664 ], [ 85.1354563, 27.8826932 ], [ 85.1356276, 27.8825433 ], [ 85.135826, 27.8824472 ], [ 85.13616, 27.8828546 ], [ 85.1364584, 27.8828313 ], [ 85.1367199, 27.8827866 ], [ 85.1368371, 27.8827578 ], [ 85.1368975, 27.8830087 ], [ 85.1370692, 27.8833358 ], [ 85.1373536, 27.8832291 ], [ 85.1379409, 27.884488 ], [ 85.1385661, 27.8841348 ], [ 85.1388059, 27.8843636 ], [ 85.1382775, 27.8846101 ], [ 85.138185, 27.884654 ], [ 85.1386785, 27.8852989 ], [ 85.1388556, 27.8852372 ], [ 85.1390487, 27.8854838 ], [ 85.1384425, 27.8858441 ], [ 85.138877, 27.8863894 ], [ 85.1378671, 27.8868363 ], [ 85.1372999, 27.8861808 ], [ 85.1366146, 27.8856284 ], [ 85.1362002, 27.8857161 ], [ 85.1356154, 27.8860552 ], [ 85.135256, 27.8860053 ], [ 85.1343923, 27.8853202 ] ] ] } },
{ "type": "Feature", "properties": { "id": "way/1553956965", "name": null, "name_en": null, "name_ne": null, "status": "Standing", "landuse": "residential", "population": null, "source": null, "adm0_pcode": "NPL", "adm0_name": "Nepal", "adm1_pcode": "NP03", "adm1_name": "Bagmati", "adm2_pcode": "NP0328", "adm2_name": "Nuwakot", "adm3_pcode": "NP0328301", "adm3_name": "Bidur", "adm4_pcode": null, "adm4_name": null, "name_latin": null }, "geometry": { "type": "Polygon", "coordinates": [ [ [ 85.0776402, 27.8508519 ], [ 85.0778531, 27.8508272 ], [ 85.0779163, 27.8513323 ], [ 85.0780808, 27.851318 ], [ 85.0780984, 27.8514362 ], [ 85.0783466, 27.851466 ], [ 85.0783657, 27.851631 ], [ 85.0782438, 27.8516439 ], [ 85.0780382, 27.8515504 ], [ 85.0776652, 27.8511609 ], [ 85.0776402, 27.8508519 ] ] ] } },
{ "type": "Feature", "properties": { "id": "way/1554231106", "name": null, "name_en": null, "name_ne": null, "status": "Standing", "landuse": "residential", "population": null, "source": null, "adm0_pcode": "NPL", "adm0_name": "Nepal", "adm1_pcode": "NP03", "adm1_name": "Bagmati", "adm2_pcode": "NP0328", "adm2_name": "Nuwakot", "adm3_pcode": "NP0328301", "adm3_name": "Bidur", "adm4_pcode": null, "adm4_name": null, "name_latin": null }, "geometry": { "type": "Polygon", "coordinates": [ [ [ 85.1381415, 27.9113138 ], [ 85.1382521, 27.9112003 ], [ 85.1385179, 27.9109812 ], [ 85.1385611, 27.9109711 ], [ 85.1386717, 27.9110733 ], [ 85.1382585, 27.9114284 ], [ 85.1381415, 27.9113138 ] ] ] } },
{ "type": "Feature", "properties": { "id": "way/341498412", "name": "Pimaltar", "name_en": null, "name_ne": null, "status": "Standing", "landuse": "residential", "population": null, "source": null, "adm0_pcode": "NPL", "adm0_name": "Nepal", "adm1_pcode": "NP03", "adm1_name": "Bagmati", "adm2_pcode": "NP0328", "adm2_name": "Nuwakot", "adm3_pcode": "NP0328302", "adm3_name": "Belkotgadhi", "adm4_pcode": null, "adm4_name": null, "name_latin": "Pimaltar" }, "geometry": { "type": "Polygon", "coordinates": [ [ [ 85.0176836, 27.8367819 ], [ 85.0178138, 27.8366321 ], [ 85.017866, 27.8363326 ], [ 85.017866, 27.8361598 ], [ 85.0178008, 27.8359295 ], [ 85.0177227, 27.8356069 ], [ 85.0177617, 27.8353765 ], [ 85.0180093, 27.835365 ], [ 85.0188169, 27.8355608 ], [ 85.0202964, 27.8356004 ], [ 85.0208677, 27.8359516 ], [ 85.0211771, 27.8363616 ], [ 85.0207689, 27.8371414 ], [ 85.0205332, 27.8370851 ], [ 85.0206353, 27.8364835 ], [ 85.0200365, 27.8361156 ], [ 85.0193338, 27.8362704 ], [ 85.0185824, 27.8359986 ], [ 85.0186215, 27.8362405 ], [ 85.0189342, 27.8366206 ], [ 85.0193119, 27.8371275 ], [ 85.0194813, 27.8377265 ], [ 85.0196637, 27.8382449 ], [ 85.0194962, 27.8395106 ], [ 85.0187388, 27.8385789 ], [ 85.0184522, 27.8382449 ], [ 85.0181916, 27.838049 ], [ 85.0179702, 27.8378302 ], [ 85.0179311, 27.8376228 ], [ 85.0176966, 27.837162 ], [ 85.0176836, 27.8367819 ] ] ] } },
{ "type": "Feature", "properties": { "id": "way/1554276434", "name": null, "name_en": null, "name_ne": null, "status": "Standing", "landuse": "residential", "population": null, "source": null, "adm0_pcode": "NPL", "adm0_name": "Nepal", "adm1_pcode": "NP03", "adm1_name": "Bagmati", "adm2_pcode": "NP0328", "adm2_name": "Nuwakot", "adm3_pcode": "NP0328402", "adm3_name": "Kispang", "adm4_pcode": null, "adm4_name": null, "name_latin": null }, "geometry": { "type": "Polygon", "coordinates": [ [ [ 85.1794387, 27.9828076 ], [ 85.1794521, 27.9825613 ], [ 85.1796091, 27.982386 ], [ 85.1798893, 27.9823208 ], [ 85.1799121, 27.9824049 ], [ 85.1798062, 27.9826631 ], [ 85.179719, 27.9827484 ], [ 85.1795541, 27.9828763 ], [ 85.1794387, 27.9828076 ] ] ] } },
{ "type": "Feature", "properties": { "id": "way/594031999", "name": null, "name_en": null, "name_ne": null, "status": "Standing", "landuse": "residential", "population": null, "source": null, "adm0_pcode": "NPL", "adm0_name": "Nepal", "adm1_pcode": "NP03", "adm1_name": "Bagmati", "adm2_pcode": "NP0330", "adm2_name": "Dhading", "adm3_pcode": "NP0330410", "adm3_name": "Galchhi", "adm4_pcode": null, "adm4_name": null, "name_latin": null }, "geometry": { "type": "Polygon", "coordinates": [ [ [ 84.9888223, 27.8065977 ], [ 84.9892232, 27.8061488 ], [ 84.9895219, 27.8062858 ], [ 84.989578, 27.8064772 ], [ 84.989441, 27.8065468 ], [ 84.9891784, 27.8063908 ], [ 84.9890243, 27.8065416 ], [ 84.9898405, 27.807249 ], [ 84.9897272, 27.8073988 ], [ 84.9895036, 27.807219 ], [ 84.9891215, 27.8069026 ], [ 84.9888223, 27.8065977 ] ] ] } },
{ "type": "Feature", "properties": { "id": "way/343687357", "name": null, "name_en": null, "name_ne": null, "status": "Standing", "landuse": "residential", "population": null, "source": "Bing", "adm0_pcode": "NPL", "adm0_name": "Nepal", "adm1_pcode": "NP03", "adm1_name": "Bagmati", "adm2_pcode": "NP0328", "adm2_name": "Nuwakot", "adm3_pcode": "NP0328301", "adm3_name": "Bidur", "adm4_pcode": null, "adm4_name": null, "name_latin": null }, "geometry": { "type": "Polygon", "coordinates": [ [ [ 85.162669, 27.9424611 ], [ 85.1628882, 27.9424255 ], [ 85.1631476, 27.9424309 ], [ 85.163198, 27.9429096 ], [ 85.1641555, 27.9426454 ], [ 85.1643217, 27.9418777 ], [ 85.1645953, 27.9417616 ], [ 85.1648957, 27.9418185 ], [ 85.1650245, 27.9423398 ], [ 85.1642305, 27.9434712 ], [ 85.1640119, 27.9433028 ], [ 85.1638551, 27.9431862 ], [ 85.1636641, 27.9432104 ], [ 85.1636313, 27.9432476 ], [ 85.1629223, 27.9431734 ], [ 85.1627219, 27.9431475 ], [ 85.1627054, 27.9426269 ], [ 85.162669, 27.9424611 ] ] ] } },
{ "type": "Feature", "properties": { "id": "way/346397471", "name": null, "name_en": null, "name_ne": null, "status": "Standing", "landuse": "residential", "population": null, "source": null, "adm0_pcode": "NPL", "adm0_name": "Nepal", "adm1_pcode": "NP03", "adm1_name": "Bagmati", "adm2_pcode": "NP0328", "adm2_name": "Nuwakot", "adm3_pcode": "NP0328301", "adm3_name": "Bidur", "adm4_pcode": null, "adm4_name": null, "name_latin": null }, "geometry": { "type": "Polygon", "coordinates": [ [ [ 85.1737235, 27.9664105 ], [ 85.1738174, 27.9662456 ], [ 85.173991, 27.9662705 ], [ 85.1738645, 27.9660502 ], [ 85.1738164, 27.9659559 ], [ 85.1740795, 27.9658342 ], [ 85.1743011, 27.9659787 ], [ 85.1741957, 27.9661713 ], [ 85.1743213, 27.9662148 ], [ 85.1744353, 27.9663054 ], [ 85.1745093, 27.9663539 ], [ 85.1743425, 27.9664786 ], [ 85.1744911, 27.9665634 ], [ 85.1745907, 27.9664818 ], [ 85.1746459, 27.9665372 ], [ 85.1747071, 27.9665047 ], [ 85.1748905, 27.9662471 ], [ 85.17508, 27.966405 ], [ 85.1750458, 27.9666232 ], [ 85.1748797, 27.9666258 ], [ 85.1747828, 27.9667891 ], [ 85.1748651, 27.9668241 ], [ 85.1749582, 27.966771 ], [ 85.1750655, 27.9667523 ], [ 85.1751072, 27.9667891 ], [ 85.1750691, 27.9668515 ], [ 85.1751614, 27.9669091 ], [ 85.1752938, 27.9670563 ], [ 85.1753796, 27.966933 ], [ 85.1756244, 27.9669422 ], [ 85.1757862, 27.9670892 ], [ 85.1754695, 27.9672836 ], [ 85.1753712, 27.9674253 ], [ 85.1752104, 27.9673348 ], [ 85.1750383, 27.9673396 ], [ 85.1750435, 27.9671682 ], [ 85.1749948, 27.9670627 ], [ 85.1748299, 27.9670787 ], [ 85.1747882, 27.9671219 ], [ 85.1747124, 27.9671508 ], [ 85.1746832, 27.9671876 ], [ 85.1746143, 27.9672548 ], [ 85.1742773, 27.9670019 ], [ 85.1742143, 27.9669244 ], [ 85.1742918, 27.9667074 ], [ 85.1742553, 27.9667145 ], [ 85.1742133, 27.9666989 ], [ 85.1740283, 27.9666576 ], [ 85.174029, 27.9665618 ], [ 85.1737235, 27.9664105 ] ] ] } },
{ "type": "Feature", "properties": { "id": "way/1554549505", "name": null, "name_en": null, "name_ne": null, "status": "Standing", "landuse": "residential", "population": null, "source": null, "adm0_pcode": "NPL", "adm0_name": "Nepal", "adm1_pcode": "NP03", "adm1_name": "Bagmati", "adm2_pcode": "NP0330", "adm2_name": "Dhading", "adm3_pcode": "NP0330408", "adm3_name": "Benighat Rorang", "adm4_pcode": null, "adm4_name": null, "name_latin": null }, "geometry": { "type": "Polygon", "coordinates": [ [ [ 84.8130494, 27.8156375 ], [ 84.8146973, 27.8144205 ], [ 84.8148436, 27.8148397 ], [ 84.8138636, 27.815942 ], [ 84.813096, 27.8159085 ], [ 84.8130494, 27.8156375 ] ] ] } },
{ "type": "Feature", "properties": { "id": "way/1554549509", "name": null, "name_en": null, "name_ne": null, "status": "Standing", "landuse": "residential", "population": null, "source": null, "adm0_pcode": "NPL", "adm0_name": "Nepal", "adm1_pcode": "NP03", "adm1_name": "Bagmati", "adm2_pcode": "NP0330", "adm2_name": "Dhading", "adm3_pcode": "NP0330408", "adm3_name": "Benighat Rorang", "adm4_pcode": null, "adm4_name": null, "name_latin": null }, "geometry": { "type": "Polygon", "coordinates": [ [ [ 84.8073565, 27.8155659 ], [ 84.8081734, 27.8151972 ], [ 84.8094223, 27.8155861 ], [ 84.8088199, 27.8165091 ], [ 84.808327, 27.8170849 ], [ 84.8077946, 27.817136 ], [ 84.8075832, 27.8167633 ], [ 84.8073565, 27.8155659 ] ] ] } },
{ "type": "Feature", "properties": { "id": "way/1554583099", "name": null, "name_en": null, "name_ne": null, "status": "Standing", "landuse": "residential", "population": null, "source": null, "adm0_pcode": "NPL", "adm0_name": "Nepal", "adm1_pcode": "NP03", "adm1_name": "Bagmati", "adm2_pcode": "NP0330", "adm2_name": "Dhading", "adm3_pcode": "NP0330407", "adm3_name": "Siddhalek", "adm4_pcode": null, "adm4_name": null, "name_latin": null }, "geometry": { "type": "Polygon", "coordinates": [ [ [ 84.8375117, 27.8123099 ], [ 84.8385731, 27.8123606 ], [ 84.8387668, 27.8126478 ], [ 84.8390833, 27.8133572 ], [ 84.8386358, 27.8136299 ], [ 84.8379728, 27.813309 ], [ 84.8375117, 27.8123099 ] ] ] } },
{ "type": "Feature", "properties": { "id": "way/593355440", "name": null, "name_en": null, "name_ne": null, "status": "Standing", "landuse": "residential", "population": null, "source": null, "adm0_pcode": "NPL", "adm0_name": "Nepal", "adm1_pcode": "NP03", "adm1_name": "Bagmati", "adm2_pcode": "NP0330", "adm2_name": "Dhading", "adm3_pcode": "NP0330407", "adm3_name": "Siddhalek", "adm4_pcode": null, "adm4_name": null, "name_latin": null }, "geometry": { "type": "Polygon", "coordinates": [ [ [ 84.8652373, 27.7997659 ], [ 84.8653262, 27.7997484 ], [ 84.8652661, 27.7995479 ], [ 84.8655226, 27.7994441 ], [ 84.8662614, 27.7998754 ], [ 84.8662977, 27.800005 ], [ 84.8663947, 27.8001201 ], [ 84.8663707, 27.8002185 ], [ 84.865714, 27.800224 ], [ 84.8655831, 27.8001895 ], [ 84.8654026, 27.8000205 ], [ 84.8652398, 27.7999767 ], [ 84.8652373, 27.7997659 ] ] ] } },
{ "type": "Feature", "properties": { "id": "way/1554605415", "name": null, "name_en": null, "name_ne": null, "status": "Standing", "landuse": "residential", "population": null, "source": null, "adm0_pcode": "NPL", "adm0_name": "Nepal", "adm1_pcode": "NP03", "adm1_name": "Bagmati", "adm2_pcode": "NP0330", "adm2_name": "Dhading", "adm3_pcode": "NP0330408", "adm3_name": "Benighat Rorang", "adm4_pcode": null, "adm4_name": null, "name_latin": null }, "geometry": { "type": "Polygon", "coordinates": [ [ [ 84.8176617, 27.8097028 ], [ 84.8180579, 27.809024 ], [ 84.8187099, 27.8088841 ], [ 84.8191755, 27.8091727 ], [ 84.8179265, 27.8098286 ], [ 84.8176617, 27.8097028 ] ] ] } },
{ "type": "Feature", "properties": { "id": "way/340795110", "name": null, "name_en": null, "name_ne": null, "status": "Standing", "landuse": "residential", "population": null, "source": null, "adm0_pcode": "NPL", "adm0_name": "Nepal", "adm1_pcode": "NP03", "adm1_name": "Bagmati", "adm2_pcode": "NP0330", "adm2_name": "Dhading", "adm3_pcode": "NP0330410", "adm3_name": "Galchhi", "adm4_pcode": null, "adm4_name": null, "name_latin": null }, "geometry": { "type": "Polygon", "coordinates": [ [ [ 84.9769201, 27.8006189 ], [ 84.9769356, 27.800376 ], [ 84.978692, 27.8008599 ], [ 84.9786612, 27.8011363 ], [ 84.9775418, 27.8009713 ], [ 84.9769201, 27.8006189 ] ] ] } },
{ "type": "Feature", "properties": { "id": "way/1554556204", "name": null, "name_en": null, "name_ne": null, "status": "Standing", "landuse": "residential", "population": null, "source": null, "adm0_pcode": "NPL", "adm0_name": "Nepal", "adm1_pcode": "NP03", "adm1_name": "Bagmati", "adm2_pcode": "NP0330", "adm2_name": "Dhading", "adm3_pcode": "NP0330410", "adm3_name": "Galchhi", "adm4_pcode": null, "adm4_name": null, "name_latin": null }, "geometry": { "type": "Polygon", "coordinates": [ [ [ 84.9972511, 27.8043855 ], [ 84.9974172, 27.8042952 ], [ 84.9980073, 27.8039296 ], [ 84.9984472, 27.8038975 ], [ 84.9984281, 27.8040341 ], [ 84.9982306, 27.8040722 ], [ 84.998194, 27.8043455 ], [ 84.9979958, 27.8047926 ], [ 84.9972759, 27.8045405 ], [ 84.9972511, 27.8043855 ] ] ] } },
{ "type": "Feature", "properties": { "id": "way/1553974294", "name": null, "name_en": null, "name_ne": null, "status": "Standing", "landuse": "residential", "population": null, "source": null, "adm0_pcode": "NPL", "adm0_name": "Nepal", "adm1_pcode": "NP03", "adm1_name": "Bagmati", "adm2_pcode": "NP0328", "adm2_name": "Nuwakot", "adm3_pcode": "NP0328402", "adm3_name": "Kispang", "adm4_pcode": null, "adm4_name": null, "name_latin": null }, "geometry": { "type": "Polygon", "coordinates": [ [ [ 85.1838339, 28.0084657 ], [ 85.1838707, 28.0081776 ], [ 85.1839676, 28.0081648 ], [ 85.1839676, 28.008392 ], [ 85.1841703, 28.0083153 ], [ 85.1840953, 28.0081163 ], [ 85.1844578, 28.0078982 ], [ 85.1845937, 28.0080044 ], [ 85.1845803, 28.0081677 ], [ 85.1844173, 28.0082952 ], [ 85.1843352, 28.0083143 ], [ 85.184401, 28.0085602 ], [ 85.1845937, 28.0085848 ], [ 85.1846215, 28.0086516 ], [ 85.1847396, 28.0086025 ], [ 85.1847976, 28.0086152 ], [ 85.1848711, 28.008807 ], [ 85.1849535, 28.0087903 ], [ 85.1849947, 28.0089251 ], [ 85.1849366, 28.0089896 ], [ 85.1846605, 28.0090746 ], [ 85.1845826, 28.0090488 ], [ 85.1841904, 28.0088425 ], [ 85.1842092, 28.008956 ], [ 85.1841609, 28.0090449 ], [ 85.1839842, 28.0090673 ], [ 85.183923, 28.009049 ], [ 85.183913, 28.0089388 ], [ 85.1839665, 28.0089152 ], [ 85.183942, 28.0087441 ], [ 85.1838673, 28.0087048 ], [ 85.1838339, 28.0084657 ] ] ] } },
{ "type": "Feature", "properties": { "id": "way/1554832142", "name": null, "name_en": null, "name_ne": null, "status": "Standing", "landuse": "residential", "population": null, "source": null, "adm0_pcode": "NPL", "adm0_name": "Nepal", "adm1_pcode": "NP03", "adm1_name": "Bagmati", "adm2_pcode": "NP0330", "adm2_name": "Dhading", "adm3_pcode": "NP0330410", "adm3_name": "Galchhi", "adm4_pcode": null, "adm4_name": null, "name_latin": null }, "geometry": { "type": "Polygon", "coordinates": [ [ [ 85.0058728, 27.8076239 ], [ 85.005915, 27.8075253 ], [ 85.0060038, 27.8075564 ], [ 85.0060107, 27.8075338 ], [ 85.0061125, 27.8075667 ], [ 85.0061566, 27.807465 ], [ 85.0062096, 27.8074005 ], [ 85.006297, 27.8074541 ], [ 85.0062523, 27.8075034 ], [ 85.006284, 27.8075898 ], [ 85.0063383, 27.8076647 ], [ 85.0063439, 27.8077435 ], [ 85.0063122, 27.8077762 ], [ 85.0062612, 27.8077603 ], [ 85.0061119, 27.8077098 ], [ 85.0058728, 27.8076239 ] ] ] } },
{ "type": "Feature", "properties": { "id": "way/341715203", "name": null, "name_en": null, "name_ne": null, "status": "Standing", "landuse": "residential", "population": null, "source": null, "adm0_pcode": "NPL", "adm0_name": "Nepal", "adm1_pcode": "NP03", "adm1_name": "Bagmati", "adm2_pcode": "NP0328", "adm2_name": "Nuwakot", "adm3_pcode": "NP0328302", "adm3_name": "Belkotgadhi", "adm4_pcode": null, "adm4_name": null, "name_latin": null }, "geometry": { "type": "Polygon", "coordinates": [ [ [ 85.0318904, 27.8491908 ], [ 85.0325623, 27.8484011 ], [ 85.0327662, 27.8483019 ], [ 85.0330961, 27.8485343 ], [ 85.0331283, 27.8487786 ], [ 85.0332999, 27.8488782 ], [ 85.0335789, 27.8490134 ], [ 85.0336245, 27.8487146 ], [ 85.0339825, 27.8489043 ], [ 85.0342682, 27.8491789 ], [ 85.0339812, 27.8496141 ], [ 85.0326406, 27.8499701 ], [ 85.0318904, 27.8491908 ] ] ] } },
{ "type": "Feature", "properties": { "id": "way/1554192766", "name": null, "name_en": null, "name_ne": null, "status": "Standing", "landuse": "residential", "population": null, "source": null, "adm0_pcode": "NPL", "adm0_name": "Nepal", "adm1_pcode": "NP03", "adm1_name": "Bagmati", "adm2_pcode": "NP0329", "adm2_name": "Rasuwa", "adm3_pcode": "NP0329402", "adm3_name": "Gosaikunda", "adm4_pcode": null, "adm4_name": null, "name_latin": null }, "geometry": { "type": "Polygon", "coordinates": [ [ [ 85.364314, 28.2525822 ], [ 85.3644321, 28.2520908 ], [ 85.3646654, 28.2520718 ], [ 85.3648693, 28.2526271 ], [ 85.3648987, 28.2531185 ], [ 85.3647727, 28.2533595 ], [ 85.3645233, 28.2534138 ], [ 85.364491, 28.2531657 ], [ 85.364314, 28.2525822 ] ] ] } },
{ "type": "Feature", "properties": { "id": "way/342040337", "name": null, "name_en": null, "name_ne": null, "status": "Standing", "landuse": "residential", "population": null, "source": null, "adm0_pcode": "NPL", "adm0_name": "Nepal", "adm1_pcode": "NP03", "adm1_name": "Bagmati", "adm2_pcode": "NP0328", "adm2_name": "Nuwakot", "adm3_pcode": "NP0328301", "adm3_name": "Bidur", "adm4_pcode": null, "adm4_name": null, "name_latin": null }, "geometry": { "type": "Polygon", "coordinates": [ [ [ 85.1585592, 27.9346368 ], [ 85.1590615, 27.9346594 ], [ 85.1592944, 27.9347811 ], [ 85.1592713, 27.9348792 ], [ 85.1592684, 27.9350846 ], [ 85.158915, 27.9350949 ], [ 85.1589249, 27.9354112 ], [ 85.1586929, 27.9353866 ], [ 85.1586778, 27.9352325 ], [ 85.1586546, 27.9348874 ], [ 85.1585592, 27.9346368 ] ] ] } },
{ "type": "Feature", "properties": { "id": "way/302739345", "name": null, "name_en": null, "name_ne": null, "status": "Standing", "landuse": "residential", "population": null, "source": null, "adm0_pcode": "NPL", "adm0_name": "Nepal", "adm1_pcode": "NP03", "adm1_name": "Bagmati", "adm2_pcode": "NP0330", "adm2_name": "Dhading", "adm3_pcode": "NP0330410", "adm3_name": "Galchhi", "adm4_pcode": null, "adm4_name": null, "name_latin": null }, "geometry": { "type": "Polygon", "coordinates": [ [ [ 84.9941893, 27.7960459 ], [ 84.9942698, 27.7958525 ], [ 84.9943663, 27.7957007 ], [ 84.994483, 27.7955678 ], [ 84.9946171, 27.7955666 ], [ 84.9948277, 27.7956591 ], [ 84.9954488, 27.7954885 ], [ 84.9960826, 27.79583 ], [ 84.9961247, 27.796001 ], [ 84.9970589, 27.7960672 ], [ 84.9973057, 27.7955737 ], [ 84.9975055, 27.7949792 ], [ 84.9978778, 27.7948541 ], [ 84.9980361, 27.7948009 ], [ 84.998853, 27.7947194 ], [ 84.9996647, 27.794737 ], [ 85.0001979, 27.7948487 ], [ 85.0007108, 27.795036 ], [ 85.0008937, 27.7954126 ], [ 85.0009903, 27.7955443 ], [ 85.0010628, 27.7957344 ], [ 85.0010424, 27.7959946 ], [ 85.0011037, 27.7961669 ], [ 85.0008025, 27.7963569 ], [ 85.0006469, 27.7964234 ], [ 85.0006424, 27.7966414 ], [ 85.000191, 27.7971352 ], [ 85.0000998, 27.7976857 ], [ 85.0000944, 27.7978897 ], [ 85.0002776, 27.7981884 ], [ 85.0006443, 27.7987474 ], [ 85.0007274, 27.7989373 ], [ 85.0008109, 27.7990646 ], [ 85.0007167, 27.7993584 ], [ 85.0005512, 27.7997828 ], [ 85.000722, 27.8000109 ], [ 85.0007542, 27.8001627 ], [ 85.0005351, 27.8001435 ], [ 85.0000865, 27.8000462 ], [ 85.0000408, 27.7996597 ], [ 84.9995078, 27.7999418 ], [ 84.9995231, 27.7997997 ], [ 84.9995687, 27.7985707 ], [ 84.9996089, 27.798286 ], [ 84.999556, 27.7979701 ], [ 84.9995158, 27.797581 ], [ 84.9995561, 27.797301 ], [ 85.0000147, 27.7974054 ], [ 85.0001373, 27.7964756 ], [ 84.9996891, 27.7968581 ], [ 84.9996625, 27.7967152 ], [ 84.9996513, 27.796015 ], [ 84.999338, 27.795727 ], [ 84.9992476, 27.7957493 ], [ 84.9988841, 27.7957161 ], [ 84.9987179, 27.7956413 ], [ 84.9984006, 27.7956807 ], [ 84.9983825, 27.7957584 ], [ 84.9983004, 27.7961099 ], [ 84.9982825, 27.7961869 ], [ 84.9982598, 27.796284 ], [ 84.9982284, 27.7964184 ], [ 84.9978092, 27.7965373 ], [ 84.9970173, 27.7965894 ], [ 84.9964849, 27.7964706 ], [ 84.9962052, 27.796281 ], [ 84.9956736, 27.7962464 ], [ 84.9953903, 27.7962088 ], [ 84.9953952, 27.7960153 ], [ 84.9950518, 27.79602 ], [ 84.9949024, 27.796072 ], [ 84.9947469, 27.7961811 ], [ 84.9946388, 27.7963095 ], [ 84.9945859, 27.7963662 ], [ 84.9942748, 27.7961289 ], [ 84.9941893, 27.7960459 ] ] ] } },
{ "type": "Feature", "properties": { "id": "way/443700544", "name": null, "name_en": null, "name_ne": null, "status": "Standing", "landuse": "residential", "population": null, "source": null, "adm0_pcode": "NPL", "adm0_name": "Nepal", "adm1_pcode": "NP03", "adm1_name": "Bagmati", "adm2_pcode": "NP0329", "adm2_name": "Rasuwa", "adm3_pcode": "NP0329403", "adm3_name": "Uttargaya", "adm4_pcode": null, "adm4_name": null, "name_latin": null }, "geometry": { "type": "Polygon", "coordinates": [ [ [ 85.1825985, 28.0203318 ], [ 85.1828197, 28.020313 ], [ 85.1829725, 28.0204409 ], [ 85.18323, 28.020332 ], [ 85.1833615, 28.0202609 ], [ 85.1833695, 28.0201094 ], [ 85.1832873, 28.0198827 ], [ 85.1837128, 28.0197352 ], [ 85.1841527, 28.0196073 ], [ 85.1845765, 28.0196215 ], [ 85.1848072, 28.0198299 ], [ 85.1846516, 28.0199767 ], [ 85.1841152, 28.019882 ], [ 85.1839811, 28.0200431 ], [ 85.1837558, 28.0201283 ], [ 85.1837826, 28.0203415 ], [ 85.183965, 28.0204788 ], [ 85.1838925, 28.0206327 ], [ 85.1838899, 28.0208316 ], [ 85.1839328, 28.0210613 ], [ 85.1840481, 28.0211085 ], [ 85.1841179, 28.0212152 ], [ 85.1841473, 28.0213335 ], [ 85.1840964, 28.021485 ], [ 85.1840145, 28.0216235 ], [ 85.1837987, 28.0215536 ], [ 85.1836163, 28.0215347 ], [ 85.1834983, 28.0211986 ], [ 85.1832944, 28.0211132 ], [ 85.1829725, 28.0211275 ], [ 85.1829457, 28.0207581 ], [ 85.1831389, 28.0207249 ], [ 85.1831388, 28.0210246 ], [ 85.1832837, 28.0210175 ], [ 85.1834017, 28.0209275 ], [ 85.1833534, 28.0207842 ], [ 85.1835519, 28.020699 ], [ 85.1834097, 28.0205309 ], [ 85.1832381, 28.0204811 ], [ 85.1829511, 28.0205261 ], [ 85.1827419, 28.0206018 ], [ 85.1825985, 28.0203318 ] ] ] } },
{ "type": "Feature", "properties": { "id": "way/1554276435", "name": null, "name_en": null, "name_ne": null, "status": "Standing", "landuse": "residential", "population": null, "source": null, "adm0_pcode": "NPL", "adm0_name": "Nepal", "adm1_pcode": "NP03", "adm1_name": "Bagmati", "adm2_pcode": "NP0328", "adm2_name": "Nuwakot", "adm3_pcode": "NP0328402", "adm3_name": "Kispang", "adm4_pcode": null, "adm4_name": null, "name_latin": null }, "geometry": { "type": "Polygon", "coordinates": [ [ [ 85.1773734, 27.9850826 ], [ 85.1773976, 27.9850211 ], [ 85.1774995, 27.98495 ], [ 85.1777691, 27.9848849 ], [ 85.1778053, 27.9849843 ], [ 85.1776819, 27.985104 ], [ 85.1773922, 27.9852011 ], [ 85.1773734, 27.9850826 ] ] ] } },
{ "type": "Feature", "properties": { "id": "way/593739202", "name": null, "name_en": null, "name_ne": null, "status": "Standing", "landuse": "residential", "population": null, "source": null, "adm0_pcode": "NPL", "adm0_name": "Nepal", "adm1_pcode": "NP03", "adm1_name": "Bagmati", "adm2_pcode": "NP0330", "adm2_name": "Dhading", "adm3_pcode": "NP0330407", "adm3_name": "Siddhalek", "adm4_pcode": null, "adm4_name": null, "name_latin": null }, "geometry": { "type": "Polygon", "coordinates": [ [ [ 84.9066339, 27.8023612 ], [ 84.9073547, 27.8023343 ], [ 84.9081496, 27.8023833 ], [ 84.908698, 27.802416 ], [ 84.909191, 27.8027812 ], [ 84.9099243, 27.8029611 ], [ 84.9104542, 27.8031301 ], [ 84.9106719, 27.8032132 ], [ 84.9110396, 27.8033536 ], [ 84.9119886, 27.8036152 ], [ 84.9125678, 27.8039586 ], [ 84.9124999, 27.8040619 ], [ 84.9123429, 27.8041687 ], [ 84.9119147, 27.8042693 ], [ 84.9113416, 27.8042529 ], [ 84.9100845, 27.8037406 ], [ 84.9091787, 27.8034026 ], [ 84.9079031, 27.8031083 ], [ 84.9074508, 27.8031432 ], [ 84.9068671, 27.8030529 ], [ 84.906678, 27.8027068 ], [ 84.9066339, 27.8023612 ] ] ] } },
{ "type": "Feature", "properties": { "id": "way/341660056", "name": null, "name_en": null, "name_ne": null, "status": "Standing", "landuse": "residential", "population": null, "source": null, "adm0_pcode": "NPL", "adm0_name": "Nepal", "adm1_pcode": "NP03", "adm1_name": "Bagmati", "adm2_pcode": "NP0328", "adm2_name": "Nuwakot", "adm3_pcode": "NP0328301", "adm3_name": "Bidur", "adm4_pcode": null, "adm4_name": null, "name_latin": null }, "geometry": { "type": "Polygon", "coordinates": [ [ [ 85.0763541, 27.8583255 ], [ 85.0768672, 27.8582715 ], [ 85.0768601, 27.8581989 ], [ 85.077061, 27.8581302 ], [ 85.0772736, 27.8580158 ], [ 85.0776826, 27.8579519 ], [ 85.0776819, 27.8578586 ], [ 85.077811, 27.8578423 ], [ 85.0778251, 27.8580648 ], [ 85.0781024, 27.8580321 ], [ 85.0784184, 27.8579787 ], [ 85.0786086, 27.8580096 ], [ 85.0787762, 27.8582025 ], [ 85.0789281, 27.8582228 ], [ 85.0790113, 27.8582074 ], [ 85.079118, 27.8579141 ], [ 85.0793336, 27.8579826 ], [ 85.079889, 27.8578189 ], [ 85.0798803, 27.8575793 ], [ 85.0801075, 27.8575778 ], [ 85.0800924, 27.8574951 ], [ 85.0795948, 27.8574711 ], [ 85.0793392, 27.8574273 ], [ 85.0794017, 27.8570975 ], [ 85.0795016, 27.8571116 ], [ 85.0796015, 27.8572591 ], [ 85.0801948, 27.8574141 ], [ 85.0807419, 27.8574462 ], [ 85.0809053, 27.857493 ], [ 85.0807435, 27.8577834 ], [ 85.080441, 27.8577491 ], [ 85.0803974, 27.858048 ], [ 85.0800564, 27.8582968 ], [ 85.079774, 27.8582228 ], [ 85.0792022, 27.858463 ], [ 85.0791818, 27.8586819 ], [ 85.0789995, 27.8586877 ], [ 85.0789817, 27.8587957 ], [ 85.0780993, 27.8587594 ], [ 85.0775435, 27.8590393 ], [ 85.077423, 27.8587585 ], [ 85.0773263, 27.8585106 ], [ 85.0770802, 27.8585184 ], [ 85.0771371, 27.859094 ], [ 85.0770072, 27.8591088 ], [ 85.0769334, 27.8588079 ], [ 85.0767136, 27.8588535 ], [ 85.0765933, 27.8585609 ], [ 85.0764331, 27.8586153 ], [ 85.0763541, 27.8583255 ] ] ] } },
{ "type": "Feature", "properties": { "id": "way/1553963218", "name": null, "name_en": null, "name_ne": null, "status": "Standing", "landuse": "residential", "population": null, "source": null, "adm0_pcode": "NPL", "adm0_name": "Nepal", "adm1_pcode": "NP03", "adm1_name": "Bagmati", "adm2_pcode": "NP0328", "adm2_name": "Nuwakot", "adm3_pcode": "NP0328301", "adm3_name": "Bidur", "adm4_pcode": null, "adm4_name": null, "name_latin": null }, "geometry": { "type": "Polygon", "coordinates": [ [ [ 85.0776, 27.8528337 ], [ 85.0779374, 27.8524092 ], [ 85.0783436, 27.8527231 ], [ 85.0791003, 27.8538149 ], [ 85.0800685, 27.8546255 ], [ 85.080274, 27.8546569 ], [ 85.0806494, 27.8545137 ], [ 85.0809684, 27.8539163 ], [ 85.0816391, 27.8541711 ], [ 85.0818381, 27.8547095 ], [ 85.0820302, 27.8543304 ], [ 85.0823115, 27.8544487 ], [ 85.0825791, 27.8542348 ], [ 85.0826631, 27.8537435 ], [ 85.0823149, 27.8536934 ], [ 85.0823304, 27.8535645 ], [ 85.0830799, 27.8532233 ], [ 85.0832069, 27.8534432 ], [ 85.0829393, 27.8535433 ], [ 85.0828192, 27.8543956 ], [ 85.0826065, 27.8544911 ], [ 85.0825825, 27.8548399 ], [ 85.0820456, 27.8550522 ], [ 85.0819084, 27.8552479 ], [ 85.0821743, 27.8553601 ], [ 85.0820919, 27.8555739 ], [ 85.0817334, 27.8555193 ], [ 85.0814641, 27.8553283 ], [ 85.0811194, 27.854667 ], [ 85.080929, 27.8546504 ], [ 85.0808055, 27.8548217 ], [ 85.0806031, 27.8548293 ], [ 85.0806391, 27.8551357 ], [ 85.0801211, 27.855169 ], [ 85.0798346, 27.8550143 ], [ 85.0798053, 27.8548604 ], [ 85.0788105, 27.8541192 ], [ 85.0787027, 27.8539777 ], [ 85.0782296, 27.853784 ], [ 85.07832, 27.8535164 ], [ 85.0776, 27.8528337 ] ] ] } },
{ "type": "Feature", "properties": { "id": "way/341882131", "name": null, "name_en": null, "name_ne": null, "status": "Standing", "landuse": "residential", "population": null, "source": null, "adm0_pcode": "NPL", "adm0_name": "Nepal", "adm1_pcode": "NP03", "adm1_name": "Bagmati", "adm2_pcode": "NP0328", "adm2_name": "Nuwakot", "adm3_pcode": "NP0328301", "adm3_name": "Bidur", "adm4_pcode": null, "adm4_name": null, "name_latin": null }, "geometry": { "type": "Polygon", "coordinates": [ [ [ 85.0945905, 27.863029 ], [ 85.0953823, 27.8628482 ], [ 85.0951034, 27.8621842 ], [ 85.0954682, 27.8619708 ], [ 85.0959222, 27.8623616 ], [ 85.0972741, 27.8620675 ], [ 85.0971472, 27.8608848 ], [ 85.0997758, 27.8606192 ], [ 85.100103, 27.860752 ], [ 85.0997972, 27.8616578 ], [ 85.0990175, 27.8626888 ], [ 85.0986814, 27.8629857 ], [ 85.0974584, 27.8627818 ], [ 85.0962656, 27.8633907 ], [ 85.097494, 27.8648561 ], [ 85.098009, 27.866018 ], [ 85.0991999, 27.8674217 ], [ 85.0989853, 27.8682658 ], [ 85.0968181, 27.8692712 ], [ 85.0960885, 27.8686831 ], [ 85.0953268, 27.8669475 ], [ 85.096228, 27.8666724 ], [ 85.0962387, 27.8656291 ], [ 85.0955735, 27.8649557 ], [ 85.0947152, 27.8640167 ], [ 85.0945905, 27.863029 ] ] ] } },
{ "type": "Feature", "properties": { "id": "way/1554019203", "name": null, "name_en": null, "name_ne": null, "status": "Standing", "landuse": "residential", "population": null, "source": null, "adm0_pcode": "NPL", "adm0_name": "Nepal", "adm1_pcode": "NP03", "adm1_name": "Bagmati", "adm2_pcode": "NP0328", "adm2_name": "Nuwakot", "adm3_pcode": "NP0328301", "adm3_name": "Bidur", "adm4_pcode": null, "adm4_name": null, "name_latin": null }, "geometry": { "type": "Polygon", "coordinates": [ [ [ 85.1010569, 27.8561631 ], [ 85.1011304, 27.8560467 ], [ 85.1014183, 27.8559844 ], [ 85.1029492, 27.8559899 ], [ 85.1028635, 27.8542329 ], [ 85.1034851, 27.8543276 ], [ 85.1034812, 27.8557406 ], [ 85.1035739, 27.8561631 ], [ 85.1035892, 27.856737 ], [ 85.1029584, 27.8567127 ], [ 85.1023062, 27.8565746 ], [ 85.1020398, 27.8565367 ], [ 85.1017704, 27.8565286 ], [ 85.1016326, 27.8565936 ], [ 85.1016816, 27.8567587 ], [ 85.1019327, 27.8569347 ], [ 85.1021807, 27.8570565 ], [ 85.1022603, 27.857357 ], [ 85.1021501, 27.85756 ], [ 85.1016877, 27.8576602 ], [ 85.1015132, 27.8574517 ], [ 85.1014305, 27.857089 ], [ 85.101357, 27.8567397 ], [ 85.101256, 27.8565015 ], [ 85.1011304, 27.8563147 ], [ 85.1010569, 27.8561631 ] ] ] } },
{ "type": "Feature", "properties": { "id": "way/1554019204", "name": null, "name_en": null, "name_ne": null, "status": "Standing", "landuse": "residential", "population": null, "source": null, "adm0_pcode": "NPL", "adm0_name": "Nepal", "adm1_pcode": "NP03", "adm1_name": "Bagmati", "adm2_pcode": "NP0328", "adm2_name": "Nuwakot", "adm3_pcode": "NP0328301", "adm3_name": "Bidur", "adm4_pcode": null, "adm4_name": null, "name_latin": null }, "geometry": { "type": "Polygon", "coordinates": [ [ [ 85.1048083, 27.8549608 ], [ 85.1049093, 27.8548932 ], [ 85.1052125, 27.8548553 ], [ 85.1057391, 27.8548553 ], [ 85.1060239, 27.8549067 ], [ 85.1064327, 27.8551296 ], [ 85.1066972, 27.8551809 ], [ 85.1073703, 27.855273 ], [ 85.107793, 27.8553474 ], [ 85.1079914, 27.8554608 ], [ 85.1079613, 27.8557247 ], [ 85.1079052, 27.8559373 ], [ 85.1079132, 27.8561197 ], [ 85.1079854, 27.8563464 ], [ 85.1081076, 27.8565909 ], [ 85.1081617, 27.8570709 ], [ 85.1081597, 27.8573578 ], [ 85.1080274, 27.8574198 ], [ 85.1078071, 27.8574304 ], [ 85.1074645, 27.857372 ], [ 85.107212, 27.857287 ], [ 85.1071139, 27.8571895 ], [ 85.1069937, 27.8569044 ], [ 85.1067953, 27.8568353 ], [ 85.1065509, 27.8567857 ], [ 85.1064227, 27.8567237 ], [ 85.1063586, 27.8566369 ], [ 85.1063666, 27.856559 ], [ 85.1064367, 27.8564527 ], [ 85.1064777, 27.8563572 ], [ 85.1064528, 27.8562228 ], [ 85.1063898, 27.8560768 ], [ 85.1062889, 27.8559122 ], [ 85.1061106, 27.8555923 ], [ 85.1058668, 27.8554811 ], [ 85.1055575, 27.8554115 ], [ 85.1051668, 27.8553745 ], [ 85.1048083, 27.8549608 ] ] ] } },
{ "type": "Feature", "properties": { "id": "way/340562356", "name": null, "name_en": null, "name_ne": null, "status": "Standing", "landuse": "residential", "population": null, "source": null, "adm0_pcode": "NPL", "adm0_name": "Nepal", "adm1_pcode": "NP03", "adm1_name": "Bagmati", "adm2_pcode": "NP0328", "adm2_name": "Nuwakot", "adm3_pcode": "NP0328301", "adm3_name": "Bidur", "adm4_pcode": null, "adm4_name": null, "name_latin": null }, "geometry": { "type": "Polygon", "coordinates": [ [ [ 85.126676, 27.8874998 ], [ 85.1281102, 27.886145 ], [ 85.1293725, 27.8865123 ], [ 85.1301267, 27.8858102 ], [ 85.1308986, 27.8873281 ], [ 85.1316472, 27.8877023 ], [ 85.1327317, 27.8885145 ], [ 85.134989, 27.8880246 ], [ 85.1365622, 27.8899536 ], [ 85.1358804, 27.8911987 ], [ 85.1345636, 27.890918 ], [ 85.1342375, 27.8890234 ], [ 85.1310452, 27.8889699 ], [ 85.1294841, 27.8866774 ], [ 85.1291136, 27.8872084 ], [ 85.126676, 27.8874998 ] ] ] } },
{ "type": "Feature", "properties": { "id": "way/1554043923", "name": null, "name_en": null, "name_ne": null, "status": "Standing", "landuse": "residential", "population": null, "source": null, "adm0_pcode": "NPL", "adm0_name": "Nepal", "adm1_pcode": "NP03", "adm1_name": "Bagmati", "adm2_pcode": "NP0328", "adm2_name": "Nuwakot", "adm3_pcode": "NP0328301", "adm3_name": "Bidur", "adm4_pcode": null, "adm4_name": null, "name_latin": null }, "geometry": { "type": "Polygon", "coordinates": [ [ [ 85.1345101, 27.9150826 ], [ 85.134538, 27.9143022 ], [ 85.1352812, 27.9137372 ], [ 85.1357081, 27.9138977 ], [ 85.1350174, 27.9147447 ], [ 85.1350612, 27.915041 ], [ 85.13565, 27.9155266 ], [ 85.1355305, 27.9156885 ], [ 85.1349935, 27.9154709 ], [ 85.1345101, 27.9150826 ] ] ] } },
{ "type": "Feature", "properties": { "id": "way/1553963224", "name": null, "name_en": null, "name_ne": null, "status": "Standing", "landuse": "residential", "population": null, "source": null, "adm0_pcode": "NPL", "adm0_name": "Nepal", "adm1_pcode": "NP03", "adm1_name": "Bagmati", "adm2_pcode": "NP0328", "adm2_name": "Nuwakot", "adm3_pcode": "NP0328301", "adm3_name": "Bidur", "adm4_pcode": null, "adm4_name": null, "name_latin": null }, "geometry": { "type": "Polygon", "coordinates": [ [ [ 85.0842266, 27.8602581 ], [ 85.0843063, 27.8597409 ], [ 85.0845157, 27.8595297 ], [ 85.0851188, 27.859417 ], [ 85.0851302, 27.8592439 ], [ 85.0855922, 27.8592731 ], [ 85.0858118, 27.859177 ], [ 85.0859011, 27.8592859 ], [ 85.0871694, 27.8593264 ], [ 85.0872764, 27.8596604 ], [ 85.087133, 27.8600206 ], [ 85.0874175, 27.8601112 ], [ 85.0873651, 27.8604291 ], [ 85.0874911, 27.8602954 ], [ 85.0879318, 27.8601232 ], [ 85.0880502, 27.8602057 ], [ 85.0876314, 27.8609442 ], [ 85.0873196, 27.8610045 ], [ 85.0873583, 27.8611092 ], [ 85.0870852, 27.8611877 ], [ 85.0869577, 27.8609824 ], [ 85.0865412, 27.8609603 ], [ 85.0866072, 27.8603104 ], [ 85.0869623, 27.8602077 ], [ 85.0869941, 27.8599059 ], [ 85.0868143, 27.8598858 ], [ 85.0868667, 27.8593948 ], [ 85.0865663, 27.8593868 ], [ 85.0865458, 27.8596162 ], [ 85.0863091, 27.8596142 ], [ 85.0863182, 27.8593687 ], [ 85.0858903, 27.8593969 ], [ 85.0859108, 27.8596947 ], [ 85.0851324, 27.8597953 ], [ 85.0851643, 27.8599643 ], [ 85.0850778, 27.8599764 ], [ 85.08531, 27.860413 ], [ 85.0849799, 27.8605558 ], [ 85.0850869, 27.8608134 ], [ 85.0856764, 27.8615237 ], [ 85.0857674, 27.8618275 ], [ 85.0855853, 27.8618617 ], [ 85.0855603, 27.861741 ], [ 85.085492, 27.8617973 ], [ 85.0849572, 27.8611816 ], [ 85.0850846, 27.8610589 ], [ 85.0850277, 27.8609905 ], [ 85.0850801, 27.8609542 ], [ 85.0848753, 27.8605156 ], [ 85.0847091, 27.860576 ], [ 85.0845248, 27.8602701 ], [ 85.0842266, 27.8602581 ] ] ] } },
{ "type": "Feature", "properties": { "id": "way/1554551277", "name": null, "name_en": null, "name_ne": null, "status": "Standing", "landuse": "residential", "population": null, "source": null, "adm0_pcode": "NPL", "adm0_name": "Nepal", "adm1_pcode": "NP03", "adm1_name": "Bagmati", "adm2_pcode": "NP0330", "adm2_name": "Dhading", "adm3_pcode": "NP0330410", "adm3_name": "Galchhi", "adm4_pcode": null, "adm4_name": null, "name_latin": null }, "geometry": { "type": "Polygon", "coordinates": [ [ [ 85.0146002, 27.8093709 ], [ 85.014675, 27.8093492 ], [ 85.014947, 27.8094228 ], [ 85.0150692, 27.809495 ], [ 85.0151962, 27.8095508 ], [ 85.0151962, 27.8097135 ], [ 85.015129, 27.8097526 ], [ 85.0150463, 27.8097594 ], [ 85.0148526, 27.8097594 ], [ 85.0146002, 27.8096543 ], [ 85.0146002, 27.8093709 ] ] ] } },
{ "type": "Feature", "properties": { "id": "way/1554192770", "name": null, "name_en": null, "name_ne": null, "status": "Standing", "landuse": "residential", "population": null, "source": null, "adm0_pcode": "NPL", "adm0_name": "Nepal", "adm1_pcode": "NP03", "adm1_name": "Bagmati", "adm2_pcode": "NP0329", "adm2_name": "Rasuwa", "adm3_pcode": "NP0329402", "adm3_name": "Gosaikunda", "adm4_pcode": null, "adm4_name": null, "name_latin": null }, "geometry": { "type": "Polygon", "coordinates": [ [ [ 85.3578526, 28.2340028 ], [ 85.3578928, 28.2336673 ], [ 85.35833, 28.2337358 ], [ 85.3584883, 28.2338587 ], [ 85.3583005, 28.2341871 ], [ 85.3578526, 28.2340028 ] ] ] } },
{ "type": "Feature", "properties": { "id": "way/1554231105", "name": null, "name_en": null, "name_ne": null, "status": "Standing", "landuse": "residential", "population": null, "source": null, "adm0_pcode": "NPL", "adm0_name": "Nepal", "adm1_pcode": "NP03", "adm1_name": "Bagmati", "adm2_pcode": "NP0328", "adm2_name": "Nuwakot", "adm3_pcode": "NP0328301", "adm3_name": "Bidur", "adm4_pcode": null, "adm4_name": null, "name_latin": null }, "geometry": { "type": "Polygon", "coordinates": [ [ [ 85.1385295, 27.9105244 ], [ 85.1386473, 27.9102544 ], [ 85.1386523, 27.910183 ], [ 85.1387139, 27.910064 ], [ 85.1387949, 27.9100832 ], [ 85.1387903, 27.9100388 ], [ 85.1388619, 27.909953 ], [ 85.1391109, 27.9097131 ], [ 85.1391515, 27.9096633 ], [ 85.1391222, 27.9096464 ], [ 85.1392225, 27.9094681 ], [ 85.1393656, 27.9093068 ], [ 85.1394851, 27.9091345 ], [ 85.1394975, 27.9089462 ], [ 85.1393701, 27.9088397 ], [ 85.1393791, 27.9087112 ], [ 85.1394186, 27.9085598 ], [ 85.1394129, 27.908509 ], [ 85.1393588, 27.9084543 ], [ 85.1393983, 27.9083467 ], [ 85.1394625, 27.9082142 ], [ 85.1395685, 27.9081007 ], [ 85.1395449, 27.9079465 ], [ 85.1396443, 27.9077242 ], [ 85.1398115, 27.9077384 ], [ 85.1397964, 27.9074387 ], [ 85.139835, 27.9073036 ], [ 85.1399626, 27.9073384 ], [ 85.1399259, 27.9074775 ], [ 85.1399162, 27.9077083 ], [ 85.1400165, 27.9077115 ], [ 85.1400675, 27.9077938 ], [ 85.1399528, 27.9082036 ], [ 85.1398381, 27.9084672 ], [ 85.1399266, 27.9085091 ], [ 85.1399659, 27.9086395 ], [ 85.1399086, 27.9088668 ], [ 85.1399282, 27.9090232 ], [ 85.1400692, 27.9091535 ], [ 85.1401281, 27.9092925 ], [ 85.1399889, 27.909433 ], [ 85.1398925, 27.9093755 ], [ 85.1398281, 27.9095057 ], [ 85.1397823, 27.9096119 ], [ 85.1397612, 27.9097213 ], [ 85.139758, 27.9098888 ], [ 85.1397736, 27.9099993 ], [ 85.1397637, 27.9100726 ], [ 85.1396597, 27.9102138 ], [ 85.1395811, 27.9103603 ], [ 85.139533, 27.9103681 ], [ 85.1394504, 27.9103199 ], [ 85.1393872, 27.9104162 ], [ 85.1392845, 27.9104797 ], [ 85.1391928, 27.9104414 ], [ 85.1390702, 27.9105771 ], [ 85.1389427, 27.9104895 ], [ 85.1390417, 27.9103462 ], [ 85.13896, 27.9102805 ], [ 85.1388818, 27.9102261 ], [ 85.1386179, 27.9105597 ], [ 85.1385295, 27.9105244 ] ] ] } },
{ "type": "Feature", "properties": { "id": "way/1090901390", "name": null, "name_en": null, "name_ne": null, "status": "Standing", "landuse": "residential", "population": null, "source": null, "adm0_pcode": "NPL", "adm0_name": "Nepal", "adm1_pcode": "NP04", "adm1_name": "Gandaki", "adm2_pcode": "NP0436", "adm2_name": "Gorkha", "adm3_pcode": "NP0436409", "adm3_name": "Gandaki", "adm4_pcode": null, "adm4_name": null, "name_latin": null }, "geometry": { "type": "Polygon", "coordinates": [ [ [ 84.7375752, 27.801085 ], [ 84.7376337, 27.8008759 ], [ 84.7376764, 27.8007254 ], [ 84.7376818, 27.8005854 ], [ 84.7377139, 27.8004494 ], [ 84.7377383, 27.8002941 ], [ 84.7381443, 27.8003523 ], [ 84.7384903, 27.8004543 ], [ 84.7386163, 27.8004745 ], [ 84.7386995, 27.8004116 ], [ 84.7387585, 27.8002669 ], [ 84.7388135, 27.8000545 ], [ 84.7387049, 27.79993 ], [ 84.7386539, 27.7997236 ], [ 84.7382194, 27.7997046 ], [ 84.7380155, 27.7993344 ], [ 84.7379726, 27.7988006 ], [ 84.7377835, 27.7985598 ], [ 84.7377259, 27.7981101 ], [ 84.7379391, 27.7979975 ], [ 84.7385224, 27.7980805 ], [ 84.7385614, 27.7981706 ], [ 84.7383656, 27.7984838 ], [ 84.7385064, 27.7989074 ], [ 84.7386914, 27.7991517 ], [ 84.7388309, 27.7989477 ], [ 84.7392225, 27.7991684 ], [ 84.7391635, 27.799427 ], [ 84.7399682, 27.7998303 ], [ 84.7402444, 27.8000522 ], [ 84.7403491, 27.8001376 ], [ 84.7403128, 27.8004472 ], [ 84.7407326, 27.8002776 ], [ 84.7404926, 27.8000225 ], [ 84.7405301, 27.7999371 ], [ 84.7406696, 27.7999632 ], [ 84.7407299, 27.80007 ], [ 84.7409526, 27.800032 ], [ 84.741269, 27.7999774 ], [ 84.7412959, 27.7997188 ], [ 84.7414273, 27.7994887 ], [ 84.74143, 27.7985776 ], [ 84.7416607, 27.7982264 ], [ 84.7418833, 27.7982691 ], [ 84.7420603, 27.7983545 ], [ 84.7422481, 27.798657 ], [ 84.7423071, 27.7988196 ], [ 84.7423339, 27.7990212 ], [ 84.7417894, 27.7993558 ], [ 84.7418484, 27.7996642 ], [ 84.7420683, 27.8000652 ], [ 84.7423473, 27.8002669 ], [ 84.7425686, 27.8002265 ], [ 84.7426799, 27.8002171 ], [ 84.7428368, 27.8002337 ], [ 84.7429226, 27.8003262 ], [ 84.742983, 27.800376 ], [ 84.743266, 27.8003155 ], [ 84.7434255, 27.8005397 ], [ 84.7438037, 27.8007343 ], [ 84.7435704, 27.8007509 ], [ 84.7432713, 27.8008814 ], [ 84.7430876, 27.800987 ], [ 84.7430769, 27.8010688 ], [ 84.7429843, 27.8011507 ], [ 84.7428127, 27.801089 ], [ 84.7427765, 27.8011329 ], [ 84.742704, 27.801223 ], [ 84.7425351, 27.8012824 ], [ 84.7424358, 27.8012325 ], [ 84.7422963, 27.8010997 ], [ 84.7417518, 27.8013939 ], [ 84.7416955, 27.8014793 ], [ 84.7420214, 27.8017403 ], [ 84.7419906, 27.8018553 ], [ 84.7422212, 27.801923 ], [ 84.7429749, 27.8021412 ], [ 84.7430018, 27.8023216 ], [ 84.7429993, 27.8024043 ], [ 84.7433106, 27.8024601 ], [ 84.7432109, 27.8030974 ], [ 84.7426343, 27.8030499 ], [ 84.7426973, 27.802541 ], [ 84.7421716, 27.8025434 ], [ 84.7420844, 27.8026324 ], [ 84.741556, 27.802611 ], [ 84.7411296, 27.802426 ], [ 84.7407621, 27.8021009 ], [ 84.7404939, 27.8022812 ], [ 84.7401425, 27.802407 ], [ 84.739759, 27.802407 ], [ 84.7397992, 27.8021976 ], [ 84.73959, 27.8022 ], [ 84.7394545, 27.802668 ], [ 84.7393513, 27.8026324 ], [ 84.7393137, 27.8024271 ], [ 84.7392292, 27.8022195 ], [ 84.7390656, 27.8021851 ], [ 84.7389851, 27.8024414 ], [ 84.738725, 27.8023749 ], [ 84.7386673, 27.8025671 ], [ 84.7385493, 27.8027249 ], [ 84.7391206, 27.8028933 ], [ 84.7390147, 27.8030796 ], [ 84.7386968, 27.8029906 ], [ 84.7384031, 27.8028293 ], [ 84.7382542, 27.8025802 ], [ 84.7379628, 27.8022813 ], [ 84.737741, 27.801669 ], [ 84.7376394, 27.8013238 ], [ 84.7375752, 27.801085 ] ] ] } },
{ "type": "Feature", "properties": { "id": "way/1553984501", "name": null, "name_en": null, "name_ne": null, "status": "Standing", "landuse": "residential", "population": null, "source": null, "adm0_pcode": "NPL", "adm0_name": "Nepal", "adm1_pcode": "NP03", "adm1_name": "Bagmati", "adm2_pcode": "NP0328", "adm2_name": "Nuwakot", "adm3_pcode": "NP0328402", "adm3_name": "Kispang", "adm4_pcode": null, "adm4_name": null, "name_latin": null }, "geometry": { "type": "Polygon", "coordinates": [ [ [ 85.1802501, 27.9779944 ], [ 85.1804526, 27.9776901 ], [ 85.1803842, 27.9776687 ], [ 85.1804486, 27.977484 ], [ 85.1806404, 27.9772483 ], [ 85.1804338, 27.9770292 ], [ 85.1805371, 27.9768942 ], [ 85.1806028, 27.976752 ], [ 85.180745, 27.9765116 ], [ 85.1809797, 27.9765921 ], [ 85.1808858, 27.9767509 ], [ 85.1814088, 27.9767927 ], [ 85.1814209, 27.9769486 ], [ 85.1811379, 27.9769404 ], [ 85.1808187, 27.9768788 ], [ 85.1807611, 27.9770375 ], [ 85.1809126, 27.9771772 ], [ 85.180749, 27.9773857 ], [ 85.1807275, 27.9775586 ], [ 85.1809904, 27.977651 ], [ 85.1809421, 27.9779068 ], [ 85.1807463, 27.9780679 ], [ 85.1802501, 27.9779944 ] ] ] } },
{ "type": "Feature", "properties": { "id": "way/1554019212", "name": null, "name_en": null, "name_ne": null, "status": "Standing", "landuse": "residential", "population": null, "source": null, "adm0_pcode": "NPL", "adm0_name": "Nepal", "adm1_pcode": "NP03", "adm1_name": "Bagmati", "adm2_pcode": "NP0328", "adm2_name": "Nuwakot", "adm3_pcode": "NP0328302", "adm3_name": "Belkotgadhi", "adm4_pcode": null, "adm4_name": null, "name_latin": null }, "geometry": { "type": "Polygon", "coordinates": [ [ [ 85.1106814, 27.8551159 ], [ 85.1107167, 27.854985 ], [ 85.1109124, 27.8548977 ], [ 85.1111611, 27.8549148 ], [ 85.1118171, 27.8548446 ], [ 85.1120129, 27.854907 ], [ 85.1120287, 27.8552672 ], [ 85.1119494, 27.8556757 ], [ 85.1115491, 27.855788 ], [ 85.1107819, 27.8552376 ], [ 85.1106814, 27.8551159 ] ] ] } },
{ "type": "Feature", "properties": { "id": "way/1554111524", "name": null, "name_en": null, "name_ne": null, "status": "Standing", "landuse": "residential", "population": null, "source": null, "adm0_pcode": "NPL", "adm0_name": "Nepal", "adm1_pcode": "NP03", "adm1_name": "Bagmati", "adm2_pcode": "NP0329", "adm2_name": "Rasuwa", "adm3_pcode": "NP0329401", "adm3_name": "Aamachhodingmo", "adm4_pcode": null, "adm4_name": null, "name_latin": null }, "geometry": { "type": "Polygon", "coordinates": [ [ [ 85.3381652, 28.1823001 ], [ 85.3397583, 28.1824475 ], [ 85.339947, 28.1823446 ], [ 85.3401293, 28.1823446 ], [ 85.3401498, 28.1824475 ], [ 85.3401498, 28.1827446 ], [ 85.3390857, 28.1832335 ], [ 85.3389519, 28.1832851 ], [ 85.3387711, 28.1832851 ], [ 85.3387711, 28.1831085 ], [ 85.3381652, 28.1823001 ] ] ] } },
{ "type": "Feature", "properties": { "id": "way/1554050922", "name": null, "name_en": null, "name_ne": null, "status": "Standing", "landuse": "residential", "population": null, "source": null, "adm0_pcode": "NPL", "adm0_name": "Nepal", "adm1_pcode": "NP03", "adm1_name": "Bagmati", "adm2_pcode": "NP0328", "adm2_name": "Nuwakot", "adm3_pcode": "NP0328301", "adm3_name": "Bidur", "adm4_pcode": null, "adm4_name": null, "name_latin": null }, "geometry": { "type": "Polygon", "coordinates": [ [ [ 85.0812954, 27.8534813 ], [ 85.0815019, 27.8531801 ], [ 85.0819445, 27.853422 ], [ 85.0820705, 27.8531967 ], [ 85.0821161, 27.8530592 ], [ 85.0819632, 27.8529525 ], [ 85.0817406, 27.852758 ], [ 85.0816655, 27.8526584 ], [ 85.0816655, 27.8525636 ], [ 85.0820464, 27.8525683 ], [ 85.0821912, 27.8527722 ], [ 85.0822502, 27.852943 ], [ 85.0821805, 27.8533912 ], [ 85.0820544, 27.8537113 ], [ 85.0818747, 27.853792 ], [ 85.081695, 27.853792 ], [ 85.0812954, 27.8534813 ] ] ] } },
{ "type": "Feature", "properties": { "id": "way/1553974296", "name": null, "name_en": null, "name_ne": null, "status": "Standing", "landuse": "residential", "population": null, "source": null, "adm0_pcode": "NPL", "adm0_name": "Nepal", "adm1_pcode": "NP03", "adm1_name": "Bagmati", "adm2_pcode": "NP0328", "adm2_name": "Nuwakot", "adm3_pcode": "NP0328402", "adm3_name": "Kispang", "adm4_pcode": null, "adm4_name": null, "name_latin": null }, "geometry": { "type": "Polygon", "coordinates": [ [ [ 85.1827245, 28.0090227 ], [ 85.1827455, 28.0089261 ], [ 85.1828201, 28.0088828 ], [ 85.1828847, 28.0086733 ], [ 85.1828301, 28.0086379 ], [ 85.1828702, 28.0083949 ], [ 85.1829438, 28.0082287 ], [ 85.1830719, 28.0079985 ], [ 85.1831978, 28.0080103 ], [ 85.1831699, 28.0081254 ], [ 85.1831187, 28.008148 ], [ 85.1831109, 28.0083025 ], [ 85.1832423, 28.0085343 ], [ 85.1832267, 28.0087962 ], [ 85.1833125, 28.0090893 ], [ 85.1833337, 28.0092703 ], [ 85.1832904, 28.0094303 ], [ 85.1830871, 28.0094447 ], [ 85.1829367, 28.0093585 ], [ 85.1828614, 28.009309 ], [ 85.1828485, 28.009237 ], [ 85.1828716, 28.0091432 ], [ 85.1828744, 28.0090473 ], [ 85.1827245, 28.0090227 ] ] ] } },
{ "type": "Feature", "properties": { "id": "way/340415959", "name": null, "name_en": null, "name_ne": null, "status": "Standing", "landuse": "residential", "population": null, "source": null, "adm0_pcode": "NPL", "adm0_name": "Nepal", "adm1_pcode": "NP03", "adm1_name": "Bagmati", "adm2_pcode": "NP0328", "adm2_name": "Nuwakot", "adm3_pcode": "NP0328302", "adm3_name": "Belkotgadhi", "adm4_pcode": null, "adm4_name": null, "name_latin": null }, "geometry": { "type": "Polygon", "coordinates": [ [ [ 85.0333011, 27.8511781 ], [ 85.0346505, 27.850773 ], [ 85.0351861, 27.850807 ], [ 85.0351204, 27.8502066 ], [ 85.0342863, 27.8499663 ], [ 85.0345597, 27.848905 ], [ 85.0348555, 27.8490861 ], [ 85.0347555, 27.8492501 ], [ 85.0354009, 27.8496182 ], [ 85.0358222, 27.8496623 ], [ 85.0358573, 27.8498386 ], [ 85.0359639, 27.8498419 ], [ 85.0358723, 27.8494945 ], [ 85.0362282, 27.8492694 ], [ 85.0365254, 27.8492376 ], [ 85.0365636, 27.8491541 ], [ 85.0369464, 27.8493502 ], [ 85.036786, 27.8496967 ], [ 85.0371832, 27.8497265 ], [ 85.0372249, 27.8499779 ], [ 85.0374338, 27.8500468 ], [ 85.0374913, 27.8502185 ], [ 85.0381302, 27.8503502 ], [ 85.0379601, 27.8508413 ], [ 85.0379041, 27.8515822 ], [ 85.0368939, 27.851408 ], [ 85.0359843, 27.8512633 ], [ 85.0357932, 27.8516172 ], [ 85.0339082, 27.8529846 ], [ 85.0333011, 27.8511781 ] ] ] } },
{ "type": "Feature", "properties": { "id": "way/341679280", "name": null, "name_en": null, "name_ne": null, "status": "Standing", "landuse": "residential", "population": null, "source": null, "adm0_pcode": "NPL", "adm0_name": "Nepal", "adm1_pcode": "NP03", "adm1_name": "Bagmati", "adm2_pcode": "NP0328", "adm2_name": "Nuwakot", "adm3_pcode": "NP0328302", "adm3_name": "Belkotgadhi", "adm4_pcode": null, "adm4_name": null, "name_latin": null }, "geometry": { "type": "Polygon", "coordinates": [ [ [ 85.0601335, 27.8560058 ], [ 85.0601998, 27.8559978 ], [ 85.0602085, 27.8558559 ], [ 85.0604678, 27.8558396 ], [ 85.0605568, 27.8556954 ], [ 85.0608346, 27.8555579 ], [ 85.0609991, 27.8554745 ], [ 85.0612162, 27.8554351 ], [ 85.0616793, 27.8556561 ], [ 85.061809, 27.8557347 ], [ 85.0617016, 27.8558985 ], [ 85.061709, 27.8560132 ], [ 85.0620202, 27.8560623 ], [ 85.0622922, 27.8561458 ], [ 85.0622783, 27.8563751 ], [ 85.0621485, 27.856372 ], [ 85.062139, 27.8565228 ], [ 85.0619424, 27.8565176 ], [ 85.0618412, 27.856534 ], [ 85.0617723, 27.8565254 ], [ 85.0617219, 27.8565191 ], [ 85.0615622, 27.8565237 ], [ 85.0615574, 27.8563653 ], [ 85.0612921, 27.8563185 ], [ 85.0613006, 27.8562132 ], [ 85.0613607, 27.8561114 ], [ 85.0611706, 27.8561251 ], [ 85.061027, 27.8561355 ], [ 85.0609709, 27.8560526 ], [ 85.0610065, 27.8558621 ], [ 85.0609019, 27.855871 ], [ 85.0608592, 27.8560594 ], [ 85.0607404, 27.8560609 ], [ 85.060681, 27.8560617 ], [ 85.0605345, 27.8560754 ], [ 85.0602633, 27.8561362 ], [ 85.0601406, 27.8561397 ], [ 85.0601335, 27.8560058 ] ] ] } },
{ "type": "Feature", "properties": { "id": "way/344402915", "name": null, "name_en": null, "name_ne": null, "status": "Standing", "landuse": "residential", "population": null, "source": null, "adm0_pcode": "NPL", "adm0_name": "Nepal", "adm1_pcode": "NP03", "adm1_name": "Bagmati", "adm2_pcode": "NP0328", "adm2_name": "Nuwakot", "adm3_pcode": "NP0328403", "adm3_name": "Tarakeshwor", "adm4_pcode": null, "adm4_name": null, "name_latin": null }, "geometry": { "type": "Polygon", "coordinates": [ [ [ 85.0566387, 27.8595394 ], [ 85.0568576, 27.8595201 ], [ 85.0576819, 27.8596246 ], [ 85.0576343, 27.8601716 ], [ 85.0573517, 27.8603812 ], [ 85.0580399, 27.8607522 ], [ 85.0580125, 27.8608298 ], [ 85.0578356, 27.8608092 ], [ 85.0576126, 27.8610025 ], [ 85.057379, 27.8610171 ], [ 85.0571166, 27.8611399 ], [ 85.0566782, 27.8611265 ], [ 85.0567839, 27.860748 ], [ 85.0567599, 27.8603362 ], [ 85.0566387, 27.8595394 ] ] ] } },
{ "type": "Feature", "properties": { "id": "way/1554410025", "name": null, "name_en": null, "name_ne": null, "status": "Standing", "landuse": "residential", "population": null, "source": null, "adm0_pcode": "NPL", "adm0_name": "Nepal", "adm1_pcode": "NP04", "adm1_name": "Gandaki", "adm2_pcode": "NP0436", "adm2_name": "Gorkha", "adm3_pcode": "NP0436409", "adm3_name": "Gandaki", "adm4_pcode": null, "adm4_name": null, "name_latin": null }, "geometry": { "type": "Polygon", "coordinates": [ [ [ 84.6790378, 27.8124959 ], [ 84.6790653, 27.8124413 ], [ 84.6791451, 27.8124556 ], [ 84.6794126, 27.8122948 ], [ 84.6795407, 27.8122735 ], [ 84.6796567, 27.8123043 ], [ 84.6797398, 27.8122723 ], [ 84.679874, 27.8122842 ], [ 84.6799531, 27.8124063 ], [ 84.6799652, 27.8124526 ], [ 84.6798445, 27.8125344 ], [ 84.6795058, 27.8126365 ], [ 84.6792477, 27.8126228 ], [ 84.6790948, 27.8125095 ], [ 84.6790378, 27.8124959 ] ] ] } },
{ "type": "Feature", "properties": { "id": "way/341268228", "name": "Dharapani", "name_en": null, "name_ne": null, "status": "Standing", "landuse": "residential", "population": null, "source": null, "adm0_pcode": "NPL", "adm0_name": "Nepal", "adm1_pcode": "NP03", "adm1_name": "Bagmati", "adm2_pcode": "NP0335", "adm2_name": "Chitawan", "adm3_pcode": "NP0335401", "adm3_name": "Ichchha Kamana", "adm4_pcode": null, "adm4_name": null, "name_latin": "Dharapani" }, "geometry": { "type": "Polygon", "coordinates": [ [ [ 84.6140519, 27.8713678 ], [ 84.6141002, 27.8712137 ], [ 84.6146922, 27.8713593 ], [ 84.6147761, 27.8712279 ], [ 84.6153018, 27.8712492 ], [ 84.6155298, 27.8710406 ], [ 84.6159348, 27.8711805 ], [ 84.6161484, 27.8713522 ], [ 84.6162897, 27.8711625 ], [ 84.616572, 27.8706593 ], [ 84.6168387, 27.8704561 ], [ 84.6169266, 27.8704361 ], [ 84.6168172, 27.8698266 ], [ 84.6170908, 27.8697792 ], [ 84.6171848, 27.8703774 ], [ 84.6172136, 27.8712719 ], [ 84.6169886, 27.8713902 ], [ 84.616877, 27.871445 ], [ 84.6169681, 27.8715578 ], [ 84.6162302, 27.872136 ], [ 84.6159223, 27.8722949 ], [ 84.6161, 27.8726554 ], [ 84.6160905, 27.8727883 ], [ 84.6160597, 27.8732779 ], [ 84.6159435, 27.8733391 ], [ 84.6157367, 27.8734479 ], [ 84.6154578, 27.8731355 ], [ 84.6152754, 27.8729248 ], [ 84.6152271, 27.8728954 ], [ 84.6149589, 27.8728522 ], [ 84.6149508, 27.8730772 ], [ 84.6147684, 27.8730603 ], [ 84.6147937, 27.8728131 ], [ 84.6146677, 27.8723542 ], [ 84.6154674, 27.8717343 ], [ 84.6155398, 27.8717051 ], [ 84.6154842, 27.8714863 ], [ 84.6152213, 27.8714057 ], [ 84.614996, 27.8713583 ], [ 84.6146849, 27.8715432 ], [ 84.6146956, 27.8717851 ], [ 84.614481, 27.8719202 ], [ 84.6141779, 27.8718823 ], [ 84.6140814, 27.8717424 ], [ 84.6142021, 27.8716855 ], [ 84.6144354, 27.8717163 ], [ 84.61454, 27.871612 ], [ 84.6145695, 27.8714958 ], [ 84.6140519, 27.8713678 ] ] ] } },
{ "type": "Feature", "properties": { "id": "way/1554449661", "name": null, "name_en": null, "name_ne": null, "status": "Standing", "landuse": "residential", "population": null, "source": null, "adm0_pcode": "NPL", "adm0_name": "Nepal", "adm1_pcode": "NP03", "adm1_name": "Bagmati", "adm2_pcode": "NP0335", "adm2_name": "Chitawan", "adm3_pcode": "NP0335401", "adm3_name": "Ichchha Kamana", "adm4_pcode": null, "adm4_name": null, "name_latin": null }, "geometry": { "type": "Polygon", "coordinates": [ [ [ 84.6069896, 27.8690323 ], [ 84.6073893, 27.8689635 ], [ 84.6075851, 27.8692694 ], [ 84.6076173, 27.869331 ], [ 84.6079633, 27.8692812 ], [ 84.6079954, 27.869516 ], [ 84.6079203, 27.869625 ], [ 84.6070406, 27.869727 ], [ 84.6070594, 27.8693737 ], [ 84.6069896, 27.8690323 ] ] ] } },
{ "type": "Feature", "properties": { "id": "way/345313510", "name": null, "name_en": null, "name_ne": null, "status": "Standing", "landuse": "residential", "population": null, "source": null, "adm0_pcode": "NPL", "adm0_name": "Nepal", "adm1_pcode": "NP04", "adm1_name": "Gandaki", "adm2_pcode": "NP0436", "adm2_name": "Gorkha", "adm3_pcode": "NP0436409", "adm3_name": "Gandaki", "adm4_pcode": null, "adm4_name": null, "name_latin": null }, "geometry": { "type": "Polygon", "coordinates": [ [ [ 84.654706, 27.8555597 ], [ 84.6547684, 27.8551227 ], [ 84.6557026, 27.854855 ], [ 84.6559023, 27.8547118 ], [ 84.6560373, 27.8546115 ], [ 84.6566724, 27.8548105 ], [ 84.6565668, 27.8550089 ], [ 84.6559922, 27.8554223 ], [ 84.6559833, 27.8555997 ], [ 84.6558591, 27.8557477 ], [ 84.655708, 27.8558097 ], [ 84.6553678, 27.8557572 ], [ 84.655195, 27.8556045 ], [ 84.654706, 27.8555597 ] ] ] } },
{ "type": "Feature", "properties": { "id": "way/345313507", "name": null, "name_en": null, "name_ne": null, "status": "Standing", "landuse": "residential", "population": null, "source": null, "adm0_pcode": "NPL", "adm0_name": "Nepal", "adm1_pcode": "NP03", "adm1_name": "Bagmati", "adm2_pcode": "NP0335", "adm2_name": "Chitawan", "adm3_pcode": "NP0335401", "adm3_name": "Ichchha Kamana", "adm4_pcode": null, "adm4_name": null, "name_latin": null }, "geometry": { "type": "Polygon", "coordinates": [ [ [ 84.6569527, 27.8465373 ], [ 84.6573246, 27.845887 ], [ 84.6574688, 27.844153 ], [ 84.657821, 27.8441352 ], [ 84.6585194, 27.8448567 ], [ 84.6586295, 27.8458242 ], [ 84.6596202, 27.845742 ], [ 84.659811, 27.8464472 ], [ 84.6595338, 27.8467684 ], [ 84.6590248, 27.8465419 ], [ 84.6587305, 27.8470002 ], [ 84.6594781, 27.8475574 ], [ 84.6585039, 27.8483332 ], [ 84.6575681, 27.8481491 ], [ 84.6579392, 27.8469105 ], [ 84.6578619, 27.8467903 ], [ 84.6574822, 27.8468434 ], [ 84.6569527, 27.8465373 ] ] ] } },
{ "type": "Feature", "properties": { "id": "way/1553922931", "name": null, "name_en": null, "name_ne": null, "status": "Standing", "landuse": "residential", "population": null, "source": null, "adm0_pcode": "NPL", "adm0_name": "Nepal", "adm1_pcode": "NP03", "adm1_name": "Bagmati", "adm2_pcode": "NP0328", "adm2_name": "Nuwakot", "adm3_pcode": "NP0328301", "adm3_name": "Bidur", "adm4_pcode": null, "adm4_name": null, "name_latin": null }, "geometry": { "type": "Polygon", "coordinates": [ [ [ 85.1551312, 27.9428983 ], [ 85.15515, 27.942749 ], [ 85.1553968, 27.9427656 ], [ 85.1554933, 27.9428201 ], [ 85.1555175, 27.9428936 ], [ 85.1554826, 27.9429647 ], [ 85.1554289, 27.9429836 ], [ 85.1553056, 27.9429741 ], [ 85.1551312, 27.9428983 ] ] ] } },
{ "type": "Feature", "properties": { "id": "way/1553969329", "name": null, "name_en": null, "name_ne": null, "status": "Standing", "landuse": "residential", "population": null, "source": null, "adm0_pcode": "NPL", "adm0_name": "Nepal", "adm1_pcode": "NP03", "adm1_name": "Bagmati", "adm2_pcode": "NP0328", "adm2_name": "Nuwakot", "adm3_pcode": "NP0328402", "adm3_name": "Kispang", "adm4_pcode": null, "adm4_name": null, "name_latin": null }, "geometry": { "type": "Polygon", "coordinates": [ [ [ 85.1867353, 28.0031583 ], [ 85.1869209, 28.0029397 ], [ 85.1870563, 28.0029496 ], [ 85.1871592, 28.0033773 ], [ 85.1870027, 28.0037261 ], [ 85.186802, 28.0038125 ], [ 85.1867353, 28.0031583 ] ] ] } },
{ "type": "Feature", "properties": { "id": "way/1554411080", "name": null, "name_en": null, "name_ne": null, "status": "Standing", "landuse": "residential", "population": null, "source": null, "adm0_pcode": "NPL", "adm0_name": "Nepal", "adm1_pcode": "NP03", "adm1_name": "Bagmati", "adm2_pcode": "NP0330", "adm2_name": "Dhading", "adm3_pcode": "NP0330408", "adm3_name": "Benighat Rorang", "adm4_pcode": null, "adm4_name": null, "name_latin": null }, "geometry": { "type": "Polygon", "coordinates": [ [ [ 84.7416986, 27.7999663 ], [ 84.7418604, 27.7999167 ], [ 84.7418808, 27.7999771 ], [ 84.7419092, 27.7999663 ], [ 84.7419287, 27.8000023 ], [ 84.7419523, 27.799998 ], [ 84.7419783, 27.8000483 ], [ 84.7418035, 27.8001224 ], [ 84.7417645, 27.8001145 ], [ 84.7417434, 27.8000368 ], [ 84.7417222, 27.8000433 ], [ 84.7416986, 27.7999663 ] ] ] } },
{ "type": "Feature", "properties": { "id": "way/1554449662", "name": null, "name_en": null, "name_ne": null, "status": "Standing", "landuse": "residential", "population": null, "source": null, "adm0_pcode": "NPL", "adm0_name": "Nepal", "adm1_pcode": "NP03", "adm1_name": "Bagmati", "adm2_pcode": "NP0335", "adm2_name": "Chitawan", "adm3_pcode": "NP0335401", "adm3_name": "Ichchha Kamana", "adm4_pcode": null, "adm4_name": null, "name_latin": null }, "geometry": { "type": "Polygon", "coordinates": [ [ [ 84.6063566, 27.8700566 ], [ 84.6067013, 27.8699819 ], [ 84.6067509, 27.8702012 ], [ 84.6064049, 27.8702474 ], [ 84.6063566, 27.8700566 ] ] ] } },
{ "type": "Feature", "properties": { "id": "way/1553922930", "name": null, "name_en": null, "name_ne": null, "status": "Standing", "landuse": "residential", "population": null, "source": null, "adm0_pcode": "NPL", "adm0_name": "Nepal", "adm1_pcode": "NP03", "adm1_name": "Bagmati", "adm2_pcode": "NP0328", "adm2_name": "Nuwakot", "adm3_pcode": "NP0328301", "adm3_name": "Bidur", "adm4_pcode": null, "adm4_name": null, "name_latin": null }, "geometry": { "type": "Polygon", "coordinates": [ [ [ 85.1573038, 27.9398333 ], [ 85.1573521, 27.9397528 ], [ 85.1574352, 27.939767 ], [ 85.1575586, 27.9397622 ], [ 85.1577196, 27.9396284 ], [ 85.1576525, 27.9394435 ], [ 85.1577343, 27.9393997 ], [ 85.1577705, 27.9394222 ], [ 85.1577973, 27.9394814 ], [ 85.1577987, 27.9396592 ], [ 85.1579046, 27.9398073 ], [ 85.1580441, 27.9400537 ], [ 85.1579355, 27.9401402 ], [ 85.1579395, 27.9402053 ], [ 85.1578242, 27.9403297 ], [ 85.1574782, 27.9400359 ], [ 85.1573776, 27.9398866 ], [ 85.1573038, 27.9398333 ] ] ] } },
{ "type": "Feature", "properties": { "id": "way/342529953", "name": "Majhimtar", "name_en": null, "name_ne": null, "status": "Standing", "landuse": "residential", "population": null, "source": null, "adm0_pcode": "NPL", "adm0_name": "Nepal", "adm1_pcode": "NP03", "adm1_name": "Bagmati", "adm2_pcode": "NP0330", "adm2_name": "Dhading", "adm3_pcode": "NP0330408", "adm3_name": "Benighat Rorang", "adm4_pcode": null, "adm4_name": null, "name_latin": "Majhimtar" }, "geometry": { "type": "Polygon", "coordinates": [ [ [ 84.702554, 27.8069788 ], [ 84.7026586, 27.8064023 ], [ 84.7027284, 27.8058187 ], [ 84.7032487, 27.8054913 ], [ 84.7033304, 27.8051979 ], [ 84.7036996, 27.8048651 ], [ 84.7039812, 27.8052352 ], [ 84.7042646, 27.8052481 ], [ 84.7050972, 27.8048817 ], [ 84.7056028, 27.8043596 ], [ 84.7059262, 27.804224 ], [ 84.7060141, 27.8043121 ], [ 84.7060838, 27.8044023 ], [ 84.7063877, 27.8046604 ], [ 84.7060192, 27.805318 ], [ 84.7059336, 27.805534 ], [ 84.7062756, 27.8058092 ], [ 84.7059189, 27.8063359 ], [ 84.7058424, 27.8062078 ], [ 84.7055253, 27.8062863 ], [ 84.705483, 27.8061081 ], [ 84.7054937, 27.8059065 ], [ 84.7054642, 27.8055791 ], [ 84.7053784, 27.8053466 ], [ 84.7052041, 27.8055103 ], [ 84.7052309, 27.805738 ], [ 84.7050834, 27.8059136 ], [ 84.705188, 27.8060441 ], [ 84.7053114, 27.8059421 ], [ 84.7054355, 27.8060347 ], [ 84.7053623, 27.8062896 ], [ 84.7051316, 27.8063822 ], [ 84.7048385, 27.806382 ], [ 84.7048245, 27.8062268 ], [ 84.7050405, 27.8062481 ], [ 84.7050793, 27.806292 ], [ 84.7051411, 27.8061995 ], [ 84.7048621, 27.8058804 ], [ 84.7045791, 27.8061022 ], [ 84.7044893, 27.8060559 ], [ 84.7043847, 27.8059053 ], [ 84.7037786, 27.8064826 ], [ 84.7035223, 27.8066752 ], [ 84.7029456, 27.8068934 ], [ 84.702554, 27.8069788 ] ] ] } },
{ "type": "Feature", "properties": { "id": "way/1554415256", "name": null, "name_en": null, "name_ne": null, "status": "Standing", "landuse": "residential", "population": null, "source": null, "adm0_pcode": "NPL", "adm0_name": "Nepal", "adm1_pcode": "NP04", "adm1_name": "Gandaki", "adm2_pcode": "NP0436", "adm2_name": "Gorkha", "adm3_pcode": "NP0436409", "adm3_name": "Gandaki", "adm4_pcode": null, "adm4_name": null, "name_latin": null }, "geometry": { "type": "Polygon", "coordinates": [ [ [ 84.6974176, 27.8093157 ], [ 84.698689, 27.8091662 ], [ 84.6994588, 27.8089717 ], [ 84.7001347, 27.8086538 ], [ 84.7009554, 27.8088768 ], [ 84.7006872, 27.8098281 ], [ 84.7003975, 27.8098092 ], [ 84.7001401, 27.8093679 ], [ 84.699727, 27.8094936 ], [ 84.699558, 27.809655 ], [ 84.6990135, 27.809738 ], [ 84.698351, 27.8098851 ], [ 84.6975893, 27.8095624 ], [ 84.6974176, 27.8093157 ] ] ] } },
{ "type": "Feature", "properties": { "id": "way/1554439127", "name": null, "name_en": null, "name_ne": null, "status": "Standing", "landuse": "residential", "population": null, "source": null, "adm0_pcode": "NPL", "adm0_name": "Nepal", "adm1_pcode": "NP04", "adm1_name": "Gandaki", "adm2_pcode": "NP0436", "adm2_name": "Gorkha", "adm3_pcode": "NP0436408", "adm3_name": "Shahid Lakhan", "adm4_pcode": null, "adm4_name": null, "name_latin": null }, "geometry": { "type": "Polygon", "coordinates": [ [ [ 84.590152, 27.8773395 ], [ 84.5901922, 27.8772856 ], [ 84.5906118, 27.8772714 ], [ 84.5907699, 27.8772714 ], [ 84.5908088, 27.8773751 ], [ 84.5908088, 27.8775047 ], [ 84.5907335, 27.8775089 ], [ 84.5905695, 27.8775089 ], [ 84.590152, 27.8774809 ], [ 84.590152, 27.8773395 ] ] ] } },
{ "type": "Feature", "properties": { "id": "way/1554491887", "name": null, "name_en": null, "name_ne": null, "status": "Standing", "landuse": "residential", "population": null, "source": null, "adm0_pcode": "NPL", "adm0_name": "Nepal", "adm1_pcode": "NP04", "adm1_name": "Gandaki", "adm2_pcode": "NP0436", "adm2_name": "Gorkha", "adm3_pcode": "NP0436409", "adm3_name": "Gandaki", "adm4_pcode": null, "adm4_name": null, "name_latin": null }, "geometry": { "type": "Polygon", "coordinates": [ [ [ 84.7513909, 27.8070279 ], [ 84.7515398, 27.8069329 ], [ 84.7521192, 27.8076624 ], [ 84.7522936, 27.8080095 ], [ 84.7520611, 27.8081606 ], [ 84.751545, 27.8075285 ], [ 84.7513909, 27.8070279 ] ] ] } },
{ "type": "Feature", "properties": { "id": "way/1554491894", "name": null, "name_en": null, "name_ne": null, "status": "Standing", "landuse": "residential", "population": null, "source": null, "adm0_pcode": "NPL", "adm0_name": "Nepal", "adm1_pcode": "NP04", "adm1_name": "Gandaki", "adm2_pcode": "NP0436", "adm2_name": "Gorkha", "adm3_pcode": "NP0436409", "adm3_name": "Gandaki", "adm4_pcode": null, "adm4_name": null, "name_latin": null }, "geometry": { "type": "Polygon", "coordinates": [ [ [ 84.7535209, 27.8084764 ], [ 84.7535317, 27.8083048 ], [ 84.7537364, 27.8081261 ], [ 84.7542966, 27.8085478 ], [ 84.7544502, 27.8087742 ], [ 84.7537391, 27.8090172 ], [ 84.7535209, 27.8084764 ] ] ] } },
{ "type": "Feature", "properties": { "id": "way/594029435", "name": null, "name_en": null, "name_ne": null, "status": "Standing", "landuse": "residential", "population": null, "source": null, "adm0_pcode": "NPL", "adm0_name": "Nepal", "adm1_pcode": "NP03", "adm1_name": "Bagmati", "adm2_pcode": "NP0330", "adm2_name": "Dhading", "adm3_pcode": "NP0330410", "adm3_name": "Galchhi", "adm4_pcode": null, "adm4_name": null, "name_latin": null }, "geometry": { "type": "Polygon", "coordinates": [ [ [ 84.9756075, 27.8031318 ], [ 84.9758723, 27.8030019 ], [ 84.9758382, 27.8029366 ], [ 84.9756402, 27.8029273 ], [ 84.9756317, 27.80273 ], [ 84.9759646, 27.8027264 ], [ 84.9759768, 27.8028607 ], [ 84.9762061, 27.8031294 ], [ 84.9759915, 27.8032058 ], [ 84.9759922, 27.8032857 ], [ 84.9759039, 27.803338 ], [ 84.9757384, 27.8033979 ], [ 84.9756075, 27.8031318 ] ] ] } },
{ "type": "Feature", "properties": { "id": "way/340489104", "name": null, "name_en": null, "name_ne": null, "status": "Standing", "landuse": "residential", "population": null, "source": null, "adm0_pcode": "NPL", "adm0_name": "Nepal", "adm1_pcode": "NP03", "adm1_name": "Bagmati", "adm2_pcode": "NP0330", "adm2_name": "Dhading", "adm3_pcode": "NP0330410", "adm3_name": "Galchhi", "adm4_pcode": null, "adm4_name": null, "name_latin": null }, "geometry": { "type": "Polygon", "coordinates": [ [ [ 84.9615437, 27.811288 ], [ 84.9617135, 27.8109564 ], [ 84.9622137, 27.810854 ], [ 84.9629821, 27.8101656 ], [ 84.9635233, 27.8105936 ], [ 84.9618824, 27.8115298 ], [ 84.9615437, 27.811288 ] ] ] } },
{ "type": "Feature", "properties": { "id": "way/1554542863", "name": null, "name_en": null, "name_ne": null, "status": "Standing", "landuse": "residential", "population": null, "source": null, "adm0_pcode": "NPL", "adm0_name": "Nepal", "adm1_pcode": "NP03", "adm1_name": "Bagmati", "adm2_pcode": "NP0328", "adm2_name": "Nuwakot", "adm3_pcode": "NP0328302", "adm3_name": "Belkotgadhi", "adm4_pcode": null, "adm4_name": null, "name_latin": null }, "geometry": { "type": "Polygon", "coordinates": [ [ [ 85.0186424, 27.8211974 ], [ 85.0188666, 27.8211322 ], [ 85.0196298, 27.8220456 ], [ 85.0206483, 27.8246551 ], [ 85.0207675, 27.8252447 ], [ 85.0201291, 27.8258118 ], [ 85.0196383, 27.8253627 ], [ 85.0187474, 27.823674 ], [ 85.0186424, 27.8211974 ] ] ] } },
{ "type": "Feature", "properties": { "id": "way/345314641", "name": null, "name_en": null, "name_ne": null, "status": "Standing", "landuse": "residential", "population": null, "source": null, "adm0_pcode": "NPL", "adm0_name": "Nepal", "adm1_pcode": "NP03", "adm1_name": "Bagmati", "adm2_pcode": "NP0335", "adm2_name": "Chitawan", "adm3_pcode": "NP0335401", "adm3_name": "Ichchha Kamana", "adm4_pcode": null, "adm4_name": null, "name_latin": null }, "geometry": { "type": "Polygon", "coordinates": [ [ [ 84.6628235, 27.8442263 ], [ 84.6634093, 27.8439743 ], [ 84.6636437, 27.8437546 ], [ 84.6640563, 27.8434146 ], [ 84.6644434, 27.8432904 ], [ 84.6647554, 27.8436149 ], [ 84.6642754, 27.844143 ], [ 84.6643822, 27.844231 ], [ 84.6644361, 27.8444925 ], [ 84.6649075, 27.8447177 ], [ 84.6650723, 27.8452318 ], [ 84.6647901, 27.8453726 ], [ 84.6644125, 27.8449635 ], [ 84.6638756, 27.8451595 ], [ 84.6639016, 27.8448366 ], [ 84.6637703, 27.8447412 ], [ 84.6633202, 27.8446376 ], [ 84.6628235, 27.8442263 ] ] ] } },
{ "type": "Feature", "properties": { "id": "way/593355433", "name": null, "name_en": null, "name_ne": null, "status": "Standing", "landuse": "residential", "population": null, "source": null, "adm0_pcode": "NPL", "adm0_name": "Nepal", "adm1_pcode": "NP03", "adm1_name": "Bagmati", "adm2_pcode": "NP0330", "adm2_name": "Dhading", "adm3_pcode": "NP0330407", "adm3_name": "Siddhalek", "adm4_pcode": null, "adm4_name": null, "name_latin": null }, "geometry": { "type": "Polygon", "coordinates": [ [ [ 84.8576523, 27.8068965 ], [ 84.8576735, 27.8068527 ], [ 84.8579855, 27.8067396 ], [ 84.8583814, 27.8066398 ], [ 84.858537, 27.8065341 ], [ 84.858892, 27.8062505 ], [ 84.8591414, 27.8059658 ], [ 84.8595571, 27.8056004 ], [ 84.8599488, 27.8056146 ], [ 84.8603472, 27.8054679 ], [ 84.8604637, 27.8057902 ], [ 84.8601392, 27.8059753 ], [ 84.8598897, 27.8058661 ], [ 84.8588786, 27.8065897 ], [ 84.8585677, 27.8067552 ], [ 84.8581587, 27.8070301 ], [ 84.8576523, 27.8068965 ] ] ] } },
{ "type": "Feature", "properties": { "id": "way/1553931132", "name": null, "name_en": null, "name_ne": null, "status": "Standing", "landuse": "residential", "population": null, "source": null, "adm0_pcode": "NPL", "adm0_name": "Nepal", "adm1_pcode": "NP03", "adm1_name": "Bagmati", "adm2_pcode": "NP0328", "adm2_name": "Nuwakot", "adm3_pcode": "NP0328301", "adm3_name": "Bidur", "adm4_pcode": null, "adm4_name": null, "name_latin": null }, "geometry": { "type": "Polygon", "coordinates": [ [ [ 85.1613155, 27.9588335 ], [ 85.161347, 27.9587027 ], [ 85.1614649, 27.9586393 ], [ 85.1616976, 27.958689 ], [ 85.1618001, 27.9587696 ], [ 85.1617827, 27.9588511 ], [ 85.161662, 27.9588738 ], [ 85.1613155, 27.9588335 ] ] ] } },
{ "type": "Feature", "properties": { "id": "way/594010905", "name": null, "name_en": null, "name_ne": null, "status": "Standing", "landuse": "residential", "population": null, "source": null, "adm0_pcode": "NPL", "adm0_name": "Nepal", "adm1_pcode": "NP03", "adm1_name": "Bagmati", "adm2_pcode": "NP0330", "adm2_name": "Dhading", "adm3_pcode": "NP0330409", "adm3_name": "Gajuri", "adm4_pcode": null, "adm4_name": null, "name_latin": null }, "geometry": { "type": "Polygon", "coordinates": [ [ [ 84.9316311, 27.7997234 ], [ 84.9316615, 27.799601 ], [ 84.9319066, 27.7996036 ], [ 84.9319907, 27.7996862 ], [ 84.9320234, 27.7998101 ], [ 84.9318833, 27.7998886 ], [ 84.9316731, 27.7998638 ], [ 84.9316311, 27.7997234 ] ] ] } },
{ "type": "Feature", "properties": { "id": "way/340643192", "name": null, "name_en": null, "name_ne": null, "status": "Standing", "landuse": "residential", "population": null, "source": null, "adm0_pcode": "NPL", "adm0_name": "Nepal", "adm1_pcode": "NP04", "adm1_name": "Gandaki", "adm2_pcode": "NP0436", "adm2_name": "Gorkha", "adm3_pcode": "NP0436408", "adm3_name": "Shahid Lakhan", "adm4_pcode": null, "adm4_name": null, "name_latin": null }, "geometry": { "type": "Polygon", "coordinates": [ [ [ 84.5886283, 27.8822083 ], [ 84.5886287, 27.8820581 ], [ 84.589087, 27.8817738 ], [ 84.5896994, 27.8817168 ], [ 84.5898799, 27.8816471 ], [ 84.5900652, 27.881585 ], [ 84.5903107, 27.8814039 ], [ 84.5904364, 27.8814651 ], [ 84.5904954, 27.8815119 ], [ 84.5906201, 27.8813626 ], [ 84.5908588, 27.8816044 ], [ 84.5912772, 27.8813116 ], [ 84.5913671, 27.8811445 ], [ 84.5909876, 27.8809251 ], [ 84.5910303, 27.8806154 ], [ 84.593269, 27.8790887 ], [ 84.5935481, 27.8789289 ], [ 84.5947468, 27.8778216 ], [ 84.5957565, 27.8781939 ], [ 84.5956305, 27.878246 ], [ 84.5955178, 27.8783504 ], [ 84.594799, 27.8786206 ], [ 84.5939836, 27.8789052 ], [ 84.5932084, 27.8796093 ], [ 84.5932889, 27.8798606 ], [ 84.5945334, 27.8797587 ], [ 84.5944986, 27.8795453 ], [ 84.5946458, 27.8795354 ], [ 84.5946968, 27.87973 ], [ 84.593576, 27.8813135 ], [ 84.5921105, 27.8832682 ], [ 84.5919327, 27.8832682 ], [ 84.5905422, 27.8826285 ], [ 84.5904202, 27.8822451 ], [ 84.5904031, 27.8822955 ], [ 84.5900329, 27.8823093 ], [ 84.5897632, 27.8821715 ], [ 84.5886283, 27.8822083 ] ] ] } },
{ "type": "Feature", "properties": { "id": "way/342856314", "name": null, "name_en": null, "name_ne": null, "status": "Standing", "landuse": "residential", "population": null, "source": null, "adm0_pcode": "NPL", "adm0_name": "Nepal", "adm1_pcode": "NP03", "adm1_name": "Bagmati", "adm2_pcode": "NP0330", "adm2_name": "Dhading", "adm3_pcode": "NP0330407", "adm3_name": "Siddhalek", "adm4_pcode": null, "adm4_name": null, "name_latin": null }, "geometry": { "type": "Polygon", "coordinates": [ [ [ 84.8676504, 27.805075 ], [ 84.8676547, 27.804808 ], [ 84.8683333, 27.804948 ], [ 84.8685185, 27.8053768 ], [ 84.8688081, 27.8055103 ], [ 84.8691004, 27.8053869 ], [ 84.869337, 27.8055531 ], [ 84.869079, 27.8060037 ], [ 84.8688286, 27.8060576 ], [ 84.8682837, 27.8057946 ], [ 84.8681268, 27.8056265 ], [ 84.8677513, 27.8054652 ], [ 84.8678827, 27.8052279 ], [ 84.8676504, 27.805075 ] ] ] } },
{ "type": "Feature", "properties": { "id": "way/594033469", "name": null, "name_en": null, "name_ne": null, "status": "Standing", "landuse": "residential", "population": null, "source": null, "adm0_pcode": "NPL", "adm0_name": "Nepal", "adm1_pcode": "NP03", "adm1_name": "Bagmati", "adm2_pcode": "NP0330", "adm2_name": "Dhading", "adm3_pcode": "NP0330410", "adm3_name": "Galchhi", "adm4_pcode": null, "adm4_name": null, "name_latin": null }, "geometry": { "type": "Polygon", "coordinates": [ [ [ 84.9984857, 27.8037592 ], [ 84.9987979, 27.8032618 ], [ 84.9995524, 27.8034675 ], [ 85.0003087, 27.8031282 ], [ 85.000908, 27.8029646 ], [ 85.001598, 27.8025612 ], [ 85.0024158, 27.8032409 ], [ 85.0023516, 27.8040006 ], [ 85.0005327, 27.8035851 ], [ 84.9995139, 27.8039172 ], [ 84.9994372, 27.8043322 ], [ 84.9990601, 27.8043024 ], [ 84.9984857, 27.8037592 ] ] ] } },
{ "type": "Feature", "properties": { "id": "relation/21304220", "name": null, "name_en": null, "name_ne": null, "status": "Standing", "landuse": "residential", "population": null, "source": null, "adm0_pcode": "NPL", "adm0_name": "Nepal", "adm1_pcode": "NP03", "adm1_name": "Bagmati", "adm2_pcode": "NP0328", "adm2_name": "Nuwakot", "adm3_pcode": "NP0328301", "adm3_name": "Bidur", "adm4_pcode": null, "adm4_name": null, "name_latin": null }, "geometry": { "type": "Polygon", "coordinates": [ [ [ 85.1380804, 27.9241563 ], [ 85.1381837, 27.9240408 ], [ 85.1381823, 27.9239039 ], [ 85.1382253, 27.9238606 ], [ 85.1383064, 27.9237972 ], [ 85.1384291, 27.9237048 ], [ 85.1385816, 27.9236599 ], [ 85.1391684, 27.9231832 ], [ 85.1394117, 27.9231927 ], [ 85.1403152, 27.923639 ], [ 85.1403568, 27.9233493 ], [ 85.140544, 27.9230383 ], [ 85.1391255, 27.9220628 ], [ 85.1391704, 27.922021 ], [ 85.1394368, 27.9217732 ], [ 85.1396008, 27.9216207 ], [ 85.1395434, 27.9213986 ], [ 85.1395408, 27.9210634 ], [ 85.1397139, 27.9206002 ], [ 85.1397385, 27.9202434 ], [ 85.1398859, 27.9197325 ], [ 85.1409959, 27.9201735 ], [ 85.1416418, 27.9205018 ], [ 85.1422844, 27.9211016 ], [ 85.142113, 27.921379 ], [ 85.1422853, 27.9215236 ], [ 85.1426849, 27.9216295 ], [ 85.1428484, 27.9215904 ], [ 85.1429231, 27.9213112 ], [ 85.1437866, 27.9213323 ], [ 85.1441641, 27.9216492 ], [ 85.1442626, 27.9217319 ], [ 85.1444469, 27.9215605 ], [ 85.1449257, 27.9219431 ], [ 85.1449191, 27.9221373 ], [ 85.1448563, 27.922271 ], [ 85.1446957, 27.922365 ], [ 85.1441786, 27.922638 ], [ 85.143701, 27.9230823 ], [ 85.1437656, 27.9236931 ], [ 85.1438017, 27.9239489 ], [ 85.1447674, 27.923764 ], [ 85.1449602, 27.9238955 ], [ 85.145149, 27.9240834 ], [ 85.1456275, 27.9244302 ], [ 85.1457555, 27.9245841 ], [ 85.146241, 27.9245715 ], [ 85.1464016, 27.9246918 ], [ 85.1466174, 27.9248432 ], [ 85.1466958, 27.9249763 ], [ 85.1468722, 27.9252314 ], [ 85.146829, 27.9254145 ], [ 85.1468099, 27.925612 ], [ 85.1470517, 27.9259391 ], [ 85.1475973, 27.926997 ], [ 85.1475409, 27.9272788 ], [ 85.1474101, 27.9273291 ], [ 85.1465767, 27.9272417 ], [ 85.146298, 27.9277483 ], [ 85.1460844, 27.9284175 ], [ 85.146015, 27.9288109 ], [ 85.1457458, 27.9288077 ], [ 85.145777, 27.9285154 ], [ 85.1454342, 27.9285408 ], [ 85.14519, 27.9284572 ], [ 85.1452217, 27.9282145 ], [ 85.1446803, 27.9278412 ], [ 85.1442831, 27.9283342 ], [ 85.1439454, 27.9266539 ], [ 85.1438871, 27.926623 ], [ 85.1438203, 27.9266613 ], [ 85.1436943, 27.9270026 ], [ 85.1434636, 27.9269576 ], [ 85.143359, 27.9269125 ], [ 85.1432437, 27.9268628 ], [ 85.1430425, 27.9270879 ], [ 85.1433858, 27.9273059 ], [ 85.1434794, 27.9272296 ], [ 85.1434556, 27.9271922 ], [ 85.1434931, 27.9271258 ], [ 85.1436433, 27.9272277 ], [ 85.143646, 27.9273581 ], [ 85.1436648, 27.9274766 ], [ 85.1436058, 27.927588 ], [ 85.1435682, 27.927633 ], [ 85.1434553, 27.9278055 ], [ 85.1432383, 27.9276756 ], [ 85.14319, 27.9277159 ], [ 85.1435977, 27.9281425 ], [ 85.1440564, 27.9285548 ], [ 85.1442155, 27.9286791 ], [ 85.144686, 27.9289141 ], [ 85.1450053, 27.9292214 ], [ 85.1451052, 27.9296567 ], [ 85.1451951, 27.9299587 ], [ 85.144731, 27.9302769 ], [ 85.1447257, 27.9305564 ], [ 85.1451249, 27.930501 ], [ 85.1451975, 27.9305764 ], [ 85.1450394, 27.9307758 ], [ 85.1444685, 27.9309344 ], [ 85.1441277, 27.9309142 ], [ 85.1439206, 27.9307374 ], [ 85.1435221, 27.9306975 ], [ 85.1431914, 27.9308186 ], [ 85.1430998, 27.9306006 ], [ 85.1431465, 27.9305284 ], [ 85.1436379, 27.9304627 ], [ 85.1436811, 27.9303125 ], [ 85.1439121, 27.930327 ], [ 85.1440591, 27.9304142 ], [ 85.144471, 27.9301435 ], [ 85.1445324, 27.9298099 ], [ 85.1444934, 27.9296832 ], [ 85.144357, 27.9295867 ], [ 85.1441861, 27.9293892 ], [ 85.1433269, 27.9291043 ], [ 85.1430859, 27.9288674 ], [ 85.1430783, 27.9286841 ], [ 85.143058, 27.9284737 ], [ 85.1429362, 27.9283258 ], [ 85.1429591, 27.9280371 ], [ 85.1424164, 27.9277516 ], [ 85.1422996, 27.9276937 ], [ 85.142174, 27.9276625 ], [ 85.1422084, 27.9278144 ], [ 85.142099, 27.9280495 ], [ 85.1419889, 27.9279717 ], [ 85.1416127, 27.9277129 ], [ 85.1409644, 27.9273262 ], [ 85.1409644, 27.9269825 ], [ 85.1409431, 27.9269682 ], [ 85.1409302, 27.9269542 ], [ 85.1405834, 27.9266675 ], [ 85.1402322, 27.9260525 ], [ 85.1400522, 27.9261484 ], [ 85.1396529, 27.9261972 ], [ 85.1395878, 27.9262418 ], [ 85.1395717, 27.9263058 ], [ 85.1396173, 27.9265167 ], [ 85.1394296, 27.9265807 ], [ 85.1391157, 27.9265001 ], [ 85.1388609, 27.9265262 ], [ 85.1387912, 27.9262371 ], [ 85.1385069, 27.9258674 ], [ 85.1386481, 27.925514 ], [ 85.1388021, 27.9248022 ], [ 85.1389575, 27.9245544 ], [ 85.1389599, 27.9243516 ], [ 85.1392869, 27.9238616 ], [ 85.1391758, 27.9236837 ], [ 85.1386222, 27.9239607 ], [ 85.1385143, 27.9240858 ], [ 85.1384573, 27.9242173 ], [ 85.1383701, 27.9243056 ], [ 85.1380804, 27.9241563 ] ] ] } },
{ "type": "Feature", "properties": { "id": "way/1554480246", "name": null, "name_en": null, "name_ne": null, "status": "Standing", "landuse": "residential", "population": null, "source": null, "adm0_pcode": "NPL", "adm0_name": "Nepal", "adm1_pcode": "NP03", "adm1_name": "Bagmati", "adm2_pcode": "NP0328", "adm2_name": "Nuwakot", "adm3_pcode": "NP0328302", "adm3_name": "Belkotgadhi", "adm4_pcode": null, "adm4_name": null, "name_latin": null }, "geometry": { "type": "Polygon", "coordinates": [ [ [ 85.0614565, 27.8585952 ], [ 85.0616063, 27.8577028 ], [ 85.0616696, 27.8576373 ], [ 85.0617212, 27.8574844 ], [ 85.0619197, 27.8574989 ], [ 85.0618473, 27.8578085 ], [ 85.0616302, 27.8578085 ], [ 85.0616255, 27.8578684 ], [ 85.0618006, 27.8579055 ], [ 85.061789, 27.8580418 ], [ 85.0617067, 27.8586039 ], [ 85.0614565, 27.8585952 ] ] ] } },
{ "type": "Feature", "properties": { "id": "way/1554183821", "name": null, "name_en": null, "name_ne": null, "status": "Standing", "landuse": "residential", "population": null, "source": null, "adm0_pcode": "NPL", "adm0_name": "Nepal", "adm1_pcode": "NP03", "adm1_name": "Bagmati", "adm2_pcode": "NP0329", "adm2_name": "Rasuwa", "adm3_pcode": "NP0329402", "adm3_name": "Gosaikunda", "adm4_pcode": null, "adm4_name": null, "name_latin": null }, "geometry": { "type": "Polygon", "coordinates": [ [ [ 85.3761077, 28.2695188 ], [ 85.376502, 28.2692661 ], [ 85.3768453, 28.2694669 ], [ 85.3770545, 28.2703433 ], [ 85.3761694, 28.2704141 ], [ 85.3761077, 28.2695188 ] ] ] } },
{ "type": "Feature", "properties": { "id": "way/1554523292", "name": null, "name_en": null, "name_ne": null, "status": "Standing", "landuse": "residential", "population": null, "source": null, "adm0_pcode": "NPL", "adm0_name": "Nepal", "adm1_pcode": "NP03", "adm1_name": "Bagmati", "adm2_pcode": "NP0330", "adm2_name": "Dhading", "adm3_pcode": "NP0330407", "adm3_name": "Siddhalek", "adm4_pcode": null, "adm4_name": null, "name_latin": null }, "geometry": { "type": "Polygon", "coordinates": [ [ [ 84.8993386, 27.8042798 ], [ 84.8997414, 27.8042332 ], [ 84.8999966, 27.8049943 ], [ 84.8995748, 27.8050802 ], [ 84.8993386, 27.8042798 ] ] ] } },
{ "type": "Feature", "properties": { "id": "way/1554542861", "name": null, "name_en": null, "name_ne": null, "status": "Standing", "landuse": "residential", "population": null, "source": null, "adm0_pcode": "NPL", "adm0_name": "Nepal", "adm1_pcode": "NP03", "adm1_name": "Bagmati", "adm2_pcode": "NP0328", "adm2_name": "Nuwakot", "adm3_pcode": "NP0328302", "adm3_name": "Belkotgadhi", "adm4_pcode": null, "adm4_name": null, "name_latin": null }, "geometry": { "type": "Polygon", "coordinates": [ [ [ 85.0130583, 27.8190384 ], [ 85.0136006, 27.8186659 ], [ 85.0146168, 27.8198859 ], [ 85.0159014, 27.8225447 ], [ 85.0144167, 27.8240673 ], [ 85.0135269, 27.8240301 ], [ 85.0138797, 27.8216507 ], [ 85.0130583, 27.8190384 ] ] ] } },
{ "type": "Feature", "properties": { "id": "way/1554542873", "name": null, "name_en": null, "name_ne": null, "status": "Standing", "landuse": "residential", "population": null, "source": null, "adm0_pcode": "NPL", "adm0_name": "Nepal", "adm1_pcode": "NP03", "adm1_name": "Bagmati", "adm2_pcode": "NP0328", "adm2_name": "Nuwakot", "adm3_pcode": "NP0328302", "adm3_name": "Belkotgadhi", "adm4_pcode": null, "adm4_name": null, "name_latin": null }, "geometry": { "type": "Polygon", "coordinates": [ [ [ 85.0156808, 27.8298778 ], [ 85.0162255, 27.8297616 ], [ 85.0162463, 27.8302026 ], [ 85.015781, 27.8301749 ], [ 85.0156808, 27.8298778 ] ] ] } },
{ "type": "Feature", "properties": { "id": "way/1554565711", "name": null, "name_en": null, "name_ne": null, "status": "Standing", "landuse": "residential", "population": null, "source": null, "adm0_pcode": "NPL", "adm0_name": "Nepal", "adm1_pcode": "NP03", "adm1_name": "Bagmati", "adm2_pcode": "NP0330", "adm2_name": "Dhading", "adm3_pcode": "NP0330410", "adm3_name": "Galchhi", "adm4_pcode": null, "adm4_name": null, "name_latin": null }, "geometry": { "type": "Polygon", "coordinates": [ [ [ 84.9901608, 27.8019995 ], [ 84.9914044, 27.8017406 ], [ 84.9914564, 27.8019167 ], [ 84.9902886, 27.8022544 ], [ 84.9901608, 27.8019995 ] ] ] } },
{ "type": "Feature", "properties": { "id": "way/345035717", "name": null, "name_en": null, "name_ne": null, "status": "Standing", "landuse": "residential", "population": null, "source": null, "adm0_pcode": "NPL", "adm0_name": "Nepal", "adm1_pcode": "NP03", "adm1_name": "Bagmati", "adm2_pcode": "NP0330", "adm2_name": "Dhading", "adm3_pcode": "NP0330408", "adm3_name": "Benighat Rorang", "adm4_pcode": null, "adm4_name": null, "name_latin": null }, "geometry": { "type": "Polygon", "coordinates": [ [ [ 84.8121681, 27.8131674 ], [ 84.8126814, 27.8131154 ], [ 84.8127564, 27.8129938 ], [ 84.8129076, 27.8128945 ], [ 84.8131335, 27.812917 ], [ 84.8129843, 27.8126838 ], [ 84.81377, 27.8121571 ], [ 84.813914, 27.812364 ], [ 84.8139328, 27.8126631 ], [ 84.8142359, 27.812471 ], [ 84.8144079, 27.8121764 ], [ 84.8149301, 27.811449 ], [ 84.815182, 27.8102756 ], [ 84.8156177, 27.8102064 ], [ 84.8160302, 27.8096804 ], [ 84.816109, 27.8101111 ], [ 84.8164085, 27.8100895 ], [ 84.8163409, 27.8102855 ], [ 84.815987, 27.811131 ], [ 84.8159057, 27.8118971 ], [ 84.8157087, 27.8124641 ], [ 84.8149431, 27.8133014 ], [ 84.8144746, 27.8134769 ], [ 84.8133541, 27.8135676 ], [ 84.8123288, 27.8137809 ], [ 84.8121681, 27.8131674 ] ] ] } },
{ "type": "Feature", "properties": { "id": "way/1554551280", "name": null, "name_en": null, "name_ne": null, "status": "Standing", "landuse": "residential", "population": null, "source": null, "adm0_pcode": "NPL", "adm0_name": "Nepal", "adm1_pcode": "NP03", "adm1_name": "Bagmati", "adm2_pcode": "NP0328", "adm2_name": "Nuwakot", "adm3_pcode": "NP0328302", "adm3_name": "Belkotgadhi", "adm4_pcode": null, "adm4_name": null, "name_latin": null }, "geometry": { "type": "Polygon", "coordinates": [ [ [ 85.0140902, 27.8129621 ], [ 85.0141561, 27.812893 ], [ 85.0143073, 27.8129025 ], [ 85.0146105, 27.8129908 ], [ 85.0146367, 27.8131379 ], [ 85.0146585, 27.813255 ], [ 85.0144881, 27.8132816 ], [ 85.0142635, 27.8132816 ], [ 85.0140949, 27.8131038 ], [ 85.0140902, 27.8129621 ] ] ] } },
{ "type": "Feature", "properties": { "id": "way/1554457651", "name": null, "name_en": null, "name_ne": null, "status": "Standing", "landuse": "residential", "population": null, "source": null, "adm0_pcode": "NPL", "adm0_name": "Nepal", "adm1_pcode": "NP03", "adm1_name": "Bagmati", "adm2_pcode": "NP0335", "adm2_name": "Chitawan", "adm3_pcode": "NP0335401", "adm3_name": "Ichchha Kamana", "adm4_pcode": null, "adm4_name": null, "name_latin": null }, "geometry": { "type": "Polygon", "coordinates": [ [ [ 84.6143201, 27.8799318 ], [ 84.614414, 27.8798701 ], [ 84.6149129, 27.8797421 ], [ 84.615055, 27.8798298 ], [ 84.6149424, 27.880138 ], [ 84.614642, 27.8799839 ], [ 84.6144783, 27.8800313 ], [ 84.6143201, 27.8799318 ] ] ] } },
{ "type": "Feature", "properties": { "id": "way/1554408894", "name": null, "name_en": null, "name_ne": null, "status": "Standing", "landuse": "residential", "population": null, "source": null, "adm0_pcode": "NPL", "adm0_name": "Nepal", "adm1_pcode": "NP03", "adm1_name": "Bagmati", "adm2_pcode": "NP0330", "adm2_name": "Dhading", "adm3_pcode": "NP0330408", "adm3_name": "Benighat Rorang", "adm4_pcode": null, "adm4_name": null, "name_latin": null }, "geometry": { "type": "Polygon", "coordinates": [ [ [ 84.7162623, 27.7968888 ], [ 84.7169017, 27.7967454 ], [ 84.7172455, 27.7978163 ], [ 84.717447, 27.7981477 ], [ 84.7173793, 27.7983966 ], [ 84.7175587, 27.7987774 ], [ 84.7179353, 27.7990813 ], [ 84.7177374, 27.7998722 ], [ 84.7173876, 27.7998982 ], [ 84.7170401, 27.7997077 ], [ 84.7166357, 27.7981442 ], [ 84.7162623, 27.7968888 ] ] ] } },
{ "type": "Feature", "properties": { "id": "way/340493321", "name": null, "name_en": null, "name_ne": null, "status": "Standing", "landuse": "residential", "population": null, "source": null, "adm0_pcode": "NPL", "adm0_name": "Nepal", "adm1_pcode": "NP03", "adm1_name": "Bagmati", "adm2_pcode": "NP0335", "adm2_name": "Chitawan", "adm3_pcode": "NP0335401", "adm3_name": "Ichchha Kamana", "adm4_pcode": null, "adm4_name": null, "name_latin": null }, "geometry": { "type": "Polygon", "coordinates": [ [ [ 84.6275353, 27.8675716 ], [ 84.6286837, 27.8672362 ], [ 84.6290246, 27.8672238 ], [ 84.6294963, 27.8674013 ], [ 84.6294075, 27.8675716 ], [ 84.6295243, 27.8678761 ], [ 84.6296947, 27.8681355 ], [ 84.6299279, 27.8680885 ], [ 84.6300753, 27.8681651 ], [ 84.6303836, 27.86845 ], [ 84.630519, 27.8689495 ], [ 84.6298138, 27.8693293 ], [ 84.6293889, 27.8693376 ], [ 84.6290749, 27.8691733 ], [ 84.6292021, 27.8689578 ], [ 84.6290739, 27.8687942 ], [ 84.6289234, 27.8689255 ], [ 84.6288201, 27.8692741 ], [ 84.6286766, 27.8692682 ], [ 84.6281978, 27.8694662 ], [ 84.6278384, 27.8694425 ], [ 84.6276775, 27.8691864 ], [ 84.6279967, 27.8688663 ], [ 84.6285345, 27.8686398 ], [ 84.6287823, 27.868422 ], [ 84.628623, 27.8682188 ], [ 84.6276988, 27.8680008 ], [ 84.6275353, 27.8675716 ] ] ] } },
{ "type": "Feature", "properties": { "id": "way/1554816516", "name": null, "name_en": null, "name_ne": null, "status": "Standing", "landuse": "residential", "population": null, "source": null, "adm0_pcode": "NPL", "adm0_name": "Nepal", "adm1_pcode": "NP03", "adm1_name": "Bagmati", "adm2_pcode": "NP0330", "adm2_name": "Dhading", "adm3_pcode": "NP0330410", "adm3_name": "Galchhi", "adm4_pcode": null, "adm4_name": null, "name_latin": null }, "geometry": { "type": "Polygon", "coordinates": [ [ [ 84.9807809, 27.8033773 ], [ 84.980907, 27.8032682 ], [ 84.9812101, 27.8031389 ], [ 84.9815172, 27.8031686 ], [ 84.9815775, 27.8033335 ], [ 84.9813455, 27.8034545 ], [ 84.9810438, 27.8034829 ], [ 84.980789, 27.8033916 ], [ 84.9807809, 27.8033773 ] ] ] } },
{ "type": "Feature", "properties": { "id": "way/1554524942", "name": null, "name_en": null, "name_ne": null, "status": "Standing", "landuse": "residential", "population": null, "source": null, "adm0_pcode": "NPL", "adm0_name": "Nepal", "adm1_pcode": "NP03", "adm1_name": "Bagmati", "adm2_pcode": "NP0330", "adm2_name": "Dhading", "adm3_pcode": "NP0330410", "adm3_name": "Galchhi", "adm4_pcode": null, "adm4_name": null, "name_latin": null }, "geometry": { "type": "Polygon", "coordinates": [ [ [ 84.9802858, 27.801006 ], [ 84.9803042, 27.800927 ], [ 84.9810468, 27.8008316 ], [ 84.981626, 27.8008343 ], [ 84.9820635, 27.8008916 ], [ 84.9820574, 27.8005782 ], [ 84.9826674, 27.8005345 ], [ 84.9826921, 27.8007744 ], [ 84.9840107, 27.8007281 ], [ 84.9840138, 27.8005591 ], [ 84.9857577, 27.8005046 ], [ 84.9858748, 27.8006953 ], [ 84.9884937, 27.8003138 ], [ 84.9902191, 27.8002402 ], [ 84.990319, 27.8004537 ], [ 84.9903323, 27.8007662 ], [ 84.9901882, 27.8015729 ], [ 84.9898124, 27.8016411 ], [ 84.9898185, 27.8020281 ], [ 84.989586, 27.8021538 ], [ 84.9897039, 27.8023501 ], [ 84.990102, 27.8021834 ], [ 84.9901759, 27.802475 ], [ 84.9899664, 27.8027612 ], [ 84.9896491, 27.8030528 ], [ 84.9894488, 27.8029901 ], [ 84.9894057, 27.8031945 ], [ 84.9887463, 27.8032163 ], [ 84.9882688, 27.8032163 ], [ 84.9882188, 27.8039173 ], [ 84.987955, 27.8039018 ], [ 84.9880223, 27.803249 ], [ 84.9877388, 27.8032354 ], [ 84.9875965, 27.8034047 ], [ 84.9874632, 27.8043233 ], [ 84.9869822, 27.8041395 ], [ 84.9871731, 27.8034096 ], [ 84.987125, 27.8033564 ], [ 84.9871783, 27.803084 ], [ 84.9870849, 27.8030758 ], [ 84.9869125, 27.8033406 ], [ 84.9866226, 27.803274 ], [ 84.9866716, 27.8031274 ], [ 84.9868258, 27.8031542 ], [ 84.9870522, 27.8025759 ], [ 84.9874095, 27.8028424 ], [ 84.9874679, 27.8027143 ], [ 84.9877854, 27.8028754 ], [ 84.988124, 27.8027474 ], [ 84.9886774, 27.8028651 ], [ 84.9896231, 27.8028837 ], [ 84.9896278, 27.8027143 ], [ 84.988535, 27.8027412 ], [ 84.9884766, 27.8025656 ], [ 84.9887054, 27.8023322 ], [ 84.988524, 27.8022109 ], [ 84.9890789, 27.8016812 ], [ 84.98874, 27.8017003 ], [ 84.988512, 27.8014141 ], [ 84.9880252, 27.8015613 ], [ 84.9875322, 27.8017193 ], [ 84.9873073, 27.8019565 ], [ 84.987144, 27.8019374 ], [ 84.9870054, 27.8021636 ], [ 84.9866695, 27.8020437 ], [ 84.9866141, 27.8022154 ], [ 84.9864631, 27.8021527 ], [ 84.9864477, 27.80203 ], [ 84.9860841, 27.8020055 ], [ 84.9858161, 27.80203 ], [ 84.9857606, 27.8027495 ], [ 84.9855234, 27.8027005 ], [ 84.9856251, 27.8022753 ], [ 84.9854217, 27.8022644 ], [ 84.9853231, 27.8026487 ], [ 84.9851875, 27.8025996 ], [ 84.9850612, 27.8029703 ], [ 84.9847685, 27.8029049 ], [ 84.9847531, 27.8027223 ], [ 84.9838535, 27.8026869 ], [ 84.9834375, 27.802447 ], [ 84.9835669, 27.8023053 ], [ 84.9842842, 27.8023524 ], [ 84.9844234, 27.802447 ], [ 84.9847069, 27.8024797 ], [ 84.9846853, 27.8021772 ], [ 84.9848332, 27.8021854 ], [ 84.9848363, 27.8019837 ], [ 84.9856928, 27.80203 ], [ 84.9859701, 27.8018638 ], [ 84.9858533, 27.8018084 ], [ 84.9858564, 27.8016394 ], [ 84.9865558, 27.8015767 ], [ 84.9865835, 27.8017076 ], [ 84.986904, 27.8017266 ], [ 84.9869132, 27.8015985 ], [ 84.9871443, 27.8015958 ], [ 84.9871104, 27.8015331 ], [ 84.9868947, 27.8015113 ], [ 84.9865897, 27.800999 ], [ 84.9857116, 27.8012061 ], [ 84.9853789, 27.8013069 ], [ 84.9853398, 27.8013289 ], [ 84.9850641, 27.8009187 ], [ 84.9836975, 27.8009438 ], [ 84.9836738, 27.801363 ], [ 84.9833094, 27.8013143 ], [ 84.9830514, 27.8013286 ], [ 84.982759, 27.8013269 ], [ 84.9828399, 27.8009543 ], [ 84.982424, 27.8009488 ], [ 84.9824141, 27.8013398 ], [ 84.9820684, 27.8012919 ], [ 84.9814935, 27.8010905 ], [ 84.9811207, 27.8011314 ], [ 84.9808896, 27.8012186 ], [ 84.9802858, 27.801006 ] ] ] } },
{ "type": "Feature", "properties": { "id": "way/1554413022", "name": null, "name_en": null, "name_ne": null, "status": "Standing", "landuse": "residential", "population": null, "source": null, "adm0_pcode": "NPL", "adm0_name": "Nepal", "adm1_pcode": "NP04", "adm1_name": "Gandaki", "adm2_pcode": "NP0436", "adm2_name": "Gorkha", "adm3_pcode": "NP0436409", "adm3_name": "Gandaki", "adm4_pcode": null, "adm4_name": null, "name_latin": null }, "geometry": { "type": "Polygon", "coordinates": [ [ [ 84.6682996, 27.8203493 ], [ 84.6683156, 27.8202248 ], [ 84.6685034, 27.8202473 ], [ 84.6685544, 27.8201868 ], [ 84.6686791, 27.8202117 ], [ 84.6686885, 27.8204216 ], [ 84.6685678, 27.8204216 ], [ 84.6682996, 27.8203493 ] ] ] } },
{ "type": "Feature", "properties": { "id": "way/1554457653", "name": null, "name_en": null, "name_ne": null, "status": "Standing", "landuse": "residential", "population": null, "source": null, "adm0_pcode": "NPL", "adm0_name": "Nepal", "adm1_pcode": "NP04", "adm1_name": "Gandaki", "adm2_pcode": "NP0436", "adm2_name": "Gorkha", "adm3_pcode": "NP0436408", "adm3_name": "Shahid Lakhan", "adm4_pcode": null, "adm4_name": null, "name_latin": null }, "geometry": { "type": "Polygon", "coordinates": [ [ [ 84.6124935, 27.8813732 ], [ 84.6125847, 27.8812523 ], [ 84.6129629, 27.8811836 ], [ 84.6129549, 27.8808422 ], [ 84.6128465, 27.8805194 ], [ 84.6128727, 27.8802979 ], [ 84.6129491, 27.8801382 ], [ 84.6131396, 27.8801564 ], [ 84.6132879, 27.8802817 ], [ 84.6132858, 27.8805656 ], [ 84.6131707, 27.8808755 ], [ 84.6132857, 27.8810932 ], [ 84.6134019, 27.8813133 ], [ 84.613419, 27.8814808 ], [ 84.6133738, 27.8816365 ], [ 84.6129713, 27.8816854 ], [ 84.6126111, 27.8815977 ], [ 84.6124935, 27.8813732 ] ] ] } },
{ "type": "Feature", "properties": { "id": "way/594029432", "name": null, "name_en": null, "name_ne": null, "status": "Standing", "landuse": "residential", "population": null, "source": null, "adm0_pcode": "NPL", "adm0_name": "Nepal", "adm1_pcode": "NP03", "adm1_name": "Bagmati", "adm2_pcode": "NP0330", "adm2_name": "Dhading", "adm3_pcode": "NP0330410", "adm3_name": "Galchhi", "adm4_pcode": null, "adm4_name": null, "name_latin": null }, "geometry": { "type": "Polygon", "coordinates": [ [ [ 84.9740554, 27.8045284 ], [ 84.9741399, 27.8044573 ], [ 84.9742124, 27.8043802 ], [ 84.9742915, 27.8043861 ], [ 84.9743612, 27.8043328 ], [ 84.9744524, 27.8043007 ], [ 84.9744319, 27.8044018 ], [ 84.9745539, 27.804276 ], [ 84.9746558, 27.8043045 ], [ 84.9748967, 27.8040263 ], [ 84.9748775, 27.80391 ], [ 84.9749728, 27.8038019 ], [ 84.975153, 27.8039008 ], [ 84.9752039, 27.8039404 ], [ 84.9753319, 27.8040824 ], [ 84.9753888, 27.8040537 ], [ 84.9755942, 27.8038792 ], [ 84.9754701, 27.8038086 ], [ 84.9757781, 27.8034076 ], [ 84.9759022, 27.8034931 ], [ 84.9758096, 27.8036958 ], [ 84.9757004, 27.8038136 ], [ 84.9757532, 27.8038658 ], [ 84.9756902, 27.8040096 ], [ 84.9756282, 27.8040758 ], [ 84.9755372, 27.8041383 ], [ 84.9754524, 27.8040959 ], [ 84.9753975, 27.8041643 ], [ 84.9753589, 27.8042506 ], [ 84.9754727, 27.8042614 ], [ 84.9755398, 27.8042793 ], [ 84.9755698, 27.8043407 ], [ 84.9754971, 27.804425 ], [ 84.9753203, 27.8044304 ], [ 84.975243, 27.8043818 ], [ 84.9752898, 27.8042775 ], [ 84.9752654, 27.8042524 ], [ 84.9751685, 27.80436 ], [ 84.97508, 27.8043291 ], [ 84.9750881, 27.8041809 ], [ 84.9749459, 27.8040527 ], [ 84.9746965, 27.8043386 ], [ 84.9746482, 27.8044312 ], [ 84.9746254, 27.8044744 ], [ 84.9744738, 27.8044976 ], [ 84.9743934, 27.8046257 ], [ 84.9741815, 27.804621 ], [ 84.9740554, 27.8045284 ] ] ] } },
{ "type": "Feature", "properties": { "id": "way/594029436", "name": null, "name_en": null, "name_ne": null, "status": "Standing", "landuse": "residential", "population": null, "source": null, "adm0_pcode": "NPL", "adm0_name": "Nepal", "adm1_pcode": "NP03", "adm1_name": "Bagmati", "adm2_pcode": "NP0330", "adm2_name": "Dhading", "adm3_pcode": "NP0330410", "adm3_name": "Galchhi", "adm4_pcode": null, "adm4_name": null, "name_latin": null }, "geometry": { "type": "Polygon", "coordinates": [ [ [ 84.9758437, 27.80377 ], [ 84.9759944, 27.8036122 ], [ 84.9760991, 27.8034979 ], [ 84.9760696, 27.8033212 ], [ 84.9762493, 27.8032251 ], [ 84.9764934, 27.8035038 ], [ 84.9762466, 27.8035833 ], [ 84.9763164, 27.8037636 ], [ 84.9765095, 27.8037945 ], [ 84.976531, 27.8039914 ], [ 84.9761742, 27.8039896 ], [ 84.976252, 27.8037541 ], [ 84.9759161, 27.8038561 ], [ 84.9758437, 27.80377 ] ] ] } },
{ "type": "Feature", "properties": { "id": "way/1554529781", "name": null, "name_en": null, "name_ne": null, "status": "Standing", "landuse": "residential", "population": null, "source": null, "adm0_pcode": "NPL", "adm0_name": "Nepal", "adm1_pcode": "NP03", "adm1_name": "Bagmati", "adm2_pcode": "NP0330", "adm2_name": "Dhading", "adm3_pcode": "NP0330407", "adm3_name": "Siddhalek", "adm4_pcode": null, "adm4_name": null, "name_latin": null }, "geometry": { "type": "Polygon", "coordinates": [ [ [ 84.8732847, 27.81049 ], [ 84.873392, 27.8096028 ], [ 84.8735636, 27.8093869 ], [ 84.8738319, 27.8095268 ], [ 84.8737138, 27.8097926 ], [ 84.8737568, 27.8102623 ], [ 84.8740786, 27.8103501 ], [ 84.874202, 27.8106063 ], [ 84.8739499, 27.8107012 ], [ 84.8734859, 27.810509 ], [ 84.8732847, 27.81049 ] ] ] } },
{ "type": "Feature", "properties": { "id": "way/345313514", "name": null, "name_en": null, "name_ne": null, "status": "Standing", "landuse": "residential", "population": null, "source": null, "adm0_pcode": "NPL", "adm0_name": "Nepal", "adm1_pcode": "NP04", "adm1_name": "Gandaki", "adm2_pcode": "NP0436", "adm2_name": "Gorkha", "adm3_pcode": "NP0436409", "adm3_name": "Gandaki", "adm4_pcode": null, "adm4_name": null, "name_latin": null }, "geometry": { "type": "Polygon", "coordinates": [ [ [ 84.6577652, 27.854115 ], [ 84.657776, 27.8538047 ], [ 84.657965, 27.8537283 ], [ 84.6583969, 27.8538286 ], [ 84.6587016, 27.8536423 ], [ 84.6594153, 27.8532689 ], [ 84.6600344, 27.853455 ], [ 84.660006, 27.8539384 ], [ 84.6602868, 27.8541484 ], [ 84.6603623, 27.8542869 ], [ 84.6604703, 27.8544349 ], [ 84.6606053, 27.8547881 ], [ 84.6606567, 27.855031 ], [ 84.6606312, 27.8551239 ], [ 84.6600631, 27.8551214 ], [ 84.6596568, 27.8549338 ], [ 84.6597625, 27.854715 ], [ 84.6600319, 27.8548528 ], [ 84.6601128, 27.854607 ], [ 84.6601128, 27.854564 ], [ 84.6598107, 27.8543488 ], [ 84.6596758, 27.854356 ], [ 84.6595408, 27.8544419 ], [ 84.6594004, 27.8545183 ], [ 84.6591169, 27.8544921 ], [ 84.6585635, 27.8542677 ], [ 84.6583367, 27.8542534 ], [ 84.6581396, 27.8542796 ], [ 84.6580321, 27.8542639 ], [ 84.6581299, 27.8545415 ], [ 84.6580192, 27.8545545 ], [ 84.6578138, 27.8541914 ], [ 84.6577652, 27.854115 ] ] ] } },
{ "type": "Feature", "properties": { "id": "way/341682343", "name": null, "name_en": null, "name_ne": null, "status": "Standing", "landuse": "residential", "population": null, "source": null, "adm0_pcode": "NPL", "adm0_name": "Nepal", "adm1_pcode": "NP03", "adm1_name": "Bagmati", "adm2_pcode": "NP0328", "adm2_name": "Nuwakot", "adm3_pcode": "NP0328301", "adm3_name": "Bidur", "adm4_pcode": null, "adm4_name": null, "name_latin": null }, "geometry": { "type": "Polygon", "coordinates": [ [ [ 85.0703694, 27.8614147 ], [ 85.07043, 27.861267 ], [ 85.0708474, 27.8608497 ], [ 85.0707757, 27.860356 ], [ 85.0713754, 27.8594507 ], [ 85.0714827, 27.8595003 ], [ 85.0713286, 27.8597458 ], [ 85.0715282, 27.8598415 ], [ 85.072299, 27.859129 ], [ 85.0728574, 27.8585271 ], [ 85.0726201, 27.8581838 ], [ 85.0727843, 27.8580659 ], [ 85.0730959, 27.8580362 ], [ 85.0731522, 27.8577048 ], [ 85.0733063, 27.8573161 ], [ 85.0731946, 27.8566719 ], [ 85.0723083, 27.855779 ], [ 85.0721743, 27.8553689 ], [ 85.0721022, 27.8548587 ], [ 85.0722327, 27.854389 ], [ 85.0724795, 27.854257 ], [ 85.0732358, 27.854157 ], [ 85.0733262, 27.8544848 ], [ 85.0733745, 27.855055 ], [ 85.0733994, 27.8553475 ], [ 85.0732188, 27.85537 ], [ 85.0731865, 27.8550539 ], [ 85.0728957, 27.8551229 ], [ 85.0727618, 27.8553325 ], [ 85.0728957, 27.8554236 ], [ 85.0727308, 27.8556423 ], [ 85.0731843, 27.8561343 ], [ 85.0737283, 27.8560442 ], [ 85.0738515, 27.8551728 ], [ 85.0737157, 27.8551804 ], [ 85.073705, 27.8550582 ], [ 85.0735161, 27.8550828 ], [ 85.07343, 27.8544854 ], [ 85.073607, 27.8545096 ], [ 85.0745241, 27.8546947 ], [ 85.0746684, 27.8551594 ], [ 85.0744313, 27.8556605 ], [ 85.0746684, 27.8557516 ], [ 85.0747508, 27.8560614 ], [ 85.0749672, 27.8557699 ], [ 85.0753046, 27.8554093 ], [ 85.0757562, 27.8552586 ], [ 85.0762143, 27.8557972 ], [ 85.075833, 27.8560797 ], [ 85.0754104, 27.8563895 ], [ 85.0750149, 27.8568813 ], [ 85.0747581, 27.8567955 ], [ 85.0746453, 27.8569993 ], [ 85.0747302, 27.8570273 ], [ 85.0750085, 27.857492 ], [ 85.0748642, 27.85782 ], [ 85.0744416, 27.8577471 ], [ 85.074184, 27.8574464 ], [ 85.0739882, 27.8574282 ], [ 85.0737614, 27.8580569 ], [ 85.0738851, 27.8583667 ], [ 85.0737202, 27.8586036 ], [ 85.0733575, 27.8590244 ], [ 85.0734841, 27.8594927 ], [ 85.0738541, 27.8594135 ], [ 85.0739117, 27.8597113 ], [ 85.0733311, 27.8600689 ], [ 85.0732428, 27.8599071 ], [ 85.072486, 27.8599634 ], [ 85.0724812, 27.8600912 ], [ 85.0718935, 27.8609776 ], [ 85.0711842, 27.8606401 ], [ 85.0708745, 27.8613281 ], [ 85.0706113, 27.861472 ], [ 85.0703694, 27.8614147 ] ] ] } },
{ "type": "Feature", "properties": { "id": "way/1554449665", "name": null, "name_en": null, "name_ne": null, "status": "Standing", "landuse": "residential", "population": null, "source": null, "adm0_pcode": "NPL", "adm0_name": "Nepal", "adm1_pcode": "NP03", "adm1_name": "Bagmati", "adm2_pcode": "NP0335", "adm2_name": "Chitawan", "adm3_pcode": "NP0335401", "adm3_name": "Ichchha Kamana", "adm4_pcode": null, "adm4_name": null, "name_latin": null }, "geometry": { "type": "Polygon", "coordinates": [ [ [ 84.6158543, 27.8763943 ], [ 84.6159536, 27.8761549 ], [ 84.6163076, 27.8762307 ], [ 84.6165678, 27.8764726 ], [ 84.61649, 27.8766006 ], [ 84.6161574, 27.8767927 ], [ 84.6160072, 27.8767832 ], [ 84.6158543, 27.8763943 ] ] ] } },
{ "type": "Feature", "properties": { "id": "way/1553967120", "name": null, "name_en": null, "name_ne": null, "status": "Standing", "landuse": "residential", "population": null, "source": null, "adm0_pcode": "NPL", "adm0_name": "Nepal", "adm1_pcode": "NP03", "adm1_name": "Bagmati", "adm2_pcode": "NP0328", "adm2_name": "Nuwakot", "adm3_pcode": "NP0328301", "adm3_name": "Bidur", "adm4_pcode": null, "adm4_name": null, "name_latin": null }, "geometry": { "type": "Polygon", "coordinates": [ [ [ 85.0863556, 27.8537453 ], [ 85.0869187, 27.8538187 ], [ 85.0875727, 27.854072 ], [ 85.0881714, 27.8545122 ], [ 85.0888559, 27.8551843 ], [ 85.0897135, 27.8558379 ], [ 85.0899005, 27.8557014 ], [ 85.0900789, 27.8558212 ], [ 85.0899863, 27.8559047 ], [ 85.0903791, 27.8562231 ], [ 85.0901098, 27.8564415 ], [ 85.0903756, 27.8567251 ], [ 85.0906038, 27.8565613 ], [ 85.0910378, 27.8570178 ], [ 85.0916415, 27.8565947 ], [ 85.0915163, 27.8563778 ], [ 85.0916724, 27.8562398 ], [ 85.0915695, 27.8560154 ], [ 85.0919606, 27.8558531 ], [ 85.0920446, 27.8563596 ], [ 85.0915746, 27.8568115 ], [ 85.0921253, 27.8569829 ], [ 85.0926467, 27.8567964 ], [ 85.0927187, 27.8570314 ], [ 85.0922916, 27.8571057 ], [ 85.0921767, 27.8575501 ], [ 85.0916038, 27.8575 ], [ 85.0916072, 27.8576608 ], [ 85.0912093, 27.857632 ], [ 85.0912487, 27.8578883 ], [ 85.0916175, 27.8579762 ], [ 85.0915523, 27.8581006 ], [ 85.0920378, 27.8581749 ], [ 85.0919812, 27.8583963 ], [ 85.0916398, 27.8583265 ], [ 85.0914477, 27.8587042 ], [ 85.0915403, 27.858786 ], [ 85.0914683, 27.8589316 ], [ 85.0917513, 27.8590711 ], [ 85.0917668, 27.8587405 ], [ 85.0920755, 27.8587587 ], [ 85.0920103, 27.8592531 ], [ 85.0922625, 27.8593077 ], [ 85.0923139, 27.859009 ], [ 85.0926604, 27.859062 ], [ 85.0926193, 27.8593669 ], [ 85.0929246, 27.8594093 ], [ 85.0930172, 27.8589832 ], [ 85.0933448, 27.859062 ], [ 85.0933328, 27.8591909 ], [ 85.0936107, 27.8591985 ], [ 85.0936639, 27.8584949 ], [ 85.0946708, 27.8586101 ], [ 85.0948268, 27.8582583 ], [ 85.0936622, 27.8579944 ], [ 85.0936034, 27.8578804 ], [ 85.0937437, 27.857813 ], [ 85.0939087, 27.8578308 ], [ 85.0943407, 27.8580342 ], [ 85.0943935, 27.8578546 ], [ 85.0946213, 27.8578795 ], [ 85.0946157, 27.8580839 ], [ 85.0948783, 27.8580759 ], [ 85.0951712, 27.8581325 ], [ 85.0951769, 27.8584073 ], [ 85.0959232, 27.8582565 ], [ 85.095967, 27.8578546 ], [ 85.0957223, 27.8577524 ], [ 85.0958278, 27.8575619 ], [ 85.0955236, 27.857556 ], [ 85.0955158, 27.8574379 ], [ 85.0958469, 27.8574071 ], [ 85.0957706, 27.8572444 ], [ 85.0955438, 27.8572851 ], [ 85.0954922, 27.8571482 ], [ 85.0957907, 27.8570887 ], [ 85.09601, 27.8574746 ], [ 85.0961541, 27.8574442 ], [ 85.0961884, 27.857558 ], [ 85.096317, 27.8575656 ], [ 85.0965006, 27.8578704 ], [ 85.0964971, 27.8581555 ], [ 85.0962879, 27.8581798 ], [ 85.0962844, 27.8583344 ], [ 85.0960134, 27.8583178 ], [ 85.0960065, 27.8588167 ], [ 85.096341, 27.8587621 ], [ 85.0963136, 27.8585604 ], [ 85.0965194, 27.8585316 ], [ 85.0965503, 27.8586529 ], [ 85.0975109, 27.8583541 ], [ 85.0974525, 27.8580493 ], [ 85.0977613, 27.8580145 ], [ 85.0975812, 27.8577657 ], [ 85.0974645, 27.8578203 ], [ 85.0973462, 27.8577946 ], [ 85.0973616, 27.8577172 ], [ 85.097281, 27.8576475 ], [ 85.0974491, 27.8574822 ], [ 85.0973462, 27.8573942 ], [ 85.0976858, 27.8568937 ], [ 85.097914, 27.8569847 ], [ 85.0979105, 27.8571121 ], [ 85.0983771, 27.8575853 ], [ 85.098643, 27.857464 ], [ 85.0987219, 27.8575095 ], [ 85.0989037, 27.8572077 ], [ 85.0990135, 27.8572319 ], [ 85.0990666, 27.8571607 ], [ 85.0992467, 27.857235 ], [ 85.0994646, 27.8571182 ], [ 85.0995229, 27.8571864 ], [ 85.0992056, 27.8574776 ], [ 85.0988282, 27.8577506 ], [ 85.0991181, 27.8577748 ], [ 85.0991095, 27.8580114 ], [ 85.0988917, 27.8580296 ], [ 85.0989603, 27.8582146 ], [ 85.0980134, 27.8585149 ], [ 85.0980941, 27.8587363 ], [ 85.0976532, 27.8588182 ], [ 85.0976001, 27.85875 ], [ 85.0955863, 27.8593763 ], [ 85.0950635, 27.859461 ], [ 85.093902, 27.8594518 ], [ 85.0934091, 27.8595571 ], [ 85.0934597, 27.8597282 ], [ 85.0933212, 27.8597625 ], [ 85.0932572, 27.859565 ], [ 85.0922946, 27.8594657 ], [ 85.0915777, 27.8592484 ], [ 85.0911999, 27.8589788 ], [ 85.0910588, 27.8590854 ], [ 85.0908881, 27.8589164 ], [ 85.0910497, 27.8587735 ], [ 85.0910019, 27.8585341 ], [ 85.0907447, 27.8585482 ], [ 85.0907356, 27.8583127 ], [ 85.0910201, 27.8583107 ], [ 85.0909928, 27.8576145 ], [ 85.0905513, 27.8571034 ], [ 85.0902895, 27.8572644 ], [ 85.0902477, 27.8573136 ], [ 85.0896423, 27.8566415 ], [ 85.0893632, 27.8569706 ], [ 85.0889467, 27.8568338 ], [ 85.0885449, 27.8565859 ], [ 85.0884754, 27.8564204 ], [ 85.0887865, 27.8557075 ], [ 85.0885268, 27.8553551 ], [ 85.0887351, 27.8552376 ], [ 85.0882641, 27.854789 ], [ 85.088101, 27.8549225 ], [ 85.0879228, 27.8547864 ], [ 85.0880617, 27.8546102 ], [ 85.0877718, 27.8543859 ], [ 85.087648, 27.8545301 ], [ 85.0874245, 27.8543752 ], [ 85.087494, 27.8542257 ], [ 85.0865579, 27.853932 ], [ 85.0865579, 27.8540468 ], [ 85.0863646, 27.8540521 ], [ 85.0863556, 27.8537453 ] ] ] } },
{ "type": "Feature", "properties": { "id": "way/1554413020", "name": null, "name_en": null, "name_ne": null, "status": "Standing", "landuse": "residential", "population": null, "source": null, "adm0_pcode": "NPL", "adm0_name": "Nepal", "adm1_pcode": "NP04", "adm1_name": "Gandaki", "adm2_pcode": "NP0436", "adm2_name": "Gorkha", "adm3_pcode": "NP0436409", "adm3_name": "Gandaki", "adm4_pcode": null, "adm4_name": null, "name_latin": null }, "geometry": { "type": "Polygon", "coordinates": [ [ [ 84.6610066, 27.8282211 ], [ 84.6613352, 27.8278985 ], [ 84.6616128, 27.8276815 ], [ 84.6617429, 27.8277858 ], [ 84.6613835, 27.8280871 ], [ 84.6611528, 27.8282828 ], [ 84.6610066, 27.8282211 ] ] ] } },
{ "type": "Feature", "properties": { "id": "way/327986572", "name": null, "name_en": null, "name_ne": null, "status": "Standing", "landuse": "residential", "population": null, "source": null, "adm0_pcode": "NPL", "adm0_name": "Nepal", "adm1_pcode": "NP03", "adm1_name": "Bagmati", "adm2_pcode": "NP0328", "adm2_name": "Nuwakot", "adm3_pcode": "NP0328302", "adm3_name": "Belkotgadhi", "adm4_pcode": null, "adm4_name": null, "name_latin": null }, "geometry": { "type": "Polygon", "coordinates": [ [ [ 85.0194666, 27.8478421 ], [ 85.0195435, 27.8476318 ], [ 85.0195298, 27.8475572 ], [ 85.0196603, 27.8473212 ], [ 85.0196316, 27.8471855 ], [ 85.0197398, 27.8470761 ], [ 85.0196461, 27.8470224 ], [ 85.0197212, 27.8469418 ], [ 85.0198205, 27.8469335 ], [ 85.0200451, 27.8472033 ], [ 85.0200287, 27.8476832 ], [ 85.0196508, 27.8480168 ], [ 85.0194666, 27.8478421 ] ] ] } },
{ "type": "Feature", "properties": { "id": "way/1554233190", "name": null, "name_en": null, "name_ne": null, "status": "Standing", "landuse": "residential", "population": null, "source": null, "adm0_pcode": "NPL", "adm0_name": "Nepal", "adm1_pcode": "NP03", "adm1_name": "Bagmati", "adm2_pcode": "NP0329", "adm2_name": "Rasuwa", "adm3_pcode": "NP0329401", "adm3_name": "Aamachhodingmo", "adm4_pcode": null, "adm4_name": null, "name_latin": null }, "geometry": { "type": "Polygon", "coordinates": [ [ [ 85.3470913, 28.1999465 ], [ 85.3492907, 28.1994613 ], [ 85.3494369, 28.1994613 ], [ 85.3509502, 28.2006137 ], [ 85.3508069, 28.2008096 ], [ 85.3505226, 28.2006665 ], [ 85.3498696, 28.200741 ], [ 85.3495978, 28.2003439 ], [ 85.3478694, 28.2005032 ], [ 85.3470913, 28.2001039 ], [ 85.3470913, 28.1999465 ] ] ] } },
{ "type": "Feature", "properties": { "id": "way/1554427420", "name": null, "name_en": null, "name_ne": null, "status": "Standing", "landuse": "residential", "population": null, "source": null, "adm0_pcode": "NPL", "adm0_name": "Nepal", "adm1_pcode": "NP03", "adm1_name": "Bagmati", "adm2_pcode": "NP0335", "adm2_name": "Chitawan", "adm3_pcode": "NP0335401", "adm3_name": "Ichchha Kamana", "adm4_pcode": null, "adm4_name": null, "name_latin": null }, "geometry": { "type": "Polygon", "coordinates": [ [ [ 84.5637711, 27.861085 ], [ 84.5639645, 27.8606583 ], [ 84.564801, 27.8606259 ], [ 84.5648063, 27.8607609 ], [ 84.5645765, 27.8608116 ], [ 84.5646035, 27.8609887 ], [ 84.5641417, 27.8613466 ], [ 84.5638641, 27.8612013 ], [ 84.5637711, 27.861085 ] ] ] } },
{ "type": "Feature", "properties": { "id": "way/1554605414", "name": null, "name_en": null, "name_ne": null, "status": "Standing", "landuse": "residential", "population": null, "source": null, "adm0_pcode": "NPL", "adm0_name": "Nepal", "adm1_pcode": "NP03", "adm1_name": "Bagmati", "adm2_pcode": "NP0330", "adm2_name": "Dhading", "adm3_pcode": "NP0330408", "adm3_name": "Benighat Rorang", "adm4_pcode": null, "adm4_name": null, "name_latin": null }, "geometry": { "type": "Polygon", "coordinates": [ [ [ 84.8186514, 27.8111478 ], [ 84.818827, 27.8103834 ], [ 84.8186681, 27.8099297 ], [ 84.8195462, 27.8094964 ], [ 84.8208203, 27.8105782 ], [ 84.8206112, 27.8112637 ], [ 84.8200258, 27.8118703 ], [ 84.8196689, 27.8118703 ], [ 84.8186514, 27.8111478 ] ] ] } },
{ "type": "Feature", "properties": { "id": "way/1554605413", "name": null, "name_en": null, "name_ne": null, "status": "Standing", "landuse": "residential", "population": null, "source": null, "adm0_pcode": "NPL", "adm0_name": "Nepal", "adm1_pcode": "NP03", "adm1_name": "Bagmati", "adm2_pcode": "NP0330", "adm2_name": "Dhading", "adm3_pcode": "NP0330408", "adm3_name": "Benighat Rorang", "adm4_pcode": null, "adm4_name": null, "name_latin": null }, "geometry": { "type": "Polygon", "coordinates": [ [ [ 84.8190166, 27.8124128 ], [ 84.8192507, 27.8121785 ], [ 84.8195937, 27.8127999 ], [ 84.8193818, 27.813552 ], [ 84.8191453, 27.8135448 ], [ 84.8191309, 27.8127999 ], [ 84.8190166, 27.8124128 ] ] ] } },
{ "type": "Feature", "properties": { "id": "way/1554020392", "name": null, "name_en": null, "name_ne": null, "status": "Standing", "landuse": "residential", "population": null, "source": null, "adm0_pcode": "NPL", "adm0_name": "Nepal", "adm1_pcode": "NP03", "adm1_name": "Bagmati", "adm2_pcode": "NP0329", "adm2_name": "Rasuwa", "adm3_pcode": "NP0329403", "adm3_name": "Uttargaya", "adm4_pcode": null, "adm4_name": null, "name_latin": null }, "geometry": { "type": "Polygon", "coordinates": [ [ [ 85.1844096, 28.0219981 ], [ 85.1847305, 28.0207565 ], [ 85.1852357, 28.0206199 ], [ 85.1853222, 28.0207967 ], [ 85.1851879, 28.0211985 ], [ 85.1848738, 28.0217229 ], [ 85.1848078, 28.0220122 ], [ 85.1844096, 28.0219981 ] ] ] } },
{ "type": "Feature", "properties": { "id": "way/1554020397", "name": null, "name_en": null, "name_ne": null, "status": "Standing", "landuse": "residential", "population": null, "source": null, "adm0_pcode": "NPL", "adm0_name": "Nepal", "adm1_pcode": "NP03", "adm1_name": "Bagmati", "adm2_pcode": "NP0329", "adm2_name": "Rasuwa", "adm3_pcode": "NP0329403", "adm3_name": "Uttargaya", "adm4_pcode": null, "adm4_name": null, "name_latin": null }, "geometry": { "type": "Polygon", "coordinates": [ [ [ 85.181125, 28.0188731 ], [ 85.1816111, 28.0184108 ], [ 85.1823421, 28.0180864 ], [ 85.182593, 28.017816 ], [ 85.1824547, 28.0173782 ], [ 85.1827053, 28.0171865 ], [ 85.1828109, 28.0172954 ], [ 85.1828679, 28.017384 ], [ 85.1828009, 28.0173994 ], [ 85.182825, 28.0174811 ], [ 85.1826829, 28.0175308 ], [ 85.1827875, 28.0176824 ], [ 85.1829357, 28.017709 ], [ 85.1831908, 28.0177059 ], [ 85.1832247, 28.0178197 ], [ 85.1830174, 28.0179294 ], [ 85.1829913, 28.018047 ], [ 85.1828948, 28.0180518 ], [ 85.1829216, 28.0181938 ], [ 85.1827794, 28.0182862 ], [ 85.1828545, 28.0184377 ], [ 85.1829538, 28.0186485 ], [ 85.182876, 28.0187148 ], [ 85.1830155, 28.0188355 ], [ 85.1831996, 28.0188731 ], [ 85.1830791, 28.0191783 ], [ 85.1824903, 28.0195481 ], [ 85.1820872, 28.0197033 ], [ 85.1815063, 28.0196405 ], [ 85.1813838, 28.0194923 ], [ 85.181125, 28.0188731 ] ] ] } },
{ "type": "Feature", "properties": { "id": "way/594010911", "name": null, "name_en": null, "name_ne": null, "status": "Standing", "landuse": "residential", "population": null, "source": null, "adm0_pcode": "NPL", "adm0_name": "Nepal", "adm1_pcode": "NP03", "adm1_name": "Bagmati", "adm2_pcode": "NP0330", "adm2_name": "Dhading", "adm3_pcode": "NP0330407", "adm3_name": "Siddhalek", "adm4_pcode": null, "adm4_name": null, "name_latin": null }, "geometry": { "type": "Polygon", "coordinates": [ [ [ 84.9358043, 27.8028696 ], [ 84.9367473, 27.8025192 ], [ 84.937154, 27.8027863 ], [ 84.9381091, 27.8034295 ], [ 84.9374781, 27.8037725 ], [ 84.9369908, 27.8035727 ], [ 84.9369322, 27.8035529 ], [ 84.9369872, 27.8034129 ], [ 84.9365768, 27.8032753 ], [ 84.9361589, 27.8031281 ], [ 84.9358043, 27.8028696 ] ] ] } },
{ "type": "Feature", "properties": { "id": "way/1554536738", "name": null, "name_en": null, "name_ne": null, "status": "Standing", "landuse": "residential", "population": null, "source": null, "adm0_pcode": "NPL", "adm0_name": "Nepal", "adm1_pcode": "NP03", "adm1_name": "Bagmati", "adm2_pcode": "NP0330", "adm2_name": "Dhading", "adm3_pcode": "NP0330410", "adm3_name": "Galchhi", "adm4_pcode": null, "adm4_name": null, "name_latin": null }, "geometry": { "type": "Polygon", "coordinates": [ [ [ 84.95178, 27.8186115 ], [ 84.9520104, 27.8179 ], [ 84.9542508, 27.8179877 ], [ 84.9562329, 27.8188704 ], [ 84.9558734, 27.8198407 ], [ 84.9541678, 27.8197754 ], [ 84.9530868, 27.8198101 ], [ 84.95178, 27.8186115 ] ] ] } },
{ "type": "Feature", "properties": { "id": "way/1553984497", "name": null, "name_en": null, "name_ne": null, "status": "Standing", "landuse": "residential", "population": null, "source": null, "adm0_pcode": "NPL", "adm0_name": "Nepal", "adm1_pcode": "NP03", "adm1_name": "Bagmati", "adm2_pcode": "NP0328", "adm2_name": "Nuwakot", "adm3_pcode": "NP0328402", "adm3_name": "Kispang", "adm4_pcode": null, "adm4_name": null, "name_latin": null }, "geometry": { "type": "Polygon", "coordinates": [ [ [ 85.1845872, 27.9777315 ], [ 85.1846167, 27.97715 ], [ 85.1846543, 27.9769913 ], [ 85.1848206, 27.9769925 ], [ 85.1848313, 27.9770233 ], [ 85.1848072, 27.9772661 ], [ 85.1848608, 27.9773312 ], [ 85.1848528, 27.9773549 ], [ 85.184826, 27.9774638 ], [ 85.1848286, 27.9775183 ], [ 85.1848501, 27.9775373 ], [ 85.1848823, 27.9775325 ], [ 85.1849064, 27.9775231 ], [ 85.1849252, 27.9775041 ], [ 85.1849574, 27.9774354 ], [ 85.185003, 27.9774023 ], [ 85.1850164, 27.9773833 ], [ 85.1850271, 27.9773336 ], [ 85.1850325, 27.9772838 ], [ 85.1850539, 27.9772436 ], [ 85.1850861, 27.9771985 ], [ 85.1851371, 27.9771796 ], [ 85.1851693, 27.9771772 ], [ 85.1851988, 27.977182 ], [ 85.1852202, 27.9772009 ], [ 85.1852149, 27.977227 ], [ 85.1851854, 27.9772767 ], [ 85.1851669, 27.9772787 ], [ 85.1851639, 27.9773051 ], [ 85.1851156, 27.9773809 ], [ 85.1851049, 27.9774046 ], [ 85.1851022, 27.9774331 ], [ 85.1851183, 27.9775396 ], [ 85.185113, 27.9776249 ], [ 85.1850808, 27.9777102 ], [ 85.1850647, 27.9777315 ], [ 85.1850378, 27.9777813 ], [ 85.1850218, 27.9778026 ], [ 85.185011, 27.9778263 ], [ 85.1849708, 27.9778452 ], [ 85.1849145, 27.9778334 ], [ 85.184885, 27.9778215 ], [ 85.1848125, 27.9777647 ], [ 85.1845872, 27.9777315 ] ] ] } },
{ "type": "Feature", "properties": { "id": "way/1554351731", "name": null, "name_en": null, "name_ne": null, "status": "Standing", "landuse": "residential", "population": null, "source": null, "adm0_pcode": "NPL", "adm0_name": "Nepal", "adm1_pcode": "NP03", "adm1_name": "Bagmati", "adm2_pcode": "NP0329", "adm2_name": "Rasuwa", "adm3_pcode": "NP0329404", "adm3_name": "Kalika", "adm4_pcode": null, "adm4_name": null, "name_latin": null }, "geometry": { "type": "Polygon", "coordinates": [ [ [ 85.2049397, 28.0528087 ], [ 85.2050459, 28.0525631 ], [ 85.2054302, 28.0520078 ], [ 85.205998, 28.0522752 ], [ 85.2061561, 28.0524147 ], [ 85.2060471, 28.0527294 ], [ 85.2058595, 28.0529121 ], [ 85.2054083, 28.0529869 ], [ 85.2053198, 28.053046 ], [ 85.205138, 28.0529194 ], [ 85.2049397, 28.0528087 ] ] ] } },
{ "type": "Feature", "properties": { "id": "way/1554509397", "name": null, "name_en": null, "name_ne": null, "status": "Standing", "landuse": "residential", "population": null, "source": null, "adm0_pcode": "NPL", "adm0_name": "Nepal", "adm1_pcode": "NP03", "adm1_name": "Bagmati", "adm2_pcode": "NP0330", "adm2_name": "Dhading", "adm3_pcode": "NP0330407", "adm3_name": "Siddhalek", "adm4_pcode": null, "adm4_name": null, "name_latin": null }, "geometry": { "type": "Polygon", "coordinates": [ [ [ 84.8086627, 27.8201521 ], [ 84.8094492, 27.8199086 ], [ 84.8099171, 27.8195017 ], [ 84.8103929, 27.8193035 ], [ 84.8105267, 27.8197104 ], [ 84.8094649, 27.8203816 ], [ 84.8086627, 27.8201521 ] ] ] } },
{ "type": "Feature", "properties": { "id": "way/1553925868", "name": null, "name_en": null, "name_ne": null, "status": "Standing", "landuse": "residential", "population": null, "source": null, "adm0_pcode": "NPL", "adm0_name": "Nepal", "adm1_pcode": "NP03", "adm1_name": "Bagmati", "adm2_pcode": "NP0328", "adm2_name": "Nuwakot", "adm3_pcode": "NP0328301", "adm3_name": "Bidur", "adm4_pcode": null, "adm4_name": null, "name_latin": null }, "geometry": { "type": "Polygon", "coordinates": [ [ [ 85.152685, 27.933728 ], [ 85.1527119, 27.9335952 ], [ 85.1529291, 27.9335431 ], [ 85.1533663, 27.9334839 ], [ 85.1538652, 27.9333322 ], [ 85.1541817, 27.9332445 ], [ 85.1544499, 27.9334104 ], [ 85.1543319, 27.9335384 ], [ 85.153935, 27.9336237 ], [ 85.1536882, 27.9337659 ], [ 85.1533154, 27.9337872 ], [ 85.1530686, 27.9338583 ], [ 85.152685, 27.933728 ] ] ] } },
{ "type": "Feature", "properties": { "id": "way/343687359", "name": null, "name_en": null, "name_ne": null, "status": "Standing", "landuse": "residential", "population": null, "source": null, "adm0_pcode": "NPL", "adm0_name": "Nepal", "adm1_pcode": "NP03", "adm1_name": "Bagmati", "adm2_pcode": "NP0328", "adm2_name": "Nuwakot", "adm3_pcode": "NP0328301", "adm3_name": "Bidur", "adm4_pcode": null, "adm4_name": null, "name_latin": null }, "geometry": { "type": "Polygon", "coordinates": [ [ [ 85.163042, 27.9444672 ], [ 85.1633347, 27.9443539 ], [ 85.1635389, 27.9444105 ], [ 85.1635243, 27.9447503 ], [ 85.1637997, 27.9447709 ], [ 85.1638288, 27.9445354 ], [ 85.1641814, 27.9444067 ], [ 85.1643971, 27.9444275 ], [ 85.1645685, 27.944496 ], [ 85.1644743, 27.944704 ], [ 85.1644029, 27.9448804 ], [ 85.1644087, 27.9448963 ], [ 85.1644699, 27.9450644 ], [ 85.164783, 27.9453371 ], [ 85.1648591, 27.9457442 ], [ 85.1646886, 27.9457513 ], [ 85.1642938, 27.9455067 ], [ 85.1642093, 27.945293 ], [ 85.164116, 27.944988 ], [ 85.1633217, 27.9447864 ], [ 85.163042, 27.9444672 ] ] ] } },
{ "type": "Feature", "properties": { "id": "way/1554597223", "name": null, "name_en": null, "name_ne": null, "status": "Standing", "landuse": "residential", "population": null, "source": null, "adm0_pcode": "NPL", "adm0_name": "Nepal", "adm1_pcode": "NP03", "adm1_name": "Bagmati", "adm2_pcode": "NP0330", "adm2_name": "Dhading", "adm3_pcode": "NP0330407", "adm3_name": "Siddhalek", "adm4_pcode": null, "adm4_name": null, "name_latin": null }, "geometry": { "type": "Polygon", "coordinates": [ [ [ 84.9142141, 27.8054589 ], [ 84.9147888, 27.8053785 ], [ 84.9148943, 27.8062214 ], [ 84.9142832, 27.8062535 ], [ 84.9142141, 27.8054589 ] ] ] } },
{ "type": "Feature", "properties": { "id": "way/341023414", "name": null, "name_en": null, "name_ne": null, "status": "Standing", "landuse": "residential", "population": null, "source": null, "adm0_pcode": "NPL", "adm0_name": "Nepal", "adm1_pcode": "NP04", "adm1_name": "Gandaki", "adm2_pcode": "NP0436", "adm2_name": "Gorkha", "adm3_pcode": "NP0436409", "adm3_name": "Gandaki", "adm4_pcode": null, "adm4_name": null, "name_latin": null }, "geometry": { "type": "Polygon", "coordinates": [ [ [ 84.7626168, 27.8134152 ], [ 84.7640798, 27.8126204 ], [ 84.7631707, 27.8123013 ], [ 84.763524, 27.8118286 ], [ 84.7639874, 27.8117071 ], [ 84.7645914, 27.8121676 ], [ 84.764843, 27.8120819 ], [ 84.7651219, 27.8118399 ], [ 84.765256, 27.811968 ], [ 84.7654492, 27.8118494 ], [ 84.7652573, 27.8115006 ], [ 84.7656745, 27.8112848 ], [ 84.765889, 27.8113987 ], [ 84.7663181, 27.8107707 ], [ 84.7665811, 27.8107463 ], [ 84.7667983, 27.8108815 ], [ 84.7668305, 27.8110594 ], [ 84.7667525, 27.8113368 ], [ 84.7662015, 27.8120847 ], [ 84.7655615, 27.8131376 ], [ 84.7647393, 27.813697 ], [ 84.7637003, 27.8140326 ], [ 84.7629688, 27.8137129 ], [ 84.762866, 27.8136738 ], [ 84.7626168, 27.8134152 ] ] ] } },
{ "type": "Feature", "properties": { "id": "way/1193913513", "name": null, "name_en": null, "name_ne": null, "status": "Standing", "landuse": "residential", "population": null, "source": null, "adm0_pcode": "NPL", "adm0_name": "Nepal", "adm1_pcode": "NP03", "adm1_name": "Bagmati", "adm2_pcode": "NP0330", "adm2_name": "Dhading", "adm3_pcode": "NP0330407", "adm3_name": "Siddhalek", "adm4_pcode": null, "adm4_name": null, "name_latin": null }, "geometry": { "type": "Polygon", "coordinates": [ [ [ 84.8672873, 27.8062837 ], [ 84.8675743, 27.8061651 ], [ 84.8677432, 27.8061769 ], [ 84.8677406, 27.8058709 ], [ 84.8680625, 27.8058448 ], [ 84.8681778, 27.8060464 ], [ 84.8684111, 27.8059349 ], [ 84.8685902, 27.8060227 ], [ 84.8685989, 27.8061224 ], [ 84.8691809, 27.8062173 ], [ 84.8691112, 27.8067724 ], [ 84.8687437, 27.8067202 ], [ 84.8681724, 27.8066206 ], [ 84.8680114, 27.8066633 ], [ 84.8678291, 27.8066966 ], [ 84.8676735, 27.8066847 ], [ 84.8675502, 27.8066467 ], [ 84.8673544, 27.8065115 ], [ 84.8672873, 27.8062837 ] ] ] } },
{ "type": "Feature", "properties": { "id": "way/1554226493", "name": null, "name_en": null, "name_ne": null, "status": "Standing", "landuse": "residential", "population": null, "source": null, "adm0_pcode": "NPL", "adm0_name": "Nepal", "adm1_pcode": "NP03", "adm1_name": "Bagmati", "adm2_pcode": "NP0329", "adm2_name": "Rasuwa", "adm3_pcode": "NP0329402", "adm3_name": "Gosaikunda", "adm4_pcode": null, "adm4_name": null, "name_latin": null }, "geometry": { "type": "Polygon", "coordinates": [ [ [ 85.3603564, 28.2259467 ], [ 85.3604382, 28.2256135 ], [ 85.3613421, 28.2255923 ], [ 85.3613566, 28.2246958 ], [ 85.3612494, 28.2234469 ], [ 85.3613877, 28.2234677 ], [ 85.3614601, 28.2236685 ], [ 85.361573, 28.2247302 ], [ 85.3617082, 28.2256775 ], [ 85.3617082, 28.2261594 ], [ 85.3616716, 28.2268828 ], [ 85.3613351, 28.2267788 ], [ 85.3603564, 28.2261119 ], [ 85.3603564, 28.2259467 ] ] ] } },
{ "type": "Feature", "properties": { "id": "way/1554605423", "name": null, "name_en": null, "name_ne": null, "status": "Standing", "landuse": "residential", "population": null, "source": null, "adm0_pcode": "NPL", "adm0_name": "Nepal", "adm1_pcode": "NP03", "adm1_name": "Bagmati", "adm2_pcode": "NP0330", "adm2_name": "Dhading", "adm3_pcode": "NP0330408", "adm3_name": "Benighat Rorang", "adm4_pcode": null, "adm4_name": null, "name_latin": null }, "geometry": { "type": "Polygon", "coordinates": [ [ [ 84.8285203, 27.8167034 ], [ 84.8290225, 27.8166853 ], [ 84.8290611, 27.8171474 ], [ 84.8285567, 27.8171615 ], [ 84.8285203, 27.8167034 ] ] ] } },
{ "type": "Feature", "properties": { "id": "way/1554563917", "name": null, "name_en": null, "name_ne": null, "status": "Standing", "landuse": "residential", "population": null, "source": null, "adm0_pcode": "NPL", "adm0_name": "Nepal", "adm1_pcode": "NP03", "adm1_name": "Bagmati", "adm2_pcode": "NP0330", "adm2_name": "Dhading", "adm3_pcode": "NP0330410", "adm3_name": "Galchhi", "adm4_pcode": null, "adm4_name": null, "name_latin": null }, "geometry": { "type": "Polygon", "coordinates": [ [ [ 85.0050021, 27.8073865 ], [ 85.0050676, 27.807356 ], [ 85.0051622, 27.8072618 ], [ 85.0053169, 27.8069771 ], [ 85.0055425, 27.8068616 ], [ 85.005588, 27.8068239 ], [ 85.0056196, 27.806763 ], [ 85.0056169, 27.8066887 ], [ 85.0055852, 27.8066278 ], [ 85.0055425, 27.8065742 ], [ 85.0055516, 27.8063833 ], [ 85.0056293, 27.8062673 ], [ 85.0058425, 27.8063189 ], [ 85.0057945, 27.8064232 ], [ 85.0057766, 27.8064841 ], [ 85.0057921, 27.806506 ], [ 85.0058059, 27.8065615 ], [ 85.0059749, 27.8066059 ], [ 85.0059914, 27.8067033 ], [ 85.0064995, 27.8067629 ], [ 85.006764, 27.8068555 ], [ 85.0067507, 27.8069194 ], [ 85.00668, 27.8069704 ], [ 85.0065538, 27.8069197 ], [ 85.0065118, 27.8068878 ], [ 85.006408, 27.8068578 ], [ 85.0062363, 27.8068294 ], [ 85.0060861, 27.8068389 ], [ 85.0060649, 27.8068851 ], [ 85.0060154, 27.8068872 ], [ 85.0059992, 27.8069389 ], [ 85.0059806, 27.8070109 ], [ 85.0060464, 27.8070343 ], [ 85.0059955, 27.8071448 ], [ 85.0058553, 27.8070958 ], [ 85.0058233, 27.8071615 ], [ 85.0056479, 27.8070994 ], [ 85.0056624, 27.8070429 ], [ 85.0055084, 27.8069902 ], [ 85.0054279, 27.8070234 ], [ 85.005348, 27.8070779 ], [ 85.0055096, 27.8071574 ], [ 85.0054814, 27.8072101 ], [ 85.0054304, 27.8072434 ], [ 85.0053364, 27.8072139 ], [ 85.0053536, 27.807187 ], [ 85.0052899, 27.8071578 ], [ 85.0051772, 27.8073158 ], [ 85.0052856, 27.8073786 ], [ 85.0052442, 27.8074665 ], [ 85.0050308, 27.8074225 ], [ 85.0050021, 27.8073865 ] ] ] } },
{ "type": "Feature", "properties": { "id": "way/1554536018", "name": null, "name_en": null, "name_ne": null, "status": "Standing", "landuse": "residential", "population": null, "source": null, "adm0_pcode": "NPL", "adm0_name": "Nepal", "adm1_pcode": "NP03", "adm1_name": "Bagmati", "adm2_pcode": "NP0328", "adm2_name": "Nuwakot", "adm3_pcode": "NP0328302", "adm3_name": "Belkotgadhi", "adm4_pcode": null, "adm4_name": null, "name_latin": null }, "geometry": { "type": "Polygon", "coordinates": [ [ [ 85.0173005, 27.8428211 ], [ 85.0173676, 27.8426871 ], [ 85.0175004, 27.8425851 ], [ 85.0176211, 27.8425756 ], [ 85.0176895, 27.8426717 ], [ 85.0175808, 27.8427535 ], [ 85.0175607, 27.8428057 ], [ 85.0175084, 27.8429005 ], [ 85.0174816, 27.8430416 ], [ 85.0174414, 27.8430665 ], [ 85.017314, 27.8430452 ], [ 85.0173005, 27.8428211 ] ] ] } },
{ "type": "Feature", "properties": { "id": "way/1090655848", "name": null, "name_en": null, "name_ne": null, "status": "Standing", "landuse": "residential", "population": null, "source": null, "adm0_pcode": "NPL", "adm0_name": "Nepal", "adm1_pcode": "NP04", "adm1_name": "Gandaki", "adm2_pcode": "NP0436", "adm2_name": "Gorkha", "adm3_pcode": "NP0436409", "adm3_name": "Gandaki", "adm4_pcode": null, "adm4_name": null, "name_latin": null }, "geometry": { "type": "Polygon", "coordinates": [ [ [ 84.6952129, 27.8070333 ], [ 84.695292, 27.8069207 ], [ 84.695933, 27.8070524 ], [ 84.6962428, 27.8071354 ], [ 84.6965258, 27.8072209 ], [ 84.6966759, 27.8072932 ], [ 84.6967913, 27.8073252 ], [ 84.6967752, 27.8076408 ], [ 84.6965901, 27.8077641 ], [ 84.6964131, 27.8078626 ], [ 84.6962294, 27.8078448 ], [ 84.6959826, 27.8076076 ], [ 84.6957278, 27.8076384 ], [ 84.6953496, 27.8075625 ], [ 84.6952129, 27.8070333 ] ] ] } },
{ "type": "Feature", "properties": { "id": "way/342800990", "name": null, "name_en": null, "name_ne": null, "status": "Standing", "landuse": "residential", "population": null, "source": null, "adm0_pcode": "NPL", "adm0_name": "Nepal", "adm1_pcode": "NP03", "adm1_name": "Bagmati", "adm2_pcode": "NP0328", "adm2_name": "Nuwakot", "adm3_pcode": "NP0328301", "adm3_name": "Bidur", "adm4_pcode": null, "adm4_name": null, "name_latin": null }, "geometry": { "type": "Polygon", "coordinates": [ [ [ 85.1671398, 27.953976 ], [ 85.1671452, 27.9538946 ], [ 85.1673294, 27.9538563 ], [ 85.1673349, 27.9535884 ], [ 85.1672536, 27.9533826 ], [ 85.1674963, 27.9532188 ], [ 85.167902, 27.953131 ], [ 85.1678891, 27.9533763 ], [ 85.1676008, 27.9534729 ], [ 85.1676454, 27.9537342 ], [ 85.1677568, 27.9538019 ], [ 85.1684578, 27.9542438 ], [ 85.1685347, 27.9546921 ], [ 85.1682908, 27.9547794 ], [ 85.1682016, 27.954598 ], [ 85.1679145, 27.9543253 ], [ 85.1675678, 27.9541961 ], [ 85.1675723, 27.9543234 ], [ 85.1674876, 27.9543382 ], [ 85.1673565, 27.9541674 ], [ 85.1671398, 27.953976 ] ] ] } },
{ "type": "Feature", "properties": { "id": "way/1553935491", "name": null, "name_en": null, "name_ne": null, "status": "Standing", "landuse": "residential", "population": null, "source": null, "adm0_pcode": "NPL", "adm0_name": "Nepal", "adm1_pcode": "NP03", "adm1_name": "Bagmati", "adm2_pcode": "NP0328", "adm2_name": "Nuwakot", "adm3_pcode": "NP0328301", "adm3_name": "Bidur", "adm4_pcode": null, "adm4_name": null, "name_latin": null }, "geometry": { "type": "Polygon", "coordinates": [ [ [ 85.168156, 27.958036 ], [ 85.1683466, 27.9578172 ], [ 85.1689339, 27.9579389 ], [ 85.1690304, 27.9582244 ], [ 85.1686457, 27.9582484 ], [ 85.1689313, 27.9585907 ], [ 85.1685664, 27.9587918 ], [ 85.1682955, 27.9584506 ], [ 85.168156, 27.958036 ] ] ] } },
{ "type": "Feature", "properties": { "id": "way/341126123", "name": null, "name_en": null, "name_ne": null, "status": "Standing", "landuse": "residential", "population": null, "source": null, "adm0_pcode": "NPL", "adm0_name": "Nepal", "adm1_pcode": "NP03", "adm1_name": "Bagmati", "adm2_pcode": "NP0335", "adm2_name": "Chitawan", "adm3_pcode": "NP0335401", "adm3_name": "Ichchha Kamana", "adm4_pcode": null, "adm4_name": null, "name_latin": null }, "geometry": { "type": "Polygon", "coordinates": [ [ [ 84.5577284, 27.8539681 ], [ 84.5586927, 27.8542134 ], [ 84.5597181, 27.854169 ], [ 84.5615759, 27.8540523 ], [ 84.562115, 27.8543773 ], [ 84.5630341, 27.8549079 ], [ 84.5628982, 27.8549643 ], [ 84.5626584, 27.8550623 ], [ 84.5625753, 27.8551372 ], [ 84.562372, 27.8551087 ], [ 84.5622325, 27.8549775 ], [ 84.5616704, 27.8550358 ], [ 84.561363, 27.855259 ], [ 84.5613241, 27.8553002 ], [ 84.5613906, 27.8554174 ], [ 84.5630085, 27.8561561 ], [ 84.5628347, 27.8563777 ], [ 84.563037, 27.8565647 ], [ 84.5631821, 27.8564525 ], [ 84.5633786, 27.856467 ], [ 84.5640588, 27.8556852 ], [ 84.5646342, 27.8557647 ], [ 84.5647582, 27.8562377 ], [ 84.5666898, 27.8560733 ], [ 84.5666776, 27.8562371 ], [ 84.5664031, 27.8564413 ], [ 84.564756, 27.8566147 ], [ 84.5644641, 27.8567439 ], [ 84.5644419, 27.8569697 ], [ 84.5647996, 27.8572696 ], [ 84.56523, 27.8572195 ], [ 84.5652257, 27.8574291 ], [ 84.5647569, 27.8574728 ], [ 84.5643554, 27.8572235 ], [ 84.5640779, 27.8572533 ], [ 84.5638415, 27.8574716 ], [ 84.5645502, 27.8576211 ], [ 84.5645538, 27.8576965 ], [ 84.5641635, 27.8576588 ], [ 84.5641277, 27.8577451 ], [ 84.5628188, 27.857508 ], [ 84.5620472, 27.8573613 ], [ 84.5621071, 27.8577268 ], [ 84.5613793, 27.8578981 ], [ 84.5613757, 27.857663 ], [ 84.5611273, 27.8576095 ], [ 84.5611837, 27.8572922 ], [ 84.560452, 27.8571471 ], [ 84.5603634, 27.8572815 ], [ 84.560158, 27.8574108 ], [ 84.5594284, 27.8568535 ], [ 84.5590089, 27.8564949 ], [ 84.5584656, 27.856033 ], [ 84.5581597, 27.8552955 ], [ 84.5577284, 27.8539681 ] ] ] } },
{ "type": "Feature", "properties": { "id": "way/1554549510", "name": null, "name_en": null, "name_ne": null, "status": "Standing", "landuse": "residential", "population": null, "source": null, "adm0_pcode": "NPL", "adm0_name": "Nepal", "adm1_pcode": "NP03", "adm1_name": "Bagmati", "adm2_pcode": "NP0330", "adm2_name": "Dhading", "adm3_pcode": "NP0330408", "adm3_name": "Benighat Rorang", "adm4_pcode": null, "adm4_name": null, "name_latin": null }, "geometry": { "type": "Polygon", "coordinates": [ [ [ 84.8092017, 27.8151488 ], [ 84.809398, 27.8147761 ], [ 84.8097743, 27.814865 ], [ 84.8095288, 27.8153304 ], [ 84.8092017, 27.8151488 ] ] ] } },
{ "type": "Feature", "properties": { "id": "way/1090959406", "name": null, "name_en": null, "name_ne": null, "status": "Standing", "landuse": "residential", "population": null, "source": null, "adm0_pcode": "NPL", "adm0_name": "Nepal", "adm1_pcode": "NP03", "adm1_name": "Bagmati", "adm2_pcode": "NP0330", "adm2_name": "Dhading", "adm3_pcode": "NP0330408", "adm3_name": "Benighat Rorang", "adm4_pcode": null, "adm4_name": null, "name_latin": null }, "geometry": { "type": "Polygon", "coordinates": [ [ [ 84.7464524, 27.8033157 ], [ 84.7466576, 27.8032967 ], [ 84.7467904, 27.8031508 ], [ 84.7468239, 27.8028483 ], [ 84.748114, 27.8030049 ], [ 84.749195, 27.8030262 ], [ 84.7497502, 27.8030381 ], [ 84.7502491, 27.8030737 ], [ 84.7492715, 27.8037238 ], [ 84.7487631, 27.8037736 ], [ 84.7485003, 27.803719 ], [ 84.7485432, 27.8034723 ], [ 84.7481194, 27.8034794 ], [ 84.748047, 27.8033275 ], [ 84.7476393, 27.8032682 ], [ 84.7469956, 27.8032136 ], [ 84.7469741, 27.803356 ], [ 84.7466871, 27.8036099 ], [ 84.746494, 27.8036051 ], [ 84.7464524, 27.8033157 ] ] ] } },
{ "type": "Feature", "properties": { "id": "way/1554528792", "name": null, "name_en": null, "name_ne": null, "status": "Standing", "landuse": "residential", "population": null, "source": null, "adm0_pcode": "NPL", "adm0_name": "Nepal", "adm1_pcode": "NP03", "adm1_name": "Bagmati", "adm2_pcode": "NP0328", "adm2_name": "Nuwakot", "adm3_pcode": "NP0328302", "adm3_name": "Belkotgadhi", "adm4_pcode": null, "adm4_name": null, "name_latin": null }, "geometry": { "type": "Polygon", "coordinates": [ [ [ 85.047355, 27.8491533 ], [ 85.0474291, 27.8489878 ], [ 85.0474759, 27.8488084 ], [ 85.0474369, 27.8486463 ], [ 85.047433, 27.8483807 ], [ 85.0475305, 27.8482324 ], [ 85.0476515, 27.8481047 ], [ 85.0477958, 27.8480564 ], [ 85.0479987, 27.8480599 ], [ 85.0481664, 27.8480495 ], [ 85.048393, 27.84799 ], [ 85.0487087, 27.8480461 ], [ 85.0487555, 27.8481634 ], [ 85.0485565, 27.848291 ], [ 85.0483459, 27.8482738 ], [ 85.0481664, 27.8483634 ], [ 85.0480221, 27.8484566 ], [ 85.0478816, 27.8485738 ], [ 85.0479479, 27.8486842 ], [ 85.0480455, 27.8488256 ], [ 85.0480689, 27.8489464 ], [ 85.0480923, 27.8491154 ], [ 85.0482444, 27.8490947 ], [ 85.04842, 27.8490016 ], [ 85.0485214, 27.8489291 ], [ 85.0486306, 27.8489153 ], [ 85.0486384, 27.8489981 ], [ 85.0485565, 27.8491154 ], [ 85.0484356, 27.8492258 ], [ 85.0482171, 27.8493258 ], [ 85.0480572, 27.849412 ], [ 85.0477451, 27.8495086 ], [ 85.0474291, 27.8495051 ], [ 85.0474074, 27.8493162 ], [ 85.047355, 27.8491533 ] ] ] } },
{ "type": "Feature", "properties": { "id": "way/1554536732", "name": null, "name_en": null, "name_ne": null, "status": "Standing", "landuse": "residential", "population": null, "source": null, "adm0_pcode": "NPL", "adm0_name": "Nepal", "adm1_pcode": "NP03", "adm1_name": "Bagmati", "adm2_pcode": "NP0330", "adm2_name": "Dhading", "adm3_pcode": "NP0330410", "adm3_name": "Galchhi", "adm4_pcode": null, "adm4_name": null, "name_latin": null }, "geometry": { "type": "Polygon", "coordinates": [ [ [ 84.9677941, 27.8077464 ], [ 84.9680935, 27.8069301 ], [ 84.9689675, 27.8068527 ], [ 84.9685682, 27.8086258 ], [ 84.9677941, 27.8077464 ] ] ] } },
{ "type": "Feature", "properties": { "id": "way/1554631839", "name": null, "name_en": null, "name_ne": null, "status": "Standing", "landuse": "residential", "population": null, "source": null, "adm0_pcode": "NPL", "adm0_name": "Nepal", "adm1_pcode": "NP03", "adm1_name": "Bagmati", "adm2_pcode": "NP0329", "adm2_name": "Rasuwa", "adm3_pcode": "NP0329403", "adm3_name": "Uttargaya", "adm4_pcode": null, "adm4_name": null, "name_latin": null }, "geometry": { "type": "Polygon", "coordinates": [ [ [ 85.2061446, 28.0744405 ], [ 85.2065706, 28.0739683 ], [ 85.2071392, 28.0736938 ], [ 85.2075577, 28.073353 ], [ 85.2076958, 28.0730855 ], [ 85.2080056, 28.0731317 ], [ 85.2081557, 28.0739301 ], [ 85.2076983, 28.0738497 ], [ 85.2074496, 28.0738924 ], [ 85.2071835, 28.0741263 ], [ 85.2068741, 28.0743681 ], [ 85.20645, 28.0746379 ], [ 85.2061446, 28.0744405 ] ] ] } },
{ "type": "Feature", "properties": { "id": "way/1554449663", "name": null, "name_en": null, "name_ne": null, "status": "Standing", "landuse": "residential", "population": null, "source": null, "adm0_pcode": "NPL", "adm0_name": "Nepal", "adm1_pcode": "NP03", "adm1_name": "Bagmati", "adm2_pcode": "NP0335", "adm2_name": "Chitawan", "adm3_pcode": "NP0335401", "adm3_name": "Ichchha Kamana", "adm4_pcode": null, "adm4_name": null, "name_latin": null }, "geometry": { "type": "Polygon", "coordinates": [ [ [ 84.6075958, 27.8706422 ], [ 84.6080464, 27.8705818 ], [ 84.6082288, 27.8706339 ], [ 84.6082999, 27.8708189 ], [ 84.6080156, 27.8708153 ], [ 84.6077762, 27.8707554 ], [ 84.6076047, 27.8707523 ], [ 84.6075958, 27.8706422 ] ] ] } },
{ "type": "Feature", "properties": { "id": "way/1554494416", "name": null, "name_en": null, "name_ne": null, "status": "Standing", "landuse": "residential", "population": null, "source": null, "adm0_pcode": "NPL", "adm0_name": "Nepal", "adm1_pcode": "NP04", "adm1_name": "Gandaki", "adm2_pcode": "NP0436", "adm2_name": "Gorkha", "adm3_pcode": "NP0436409", "adm3_name": "Gandaki", "adm4_pcode": null, "adm4_name": null, "name_latin": null }, "geometry": { "type": "Polygon", "coordinates": [ [ [ 84.7228878, 27.7994682 ], [ 84.7237012, 27.7987511 ], [ 84.7245548, 27.7980656 ], [ 84.725134, 27.7977404 ], [ 84.725019, 27.7971388 ], [ 84.725337, 27.796967 ], [ 84.7261647, 27.7972256 ], [ 84.7263703, 27.7968588 ], [ 84.7264916, 27.7966802 ], [ 84.726795, 27.7965771 ], [ 84.7273956, 27.7966573 ], [ 84.727605, 27.796921 ], [ 84.7277224, 27.7972594 ], [ 84.7273718, 27.7979632 ], [ 84.7270459, 27.7986234 ], [ 84.7263364, 27.7992688 ], [ 84.7257252, 27.7997087 ], [ 84.7248716, 27.7999607 ], [ 84.7238887, 27.8001761 ], [ 84.7230758, 27.8000433 ], [ 84.7228878, 27.7994682 ] ] ] } },
{ "type": "Feature", "properties": { "id": "way/1554430691", "name": null, "name_en": null, "name_ne": null, "status": "Standing", "landuse": "residential", "population": null, "source": null, "adm0_pcode": "NPL", "adm0_name": "Nepal", "adm1_pcode": "NP03", "adm1_name": "Bagmati", "adm2_pcode": "NP0335", "adm2_name": "Chitawan", "adm3_pcode": "NP0335401", "adm3_name": "Ichchha Kamana", "adm4_pcode": null, "adm4_name": null, "name_latin": null }, "geometry": { "type": "Polygon", "coordinates": [ [ [ 84.5583602, 27.8499618 ], [ 84.5583664, 27.8495469 ], [ 84.558479, 27.8495081 ], [ 84.5586574, 27.8488193 ], [ 84.5589295, 27.8484874 ], [ 84.5590484, 27.84854 ], [ 84.5588795, 27.8492813 ], [ 84.5587199, 27.8497101 ], [ 84.5584983, 27.8500464 ], [ 84.5583602, 27.8499618 ] ] ] } },
{ "type": "Feature", "properties": { "id": "way/1554535559", "name": null, "name_en": null, "name_ne": null, "status": "Standing", "landuse": "residential", "population": null, "source": null, "adm0_pcode": "NPL", "adm0_name": "Nepal", "adm1_pcode": "NP03", "adm1_name": "Bagmati", "adm2_pcode": "NP0329", "adm2_name": "Rasuwa", "adm3_pcode": "NP0329402", "adm3_name": "Gosaikunda", "adm4_pcode": null, "adm4_name": null, "name_latin": null }, "geometry": { "type": "Polygon", "coordinates": [ [ [ 85.3583615, 28.2377754 ], [ 85.3583729, 28.2376898 ], [ 85.3584688, 28.2375527 ], [ 85.3585225, 28.2374552 ], [ 85.3583716, 28.2373294 ], [ 85.3586217, 28.2370972 ], [ 85.3587833, 28.237216 ], [ 85.358961, 28.237063 ], [ 85.3590515, 28.2368857 ], [ 85.3592312, 28.2369826 ], [ 85.3590234, 28.2375828 ], [ 85.3588678, 28.2378416 ], [ 85.358853, 28.2380944 ], [ 85.3588644, 28.2381889 ], [ 85.3588443, 28.238248 ], [ 85.358725, 28.2382179 ], [ 85.358666, 28.2379834 ], [ 85.3585151, 28.2379804 ], [ 85.3585084, 28.2378422 ], [ 85.3583615, 28.2377754 ] ] ] } },
{ "type": "Feature", "properties": { "id": "way/594010907", "name": null, "name_en": null, "name_ne": null, "status": "Standing", "landuse": "residential", "population": null, "source": null, "adm0_pcode": "NPL", "adm0_name": "Nepal", "adm1_pcode": "NP03", "adm1_name": "Bagmati", "adm2_pcode": "NP0330", "adm2_name": "Dhading", "adm3_pcode": "NP0330407", "adm3_name": "Siddhalek", "adm4_pcode": null, "adm4_name": null, "name_latin": null }, "geometry": { "type": "Polygon", "coordinates": [ [ [ 84.9335169, 27.8022105 ], [ 84.9336898, 27.8019218 ], [ 84.934859, 27.8023821 ], [ 84.9346386, 27.802679 ], [ 84.9335169, 27.8022105 ] ] ] } },
{ "type": "Feature", "properties": { "id": "way/1554549507", "name": null, "name_en": null, "name_ne": null, "status": "Standing", "landuse": "residential", "population": null, "source": null, "adm0_pcode": "NPL", "adm0_name": "Nepal", "adm1_pcode": "NP03", "adm1_name": "Bagmati", "adm2_pcode": "NP0330", "adm2_name": "Dhading", "adm3_pcode": "NP0330408", "adm3_name": "Benighat Rorang", "adm4_pcode": null, "adm4_name": null, "name_latin": null }, "geometry": { "type": "Polygon", "coordinates": [ [ [ 84.8066486, 27.8134272 ], [ 84.8070545, 27.8130491 ], [ 84.807565, 27.8135768 ], [ 84.8073098, 27.8146456 ], [ 84.8068485, 27.814632 ], [ 84.8066486, 27.8134272 ] ] ] } },
{ "type": "Feature", "properties": { "id": "way/1553935486", "name": null, "name_en": null, "name_ne": null, "status": "Standing", "landuse": "residential", "population": null, "source": null, "adm0_pcode": "NPL", "adm0_name": "Nepal", "adm1_pcode": "NP03", "adm1_name": "Bagmati", "adm2_pcode": "NP0328", "adm2_name": "Nuwakot", "adm3_pcode": "NP0328402", "adm3_name": "Kispang", "adm4_pcode": null, "adm4_name": null, "name_latin": null }, "geometry": { "type": "Polygon", "coordinates": [ [ [ 85.1771468, 27.9749506 ], [ 85.1771741, 27.9747145 ], [ 85.1773426, 27.9743264 ], [ 85.177474, 27.9743525 ], [ 85.1775129, 27.9742601 ], [ 85.1772983, 27.9740694 ], [ 85.1772903, 27.973945 ], [ 85.1775116, 27.973919 ], [ 85.1775585, 27.9737674 ], [ 85.1778924, 27.9733208 ], [ 85.1781942, 27.9734523 ], [ 85.1783337, 27.9731917 ], [ 85.1778428, 27.9729394 ], [ 85.1778857, 27.9728293 ], [ 85.1784182, 27.9730839 ], [ 85.1784839, 27.9729987 ], [ 85.178799, 27.9731905 ], [ 85.1787052, 27.9733066 ], [ 85.1784906, 27.9732095 ], [ 85.1783672, 27.9734156 ], [ 85.1785402, 27.9735044 ], [ 85.1782478, 27.973919 ], [ 85.1785281, 27.9740718 ], [ 85.178673, 27.9740789 ], [ 85.178909, 27.9739557 ], [ 85.1790485, 27.9738088 ], [ 85.1791558, 27.9738763 ], [ 85.1789962, 27.9740587 ], [ 85.1790351, 27.9740954 ], [ 85.1792255, 27.9741073 ], [ 85.1795916, 27.9739296 ], [ 85.1796453, 27.9739521 ], [ 85.1796372, 27.9740362 ], [ 85.1795474, 27.9741547 ], [ 85.1794937, 27.9743738 ], [ 85.1794937, 27.9745242 ], [ 85.1792201, 27.9745242 ], [ 85.179204, 27.9743489 ], [ 85.1788473, 27.9743797 ], [ 85.1786059, 27.974555 ], [ 85.1785201, 27.9744816 ], [ 85.1783833, 27.9745692 ], [ 85.1782706, 27.9744744 ], [ 85.1778817, 27.9747966 ], [ 85.1782304, 27.975204 ], [ 85.1782894, 27.975467 ], [ 85.1781935, 27.9755775 ], [ 85.1781312, 27.9756494 ], [ 85.1778474, 27.9754403 ], [ 85.1777466, 27.9751813 ], [ 85.1775229, 27.9749572 ], [ 85.1771468, 27.9749506 ] ] ] } },
{ "type": "Feature", "properties": { "id": "way/341164909", "name": null, "name_en": null, "name_ne": null, "status": "Standing", "landuse": "residential", "population": null, "source": null, "adm0_pcode": "NPL", "adm0_name": "Nepal", "adm1_pcode": "NP04", "adm1_name": "Gandaki", "adm2_pcode": "NP0436", "adm2_name": "Gorkha", "adm3_pcode": "NP0436408", "adm3_name": "Shahid Lakhan", "adm4_pcode": null, "adm4_name": null, "name_latin": null }, "geometry": { "type": "Polygon", "coordinates": [ [ [ 84.5548752, 27.8581054 ], [ 84.5555033, 27.8577596 ], [ 84.5558813, 27.8575992 ], [ 84.5563469, 27.8572658 ], [ 84.5570577, 27.857257 ], [ 84.5572513, 27.8581447 ], [ 84.5567009, 27.858666 ], [ 84.5557845, 27.8586794 ], [ 84.5552704, 27.8584254 ], [ 84.5548994, 27.8583238 ], [ 84.5548752, 27.8581054 ] ] ] } },
{ "type": "Feature", "properties": { "id": "way/576572513", "name": null, "name_en": null, "name_ne": null, "status": "Standing", "landuse": "residential", "population": null, "source": null, "adm0_pcode": "NPL", "adm0_name": "Nepal", "adm1_pcode": "NP03", "adm1_name": "Bagmati", "adm2_pcode": "NP0330", "adm2_name": "Dhading", "adm3_pcode": "NP0330407", "adm3_name": "Siddhalek", "adm4_pcode": null, "adm4_name": null, "name_latin": null }, "geometry": { "type": "Polygon", "coordinates": [ [ [ 84.8578483, 27.8063223 ], [ 84.8585882, 27.8059339 ], [ 84.8587203, 27.805553 ], [ 84.8591858, 27.8052007 ], [ 84.8594943, 27.805162 ], [ 84.8594908, 27.8054305 ], [ 84.8592306, 27.8057397 ], [ 84.8590273, 27.8058979 ], [ 84.8589379, 27.8059914 ], [ 84.8587468, 27.8060841 ], [ 84.8586858, 27.8061137 ], [ 84.8583606, 27.8063439 ], [ 84.858263, 27.8065021 ], [ 84.858076, 27.8066171 ], [ 84.8578564, 27.8066028 ], [ 84.8578971, 27.8064877 ], [ 84.8578483, 27.8063223 ] ] ] } },
{ "type": "Feature", "properties": { "id": "way/1554542867", "name": null, "name_en": null, "name_ne": null, "status": "Standing", "landuse": "residential", "population": null, "source": null, "adm0_pcode": "NPL", "adm0_name": "Nepal", "adm1_pcode": "NP03", "adm1_name": "Bagmati", "adm2_pcode": "NP0328", "adm2_name": "Nuwakot", "adm3_pcode": "NP0328302", "adm3_name": "Belkotgadhi", "adm4_pcode": null, "adm4_name": null, "name_latin": null }, "geometry": { "type": "Polygon", "coordinates": [ [ [ 85.0255453, 27.8347977 ], [ 85.0255649, 27.8346279 ], [ 85.0260996, 27.8340914 ], [ 85.026798, 27.8339447 ], [ 85.0269638, 27.8341435 ], [ 85.0263484, 27.8347823 ], [ 85.0255453, 27.8347977 ] ] ] } },
{ "type": "Feature", "properties": { "id": "way/1554019488", "name": null, "name_en": null, "name_ne": null, "status": "Standing", "landuse": "residential", "population": null, "source": null, "adm0_pcode": "NPL", "adm0_name": "Nepal", "adm1_pcode": "NP03", "adm1_name": "Bagmati", "adm2_pcode": "NP0329", "adm2_name": "Rasuwa", "adm3_pcode": "NP0329401", "adm3_name": "Aamachhodingmo", "adm4_pcode": null, "adm4_name": null, "name_latin": null }, "geometry": { "type": "Polygon", "coordinates": [ [ [ 85.2818737, 28.1180467 ], [ 85.2818939, 28.1177976 ], [ 85.2828774, 28.1176553 ], [ 85.2833061, 28.1178999 ], [ 85.2834513, 28.1182495 ], [ 85.2834935, 28.1184611 ], [ 85.2836733, 28.1187952 ], [ 85.2842125, 28.1190217 ], [ 85.2841455, 28.1188135 ], [ 85.2843828, 28.1188181 ], [ 85.2844996, 28.1186487 ], [ 85.2846814, 28.1187584 ], [ 85.2847171, 28.1188313 ], [ 85.2845474, 28.119166 ], [ 85.2842286, 28.1191447 ], [ 85.2839056, 28.1191579 ], [ 85.2836519, 28.1190146 ], [ 85.2833282, 28.1190527 ], [ 85.2832843, 28.118794 ], [ 85.2829278, 28.1187807 ], [ 85.2818737, 28.1180467 ] ] ] } },
{ "type": "Feature", "properties": { "id": "way/1553984500", "name": null, "name_en": null, "name_ne": null, "status": "Standing", "landuse": "residential", "population": null, "source": null, "adm0_pcode": "NPL", "adm0_name": "Nepal", "adm1_pcode": "NP03", "adm1_name": "Bagmati", "adm2_pcode": "NP0328", "adm2_name": "Nuwakot", "adm3_pcode": "NP0328402", "adm3_name": "Kispang", "adm4_pcode": null, "adm4_name": null, "name_latin": null }, "geometry": { "type": "Polygon", "coordinates": [ [ [ 85.1778254, 27.981859 ], [ 85.1778495, 27.9817417 ], [ 85.1779823, 27.9817109 ], [ 85.178154, 27.9814409 ], [ 85.178268, 27.9813414 ], [ 85.1783417, 27.9812182 ], [ 85.1784369, 27.9810726 ], [ 85.1784195, 27.9810051 ], [ 85.178453, 27.9808499 ], [ 85.1788031, 27.9808961 ], [ 85.1789989, 27.9804899 ], [ 85.1789103, 27.9804757 ], [ 85.1789412, 27.9803016 ], [ 85.1788151, 27.9802992 ], [ 85.1788232, 27.9801677 ], [ 85.1787172, 27.9801512 ], [ 85.1787333, 27.9800457 ], [ 85.1789157, 27.9798859 ], [ 85.1789398, 27.9797698 ], [ 85.1792188, 27.9797733 ], [ 85.1793207, 27.9796253 ], [ 85.1795167, 27.9797078 ], [ 85.1795446, 27.9799582 ], [ 85.1792952, 27.9805455 ], [ 85.179089, 27.9805475 ], [ 85.1790709, 27.9806908 ], [ 85.1793108, 27.98072 ], [ 85.1789903, 27.9813921 ], [ 85.1786971, 27.981358 ], [ 85.1784047, 27.9815522 ], [ 85.1784745, 27.9816479 ], [ 85.1784208, 27.9817607 ], [ 85.1781853, 27.9817795 ], [ 85.1781136, 27.9819063 ], [ 85.1778254, 27.981859 ] ] ] } },
{ "type": "Feature", "properties": { "id": "way/1554556211", "name": null, "name_en": null, "name_ne": null, "status": "Standing", "landuse": "residential", "population": null, "source": null, "adm0_pcode": "NPL", "adm0_name": "Nepal", "adm1_pcode": "NP03", "adm1_name": "Bagmati", "adm2_pcode": "NP0330", "adm2_name": "Dhading", "adm3_pcode": "NP0330410", "adm3_name": "Galchhi", "adm4_pcode": null, "adm4_name": null, "name_latin": null }, "geometry": { "type": "Polygon", "coordinates": [ [ [ 85.0044885, 27.8008481 ], [ 85.0050412, 27.800528 ], [ 85.0053036, 27.8002642 ], [ 85.005741, 27.8002783 ], [ 85.0065947, 27.800693 ], [ 85.0065571, 27.80085 ], [ 85.0051525, 27.8010416 ], [ 85.0046515, 27.801038 ], [ 85.0044885, 27.8008481 ] ] ] } },
{ "type": "Feature", "properties": { "id": "way/1554132440", "name": null, "name_en": null, "name_ne": null, "status": "Standing", "landuse": "residential", "population": null, "source": null, "adm0_pcode": "NPL", "adm0_name": "Nepal", "adm1_pcode": "NP03", "adm1_name": "Bagmati", "adm2_pcode": "NP0329", "adm2_name": "Rasuwa", "adm3_pcode": "NP0329401", "adm3_name": "Aamachhodingmo", "adm4_pcode": null, "adm4_name": null, "name_latin": null }, "geometry": { "type": "Polygon", "coordinates": [ [ [ 85.305945, 28.1368154 ], [ 85.3061703, 28.1366402 ], [ 85.3062959, 28.1364111 ], [ 85.30655, 28.1365425 ], [ 85.3064301, 28.1369358 ], [ 85.3067497, 28.1374356 ], [ 85.3065868, 28.1375293 ], [ 85.3062742, 28.1370562 ], [ 85.3060133, 28.1369397 ], [ 85.305945, 28.1368154 ] ] ] } },
{ "type": "Feature", "properties": { "id": "way/327574914", "name": null, "name_en": null, "name_ne": null, "status": "Standing", "landuse": "residential", "population": null, "source": null, "adm0_pcode": "NPL", "adm0_name": "Nepal", "adm1_pcode": "NP03", "adm1_name": "Bagmati", "adm2_pcode": "NP0335", "adm2_name": "Chitawan", "adm3_pcode": "NP0335401", "adm3_name": "Ichchha Kamana", "adm4_pcode": null, "adm4_name": null, "name_latin": null }, "geometry": { "type": "Polygon", "coordinates": [ [ [ 84.6605962, 27.8456457 ], [ 84.6607732, 27.8438866 ], [ 84.6606579, 27.8431745 ], [ 84.6611485, 27.8432218 ], [ 84.6612912, 27.843044 ], [ 84.6614262, 27.8429503 ], [ 84.6611832, 27.8427922 ], [ 84.6611833, 27.8426555 ], [ 84.6610807, 27.842543 ], [ 84.6613178, 27.8419179 ], [ 84.661512, 27.8413219 ], [ 84.6613678, 27.8408742 ], [ 84.6623185, 27.8405511 ], [ 84.6623238, 27.8402997 ], [ 84.6619269, 27.8402238 ], [ 84.6609408, 27.8396591 ], [ 84.6609037, 27.8391235 ], [ 84.6623863, 27.8395381 ], [ 84.662549, 27.8395642 ], [ 84.6624607, 27.8397201 ], [ 84.6622916, 27.8402286 ], [ 84.6624579, 27.8403044 ], [ 84.662478, 27.8406085 ], [ 84.6627101, 27.8406412 ], [ 84.662592, 27.8412342 ], [ 84.6628691, 27.8413233 ], [ 84.6626725, 27.8418271 ], [ 84.6626088, 27.8422232 ], [ 84.6622487, 27.8426145 ], [ 84.6619738, 27.8434635 ], [ 84.6617964, 27.8440536 ], [ 84.6610601, 27.8458148 ], [ 84.6605962, 27.8456457 ] ] ] } },
{ "type": "Feature", "properties": { "id": "way/1554751915", "name": null, "name_en": null, "name_ne": null, "status": "Standing", "landuse": "residential", "population": null, "source": null, "adm0_pcode": "NPL", "adm0_name": "Nepal", "adm1_pcode": "NP03", "adm1_name": "Bagmati", "adm2_pcode": "NP0330", "adm2_name": "Dhading", "adm3_pcode": "NP0330408", "adm3_name": "Benighat Rorang", "adm4_pcode": null, "adm4_name": null, "name_latin": null }, "geometry": { "type": "Polygon", "coordinates": [ [ [ 84.718121, 27.8008652 ], [ 84.7182658, 27.8006986 ], [ 84.7184501, 27.8007572 ], [ 84.7186612, 27.8006327 ], [ 84.7185556, 27.8005631 ], [ 84.7186446, 27.8004752 ], [ 84.7188537, 27.8003581 ], [ 84.718953, 27.8002738 ], [ 84.7190751, 27.8003764 ], [ 84.7188288, 27.8005778 ], [ 84.7189261, 27.8006949 ], [ 84.718833, 27.8007938 ], [ 84.7187315, 27.8006638 ], [ 84.7182058, 27.8009586 ], [ 84.718121, 27.8008652 ] ] ] } },
{ "type": "Feature", "properties": { "id": "way/1553948215", "name": null, "name_en": null, "name_ne": null, "status": "Standing", "landuse": "residential", "population": null, "source": null, "adm0_pcode": "NPL", "adm0_name": "Nepal", "adm1_pcode": "NP03", "adm1_name": "Bagmati", "adm2_pcode": "NP0329", "adm2_name": "Rasuwa", "adm3_pcode": "NP0329403", "adm3_name": "Uttargaya", "adm4_pcode": null, "adm4_name": null, "name_latin": null }, "geometry": { "type": "Polygon", "coordinates": [ [ [ 85.2060677, 28.0670303 ], [ 85.2062085, 28.0669285 ], [ 85.2063668, 28.0671451 ], [ 85.2062877, 28.0674043 ], [ 85.2061415, 28.0674398 ], [ 85.2060677, 28.0670303 ] ] ] } },
{ "type": "Feature", "properties": { "id": "way/1554415257", "name": null, "name_en": null, "name_ne": null, "status": "Standing", "landuse": "residential", "population": null, "source": null, "adm0_pcode": "NPL", "adm0_name": "Nepal", "adm1_pcode": "NP03", "adm1_name": "Bagmati", "adm2_pcode": "NP0330", "adm2_name": "Dhading", "adm3_pcode": "NP0330408", "adm3_name": "Benighat Rorang", "adm4_pcode": null, "adm4_name": null, "name_latin": null }, "geometry": { "type": "Polygon", "coordinates": [ [ [ 84.7019479, 27.8087629 ], [ 84.7024588, 27.8086573 ], [ 84.7026184, 27.8087855 ], [ 84.7026117, 27.8089551 ], [ 84.7022496, 27.8089563 ], [ 84.7019492, 27.8088792 ], [ 84.7019479, 27.8087629 ] ] ] } },
{ "type": "Feature", "properties": { "id": "way/1553945249", "name": null, "name_en": null, "name_ne": null, "status": "Standing", "landuse": "residential", "population": null, "source": null, "adm0_pcode": "NPL", "adm0_name": "Nepal", "adm1_pcode": "NP03", "adm1_name": "Bagmati", "adm2_pcode": "NP0328", "adm2_name": "Nuwakot", "adm3_pcode": "NP0328301", "adm3_name": "Bidur", "adm4_pcode": null, "adm4_name": null, "name_latin": null }, "geometry": { "type": "Polygon", "coordinates": [ [ [ 85.1791275, 27.9679028 ], [ 85.1794207, 27.9677066 ], [ 85.1795922, 27.9678517 ], [ 85.1798169, 27.9676774 ], [ 85.1799481, 27.9674058 ], [ 85.1800742, 27.9674523 ], [ 85.1800795, 27.9679718 ], [ 85.1802144, 27.9680749 ], [ 85.1805255, 27.9676186 ], [ 85.1807842, 27.9676253 ], [ 85.1810686, 27.9681628 ], [ 85.1805924, 27.9686359 ], [ 85.1811105, 27.9687631 ], [ 85.1813383, 27.9691579 ], [ 85.1811932, 27.9692119 ], [ 85.1808929, 27.9689666 ], [ 85.1807247, 27.9693018 ], [ 85.1800732, 27.9689747 ], [ 85.1791275, 27.9679028 ] ] ] } },
{ "type": "Feature", "properties": { "id": "way/1553948216", "name": null, "name_en": null, "name_ne": null, "status": "Standing", "landuse": "residential", "population": null, "source": null, "adm0_pcode": "NPL", "adm0_name": "Nepal", "adm1_pcode": "NP03", "adm1_name": "Bagmati", "adm2_pcode": "NP0329", "adm2_name": "Rasuwa", "adm3_pcode": "NP0329403", "adm3_name": "Uttargaya", "adm4_pcode": null, "adm4_name": null, "name_latin": null }, "geometry": { "type": "Polygon", "coordinates": [ [ [ 85.2056935, 28.069526 ], [ 85.2057512, 28.069442 ], [ 85.2060784, 28.0695899 ], [ 85.2064352, 28.0697692 ], [ 85.206521, 28.0697231 ], [ 85.2070427, 28.0700491 ], [ 85.207032, 28.0703331 ], [ 85.2074799, 28.0704964 ], [ 85.2077025, 28.0709674 ], [ 85.2079117, 28.0712372 ], [ 85.207386, 28.0717318 ], [ 85.2075818, 28.0719259 ], [ 85.2073431, 28.0720537 ], [ 85.2071983, 28.0723069 ], [ 85.2067745, 28.0720631 ], [ 85.2066404, 28.0706881 ], [ 85.2065063, 28.0701414 ], [ 85.2062353, 28.0698432 ], [ 85.2056935, 28.069526 ] ] ] } },
{ "type": "Feature", "properties": { "id": "way/342223167", "name": null, "name_en": null, "name_ne": null, "status": "Standing", "landuse": "residential", "population": null, "source": null, "adm0_pcode": "NPL", "adm0_name": "Nepal", "adm1_pcode": "NP03", "adm1_name": "Bagmati", "adm2_pcode": "NP0328", "adm2_name": "Nuwakot", "adm3_pcode": "NP0328301", "adm3_name": "Bidur", "adm4_pcode": null, "adm4_name": null, "name_latin": null }, "geometry": { "type": "Polygon", "coordinates": [ [ [ 85.1536573, 27.9373447 ], [ 85.1539469, 27.9370509 ], [ 85.1550413, 27.9377238 ], [ 85.1559103, 27.9383873 ], [ 85.1567901, 27.9390413 ], [ 85.1572407, 27.9397996 ], [ 85.1569725, 27.9401029 ], [ 85.1556743, 27.9388612 ], [ 85.1536573, 27.9373447 ] ] ] } },
{ "type": "Feature", "properties": { "id": "way/1553935490", "name": null, "name_en": null, "name_ne": null, "status": "Standing", "landuse": "residential", "population": null, "source": null, "adm0_pcode": "NPL", "adm0_name": "Nepal", "adm1_pcode": "NP03", "adm1_name": "Bagmati", "adm2_pcode": "NP0328", "adm2_name": "Nuwakot", "adm3_pcode": "NP0328301", "adm3_name": "Bidur", "adm4_pcode": null, "adm4_name": null, "name_latin": null }, "geometry": { "type": "Polygon", "coordinates": [ [ [ 85.1735567, 27.9627979 ], [ 85.1736934, 27.9627766 ], [ 85.1737981, 27.9627292 ], [ 85.173782, 27.9626913 ], [ 85.1738933, 27.9626523 ], [ 85.1739214, 27.9627109 ], [ 85.174022, 27.9626878 ], [ 85.1740059, 27.9625456 ], [ 85.1741078, 27.9625362 ], [ 85.1742554, 27.9625314 ], [ 85.1742969, 27.9627162 ], [ 85.1744096, 27.9628738 ], [ 85.1742165, 27.9629425 ], [ 85.174122, 27.9629946 ], [ 85.1740167, 27.9630657 ], [ 85.1738597, 27.9630953 ], [ 85.1735567, 27.9627979 ] ] ] } },
{ "type": "Feature", "properties": { "id": "way/341646530", "name": null, "name_en": null, "name_ne": null, "status": "Standing", "landuse": "residential", "population": null, "source": null, "adm0_pcode": "NPL", "adm0_name": "Nepal", "adm1_pcode": "NP03", "adm1_name": "Bagmati", "adm2_pcode": "NP0328", "adm2_name": "Nuwakot", "adm3_pcode": "NP0328301", "adm3_name": "Bidur", "adm4_pcode": null, "adm4_name": null, "name_latin": null }, "geometry": { "type": "Polygon", "coordinates": [ [ [ 85.107544, 27.8592077 ], [ 85.1082491, 27.8590123 ], [ 85.1083483, 27.8589487 ], [ 85.1085224, 27.8588936 ], [ 85.1086819, 27.8588558 ], [ 85.1089141, 27.8587862 ], [ 85.1090625, 27.8587601 ], [ 85.1091959, 27.8588076 ], [ 85.109389, 27.8586566 ], [ 85.1096734, 27.8584946 ], [ 85.109727, 27.8584479 ], [ 85.1098397, 27.8584526 ], [ 85.1098718, 27.8584906 ], [ 85.1100381, 27.8584662 ], [ 85.1101937, 27.8584716 ], [ 85.1103332, 27.8585183 ], [ 85.1104727, 27.8586423 ], [ 85.1108131, 27.858954 ], [ 85.1110313, 27.8591207 ], [ 85.1116626, 27.8590466 ], [ 85.111622, 27.859287 ], [ 85.1112249, 27.8594121 ], [ 85.1116572, 27.8600745 ], [ 85.1117181, 27.8602925 ], [ 85.1120279, 27.8609882 ], [ 85.1115756, 27.8610769 ], [ 85.111286, 27.8612104 ], [ 85.1108547, 27.8615264 ], [ 85.1111672, 27.8619326 ], [ 85.1109888, 27.8621949 ], [ 85.1106547, 27.8619281 ], [ 85.1103071, 27.8616426 ], [ 85.1099802, 27.8613946 ], [ 85.1097431, 27.8612565 ], [ 85.1095435, 27.8611875 ], [ 85.109289, 27.8611159 ], [ 85.1091039, 27.8610162 ], [ 85.1088845, 27.8608563 ], [ 85.1086383, 27.860648 ], [ 85.1084929, 27.8605053 ], [ 85.108378, 27.8603897 ], [ 85.1082479, 27.8602798 ], [ 85.1081769, 27.8602189 ], [ 85.107976, 27.8601162 ], [ 85.1079189, 27.8597702 ], [ 85.1078384, 27.8595995 ], [ 85.107544, 27.8592077 ] ] ] } },
{ "type": "Feature", "properties": { "id": "way/1090959400", "name": null, "name_en": null, "name_ne": null, "status": "Standing", "landuse": "residential", "population": null, "source": null, "adm0_pcode": "NPL", "adm0_name": "Nepal", "adm1_pcode": "NP03", "adm1_name": "Bagmati", "adm2_pcode": "NP0330", "adm2_name": "Dhading", "adm3_pcode": "NP0330408", "adm3_name": "Benighat Rorang", "adm4_pcode": null, "adm4_name": null, "name_latin": null }, "geometry": { "type": "Polygon", "coordinates": [ [ [ 84.7502571, 27.80305 ], [ 84.750292, 27.8029503 ], [ 84.7505361, 27.8028815 ], [ 84.7508311, 27.8025066 ], [ 84.751094, 27.8024734 ], [ 84.7513595, 27.8024117 ], [ 84.7516385, 27.8024212 ], [ 84.7519228, 27.8022955 ], [ 84.7522366, 27.8023049 ], [ 84.7523305, 27.8024212 ], [ 84.7524619, 27.8026466 ], [ 84.7526255, 27.8027984 ], [ 84.7526363, 27.8029859 ], [ 84.7527167, 27.8030713 ], [ 84.7526631, 27.8032184 ], [ 84.752765, 27.803375 ], [ 84.7529608, 27.8034865 ], [ 84.7531379, 27.8036549 ], [ 84.7533229, 27.8038281 ], [ 84.7532451, 27.8039918 ], [ 84.7532129, 27.8041128 ], [ 84.7534141, 27.804241 ], [ 84.7535884, 27.8041888 ], [ 84.753795, 27.8041603 ], [ 84.7539103, 27.8042813 ], [ 84.7540578, 27.8044948 ], [ 84.7541973, 27.8045328 ], [ 84.7543475, 27.8045559 ], [ 84.7544011, 27.804668 ], [ 84.7546211, 27.8046894 ], [ 84.7549403, 27.804604 ], [ 84.7551039, 27.8045019 ], [ 84.7553158, 27.8044972 ], [ 84.7553721, 27.804566 ], [ 84.7552648, 27.8048056 ], [ 84.7549832, 27.8050215 ], [ 84.7547311, 27.8049124 ], [ 84.7546077, 27.8050239 ], [ 84.7545809, 27.8051568 ], [ 84.7545218, 27.8051923 ], [ 84.7543904, 27.8050974 ], [ 84.7542295, 27.8051378 ], [ 84.7543368, 27.8053798 ], [ 84.7542268, 27.805553 ], [ 84.7541463, 27.8056004 ], [ 84.7539532, 27.8055435 ], [ 84.7537789, 27.8054913 ], [ 84.7537386, 27.8053679 ], [ 84.7539532, 27.8052849 ], [ 84.7539103, 27.8051449 ], [ 84.7537118, 27.8049575 ], [ 84.7536099, 27.8048056 ], [ 84.7534651, 27.804649 ], [ 84.7532424, 27.8045992 ], [ 84.7530118, 27.8044948 ], [ 84.7526497, 27.8042884 ], [ 84.7523734, 27.8040915 ], [ 84.7519898, 27.8039112 ], [ 84.7515285, 27.8039017 ], [ 84.7514749, 27.8037831 ], [ 84.7515178, 27.8036929 ], [ 84.7511637, 27.8035007 ], [ 84.7508123, 27.8035577 ], [ 84.7505924, 27.8033845 ], [ 84.7503, 27.8032469 ], [ 84.7502571, 27.80305 ] ] ] } },
{ "type": "Feature", "properties": { "id": "way/594084581", "name": null, "name_en": null, "name_ne": null, "status": "Standing", "landuse": "residential", "population": null, "source": null, "adm0_pcode": "NPL", "adm0_name": "Nepal", "adm1_pcode": "NP03", "adm1_name": "Bagmati", "adm2_pcode": "NP0330", "adm2_name": "Dhading", "adm3_pcode": "NP0330407", "adm3_name": "Siddhalek", "adm4_pcode": null, "adm4_name": null, "name_latin": null }, "geometry": { "type": "Polygon", "coordinates": [ [ [ 84.8611191, 27.8007795 ], [ 84.8612882, 27.8006834 ], [ 84.8620163, 27.8005962 ], [ 84.8625988, 27.8009122 ], [ 84.8627436, 27.8018613 ], [ 84.8619604, 27.8018376 ], [ 84.861778, 27.8015244 ], [ 84.8616096, 27.8010301 ], [ 84.8611852, 27.8009122 ], [ 84.8611191, 27.8007795 ] ] ] } },
{ "type": "Feature", "properties": { "id": "way/1554532696", "name": null, "name_en": null, "name_ne": null, "status": "Standing", "landuse": "residential", "population": null, "source": null, "adm0_pcode": "NPL", "adm0_name": "Nepal", "adm1_pcode": "NP03", "adm1_name": "Bagmati", "adm2_pcode": "NP0330", "adm2_name": "Dhading", "adm3_pcode": "NP0330410", "adm3_name": "Galchhi", "adm4_pcode": null, "adm4_name": null, "name_latin": null }, "geometry": { "type": "Polygon", "coordinates": [ [ [ 84.9717698, 27.7992239 ], [ 84.9718076, 27.7990653 ], [ 84.9720483, 27.7990653 ], [ 84.9722512, 27.7989108 ], [ 84.9723503, 27.7986019 ], [ 84.9725296, 27.798485 ], [ 84.9726947, 27.7985811 ], [ 84.9725862, 27.798819 ], [ 84.9723691, 27.7989776 ], [ 84.9721379, 27.7992573 ], [ 84.9722229, 27.799395 ], [ 84.9723786, 27.7994284 ], [ 84.9725768, 27.7995161 ], [ 84.97269, 27.7997206 ], [ 84.9726853, 27.7999252 ], [ 84.9726098, 27.800017 ], [ 84.9721473, 27.8000379 ], [ 84.971935, 27.7999043 ], [ 84.9720058, 27.7995578 ], [ 84.971935, 27.7993617 ], [ 84.9717698, 27.7992239 ] ] ] } },
{ "type": "Feature", "properties": { "id": "way/1554536730", "name": null, "name_en": null, "name_ne": null, "status": "Standing", "landuse": "residential", "population": null, "source": null, "adm0_pcode": "NPL", "adm0_name": "Nepal", "adm1_pcode": "NP03", "adm1_name": "Bagmati", "adm2_pcode": "NP0330", "adm2_name": "Dhading", "adm3_pcode": "NP0330410", "adm3_name": "Galchhi", "adm4_pcode": null, "adm4_name": null, "name_latin": null }, "geometry": { "type": "Polygon", "coordinates": [ [ [ 84.9612514, 27.8078954 ], [ 84.9631014, 27.8077492 ], [ 84.9646741, 27.8076703 ], [ 84.9647983, 27.8080084 ], [ 84.9638393, 27.8085664 ], [ 84.9639827, 27.8092089 ], [ 84.9616697, 27.8102029 ], [ 84.9615535, 27.8095124 ], [ 84.9617063, 27.8086918 ], [ 84.9612514, 27.8078954 ] ] ] } },
{ "type": "Feature", "properties": { "id": "way/1554551278", "name": null, "name_en": null, "name_ne": null, "status": "Standing", "landuse": "residential", "population": null, "source": null, "adm0_pcode": "NPL", "adm0_name": "Nepal", "adm1_pcode": "NP03", "adm1_name": "Bagmati", "adm2_pcode": "NP0328", "adm2_name": "Nuwakot", "adm3_pcode": "NP0328302", "adm3_name": "Belkotgadhi", "adm4_pcode": null, "adm4_name": null, "name_latin": null }, "geometry": { "type": "Polygon", "coordinates": [ [ [ 85.0138941, 27.8134911 ], [ 85.0139008, 27.8133844 ], [ 85.0140859, 27.8133464 ], [ 85.0143224, 27.8135909 ], [ 85.0149771, 27.8141267 ], [ 85.0149771, 27.8143207 ], [ 85.0147726, 27.8142906 ], [ 85.0146805, 27.814221 ], [ 85.0144299, 27.814048 ], [ 85.0141701, 27.8138599 ], [ 85.0140591, 27.8137592 ], [ 85.013918, 27.8136004 ], [ 85.0138941, 27.8134911 ] ] ] } },
{ "type": "Feature", "properties": { "id": "way/1554563922", "name": null, "name_en": null, "name_ne": null, "status": "Standing", "landuse": "residential", "population": null, "source": null, "adm0_pcode": "NPL", "adm0_name": "Nepal", "adm1_pcode": "NP03", "adm1_name": "Bagmati", "adm2_pcode": "NP0330", "adm2_name": "Dhading", "adm3_pcode": "NP0330410", "adm3_name": "Galchhi", "adm4_pcode": null, "adm4_name": null, "name_latin": null }, "geometry": { "type": "Polygon", "coordinates": [ [ [ 85.0080509, 27.8042249 ], [ 85.0085067, 27.8034756 ], [ 85.0103195, 27.8044555 ], [ 85.0105725, 27.8053572 ], [ 85.0093812, 27.8048357 ], [ 85.0080509, 27.8042249 ] ] ] } },
{ "type": "Feature", "properties": { "id": "way/1554028736", "name": null, "name_en": null, "name_ne": null, "status": "Standing", "landuse": "residential", "population": null, "source": null, "adm0_pcode": "NPL", "adm0_name": "Nepal", "adm1_pcode": "NP03", "adm1_name": "Bagmati", "adm2_pcode": "NP0328", "adm2_name": "Nuwakot", "adm3_pcode": "NP0328301", "adm3_name": "Bidur", "adm4_pcode": null, "adm4_name": null, "name_latin": null }, "geometry": { "type": "Polygon", "coordinates": [ [ [ 85.125779, 27.8717319 ], [ 85.1259533, 27.8715335 ], [ 85.1261385, 27.8716548 ], [ 85.1262823, 27.8716606 ], [ 85.126583, 27.8713563 ], [ 85.1271143, 27.8718167 ], [ 85.1272341, 27.8717223 ], [ 85.1273692, 27.8718571 ], [ 85.1267069, 27.872433 ], [ 85.1264214, 27.8722019 ], [ 85.1261034, 27.871938 ], [ 85.125779, 27.8717319 ] ] ] } },
{ "type": "Feature", "properties": { "id": "way/1553925584", "name": null, "name_en": null, "name_ne": null, "status": "Standing", "landuse": "residential", "population": null, "source": null, "adm0_pcode": "NPL", "adm0_name": "Nepal", "adm1_pcode": "NP03", "adm1_name": "Bagmati", "adm2_pcode": "NP0328", "adm2_name": "Nuwakot", "adm3_pcode": "NP0328301", "adm3_name": "Bidur", "adm4_pcode": null, "adm4_name": null, "name_latin": null }, "geometry": { "type": "Polygon", "coordinates": [ [ [ 85.1580548, 27.9337682 ], [ 85.1582855, 27.9336687 ], [ 85.1584947, 27.9337611 ], [ 85.1588997, 27.9340573 ], [ 85.1591277, 27.9339341 ], [ 85.1593879, 27.9340242 ], [ 85.1595086, 27.9342801 ], [ 85.1595367, 27.9343915 ], [ 85.159473, 27.9344442 ], [ 85.1593832, 27.9344033 ], [ 85.1592115, 27.934302 ], [ 85.1591177, 27.9341972 ], [ 85.1586583, 27.9341735 ], [ 85.1581272, 27.9341261 ], [ 85.1580548, 27.9337682 ] ] ] } },
{ "type": "Feature", "properties": { "id": "way/1553963217", "name": null, "name_en": null, "name_ne": null, "status": "Standing", "landuse": "residential", "population": null, "source": null, "adm0_pcode": "NPL", "adm0_name": "Nepal", "adm1_pcode": "NP03", "adm1_name": "Bagmati", "adm2_pcode": "NP0328", "adm2_name": "Nuwakot", "adm3_pcode": "NP0328302", "adm3_name": "Belkotgadhi", "adm4_pcode": null, "adm4_name": null, "name_latin": null }, "geometry": { "type": "Polygon", "coordinates": [ [ [ 85.0867155, 27.8517836 ], [ 85.0869067, 27.8517555 ], [ 85.0877943, 27.8521318 ], [ 85.0878853, 27.8519506 ], [ 85.0884543, 27.8521499 ], [ 85.0885635, 27.8518782 ], [ 85.0888799, 27.852005 ], [ 85.0888207, 27.8522082 ], [ 85.0886705, 27.852166 ], [ 85.0886045, 27.8523893 ], [ 85.0890438, 27.8525724 ], [ 85.0894102, 27.8525926 ], [ 85.0893897, 27.8528381 ], [ 85.0889636, 27.8528604 ], [ 85.0883752, 27.8526557 ], [ 85.0883186, 27.8528104 ], [ 85.0879704, 27.8526632 ], [ 85.0877251, 27.8524312 ], [ 85.0876377, 27.8526375 ], [ 85.0874524, 27.852592 ], [ 85.0875371, 27.8522746 ], [ 85.0872435, 27.85218 ], [ 85.0873277, 27.8519647 ], [ 85.0871274, 27.8518842 ], [ 85.0867656, 27.8520372 ], [ 85.0867155, 27.8517836 ] ] ] } },
{ "type": "Feature", "properties": { "id": "way/1553963223", "name": null, "name_en": null, "name_ne": null, "status": "Standing", "landuse": "residential", "population": null, "source": null, "adm0_pcode": "NPL", "adm0_name": "Nepal", "adm1_pcode": "NP03", "adm1_name": "Bagmati", "adm2_pcode": "NP0328", "adm2_name": "Nuwakot", "adm3_pcode": "NP0328301", "adm3_name": "Bidur", "adm4_pcode": null, "adm4_name": null, "name_latin": null }, "geometry": { "type": "Polygon", "coordinates": [ [ [ 85.0840754, 27.8580402 ], [ 85.0840876, 27.8576615 ], [ 85.0843512, 27.8576576 ], [ 85.0843959, 27.857755 ], [ 85.084856, 27.8577353 ], [ 85.0853146, 27.8578103 ], [ 85.0852849, 27.8579459 ], [ 85.0854844, 27.8580249 ], [ 85.0853578, 27.8582237 ], [ 85.0857524, 27.8585607 ], [ 85.0858478, 27.8584172 ], [ 85.0861813, 27.8584778 ], [ 85.0862826, 27.8582711 ], [ 85.0866668, 27.8583751 ], [ 85.0867502, 27.8586358 ], [ 85.0870807, 27.8587701 ], [ 85.0876109, 27.8588306 ], [ 85.0875841, 27.8589465 ], [ 85.0872133, 27.8588912 ], [ 85.0867457, 27.8586805 ], [ 85.0857787, 27.8586711 ], [ 85.0847839, 27.8580539 ], [ 85.0840754, 27.8580402 ] ] ] } },
{ "type": "Feature", "properties": { "id": "way/342222037", "name": null, "name_en": null, "name_ne": null, "status": "Standing", "landuse": "residential", "population": null, "source": null, "adm0_pcode": "NPL", "adm0_name": "Nepal", "adm1_pcode": "NP03", "adm1_name": "Bagmati", "adm2_pcode": "NP0328", "adm2_name": "Nuwakot", "adm3_pcode": "NP0328301", "adm3_name": "Bidur", "adm4_pcode": null, "adm4_name": null, "name_latin": null }, "geometry": { "type": "Polygon", "coordinates": [ [ [ 85.1474694, 27.9372013 ], [ 85.1478782, 27.9364717 ], [ 85.1481682, 27.9363058 ], [ 85.1485819, 27.93711 ], [ 85.1489031, 27.9371452 ], [ 85.1490969, 27.937418 ], [ 85.1485175, 27.9378351 ], [ 85.1482118, 27.9377782 ], [ 85.1474694, 27.9372013 ] ] ] } },
{ "type": "Feature", "properties": { "id": "way/340415956", "name": null, "name_en": null, "name_ne": null, "status": "Standing", "landuse": "residential", "population": null, "source": null, "adm0_pcode": "NPL", "adm0_name": "Nepal", "adm1_pcode": "NP03", "adm1_name": "Bagmati", "adm2_pcode": "NP0328", "adm2_name": "Nuwakot", "adm3_pcode": "NP0328403", "adm3_name": "Tarakeshwor", "adm4_pcode": null, "adm4_name": null, "name_latin": null }, "geometry": { "type": "Polygon", "coordinates": [ [ [ 85.0514461, 27.8595058 ], [ 85.0521357, 27.8592419 ], [ 85.0519282, 27.8589214 ], [ 85.0515336, 27.8589136 ], [ 85.0521588, 27.858164 ], [ 85.0532552, 27.8587942 ], [ 85.0532703, 27.8588998 ], [ 85.0540226, 27.8594645 ], [ 85.0551256, 27.8598404 ], [ 85.0551564, 27.8600529 ], [ 85.0551814, 27.8600911 ], [ 85.0560687, 27.8601418 ], [ 85.0561486, 27.8604731 ], [ 85.0558827, 27.8613742 ], [ 85.0558529, 27.8614316 ], [ 85.0541614, 27.8608585 ], [ 85.0531413, 27.8605133 ], [ 85.052778, 27.8601229 ], [ 85.0514461, 27.8595058 ] ] ] } },
{ "type": "Feature", "properties": { "id": "way/1554565712", "name": null, "name_en": null, "name_ne": null, "status": "Standing", "landuse": "residential", "population": null, "source": null, "adm0_pcode": "NPL", "adm0_name": "Nepal", "adm1_pcode": "NP03", "adm1_name": "Bagmati", "adm2_pcode": "NP0330", "adm2_name": "Dhading", "adm3_pcode": "NP0330410", "adm3_name": "Galchhi", "adm4_pcode": null, "adm4_name": null, "name_latin": null }, "geometry": { "type": "Polygon", "coordinates": [ [ [ 84.9919095, 27.8016197 ], [ 84.9919586, 27.801341 ], [ 84.9933165, 27.8013752 ], [ 84.9931843, 27.8017077 ], [ 84.9919095, 27.8016197 ] ] ] } },
{ "type": "Feature", "properties": { "id": "way/1554019211", "name": null, "name_en": null, "name_ne": null, "status": "Standing", "landuse": "residential", "population": null, "source": null, "adm0_pcode": "NPL", "adm0_name": "Nepal", "adm1_pcode": "NP03", "adm1_name": "Bagmati", "adm2_pcode": "NP0328", "adm2_name": "Nuwakot", "adm3_pcode": "NP0328302", "adm3_name": "Belkotgadhi", "adm4_pcode": null, "adm4_name": null, "name_latin": null }, "geometry": { "type": "Polygon", "coordinates": [ [ [ 85.1124104, 27.8556882 ], [ 85.1127862, 27.8550901 ], [ 85.1131457, 27.85488 ], [ 85.1135256, 27.8548333 ], [ 85.1139014, 27.8548889 ], [ 85.1143158, 27.8551637 ], [ 85.1143747, 27.8554493 ], [ 85.1140253, 27.8557043 ], [ 85.113101, 27.8558462 ], [ 85.1126013, 27.8558318 ], [ 85.1124104, 27.8556882 ] ] ] } },
{ "type": "Feature", "properties": { "id": "way/342221959", "name": null, "name_en": null, "name_ne": null, "status": "Standing", "landuse": "residential", "population": null, "source": null, "adm0_pcode": "NPL", "adm0_name": "Nepal", "adm1_pcode": "NP03", "adm1_name": "Bagmati", "adm2_pcode": "NP0328", "adm2_name": "Nuwakot", "adm3_pcode": "NP0328301", "adm3_name": "Bidur", "adm4_pcode": null, "adm4_name": null, "name_latin": null }, "geometry": { "type": "Polygon", "coordinates": [ [ [ 85.1583593, 27.9361747 ], [ 85.1588788, 27.9361778 ], [ 85.1596828, 27.936162 ], [ 85.1600705, 27.9364235 ], [ 85.1599377, 27.9367919 ], [ 85.1592398, 27.9369532 ], [ 85.159007, 27.9371876 ], [ 85.1587195, 27.9372917 ], [ 85.1584008, 27.9369551 ], [ 85.1583696, 27.9366123 ], [ 85.1583593, 27.9361747 ] ] ] } },
{ "type": "Feature", "properties": { "id": "way/1553925583", "name": null, "name_en": null, "name_ne": null, "status": "Standing", "landuse": "residential", "population": null, "source": null, "adm0_pcode": "NPL", "adm0_name": "Nepal", "adm1_pcode": "NP03", "adm1_name": "Bagmati", "adm2_pcode": "NP0328", "adm2_name": "Nuwakot", "adm3_pcode": "NP0328301", "adm3_name": "Bidur", "adm4_pcode": null, "adm4_name": null, "name_latin": null }, "geometry": { "type": "Polygon", "coordinates": [ [ [ 85.1567405, 27.9336 ], [ 85.1567996, 27.9334673 ], [ 85.1569605, 27.9332872 ], [ 85.1571751, 27.9329412 ], [ 85.1572958, 27.9328606 ], [ 85.1576418, 27.9329507 ], [ 85.157623, 27.9330763 ], [ 85.1573306, 27.9332208 ], [ 85.1571536, 27.9335313 ], [ 85.1570731, 27.9339626 ], [ 85.1569927, 27.9339602 ], [ 85.1567727, 27.9338654 ], [ 85.1567405, 27.9336 ] ] ] } },
{ "type": "Feature", "properties": { "id": "way/341671992", "name": null, "name_en": null, "name_ne": null, "status": "Standing", "landuse": "residential", "population": null, "source": null, "adm0_pcode": "NPL", "adm0_name": "Nepal", "adm1_pcode": "NP03", "adm1_name": "Bagmati", "adm2_pcode": "NP0330", "adm2_name": "Dhading", "adm3_pcode": "NP0330407", "adm3_name": "Siddhalek", "adm4_pcode": null, "adm4_name": null, "name_latin": null }, "geometry": { "type": "Polygon", "coordinates": [ [ [ 84.9030146, 27.805268 ], [ 84.9031019, 27.8050935 ], [ 84.9033323, 27.8049861 ], [ 84.9039684, 27.8049806 ], [ 84.9046035, 27.8049487 ], [ 84.9046714, 27.8051297 ], [ 84.9042416, 27.8052351 ], [ 84.9034255, 27.8053384 ], [ 84.9030841, 27.8054081 ], [ 84.9030146, 27.805268 ] ] ] } },
{ "type": "Feature", "properties": { "id": "way/1554583100", "name": null, "name_en": null, "name_ne": null, "status": "Standing", "landuse": "residential", "population": null, "source": null, "adm0_pcode": "NPL", "adm0_name": "Nepal", "adm1_pcode": "NP03", "adm1_name": "Bagmati", "adm2_pcode": "NP0330", "adm2_name": "Dhading", "adm3_pcode": "NP0330407", "adm3_name": "Siddhalek", "adm4_pcode": null, "adm4_name": null, "name_latin": null }, "geometry": { "type": "Polygon", "coordinates": [ [ [ 84.8375928, 27.8096851 ], [ 84.8381418, 27.809583 ], [ 84.8385107, 27.8103326 ], [ 84.8384206, 27.8105467 ], [ 84.8377251, 27.8103674 ], [ 84.8375928, 27.8096851 ] ] ] } },
{ "type": "Feature", "properties": { "id": "way/341672004", "name": null, "name_en": null, "name_ne": null, "status": "Standing", "landuse": "residential", "population": null, "source": null, "adm0_pcode": "NPL", "adm0_name": "Nepal", "adm1_pcode": "NP03", "adm1_name": "Bagmati", "adm2_pcode": "NP0330", "adm2_name": "Dhading", "adm3_pcode": "NP0330407", "adm3_name": "Siddhalek", "adm4_pcode": null, "adm4_name": null, "name_latin": null }, "geometry": { "type": "Polygon", "coordinates": [ [ [ 84.9030731, 27.8056114 ], [ 84.9032671, 27.8055267 ], [ 84.9051179, 27.8052543 ], [ 84.905511, 27.8050993 ], [ 84.9058219, 27.8049501 ], [ 84.9059912, 27.8047861 ], [ 84.9061263, 27.8045288 ], [ 84.9061487, 27.8042473 ], [ 84.9063817, 27.8042091 ], [ 84.9065543, 27.8051099 ], [ 84.9060538, 27.805171 ], [ 84.9057344, 27.8053618 ], [ 84.904786, 27.8056103 ], [ 84.9044164, 27.8056612 ], [ 84.9044591, 27.8059464 ], [ 84.903958, 27.8062126 ], [ 84.9036173, 27.8061292 ], [ 84.9032038, 27.8060268 ], [ 84.9030731, 27.8056114 ] ] ] } },
{ "type": "Feature", "properties": { "id": "way/1554565714", "name": null, "name_en": null, "name_ne": null, "status": "Standing", "landuse": "residential", "population": null, "source": null, "adm0_pcode": "NPL", "adm0_name": "Nepal", "adm1_pcode": "NP03", "adm1_name": "Bagmati", "adm2_pcode": "NP0330", "adm2_name": "Dhading", "adm3_pcode": "NP0330410", "adm3_name": "Galchhi", "adm4_pcode": null, "adm4_name": null, "name_latin": null }, "geometry": { "type": "Polygon", "coordinates": [ [ [ 85.0011728, 27.800876 ], [ 85.0016215, 27.8007813 ], [ 85.0019496, 27.8009121 ], [ 85.0019071, 27.8014308 ], [ 85.0013598, 27.8014218 ], [ 85.0011728, 27.800876 ] ] ] } },
{ "type": "Feature", "properties": { "id": "way/1554597216", "name": null, "name_en": null, "name_ne": null, "status": "Standing", "landuse": "residential", "population": null, "source": null, "adm0_pcode": "NPL", "adm0_name": "Nepal", "adm1_pcode": "NP03", "adm1_name": "Bagmati", "adm2_pcode": "NP0330", "adm2_name": "Dhading", "adm3_pcode": "NP0330407", "adm3_name": "Siddhalek", "adm4_pcode": null, "adm4_name": null, "name_latin": null }, "geometry": { "type": "Polygon", "coordinates": [ [ [ 84.9099049, 27.8065989 ], [ 84.9102811, 27.8063283 ], [ 84.9118922, 27.8069142 ], [ 84.9124456, 27.8078114 ], [ 84.9128185, 27.8090562 ], [ 84.9124201, 27.8091765 ], [ 84.9099049, 27.8065989 ] ] ] } },
{ "type": "Feature", "properties": { "id": "way/341268227", "name": null, "name_en": null, "name_ne": null, "status": "Standing", "landuse": "residential", "population": null, "source": null, "adm0_pcode": "NPL", "adm0_name": "Nepal", "adm1_pcode": "NP03", "adm1_name": "Bagmati", "adm2_pcode": "NP0335", "adm2_name": "Chitawan", "adm3_pcode": "NP0335401", "adm3_name": "Ichchha Kamana", "adm4_pcode": null, "adm4_name": null, "name_latin": null }, "geometry": { "type": "Polygon", "coordinates": [ [ [ 84.6079874, 27.8730726 ], [ 84.6081086, 27.8726961 ], [ 84.6080649, 27.8724673 ], [ 84.6080507, 27.8722338 ], [ 84.6085985, 27.8723355 ], [ 84.609546, 27.8725132 ], [ 84.6104618, 27.8729091 ], [ 84.6111082, 27.8731522 ], [ 84.6114019, 27.8732954 ], [ 84.6113509, 27.873561 ], [ 84.6111149, 27.8735539 ], [ 84.610793, 27.8735088 ], [ 84.610848, 27.8732074 ], [ 84.6107552, 27.8731896 ], [ 84.6105748, 27.8732144 ], [ 84.6101305, 27.8732243 ], [ 84.6098864, 27.8731959 ], [ 84.6098703, 27.8730749 ], [ 84.6095082, 27.8729161 ], [ 84.6094894, 27.8730062 ], [ 84.6091837, 27.8729754 ], [ 84.6091595, 27.8728663 ], [ 84.6088538, 27.8728331 ], [ 84.6088672, 27.8729706 ], [ 84.6086848, 27.8729374 ], [ 84.6086687, 27.8727454 ], [ 84.6083791, 27.8726882 ], [ 84.6083683, 27.8730892 ], [ 84.6082342, 27.8731342 ], [ 84.6079874, 27.8730726 ] ] ] } },
{ "type": "Feature", "properties": { "id": "way/1554411073", "name": null, "name_en": null, "name_ne": null, "status": "Standing", "landuse": "residential", "population": null, "source": null, "adm0_pcode": "NPL", "adm0_name": "Nepal", "adm1_pcode": "NP03", "adm1_name": "Bagmati", "adm2_pcode": "NP0330", "adm2_name": "Dhading", "adm3_pcode": "NP0330408", "adm3_name": "Benighat Rorang", "adm4_pcode": null, "adm4_name": null, "name_latin": null }, "geometry": { "type": "Polygon", "coordinates": [ [ [ 84.7412953, 27.7998582 ], [ 84.7413031, 27.7998223 ], [ 84.7413275, 27.7997978 ], [ 84.7413047, 27.7997737 ], [ 84.7413059, 27.7997622 ], [ 84.7413405, 27.7997322 ], [ 84.7415512, 27.7999721 ], [ 84.7414058, 27.8000473 ], [ 84.7413205, 27.7999442 ], [ 84.7412953, 27.7998582 ] ] ] } },
{ "type": "Feature", "properties": { "id": "way/1553984498", "name": null, "name_en": null, "name_ne": null, "status": "Standing", "landuse": "residential", "population": null, "source": null, "adm0_pcode": "NPL", "adm0_name": "Nepal", "adm1_pcode": "NP03", "adm1_name": "Bagmati", "adm2_pcode": "NP0328", "adm2_name": "Nuwakot", "adm3_pcode": "NP0328402", "adm3_name": "Kispang", "adm4_pcode": null, "adm4_name": null, "name_latin": null }, "geometry": { "type": "Polygon", "coordinates": [ [ [ 85.183568, 27.9796774 ], [ 85.1836002, 27.9796324 ], [ 85.1836083, 27.9795826 ], [ 85.1836539, 27.9794974 ], [ 85.1836673, 27.9793387 ], [ 85.1838335, 27.9793375 ], [ 85.1838497, 27.9791255 ], [ 85.1837692, 27.9790817 ], [ 85.1837182, 27.979058 ], [ 85.1836941, 27.9790343 ], [ 85.1836967, 27.9790059 ], [ 85.1837316, 27.978904 ], [ 85.1837102, 27.9788306 ], [ 85.1837102, 27.9788069 ], [ 85.1837343, 27.9787595 ], [ 85.1837718, 27.978724 ], [ 85.1837826, 27.9786814 ], [ 85.1836009, 27.9781335 ], [ 85.1836581, 27.9779199 ], [ 85.1837179, 27.9778443 ], [ 85.1837635, 27.9778118 ], [ 85.1837822, 27.9777786 ], [ 85.1838416, 27.9777386 ], [ 85.1838577, 27.9777149 ], [ 85.1838791, 27.9776699 ], [ 85.1839676, 27.9775373 ], [ 85.1839703, 27.9775089 ], [ 85.1839837, 27.9774804 ], [ 85.1840106, 27.9774402 ], [ 85.1840454, 27.9774046 ], [ 85.184091, 27.9773667 ], [ 85.1841608, 27.9773194 ], [ 85.1841795, 27.977298 ], [ 85.1842171, 27.9772175 ], [ 85.1842305, 27.9771085 ], [ 85.1842707, 27.9770351 ], [ 85.1843056, 27.9769948 ], [ 85.1843512, 27.9769664 ], [ 85.1844451, 27.9769806 ], [ 85.1844692, 27.9769996 ], [ 85.1844853, 27.9770233 ], [ 85.1845148, 27.9770967 ], [ 85.1845121, 27.977182 ], [ 85.1844907, 27.977272 ], [ 85.1844639, 27.9774188 ], [ 85.1844558, 27.9774781 ], [ 85.1844504, 27.9775965 ], [ 85.1844156, 27.977722 ], [ 85.1844129, 27.9777481 ], [ 85.1844558, 27.9778121 ], [ 85.1844799, 27.9778286 ], [ 85.1846006, 27.97785 ], [ 85.1846194, 27.9778713 ], [ 85.1846275, 27.9779258 ], [ 85.1845792, 27.9783355 ], [ 85.1846704, 27.9783829 ], [ 85.1847643, 27.9784019 ], [ 85.1847911, 27.9784137 ], [ 85.1848394, 27.9784729 ], [ 85.1848447, 27.978499 ], [ 85.1848608, 27.9785274 ], [ 85.184885, 27.9785464 ], [ 85.1849601, 27.9785795 ], [ 85.1850191, 27.978589 ], [ 85.1851049, 27.9786151 ], [ 85.1851264, 27.9786316 ], [ 85.1851425, 27.978653 ], [ 85.1851639, 27.9787003 ], [ 85.1851559, 27.9787287 ], [ 85.1851076, 27.9787738 ], [ 85.1850298, 27.9788093 ], [ 85.1850298, 27.9788377 ], [ 85.1850459, 27.9788567 ], [ 85.1850727, 27.9788661 ], [ 85.1851559, 27.9788946 ], [ 85.1852524, 27.9788898 ], [ 85.1853517, 27.9788638 ], [ 85.1854134, 27.978859 ], [ 85.1855341, 27.978878 ], [ 85.1855502, 27.9788969 ], [ 85.1855582, 27.9789206 ], [ 85.1855555, 27.9790864 ], [ 85.1855797, 27.9792546 ], [ 85.185577, 27.9793067 ], [ 85.1855636, 27.9793636 ], [ 85.1855528, 27.9793873 ], [ 85.1855341, 27.9794086 ], [ 85.1854777, 27.9794275 ], [ 85.1854429, 27.9794275 ], [ 85.1852739, 27.9793849 ], [ 85.1852122, 27.9793754 ], [ 85.1851559, 27.9793873 ], [ 85.1851344, 27.9794062 ], [ 85.1851237, 27.9794323 ], [ 85.1851237, 27.9794583 ], [ 85.185129, 27.979482 ], [ 85.1852229, 27.9797236 ], [ 85.1852605, 27.9797876 ], [ 85.1852846, 27.9798657 ], [ 85.1852953, 27.9798942 ], [ 85.18529, 27.979996 ], [ 85.1852739, 27.9800505 ], [ 85.1852444, 27.9800647 ], [ 85.1852095, 27.9800718 ], [ 85.185113, 27.9800813 ], [ 85.1850861, 27.9800742 ], [ 85.1849896, 27.9800742 ], [ 85.1849627, 27.9800836 ], [ 85.184826, 27.9800836 ], [ 85.184775, 27.9800623 ], [ 85.1847133, 27.9800505 ], [ 85.1846811, 27.9800505 ], [ 85.1845551, 27.9800955 ], [ 85.1845041, 27.9801192 ], [ 85.184374, 27.9801773 ], [ 85.1842895, 27.9801654 ], [ 85.1842681, 27.9800813 ], [ 85.1842359, 27.9800765 ], [ 85.1841608, 27.9801358 ], [ 85.1841286, 27.9801334 ], [ 85.1840267, 27.9800836 ], [ 85.1839811, 27.9800173 ], [ 85.1839355, 27.9799771 ], [ 85.1838617, 27.9800032 ], [ 85.1838858, 27.9800647 ], [ 85.1838738, 27.9801653 ], [ 85.1836015, 27.9801464 ], [ 85.183568, 27.9796774 ] ] ] } },
{ "type": "Feature", "properties": { "id": "way/1554529767", "name": null, "name_en": null, "name_ne": null, "status": "Standing", "landuse": "residential", "population": null, "source": null, "adm0_pcode": "NPL", "adm0_name": "Nepal", "adm1_pcode": "NP03", "adm1_name": "Bagmati", "adm2_pcode": "NP0330", "adm2_name": "Dhading", "adm3_pcode": "NP0330407", "adm3_name": "Siddhalek", "adm4_pcode": null, "adm4_name": null, "name_latin": null }, "geometry": { "type": "Polygon", "coordinates": [ [ [ 84.8721287, 27.8061129 ], [ 84.8721662, 27.8058116 ], [ 84.872303, 27.8056835 ], [ 84.8726597, 27.8056265 ], [ 84.8731264, 27.8057143 ], [ 84.8731546, 27.8057606 ], [ 84.8731425, 27.8058116 ], [ 84.8729722, 27.8058448 ], [ 84.8728542, 27.8058827 ], [ 84.8728663, 27.806158 ], [ 84.8726571, 27.8062647 ], [ 84.8724157, 27.8063501 ], [ 84.8722869, 27.8063525 ], [ 84.8721582, 27.8063027 ], [ 84.8721287, 27.8061129 ] ] ] } },
{ "type": "Feature", "properties": { "id": "way/1554536740", "name": null, "name_en": null, "name_ne": null, "status": "Standing", "landuse": "residential", "population": null, "source": null, "adm0_pcode": "NPL", "adm0_name": "Nepal", "adm1_pcode": "NP03", "adm1_name": "Bagmati", "adm2_pcode": "NP0330", "adm2_name": "Dhading", "adm3_pcode": "NP0330410", "adm3_name": "Galchhi", "adm4_pcode": null, "adm4_name": null, "name_latin": null }, "geometry": { "type": "Polygon", "coordinates": [ [ [ 84.9499947, 27.8187979 ], [ 84.9500179, 27.8183457 ], [ 84.9512614, 27.8177769 ], [ 84.9514086, 27.8184279 ], [ 84.9499947, 27.8187979 ] ] ] } },
{ "type": "Feature", "properties": { "id": "way/1554583108", "name": null, "name_en": null, "name_ne": null, "status": "Standing", "landuse": "residential", "population": null, "source": null, "adm0_pcode": "NPL", "adm0_name": "Nepal", "adm1_pcode": "NP03", "adm1_name": "Bagmati", "adm2_pcode": "NP0330", "adm2_name": "Dhading", "adm3_pcode": "NP0330407", "adm3_name": "Siddhalek", "adm4_pcode": null, "adm4_name": null, "name_latin": null }, "geometry": { "type": "Polygon", "coordinates": [ [ [ 84.8478589, 27.8017779 ], [ 84.8485042, 27.8020385 ], [ 84.8487146, 27.8026109 ], [ 84.8479238, 27.8024729 ], [ 84.8478589, 27.8017779 ] ] ] } },
{ "type": "Feature", "properties": { "id": "way/1554549006", "name": null, "name_en": null, "name_ne": null, "status": "Standing", "landuse": "residential", "population": null, "source": null, "adm0_pcode": "NPL", "adm0_name": "Nepal", "adm1_pcode": "NP03", "adm1_name": "Bagmati", "adm2_pcode": "NP0330", "adm2_name": "Dhading", "adm3_pcode": "NP0330407", "adm3_name": "Siddhalek", "adm4_pcode": null, "adm4_name": null, "name_latin": null }, "geometry": { "type": "Polygon", "coordinates": [ [ [ 84.9186081, 27.8023176 ], [ 84.9190371, 27.8021851 ], [ 84.9193845, 27.8017306 ], [ 84.9202983, 27.8021695 ], [ 84.920449, 27.8028097 ], [ 84.9202176, 27.8028883 ], [ 84.919524, 27.8026308 ], [ 84.9188499, 27.802679 ], [ 84.918809, 27.8025345 ], [ 84.9186694, 27.8025104 ], [ 84.9186081, 27.8023176 ] ] ] } },
{ "type": "Feature", "properties": { "id": "way/1554603986", "name": null, "name_en": null, "name_ne": null, "status": "Standing", "landuse": "residential", "population": null, "source": null, "adm0_pcode": "NPL", "adm0_name": "Nepal", "adm1_pcode": "NP03", "adm1_name": "Bagmati", "adm2_pcode": "NP0330", "adm2_name": "Dhading", "adm3_pcode": "NP0330407", "adm3_name": "Siddhalek", "adm4_pcode": null, "adm4_name": null, "name_latin": null }, "geometry": { "type": "Polygon", "coordinates": [ [ [ 84.932049, 27.8054761 ], [ 84.9320983, 27.8053452 ], [ 84.9325155, 27.8054224 ], [ 84.9327735, 27.805107 ], [ 84.9330162, 27.8051405 ], [ 84.9327545, 27.8057512 ], [ 84.932049, 27.8054761 ] ] ] } },
{ "type": "Feature", "properties": { "id": "way/594010900", "name": null, "name_en": null, "name_ne": null, "status": "Standing", "landuse": "residential", "population": null, "source": null, "adm0_pcode": "NPL", "adm0_name": "Nepal", "adm1_pcode": "NP03", "adm1_name": "Bagmati", "adm2_pcode": "NP0330", "adm2_name": "Dhading", "adm3_pcode": "NP0330409", "adm3_name": "Gajuri", "adm4_pcode": null, "adm4_name": null, "name_latin": null }, "geometry": { "type": "Polygon", "coordinates": [ [ [ 84.9246103, 27.7970955 ], [ 84.9252901, 27.7967745 ], [ 84.9274196, 27.7972537 ], [ 84.9280827, 27.7975842 ], [ 84.9285871, 27.797799 ], [ 84.9292316, 27.7983691 ], [ 84.9293623, 27.7987574 ], [ 84.9296428, 27.7986547 ], [ 84.9297639, 27.7988152 ], [ 84.9297092, 27.7990941 ], [ 84.9293663, 27.7991267 ], [ 84.9298049, 27.799774 ], [ 84.9296946, 27.7999574 ], [ 84.9289164, 27.7993938 ], [ 84.9284728, 27.7992165 ], [ 84.9280183, 27.798799 ], [ 84.9275877, 27.7984847 ], [ 84.9273459, 27.7985141 ], [ 84.9270247, 27.7982878 ], [ 84.9268555, 27.7979626 ], [ 84.9266817, 27.7976007 ], [ 84.9257571, 27.7974272 ], [ 84.9252901, 27.7974189 ], [ 84.9248032, 27.7973592 ], [ 84.9246103, 27.7970955 ] ] ] } },
{ "type": "Feature", "properties": { "id": "way/594045609", "name": null, "name_en": null, "name_ne": null, "status": "Standing", "landuse": "residential", "population": null, "source": null, "adm0_pcode": "NPL", "adm0_name": "Nepal", "adm1_pcode": "NP03", "adm1_name": "Bagmati", "adm2_pcode": "NP0330", "adm2_name": "Dhading", "adm3_pcode": "NP0330407", "adm3_name": "Siddhalek", "adm4_pcode": null, "adm4_name": null, "name_latin": null }, "geometry": { "type": "Polygon", "coordinates": [ [ [ 84.9117223, 27.8029085 ], [ 84.9119622, 27.8028584 ], [ 84.9121696, 27.802815 ], [ 84.9124541, 27.8025489 ], [ 84.9127387, 27.8023763 ], [ 84.9128688, 27.8023763 ], [ 84.9128363, 27.8027071 ], [ 84.9131046, 27.8028006 ], [ 84.9132266, 27.802851 ], [ 84.9131778, 27.8030164 ], [ 84.912942, 27.803038 ], [ 84.9127068, 27.8030988 ], [ 84.912031, 27.8030423 ], [ 84.911763, 27.8030667 ], [ 84.9117223, 27.8029085 ] ] ] } },
{ "type": "Feature", "properties": { "id": "way/1554061562", "name": null, "name_en": null, "name_ne": null, "status": "Standing", "landuse": "residential", "population": null, "source": null, "adm0_pcode": "NPL", "adm0_name": "Nepal", "adm1_pcode": "NP03", "adm1_name": "Bagmati", "adm2_pcode": "NP0328", "adm2_name": "Nuwakot", "adm3_pcode": "NP0328301", "adm3_name": "Bidur", "adm4_pcode": null, "adm4_name": null, "name_latin": null }, "geometry": { "type": "Polygon", "coordinates": [ [ [ 85.1364684, 27.9136808 ], [ 85.1371121, 27.9126616 ], [ 85.1373482, 27.9124483 ], [ 85.1378149, 27.9124672 ], [ 85.1381904, 27.9122492 ], [ 85.1385552, 27.9122729 ], [ 85.1384023, 27.9119102 ], [ 85.1385941, 27.9116377 ], [ 85.1388502, 27.9113722 ], [ 85.1395529, 27.9109361 ], [ 85.1398963, 27.9105047 ], [ 85.1400465, 27.910097 ], [ 85.1401538, 27.90986 ], [ 85.1407653, 27.9098695 ], [ 85.1411247, 27.9097652 ], [ 85.1413313, 27.9099145 ], [ 85.141688, 27.9101113 ], [ 85.1419079, 27.9101966 ], [ 85.1419079, 27.909879 ], [ 85.1416934, 27.9098576 ], [ 85.1417202, 27.9097273 ], [ 85.1413125, 27.9096372 ], [ 85.1412803, 27.9094144 ], [ 85.1406848, 27.9094286 ], [ 85.1404327, 27.9091679 ], [ 85.1405051, 27.9088313 ], [ 85.1411945, 27.9084047 ], [ 85.1415324, 27.9080871 ], [ 85.1428219, 27.9076654 ], [ 85.142903, 27.9081511 ], [ 85.1431578, 27.9082352 ], [ 85.1430827, 27.9084853 ], [ 85.1438284, 27.9089356 ], [ 85.1440161, 27.9084995 ], [ 85.1446062, 27.9084426 ], [ 85.1449093, 27.9086346 ], [ 85.1453626, 27.9083905 ], [ 85.1457542, 27.9084094 ], [ 85.1473582, 27.9092485 ], [ 85.1465964, 27.9096751 ], [ 85.1461405, 27.9108745 ], [ 85.1460788, 27.9112276 ], [ 85.1458669, 27.9116472 ], [ 85.1456898, 27.9120785 ], [ 85.1453626, 27.9120406 ], [ 85.1452339, 27.9122255 ], [ 85.1456201, 27.9124815 ], [ 85.1457006, 27.9125336 ], [ 85.1460493, 27.9121923 ], [ 85.1461941, 27.9123061 ], [ 85.1461351, 27.9124957 ], [ 85.1458186, 27.9133869 ], [ 85.1455262, 27.9137519 ], [ 85.1446706, 27.9136594 ], [ 85.144169, 27.9135694 ], [ 85.143941, 27.9136855 ], [ 85.1438847, 27.913996 ], [ 85.143764, 27.9142164 ], [ 85.1440483, 27.9153967 ], [ 85.1443729, 27.9160058 ], [ 85.1446545, 27.9162263 ], [ 85.144853, 27.9165296 ], [ 85.144971, 27.9169468 ], [ 85.1455074, 27.9175582 ], [ 85.1454109, 27.9177479 ], [ 85.1455182, 27.9179991 ], [ 85.1456094, 27.9183214 ], [ 85.1451963, 27.9184209 ], [ 85.1445901, 27.9179327 ], [ 85.1439571, 27.917672 ], [ 85.1432705, 27.917416 ], [ 85.1428306, 27.9170985 ], [ 85.1419723, 27.9168662 ], [ 85.1417255, 27.9167287 ], [ 85.1418757, 27.9165865 ], [ 85.1416558, 27.9163874 ], [ 85.1414949, 27.9165486 ], [ 85.1413071, 27.9164064 ], [ 85.1414251, 27.9162594 ], [ 85.1411784, 27.9160319 ], [ 85.1412481, 27.9159134 ], [ 85.1406902, 27.9154915 ], [ 85.1404649, 27.9157712 ], [ 85.1401806, 27.9156527 ], [ 85.1396012, 27.9152403 ], [ 85.139848, 27.9146857 ], [ 85.1385766, 27.9136665 ], [ 85.1388073, 27.9134817 ], [ 85.1380348, 27.9129176 ], [ 85.1373803, 27.9141975 ], [ 85.1364684, 27.9136808 ] ] ] } },
{ "type": "Feature", "properties": { "id": "way/342221358", "name": null, "name_en": null, "name_ne": null, "status": "Standing", "landuse": "residential", "population": null, "source": null, "adm0_pcode": "NPL", "adm0_name": "Nepal", "adm1_pcode": "NP03", "adm1_name": "Bagmati", "adm2_pcode": "NP0328", "adm2_name": "Nuwakot", "adm3_pcode": "NP0328402", "adm3_name": "Kispang", "adm4_pcode": null, "adm4_name": null, "name_latin": null }, "geometry": { "type": "Polygon", "coordinates": [ [ [ 85.1823669, 27.9820392 ], [ 85.1828729, 27.9819604 ], [ 85.1830965, 27.9819256 ], [ 85.1829543, 27.9824864 ], [ 85.183126, 27.9827669 ], [ 85.1833454, 27.9830322 ], [ 85.1836324, 27.983161 ], [ 85.1838537, 27.9834436 ], [ 85.1837067, 27.9835836 ], [ 85.1839448, 27.9836544 ], [ 85.1843316, 27.9835661 ], [ 85.1845467, 27.983554 ], [ 85.1847195, 27.9836172 ], [ 85.184765, 27.983526 ], [ 85.1849534, 27.983626 ], [ 85.1850781, 27.9834992 ], [ 85.1852149, 27.9836236 ], [ 85.1851344, 27.9837669 ], [ 85.185052, 27.9839278 ], [ 85.1849051, 27.9838972 ], [ 85.1848085, 27.9840026 ], [ 85.184826, 27.9841127 ], [ 85.1847582, 27.9842037 ], [ 85.1842305, 27.9842288 ], [ 85.1842253, 27.9841014 ], [ 85.1838733, 27.9841071 ], [ 85.1837525, 27.9841009 ], [ 85.183186, 27.9836082 ], [ 85.1831651, 27.983396 ], [ 85.1831737, 27.9832444 ], [ 85.1827912, 27.9834339 ], [ 85.1826281, 27.9833733 ], [ 85.182736, 27.982964 ], [ 85.1824943, 27.9828295 ], [ 85.1824699, 27.982494 ], [ 85.1823669, 27.9820392 ] ] ] } },
{ "type": "Feature", "properties": { "id": "way/1553948214", "name": null, "name_en": null, "name_ne": null, "status": "Standing", "landuse": "residential", "population": null, "source": null, "adm0_pcode": "NPL", "adm0_name": "Nepal", "adm1_pcode": "NP03", "adm1_name": "Bagmati", "adm2_pcode": "NP0329", "adm2_name": "Rasuwa", "adm3_pcode": "NP0329404", "adm3_name": "Kalika", "adm4_pcode": null, "adm4_name": null, "name_latin": null }, "geometry": { "type": "Polygon", "coordinates": [ [ [ 85.2071983, 28.0558881 ], [ 85.2076435, 28.0558597 ], [ 85.2077334, 28.0555733 ], [ 85.2079385, 28.055436 ], [ 85.2081665, 28.0553792 ], [ 85.2083972, 28.0555804 ], [ 85.2084294, 28.0557769 ], [ 85.2082899, 28.0560041 ], [ 85.2083409, 28.0563722 ], [ 85.208357, 28.0565533 ], [ 85.2084646, 28.0571456 ], [ 85.2082148, 28.05719 ], [ 85.2083006, 28.0575545 ], [ 85.2083302, 28.0578977 ], [ 85.2082604, 28.0582954 ], [ 85.2081424, 28.0583711 ], [ 85.2080163, 28.0589108 ], [ 85.2077803, 28.058925 ], [ 85.2076623, 28.0587877 ], [ 85.2076972, 28.0584279 ], [ 85.2076086, 28.0583143 ], [ 85.2074826, 28.0583001 ], [ 85.2074799, 28.0581036 ], [ 85.207732, 28.0579025 ], [ 85.2077025, 28.0577155 ], [ 85.2074772, 28.0572231 ], [ 85.2074718, 28.0570101 ], [ 85.2073726, 28.0567829 ], [ 85.2073431, 28.0563284 ], [ 85.2071983, 28.0558881 ] ] ] } },
{ "type": "Feature", "properties": { "id": "way/341164908", "name": null, "name_en": null, "name_ne": null, "status": "Standing", "landuse": "residential", "population": null, "source": null, "adm0_pcode": "NPL", "adm0_name": "Nepal", "adm1_pcode": "NP04", "adm1_name": "Gandaki", "adm2_pcode": "NP0440", "adm2_name": "Tanahu", "adm3_pcode": "NP0440405", "adm3_name": "Aanbu Khaireni", "adm4_pcode": null, "adm4_name": null, "name_latin": null }, "geometry": { "type": "Polygon", "coordinates": [ [ [ 84.5550811, 27.8537679 ], [ 84.5552825, 27.8535476 ], [ 84.5563115, 27.8536737 ], [ 84.5568016, 27.8546995 ], [ 84.5566665, 27.8547441 ], [ 84.5561247, 27.8544622 ], [ 84.555819, 27.8540126 ], [ 84.5554216, 27.8540297 ], [ 84.5552462, 27.8539174 ], [ 84.5550811, 27.8537679 ] ] ] } },
{ "type": "Feature", "properties": { "id": "way/593355438", "name": null, "name_en": null, "name_ne": null, "status": "Standing", "landuse": "residential", "population": null, "source": null, "adm0_pcode": "NPL", "adm0_name": "Nepal", "adm1_pcode": "NP03", "adm1_name": "Bagmati", "adm2_pcode": "NP0330", "adm2_name": "Dhading", "adm3_pcode": "NP0330407", "adm3_name": "Siddhalek", "adm4_pcode": null, "adm4_name": null, "name_latin": null }, "geometry": { "type": "Polygon", "coordinates": [ [ [ 84.8609322, 27.801481 ], [ 84.8611837, 27.8013628 ], [ 84.8613829, 27.8014383 ], [ 84.861574, 27.8015606 ], [ 84.861578, 27.8016577 ], [ 84.8614883, 27.8017474 ], [ 84.861255, 27.8016216 ], [ 84.8612333, 27.8017078 ], [ 84.8612121, 27.8018945 ], [ 84.8611101, 27.8019396 ], [ 84.8610458, 27.8018257 ], [ 84.8610037, 27.8016853 ], [ 84.8609694, 27.8016093 ], [ 84.8609322, 27.801481 ] ] ] } },
{ "type": "Feature", "properties": { "id": "way/341023416", "name": null, "name_en": null, "name_ne": null, "status": "Standing", "landuse": "residential", "population": null, "source": null, "adm0_pcode": "NPL", "adm0_name": "Nepal", "adm1_pcode": "NP03", "adm1_name": "Bagmati", "adm2_pcode": "NP0330", "adm2_name": "Dhading", "adm3_pcode": "NP0330408", "adm3_name": "Benighat Rorang", "adm4_pcode": null, "adm4_name": null, "name_latin": null }, "geometry": { "type": "Polygon", "coordinates": [ [ [ 84.7678202, 27.8096573 ], [ 84.7679383, 27.8092113 ], [ 84.7680402, 27.8086989 ], [ 84.7682279, 27.808362 ], [ 84.7684854, 27.8081105 ], [ 84.768918, 27.8079144 ], [ 84.7695114, 27.8077569 ], [ 84.7694001, 27.8076953 ], [ 84.7690172, 27.8078122 ], [ 84.7688958, 27.8077405 ], [ 84.7691023, 27.8076194 ], [ 84.7694001, 27.8076004 ], [ 84.7692767, 27.807413 ], [ 84.7690514, 27.8074486 ], [ 84.7689629, 27.8072849 ], [ 84.7686329, 27.8073039 ], [ 84.7686303, 27.8071591 ], [ 84.7689468, 27.8069622 ], [ 84.7691506, 27.8071971 ], [ 84.7693115, 27.807171 ], [ 84.7694966, 27.8072896 ], [ 84.7696656, 27.8072422 ], [ 84.7697273, 27.8071378 ], [ 84.7696816, 27.8069005 ], [ 84.7700062, 27.8068531 ], [ 84.7700572, 27.8070785 ], [ 84.7703737, 27.8069883 ], [ 84.7703603, 27.8068246 ], [ 84.7706017, 27.8065542 ], [ 84.770894, 27.8065637 ], [ 84.7710925, 27.8068721 ], [ 84.771165, 27.8071235 ], [ 84.7713822, 27.8072707 ], [ 84.7715465, 27.8074918 ], [ 84.7719752, 27.8078258 ], [ 84.7718156, 27.8084456 ], [ 84.7715293, 27.8084864 ], [ 84.7711411, 27.8085418 ], [ 84.7704924, 27.8087713 ], [ 84.7700224, 27.8086662 ], [ 84.7687161, 27.8089646 ], [ 84.7685739, 27.8089741 ], [ 84.768468, 27.8091129 ], [ 84.7683728, 27.8091828 ], [ 84.7682923, 27.8093442 ], [ 84.7682172, 27.8095221 ], [ 84.768185, 27.8096146 ], [ 84.768126, 27.8097285 ], [ 84.7680134, 27.8098305 ], [ 84.7678792, 27.8096953 ], [ 84.7678202, 27.8096573 ] ] ] } },
{ "type": "Feature", "properties": { "id": "way/1554549512", "name": null, "name_en": null, "name_ne": null, "status": "Standing", "landuse": "residential", "population": null, "source": null, "adm0_pcode": "NPL", "adm0_name": "Nepal", "adm1_pcode": "NP03", "adm1_name": "Bagmati", "adm2_pcode": "NP0330", "adm2_name": "Dhading", "adm3_pcode": "NP0330408", "adm3_name": "Benighat Rorang", "adm4_pcode": null, "adm4_name": null, "name_latin": null }, "geometry": { "type": "Polygon", "coordinates": [ [ [ 84.8019511, 27.8190763 ], [ 84.8020466, 27.8184185 ], [ 84.8034695, 27.8188113 ], [ 84.8034643, 27.8194463 ], [ 84.8019511, 27.8190763 ] ] ] } },
{ "type": "Feature", "properties": { "id": "way/1554558330", "name": null, "name_en": null, "name_ne": null, "status": "Standing", "landuse": "residential", "population": null, "source": null, "adm0_pcode": "NPL", "adm0_name": "Nepal", "adm1_pcode": "NP03", "adm1_name": "Bagmati", "adm2_pcode": "NP0330", "adm2_name": "Dhading", "adm3_pcode": "NP0330407", "adm3_name": "Siddhalek", "adm4_pcode": null, "adm4_name": null, "name_latin": null }, "geometry": { "type": "Polygon", "coordinates": [ [ [ 84.8313164, 27.8054667 ], [ 84.8315245, 27.8052669 ], [ 84.8317249, 27.805103 ], [ 84.8318061, 27.8050424 ], [ 84.8321944, 27.8052647 ], [ 84.8324304, 27.8055385 ], [ 84.8326841, 27.8059896 ], [ 84.8322781, 27.8060457 ], [ 84.8320117, 27.8062074 ], [ 84.8317706, 27.8061131 ], [ 84.8313646, 27.8060637 ], [ 84.8314788, 27.8058235 ], [ 84.831527, 27.8057225 ], [ 84.8313164, 27.8054667 ] ] ] } },
{ "type": "Feature", "properties": { "id": "way/1554536736", "name": null, "name_en": null, "name_ne": null, "status": "Standing", "landuse": "residential", "population": null, "source": null, "adm0_pcode": "NPL", "adm0_name": "Nepal", "adm1_pcode": "NP03", "adm1_name": "Bagmati", "adm2_pcode": "NP0330", "adm2_name": "Dhading", "adm3_pcode": "NP0330410", "adm3_name": "Galchhi", "adm4_pcode": null, "adm4_name": null, "name_latin": null }, "geometry": { "type": "Polygon", "coordinates": [ [ [ 84.9612343, 27.81796 ], [ 84.9616435, 27.8173694 ], [ 84.9621076, 27.8185903 ], [ 84.9618785, 27.8191965 ], [ 84.9617023, 27.8191826 ], [ 84.9612343, 27.81796 ] ] ] } },
{ "type": "Feature", "properties": { "id": "way/1554536739", "name": null, "name_en": null, "name_ne": null, "status": "Standing", "landuse": "residential", "population": null, "source": null, "adm0_pcode": "NPL", "adm0_name": "Nepal", "adm1_pcode": "NP03", "adm1_name": "Bagmati", "adm2_pcode": "NP0330", "adm2_name": "Dhading", "adm3_pcode": "NP0330410", "adm3_name": "Galchhi", "adm4_pcode": null, "adm4_name": null, "name_latin": null }, "geometry": { "type": "Polygon", "coordinates": [ [ [ 84.9538036, 27.8173965 ], [ 84.9539488, 27.8169909 ], [ 84.9544674, 27.817158 ], [ 84.954797, 27.8175922 ], [ 84.9545804, 27.8177879 ], [ 84.9538036, 27.8173965 ] ] ] } },
{ "type": "Feature", "properties": { "id": "way/1554491899", "name": null, "name_en": null, "name_ne": null, "status": "Standing", "landuse": "residential", "population": null, "source": null, "adm0_pcode": "NPL", "adm0_name": "Nepal", "adm1_pcode": "NP04", "adm1_name": "Gandaki", "adm2_pcode": "NP0436", "adm2_name": "Gorkha", "adm3_pcode": "NP0436409", "adm3_name": "Gandaki", "adm4_pcode": null, "adm4_name": null, "name_latin": null }, "geometry": { "type": "Polygon", "coordinates": [ [ [ 84.7546145, 27.8096763 ], [ 84.7549404, 27.8095 ], [ 84.754768, 27.809257 ], [ 84.7551155, 27.8090092 ], [ 84.7552233, 27.8091283 ], [ 84.7550949, 27.8092548 ], [ 84.7551812, 27.8093439 ], [ 84.7551343, 27.8094165 ], [ 84.7553364, 27.8099002 ], [ 84.7551209, 27.8099598 ], [ 84.7547142, 27.8098406 ], [ 84.7546145, 27.8096763 ] ] ] } },
{ "type": "Feature", "properties": { "id": "way/1554546939", "name": null, "name_en": null, "name_ne": null, "status": "Standing", "landuse": "residential", "population": null, "source": null, "adm0_pcode": "NPL", "adm0_name": "Nepal", "adm1_pcode": "NP03", "adm1_name": "Bagmati", "adm2_pcode": "NP0330", "adm2_name": "Dhading", "adm3_pcode": "NP0330407", "adm3_name": "Siddhalek", "adm4_pcode": null, "adm4_name": null, "name_latin": null }, "geometry": { "type": "Polygon", "coordinates": [ [ [ 84.7846913, 27.812898 ], [ 84.7847128, 27.8124378 ], [ 84.7848523, 27.8122243 ], [ 84.7857052, 27.8122812 ], [ 84.7855926, 27.812713 ], [ 84.7853994, 27.8131115 ], [ 84.7846913, 27.812898 ] ] ] } },
{ "type": "Feature", "properties": { "id": "way/1554605422", "name": null, "name_en": null, "name_ne": null, "status": "Standing", "landuse": "residential", "population": null, "source": null, "adm0_pcode": "NPL", "adm0_name": "Nepal", "adm1_pcode": "NP03", "adm1_name": "Bagmati", "adm2_pcode": "NP0330", "adm2_name": "Dhading", "adm3_pcode": "NP0330408", "adm3_name": "Benighat Rorang", "adm4_pcode": null, "adm4_name": null, "name_latin": null }, "geometry": { "type": "Polygon", "coordinates": [ [ [ 84.8253174, 27.8170122 ], [ 84.8258232, 27.8165207 ], [ 84.8265701, 27.8164349 ], [ 84.8268877, 27.8167209 ], [ 84.8272141, 27.8175714 ], [ 84.8267613, 27.8178965 ], [ 84.8253174, 27.8170122 ] ] ] } },
{ "type": "Feature", "properties": { "id": "way/341426044", "name": null, "name_en": null, "name_ne": null, "status": "Standing", "landuse": "residential", "population": null, "source": null, "adm0_pcode": "NPL", "adm0_name": "Nepal", "adm1_pcode": "NP03", "adm1_name": "Bagmati", "adm2_pcode": "NP0335", "adm2_name": "Chitawan", "adm3_pcode": "NP0335401", "adm3_name": "Ichchha Kamana", "adm4_pcode": null, "adm4_name": null, "name_latin": null }, "geometry": { "type": "Polygon", "coordinates": [ [ [ 84.634316, 27.8655941 ], [ 84.6347588, 27.8646602 ], [ 84.6353003, 27.8630663 ], [ 84.6351367, 27.862943 ], [ 84.6354264, 27.8626158 ], [ 84.6353084, 27.8623645 ], [ 84.63467, 27.862151 ], [ 84.6347076, 27.8617005 ], [ 84.6350133, 27.8612262 ], [ 84.6357876, 27.8608326 ], [ 84.6361452, 27.8614729 ], [ 84.6363813, 27.8613163 ], [ 84.6366553, 27.8610888 ], [ 84.6372342, 27.8608041 ], [ 84.6375775, 27.8604982 ], [ 84.638232, 27.8604413 ], [ 84.6384358, 27.8608611 ], [ 84.6388516, 27.8607164 ], [ 84.6390891, 27.860931 ], [ 84.6393542, 27.8607383 ], [ 84.6395591, 27.8607029 ], [ 84.6397662, 27.8608041 ], [ 84.6399426, 27.8609293 ], [ 84.6403418, 27.8609477 ], [ 84.6411449, 27.8605765 ], [ 84.6420568, 27.8608611 ], [ 84.6422017, 27.8612784 ], [ 84.6438879, 27.8615682 ], [ 84.6489716, 27.8609393 ], [ 84.6491338, 27.861262 ], [ 84.6494168, 27.8611622 ], [ 84.6499693, 27.8603251 ], [ 84.6504199, 27.8596991 ], [ 84.650774, 27.8589024 ], [ 84.6521342, 27.8589805 ], [ 84.6526408, 27.8594146 ], [ 84.6531129, 27.860401 ], [ 84.653424, 27.8607852 ], [ 84.6540141, 27.8607188 ], [ 84.654395, 27.8608468 ], [ 84.6546525, 27.861193 ], [ 84.6544969, 27.8621178 ], [ 84.6534857, 27.861755 ], [ 84.6527347, 27.8615203 ], [ 84.6524799, 27.8613021 ], [ 84.6530324, 27.8608966 ], [ 84.6528983, 27.8607117 ], [ 84.6522734, 27.8609227 ], [ 84.6511468, 27.8612452 ], [ 84.6495187, 27.862355 ], [ 84.6488188, 27.8615999 ], [ 84.6466917, 27.8618191 ], [ 84.6442079, 27.8629952 ], [ 84.6443796, 27.86346 ], [ 84.6447873, 27.8641097 ], [ 84.6439934, 27.8638394 ], [ 84.6427035, 27.8631159 ], [ 84.6414354, 27.862367 ], [ 84.6411139, 27.8623668 ], [ 84.6416881, 27.8635495 ], [ 84.6413755, 27.864048 ], [ 84.6408958, 27.8632204 ], [ 84.6400881, 27.86346 ], [ 84.6395748, 27.8635352 ], [ 84.6392452, 27.8634514 ], [ 84.6390179, 27.8635833 ], [ 84.6387843, 27.86353 ], [ 84.6384781, 27.8642087 ], [ 84.6388435, 27.8655087 ], [ 84.6383232, 27.8663576 ], [ 84.6371698, 27.8660446 ], [ 84.6369874, 27.8653238 ], [ 84.6375883, 27.8650297 ], [ 84.638114, 27.8645792 ], [ 84.6383071, 27.8642662 ], [ 84.6381354, 27.8639437 ], [ 84.6376795, 27.8641192 ], [ 84.6367246, 27.8646646 ], [ 84.6361774, 27.8647333 ], [ 84.6358207, 27.8666326 ], [ 84.6352225, 27.8679178 ], [ 84.6347827, 27.8674626 ], [ 84.634552, 27.867069 ], [ 84.6350133, 27.8663955 ], [ 84.6350562, 27.8659592 ], [ 84.634316, 27.8655941 ] ] ] } },
{ "type": "Feature", "properties": { "id": "way/1554751916", "name": null, "name_en": null, "name_ne": null, "status": "Standing", "landuse": "residential", "population": null, "source": null, "adm0_pcode": "NPL", "adm0_name": "Nepal", "adm1_pcode": "NP03", "adm1_name": "Bagmati", "adm2_pcode": "NP0330", "adm2_name": "Dhading", "adm3_pcode": "NP0330408", "adm3_name": "Benighat Rorang", "adm4_pcode": null, "adm4_name": null, "name_latin": null }, "geometry": { "type": "Polygon", "coordinates": [ [ [ 84.7145113, 27.8019802 ], [ 84.7146355, 27.8017971 ], [ 84.7151902, 27.8021413 ], [ 84.7153889, 27.802339 ], [ 84.7155027, 27.8025496 ], [ 84.7152792, 27.8027382 ], [ 84.7149004, 27.8024892 ], [ 84.7147742, 27.8026063 ], [ 84.7150929, 27.8029103 ], [ 84.7150391, 27.8029762 ], [ 84.7148528, 27.802859 ], [ 84.7147059, 27.8029872 ], [ 84.7145154, 27.8028389 ], [ 84.7146665, 27.8026576 ], [ 84.7145382, 27.8025368 ], [ 84.7146169, 27.8024397 ], [ 84.7147555, 27.8025368 ], [ 84.7148238, 27.8024562 ], [ 84.7147079, 27.8023519 ], [ 84.714799, 27.8022695 ], [ 84.7145113, 27.8019802 ] ] ] } },
{ "type": "Feature", "properties": { "id": "way/576570757", "name": null, "name_en": null, "name_ne": null, "status": "Standing", "landuse": "residential", "population": null, "source": null, "adm0_pcode": "NPL", "adm0_name": "Nepal", "adm1_pcode": "NP03", "adm1_name": "Bagmati", "adm2_pcode": "NP0330", "adm2_name": "Dhading", "adm3_pcode": "NP0330407", "adm3_name": "Siddhalek", "adm4_pcode": null, "adm4_name": null, "name_latin": null }, "geometry": { "type": "Polygon", "coordinates": [ [ [ 84.8335077, 27.8062917 ], [ 84.8335266, 27.8060812 ], [ 84.8339208, 27.8055461 ], [ 84.8336993, 27.805272 ], [ 84.8341707, 27.8050507 ], [ 84.8342004, 27.8045616 ], [ 84.8337607, 27.8044651 ], [ 84.8340618, 27.8038921 ], [ 84.8347515, 27.8037527 ], [ 84.8353432, 27.8039612 ], [ 84.836068, 27.8042086 ], [ 84.8356731, 27.8047311 ], [ 84.8348295, 27.805103 ], [ 84.8348014, 27.805608 ], [ 84.8350557, 27.8057476 ], [ 84.8353058, 27.8054356 ], [ 84.8356093, 27.8055593 ], [ 84.8357859, 27.8056234 ], [ 84.8360104, 27.8050165 ], [ 84.8362823, 27.8046219 ], [ 84.8363153, 27.8042725 ], [ 84.8365627, 27.8041728 ], [ 84.8371171, 27.8047789 ], [ 84.8363212, 27.8066412 ], [ 84.8359203, 27.8068304 ], [ 84.8358075, 27.8069172 ], [ 84.8356334, 27.8068515 ], [ 84.8354909, 27.8067885 ], [ 84.8354032, 27.8067626 ], [ 84.8346884, 27.8065445 ], [ 84.8345296, 27.806526 ], [ 84.8345003, 27.8064816 ], [ 84.8343415, 27.8064779 ], [ 84.8337534, 27.8065521 ], [ 84.8336441, 27.8063627 ], [ 84.8335077, 27.8062917 ] ] ] } },
{ "type": "Feature", "properties": { "id": "way/341998511", "name": null, "name_en": null, "name_ne": null, "status": "Standing", "landuse": "residential", "population": null, "source": null, "adm0_pcode": "NPL", "adm0_name": "Nepal", "adm1_pcode": "NP03", "adm1_name": "Bagmati", "adm2_pcode": "NP0330", "adm2_name": "Dhading", "adm3_pcode": "NP0330410", "adm3_name": "Galchhi", "adm4_pcode": null, "adm4_name": null, "name_latin": null }, "geometry": { "type": "Polygon", "coordinates": [ [ [ 85.0082768, 27.8110624 ], [ 85.0085992, 27.810667 ], [ 85.008939, 27.8109987 ], [ 85.0091457, 27.8111897 ], [ 85.0092197, 27.8110888 ], [ 85.009279, 27.8110478 ], [ 85.0093062, 27.8110351 ], [ 85.0093597, 27.8110232 ], [ 85.0093916, 27.8109695 ], [ 85.0094935, 27.8110789 ], [ 85.0095256, 27.8111454 ], [ 85.0095688, 27.81112 ], [ 85.0097393, 27.8111683 ], [ 85.0100079, 27.8109606 ], [ 85.010232, 27.8110385 ], [ 85.0101763, 27.8116596 ], [ 85.0098847, 27.8116378 ], [ 85.0097248, 27.8118058 ], [ 85.0098872, 27.8120173 ], [ 85.0098075, 27.8121244 ], [ 85.0093317, 27.8117087 ], [ 85.0091884, 27.8116297 ], [ 85.0089496, 27.8114253 ], [ 85.0089565, 27.811387 ], [ 85.0085136, 27.8113322 ], [ 85.0082768, 27.8110624 ] ] ] } },
{ "type": "Feature", "properties": { "id": "way/302753402", "name": null, "name_en": null, "name_ne": null, "status": "Standing", "landuse": "residential", "population": null, "source": null, "adm0_pcode": "NPL", "adm0_name": "Nepal", "adm1_pcode": "NP03", "adm1_name": "Bagmati", "adm2_pcode": "NP0328", "adm2_name": "Nuwakot", "adm3_pcode": "NP0328302", "adm3_name": "Belkotgadhi", "adm4_pcode": null, "adm4_name": null, "name_latin": null }, "geometry": { "type": "Polygon", "coordinates": [ [ [ 85.0151142, 27.8148311 ], [ 85.0152139, 27.8146795 ], [ 85.015466, 27.8146938 ], [ 85.0155568, 27.8147968 ], [ 85.0156297, 27.8148954 ], [ 85.0159136, 27.8152523 ], [ 85.0159247, 27.8153473 ], [ 85.0159797, 27.8153817 ], [ 85.0161312, 27.815562 ], [ 85.0155678, 27.8156174 ], [ 85.0154799, 27.8153796 ], [ 85.0154461, 27.8153167 ], [ 85.0153914, 27.8152739 ], [ 85.0152109, 27.8152463 ], [ 85.0151819, 27.8151652 ], [ 85.0151142, 27.8148311 ] ] ] } },
{ "type": "Feature", "properties": { "id": "way/1554556212", "name": null, "name_en": null, "name_ne": null, "status": "Standing", "landuse": "residential", "population": null, "source": null, "adm0_pcode": "NPL", "adm0_name": "Nepal", "adm1_pcode": "NP03", "adm1_name": "Bagmati", "adm2_pcode": "NP0330", "adm2_name": "Dhading", "adm3_pcode": "NP0330410", "adm3_name": "Galchhi", "adm4_pcode": null, "adm4_name": null, "name_latin": null }, "geometry": { "type": "Polygon", "coordinates": [ [ [ 84.990319, 27.8004537 ], [ 84.9922755, 27.8004507 ], [ 84.9922768, 27.8007126 ], [ 84.9917421, 27.8007344 ], [ 84.9903323, 27.8007662 ], [ 84.990319, 27.8004537 ] ] ] } },
{ "type": "Feature", "properties": { "id": "way/1554411083", "name": null, "name_en": null, "name_ne": null, "status": "Standing", "landuse": "residential", "population": null, "source": null, "adm0_pcode": "NPL", "adm0_name": "Nepal", "adm1_pcode": "NP03", "adm1_name": "Bagmati", "adm2_pcode": "NP0330", "adm2_name": "Dhading", "adm3_pcode": "NP0330408", "adm3_name": "Benighat Rorang", "adm4_pcode": null, "adm4_name": null, "name_latin": null }, "geometry": { "type": "Polygon", "coordinates": [ [ [ 84.741544, 27.7995937 ], [ 84.7416339, 27.7995741 ], [ 84.7416721, 27.7996689 ], [ 84.7417066, 27.799658 ], [ 84.7418114, 27.799803 ], [ 84.7417288, 27.7998401 ], [ 84.7417757, 27.7998946 ], [ 84.7416776, 27.7999179 ], [ 84.741669, 27.7998942 ], [ 84.7416547, 27.7998929 ], [ 84.7416338, 27.7998456 ], [ 84.741667, 27.7998286 ], [ 84.7416442, 27.7997859 ], [ 84.7415583, 27.7997006 ], [ 84.741544, 27.7995937 ] ] ] } },
{ "type": "Feature", "properties": { "id": "way/1554713027", "name": null, "name_en": null, "name_ne": null, "status": "Standing", "landuse": "residential", "population": null, "source": null, "adm0_pcode": "NPL", "adm0_name": "Nepal", "adm1_pcode": "NP03", "adm1_name": "Bagmati", "adm2_pcode": "NP0335", "adm2_name": "Chitawan", "adm3_pcode": "NP0335401", "adm3_name": "Ichchha Kamana", "adm4_pcode": null, "adm4_name": null, "name_latin": null }, "geometry": { "type": "Polygon", "coordinates": [ [ [ 84.6592042, 27.8448441 ], [ 84.6595958, 27.8447113 ], [ 84.6597031, 27.8452236 ], [ 84.6594429, 27.84529 ], [ 84.6592042, 27.8448441 ] ] ] } },
{ "type": "Feature", "properties": { "id": "way/1554725967", "name": null, "name_en": null, "name_ne": null, "status": "Standing", "landuse": "residential", "population": null, "source": null, "adm0_pcode": "NPL", "adm0_name": "Nepal", "adm1_pcode": "NP04", "adm1_name": "Gandaki", "adm2_pcode": "NP0436", "adm2_name": "Gorkha", "adm3_pcode": "NP0436409", "adm3_name": "Gandaki", "adm4_pcode": null, "adm4_name": null, "name_latin": null }, "geometry": { "type": "Polygon", "coordinates": [ [ [ 84.6971279, 27.8057001 ], [ 84.6980774, 27.8052588 ], [ 84.6982866, 27.8058282 ], [ 84.6981418, 27.8061413 ], [ 84.697203, 27.80598 ], [ 84.6971279, 27.8057001 ] ] ] } },
{ "type": "Feature", "properties": { "id": "way/1090901389", "name": null, "name_en": null, "name_ne": null, "status": "Standing", "landuse": "residential", "population": null, "source": null, "adm0_pcode": "NPL", "adm0_name": "Nepal", "adm1_pcode": "NP03", "adm1_name": "Bagmati", "adm2_pcode": "NP0330", "adm2_name": "Dhading", "adm3_pcode": "NP0330408", "adm3_name": "Benighat Rorang", "adm4_pcode": null, "adm4_name": null, "name_latin": null }, "geometry": { "type": "Polygon", "coordinates": [ [ [ 84.7438037, 27.8007343 ], [ 84.744147, 27.8000819 ], [ 84.7445085, 27.8000664 ], [ 84.7447613, 27.8000984 ], [ 84.7448927, 27.8001625 ], [ 84.7448176, 27.8003262 ], [ 84.745051, 27.8004069 ], [ 84.745177, 27.8006299 ], [ 84.7451207, 27.8008019 ], [ 84.745979, 27.800898 ], [ 84.7460125, 27.8006928 ], [ 84.7461413, 27.8006702 ], [ 84.7462258, 27.800535 ], [ 84.7460206, 27.8005279 ], [ 84.7460085, 27.8004128 ], [ 84.7465476, 27.8003499 ], [ 84.7465691, 27.8000462 ], [ 84.7469929, 27.8000842 ], [ 84.7470331, 27.8008672 ], [ 84.7473899, 27.8008849 ], [ 84.7473697, 27.8005196 ], [ 84.747536, 27.8005136 ], [ 84.7475749, 27.8008043 ], [ 84.7478874, 27.800777 ], [ 84.747811, 27.8006228 ], [ 84.7478163, 27.8005504 ], [ 84.7481033, 27.8005231 ], [ 84.7481664, 27.8006287 ], [ 84.7483903, 27.8005374 ], [ 84.7486464, 27.8007165 ], [ 84.7482763, 27.8008642 ], [ 84.7481254, 27.800949 ], [ 84.7481194, 27.8010902 ], [ 84.7478666, 27.8010943 ], [ 84.7478203, 27.8009929 ], [ 84.7475535, 27.8009917 ], [ 84.7471283, 27.8009692 ], [ 84.7470894, 27.8010748 ], [ 84.7468628, 27.8010522 ], [ 84.7468132, 27.8009478 ], [ 84.7464484, 27.8009241 ], [ 84.7460461, 27.8009929 ], [ 84.745464, 27.8009502 ], [ 84.7451422, 27.800879 ], [ 84.7448257, 27.8008956 ], [ 84.7445642, 27.8011744 ], [ 84.7441028, 27.80079 ], [ 84.7438037, 27.8007343 ] ] ] } },
{ "type": "Feature", "properties": { "id": "way/1554192765", "name": null, "name_en": null, "name_ne": null, "status": "Standing", "landuse": "residential", "population": null, "source": null, "adm0_pcode": "NPL", "adm0_name": "Nepal", "adm1_pcode": "NP03", "adm1_name": "Bagmati", "adm2_pcode": "NP0329", "adm2_name": "Rasuwa", "adm3_pcode": "NP0329402", "adm3_name": "Gosaikunda", "adm4_pcode": null, "adm4_name": null, "name_latin": null }, "geometry": { "type": "Polygon", "coordinates": [ [ [ 85.3733933, 28.263131 ], [ 85.3734791, 28.2629325 ], [ 85.3739029, 28.2629231 ], [ 85.3748578, 28.2642602 ], [ 85.3751931, 28.2646075 ], [ 85.3754613, 28.2643618 ], [ 85.3757214, 28.264461 ], [ 85.376333, 28.2648792 ], [ 85.3770035, 28.2648319 ], [ 85.3770572, 28.2652099 ], [ 85.3767212, 28.2655757 ], [ 85.3760701, 28.2659021 ], [ 85.3751609, 28.2655336 ], [ 85.3749597, 28.2654296 ], [ 85.3748766, 28.2652454 ], [ 85.3742489, 28.2648437 ], [ 85.3739083, 28.2647398 ], [ 85.3736507, 28.2644611 ], [ 85.3733933, 28.263131 ] ] ] } },
{ "type": "Feature", "properties": { "id": "way/1193913520", "name": null, "name_en": null, "name_ne": null, "status": "Standing", "landuse": "residential", "population": null, "source": null, "adm0_pcode": "NPL", "adm0_name": "Nepal", "adm1_pcode": "NP03", "adm1_name": "Bagmati", "adm2_pcode": "NP0330", "adm2_name": "Dhading", "adm3_pcode": "NP0330407", "adm3_name": "Siddhalek", "adm4_pcode": null, "adm4_name": null, "name_latin": null }, "geometry": { "type": "Polygon", "coordinates": [ [ [ 84.8651326, 27.8051691 ], [ 84.8652956, 27.8048283 ], [ 84.8657244, 27.8051053 ], [ 84.865422, 27.8053535 ], [ 84.8651326, 27.8051691 ] ] ] } },
{ "type": "Feature", "properties": { "id": "way/327986566", "name": null, "name_en": null, "name_ne": null, "status": "Standing", "landuse": "residential", "population": null, "source": null, "adm0_pcode": "NPL", "adm0_name": "Nepal", "adm1_pcode": "NP03", "adm1_name": "Bagmati", "adm2_pcode": "NP0328", "adm2_name": "Nuwakot", "adm3_pcode": "NP0328302", "adm3_name": "Belkotgadhi", "adm4_pcode": null, "adm4_name": null, "name_latin": null }, "geometry": { "type": "Polygon", "coordinates": [ [ [ 85.0156251, 27.8461219 ], [ 85.0158072, 27.84574 ], [ 85.016132, 27.8454555 ], [ 85.0161526, 27.8452568 ], [ 85.0158656, 27.845067 ], [ 85.0157985, 27.8447184 ], [ 85.0161606, 27.8442631 ], [ 85.0166327, 27.8445571 ], [ 85.0169489, 27.844898 ], [ 85.0172093, 27.8449911 ], [ 85.017198, 27.8452093 ], [ 85.0172671, 27.8453635 ], [ 85.0168057, 27.8454177 ], [ 85.0168457, 27.8455388 ], [ 85.0170775, 27.8455417 ], [ 85.0171595, 27.8455439 ], [ 85.0172321, 27.8455328 ], [ 85.0172793, 27.8456952 ], [ 85.0171674, 27.845816 ], [ 85.0171446, 27.8459923 ], [ 85.0170762, 27.8461266 ], [ 85.0169285, 27.8460758 ], [ 85.0168881, 27.8457976 ], [ 85.0166577, 27.8457875 ], [ 85.0164524, 27.8458118 ], [ 85.0162183, 27.8458689 ], [ 85.0160489, 27.8461954 ], [ 85.0156251, 27.8461219 ] ] ] } },
{ "type": "Feature", "properties": { "id": "way/1554536729", "name": null, "name_en": null, "name_ne": null, "status": "Standing", "landuse": "residential", "population": null, "source": null, "adm0_pcode": "NPL", "adm0_name": "Nepal", "adm1_pcode": "NP03", "adm1_name": "Bagmati", "adm2_pcode": "NP0330", "adm2_name": "Dhading", "adm3_pcode": "NP0330410", "adm3_name": "Galchhi", "adm4_pcode": null, "adm4_name": null, "name_latin": null }, "geometry": { "type": "Polygon", "coordinates": [ [ [ 84.9650787, 27.8142552 ], [ 84.9653153, 27.8139193 ], [ 84.9656805, 27.8140511 ], [ 84.9665889, 27.8129066 ], [ 84.9675335, 27.8126498 ], [ 84.9689983, 27.8130784 ], [ 84.9690206, 27.8136314 ], [ 84.9675893, 27.813507 ], [ 84.9660374, 27.8152272 ], [ 84.966335, 27.8162847 ], [ 84.9659706, 27.8164853 ], [ 84.9652306, 27.8151956 ], [ 84.9656425, 27.8147693 ], [ 84.9650787, 27.8142552 ] ] ] } },
{ "type": "Feature", "properties": { "id": "way/1554542874", "name": null, "name_en": null, "name_ne": null, "status": "Standing", "landuse": "residential", "population": null, "source": null, "adm0_pcode": "NPL", "adm0_name": "Nepal", "adm1_pcode": "NP03", "adm1_name": "Bagmati", "adm2_pcode": "NP0328", "adm2_name": "Nuwakot", "adm3_pcode": "NP0328302", "adm3_name": "Belkotgadhi", "adm4_pcode": null, "adm4_name": null, "name_latin": null }, "geometry": { "type": "Polygon", "coordinates": [ [ [ 85.0164216, 27.8305256 ], [ 85.0164654, 27.8303226 ], [ 85.0169788, 27.8304573 ], [ 85.0168682, 27.8307009 ], [ 85.0164216, 27.8305256 ] ] ] } },
{ "type": "Feature", "properties": { "id": "way/341627890", "name": null, "name_en": null, "name_ne": null, "status": "Standing", "landuse": "residential", "population": null, "source": null, "adm0_pcode": "NPL", "adm0_name": "Nepal", "adm1_pcode": "NP03", "adm1_name": "Bagmati", "adm2_pcode": "NP0328", "adm2_name": "Nuwakot", "adm3_pcode": "NP0328302", "adm3_name": "Belkotgadhi", "adm4_pcode": null, "adm4_name": null, "name_latin": null }, "geometry": { "type": "Polygon", "coordinates": [ [ [ 85.0140023, 27.8106977 ], [ 85.0141046, 27.8105644 ], [ 85.0142268, 27.8104659 ], [ 85.0143491, 27.8103552 ], [ 85.0145029, 27.8103838 ], [ 85.014683, 27.8104323 ], [ 85.0147916, 27.8106942 ], [ 85.0145719, 27.8107505 ], [ 85.0143958, 27.8109027 ], [ 85.0143342, 27.8113559 ], [ 85.014181, 27.8114016 ], [ 85.0140974, 27.8113521 ], [ 85.0140918, 27.8112511 ], [ 85.0141689, 27.8108409 ], [ 85.0140023, 27.8106977 ] ] ] } },
{ "type": "Feature", "properties": { "id": "way/593355434", "name": null, "name_en": null, "name_ne": null, "status": "Standing", "landuse": "residential", "population": null, "source": null, "adm0_pcode": "NPL", "adm0_name": "Nepal", "adm1_pcode": "NP03", "adm1_name": "Bagmati", "adm2_pcode": "NP0330", "adm2_name": "Dhading", "adm3_pcode": "NP0330407", "adm3_name": "Siddhalek", "adm4_pcode": null, "adm4_name": null, "name_latin": null }, "geometry": { "type": "Polygon", "coordinates": [ [ [ 84.8568352, 27.8050422 ], [ 84.8569954, 27.8049495 ], [ 84.8572789, 27.8049877 ], [ 84.8576794, 27.8051839 ], [ 84.8579665, 27.8057556 ], [ 84.8577235, 27.8058709 ], [ 84.8572929, 27.8055547 ], [ 84.8569653, 27.8054199 ], [ 84.8568766, 27.8052392 ], [ 84.8568352, 27.8050422 ] ] ] } },
{ "type": "Feature", "properties": { "id": "way/1554583103", "name": null, "name_en": null, "name_ne": null, "status": "Standing", "landuse": "residential", "population": null, "source": null, "adm0_pcode": "NPL", "adm0_name": "Nepal", "adm1_pcode": "NP03", "adm1_name": "Bagmati", "adm2_pcode": "NP0330", "adm2_name": "Dhading", "adm3_pcode": "NP0330407", "adm3_name": "Siddhalek", "adm4_pcode": null, "adm4_name": null, "name_latin": null }, "geometry": { "type": "Polygon", "coordinates": [ [ [ 84.844239, 27.8051372 ], [ 84.8445634, 27.8048899 ], [ 84.8458797, 27.8051208 ], [ 84.8463281, 27.8057042 ], [ 84.8457583, 27.8065021 ], [ 84.844239, 27.8051372 ] ] ] } },
{ "type": "Feature", "properties": { "id": "way/340795111", "name": null, "name_en": null, "name_ne": null, "status": "Standing", "landuse": "residential", "population": null, "source": null, "adm0_pcode": "NPL", "adm0_name": "Nepal", "adm1_pcode": "NP03", "adm1_name": "Bagmati", "adm2_pcode": "NP0330", "adm2_name": "Dhading", "adm3_pcode": "NP0330410", "adm3_name": "Galchhi", "adm4_pcode": null, "adm4_name": null, "name_latin": null }, "geometry": { "type": "Polygon", "coordinates": [ [ [ 84.9786866, 27.8011482 ], [ 84.9787255, 27.8008718 ], [ 84.9790876, 27.8009477 ], [ 84.9793666, 27.8010022 ], [ 84.9796811, 27.800981 ], [ 84.9797875, 27.800995 ], [ 84.9798779, 27.8009931 ], [ 84.9798956, 27.8011306 ], [ 84.9795502, 27.8012112 ], [ 84.9793638, 27.8012501 ], [ 84.9791761, 27.8011636 ], [ 84.9790474, 27.8012158 ], [ 84.9788838, 27.8012229 ], [ 84.9786866, 27.8011482 ] ] ] } },
{ "type": "Feature", "properties": { "id": "way/576576908", "name": null, "name_en": null, "name_ne": null, "status": "Standing", "landuse": "residential", "population": null, "source": null, "adm0_pcode": "NPL", "adm0_name": "Nepal", "adm1_pcode": "NP03", "adm1_name": "Bagmati", "adm2_pcode": "NP0330", "adm2_name": "Dhading", "adm3_pcode": "NP0330407", "adm3_name": "Siddhalek", "adm4_pcode": null, "adm4_name": null, "name_latin": null }, "geometry": { "type": "Polygon", "coordinates": [ [ [ 84.8686856, 27.8011133 ], [ 84.8687002, 27.8009919 ], [ 84.8687495, 27.800934 ], [ 84.8693466, 27.8011081 ], [ 84.8695505, 27.8011757 ], [ 84.8697954, 27.8013026 ], [ 84.8698139, 27.8014603 ], [ 84.8696841, 27.8015519 ], [ 84.8693584, 27.8013813 ], [ 84.8691474, 27.8012682 ], [ 84.8688201, 27.8011739 ], [ 84.8686856, 27.8011133 ] ] ] } },
{ "type": "Feature", "properties": { "id": "way/1554551282", "name": null, "name_en": null, "name_ne": null, "status": "Standing", "landuse": "residential", "population": null, "source": null, "adm0_pcode": "NPL", "adm0_name": "Nepal", "adm1_pcode": "NP03", "adm1_name": "Bagmati", "adm2_pcode": "NP0330", "adm2_name": "Dhading", "adm3_pcode": "NP0330410", "adm3_name": "Galchhi", "adm4_pcode": null, "adm4_name": null, "name_latin": null }, "geometry": { "type": "Polygon", "coordinates": [ [ [ 85.0103574, 27.8098125 ], [ 85.0104688, 27.8096366 ], [ 85.0105824, 27.8095393 ], [ 85.0106544, 27.8094919 ], [ 85.0108159, 27.8093756 ], [ 85.0104904, 27.8092154 ], [ 85.0106246, 27.8089978 ], [ 85.0108199, 27.8091323 ], [ 85.0109787, 27.8089273 ], [ 85.011287, 27.8088704 ], [ 85.0115112, 27.8086929 ], [ 85.0116831, 27.8085221 ], [ 85.0115886, 27.8082917 ], [ 85.0111041, 27.8080305 ], [ 85.011045, 27.8081018 ], [ 85.0107501, 27.8079544 ], [ 85.0107919, 27.8078775 ], [ 85.0106607, 27.8078038 ], [ 85.0106278, 27.8078578 ], [ 85.0104887, 27.8077928 ], [ 85.0105279, 27.8076971 ], [ 85.0107292, 27.8077834 ], [ 85.0107734, 27.8077199 ], [ 85.0117306, 27.8080635 ], [ 85.0121486, 27.8081768 ], [ 85.0123919, 27.8081798 ], [ 85.0125893, 27.8082374 ], [ 85.0127813, 27.8083618 ], [ 85.0128376, 27.8084814 ], [ 85.0126749, 27.8086217 ], [ 85.0125728, 27.8087372 ], [ 85.0123947, 27.8089041 ], [ 85.0119687, 27.80912 ], [ 85.0116546, 27.8091365 ], [ 85.0110521, 27.8092076 ], [ 85.0108833, 27.8093126 ], [ 85.0108655, 27.8095539 ], [ 85.0106402, 27.8099495 ], [ 85.0103574, 27.8098125 ] ] ] } },
{ "type": "Feature", "properties": { "id": "way/341268218", "name": null, "name_en": null, "name_ne": null, "status": "Standing", "landuse": "residential", "population": null, "source": null, "adm0_pcode": "NPL", "adm0_name": "Nepal", "adm1_pcode": "NP03", "adm1_name": "Bagmati", "adm2_pcode": "NP0335", "adm2_name": "Chitawan", "adm3_pcode": "NP0335401", "adm3_name": "Ichchha Kamana", "adm4_pcode": null, "adm4_name": null, "name_latin": null }, "geometry": { "type": "Polygon", "coordinates": [ [ [ 84.6111177, 27.8774651 ], [ 84.6113612, 27.8773032 ], [ 84.6118429, 27.8773869 ], [ 84.6119517, 27.8775063 ], [ 84.6119872, 27.8776885 ], [ 84.6114823, 27.8777624 ], [ 84.6111177, 27.8774651 ] ] ] } },
{ "type": "Feature", "properties": { "id": "way/1554759489", "name": null, "name_en": null, "name_ne": null, "status": "Standing", "landuse": "residential", "population": null, "source": null, "adm0_pcode": "NPL", "adm0_name": "Nepal", "adm1_pcode": "NP03", "adm1_name": "Bagmati", "adm2_pcode": "NP0330", "adm2_name": "Dhading", "adm3_pcode": "NP0330410", "adm3_name": "Galchhi", "adm4_pcode": null, "adm4_name": null, "name_latin": null }, "geometry": { "type": "Polygon", "coordinates": [ [ [ 84.9753779, 27.7996193 ], [ 84.9754072, 27.7994728 ], [ 84.9755306, 27.7994943 ], [ 84.9755144, 27.7997601 ], [ 84.9758847, 27.7997802 ], [ 84.9759172, 27.7998262 ], [ 84.975883, 27.7998995 ], [ 84.975555, 27.7999239 ], [ 84.9753958, 27.7998966 ], [ 84.9753779, 27.7996193 ] ] ] } },
{ "type": "Feature", "properties": { "id": "way/1554533302", "name": null, "name_en": null, "name_ne": null, "status": "Standing", "landuse": "residential", "population": null, "source": null, "adm0_pcode": "NPL", "adm0_name": "Nepal", "adm1_pcode": "NP04", "adm1_name": "Gandaki", "adm2_pcode": "NP0436", "adm2_name": "Gorkha", "adm3_pcode": "NP0436409", "adm3_name": "Gandaki", "adm4_pcode": null, "adm4_name": null, "name_latin": null }, "geometry": { "type": "Polygon", "coordinates": [ [ [ 84.753217, 27.8153972 ], [ 84.7532988, 27.8152466 ], [ 84.7535549, 27.8152988 ], [ 84.7537427, 27.8153735 ], [ 84.7538406, 27.8154981 ], [ 84.7540377, 27.8156214 ], [ 84.754039, 27.8157234 ], [ 84.7542617, 27.815778 ], [ 84.7543824, 27.8157614 ], [ 84.7544897, 27.8156795 ], [ 84.7546895, 27.8157934 ], [ 84.7546157, 27.8158883 ], [ 84.7544964, 27.8159061 ], [ 84.7545701, 27.816014 ], [ 84.7547458, 27.8161671 ], [ 84.7546452, 27.8162465 ], [ 84.7544655, 27.8161813 ], [ 84.7544146, 27.816288 ], [ 84.7546506, 27.816549 ], [ 84.7544964, 27.8166522 ], [ 84.7543274, 27.8165181 ], [ 84.7540605, 27.8163948 ], [ 84.7538325, 27.8163663 ], [ 84.75385, 27.8162892 ], [ 84.7541289, 27.8162857 ], [ 84.7542684, 27.8161516 ], [ 84.7543395, 27.8160354 ], [ 84.7543341, 27.8159227 ], [ 84.7539411, 27.8158492 ], [ 84.7535415, 27.8156036 ], [ 84.7534691, 27.815536 ], [ 84.7532961, 27.815491 ], [ 84.753217, 27.8153972 ] ] ] } },
{ "type": "Feature", "properties": { "id": "way/1554597221", "name": null, "name_en": null, "name_ne": null, "status": "Standing", "landuse": "residential", "population": null, "source": null, "adm0_pcode": "NPL", "adm0_name": "Nepal", "adm1_pcode": "NP03", "adm1_name": "Bagmati", "adm2_pcode": "NP0330", "adm2_name": "Dhading", "adm3_pcode": "NP0330407", "adm3_name": "Siddhalek", "adm4_pcode": null, "adm4_name": null, "name_latin": null }, "geometry": { "type": "Polygon", "coordinates": [ [ [ 84.9048387, 27.8033816 ], [ 84.9051929, 27.8027674 ], [ 84.905561, 27.8026776 ], [ 84.9056664, 27.8028043 ], [ 84.9059555, 27.8032339 ], [ 84.9061385, 27.8035434 ], [ 84.9053898, 27.8042211 ], [ 84.905171, 27.804207 ], [ 84.9048387, 27.8033816 ] ] ] } },
{ "type": "Feature", "properties": { "id": "way/1554603988", "name": null, "name_en": null, "name_ne": null, "status": "Standing", "landuse": "residential", "population": null, "source": null, "adm0_pcode": "NPL", "adm0_name": "Nepal", "adm1_pcode": "NP03", "adm1_name": "Bagmati", "adm2_pcode": "NP0330", "adm2_name": "Dhading", "adm3_pcode": "NP0330407", "adm3_name": "Siddhalek", "adm4_pcode": null, "adm4_name": null, "name_latin": null }, "geometry": { "type": "Polygon", "coordinates": [ [ [ 84.9336801, 27.8055096 ], [ 84.9338242, 27.804852 ], [ 84.934067, 27.804956 ], [ 84.9339645, 27.8056539 ], [ 84.9336801, 27.8055096 ] ] ] } },
{ "type": "Feature", "properties": { "id": "way/1554605421", "name": null, "name_en": null, "name_ne": null, "status": "Standing", "landuse": "residential", "population": null, "source": null, "adm0_pcode": "NPL", "adm0_name": "Nepal", "adm1_pcode": "NP03", "adm1_name": "Bagmati", "adm2_pcode": "NP0330", "adm2_name": "Dhading", "adm3_pcode": "NP0330408", "adm3_name": "Benighat Rorang", "adm4_pcode": null, "adm4_name": null, "name_latin": null }, "geometry": { "type": "Polygon", "coordinates": [ [ [ 84.8239896, 27.8125987 ], [ 84.8240667, 27.8117293 ], [ 84.8244929, 27.8111933 ], [ 84.8253601, 27.8108865 ], [ 84.8256813, 27.8114623 ], [ 84.8256985, 27.8122521 ], [ 84.8262167, 27.8127938 ], [ 84.8271739, 27.8128222 ], [ 84.8278956, 27.812807 ], [ 84.8284566, 27.8124888 ], [ 84.828553, 27.8117445 ], [ 84.8284802, 27.8109433 ], [ 84.8287821, 27.8102103 ], [ 84.8289834, 27.8097974 ], [ 84.8286472, 27.809589 ], [ 84.8279619, 27.8100701 ], [ 84.8272467, 27.8104092 ], [ 84.8265657, 27.8100266 ], [ 84.8264651, 27.8097216 ], [ 84.8269962, 27.8091155 ], [ 84.8272831, 27.8087727 ], [ 84.8272017, 27.808195 ], [ 84.8275979, 27.8077877 ], [ 84.8281825, 27.8075131 ], [ 84.8287735, 27.8079828 ], [ 84.8284844, 27.8084545 ], [ 84.8282253, 27.8087026 ], [ 84.8279384, 27.8091098 ], [ 84.8277521, 27.8093598 ], [ 84.8278484, 27.8095038 ], [ 84.828872, 27.8085113 ], [ 84.8294802, 27.8083768 ], [ 84.829735, 27.8092519 ], [ 84.8299406, 27.8092576 ], [ 84.8300263, 27.8094905 ], [ 84.8303625, 27.8093276 ], [ 84.830264, 27.8088522 ], [ 84.8298442, 27.8088636 ], [ 84.8296965, 27.808392 ], [ 84.8293367, 27.8078143 ], [ 84.8287757, 27.8073445 ], [ 84.8287735, 27.806888 ], [ 84.8291804, 27.8063103 ], [ 84.829613, 27.8062933 ], [ 84.8296023, 27.8067725 ], [ 84.829114, 27.8068369 ], [ 84.8292489, 27.807193 ], [ 84.8294331, 27.8073672 ], [ 84.8297286, 27.8073388 ], [ 84.8301547, 27.807693 ], [ 84.8304652, 27.8074165 ], [ 84.8312083, 27.8075093 ], [ 84.8315809, 27.8077044 ], [ 84.8317758, 27.8069922 ], [ 84.832384, 27.8070642 ], [ 84.832673, 27.8064372 ], [ 84.8330518, 27.8066562 ], [ 84.8349651, 27.80714 ], [ 84.8355085, 27.8077116 ], [ 84.835547, 27.8080768 ], [ 84.835087, 27.808656 ], [ 84.8347618, 27.8085727 ], [ 84.8343146, 27.8097612 ], [ 84.8347618, 27.810064 ], [ 84.8345992, 27.8103119 ], [ 84.8341563, 27.8100488 ], [ 84.8339808, 27.8106014 ], [ 84.8341755, 27.8108115 ], [ 84.8338888, 27.8115288 ], [ 84.8334181, 27.8116783 ], [ 84.8333282, 27.8120757 ], [ 84.832911, 27.8122592 ], [ 84.8324168, 27.8133966 ], [ 84.8318348, 27.8137259 ], [ 84.8313774, 27.8134324 ], [ 84.8308765, 27.8139641 ], [ 84.8305118, 27.814491 ], [ 84.8303715, 27.8148573 ], [ 84.8300148, 27.81494 ], [ 84.8291531, 27.8150358 ], [ 84.8292771, 27.8144346 ], [ 84.8290174, 27.8141438 ], [ 84.8277221, 27.8142938 ], [ 84.8272124, 27.8139226 ], [ 84.8253366, 27.8139226 ], [ 84.8246235, 27.8133696 ], [ 84.8239896, 27.8125987 ] ] ] } },
{ "type": "Feature", "properties": { "id": "way/1554529769", "name": null, "name_en": null, "name_ne": null, "status": "Standing", "landuse": "residential", "population": null, "source": null, "adm0_pcode": "NPL", "adm0_name": "Nepal", "adm1_pcode": "NP03", "adm1_name": "Bagmati", "adm2_pcode": "NP0330", "adm2_name": "Dhading", "adm3_pcode": "NP0330409", "adm3_name": "Gajuri", "adm4_pcode": null, "adm4_name": null, "name_latin": null }, "geometry": { "type": "Polygon", "coordinates": [ [ [ 84.8749876, 27.8028867 ], [ 84.8752596, 27.8027091 ], [ 84.8755906, 27.8024861 ], [ 84.8760101, 27.8024327 ], [ 84.8764718, 27.8023525 ], [ 84.8770344, 27.8029906 ], [ 84.8767105, 27.8033192 ], [ 84.8761054, 27.8028286 ], [ 84.875289, 27.8034768 ], [ 84.8750228, 27.8032991 ], [ 84.8749876, 27.8028867 ] ] ] } },
{ "type": "Feature", "properties": { "id": "way/577021996", "name": null, "name_en": null, "name_ne": null, "status": "Standing", "landuse": "residential", "population": null, "source": null, "adm0_pcode": "NPL", "adm0_name": "Nepal", "adm1_pcode": "NP03", "adm1_name": "Bagmati", "adm2_pcode": "NP0330", "adm2_name": "Dhading", "adm3_pcode": "NP0330407", "adm3_name": "Siddhalek", "adm4_pcode": null, "adm4_name": null, "name_latin": null }, "geometry": { "type": "Polygon", "coordinates": [ [ [ 84.8753191, 27.8067819 ], [ 84.8753243, 27.8065753 ], [ 84.8753753, 27.8064273 ], [ 84.8756001, 27.8062303 ], [ 84.8756282, 27.8061307 ], [ 84.8756411, 27.8060163 ], [ 84.8753602, 27.8054074 ], [ 84.875765, 27.8052729 ], [ 84.8759742, 27.805403 ], [ 84.8761527, 27.8058369 ], [ 84.8763085, 27.8058366 ], [ 84.8765491, 27.8056251 ], [ 84.8768349, 27.805762 ], [ 84.8765879, 27.8060606 ], [ 84.8763599, 27.80621 ], [ 84.8761217, 27.8065464 ], [ 84.8759764, 27.8067831 ], [ 84.875696, 27.8070262 ], [ 84.8753191, 27.8067819 ] ] ] } },
{ "type": "Feature", "properties": { "id": "way/1554339563", "name": null, "name_en": null, "name_ne": null, "status": "Standing", "landuse": "residential", "population": null, "source": null, "adm0_pcode": "NPL", "adm0_name": "Nepal", "adm1_pcode": "NP03", "adm1_name": "Bagmati", "adm2_pcode": "NP0328", "adm2_name": "Nuwakot", "adm3_pcode": "NP0328301", "adm3_name": "Bidur", "adm4_pcode": null, "adm4_name": null, "name_latin": null }, "geometry": { "type": "Polygon", "coordinates": [ [ [ 85.1374555, 27.9156385 ], [ 85.1375413, 27.9154536 ], [ 85.1380779, 27.9150553 ], [ 85.1382233, 27.9151795 ], [ 85.1383247, 27.9153539 ], [ 85.1383572, 27.9154409 ], [ 85.1386086, 27.9155395 ], [ 85.1387954, 27.915369 ], [ 85.1389544, 27.9154761 ], [ 85.1389473, 27.9155575 ], [ 85.1390494, 27.9156819 ], [ 85.1395037, 27.9158824 ], [ 85.1399348, 27.916241 ], [ 85.1397033, 27.9165389 ], [ 85.139156, 27.9162168 ], [ 85.1388019, 27.9160035 ], [ 85.1384371, 27.9164775 ], [ 85.1378685, 27.9162168 ], [ 85.1380026, 27.9159371 ], [ 85.1374555, 27.9156385 ] ] ] } },
{ "type": "Feature", "properties": { "id": "way/1554531536", "name": null, "name_en": null, "name_ne": null, "status": "Standing", "landuse": "residential", "population": null, "source": null, "adm0_pcode": "NPL", "adm0_name": "Nepal", "adm1_pcode": "NP03", "adm1_name": "Bagmati", "adm2_pcode": "NP0330", "adm2_name": "Dhading", "adm3_pcode": "NP0330410", "adm3_name": "Galchhi", "adm4_pcode": null, "adm4_name": null, "name_latin": null }, "geometry": { "type": "Polygon", "coordinates": [ [ [ 84.9904193, 27.8012205 ], [ 84.99046, 27.8010647 ], [ 84.9904851, 27.8010359 ], [ 84.990668, 27.8010503 ], [ 84.9906856, 27.8009928 ], [ 84.9907764, 27.8009916 ], [ 84.9907791, 27.8011067 ], [ 84.9907697, 27.801145 ], [ 84.9908808, 27.8011702 ], [ 84.9908808, 27.8012157 ], [ 84.9910868, 27.8012397 ], [ 84.9912291, 27.8012265 ], [ 84.991256, 27.8011442 ], [ 84.9913022, 27.8011127 ], [ 84.9914337, 27.8010971 ], [ 84.9914662, 27.8011582 ], [ 84.9913971, 27.8012565 ], [ 84.9913442, 27.801356 ], [ 84.9912833, 27.8014315 ], [ 84.9911776, 27.8015298 ], [ 84.9910773, 27.8016305 ], [ 84.9909905, 27.8016437 ], [ 84.9908943, 27.8016569 ], [ 84.9907629, 27.8016521 ], [ 84.9906612, 27.8016269 ], [ 84.9905555, 27.8015178 ], [ 84.9905506, 27.8014057 ], [ 84.9905393, 27.8012697 ], [ 84.9904193, 27.8012205 ] ] ] } },
{ "type": "Feature", "properties": { "id": "way/576576901", "name": null, "name_en": null, "name_ne": null, "status": "Standing", "landuse": "residential", "population": null, "source": null, "adm0_pcode": "NPL", "adm0_name": "Nepal", "adm1_pcode": "NP03", "adm1_name": "Bagmati", "adm2_pcode": "NP0330", "adm2_name": "Dhading", "adm3_pcode": "NP0330407", "adm3_name": "Siddhalek", "adm4_pcode": null, "adm4_name": null, "name_latin": null }, "geometry": { "type": "Polygon", "coordinates": [ [ [ 84.8668259, 27.8004187 ], [ 84.8669896, 27.8002621 ], [ 84.8675059, 27.8002408 ], [ 84.8677272, 27.8004686 ], [ 84.8679578, 27.8005421 ], [ 84.8681703, 27.8005012 ], [ 84.8684113, 27.8004768 ], [ 84.8686109, 27.8004525 ], [ 84.8686118, 27.8005277 ], [ 84.8687004, 27.8005006 ], [ 84.868913, 27.8005918 ], [ 84.8688965, 27.8007617 ], [ 84.868592, 27.8008063 ], [ 84.8679405, 27.8007387 ], [ 84.8676547, 27.8007889 ], [ 84.8673985, 27.8006479 ], [ 84.8669493, 27.8005563 ], [ 84.8668259, 27.8004187 ] ] ] } },
{ "type": "Feature", "properties": { "id": "way/1554537655", "name": null, "name_en": null, "name_ne": null, "status": "Standing", "landuse": "residential", "population": null, "source": null, "adm0_pcode": "NPL", "adm0_name": "Nepal", "adm1_pcode": "NP03", "adm1_name": "Bagmati", "adm2_pcode": "NP0330", "adm2_name": "Dhading", "adm3_pcode": "NP0330407", "adm3_name": "Siddhalek", "adm4_pcode": null, "adm4_name": null, "name_latin": null }, "geometry": { "type": "Polygon", "coordinates": [ [ [ 84.9167821, 27.7991648 ], [ 84.9168505, 27.7991506 ], [ 84.9168867, 27.799115 ], [ 84.9170825, 27.7989429 ], [ 84.917061, 27.7987175 ], [ 84.9170369, 27.7985598 ], [ 84.9170476, 27.7984684 ], [ 84.9171844, 27.7982632 ], [ 84.9172394, 27.7980046 ], [ 84.9172233, 27.7978444 ], [ 84.9172957, 27.7978147 ], [ 84.917458, 27.797861 ], [ 84.9177302, 27.7980829 ], [ 84.918091, 27.7983783 ], [ 84.9183109, 27.7985681 ], [ 84.9180897, 27.7988469 ], [ 84.9180213, 27.799026 ], [ 84.9180508, 27.7991399 ], [ 84.9179267, 27.7992158 ], [ 84.9177825, 27.7992704 ], [ 84.9176565, 27.7992965 ], [ 84.9175479, 27.7991292 ], [ 84.9173614, 27.7992039 ], [ 84.917293, 27.7991506 ], [ 84.9171254, 27.7991873 ], [ 84.9170503, 27.799338 ], [ 84.9168371, 27.7993831 ], [ 84.9167955, 27.7993226 ], [ 84.9167821, 27.7991648 ] ] ] } },
{ "type": "Feature", "properties": { "id": "way/1554583101", "name": null, "name_en": null, "name_ne": null, "status": "Standing", "landuse": "residential", "population": null, "source": null, "adm0_pcode": "NPL", "adm0_name": "Nepal", "adm1_pcode": "NP03", "adm1_name": "Bagmati", "adm2_pcode": "NP0330", "adm2_name": "Dhading", "adm3_pcode": "NP0330407", "adm3_name": "Siddhalek", "adm4_pcode": null, "adm4_name": null, "name_latin": null }, "geometry": { "type": "Polygon", "coordinates": [ [ [ 84.839781, 27.8073426 ], [ 84.839947, 27.8071981 ], [ 84.8404692, 27.8072739 ], [ 84.8417277, 27.8043109 ], [ 84.8408575, 27.8040266 ], [ 84.8409458, 27.8037827 ], [ 84.8419901, 27.8040361 ], [ 84.8422767, 27.8032758 ], [ 84.8441645, 27.80329 ], [ 84.8440708, 27.8044482 ], [ 84.8432299, 27.8044317 ], [ 84.8428524, 27.8053459 ], [ 84.8432728, 27.8057912 ], [ 84.8431201, 27.8061441 ], [ 84.8421749, 27.8059523 ], [ 84.8412457, 27.8077263 ], [ 84.8408307, 27.8080958 ], [ 84.8401184, 27.8077192 ], [ 84.839781, 27.8073426 ] ] ] } },
{ "type": "Feature", "properties": { "id": "way/1554019209", "name": null, "name_en": null, "name_ne": null, "status": "Standing", "landuse": "residential", "population": null, "source": null, "adm0_pcode": "NPL", "adm0_name": "Nepal", "adm1_pcode": "NP03", "adm1_name": "Bagmati", "adm2_pcode": "NP0328", "adm2_name": "Nuwakot", "adm3_pcode": "NP0328302", "adm3_name": "Belkotgadhi", "adm4_pcode": null, "adm4_name": null, "name_latin": null }, "geometry": { "type": "Polygon", "coordinates": [ [ [ 85.1108565, 27.8580477 ], [ 85.1110279, 27.8576916 ], [ 85.1114825, 27.857647 ], [ 85.112264, 27.858097 ], [ 85.1118506, 27.858332 ], [ 85.1108565, 27.8580477 ] ] ] } },
{ "type": "Feature", "properties": { "id": "way/1090655845", "name": "Hugdi Bazar", "name_en": null, "name_ne": null, "status": "Standing", "landuse": "residential", "population": null, "source": null, "adm0_pcode": "NPL", "adm0_name": "Nepal", "adm1_pcode": "NP04", "adm1_name": "Gandaki", "adm2_pcode": "NP0436", "adm2_name": "Gorkha", "adm3_pcode": "NP0436409", "adm3_name": "Gandaki", "adm4_pcode": null, "adm4_name": null, "name_latin": "Hugdi Bazar" }, "geometry": { "type": "Polygon", "coordinates": [ [ [ 84.6971392, 27.8070169 ], [ 84.6979922, 27.8066077 ], [ 84.698571, 27.8064166 ], [ 84.6993863, 27.806018 ], [ 84.7005242, 27.8060004 ], [ 84.7011352, 27.8059183 ], [ 84.7017735, 27.8060702 ], [ 84.7026586, 27.8064023 ], [ 84.702554, 27.8069788 ], [ 84.7020149, 27.8069456 ], [ 84.701803, 27.8069243 ], [ 84.7012425, 27.806884 ], [ 84.7009152, 27.807031 ], [ 84.7000676, 27.8073703 ], [ 84.6997337, 27.8074771 ], [ 84.6993864, 27.8075269 ], [ 84.6989143, 27.8076502 ], [ 84.6982866, 27.8077855 ], [ 84.6978468, 27.8078543 ], [ 84.6975785, 27.8076408 ], [ 84.6971816, 27.8070927 ], [ 84.6971392, 27.8070169 ] ] ] } },
{ "type": "Feature", "properties": { "id": "way/1554749907", "name": null, "name_en": null, "name_ne": null, "status": "Standing", "landuse": "residential", "population": null, "source": null, "adm0_pcode": "NPL", "adm0_name": "Nepal", "adm1_pcode": "NP04", "adm1_name": "Gandaki", "adm2_pcode": "NP0436", "adm2_name": "Gorkha", "adm3_pcode": "NP0436409", "adm3_name": "Gandaki", "adm4_pcode": null, "adm4_name": null, "name_latin": null }, "geometry": { "type": "Polygon", "coordinates": [ [ [ 84.727651, 27.8022967 ], [ 84.7279844, 27.8022769 ], [ 84.7285093, 27.8022373 ], [ 84.7286213, 27.8021866 ], [ 84.7288303, 27.8021888 ], [ 84.7287158, 27.8028843 ], [ 84.7283625, 27.8029767 ], [ 84.7279321, 27.80286 ], [ 84.727651, 27.8026246 ], [ 84.727651, 27.8022967 ] ] ] } },
{ "type": "Feature", "properties": { "id": "way/1554529785", "name": null, "name_en": null, "name_ne": null, "status": "Standing", "landuse": "residential", "population": null, "source": null, "adm0_pcode": "NPL", "adm0_name": "Nepal", "adm1_pcode": "NP03", "adm1_name": "Bagmati", "adm2_pcode": "NP0330", "adm2_name": "Dhading", "adm3_pcode": "NP0330407", "adm3_name": "Siddhalek", "adm4_pcode": null, "adm4_name": null, "name_latin": null }, "geometry": { "type": "Polygon", "coordinates": [ [ [ 84.8586237, 27.8083525 ], [ 84.8587686, 27.8081722 ], [ 84.8594499, 27.808585 ], [ 84.8597074, 27.8089456 ], [ 84.860115, 27.8091117 ], [ 84.8610216, 27.8086894 ], [ 84.8616761, 27.8082291 ], [ 84.8619014, 27.8085233 ], [ 84.8613167, 27.8091259 ], [ 84.8609626, 27.8090832 ], [ 84.8605978, 27.8094248 ], [ 84.8605174, 27.8096621 ], [ 84.859938, 27.8100369 ], [ 84.8596913, 27.8099847 ], [ 84.8595732, 27.8097665 ], [ 84.8595518, 27.8094818 ], [ 84.8591441, 27.8091544 ], [ 84.8586345, 27.8089456 ], [ 84.8586237, 27.8083525 ] ] ] } },
{ "type": "Feature", "properties": { "id": "way/1554549514", "name": null, "name_en": null, "name_ne": null, "status": "Standing", "landuse": "residential", "population": null, "source": null, "adm0_pcode": "NPL", "adm0_name": "Nepal", "adm1_pcode": "NP03", "adm1_name": "Bagmati", "adm2_pcode": "NP0330", "adm2_name": "Dhading", "adm3_pcode": "NP0330408", "adm3_name": "Benighat Rorang", "adm4_pcode": null, "adm4_name": null, "name_latin": null }, "geometry": { "type": "Polygon", "coordinates": [ [ [ 84.7949131, 27.8130788 ], [ 84.7953642, 27.812544 ], [ 84.7998354, 27.8130788 ], [ 84.7995132, 27.8142757 ], [ 84.798839, 27.8142582 ], [ 84.7967422, 27.8137628 ], [ 84.7949131, 27.8130788 ] ] ] } },
{ "type": "Feature", "properties": { "id": "way/1554603989", "name": null, "name_en": null, "name_ne": null, "status": "Standing", "landuse": "residential", "population": null, "source": null, "adm0_pcode": "NPL", "adm0_name": "Nepal", "adm1_pcode": "NP03", "adm1_name": "Bagmati", "adm2_pcode": "NP0330", "adm2_name": "Dhading", "adm3_pcode": "NP0330407", "adm3_name": "Siddhalek", "adm4_pcode": null, "adm4_name": null, "name_latin": null }, "geometry": { "type": "Polygon", "coordinates": [ [ [ 84.9345259, 27.8065766 ], [ 84.9346928, 27.8063585 ], [ 84.9350039, 27.8064793 ], [ 84.9354856, 27.806392 ], [ 84.9355653, 27.8065766 ], [ 84.9348939, 27.8067913 ], [ 84.9345259, 27.8065766 ] ] ] } },
{ "type": "Feature", "properties": { "id": "way/340415958", "name": null, "name_en": null, "name_ne": null, "status": "Standing", "landuse": "residential", "population": null, "source": null, "adm0_pcode": "NPL", "adm0_name": "Nepal", "adm1_pcode": "NP03", "adm1_name": "Bagmati", "adm2_pcode": "NP0328", "adm2_name": "Nuwakot", "adm3_pcode": "NP0328302", "adm3_name": "Belkotgadhi", "adm4_pcode": null, "adm4_name": null, "name_latin": null }, "geometry": { "type": "Polygon", "coordinates": [ [ [ 85.0459306, 27.8577795 ], [ 85.046155, 27.8568506 ], [ 85.0468966, 27.8569625 ], [ 85.0468449, 27.8573456 ], [ 85.0470384, 27.8573344 ], [ 85.0473878, 27.857257 ], [ 85.0479344, 27.8574842 ], [ 85.0483402, 27.8581454 ], [ 85.0487592, 27.8578974 ], [ 85.049094, 27.8580258 ], [ 85.0492437, 27.8584616 ], [ 85.0497976, 27.8586716 ], [ 85.0500094, 27.8584802 ], [ 85.0505117, 27.8587402 ], [ 85.0499123, 27.8589788 ], [ 85.0486261, 27.858476 ], [ 85.0480356, 27.858235 ], [ 85.0459306, 27.8577795 ] ] ] } },
{ "type": "Feature", "properties": { "id": "way/343182620", "name": null, "name_en": null, "name_ne": null, "status": "Standing", "landuse": "residential", "population": null, "source": null, "adm0_pcode": "NPL", "adm0_name": "Nepal", "adm1_pcode": "NP03", "adm1_name": "Bagmati", "adm2_pcode": "NP0328", "adm2_name": "Nuwakot", "adm3_pcode": "NP0328302", "adm3_name": "Belkotgadhi", "adm4_pcode": null, "adm4_name": null, "name_latin": null }, "geometry": { "type": "Polygon", "coordinates": [ [ [ 85.016403, 27.8156023 ], [ 85.0166034, 27.8153733 ], [ 85.0167332, 27.8151373 ], [ 85.0168365, 27.8149634 ], [ 85.0171478, 27.8149978 ], [ 85.0171478, 27.8151802 ], [ 85.0170852, 27.8156162 ], [ 85.0171528, 27.8162883 ], [ 85.0172664, 27.8162857 ], [ 85.0172664, 27.8159137 ], [ 85.0175933, 27.8158524 ], [ 85.0176027, 27.8156123 ], [ 85.017737, 27.8156334 ], [ 85.0177002, 27.8158658 ], [ 85.0176794, 27.8160636 ], [ 85.0176935, 27.8161737 ], [ 85.0178312, 27.8168706 ], [ 85.0180012, 27.8176529 ], [ 85.0178704, 27.8176852 ], [ 85.0172602, 27.8178359 ], [ 85.0170423, 27.8174089 ], [ 85.0170744, 27.8173433 ], [ 85.0169977, 27.8172064 ], [ 85.0169582, 27.8171248 ], [ 85.0168191, 27.8169123 ], [ 85.0166796, 27.8167056 ], [ 85.0165902, 27.816525 ], [ 85.0165198, 27.8162443 ], [ 85.0164315, 27.8157543 ], [ 85.016403, 27.8156023 ] ] ] } },
{ "type": "Feature", "properties": { "id": "way/340643268", "name": null, "name_en": null, "name_ne": null, "status": "Standing", "landuse": "residential", "population": null, "source": null, "adm0_pcode": "NPL", "adm0_name": "Nepal", "adm1_pcode": "NP03", "adm1_name": "Bagmati", "adm2_pcode": "NP0328", "adm2_name": "Nuwakot", "adm3_pcode": "NP0328403", "adm3_name": "Tarakeshwor", "adm4_pcode": null, "adm4_name": null, "name_latin": null }, "geometry": { "type": "Polygon", "coordinates": [ [ [ 85.0350294, 27.8557429 ], [ 85.0352053, 27.8556267 ], [ 85.035415, 27.8556722 ], [ 85.0355894, 27.8558433 ], [ 85.035695, 27.8559802 ], [ 85.03545, 27.8560879 ], [ 85.035181, 27.8559789 ], [ 85.0350294, 27.8557429 ] ] ] } },
{ "type": "Feature", "properties": { "id": "way/594010902", "name": null, "name_en": null, "name_ne": null, "status": "Standing", "landuse": "residential", "population": null, "source": null, "adm0_pcode": "NPL", "adm0_name": "Nepal", "adm1_pcode": "NP03", "adm1_name": "Bagmati", "adm2_pcode": "NP0330", "adm2_name": "Dhading", "adm3_pcode": "NP0330409", "adm3_name": "Gajuri", "adm4_pcode": null, "adm4_name": null, "name_latin": null }, "geometry": { "type": "Polygon", "coordinates": [ [ [ 84.9258048, 27.7956414 ], [ 84.9261929, 27.7955502 ], [ 84.9264142, 27.7958151 ], [ 84.9260294, 27.7959036 ], [ 84.9258048, 27.7956414 ] ] ] } },
{ "type": "Feature", "properties": { "id": "way/1194684753", "name": null, "name_en": null, "name_ne": null, "status": "Standing", "landuse": "residential", "population": null, "source": null, "adm0_pcode": "NPL", "adm0_name": "Nepal", "adm1_pcode": "NP03", "adm1_name": "Bagmati", "adm2_pcode": "NP0330", "adm2_name": "Dhading", "adm3_pcode": "NP0330409", "adm3_name": "Gajuri", "adm4_pcode": null, "adm4_name": null, "name_latin": null }, "geometry": { "type": "Polygon", "coordinates": [ [ [ 84.9288221, 27.7967558 ], [ 84.9289895, 27.7965642 ], [ 84.9292364, 27.7966619 ], [ 84.9293938, 27.7972251 ], [ 84.9294367, 27.7973343 ], [ 84.9295118, 27.7974695 ], [ 84.929308, 27.7974648 ], [ 84.9291766, 27.7974458 ], [ 84.9291497, 27.7973414 ], [ 84.9288221, 27.7967558 ] ] ] } },
{ "type": "Feature", "properties": { "id": "way/1193913530", "name": null, "name_en": null, "name_ne": null, "status": "Standing", "landuse": "residential", "population": null, "source": null, "adm0_pcode": "NPL", "adm0_name": "Nepal", "adm1_pcode": "NP03", "adm1_name": "Bagmati", "adm2_pcode": "NP0330", "adm2_name": "Dhading", "adm3_pcode": "NP0330407", "adm3_name": "Siddhalek", "adm4_pcode": null, "adm4_name": null, "name_latin": null }, "geometry": { "type": "Polygon", "coordinates": [ [ [ 84.8686901, 27.8003665 ], [ 84.8687732, 27.8002693 ], [ 84.8690414, 27.8002455 ], [ 84.8692773, 27.8001768 ], [ 84.8693848, 27.8003025 ], [ 84.8692453, 27.8004258 ], [ 84.8692855, 27.8005516 ], [ 84.8698785, 27.8002761 ], [ 84.8701599, 27.8007298 ], [ 84.8699271, 27.8010189 ], [ 84.8695913, 27.8009763 ], [ 84.8694062, 27.8008672 ], [ 84.8692989, 27.8008434 ], [ 84.8691112, 27.8008363 ], [ 84.8690709, 27.8007414 ], [ 84.8689349, 27.8007053 ], [ 84.8689416, 27.8006157 ], [ 84.868961, 27.8005208 ], [ 84.8688161, 27.8005136 ], [ 84.8686901, 27.8004614 ], [ 84.8686901, 27.8003665 ] ] ] } },
{ "type": "Feature", "properties": { "id": "way/1554552840", "name": null, "name_en": null, "name_ne": null, "status": "Standing", "landuse": "residential", "population": null, "source": null, "adm0_pcode": "NPL", "adm0_name": "Nepal", "adm1_pcode": "NP03", "adm1_name": "Bagmati", "adm2_pcode": "NP0330", "adm2_name": "Dhading", "adm3_pcode": "NP0330410", "adm3_name": "Galchhi", "adm4_pcode": null, "adm4_name": null, "name_latin": null }, "geometry": { "type": "Polygon", "coordinates": [ [ [ 85.0092791, 27.8075872 ], [ 85.0093392, 27.8074551 ], [ 85.0094216, 27.8072008 ], [ 85.0097215, 27.8072554 ], [ 85.0100425, 27.8074082 ], [ 85.0103861, 27.8074976 ], [ 85.0104149, 27.8075627 ], [ 85.0103226, 27.8077454 ], [ 85.0102673, 27.8078026 ], [ 85.0101953, 27.8077787 ], [ 85.0100468, 27.8077194 ], [ 85.0100531, 27.8076592 ], [ 85.0099563, 27.8075968 ], [ 85.0098914, 27.8076895 ], [ 85.0098512, 27.8077523 ], [ 85.0097648, 27.807835 ], [ 85.0096006, 27.8077645 ], [ 85.0094548, 27.8076848 ], [ 85.0092791, 27.8075872 ] ] ] } },
{ "type": "Feature", "properties": { "id": "way/1554551283", "name": null, "name_en": null, "name_ne": null, "status": "Standing", "landuse": "residential", "population": null, "source": null, "adm0_pcode": "NPL", "adm0_name": "Nepal", "adm1_pcode": "NP03", "adm1_name": "Bagmati", "adm2_pcode": "NP0328", "adm2_name": "Nuwakot", "adm3_pcode": "NP0328302", "adm3_name": "Belkotgadhi", "adm4_pcode": null, "adm4_name": null, "name_latin": null }, "geometry": { "type": "Polygon", "coordinates": [ [ [ 85.0141214, 27.8114266 ], [ 85.0143448, 27.8114093 ], [ 85.0146057, 27.8114017 ], [ 85.0147511, 27.8114343 ], [ 85.014779, 27.8116648 ], [ 85.014848, 27.8117146 ], [ 85.0149214, 27.8117818 ], [ 85.0149352, 27.8118873 ], [ 85.0147458, 27.8118772 ], [ 85.0142468, 27.8118627 ], [ 85.0142388, 27.811691 ], [ 85.0141355, 27.81156 ], [ 85.0141214, 27.8114266 ] ] ] } },
{ "type": "Feature", "properties": { "id": "way/1554494411", "name": null, "name_en": null, "name_ne": null, "status": "Standing", "landuse": "residential", "population": null, "source": null, "adm0_pcode": "NPL", "adm0_name": "Nepal", "adm1_pcode": "NP03", "adm1_name": "Bagmati", "adm2_pcode": "NP0330", "adm2_name": "Dhading", "adm3_pcode": "NP0330408", "adm3_name": "Benighat Rorang", "adm4_pcode": null, "adm4_name": null, "name_latin": null }, "geometry": { "type": "Polygon", "coordinates": [ [ [ 84.7180833, 27.8001712 ], [ 84.7181297, 27.799658 ], [ 84.718464, 27.7995586 ], [ 84.7187138, 27.7995607 ], [ 84.7187815, 27.7992223 ], [ 84.7186277, 27.7987825 ], [ 84.7182144, 27.7983986 ], [ 84.7181935, 27.7983187 ], [ 84.7186829, 27.7982929 ], [ 84.7191762, 27.798463 ], [ 84.7192724, 27.7986824 ], [ 84.7190412, 27.7988789 ], [ 84.7200076, 27.8001728 ], [ 84.7180833, 27.8001712 ] ] ] } },
{ "type": "Feature", "properties": { "id": "way/1554415250", "name": null, "name_en": null, "name_ne": null, "status": "Standing", "landuse": "residential", "population": null, "source": null, "adm0_pcode": "NPL", "adm0_name": "Nepal", "adm1_pcode": "NP04", "adm1_name": "Gandaki", "adm2_pcode": "NP0436", "adm2_name": "Gorkha", "adm3_pcode": "NP0436409", "adm3_name": "Gandaki", "adm4_pcode": null, "adm4_name": null, "name_latin": null }, "geometry": { "type": "Polygon", "coordinates": [ [ [ 84.6927198, 27.8124662 ], [ 84.6950626, 27.8112848 ], [ 84.6955588, 27.8123238 ], [ 84.6953576, 27.812898 ], [ 84.6952357, 27.8130676 ], [ 84.6949969, 27.8133737 ], [ 84.6947998, 27.8134199 ], [ 84.6942379, 27.8130415 ], [ 84.6927198, 27.8124662 ] ] ] } },
{ "type": "Feature", "properties": { "id": "way/1554749908", "name": null, "name_en": null, "name_ne": null, "status": "Standing", "landuse": "residential", "population": null, "source": null, "adm0_pcode": "NPL", "adm0_name": "Nepal", "adm1_pcode": "NP03", "adm1_name": "Bagmati", "adm2_pcode": "NP0330", "adm2_name": "Dhading", "adm3_pcode": "NP0330408", "adm3_name": "Benighat Rorang", "adm4_pcode": null, "adm4_name": null, "name_latin": null }, "geometry": { "type": "Polygon", "coordinates": [ [ [ 84.7453742, 27.8029823 ], [ 84.745414, 27.8027065 ], [ 84.7454194, 27.8026488 ], [ 84.7463971, 27.8027566 ], [ 84.7463894, 27.8028198 ], [ 84.7463733, 27.8029432 ], [ 84.7458261, 27.8030333 ], [ 84.7453742, 27.8029823 ] ] ] } },
{ "type": "Feature", "properties": { "id": "way/1554751912", "name": null, "name_en": null, "name_ne": null, "status": "Standing", "landuse": "residential", "population": null, "source": null, "adm0_pcode": "NPL", "adm0_name": "Nepal", "adm1_pcode": "NP03", "adm1_name": "Bagmati", "adm2_pcode": "NP0330", "adm2_name": "Dhading", "adm3_pcode": "NP0330408", "adm3_name": "Benighat Rorang", "adm4_pcode": null, "adm4_name": null, "name_latin": null }, "geometry": { "type": "Polygon", "coordinates": [ [ [ 84.7201514, 27.8052866 ], [ 84.7202528, 27.8051859 ], [ 84.7204722, 27.8052482 ], [ 84.7205343, 27.805012 ], [ 84.7205964, 27.8048839 ], [ 84.7207868, 27.8047539 ], [ 84.7210372, 27.8046752 ], [ 84.7211614, 27.804893 ], [ 84.7212152, 27.8051567 ], [ 84.7205674, 27.8054862 ], [ 84.7203128, 27.8054404 ], [ 84.7201514, 27.8052866 ] ] ] } },
{ "type": "Feature", "properties": { "id": "way/341715670", "name": null, "name_en": null, "name_ne": null, "status": "Standing", "landuse": "residential", "population": null, "source": null, "adm0_pcode": "NPL", "adm0_name": "Nepal", "adm1_pcode": "NP03", "adm1_name": "Bagmati", "adm2_pcode": "NP0328", "adm2_name": "Nuwakot", "adm3_pcode": "NP0328302", "adm3_name": "Belkotgadhi", "adm4_pcode": null, "adm4_name": null, "name_latin": null }, "geometry": { "type": "Polygon", "coordinates": [ [ [ 85.0237278, 27.8489232 ], [ 85.0240094, 27.8485722 ], [ 85.0250823, 27.8487335 ], [ 85.0254337, 27.8496632 ], [ 85.0263557, 27.850357 ], [ 85.0262088, 27.8506094 ], [ 85.0255866, 27.850505 ], [ 85.0247551, 27.8506236 ], [ 85.0238699, 27.8498861 ], [ 85.0237278, 27.8489232 ] ] ] } },
{ "type": "Feature", "properties": { "id": "way/1553990931", "name": null, "name_en": null, "name_ne": null, "status": "Standing", "landuse": "residential", "population": null, "source": null, "adm0_pcode": "NPL", "adm0_name": "Nepal", "adm1_pcode": "NP03", "adm1_name": "Bagmati", "adm2_pcode": "NP0328", "adm2_name": "Nuwakot", "adm3_pcode": "NP0328402", "adm3_name": "Kispang", "adm4_pcode": null, "adm4_name": null, "name_latin": null }, "geometry": { "type": "Polygon", "coordinates": [ [ [ 85.1823181, 27.9888332 ], [ 85.1824602, 27.988819 ], [ 85.1824951, 27.9888806 ], [ 85.182699, 27.9889066 ], [ 85.1827311, 27.9887077 ], [ 85.1828358, 27.9887124 ], [ 85.1829109, 27.9886058 ], [ 85.1830316, 27.988613 ], [ 85.1830932, 27.9888072 ], [ 85.1831844, 27.9888285 ], [ 85.183289, 27.9891009 ], [ 85.1830235, 27.9891767 ], [ 85.1829886, 27.9891151 ], [ 85.1827526, 27.9891435 ], [ 85.1827258, 27.9890701 ], [ 85.1823691, 27.9890582 ], [ 85.1823181, 27.9888332 ] ] ] } },
{ "type": "Feature", "properties": { "id": "way/1553964322", "name": null, "name_en": null, "name_ne": null, "status": "Standing", "landuse": "residential", "population": null, "source": null, "adm0_pcode": "NPL", "adm0_name": "Nepal", "adm1_pcode": "NP03", "adm1_name": "Bagmati", "adm2_pcode": "NP0329", "adm2_name": "Rasuwa", "adm3_pcode": "NP0329403", "adm3_name": "Uttargaya", "adm4_pcode": null, "adm4_name": null, "name_latin": null }, "geometry": { "type": "Polygon", "coordinates": [ [ [ 85.1957218, 28.0430296 ], [ 85.1959061, 28.0428324 ], [ 85.196241, 28.0430674 ], [ 85.1964828, 28.0438097 ], [ 85.1966356, 28.0440246 ], [ 85.1964249, 28.0441787 ], [ 85.1962776, 28.0440015 ], [ 85.1961705, 28.0434177 ], [ 85.1957218, 28.0430296 ] ] ] } },
{ "type": "Feature", "properties": { "id": "way/341647370", "name": null, "name_en": null, "name_ne": null, "status": "Standing", "landuse": "residential", "population": null, "source": null, "adm0_pcode": "NPL", "adm0_name": "Nepal", "adm1_pcode": "NP03", "adm1_name": "Bagmati", "adm2_pcode": "NP0328", "adm2_name": "Nuwakot", "adm3_pcode": "NP0328301", "adm3_name": "Bidur", "adm4_pcode": null, "adm4_name": null, "name_latin": null }, "geometry": { "type": "Polygon", "coordinates": [ [ [ 85.1054519, 27.8591141 ], [ 85.1056491, 27.8589688 ], [ 85.106285, 27.8590711 ], [ 85.1067351, 27.8594394 ], [ 85.1079112, 27.8609693 ], [ 85.108145, 27.8612962 ], [ 85.1079343, 27.861412 ], [ 85.1080239, 27.8616038 ], [ 85.1085796, 27.8625782 ], [ 85.1089766, 27.8629126 ], [ 85.1087057, 27.8631603 ], [ 85.1084544, 27.8630903 ], [ 85.1078971, 27.8635543 ], [ 85.1076783, 27.8633979 ], [ 85.1077303, 27.8630519 ], [ 85.1075289, 27.8629243 ], [ 85.1074075, 27.8629993 ], [ 85.1066949, 27.8626683 ], [ 85.1066603, 27.8622314 ], [ 85.1067023, 27.8621529 ], [ 85.1065622, 27.8620373 ], [ 85.1064781, 27.8621488 ], [ 85.1063567, 27.862091 ], [ 85.1063612, 27.8619878 ], [ 85.1061025, 27.8620936 ], [ 85.1057699, 27.86206 ], [ 85.1055688, 27.8617828 ], [ 85.1056098, 27.861528 ], [ 85.1059116, 27.8615516 ], [ 85.1060308, 27.8613546 ], [ 85.1068139, 27.8615938 ], [ 85.1070556, 27.8618169 ], [ 85.1071714, 27.8621026 ], [ 85.1074674, 27.861566 ], [ 85.1060768, 27.8608435 ], [ 85.1065008, 27.8603133 ], [ 85.1054593, 27.8593187 ], [ 85.1054519, 27.8591141 ] ] ] } },
{ "type": "Feature", "properties": { "id": "way/341715439", "name": null, "name_en": null, "name_ne": null, "status": "Standing", "landuse": "residential", "population": null, "source": null, "adm0_pcode": "NPL", "adm0_name": "Nepal", "adm1_pcode": "NP03", "adm1_name": "Bagmati", "adm2_pcode": "NP0328", "adm2_name": "Nuwakot", "adm3_pcode": "NP0328302", "adm3_name": "Belkotgadhi", "adm4_pcode": null, "adm4_name": null, "name_latin": null }, "geometry": { "type": "Polygon", "coordinates": [ [ [ 85.0208196, 27.8424435 ], [ 85.0209591, 27.8420735 ], [ 85.0220561, 27.8415227 ], [ 85.0224135, 27.8414395 ], [ 85.0228152, 27.8414229 ], [ 85.0228936, 27.8413838 ], [ 85.0230083, 27.8414414 ], [ 85.0231477, 27.8414663 ], [ 85.0232014, 27.8422063 ], [ 85.0235662, 27.842823 ], [ 85.0230686, 27.8436791 ], [ 85.0223091, 27.8436837 ], [ 85.0215491, 27.8432309 ], [ 85.0208196, 27.8424435 ] ] ] } },
{ "type": "Feature", "properties": { "id": "way/594010912", "name": null, "name_en": null, "name_ne": null, "status": "Standing", "landuse": "residential", "population": null, "source": null, "adm0_pcode": "NPL", "adm0_name": "Nepal", "adm1_pcode": "NP03", "adm1_name": "Bagmati", "adm2_pcode": "NP0330", "adm2_name": "Dhading", "adm3_pcode": "NP0330410", "adm3_name": "Galchhi", "adm4_pcode": null, "adm4_name": null, "name_latin": null }, "geometry": { "type": "Polygon", "coordinates": [ [ [ 84.9459676, 27.8119798 ], [ 84.9480406, 27.812134 ], [ 84.9487299, 27.8123476 ], [ 84.9491483, 27.8126608 ], [ 84.9496172, 27.8124542 ], [ 84.9509096, 27.8124649 ], [ 84.9510438, 27.8132909 ], [ 84.951001, 27.8133736 ], [ 84.9509639, 27.8135012 ], [ 84.9510071, 27.8135718 ], [ 84.9510871, 27.8137144 ], [ 84.9511117, 27.8140059 ], [ 84.9513926, 27.8142454 ], [ 84.9516458, 27.81489 ], [ 84.949789, 27.8156034 ], [ 84.9476445, 27.8148844 ], [ 84.9473673, 27.8137331 ], [ 84.9471552, 27.8135649 ], [ 84.9470267, 27.8132657 ], [ 84.9463378, 27.8133505 ], [ 84.9459676, 27.8119798 ] ] ] } },
{ "type": "Feature", "properties": { "id": "way/340489102", "name": "Keurintar Village Area", "name_en": null, "name_ne": null, "status": "Standing", "landuse": "residential", "population": null, "source": null, "adm0_pcode": "NPL", "adm0_name": "Nepal", "adm1_pcode": "NP03", "adm1_name": "Bagmati", "adm2_pcode": "NP0330", "adm2_name": "Dhading", "adm3_pcode": "NP0330410", "adm3_name": "Galchhi", "adm4_pcode": null, "adm4_name": null, "name_latin": "Keurintar Village Area" }, "geometry": { "type": "Polygon", "coordinates": [ [ [ 84.9638265, 27.8180936 ], [ 84.9639481, 27.8177686 ], [ 84.9644537, 27.8177487 ], [ 84.9647492, 27.8175535 ], [ 84.9648898, 27.8175844 ], [ 84.9650378, 27.8177671 ], [ 84.9653351, 27.8179031 ], [ 84.9654359, 27.8179893 ], [ 84.9650183, 27.8181574 ], [ 84.964985, 27.8182128 ], [ 84.9651197, 27.8185289 ], [ 84.9648666, 27.8185947 ], [ 84.9646013, 27.8184131 ], [ 84.9645708, 27.8182151 ], [ 84.964539, 27.8181332 ], [ 84.9638265, 27.8180936 ] ] ] } },
{ "type": "Feature", "properties": { "id": "way/341648375", "name": null, "name_en": null, "name_ne": null, "status": "Standing", "landuse": "residential", "population": null, "source": null, "adm0_pcode": "NPL", "adm0_name": "Nepal", "adm1_pcode": "NP03", "adm1_name": "Bagmati", "adm2_pcode": "NP0330", "adm2_name": "Dhading", "adm3_pcode": "NP0330410", "adm3_name": "Galchhi", "adm4_pcode": null, "adm4_name": null, "name_latin": null }, "geometry": { "type": "Polygon", "coordinates": [ [ [ 84.942302, 27.817883 ], [ 84.9423817, 27.8176985 ], [ 84.9428179, 27.8177321 ], [ 84.9435272, 27.8173899 ], [ 84.944339, 27.8172121 ], [ 84.9447866, 27.8172053 ], [ 84.9448587, 27.8183359 ], [ 84.9455452, 27.8184601 ], [ 84.9456021, 27.8178126 ], [ 84.9461066, 27.8176717 ], [ 84.9478515, 27.8186077 ], [ 84.9487543, 27.817826 ], [ 84.9490843, 27.8180139 ], [ 84.9489524, 27.8198197 ], [ 84.9483832, 27.8200672 ], [ 84.9455408, 27.8196584 ], [ 84.9456506, 27.8202081 ], [ 84.9450018, 27.8200467 ], [ 84.9445543, 27.8199612 ], [ 84.944009, 27.8196611 ], [ 84.9438459, 27.818289 ], [ 84.9437283, 27.8182017 ], [ 84.9431441, 27.8190639 ], [ 84.9427041, 27.8189566 ], [ 84.9424689, 27.8186748 ], [ 84.942761, 27.818242 ], [ 84.942302, 27.817883 ] ] ] } },
{ "type": "Feature", "properties": { "id": "way/340415957", "name": null, "name_en": null, "name_ne": null, "status": "Standing", "landuse": "residential", "population": null, "source": null, "adm0_pcode": "NPL", "adm0_name": "Nepal", "adm1_pcode": "NP03", "adm1_name": "Bagmati", "adm2_pcode": "NP0328", "adm2_name": "Nuwakot", "adm3_pcode": "NP0328302", "adm3_name": "Belkotgadhi", "adm4_pcode": null, "adm4_name": null, "name_latin": null }, "geometry": { "type": "Polygon", "coordinates": [ [ [ 85.0380524, 27.8511818 ], [ 85.0383203, 27.851205 ], [ 85.0382893, 27.8509994 ], [ 85.038337, 27.8507784 ], [ 85.0388422, 27.8508125 ], [ 85.0389377, 27.8498857 ], [ 85.0395175, 27.8499006 ], [ 85.0394855, 27.8505428 ], [ 85.0400921, 27.8505658 ], [ 85.0400978, 27.8507628 ], [ 85.0403511, 27.8507861 ], [ 85.0403602, 27.8505303 ], [ 85.0409463, 27.8505453 ], [ 85.0415093, 27.8505175 ], [ 85.0418912, 27.8505404 ], [ 85.0421192, 27.8506773 ], [ 85.0425475, 27.8507073 ], [ 85.0426675, 27.8505164 ], [ 85.0430062, 27.8505638 ], [ 85.0430373, 27.8503993 ], [ 85.0437036, 27.8501139 ], [ 85.0449335, 27.850089 ], [ 85.0451078, 27.8501916 ], [ 85.0459559, 27.8494343 ], [ 85.0462532, 27.8496485 ], [ 85.0459315, 27.8500118 ], [ 85.0460561, 27.8501127 ], [ 85.0462715, 27.8498976 ], [ 85.0464856, 27.8500684 ], [ 85.0462714, 27.8503308 ], [ 85.046523, 27.8505551 ], [ 85.0467014, 27.850591 ], [ 85.0473582, 27.8504532 ], [ 85.0478698, 27.8508081 ], [ 85.047706, 27.8510704 ], [ 85.0474726, 27.8509649 ], [ 85.0475313, 27.8508528 ], [ 85.0473829, 27.8507632 ], [ 85.0472298, 27.8509378 ], [ 85.0465823, 27.8507575 ], [ 85.0450863, 27.8505245 ], [ 85.04514, 27.8508512 ], [ 85.0443652, 27.8510506 ], [ 85.0440581, 27.8508158 ], [ 85.0441067, 27.851199 ], [ 85.0438048, 27.8512057 ], [ 85.0437908, 27.8510644 ], [ 85.043582, 27.8511621 ], [ 85.043055, 27.8513269 ], [ 85.0427905, 27.8518112 ], [ 85.0430155, 27.8519225 ], [ 85.042892, 27.8521222 ], [ 85.0426726, 27.8520137 ], [ 85.042536, 27.8522773 ], [ 85.0416249, 27.8519978 ], [ 85.0414925, 27.8523684 ], [ 85.0416831, 27.8524292 ], [ 85.0417516, 27.8529369 ], [ 85.0419565, 27.8529992 ], [ 85.0420737, 27.8527975 ], [ 85.0424778, 27.8527008 ], [ 85.0427897, 27.8530603 ], [ 85.0428217, 27.8533654 ], [ 85.0426001, 27.8533724 ], [ 85.0425084, 27.8534826 ], [ 85.0418653, 27.8534612 ], [ 85.0418505, 27.8537339 ], [ 85.0416941, 27.8537243 ], [ 85.0415781, 27.8537291 ], [ 85.0415435, 27.8531196 ], [ 85.0408143, 27.8528785 ], [ 85.0411972, 27.8517631 ], [ 85.0410678, 27.8517343 ], [ 85.0408298, 27.852347 ], [ 85.0405282, 27.8522675 ], [ 85.0404676, 27.8524226 ], [ 85.0402321, 27.8523579 ], [ 85.0404072, 27.8518798 ], [ 85.03986, 27.8517935 ], [ 85.0396441, 27.8524705 ], [ 85.0387608, 27.8525573 ], [ 85.038557, 27.851443 ], [ 85.0380589, 27.8514023 ], [ 85.0380524, 27.8511818 ] ] ] } },
{ "type": "Feature", "properties": { "id": "way/912426330", "name": null, "name_en": null, "name_ne": null, "status": "Standing", "landuse": "residential", "population": null, "source": null, "adm0_pcode": "NPL", "adm0_name": "Nepal", "adm1_pcode": "NP03", "adm1_name": "Bagmati", "adm2_pcode": "NP0328", "adm2_name": "Nuwakot", "adm3_pcode": "NP0328301", "adm3_name": "Bidur", "adm4_pcode": null, "adm4_name": null, "name_latin": null }, "geometry": { "type": "Polygon", "coordinates": [ [ [ 85.1842279, 27.9707625 ], [ 85.1842567, 27.9706571 ], [ 85.1842956, 27.9706417 ], [ 85.1842996, 27.9706026 ], [ 85.1844009, 27.970589 ], [ 85.1844042, 27.9705368 ], [ 85.1844351, 27.970504 ], [ 85.1845293, 27.9705054 ], [ 85.184541, 27.9705638 ], [ 85.1847385, 27.9705419 ], [ 85.1847958, 27.9705244 ], [ 85.1849388, 27.9703743 ], [ 85.1851234, 27.9703783 ], [ 85.1852712, 27.9705403 ], [ 85.1853768, 27.9706017 ], [ 85.1854204, 27.9707299 ], [ 85.1853259, 27.9707731 ], [ 85.1853664, 27.9709733 ], [ 85.1853202, 27.9711089 ], [ 85.1854114, 27.9711314 ], [ 85.185455, 27.9711978 ], [ 85.18552, 27.9711984 ], [ 85.1855173, 27.9712517 ], [ 85.1856347, 27.971363 ], [ 85.1857152, 27.9714715 ], [ 85.1855121, 27.9716802 ], [ 85.1858318, 27.9718811 ], [ 85.185828, 27.9719836 ], [ 85.1859136, 27.9720144 ], [ 85.1860075, 27.9720819 ], [ 85.186045, 27.9720594 ], [ 85.1860711, 27.9720434 ], [ 85.1860947, 27.9721329 ], [ 85.1862108, 27.9723538 ], [ 85.1863582, 27.9723854 ], [ 85.1864776, 27.9726255 ], [ 85.1866168, 27.9729594 ], [ 85.1865439, 27.9732229 ], [ 85.1862653, 27.9734572 ], [ 85.1862104, 27.9736169 ], [ 85.1862653, 27.9738497 ], [ 85.1864601, 27.9738965 ], [ 85.186613, 27.9739693 ], [ 85.1865788, 27.9740445 ], [ 85.1864094, 27.9742101 ], [ 85.1860124, 27.9740202 ], [ 85.185971, 27.9741169 ], [ 85.185746, 27.9740078 ], [ 85.1855663, 27.9740102 ], [ 85.1854, 27.9739604 ], [ 85.1852876, 27.9738846 ], [ 85.1852395, 27.9736633 ], [ 85.1852894, 27.973525 ], [ 85.1853435, 27.9733752 ], [ 85.185219, 27.9732032 ], [ 85.1851388, 27.9731032 ], [ 85.1850526, 27.9729733 ], [ 85.1850783, 27.9727453 ], [ 85.1850649, 27.9726665 ], [ 85.1849797, 27.9723732 ], [ 85.1849735, 27.9723757 ], [ 85.1849252, 27.972352 ], [ 85.1849064, 27.972333 ], [ 85.1848582, 27.9723425 ], [ 85.1848126, 27.9721909 ], [ 85.184885, 27.9721672 ], [ 85.1848823, 27.9721412 ], [ 85.1848989, 27.9721158 ], [ 85.1848793, 27.972037 ], [ 85.185296, 27.9719279 ], [ 85.185074, 27.9718915 ], [ 85.1849264, 27.9717517 ], [ 85.1849071, 27.9715512 ], [ 85.1851026, 27.9715087 ], [ 85.1850503, 27.9712879 ], [ 85.1849339, 27.9712931 ], [ 85.1849138, 27.9712451 ], [ 85.1848119, 27.971254 ], [ 85.1848119, 27.9713541 ], [ 85.1847375, 27.9713493 ], [ 85.1846168, 27.9711676 ], [ 85.1845584, 27.9711201 ], [ 85.1843264, 27.970824 ], [ 85.1842279, 27.9707625 ] ] ] } },
{ "type": "Feature", "properties": { "id": "way/341654846", "name": null, "name_en": null, "name_ne": null, "status": "Standing", "landuse": "residential", "population": null, "source": null, "adm0_pcode": "NPL", "adm0_name": "Nepal", "adm1_pcode": "NP03", "adm1_name": "Bagmati", "adm2_pcode": "NP0328", "adm2_name": "Nuwakot", "adm3_pcode": "NP0328301", "adm3_name": "Bidur", "adm4_pcode": null, "adm4_name": null, "name_latin": null }, "geometry": { "type": "Polygon", "coordinates": [ [ [ 85.1463189, 27.9224902 ], [ 85.1465339, 27.922345 ], [ 85.1463416, 27.9219384 ], [ 85.1466892, 27.9216914 ], [ 85.1468753, 27.9215702 ], [ 85.1469006, 27.9211493 ], [ 85.1487154, 27.9217769 ], [ 85.1496085, 27.9221537 ], [ 85.1500678, 27.9223811 ], [ 85.1504686, 27.9223701 ], [ 85.1506148, 27.9226317 ], [ 85.1503012, 27.9229319 ], [ 85.1504829, 27.9232043 ], [ 85.1506047, 27.9232914 ], [ 85.1506412, 27.923597 ], [ 85.1509223, 27.9235396 ], [ 85.1509362, 27.9242321 ], [ 85.1508987, 27.924635 ], [ 85.150609, 27.9251943 ], [ 85.1502442, 27.9263603 ], [ 85.1498201, 27.9263739 ], [ 85.1496649, 27.9269101 ], [ 85.1490533, 27.9268864 ], [ 85.1488012, 27.9268343 ], [ 85.1487425, 27.9267197 ], [ 85.1486993, 27.9257062 ], [ 85.1480356, 27.9247277 ], [ 85.1476989, 27.9241765 ], [ 85.1474633, 27.9236907 ], [ 85.1472019, 27.9233322 ], [ 85.1469217, 27.9232426 ], [ 85.1466983, 27.9230825 ], [ 85.1463189, 27.9224902 ] ] ] } },
{ "type": "Feature", "properties": { "id": "way/1553974287", "name": null, "name_en": null, "name_ne": null, "status": "Standing", "landuse": "residential", "population": null, "source": null, "adm0_pcode": "NPL", "adm0_name": "Nepal", "adm1_pcode": "NP03", "adm1_name": "Bagmati", "adm2_pcode": "NP0328", "adm2_name": "Nuwakot", "adm3_pcode": "NP0328402", "adm3_name": "Kispang", "adm4_pcode": null, "adm4_name": null, "name_latin": null }, "geometry": { "type": "Polygon", "coordinates": [ [ [ 85.1844934, 27.9985971 ], [ 85.1845112, 27.9983551 ], [ 85.1846204, 27.9983531 ], [ 85.1845892, 27.9986167 ], [ 85.1848477, 27.998723 ], [ 85.184714, 27.9989748 ], [ 85.1845157, 27.9989217 ], [ 85.1845268, 27.9987466 ], [ 85.1844934, 27.9985971 ] ] ] } }
]
}
