{
"type": "FeatureCollection",
"name": "bridges",
"crs": { "type": "name", "properties": { "name": "urn:ogc:def:crs:OGC:1.3:CRS84" } },
"features": [
{ "type": "Feature", "properties": { "id": "node/3488924530", "name": null, "name_en": null, "name_ne": null, "status": "Standing", "bridge": "simple_brunnel", "bridge_structure": null, "highway": null, "railway": null, "waterway": null, "man_made": null, "layer": null, "width": null, "maxweight": null, "source": null, "adm0_pcode": "NPL", "adm0_name": "Nepal", "adm1_pcode": "NP03", "adm1_name": "Bagmati", "adm2_pcode": "NP0330", "adm2_name": "Dhading", "adm3_pcode": "NP0330410", "adm3_name": "Galchhi", "adm4_pcode": null, "adm4_name": null, "name_latin": null }, "geometry": { "type": "Point", "coordinates": [ 84.9756473, 27.8053521 ] } },
{ "type": "Feature", "properties": { "id": "way/344100279", "name": null, "name_en": null, "name_ne": null, "status": "Standing", "bridge": "yes", "bridge_structure": "simple-suspension", "highway": "path", "railway": null, "waterway": null, "man_made": null, "layer": "1", "width": null, "maxweight": null, "source": null, "adm0_pcode": "NPL", "adm0_name": "Nepal", "adm1_pcode": "NP03", "adm1_name": "Bagmati", "adm2_pcode": "NP0330", "adm2_name": "Dhading", "adm3_pcode": "NP0330408", "adm3_name": "Benighat Rorang", "adm4_pcode": null, "adm4_name": null, "name_latin": null }, "geometry": { "type": "LineString", "coordinates": [ [ 84.8214911, 27.8110752 ], [ 84.823264, 27.811276 ] ] } },
{ "type": "Feature", "properties": { "id": "way/140332470", "name": "Gomati Bridge", "name_en": "Prithvi Rajmarga", "name_ne": null, "status": "Standing", "bridge": "yes", "bridge_structure": null, "highway": "trunk", "railway": null, "waterway": null, "man_made": null, "layer": "1", "width": null, "maxweight": null, "source": null, "adm0_pcode": "NPL", "adm0_name": "Nepal", "adm1_pcode": "NP03", "adm1_name": "Bagmati", "adm2_pcode": "NP0330", "adm2_name": "Dhading", "adm3_pcode": "NP0330408", "adm3_name": "Benighat Rorang", "adm4_pcode": null, "adm4_name": null, "name_latin": "Prithvi Rajmarga" }, "geometry": { "type": "LineString", "coordinates": [ [ 84.7877091, 27.8123622 ], [ 84.7878676, 27.812285 ], [ 84.7879461, 27.8122469 ], [ 84.7881651, 27.8121451 ] ] } },
{ "type": "Feature", "properties": { "id": "way/44686757", "name": null, "name_en": null, "name_ne": null, "status": "Standing", "bridge": "yes", "bridge_structure": null, "highway": "footway", "railway": null, "waterway": null, "man_made": null, "layer": "1", "width": null, "maxweight": null, "source": null, "adm0_pcode": "NPL", "adm0_name": "Nepal", "adm1_pcode": "NP03", "adm1_name": "Bagmati", "adm2_pcode": "NP0330", "adm2_name": "Dhading", "adm3_pcode": "NP0330408", "adm3_name": "Benighat Rorang", "adm4_pcode": null, "adm4_name": null, "name_latin": null }, "geometry": { "type": "LineString", "coordinates": [ [ 84.7732686, 27.8082304 ], [ 84.7738286, 27.8094107 ] ] } },
{ "type": "Feature", "properties": { "id": "way/343903499", "name": null, "name_en": null, "name_ne": null, "status": "Standing", "bridge": "yes", "bridge_structure": null, "highway": "unclassified", "railway": null, "waterway": null, "man_made": null, "layer": "1", "width": null, "maxweight": null, "source": "Digital Globe", "adm0_pcode": "NPL", "adm0_name": "Nepal", "adm1_pcode": "NP03", "adm1_name": "Bagmati", "adm2_pcode": "NP0330", "adm2_name": "Dhading", "adm3_pcode": "NP0330408", "adm3_name": "Benighat Rorang", "adm4_pcode": null, "adm4_name": null, "name_latin": null }, "geometry": { "type": "LineString", "coordinates": [ [ 84.7779637, 27.8101567 ], [ 84.7772289, 27.8104869 ], [ 84.7765354, 27.8108303 ] ] } },
{ "type": "Feature", "properties": { "id": "way/140332494", "name": "Khatauti Khola Bridge", "name_en": "Khatauti Khola Bridge", "name_ne": null, "status": "Standing", "bridge": "yes", "bridge_structure": null, "highway": "trunk", "railway": null, "waterway": null, "man_made": null, "layer": "1", "width": null, "maxweight": null, "source": null, "adm0_pcode": "NPL", "adm0_name": "Nepal", "adm1_pcode": "NP03", "adm1_name": "Bagmati", "adm2_pcode": "NP0330", "adm2_name": "Dhading", "adm3_pcode": "NP0330408", "adm3_name": "Benighat Rorang", "adm4_pcode": null, "adm4_name": null, "name_latin": "Khatauti Khola Bridge" }, "geometry": { "type": "LineString", "coordinates": [ [ 84.7245408, 27.798 ], [ 84.7246539, 27.7979413 ], [ 84.7250393, 27.7977441 ] ] } },
{ "type": "Feature", "properties": { "id": "way/140332459", "name": "Prithvi Rajmarg", "name_en": "Charaudi Khola", "name_ne": null, "status": "Standing", "bridge": "yes", "bridge_structure": null, "highway": "trunk", "railway": null, "waterway": null, "man_made": null, "layer": "1", "width": null, "maxweight": null, "source": null, "adm0_pcode": "NPL", "adm0_name": "Nepal", "adm1_pcode": "NP03", "adm1_name": "Bagmati", "adm2_pcode": "NP0330", "adm2_name": "Dhading", "adm3_pcode": "NP0330408", "adm3_name": "Benighat Rorang", "adm4_pcode": null, "adm4_name": null, "name_latin": "Charaudi Khola" }, "geometry": { "type": "LineString", "coordinates": [ [ 84.7496396, 27.8029155 ], [ 84.75025, 27.8029709 ] ] } },
{ "type": "Feature", "properties": { "id": "way/140332497", "name": "Hugdi Khola Bridge", "name_en": "Hugdi Khola Bridge", "name_ne": null, "status": "Standing", "bridge": "yes", "bridge_structure": null, "highway": "trunk", "railway": null, "waterway": null, "man_made": null, "layer": "1", "width": null, "maxweight": null, "source": null, "adm0_pcode": "NPL", "adm0_name": "Nepal", "adm1_pcode": "NP04", "adm1_name": "Gandaki", "adm2_pcode": "NP0436", "adm2_name": "Gorkha", "adm3_pcode": "NP0436409", "adm3_name": "Gandaki", "adm4_pcode": null, "adm4_name": null, "name_latin": "Hugdi Khola Bridge" }, "geometry": { "type": "LineString", "coordinates": [ [ 84.6966827, 27.8073525 ], [ 84.6969993, 27.8071123 ] ] } },
{ "type": "Feature", "properties": { "id": "way/140332495", "name": "Mowa Khola Bridge", "name_en": "Mowa Khola Bridge", "name_ne": null, "status": "Standing", "bridge": "yes", "bridge_structure": null, "highway": "trunk", "railway": null, "waterway": null, "man_made": null, "layer": "1", "width": null, "maxweight": null, "source": null, "adm0_pcode": "NPL", "adm0_name": "Nepal", "adm1_pcode": "NP04", "adm1_name": "Gandaki", "adm2_pcode": "NP0436", "adm2_name": "Gorkha", "adm3_pcode": "NP0436409", "adm3_name": "Gandaki", "adm4_pcode": null, "adm4_name": null, "name_latin": "Mowa Khola Bridge" }, "geometry": { "type": "LineString", "coordinates": [ [ 84.6646981, 27.8254267 ], [ 84.6650071, 27.8251976 ] ] } },
{ "type": "Feature", "properties": { "id": "way/742117040", "name": null, "name_en": null, "name_ne": null, "status": "Standing", "bridge": "yes", "bridge_structure": null, "highway": "path", "railway": null, "waterway": null, "man_made": null, "layer": "1", "width": null, "maxweight": null, "source": null, "adm0_pcode": "NPL", "adm0_name": "Nepal", "adm1_pcode": "NP03", "adm1_name": "Bagmati", "adm2_pcode": "NP0335", "adm2_name": "Chitawan", "adm3_pcode": "NP0335401", "adm3_name": "Ichchha Kamana", "adm4_pcode": null, "adm4_name": null, "name_latin": null }, "geometry": { "type": "LineString", "coordinates": [ [ 84.6518913, 27.8520414 ], [ 84.6520643, 27.8529445 ] ] } },
{ "type": "Feature", "properties": { "id": "way/140332531", "name": null, "name_en": null, "name_ne": null, "status": "Standing", "bridge": "yes", "bridge_structure": null, "highway": "trunk", "railway": null, "waterway": null, "man_made": null, "layer": "1", "width": null, "maxweight": null, "source": null, "adm0_pcode": "NPL", "adm0_name": "Nepal", "adm1_pcode": "NP04", "adm1_name": "Gandaki", "adm2_pcode": "NP0440", "adm2_name": "Tanahu", "adm3_pcode": "NP0440405", "adm3_name": "Aanbu Khaireni", "adm4_pcode": null, "adm4_name": null, "name_latin": null }, "geometry": { "type": "LineString", "coordinates": [ [ 84.558352, 27.8434729 ], [ 84.5584816, 27.8430545 ] ] } },
{ "type": "Feature", "properties": { "id": "way/140332460", "name": "Chinsengi khola Bridge", "name_en": null, "name_ne": null, "status": "Standing", "bridge": "yes", "bridge_structure": null, "highway": "trunk", "railway": null, "waterway": null, "man_made": null, "layer": "1", "width": null, "maxweight": null, "source": null, "adm0_pcode": "NPL", "adm0_name": "Nepal", "adm1_pcode": "NP03", "adm1_name": "Bagmati", "adm2_pcode": "NP0335", "adm2_name": "Chitawan", "adm3_pcode": "NP0335401", "adm3_name": "Ichchha Kamana", "adm4_pcode": null, "adm4_name": null, "name_latin": "Chinsengi khola Bridge" }, "geometry": { "type": "LineString", "coordinates": [ [ 84.5590585, 27.8476063 ], [ 84.5592061, 27.8471683 ] ] } },
{ "type": "Feature", "properties": { "id": "way/302726224", "name": null, "name_en": null, "name_ne": null, "status": "Standing", "bridge": "yes", "bridge_structure": null, "highway": "footway", "railway": null, "waterway": null, "man_made": null, "layer": "1", "width": null, "maxweight": null, "source": null, "adm0_pcode": "NPL", "adm0_name": "Nepal", "adm1_pcode": "NP03", "adm1_name": "Bagmati", "adm2_pcode": "NP0335", "adm2_name": "Chitawan", "adm3_pcode": "NP0335401", "adm3_name": "Ichchha Kamana", "adm4_pcode": null, "adm4_name": null, "name_latin": null }, "geometry": { "type": "LineString", "coordinates": [ [ 84.608489, 27.8708354 ], [ 84.6083777, 27.8715551 ], [ 84.6082731, 27.8722593 ] ] } },
{ "type": "Feature", "properties": { "id": "way/1485601744", "name": null, "name_en": null, "name_ne": null, "status": "Standing", "bridge": "yes", "bridge_structure": null, "highway": "path", "railway": null, "waterway": null, "man_made": null, "layer": "1", "width": null, "maxweight": null, "source": null, "adm0_pcode": "NPL", "adm0_name": "Nepal", "adm1_pcode": "NP03", "adm1_name": "Bagmati", "adm2_pcode": "NP0335", "adm2_name": "Chitawan", "adm3_pcode": "NP0335401", "adm3_name": "Ichchha Kamana", "adm4_pcode": null, "adm4_name": null, "name_latin": null }, "geometry": { "type": "LineString", "coordinates": [ [ 84.6147611, 27.8731093 ], [ 84.6132229, 27.8739425 ] ] } },
{ "type": "Feature", "properties": { "id": "way/140332484", "name": "Nagdi khola", "name_en": "Nagdi khola", "name_ne": null, "status": "Standing", "bridge": "yes", "bridge_structure": null, "highway": "trunk", "railway": null, "waterway": null, "man_made": null, "layer": "1", "width": null, "maxweight": null, "source": "survey", "adm0_pcode": "NPL", "adm0_name": "Nepal", "adm1_pcode": "NP03", "adm1_name": "Bagmati", "adm2_pcode": "NP0335", "adm2_name": "Chitawan", "adm3_pcode": "NP0335401", "adm3_name": "Ichchha Kamana", "adm4_pcode": null, "adm4_name": null, "name_latin": "Nagdi khola" }, "geometry": { "type": "LineString", "coordinates": [ [ 84.5765049, 27.8632721 ], [ 84.576751, 27.8633322 ], [ 84.5769226, 27.8634037 ] ] } },
{ "type": "Feature", "properties": { "id": "way/185428961", "name": null, "name_en": null, "name_ne": null, "status": "Standing", "bridge": "yes", "bridge_structure": "simple-suspension", "highway": "path", "railway": null, "waterway": null, "man_made": null, "layer": "1", "width": null, "maxweight": null, "source": null, "adm0_pcode": "NPL", "adm0_name": "Nepal", "adm1_pcode": "NP04", "adm1_name": "Gandaki", "adm2_pcode": "NP0440", "adm2_name": "Tanahu", "adm3_pcode": "NP0440405", "adm3_name": "Aanbu Khaireni", "adm4_pcode": null, "adm4_name": null, "name_latin": null }, "geometry": { "type": "LineString", "coordinates": [ [ 84.5082572, 27.8159672 ], [ 84.5089239, 27.81705 ] ] } },
{ "type": "Feature", "properties": { "id": "way/140332472", "name": "Jalbire Bridge", "name_en": null, "name_ne": null, "status": "Standing", "bridge": "yes", "bridge_structure": null, "highway": "trunk", "railway": null, "waterway": null, "man_made": null, "layer": "1", "width": null, "maxweight": null, "source": null, "adm0_pcode": "NPL", "adm0_name": "Nepal", "adm1_pcode": "NP04", "adm1_name": "Gandaki", "adm2_pcode": "NP0440", "adm2_name": "Tanahu", "adm3_pcode": "NP0440405", "adm3_name": "Aanbu Khaireni", "adm4_pcode": null, "adm4_name": null, "name_latin": "Jalbire Bridge" }, "geometry": { "type": "LineString", "coordinates": [ [ 84.5214765, 27.8257729 ], [ 84.521499, 27.825064 ] ] } },
{ "type": "Feature", "properties": { "id": "way/1187533976", "name": "Jalbire Bridge", "name_en": null, "name_ne": null, "status": "Standing", "bridge": "yes", "bridge_structure": null, "highway": "unclassified", "railway": null, "waterway": null, "man_made": null, "layer": "1", "width": null, "maxweight": null, "source": null, "adm0_pcode": "NPL", "adm0_name": "Nepal", "adm1_pcode": "NP04", "adm1_name": "Gandaki", "adm2_pcode": "NP0440", "adm2_name": "Tanahu", "adm3_pcode": "NP0440405", "adm3_name": "Aanbu Khaireni", "adm4_pcode": null, "adm4_name": null, "name_latin": "Jalbire Bridge" }, "geometry": { "type": "LineString", "coordinates": [ [ 84.5227659, 27.8252047 ], [ 84.5227868, 27.8253106 ], [ 84.5227903, 27.8254205 ] ] } },
{ "type": "Feature", "properties": { "id": "way/341654843", "name": null, "name_en": null, "name_ne": null, "status": "Destroyed", "bridge": "yes", "bridge_structure": "simple-suspension", "highway": null, "railway": null, "waterway": null, "man_made": null, "layer": "1", "width": null, "maxweight": null, "source": null, "adm0_pcode": "NPL", "adm0_name": "Nepal", "adm1_pcode": "NP03", "adm1_name": "Bagmati", "adm2_pcode": "NP0328", "adm2_name": "Nuwakot", "adm3_pcode": "NP0328301", "adm3_name": "Bidur", "adm4_pcode": null, "adm4_name": null, "name_latin": null }, "geometry": { "type": "LineString", "coordinates": [ [ 85.1503987, 27.9278286 ], [ 85.1499169, 27.9275904 ] ] } },
{ "type": "Feature", "properties": { "id": "way/1432603259", "name": null, "name_en": null, "name_ne": null, "status": "Standing", "bridge": "yes", "bridge_structure": null, "highway": "unclassified", "railway": null, "waterway": null, "man_made": null, "layer": "1", "width": null, "maxweight": null, "source": null, "adm0_pcode": "NPL", "adm0_name": "Nepal", "adm1_pcode": "NP03", "adm1_name": "Bagmati", "adm2_pcode": "NP0330", "adm2_name": "Dhading", "adm3_pcode": "NP0330410", "adm3_name": "Galchhi", "adm4_pcode": null, "adm4_name": null, "name_latin": null }, "geometry": { "type": "LineString", "coordinates": [ [ 84.9645883, 27.8115692 ], [ 84.964863, 27.8116853 ], [ 84.9659939, 27.8122717 ] ] } },
{ "type": "Feature", "properties": { "id": "way/340503487", "name": null, "name_en": null, "name_ne": null, "status": "Destroyed", "bridge": "yes", "bridge_structure": null, "highway": null, "railway": null, "waterway": null, "man_made": null, "layer": "1", "width": null, "maxweight": null, "source": null, "adm0_pcode": "NPL", "adm0_name": "Nepal", "adm1_pcode": "NP03", "adm1_name": "Bagmati", "adm2_pcode": "NP0328", "adm2_name": "Nuwakot", "adm3_pcode": "NP0328301", "adm3_name": "Bidur", "adm4_pcode": null, "adm4_name": null, "name_latin": null }, "geometry": { "type": "LineString", "coordinates": [ [ 85.1638814, 27.9486223 ], [ 85.1638597, 27.9488026 ] ] } },
{ "type": "Feature", "properties": { "id": "way/890892793", "name": null, "name_en": null, "name_ne": null, "status": "Standing", "bridge": "yes", "bridge_structure": null, "highway": "track", "railway": null, "waterway": null, "man_made": null, "layer": "1", "width": null, "maxweight": null, "source": null, "adm0_pcode": "NPL", "adm0_name": "Nepal", "adm1_pcode": "NP03", "adm1_name": "Bagmati", "adm2_pcode": "NP0328", "adm2_name": "Nuwakot", "adm3_pcode": "NP0328403", "adm3_name": "Tarakeshwor", "adm4_pcode": null, "adm4_name": null, "name_latin": null }, "geometry": { "type": "LineString", "coordinates": [ [ 85.0251044, 27.853658 ], [ 85.0249977, 27.853679 ] ] } },
{ "type": "Feature", "properties": { "id": "way/1553667317", "name": null, "name_en": null, "name_ne": null, "status": "Standing", "bridge": "yes", "bridge_structure": null, "highway": "track", "railway": null, "waterway": null, "man_made": null, "layer": null, "width": null, "maxweight": null, "source": null, "adm0_pcode": "NPL", "adm0_name": "Nepal", "adm1_pcode": "NP03", "adm1_name": "Bagmati", "adm2_pcode": "NP0328", "adm2_name": "Nuwakot", "adm3_pcode": "NP0328302", "adm3_name": "Belkotgadhi", "adm4_pcode": null, "adm4_name": null, "name_latin": null }, "geometry": { "type": "LineString", "coordinates": [ [ 85.0219318, 27.8339898 ], [ 85.0218579, 27.8337597 ] ] } },
{ "type": "Feature", "properties": { "id": "way/1553178219", "name": null, "name_en": null, "name_ne": null, "status": "Standing", "bridge": "yes", "bridge_structure": null, "highway": "secondary", "railway": null, "waterway": null, "man_made": null, "layer": "1", "width": null, "maxweight": null, "source": null, "adm0_pcode": "NPL", "adm0_name": "Nepal", "adm1_pcode": "NP03", "adm1_name": "Bagmati", "adm2_pcode": "NP0328", "adm2_name": "Nuwakot", "adm3_pcode": "NP0328301", "adm3_name": "Bidur", "adm4_pcode": null, "adm4_name": null, "name_latin": null }, "geometry": { "type": "LineString", "coordinates": [ [ 85.1857682, 27.9745016 ], [ 85.1859216, 27.974072 ] ] } },
{ "type": "Feature", "properties": { "id": "way/248646102", "name": null, "name_en": null, "name_ne": null, "status": "Destroyed", "bridge": "yes", "bridge_structure": null, "highway": null, "railway": null, "waterway": null, "man_made": null, "layer": "1", "width": null, "maxweight": null, "source": null, "adm0_pcode": "NPL", "adm0_name": "Nepal", "adm1_pcode": "NP03", "adm1_name": "Bagmati", "adm2_pcode": "NP0329", "adm2_name": "Rasuwa", "adm3_pcode": "NP0329402", "adm3_name": "Gosaikunda", "adm4_pcode": null, "adm4_name": null, "name_latin": null }, "geometry": { "type": "LineString", "coordinates": [ [ 85.375853, 28.265815 ], [ 85.3762769, 28.2662977 ] ] } },
{ "type": "Feature", "properties": { "id": "way/1552948006", "name": null, "name_en": null, "name_ne": null, "status": "Destroyed", "bridge": "yes", "bridge_structure": null, "highway": null, "railway": null, "waterway": null, "man_made": null, "layer": "1", "width": null, "maxweight": null, "source": null, "adm0_pcode": "NPL", "adm0_name": "Nepal", "adm1_pcode": "NP03", "adm1_name": "Bagmati", "adm2_pcode": "NP0329", "adm2_name": "Rasuwa", "adm3_pcode": "NP0329402", "adm3_name": "Gosaikunda", "adm4_pcode": null, "adm4_name": null, "name_latin": null }, "geometry": { "type": "LineString", "coordinates": [ [ 85.3770914, 28.2727043 ], [ 85.3770569, 28.2727905 ] ] } },
{ "type": "Feature", "properties": { "id": "way/245248450", "name": null, "name_en": null, "name_ne": null, "status": "Destroyed", "bridge": "yes", "bridge_structure": null, "highway": null, "railway": null, "waterway": null, "man_made": null, "layer": "1", "width": null, "maxweight": null, "source": null, "adm0_pcode": "NPL", "adm0_name": "Nepal", "adm1_pcode": "NP03", "adm1_name": "Bagmati", "adm2_pcode": "NP0329", "adm2_name": "Rasuwa", "adm3_pcode": "NP0329402", "adm3_name": "Gosaikunda", "adm4_pcode": null, "adm4_name": null, "name_latin": null }, "geometry": { "type": "LineString", "coordinates": [ [ 85.3530841, 28.2001619 ], [ 85.353106, 28.2005338 ] ] } },
{ "type": "Feature", "properties": { "id": "way/1307424609", "name": null, "name_en": null, "name_ne": null, "status": "Standing", "bridge": "yes", "bridge_structure": null, "highway": "residential", "railway": null, "waterway": null, "man_made": null, "layer": "1", "width": null, "maxweight": null, "source": null, "adm0_pcode": "NPL", "adm0_name": "Nepal", "adm1_pcode": "NP04", "adm1_name": "Gandaki", "adm2_pcode": "NP0440", "adm2_name": "Tanahu", "adm3_pcode": "NP0440406", "adm3_name": "Devghat", "adm4_pcode": null, "adm4_name": null, "name_latin": null }, "geometry": { "type": "LineString", "coordinates": [ [ 84.4444777, 27.7506355 ], [ 84.4428153, 27.7518551 ] ] } },
{ "type": "Feature", "properties": { "id": "way/1485643964", "name": "लामुबालुवा पुल", "name_en": "Lamnbauluwa Bridge", "name_ne": "लामुबालुवा पुल", "status": "Standing", "bridge": "yes", "bridge_structure": null, "highway": "trunk", "railway": null, "waterway": null, "man_made": null, "layer": "1", "width": null, "maxweight": null, "source": null, "adm0_pcode": "NPL", "adm0_name": "Nepal", "adm1_pcode": "NP04", "adm1_name": "Gandaki", "adm2_pcode": "NP0440", "adm2_name": "Tanahu", "adm3_pcode": "NP0440406", "adm3_name": "Devghat", "adm4_pcode": null, "adm4_name": null, "name_latin": "Lamnbauluwa Bridge" }, "geometry": { "type": "LineString", "coordinates": [ [ 84.4317598, 27.7983805 ], [ 84.4319824, 27.7986832 ] ] } },
{ "type": "Feature", "properties": { "id": "way/1426817363", "name": "Khahare Bridge", "name_en": null, "name_ne": null, "status": "Standing", "bridge": "yes", "bridge_structure": null, "highway": "trunk", "railway": null, "waterway": null, "man_made": null, "layer": "1", "width": null, "maxweight": null, "source": null, "adm0_pcode": "NPL", "adm0_name": "Nepal", "adm1_pcode": "NP03", "adm1_name": "Bagmati", "adm2_pcode": "NP0335", "adm2_name": "Chitawan", "adm3_pcode": "NP0335101", "adm3_name": "Bharatpur", "adm4_pcode": null, "adm4_name": null, "name_latin": "Khahare Bridge" }, "geometry": { "type": "LineString", "coordinates": [ [ 84.4642446, 27.7728496 ], [ 84.4646375, 27.7726099 ] ] } },
{ "type": "Feature", "properties": { "id": "way/341479752", "name": null, "name_en": null, "name_ne": null, "status": "Standing", "bridge": "yes", "bridge_structure": null, "highway": "path", "railway": null, "waterway": null, "man_made": null, "layer": "1", "width": null, "maxweight": null, "source": null, "adm0_pcode": "NPL", "adm0_name": "Nepal", "adm1_pcode": "NP03", "adm1_name": "Bagmati", "adm2_pcode": "NP0335", "adm2_name": "Chitawan", "adm3_pcode": "NP0335101", "adm3_name": "Bharatpur", "adm4_pcode": null, "adm4_name": null, "name_latin": null }, "geometry": { "type": "LineString", "coordinates": [ [ 84.4652942, 27.7745849 ], [ 84.4657858, 27.7741194 ] ] } },
{ "type": "Feature", "properties": { "id": "way/1485643961", "name": "Khor", "name_en": null, "name_ne": null, "status": "Standing", "bridge": "yes", "bridge_structure": null, "highway": "trunk_link", "railway": null, "waterway": null, "man_made": null, "layer": "1", "width": null, "maxweight": null, "source": null, "adm0_pcode": "NPL", "adm0_name": "Nepal", "adm1_pcode": "NP04", "adm1_name": "Gandaki", "adm2_pcode": "NP0440", "adm2_name": "Tanahu", "adm3_pcode": "NP0440406", "adm3_name": "Devghat", "adm4_pcode": null, "adm4_name": null, "name_latin": "Khor" }, "geometry": { "type": "LineString", "coordinates": [ [ 84.4408713, 27.7793604 ], [ 84.4414912, 27.7793629 ] ] } },
{ "type": "Feature", "properties": { "id": "way/140332475", "name": "Khani khola", "name_en": null, "name_ne": null, "status": "Standing", "bridge": "yes", "bridge_structure": null, "highway": "trunk", "railway": null, "waterway": null, "man_made": null, "layer": "1", "width": null, "maxweight": null, "source": null, "adm0_pcode": "NPL", "adm0_name": "Nepal", "adm1_pcode": "NP04", "adm1_name": "Gandaki", "adm2_pcode": "NP0440", "adm2_name": "Tanahu", "adm3_pcode": "NP0440406", "adm3_name": "Devghat", "adm4_pcode": null, "adm4_name": null, "name_latin": "Khani khola" }, "geometry": { "type": "LineString", "coordinates": [ [ 84.4316772, 27.8019353 ], [ 84.4316432, 27.8023545 ] ] } },
{ "type": "Feature", "properties": { "id": "way/1265212911", "name": "Khani khola", "name_en": null, "name_ne": null, "status": "Standing", "bridge": "yes", "bridge_structure": null, "highway": "trunk", "railway": null, "waterway": null, "man_made": null, "layer": "1", "width": null, "maxweight": null, "source": null, "adm0_pcode": "NPL", "adm0_name": "Nepal", "adm1_pcode": "NP04", "adm1_name": "Gandaki", "adm2_pcode": "NP0440", "adm2_name": "Tanahu", "adm3_pcode": "NP0440406", "adm3_name": "Devghat", "adm4_pcode": null, "adm4_name": null, "name_latin": "Khani khola" }, "geometry": { "type": "LineString", "coordinates": [ [ 84.4317757, 27.8023619 ], [ 84.4317877, 27.8019348 ] ] } },
{ "type": "Feature", "properties": { "id": "way/140332480", "name": "लामुबालुवा पुल", "name_en": "Lamnbauluwa Bridge", "name_ne": "लामुबालुवा पुल", "status": "Standing", "bridge": "yes", "bridge_structure": null, "highway": "trunk", "railway": null, "waterway": null, "man_made": null, "layer": "1", "width": null, "maxweight": null, "source": null, "adm0_pcode": "NPL", "adm0_name": "Nepal", "adm1_pcode": "NP04", "adm1_name": "Gandaki", "adm2_pcode": "NP0440", "adm2_name": "Tanahu", "adm3_pcode": "NP0440406", "adm3_name": "Devghat", "adm4_pcode": null, "adm4_name": null, "name_latin": "Lamnbauluwa Bridge" }, "geometry": { "type": "LineString", "coordinates": [ [ 84.4320804, 27.7986447 ], [ 84.4318578, 27.798342 ] ] } },
{ "type": "Feature", "properties": { "id": "way/140332471", "name": "Khahare Bridge", "name_en": null, "name_ne": null, "status": "Standing", "bridge": "yes", "bridge_structure": null, "highway": "trunk", "railway": null, "waterway": null, "man_made": null, "layer": "1", "width": null, "maxweight": null, "source": null, "adm0_pcode": "NPL", "adm0_name": "Nepal", "adm1_pcode": "NP03", "adm1_name": "Bagmati", "adm2_pcode": "NP0335", "adm2_name": "Chitawan", "adm3_pcode": "NP0335101", "adm3_name": "Bharatpur", "adm4_pcode": null, "adm4_name": null, "name_latin": "Khahare Bridge" }, "geometry": { "type": "LineString", "coordinates": [ [ 84.4645003, 27.7724978 ], [ 84.4641398, 27.7727275 ] ] } },
{ "type": "Feature", "properties": { "id": "way/1426802349", "name": null, "name_en": null, "name_ne": null, "status": "Standing", "bridge": "yes", "bridge_structure": null, "highway": "unclassified", "railway": null, "waterway": null, "man_made": null, "layer": "1", "width": null, "maxweight": null, "source": null, "adm0_pcode": "NPL", "adm0_name": "Nepal", "adm1_pcode": "NP04", "adm1_name": "Gandaki", "adm2_pcode": "NP0440", "adm2_name": "Tanahu", "adm3_pcode": "NP0440406", "adm3_name": "Devghat", "adm4_pcode": null, "adm4_name": null, "name_latin": null }, "geometry": { "type": "LineString", "coordinates": [ [ 84.4502073, 27.7708661 ], [ 84.4502285, 27.7708053 ] ] } },
{ "type": "Feature", "properties": { "id": "way/140332477", "name": "Khor", "name_en": null, "name_ne": null, "status": "Standing", "bridge": "yes", "bridge_structure": null, "highway": "trunk", "railway": null, "waterway": null, "man_made": null, "layer": "1", "width": null, "maxweight": null, "source": null, "adm0_pcode": "NPL", "adm0_name": "Nepal", "adm1_pcode": "NP04", "adm1_name": "Gandaki", "adm2_pcode": "NP0440", "adm2_name": "Tanahu", "adm3_pcode": "NP0440406", "adm3_name": "Devghat", "adm4_pcode": null, "adm4_name": null, "name_latin": "Khor" }, "geometry": { "type": "LineString", "coordinates": [ [ 84.4408866, 27.7794857 ], [ 84.4415064, 27.7794882 ] ] } },
{ "type": "Feature", "properties": { "id": "way/1552948009", "name": null, "name_en": null, "name_ne": null, "status": "Destroyed", "bridge": "yes", "bridge_structure": null, "highway": null, "railway": null, "waterway": null, "man_made": null, "layer": "1", "width": null, "maxweight": null, "source": null, "adm0_pcode": "NPL", "adm0_name": "Nepal", "adm1_pcode": "NP03", "adm1_name": "Bagmati", "adm2_pcode": "NP0329", "adm2_name": "Rasuwa", "adm3_pcode": "NP0329402", "adm3_name": "Gosaikunda", "adm4_pcode": null, "adm4_name": null, "name_latin": null }, "geometry": { "type": "LineString", "coordinates": [ [ 85.3766956, 28.2728414 ], [ 85.3767872, 28.2727594 ] ] } },
{ "type": "Feature", "properties": { "id": "way/209014516", "name": null, "name_en": null, "name_ne": null, "status": "Standing", "bridge": "yes", "bridge_structure": "suspension", "highway": "footway", "railway": null, "waterway": null, "man_made": null, "layer": "1", "width": null, "maxweight": null, "source": null, "adm0_pcode": "NPL", "adm0_name": "Nepal", "adm1_pcode": "NP03", "adm1_name": "Bagmati", "adm2_pcode": "NP0328", "adm2_name": "Nuwakot", "adm3_pcode": "NP0328302", "adm3_name": "Belkotgadhi", "adm4_pcode": null, "adm4_name": null, "name_latin": null }, "geometry": { "type": "LineString", "coordinates": [ [ 85.027894, 27.8474098 ], [ 85.027262, 27.8481327 ], [ 85.0266836, 27.8488565 ] ] } },
{ "type": "Feature", "properties": { "id": "way/1553509538", "name": null, "name_en": null, "name_ne": null, "status": "Standing", "bridge": "yes", "bridge_structure": null, "highway": "unclassified", "railway": null, "waterway": null, "man_made": null, "layer": "1", "width": null, "maxweight": null, "source": null, "adm0_pcode": "NPL", "adm0_name": "Nepal", "adm1_pcode": "NP03", "adm1_name": "Bagmati", "adm2_pcode": "NP0328", "adm2_name": "Nuwakot", "adm3_pcode": "NP0328403", "adm3_name": "Tarakeshwor", "adm4_pcode": null, "adm4_name": null, "name_latin": null }, "geometry": { "type": "LineString", "coordinates": [ [ 85.0421593, 27.8550939 ], [ 85.0417623, 27.8554757 ], [ 85.0414512, 27.855765 ], [ 85.0412446, 27.8559927 ], [ 85.040904, 27.8563863 ], [ 85.0407752, 27.856572 ] ] } },
{ "type": "Feature", "properties": { "id": "way/340856784", "name": "Keurintar Hanging Bridge", "name_en": null, "name_ne": null, "status": "Standing", "bridge": "yes", "bridge_structure": null, "highway": "footway", "railway": null, "waterway": null, "man_made": null, "layer": "1", "width": null, "maxweight": null, "source": null, "adm0_pcode": "NPL", "adm0_name": "Nepal", "adm1_pcode": "NP03", "adm1_name": "Bagmati", "adm2_pcode": "NP0330", "adm2_name": "Dhading", "adm3_pcode": "NP0330410", "adm3_name": "Galchhi", "adm4_pcode": null, "adm4_name": null, "name_latin": "Keurintar Hanging Bridge" }, "geometry": { "type": "LineString", "coordinates": [ [ 84.9614288, 27.8158454 ], [ 84.9623114, 27.8172114 ] ] } },
{ "type": "Feature", "properties": { "id": "way/1022532586", "name": null, "name_en": null, "name_ne": null, "status": "Standing", "bridge": "yes", "bridge_structure": null, "highway": "path", "railway": null, "waterway": null, "man_made": null, "layer": "1", "width": null, "maxweight": null, "source": null, "adm0_pcode": "NPL", "adm0_name": "Nepal", "adm1_pcode": "NP04", "adm1_name": "Gandaki", "adm2_pcode": "NP0440", "adm2_name": "Tanahu", "adm3_pcode": "NP0440406", "adm3_name": "Devghat", "adm4_pcode": null, "adm4_name": null, "name_latin": null }, "geometry": { "type": "LineString", "coordinates": [ [ 84.4318065, 27.8069741 ], [ 84.431144, 27.8071568 ], [ 84.4303662, 27.807375 ] ] } },
{ "type": "Feature", "properties": { "id": "way/341771090", "name": null, "name_en": null, "name_ne": null, "status": "Standing", "bridge": "yes", "bridge_structure": null, "highway": "unclassified", "railway": null, "waterway": null, "man_made": null, "layer": "1", "width": null, "maxweight": null, "source": "Bing", "adm0_pcode": "NPL", "adm0_name": "Nepal", "adm1_pcode": "NP03", "adm1_name": "Bagmati", "adm2_pcode": "NP0329", "adm2_name": "Rasuwa", "adm3_pcode": "NP0329403", "adm3_name": "Uttargaya", "adm4_pcode": null, "adm4_name": null, "name_latin": null }, "geometry": { "type": "LineString", "coordinates": [ [ 85.1828577, 28.0192545 ], [ 85.1830896, 28.0194501 ] ] } },
{ "type": "Feature", "properties": { "id": "way/84566285", "name": "Pasang Lhamu Highway", "name_en": null, "name_ne": null, "status": "Destroyed", "bridge": "yes", "bridge_structure": null, "highway": null, "railway": null, "waterway": null, "man_made": null, "layer": "1", "width": null, "maxweight": null, "source": null, "adm0_pcode": "NPL", "adm0_name": "Nepal", "adm1_pcode": "NP03", "adm1_name": "Bagmati", "adm2_pcode": "NP0329", "adm2_name": "Rasuwa", "adm3_pcode": "NP0329402", "adm3_name": "Gosaikunda", "adm4_pcode": null, "adm4_name": null, "name_latin": "Pasang Lhamu Highway" }, "geometry": { "type": "LineString", "coordinates": [ [ 85.3324711, 28.1576481 ], [ 85.3325784, 28.1570978 ] ] } },
{ "type": "Feature", "properties": { "id": "way/1553974283", "name": null, "name_en": null, "name_ne": null, "status": "Standing", "bridge": "yes", "bridge_structure": null, "highway": "unclassified", "railway": null, "waterway": null, "man_made": null, "layer": null, "width": null, "maxweight": null, "source": null, "adm0_pcode": "NPL", "adm0_name": "Nepal", "adm1_pcode": "NP03", "adm1_name": "Bagmati", "adm2_pcode": "NP0328", "adm2_name": "Nuwakot", "adm3_pcode": "NP0328402", "adm3_name": "Kispang", "adm4_pcode": null, "adm4_name": null, "name_latin": null }, "geometry": { "type": "LineString", "coordinates": [ [ 85.1848541, 27.9956235 ], [ 85.1852055, 27.9953511 ] ] } },
{ "type": "Feature", "properties": { "id": "way/1443180803", "name": "热索桥 रसुवागढी मितेरी पुल", "name_en": "Resuo Bridge", "name_ne": "रसुवागढी मितेरी पुल", "status": "Destroyed", "bridge": "yes", "bridge_structure": null, "highway": null, "railway": null, "waterway": null, "man_made": null, "layer": "1", "width": null, "maxweight": null, "source": null, "adm0_pcode": "NPL", "adm0_name": "Nepal", "adm1_pcode": "NP03", "adm1_name": "Bagmati", "adm2_pcode": "NP0329", "adm2_name": "Rasuwa", "adm3_pcode": "NP0329402", "adm3_name": "Gosaikunda", "adm4_pcode": null, "adm4_name": null, "name_latin": "Resuo Bridge" }, "geometry": { "type": "LineString", "coordinates": [ [ 85.3782266, 28.2782559 ], [ 85.3779083, 28.2790741 ] ] } },
{ "type": "Feature", "properties": { "id": "way/303036276", "name": null, "name_en": null, "name_ne": null, "status": "Standing", "bridge": "yes", "bridge_structure": null, "highway": "tertiary", "railway": null, "waterway": null, "man_made": null, "layer": "1", "width": null, "maxweight": null, "source": null, "adm0_pcode": "NPL", "adm0_name": "Nepal", "adm1_pcode": "NP03", "adm1_name": "Bagmati", "adm2_pcode": "NP0328", "adm2_name": "Nuwakot", "adm3_pcode": "NP0328301", "adm3_name": "Bidur", "adm4_pcode": null, "adm4_name": null, "name_latin": null }, "geometry": { "type": "LineString", "coordinates": [ [ 85.1368841, 27.8924312 ], [ 85.1358953, 27.892215 ] ] } },
{ "type": "Feature", "properties": { "id": "way/886704211", "name": null, "name_en": null, "name_ne": null, "status": "Destroyed", "bridge": "yes", "bridge_structure": null, "highway": null, "railway": null, "waterway": null, "man_made": null, "layer": "1", "width": null, "maxweight": null, "source": null, "adm0_pcode": "NPL", "adm0_name": "Nepal", "adm1_pcode": "NP03", "adm1_name": "Bagmati", "adm2_pcode": "NP0329", "adm2_name": "Rasuwa", "adm3_pcode": "NP0329401", "adm3_name": "Aamachhodingmo", "adm4_pcode": null, "adm4_name": null, "name_latin": null }, "geometry": { "type": "LineString", "coordinates": [ [ 85.3432393, 28.182402 ], [ 85.3438407, 28.1822114 ] ] } },
{ "type": "Feature", "properties": { "id": "way/1553404548", "name": null, "name_en": null, "name_ne": null, "status": "Standing", "bridge": "yes", "bridge_structure": null, "highway": "residential", "railway": null, "waterway": null, "man_made": null, "layer": "1", "width": null, "maxweight": null, "source": null, "adm0_pcode": "NPL", "adm0_name": "Nepal", "adm1_pcode": "NP03", "adm1_name": "Bagmati", "adm2_pcode": "NP0330", "adm2_name": "Dhading", "adm3_pcode": "NP0330410", "adm3_name": "Galchhi", "adm4_pcode": null, "adm4_name": null, "name_latin": null }, "geometry": { "type": "LineString", "coordinates": [ [ 84.9672094, 27.8165098 ], [ 84.9674025, 27.8165494 ] ] } },
{ "type": "Feature", "properties": { "id": "way/1553090327", "name": null, "name_en": null, "name_ne": null, "status": "Standing", "bridge": "yes", "bridge_structure": null, "highway": "primary", "railway": null, "waterway": null, "man_made": null, "layer": "1", "width": null, "maxweight": null, "source": null, "adm0_pcode": "NPL", "adm0_name": "Nepal", "adm1_pcode": "NP03", "adm1_name": "Bagmati", "adm2_pcode": "NP0328", "adm2_name": "Nuwakot", "adm3_pcode": "NP0328301", "adm3_name": "Bidur", "adm4_pcode": null, "adm4_name": null, "name_latin": null }, "geometry": { "type": "LineString", "coordinates": [ [ 85.1455679, 27.9056923 ], [ 85.1457243, 27.9054072 ] ] } },
{ "type": "Feature", "properties": { "id": "way/1408714156", "name": null, "name_en": null, "name_ne": null, "status": "Standing", "bridge": "yes", "bridge_structure": "simple-suspension", "highway": "path", "railway": null, "waterway": null, "man_made": null, "layer": "1", "width": null, "maxweight": null, "source": null, "adm0_pcode": "NPL", "adm0_name": "Nepal", "adm1_pcode": "NP04", "adm1_name": "Gandaki", "adm2_pcode": "NP0436", "adm2_name": "Gorkha", "adm3_pcode": "NP0436409", "adm3_name": "Gandaki", "adm4_pcode": null, "adm4_name": null, "name_latin": null }, "geometry": { "type": "LineString", "coordinates": [ [ 84.6907416, 27.8104948 ], [ 84.6904922, 27.8092018 ] ] } },
{ "type": "Feature", "properties": { "id": "way/1553097543", "name": null, "name_en": null, "name_ne": null, "status": "Standing", "bridge": "yes", "bridge_structure": null, "highway": "residential", "railway": null, "waterway": null, "man_made": null, "layer": "1", "width": null, "maxweight": null, "source": null, "adm0_pcode": "NPL", "adm0_name": "Nepal", "adm1_pcode": "NP03", "adm1_name": "Bagmati", "adm2_pcode": "NP0328", "adm2_name": "Nuwakot", "adm3_pcode": "NP0328301", "adm3_name": "Bidur", "adm4_pcode": null, "adm4_name": null, "name_latin": null }, "geometry": { "type": "LineString", "coordinates": [ [ 85.081189, 27.8544481 ], [ 85.0808726, 27.8544513 ] ] } },
{ "type": "Feature", "properties": { "id": "way/1553613629", "name": null, "name_en": null, "name_ne": null, "status": "Standing", "bridge": "yes", "bridge_structure": null, "highway": "unclassified", "railway": null, "waterway": null, "man_made": null, "layer": "1", "width": null, "maxweight": null, "source": null, "adm0_pcode": "NPL", "adm0_name": "Nepal", "adm1_pcode": "NP03", "adm1_name": "Bagmati", "adm2_pcode": "NP0330", "adm2_name": "Dhading", "adm3_pcode": "NP0330410", "adm3_name": "Galchhi", "adm4_pcode": null, "adm4_name": null, "name_latin": null }, "geometry": { "type": "LineString", "coordinates": [ [ 85.0029952, 27.8023878 ], [ 85.0026049, 27.80295 ] ] } },
{ "type": "Feature", "properties": { "id": "way/209012932", "name": null, "name_en": null, "name_ne": null, "status": "Standing", "bridge": "yes", "bridge_structure": null, "highway": "primary", "railway": null, "waterway": null, "man_made": null, "layer": "1", "width": null, "maxweight": null, "source": null, "adm0_pcode": "NPL", "adm0_name": "Nepal", "adm1_pcode": "NP03", "adm1_name": "Bagmati", "adm2_pcode": "NP0330", "adm2_name": "Dhading", "adm3_pcode": "NP0330410", "adm3_name": "Galchhi", "adm4_pcode": null, "adm4_name": null, "name_latin": null }, "geometry": { "type": "LineString", "coordinates": [ [ 85.0011862, 27.8003704 ], [ 85.0007459, 27.8001838 ] ] } },
{ "type": "Feature", "properties": { "id": "way/1553951066", "name": "Army Road", "name_en": null, "name_ne": null, "status": "Standing", "bridge": "yes", "bridge_structure": null, "highway": "unclassified", "railway": null, "waterway": null, "man_made": null, "layer": null, "width": null, "maxweight": null, "source": null, "adm0_pcode": "NPL", "adm0_name": "Nepal", "adm1_pcode": "NP03", "adm1_name": "Bagmati", "adm2_pcode": "NP0329", "adm2_name": "Rasuwa", "adm3_pcode": "NP0329404", "adm3_name": "Kalika", "adm4_pcode": null, "adm4_name": null, "name_latin": "Army Road" }, "geometry": { "type": "LineString", "coordinates": [ [ 85.2226888, 28.0819418 ], [ 85.2225566, 28.0818488 ] ] } },
{ "type": "Feature", "properties": { "id": "way/1033190356", "name": null, "name_en": null, "name_ne": null, "status": "Destroyed", "bridge": "yes", "bridge_structure": null, "highway": null, "railway": null, "waterway": null, "man_made": null, "layer": "1", "width": null, "maxweight": null, "source": null, "adm0_pcode": "NPL", "adm0_name": "Nepal", "adm1_pcode": "NP03", "adm1_name": "Bagmati", "adm2_pcode": "NP0329", "adm2_name": "Rasuwa", "adm3_pcode": "NP0329402", "adm3_name": "Gosaikunda", "adm4_pcode": null, "adm4_name": null, "name_latin": null }, "geometry": { "type": "LineString", "coordinates": [ [ 85.3581165, 28.2398432 ], [ 85.3585747, 28.2398534 ] ] } },
{ "type": "Feature", "properties": { "id": "way/1552952263", "name": null, "name_en": null, "name_ne": null, "status": "Destroyed", "bridge": "yes", "bridge_structure": null, "highway": null, "railway": null, "waterway": null, "man_made": null, "layer": "1", "width": null, "maxweight": null, "source": null, "adm0_pcode": "NPL", "adm0_name": "Nepal", "adm1_pcode": "NP03", "adm1_name": "Bagmati", "adm2_pcode": "NP0329", "adm2_name": "Rasuwa", "adm3_pcode": "NP0329402", "adm3_name": "Gosaikunda", "adm4_pcode": null, "adm4_name": null, "name_latin": null }, "geometry": { "type": "LineString", "coordinates": [ [ 85.3767829, 28.2657885 ], [ 85.376759, 28.2657062 ] ] } },
{ "type": "Feature", "properties": { "id": "way/1553053157", "name": null, "name_en": null, "name_ne": null, "status": "Destroyed", "bridge": "yes", "bridge_structure": null, "highway": null, "railway": null, "waterway": null, "man_made": null, "layer": "1", "width": null, "maxweight": null, "source": null, "adm0_pcode": "NPL", "adm0_name": "Nepal", "adm1_pcode": "NP03", "adm1_name": "Bagmati", "adm2_pcode": "NP0328", "adm2_name": "Nuwakot", "adm3_pcode": "NP0328301", "adm3_name": "Bidur", "adm4_pcode": null, "adm4_name": null, "name_latin": null }, "geometry": { "type": "LineString", "coordinates": [ [ 85.0991726, 27.8602551 ], [ 85.0990391, 27.8599522 ], [ 85.0988846, 27.8596072 ], [ 85.0986203, 27.8590681 ], [ 85.0982968, 27.8585269 ] ] } },
{ "type": "Feature", "properties": { "id": "way/1017959928", "name": null, "name_en": null, "name_ne": null, "status": "Destroyed", "bridge": "yes", "bridge_structure": null, "highway": null, "railway": null, "waterway": null, "man_made": null, "layer": "1", "width": null, "maxweight": "40", "source": "GPS", "adm0_pcode": "NPL", "adm0_name": "Nepal", "adm1_pcode": "NP03", "adm1_name": "Bagmati", "adm2_pcode": "NP0329", "adm2_name": "Rasuwa", "adm3_pcode": "NP0329402", "adm3_name": "Gosaikunda", "adm4_pcode": null, "adm4_name": null, "name_latin": null }, "geometry": { "type": "LineString", "coordinates": [ [ 85.3401547, 28.1640037 ], [ 85.3398138, 28.1644629 ] ] } },
{ "type": "Feature", "properties": { "id": "way/248646100", "name": null, "name_en": null, "name_ne": null, "status": "Destroyed", "bridge": "yes", "bridge_structure": "suspension", "highway": null, "railway": null, "waterway": null, "man_made": null, "layer": "1", "width": null, "maxweight": null, "source": null, "adm0_pcode": "NPL", "adm0_name": "Nepal", "adm1_pcode": "NP03", "adm1_name": "Bagmati", "adm2_pcode": "NP0329", "adm2_name": "Rasuwa", "adm3_pcode": "NP0329402", "adm3_name": "Gosaikunda", "adm4_pcode": null, "adm4_name": null, "name_latin": null }, "geometry": { "type": "LineString", "coordinates": [ [ 85.3593715, 28.2342614 ], [ 85.359624, 28.2345136 ] ] } },
{ "type": "Feature", "properties": { "id": "way/344159590", "name": null, "name_en": null, "name_ne": null, "status": "Standing", "bridge": "yes", "bridge_structure": "simple-suspension", "highway": "path", "railway": null, "waterway": null, "man_made": null, "layer": "1", "width": null, "maxweight": null, "source": null, "adm0_pcode": "NPL", "adm0_name": "Nepal", "adm1_pcode": "NP03", "adm1_name": "Bagmati", "adm2_pcode": "NP0330", "adm2_name": "Dhading", "adm3_pcode": "NP0330408", "adm3_name": "Benighat Rorang", "adm4_pcode": null, "adm4_name": null, "name_latin": null }, "geometry": { "type": "LineString", "coordinates": [ [ 84.7156527, 27.8011564 ], [ 84.7150708, 27.8021443 ] ] } },
{ "type": "Feature", "properties": { "id": "way/1553577791", "name": null, "name_en": null, "name_ne": null, "status": "Standing", "bridge": "yes", "bridge_structure": "simple-suspension", "highway": "footway", "railway": null, "waterway": null, "man_made": null, "layer": "1", "width": null, "maxweight": null, "source": null, "adm0_pcode": "NPL", "adm0_name": "Nepal", "adm1_pcode": "NP03", "adm1_name": "Bagmati", "adm2_pcode": "NP0330", "adm2_name": "Dhading", "adm3_pcode": "NP0330408", "adm3_name": "Benighat Rorang", "adm4_pcode": null, "adm4_name": null, "name_latin": null }, "geometry": { "type": "LineString", "coordinates": [ [ 84.676824, 27.8152004 ], [ 84.6775257, 27.8160212 ] ] } },
{ "type": "Feature", "properties": { "id": "way/1554701360", "name": null, "name_en": null, "name_ne": null, "status": "Standing", "bridge": "yes", "bridge_structure": null, "highway": "path", "railway": null, "waterway": null, "man_made": null, "layer": null, "width": null, "maxweight": null, "source": null, "adm0_pcode": "NPL", "adm0_name": "Nepal", "adm1_pcode": "NP03", "adm1_name": "Bagmati", "adm2_pcode": "NP0329", "adm2_name": "Rasuwa", "adm3_pcode": "NP0329403", "adm3_name": "Uttargaya", "adm4_pcode": null, "adm4_name": null, "name_latin": null }, "geometry": { "type": "LineString", "coordinates": [ [ 85.1807423, 28.0219977 ], [ 85.180454, 28.0220226 ] ] } },
{ "type": "Feature", "properties": { "id": "way/1553092937", "name": null, "name_en": null, "name_ne": null, "status": "Standing", "bridge": "yes", "bridge_structure": null, "highway": "primary", "railway": null, "waterway": null, "man_made": null, "layer": "1", "width": null, "maxweight": null, "source": null, "adm0_pcode": "NPL", "adm0_name": "Nepal", "adm1_pcode": "NP03", "adm1_name": "Bagmati", "adm2_pcode": "NP0328", "adm2_name": "Nuwakot", "adm3_pcode": "NP0328301", "adm3_name": "Bidur", "adm4_pcode": null, "adm4_name": null, "name_latin": null }, "geometry": { "type": "LineString", "coordinates": [ [ 85.1534894, 27.9232897 ], [ 85.1536976, 27.9235306 ] ] } },
{ "type": "Feature", "properties": { "id": "way/1554701359", "name": null, "name_en": null, "name_ne": null, "status": "Standing", "bridge": "yes", "bridge_structure": null, "highway": "path", "railway": null, "waterway": null, "man_made": null, "layer": null, "width": null, "maxweight": null, "source": null, "adm0_pcode": "NPL", "adm0_name": "Nepal", "adm1_pcode": "NP03", "adm1_name": "Bagmati", "adm2_pcode": "NP0329", "adm2_name": "Rasuwa", "adm3_pcode": "NP0329403", "adm3_name": "Uttargaya", "adm4_pcode": null, "adm4_name": null, "name_latin": null }, "geometry": { "type": "LineString", "coordinates": [ [ 85.1803225, 28.0212838 ], [ 85.1795876, 28.0207913 ] ] } },
{ "type": "Feature", "properties": { "id": "way/341768633", "name": null, "name_en": null, "name_ne": null, "status": "Standing", "bridge": "yes", "bridge_structure": null, "highway": "primary", "railway": null, "waterway": null, "man_made": null, "layer": "1", "width": null, "maxweight": null, "source": null, "adm0_pcode": "NPL", "adm0_name": "Nepal", "adm1_pcode": "NP03", "adm1_name": "Bagmati", "adm2_pcode": "NP0328", "adm2_name": "Nuwakot", "adm3_pcode": "NP0328301", "adm3_name": "Bidur", "adm4_pcode": null, "adm4_name": null, "name_latin": null }, "geometry": { "type": "LineString", "coordinates": [ [ 85.0812811, 27.8545515 ], [ 85.0809521, 27.8545329 ] ] } },
{ "type": "Feature", "properties": { "id": "way/341049679", "name": null, "name_en": null, "name_ne": null, "status": "Destroyed", "bridge": "yes", "bridge_structure": "simple-suspension", "highway": null, "railway": null, "waterway": null, "man_made": null, "layer": "1", "width": null, "maxweight": null, "source": "Digital Globe,2015-05-03", "adm0_pcode": "NPL", "adm0_name": "Nepal", "adm1_pcode": "NP03", "adm1_name": "Bagmati", "adm2_pcode": "NP0328", "adm2_name": "Nuwakot", "adm3_pcode": "NP0328301", "adm3_name": "Bidur", "adm4_pcode": null, "adm4_name": null, "name_latin": null }, "geometry": { "type": "LineString", "coordinates": [ [ 85.1850809, 27.9724338 ], [ 85.1839585, 27.9725259 ] ] } },
{ "type": "Feature", "properties": { "id": "way/343722610", "name": null, "name_en": null, "name_ne": null, "status": "Standing", "bridge": "yes", "bridge_structure": null, "highway": "path", "railway": null, "waterway": null, "man_made": null, "layer": "1", "width": null, "maxweight": null, "source": null, "adm0_pcode": "NPL", "adm0_name": "Nepal", "adm1_pcode": "NP03", "adm1_name": "Bagmati", "adm2_pcode": "NP0330", "adm2_name": "Dhading", "adm3_pcode": "NP0330407", "adm3_name": "Siddhalek", "adm4_pcode": null, "adm4_name": null, "name_latin": null }, "geometry": { "type": "LineString", "coordinates": [ [ 84.8713272, 27.8037986 ], [ 84.871928, 27.802575 ] ] } },
{ "type": "Feature", "properties": { "id": "way/340465627", "name": null, "name_en": null, "name_ne": null, "status": "Standing", "bridge": "yes", "bridge_structure": null, "highway": "unclassified", "railway": null, "waterway": null, "man_made": null, "layer": "1", "width": null, "maxweight": null, "source": null, "adm0_pcode": "NPL", "adm0_name": "Nepal", "adm1_pcode": "NP03", "adm1_name": "Bagmati", "adm2_pcode": "NP0329", "adm2_name": "Rasuwa", "adm3_pcode": "NP0329403", "adm3_name": "Uttargaya", "adm4_pcode": null, "adm4_name": null, "name_latin": null }, "geometry": { "type": "LineString", "coordinates": [ [ 85.1940263, 28.0411414 ], [ 85.1939692, 28.0410049 ] ] } },
{ "type": "Feature", "properties": { "id": "way/937405880", "name": null, "name_en": null, "name_ne": null, "status": "Destroyed", "bridge": "yes", "bridge_structure": null, "highway": null, "railway": null, "waterway": null, "man_made": null, "layer": "1", "width": null, "maxweight": null, "source": null, "adm0_pcode": "NPL", "adm0_name": "Nepal", "adm1_pcode": "NP03", "adm1_name": "Bagmati", "adm2_pcode": "NP0329", "adm2_name": "Rasuwa", "adm3_pcode": "NP0329402", "adm3_name": "Gosaikunda", "adm4_pcode": null, "adm4_name": null, "name_latin": null }, "geometry": { "type": "LineString", "coordinates": [ [ 85.3642275, 28.2519329 ], [ 85.3643247, 28.2520836 ] ] } },
{ "type": "Feature", "properties": { "id": "way/341375565", "name": null, "name_en": null, "name_ne": null, "status": "Standing", "bridge": "yes", "bridge_structure": null, "highway": "footway", "railway": null, "waterway": null, "man_made": null, "layer": "1", "width": null, "maxweight": null, "source": null, "adm0_pcode": "NPL", "adm0_name": "Nepal", "adm1_pcode": "NP03", "adm1_name": "Bagmati", "adm2_pcode": "NP0330", "adm2_name": "Dhading", "adm3_pcode": "NP0330407", "adm3_name": "Siddhalek", "adm4_pcode": null, "adm4_name": null, "name_latin": null }, "geometry": { "type": "LineString", "coordinates": [ [ 84.9040641, 27.8062836 ], [ 84.9041882, 27.8081074 ] ] } },
{ "type": "Feature", "properties": { "id": "way/340465628", "name": null, "name_en": null, "name_ne": null, "status": "Standing", "bridge": "yes", "bridge_structure": null, "highway": "unclassified", "railway": null, "waterway": null, "man_made": null, "layer": "1", "width": null, "maxweight": null, "source": null, "adm0_pcode": "NPL", "adm0_name": "Nepal", "adm1_pcode": "NP03", "adm1_name": "Bagmati", "adm2_pcode": "NP0329", "adm2_name": "Rasuwa", "adm3_pcode": "NP0329404", "adm3_name": "Kalika", "adm4_pcode": null, "adm4_name": null, "name_latin": null }, "geometry": { "type": "LineString", "coordinates": [ [ 85.206367, 28.0530559 ], [ 85.2062626, 28.0529345 ] ] } },
{ "type": "Feature", "properties": { "id": "way/341170660", "name": null, "name_en": null, "name_ne": null, "status": "Destroyed", "bridge": "yes", "bridge_structure": "beam", "highway": null, "railway": null, "waterway": null, "man_made": null, "layer": "1", "width": null, "maxweight": null, "source": null, "adm0_pcode": "NPL", "adm0_name": "Nepal", "adm1_pcode": "NP03", "adm1_name": "Bagmati", "adm2_pcode": "NP0328", "adm2_name": "Nuwakot", "adm3_pcode": "NP0328301", "adm3_name": "Bidur", "adm4_pcode": null, "adm4_name": null, "name_latin": null }, "geometry": { "type": "LineString", "coordinates": [ [ 85.163916, 27.9553824 ], [ 85.1638121, 27.9555995 ], [ 85.1635697, 27.9561208 ] ] } },
{ "type": "Feature", "properties": { "id": "way/695709585", "name": null, "name_en": null, "name_ne": null, "status": "Standing", "bridge": "yes", "bridge_structure": "truss", "highway": "unclassified", "railway": null, "waterway": null, "man_made": null, "layer": "1", "width": null, "maxweight": null, "source": null, "adm0_pcode": "NPL", "adm0_name": "Nepal", "adm1_pcode": "NP04", "adm1_name": "Gandaki", "adm2_pcode": "NP0440", "adm2_name": "Tanahu", "adm3_pcode": "NP0440406", "adm3_name": "Devghat", "adm4_pcode": null, "adm4_name": null, "name_latin": null }, "geometry": { "type": "LineString", "coordinates": [ [ 84.448172, 27.779044 ], [ 84.4480553, 27.7773544 ] ] } },
{ "type": "Feature", "properties": { "id": "way/1426817350", "name": "Bharatpur-Mugling Highway", "name_en": null, "name_ne": null, "status": "Standing", "bridge": "yes", "bridge_structure": null, "highway": "trunk", "railway": null, "waterway": null, "man_made": null, "layer": "1", "width": null, "maxweight": null, "source": null, "adm0_pcode": "NPL", "adm0_name": "Nepal", "adm1_pcode": "NP03", "adm1_name": "Bagmati", "adm2_pcode": "NP0335", "adm2_name": "Chitawan", "adm3_pcode": "NP0335101", "adm3_name": "Bharatpur", "adm4_pcode": null, "adm4_name": null, "name_latin": "Bharatpur-Mugling Highway" }, "geometry": { "type": "LineString", "coordinates": [ [ 84.4701273, 27.7667444 ], [ 84.4703554, 27.7662294 ] ] } },
{ "type": "Feature", "properties": { "id": "way/1554491916", "name": null, "name_en": null, "name_ne": null, "status": "Standing", "bridge": "yes", "bridge_structure": null, "highway": "path", "railway": null, "waterway": null, "man_made": null, "layer": "1", "width": null, "maxweight": null, "source": null, "adm0_pcode": "NPL", "adm0_name": "Nepal", "adm1_pcode": "NP04", "adm1_name": "Gandaki", "adm2_pcode": "NP0436", "adm2_name": "Gorkha", "adm3_pcode": "NP0436409", "adm3_name": "Gandaki", "adm4_pcode": null, "adm4_name": null, "name_latin": null }, "geometry": { "type": "LineString", "coordinates": [ [ 84.7552227, 27.809336 ], [ 84.7569304, 27.8084913 ] ] } },
{ "type": "Feature", "properties": { "id": "way/1553912424", "name": null, "name_en": null, "name_ne": null, "status": "Standing", "bridge": "yes", "bridge_structure": null, "highway": "trunk", "railway": null, "waterway": null, "man_made": null, "layer": "1", "width": null, "maxweight": null, "source": null, "adm0_pcode": "NPL", "adm0_name": "Nepal", "adm1_pcode": "NP03", "adm1_name": "Bagmati", "adm2_pcode": "NP0335", "adm2_name": "Chitawan", "adm3_pcode": "NP0335101", "adm3_name": "Bharatpur", "adm4_pcode": null, "adm4_name": null, "name_latin": null }, "geometry": { "type": "LineString", "coordinates": [ [ 84.4447213, 27.8206316 ], [ 84.4443995, 27.8201666 ] ] } },
{ "type": "Feature", "properties": { "id": "way/671340085", "name": "Bharatpur-Mugling Highway", "name_en": null, "name_ne": null, "status": "Standing", "bridge": "yes", "bridge_structure": "beam", "highway": "trunk", "railway": null, "waterway": null, "man_made": null, "layer": "1", "width": null, "maxweight": null, "source": null, "adm0_pcode": "NPL", "adm0_name": "Nepal", "adm1_pcode": "NP03", "adm1_name": "Bagmati", "adm2_pcode": "NP0335", "adm2_name": "Chitawan", "adm3_pcode": "NP0335101", "adm3_name": "Bharatpur", "adm4_pcode": null, "adm4_name": null, "name_latin": "Bharatpur-Mugling Highway" }, "geometry": { "type": "LineString", "coordinates": [ [ 84.4566347, 27.8186971 ], [ 84.4557732, 27.818894 ] ] } },
{ "type": "Feature", "properties": { "id": "way/1553613627", "name": null, "name_en": null, "name_ne": null, "status": "Standing", "bridge": "yes", "bridge_structure": null, "highway": "unclassified", "railway": null, "waterway": null, "man_made": null, "layer": "1", "width": null, "maxweight": null, "source": null, "adm0_pcode": "NPL", "adm0_name": "Nepal", "adm1_pcode": "NP03", "adm1_name": "Bagmati", "adm2_pcode": "NP0330", "adm2_name": "Dhading", "adm3_pcode": "NP0330410", "adm3_name": "Galchhi", "adm4_pcode": null, "adm4_name": null, "name_latin": null }, "geometry": { "type": "LineString", "coordinates": [ [ 85.0035517, 27.8017459 ], [ 85.0029952, 27.8023878 ] ] } },
{ "type": "Feature", "properties": { "id": "way/1553779008", "name": null, "name_en": null, "name_ne": null, "status": "Standing", "bridge": "yes", "bridge_structure": null, "highway": "unclassified", "railway": null, "waterway": null, "man_made": null, "layer": "1", "width": null, "maxweight": null, "source": null, "adm0_pcode": "NPL", "adm0_name": "Nepal", "adm1_pcode": "NP03", "adm1_name": "Bagmati", "adm2_pcode": "NP0330", "adm2_name": "Dhading", "adm3_pcode": "NP0330409", "adm3_name": "Gajuri", "adm4_pcode": null, "adm4_name": null, "name_latin": null }, "geometry": { "type": "LineString", "coordinates": [ [ 84.9234765, 27.801972 ], [ 84.923548, 27.8020019 ] ] } },
{ "type": "Feature", "properties": { "id": "way/344058103", "name": null, "name_en": null, "name_ne": null, "status": "Standing", "bridge": "yes", "bridge_structure": null, "highway": "footway", "railway": null, "waterway": null, "man_made": null, "layer": "1", "width": null, "maxweight": null, "source": null, "adm0_pcode": "NPL", "adm0_name": "Nepal", "adm1_pcode": "NP03", "adm1_name": "Bagmati", "adm2_pcode": "NP0330", "adm2_name": "Dhading", "adm3_pcode": "NP0330407", "adm3_name": "Siddhalek", "adm4_pcode": null, "adm4_name": null, "name_latin": null }, "geometry": { "type": "LineString", "coordinates": [ [ 84.8802441, 27.8104523 ], [ 84.8803572, 27.8100922 ], [ 84.8805072, 27.8097176 ], [ 84.8809845, 27.8088143 ] ] } },
{ "type": "Feature", "properties": { "id": "way/340475093", "name": null, "name_en": null, "name_ne": null, "status": "Standing", "bridge": "yes", "bridge_structure": "simple-suspension", "highway": "path", "railway": null, "waterway": null, "man_made": null, "layer": "1", "width": null, "maxweight": null, "source": null, "adm0_pcode": "NPL", "adm0_name": "Nepal", "adm1_pcode": "NP03", "adm1_name": "Bagmati", "adm2_pcode": "NP0335", "adm2_name": "Chitawan", "adm3_pcode": "NP0335401", "adm3_name": "Ichchha Kamana", "adm4_pcode": null, "adm4_name": null, "name_latin": null }, "geometry": { "type": "LineString", "coordinates": [ [ 84.6631202, 27.8442202 ], [ 84.6618651, 27.8435492 ] ] } },
{ "type": "Feature", "properties": { "id": "way/1553974285", "name": null, "name_en": null, "name_ne": null, "status": "Standing", "bridge": "yes", "bridge_structure": null, "highway": "unclassified", "railway": null, "waterway": null, "man_made": null, "layer": "1", "width": null, "maxweight": null, "source": null, "adm0_pcode": "NPL", "adm0_name": "Nepal", "adm1_pcode": "NP03", "adm1_name": "Bagmati", "adm2_pcode": "NP0328", "adm2_name": "Nuwakot", "adm3_pcode": "NP0328402", "adm3_name": "Kispang", "adm4_pcode": null, "adm4_name": null, "name_latin": null }, "geometry": { "type": "LineString", "coordinates": [ [ 85.1851425, 27.9951842 ], [ 85.1847519, 27.9955112 ] ] } },
{ "type": "Feature", "properties": { "id": "way/185427273", "name": null, "name_en": null, "name_ne": null, "status": "Standing", "bridge": "yes", "bridge_structure": "suspension", "highway": "path", "railway": null, "waterway": null, "man_made": null, "layer": "1", "width": null, "maxweight": null, "source": null, "adm0_pcode": "NPL", "adm0_name": "Nepal", "adm1_pcode": "NP04", "adm1_name": "Gandaki", "adm2_pcode": "NP0440", "adm2_name": "Tanahu", "adm3_pcode": "NP0440405", "adm3_name": "Aanbu Khaireni", "adm4_pcode": null, "adm4_name": null, "name_latin": null }, "geometry": { "type": "LineString", "coordinates": [ [ 84.5296736, 27.8332256 ], [ 84.5299866, 27.8337835 ], [ 84.5301218, 27.8340244 ] ] } },
{ "type": "Feature", "properties": { "id": "way/140332496", "name": "Belkhu Khola Bridge", "name_en": "Belkhu Khola Bridge", "name_ne": null, "status": "Standing", "bridge": "yes", "bridge_structure": null, "highway": "trunk", "railway": null, "waterway": null, "man_made": null, "layer": "1", "width": null, "maxweight": null, "source": null, "adm0_pcode": "NPL", "adm0_name": "Nepal", "adm1_pcode": "NP03", "adm1_name": "Bagmati", "adm2_pcode": "NP0330", "adm2_name": "Dhading", "adm3_pcode": "NP0330410", "adm3_name": "Galchhi", "adm4_pcode": null, "adm4_name": null, "name_latin": "Belkhu Khola Bridge" }, "geometry": { "type": "LineString", "coordinates": [ [ 84.9510442, 27.8134312 ], [ 84.951608, 27.8133874 ] ] } },
{ "type": "Feature", "properties": { "id": "way/1553428075", "name": null, "name_en": null, "name_ne": null, "status": "Standing", "bridge": "yes", "bridge_structure": null, "highway": "path", "railway": null, "waterway": null, "man_made": null, "layer": "1", "width": null, "maxweight": null, "source": null, "adm0_pcode": "NPL", "adm0_name": "Nepal", "adm1_pcode": "NP03", "adm1_name": "Bagmati", "adm2_pcode": "NP0330", "adm2_name": "Dhading", "adm3_pcode": "NP0330408", "adm3_name": "Benighat Rorang", "adm4_pcode": null, "adm4_name": null, "name_latin": null }, "geometry": { "type": "LineString", "coordinates": [ [ 84.7945538, 27.8127296 ], [ 84.7938752, 27.813911 ] ] } },
{ "type": "Feature", "properties": { "id": "way/1552982421", "name": null, "name_en": null, "name_ne": null, "status": "Destroyed", "bridge": "yes", "bridge_structure": null, "highway": null, "railway": null, "waterway": null, "man_made": null, "layer": "1", "width": null, "maxweight": null, "source": null, "adm0_pcode": "NPL", "adm0_name": "Nepal", "adm1_pcode": "NP03", "adm1_name": "Bagmati", "adm2_pcode": "NP0328", "adm2_name": "Nuwakot", "adm3_pcode": "NP0328301", "adm3_name": "Bidur", "adm4_pcode": null, "adm4_name": null, "name_latin": null }, "geometry": { "type": "LineString", "coordinates": [ [ 85.1727504, 27.9639954 ], [ 85.172891, 27.9635459 ] ] } },
{ "type": "Feature", "properties": { "id": "way/1408714154", "name": null, "name_en": "Trisuli Bridge", "name_ne": null, "status": "Standing", "bridge": "yes", "bridge_structure": null, "highway": "tertiary", "railway": null, "waterway": null, "man_made": null, "layer": "1", "width": null, "maxweight": null, "source": null, "adm0_pcode": "NPL", "adm0_name": "Nepal", "adm1_pcode": "NP03", "adm1_name": "Bagmati", "adm2_pcode": "NP0335", "adm2_name": "Chitawan", "adm3_pcode": "NP0335401", "adm3_name": "Ichchha Kamana", "adm4_pcode": null, "adm4_name": null, "name_latin": "Trisuli Bridge" }, "geometry": { "type": "LineString", "coordinates": [ [ 84.6616936, 27.8444553 ], [ 84.6622941, 27.8446951 ] ] } },
{ "type": "Feature", "properties": { "id": "way/1554701354", "name": null, "name_en": null, "name_ne": null, "status": "Standing", "bridge": "yes", "bridge_structure": null, "highway": "path", "railway": null, "waterway": null, "man_made": null, "layer": null, "width": null, "maxweight": null, "source": null, "adm0_pcode": "NPL", "adm0_name": "Nepal", "adm1_pcode": "NP03", "adm1_name": "Bagmati", "adm2_pcode": "NP0329", "adm2_name": "Rasuwa", "adm3_pcode": "NP0329403", "adm3_name": "Uttargaya", "adm4_pcode": null, "adm4_name": null, "name_latin": null }, "geometry": { "type": "LineString", "coordinates": [ [ 85.1765433, 28.0213714 ], [ 85.1771146, 28.0207463 ] ] } },
{ "type": "Feature", "properties": { "id": "way/340581850", "name": "Trishuli River Old Bridge", "name_en": null, "name_ne": null, "status": "Standing", "bridge": "yes", "bridge_structure": null, "highway": "path", "railway": null, "waterway": null, "man_made": null, "layer": "1", "width": null, "maxweight": null, "source": null, "adm0_pcode": "NPL", "adm0_name": "Nepal", "adm1_pcode": "NP03", "adm1_name": "Bagmati", "adm2_pcode": "NP0328", "adm2_name": "Nuwakot", "adm3_pcode": "NP0328301", "adm3_name": "Bidur", "adm4_pcode": null, "adm4_name": null, "name_latin": "Trishuli River Old Bridge" }, "geometry": { "type": "LineString", "coordinates": [ [ 85.1380361, 27.9091332 ], [ 85.1381617, 27.9091458 ], [ 85.1390545, 27.9096873 ] ] } },
{ "type": "Feature", "properties": { "id": "way/342320932", "name": null, "name_en": null, "name_ne": null, "status": "Standing", "bridge": "yes", "bridge_structure": null, "highway": "unclassified", "railway": null, "waterway": null, "man_made": null, "layer": "1", "width": "6", "maxweight": null, "source": null, "adm0_pcode": "NPL", "adm0_name": "Nepal", "adm1_pcode": "NP03", "adm1_name": "Bagmati", "adm2_pcode": "NP0328", "adm2_name": "Nuwakot", "adm3_pcode": "NP0328301", "adm3_name": "Bidur", "adm4_pcode": null, "adm4_name": null, "name_latin": null }, "geometry": { "type": "LineString", "coordinates": [ [ 85.1164683, 27.8701778 ], [ 85.11696, 27.869664 ] ] } },
{ "type": "Feature", "properties": { "id": "way/334583513", "name": "Narayanghat-Muglin Highway", "name_en": null, "name_ne": null, "status": "Standing", "bridge": "yes", "bridge_structure": null, "highway": "trunk", "railway": null, "waterway": null, "man_made": null, "layer": "1", "width": null, "maxweight": null, "source": null, "adm0_pcode": "NPL", "adm0_name": "Nepal", "adm1_pcode": "NP03", "adm1_name": "Bagmati", "adm2_pcode": "NP0335", "adm2_name": "Chitawan", "adm3_pcode": "NP0335101", "adm3_name": "Bharatpur", "adm4_pcode": null, "adm4_name": null, "name_latin": "Narayanghat-Muglin Highway" }, "geometry": { "type": "LineString", "coordinates": [ [ 84.437683, 27.8143462 ], [ 84.4373482, 27.814201 ] ] } },
{ "type": "Feature", "properties": { "id": "way/341573395", "name": null, "name_en": null, "name_ne": null, "status": "Standing", "bridge": "yes", "bridge_structure": "suspension", "highway": "footway", "railway": null, "waterway": null, "man_made": null, "layer": "1", "width": null, "maxweight": null, "source": null, "adm0_pcode": "NPL", "adm0_name": "Nepal", "adm1_pcode": "NP03", "adm1_name": "Bagmati", "adm2_pcode": "NP0329", "adm2_name": "Rasuwa", "adm3_pcode": "NP0329404", "adm3_name": "Kalika", "adm4_pcode": null, "adm4_name": null, "name_latin": null }, "geometry": { "type": "LineString", "coordinates": [ [ 85.2146714, 28.0773072 ], [ 85.2150799, 28.0766603 ] ] } },
{ "type": "Feature", "properties": { "id": "way/1552746559", "name": "热索桥 रसुवागढी मितेरी पुल", "name_en": "Resuo Bridge", "name_ne": "रसुवागढी मितेरी पुल", "status": "Destroyed", "bridge": "viaduct", "bridge_structure": null, "highway": null, "railway": null, "waterway": null, "man_made": "bridge", "layer": "1", "width": null, "maxweight": null, "source": null, "adm0_pcode": "NPL", "adm0_name": "Nepal", "adm1_pcode": "NP03", "adm1_name": "Bagmati", "adm2_pcode": "NP0329", "adm2_name": "Rasuwa", "adm3_pcode": "NP0329402", "adm3_name": "Gosaikunda", "adm4_pcode": null, "adm4_name": null, "name_latin": "Resuo Bridge" }, "geometry": { "type": "LineString", "coordinates": [ [ 85.3778505, 28.2790566 ], [ 85.3779083, 28.2790741 ], [ 85.3779661, 28.2790915 ], [ 85.3782845, 28.2782733 ], [ 85.3782266, 28.2782559 ], [ 85.3781687, 28.2782384 ], [ 85.3778505, 28.2790566 ] ] } },
{ "type": "Feature", "properties": { "id": "way/1408714161", "name": null, "name_en": null, "name_ne": null, "status": "Standing", "bridge": "yes", "bridge_structure": "simple-suspension", "highway": "footway", "railway": null, "waterway": null, "man_made": null, "layer": "1", "width": null, "maxweight": null, "source": null, "adm0_pcode": "NPL", "adm0_name": "Nepal", "adm1_pcode": "NP03", "adm1_name": "Bagmati", "adm2_pcode": "NP0330", "adm2_name": "Dhading", "adm3_pcode": "NP0330410", "adm3_name": "Galchhi", "adm4_pcode": null, "adm4_name": null, "name_latin": null }, "geometry": { "type": "LineString", "coordinates": [ [ 84.9688706, 27.8072137 ], [ 84.9703069, 27.807381 ] ] } },
{ "type": "Feature", "properties": { "id": "way/1408714160", "name": null, "name_en": null, "name_ne": null, "status": "Standing", "bridge": "yes", "bridge_structure": null, "highway": "construction", "railway": null, "waterway": null, "man_made": null, "layer": "1", "width": null, "maxweight": null, "source": null, "adm0_pcode": "NPL", "adm0_name": "Nepal", "adm1_pcode": "NP03", "adm1_name": "Bagmati", "adm2_pcode": "NP0330", "adm2_name": "Dhading", "adm3_pcode": "NP0330410", "adm3_name": "Galchhi", "adm4_pcode": null, "adm4_name": null, "name_latin": null }, "geometry": { "type": "LineString", "coordinates": [ [ 84.9643001, 27.8106917 ], [ 84.9654803, 27.8111709 ] ] } },
{ "type": "Feature", "properties": { "id": "way/1485331752", "name": "Pokhare khola", "name_en": "Pokhare khola", "name_ne": null, "status": "Standing", "bridge": "yes", "bridge_structure": null, "highway": "trunk", "railway": null, "waterway": null, "man_made": null, "layer": "1", "width": null, "maxweight": null, "source": null, "adm0_pcode": "NPL", "adm0_name": "Nepal", "adm1_pcode": "NP03", "adm1_name": "Bagmati", "adm2_pcode": "NP0330", "adm2_name": "Dhading", "adm3_pcode": "NP0330407", "adm3_name": "Siddhalek", "adm4_pcode": null, "adm4_name": null, "name_latin": "Pokhare khola" }, "geometry": { "type": "LineString", "coordinates": [ [ 84.916646, 27.800059 ], [ 84.9169396, 27.799921 ] ] } },
{ "type": "Feature", "properties": { "id": "way/140332488", "name": "Pokhare khola", "name_en": "Pokhare khola", "name_ne": null, "status": "Standing", "bridge": "yes", "bridge_structure": null, "highway": "trunk", "railway": null, "waterway": null, "man_made": null, "layer": "1", "width": null, "maxweight": null, "source": null, "adm0_pcode": "NPL", "adm0_name": "Nepal", "adm1_pcode": "NP03", "adm1_name": "Bagmati", "adm2_pcode": "NP0330", "adm2_name": "Dhading", "adm3_pcode": "NP0330407", "adm3_name": "Siddhalek", "adm4_pcode": null, "adm4_name": null, "name_latin": "Pokhare khola" }, "geometry": { "type": "LineString", "coordinates": [ [ 84.9165896, 27.7999594 ], [ 84.9168833, 27.7998214 ] ] } },
{ "type": "Feature", "properties": { "id": "way/1378017630", "name": null, "name_en": null, "name_ne": null, "status": "Standing", "bridge": "yes", "bridge_structure": null, "highway": "unclassified", "railway": null, "waterway": null, "man_made": null, "layer": "1", "width": null, "maxweight": null, "source": null, "adm0_pcode": "NPL", "adm0_name": "Nepal", "adm1_pcode": "NP03", "adm1_name": "Bagmati", "adm2_pcode": "NP0330", "adm2_name": "Dhading", "adm3_pcode": "NP0330409", "adm3_name": "Gajuri", "adm4_pcode": null, "adm4_name": null, "name_latin": null }, "geometry": { "type": "LineString", "coordinates": [ [ 84.92459, 27.7972038 ], [ 84.9244371, 27.7975751 ], [ 84.9241286, 27.7983166 ] ] } },
{ "type": "Feature", "properties": { "id": "way/1552898316", "name": null, "name_en": null, "name_ne": null, "status": "Standing", "bridge": "yes", "bridge_structure": null, "highway": "track", "railway": null, "waterway": null, "man_made": null, "layer": "1", "width": null, "maxweight": null, "source": null, "adm0_pcode": "NPL", "adm0_name": "Nepal", "adm1_pcode": "NP03", "adm1_name": "Bagmati", "adm2_pcode": "NP0328", "adm2_name": "Nuwakot", "adm3_pcode": "NP0328301", "adm3_name": "Bidur", "adm4_pcode": null, "adm4_name": null, "name_latin": null }, "geometry": { "type": "LineString", "coordinates": [ [ 85.0659306, 27.860087 ], [ 85.0659992, 27.8599089 ] ] } },
{ "type": "Feature", "properties": { "id": "way/341806759", "name": null, "name_en": null, "name_ne": null, "status": "Standing", "bridge": "yes", "bridge_structure": null, "highway": "unclassified", "railway": null, "waterway": null, "man_made": null, "layer": "1", "width": null, "maxweight": null, "source": null, "adm0_pcode": "NPL", "adm0_name": "Nepal", "adm1_pcode": "NP03", "adm1_name": "Bagmati", "adm2_pcode": "NP0330", "adm2_name": "Dhading", "adm3_pcode": "NP0330410", "adm3_name": "Galchhi", "adm4_pcode": null, "adm4_name": null, "name_latin": null }, "geometry": { "type": "LineString", "coordinates": [ [ 84.9764039, 27.8032161 ], [ 84.9764496, 27.8031005 ] ] } },
{ "type": "Feature", "properties": { "id": "way/140332468", "name": "Prithvi Rajmarg", "name_en": "Prithvi Highway", "name_ne": "पृथ्वी राजमार्ग", "status": "Standing", "bridge": "yes", "bridge_structure": null, "highway": "trunk", "railway": null, "waterway": null, "man_made": null, "layer": "1", "width": null, "maxweight": null, "source": null, "adm0_pcode": "NPL", "adm0_name": "Nepal", "adm1_pcode": "NP03", "adm1_name": "Bagmati", "adm2_pcode": "NP0330", "adm2_name": "Dhading", "adm3_pcode": "NP0330410", "adm3_name": "Galchhi", "adm4_pcode": null, "adm4_name": null, "name_latin": "Prithvi Highway" }, "geometry": { "type": "LineString", "coordinates": [ [ 84.9943147, 27.7975777 ], [ 84.9943641, 27.7972978 ] ] } },
{ "type": "Feature", "properties": { "id": "way/1552648463", "name": null, "name_en": null, "name_ne": null, "status": "Standing", "bridge": "yes", "bridge_structure": null, "highway": "track", "railway": null, "waterway": null, "man_made": null, "layer": "1", "width": null, "maxweight": null, "source": null, "adm0_pcode": "NPL", "adm0_name": "Nepal", "adm1_pcode": "NP03", "adm1_name": "Bagmati", "adm2_pcode": "NP0328", "adm2_name": "Nuwakot", "adm3_pcode": "NP0328301", "adm3_name": "Bidur", "adm4_pcode": null, "adm4_name": null, "name_latin": null }, "geometry": { "type": "LineString", "coordinates": [ [ 85.1569326, 27.9428163 ], [ 85.1571107, 27.9427411 ] ] } },
{ "type": "Feature", "properties": { "id": "way/140332520", "name": "Tope khola", "name_en": null, "name_ne": null, "status": "Standing", "bridge": "yes", "bridge_structure": null, "highway": "trunk", "railway": null, "waterway": null, "man_made": null, "layer": "1", "width": null, "maxweight": null, "source": null, "adm0_pcode": "NPL", "adm0_name": "Nepal", "adm1_pcode": "NP03", "adm1_name": "Bagmati", "adm2_pcode": "NP0335", "adm2_name": "Chitawan", "adm3_pcode": "NP0335401", "adm3_name": "Ichchha Kamana", "adm4_pcode": null, "adm4_name": null, "name_latin": "Tope khola" }, "geometry": { "type": "LineString", "coordinates": [ [ 84.5491636, 27.8312645 ], [ 84.5490695, 27.8312263 ], [ 84.5489749, 27.8311996 ], [ 84.5488018, 27.8311593 ] ] } },
{ "type": "Feature", "properties": { "id": "way/302582603", "name": null, "name_en": null, "name_ne": null, "status": "Standing", "bridge": "yes", "bridge_structure": "simple-suspension", "highway": "path", "railway": null, "waterway": null, "man_made": null, "layer": "1", "width": null, "maxweight": null, "source": null, "adm0_pcode": "NPL", "adm0_name": "Nepal", "adm1_pcode": "NP04", "adm1_name": "Gandaki", "adm2_pcode": "NP0440", "adm2_name": "Tanahu", "adm3_pcode": "NP0440406", "adm3_name": "Devghat", "adm4_pcode": null, "adm4_name": null, "name_latin": null }, "geometry": { "type": "LineString", "coordinates": [ [ 84.4671173, 27.7685738 ], [ 84.4650037, 27.7669694 ] ] } },
{ "type": "Feature", "properties": { "id": "way/341766306", "name": null, "name_en": null, "name_ne": null, "status": "Standing", "bridge": "yes", "bridge_structure": null, "highway": "primary", "railway": null, "waterway": null, "man_made": null, "layer": "1", "width": null, "maxweight": null, "source": null, "adm0_pcode": "NPL", "adm0_name": "Nepal", "adm1_pcode": "NP03", "adm1_name": "Bagmati", "adm2_pcode": "NP0328", "adm2_name": "Nuwakot", "adm3_pcode": "NP0328302", "adm3_name": "Belkotgadhi", "adm4_pcode": null, "adm4_name": null, "name_latin": null }, "geometry": { "type": "LineString", "coordinates": [ [ 85.0568315, 27.8539153 ], [ 85.0567757, 27.853824 ] ] } },
{ "type": "Feature", "properties": { "id": "way/140332492", "name": "Prithvi Rajmarg", "name_en": null, "name_ne": null, "status": "Standing", "bridge": "yes", "bridge_structure": null, "highway": "trunk", "railway": null, "waterway": null, "man_made": null, "layer": "1", "width": null, "maxweight": null, "source": "survey", "adm0_pcode": "NPL", "adm0_name": "Nepal", "adm1_pcode": "NP03", "adm1_name": "Bagmati", "adm2_pcode": "NP0335", "adm2_name": "Chitawan", "adm3_pcode": "NP0335401", "adm3_name": "Ichchha Kamana", "adm4_pcode": null, "adm4_name": null, "name_latin": "Prithvi Rajmarg" }, "geometry": { "type": "LineString", "coordinates": [ [ 84.6301796, 27.8683978 ], [ 84.6306829, 27.8682028 ] ] } },
{ "type": "Feature", "properties": { "id": "way/302726220", "name": null, "name_en": null, "name_ne": null, "status": "Standing", "bridge": "yes", "bridge_structure": null, "highway": "footway", "railway": null, "waterway": null, "man_made": null, "layer": "1", "width": null, "maxweight": null, "source": null, "adm0_pcode": "NPL", "adm0_name": "Nepal", "adm1_pcode": "NP04", "adm1_name": "Gandaki", "adm2_pcode": "NP0436", "adm2_name": "Gorkha", "adm3_pcode": "NP0436409", "adm3_name": "Gandaki", "adm4_pcode": null, "adm4_name": null, "name_latin": null }, "geometry": { "type": "LineString", "coordinates": [ [ 84.6323648, 27.8701471 ], [ 84.6316444, 27.8684666 ] ] } },
{ "type": "Feature", "properties": { "id": "way/1525234062", "name": null, "name_en": null, "name_ne": null, "status": "Standing", "bridge": "yes", "bridge_structure": null, "highway": "unclassified", "railway": null, "waterway": null, "man_made": null, "layer": "1", "width": null, "maxweight": null, "source": null, "adm0_pcode": "NPL", "adm0_name": "Nepal", "adm1_pcode": "NP04", "adm1_name": "Gandaki", "adm2_pcode": "NP0436", "adm2_name": "Gorkha", "adm3_pcode": "NP0436409", "adm3_name": "Gandaki", "adm4_pcode": null, "adm4_name": null, "name_latin": null }, "geometry": { "type": "LineString", "coordinates": [ [ 84.6349704, 27.8724608 ], [ 84.6352065, 27.8722878 ] ] } },
{ "type": "Feature", "properties": { "id": "way/341226737", "name": null, "name_en": null, "name_ne": null, "status": "Standing", "bridge": "yes", "bridge_structure": "simple-suspension", "highway": "path", "railway": null, "waterway": null, "man_made": null, "layer": "1", "width": null, "maxweight": null, "source": null, "adm0_pcode": "NPL", "adm0_name": "Nepal", "adm1_pcode": "NP03", "adm1_name": "Bagmati", "adm2_pcode": "NP0330", "adm2_name": "Dhading", "adm3_pcode": "NP0330408", "adm3_name": "Benighat Rorang", "adm4_pcode": null, "adm4_name": null, "name_latin": null }, "geometry": { "type": "LineString", "coordinates": [ [ 84.8098005, 27.8176146 ], [ 84.8092443, 27.8171065 ], [ 84.8086902, 27.8166176 ] ] } },
{ "type": "Feature", "properties": { "id": "way/345107841", "name": "Prithvi Rajmarga", "name_en": "Prithvi Rajmarga", "name_ne": null, "status": "Standing", "bridge": "yes", "bridge_structure": null, "highway": "trunk", "railway": null, "waterway": null, "man_made": null, "layer": "1", "width": null, "maxweight": null, "source": null, "adm0_pcode": "NPL", "adm0_name": "Nepal", "adm1_pcode": "NP03", "adm1_name": "Bagmati", "adm2_pcode": "NP0330", "adm2_name": "Dhading", "adm3_pcode": "NP0330408", "adm3_name": "Benighat Rorang", "adm4_pcode": null, "adm4_name": null, "name_latin": "Prithvi Rajmarga" }, "geometry": { "type": "LineString", "coordinates": [ [ 84.8003585, 27.8138311 ], [ 84.8006988, 27.8139894 ] ] } },
{ "type": "Feature", "properties": { "id": "way/1554211461", "name": null, "name_en": null, "name_ne": null, "status": "Standing", "bridge": "yes", "bridge_structure": null, "highway": "primary", "railway": null, "waterway": null, "man_made": null, "layer": null, "width": null, "maxweight": null, "source": null, "adm0_pcode": "NPL", "adm0_name": "Nepal", "adm1_pcode": "NP03", "adm1_name": "Bagmati", "adm2_pcode": "NP0328", "adm2_name": "Nuwakot", "adm3_pcode": "NP0328301", "adm3_name": "Bidur", "adm4_pcode": null, "adm4_name": null, "name_latin": null }, "geometry": { "type": "LineString", "coordinates": [ [ 85.1540858, 27.9243163 ], [ 85.1538665, 27.9245308 ] ] } },
{ "type": "Feature", "properties": { "id": "way/1554060411", "name": null, "name_en": null, "name_ne": null, "status": "Destroyed", "bridge": "yes", "bridge_structure": null, "highway": null, "railway": null, "waterway": null, "man_made": null, "layer": "1", "width": null, "maxweight": null, "source": null, "adm0_pcode": "NPL", "adm0_name": "Nepal", "adm1_pcode": "NP03", "adm1_name": "Bagmati", "adm2_pcode": "NP0329", "adm2_name": "Rasuwa", "adm3_pcode": "NP0329402", "adm3_name": "Gosaikunda", "adm4_pcode": null, "adm4_name": null, "name_latin": null }, "geometry": { "type": "LineString", "coordinates": [ [ 85.3528391, 28.2028201 ], [ 85.3533401, 28.202737 ] ] } },
{ "type": "Feature", "properties": { "id": "way/341375566", "name": null, "name_en": null, "name_ne": null, "status": "Standing", "bridge": "yes", "bridge_structure": null, "highway": "footway", "railway": null, "waterway": null, "man_made": null, "layer": "1", "width": null, "maxweight": null, "source": null, "adm0_pcode": "NPL", "adm0_name": "Nepal", "adm1_pcode": "NP03", "adm1_name": "Bagmati", "adm2_pcode": "NP0330", "adm2_name": "Dhading", "adm3_pcode": "NP0330407", "adm3_name": "Siddhalek", "adm4_pcode": null, "adm4_name": null, "name_latin": null }, "geometry": { "type": "LineString", "coordinates": [ [ 84.94014, 27.8073381 ], [ 84.9403694, 27.807233 ], [ 84.9415436, 27.8069613 ], [ 84.9420393, 27.8069183 ] ] } },
{ "type": "Feature", "properties": { "id": "way/341889629", "name": null, "name_en": null, "name_ne": null, "status": "Destroyed", "bridge": "yes", "bridge_structure": null, "highway": null, "railway": null, "waterway": null, "man_made": null, "layer": "1", "width": null, "maxweight": null, "source": null, "adm0_pcode": "NPL", "adm0_name": "Nepal", "adm1_pcode": "NP03", "adm1_name": "Bagmati", "adm2_pcode": "NP0328", "adm2_name": "Nuwakot", "adm3_pcode": "NP0328301", "adm3_name": "Bidur", "adm4_pcode": null, "adm4_name": null, "name_latin": null }, "geometry": { "type": "LineString", "coordinates": [ [ 85.1614217, 27.948402 ], [ 85.1614311, 27.9482385 ] ] } },
{ "type": "Feature", "properties": { "id": "way/140332530", "name": "Bharatpur-Mugling Highway", "name_en": null, "name_ne": null, "status": "Standing", "bridge": "yes", "bridge_structure": null, "highway": "trunk", "railway": null, "waterway": null, "man_made": null, "layer": "1", "width": null, "maxweight": null, "source": null, "adm0_pcode": "NPL", "adm0_name": "Nepal", "adm1_pcode": "NP03", "adm1_name": "Bagmati", "adm2_pcode": "NP0335", "adm2_name": "Chitawan", "adm3_pcode": "NP0335101", "adm3_name": "Bharatpur", "adm4_pcode": null, "adm4_name": null, "name_latin": "Bharatpur-Mugling Highway" }, "geometry": { "type": "LineString", "coordinates": [ [ 84.4702065, 27.7661221 ], [ 84.4699589, 27.7667078 ] ] } },
{ "type": "Feature", "properties": { "id": "way/140332464", "name": "दासढुंगा पुल", "name_en": "Dasdhunga Bridge", "name_ne": "दासढुंगा पुल", "status": "Standing", "bridge": "yes", "bridge_structure": null, "highway": "trunk", "railway": null, "waterway": null, "man_made": null, "layer": "1", "width": null, "maxweight": null, "source": null, "adm0_pcode": "NPL", "adm0_name": "Nepal", "adm1_pcode": "NP03", "adm1_name": "Bagmati", "adm2_pcode": "NP0335", "adm2_name": "Chitawan", "adm3_pcode": "NP0335101", "adm3_name": "Bharatpur", "adm4_pcode": null, "adm4_name": null, "name_latin": "Dasdhunga Bridge" }, "geometry": { "type": "LineString", "coordinates": [ [ 84.4529938, 27.779231 ], [ 84.4534206, 27.7790729 ] ] } },
{ "type": "Feature", "properties": { "id": "way/44686761", "name": null, "name_en": null, "name_ne": null, "status": "Standing", "bridge": "yes", "bridge_structure": null, "highway": "footway", "railway": null, "waterway": null, "man_made": null, "layer": "1", "width": null, "maxweight": null, "source": null, "adm0_pcode": "NPL", "adm0_name": "Nepal", "adm1_pcode": "NP03", "adm1_name": "Bagmati", "adm2_pcode": "NP0335", "adm2_name": "Chitawan", "adm3_pcode": "NP0335401", "adm3_name": "Ichchha Kamana", "adm4_pcode": null, "adm4_name": null, "name_latin": null }, "geometry": { "type": "LineString", "coordinates": [ [ 84.6399109, 27.8592531 ], [ 84.6398465, 27.8607796 ] ] } },
{ "type": "Feature", "properties": { "id": "way/1408714165", "name": null, "name_en": null, "name_ne": null, "status": "Standing", "bridge": "yes", "bridge_structure": "simple-suspension", "highway": "footway", "railway": null, "waterway": null, "man_made": null, "layer": "1", "width": null, "maxweight": null, "source": null, "adm0_pcode": "NPL", "adm0_name": "Nepal", "adm1_pcode": "NP03", "adm1_name": "Bagmati", "adm2_pcode": "NP0330", "adm2_name": "Dhading", "adm3_pcode": "NP0330410", "adm3_name": "Galchhi", "adm4_pcode": null, "adm4_name": null, "name_latin": null }, "geometry": { "type": "LineString", "coordinates": [ [ 84.9748988, 27.8007675 ], [ 84.9752489, 27.8021128 ] ] } },
{ "type": "Feature", "properties": { "id": "way/1552948001", "name": null, "name_en": null, "name_ne": null, "status": "Destroyed", "bridge": "yes", "bridge_structure": null, "highway": null, "railway": null, "waterway": null, "man_made": null, "layer": "1", "width": null, "maxweight": null, "source": null, "adm0_pcode": "NPL", "adm0_name": "Nepal", "adm1_pcode": "NP03", "adm1_name": "Bagmati", "adm2_pcode": "NP0329", "adm2_name": "Rasuwa", "adm3_pcode": "NP0329402", "adm3_name": "Gosaikunda", "adm4_pcode": null, "adm4_name": null, "name_latin": null }, "geometry": { "type": "LineString", "coordinates": [ [ 85.3778582, 28.2712185 ], [ 85.3774343, 28.2712449 ] ] } },
{ "type": "Feature", "properties": { "id": "way/1553898346", "name": "Bharatpur-Mugling Highway", "name_en": null, "name_ne": null, "status": "Standing", "bridge": "yes", "bridge_structure": null, "highway": "trunk", "railway": null, "waterway": null, "man_made": null, "layer": "1", "width": null, "maxweight": null, "source": null, "adm0_pcode": "NPL", "adm0_name": "Nepal", "adm1_pcode": "NP03", "adm1_name": "Bagmati", "adm2_pcode": "NP0335", "adm2_name": "Chitawan", "adm3_pcode": "NP0335401", "adm3_name": "Ichchha Kamana", "adm4_pcode": null, "adm4_name": null, "name_latin": "Bharatpur-Mugling Highway" }, "geometry": { "type": "LineString", "coordinates": [ [ 84.5531727, 27.8339852 ], [ 84.5524142, 27.8334452 ] ] } },
{ "type": "Feature", "properties": { "id": "way/1484953717", "name": null, "name_en": null, "name_ne": null, "status": "Standing", "bridge": "yes", "bridge_structure": null, "highway": "unclassified", "railway": null, "waterway": null, "man_made": null, "layer": "1", "width": null, "maxweight": null, "source": null, "adm0_pcode": "NPL", "adm0_name": "Nepal", "adm1_pcode": "NP03", "adm1_name": "Bagmati", "adm2_pcode": "NP0330", "adm2_name": "Dhading", "adm3_pcode": "NP0330407", "adm3_name": "Siddhalek", "adm4_pcode": null, "adm4_name": null, "name_latin": null }, "geometry": { "type": "LineString", "coordinates": [ [ 84.9025552, 27.8058184 ], [ 84.9021696, 27.8063211 ], [ 84.9014848, 27.8074532 ] ] } },
{ "type": "Feature", "properties": { "id": "way/1554050770", "name": null, "name_en": null, "name_ne": null, "status": "Standing", "bridge": "yes", "bridge_structure": null, "highway": "path", "railway": null, "waterway": null, "man_made": null, "layer": "1", "width": null, "maxweight": null, "source": null, "adm0_pcode": "NPL", "adm0_name": "Nepal", "adm1_pcode": "NP04", "adm1_name": "Gandaki", "adm2_pcode": "NP0440", "adm2_name": "Tanahu", "adm3_pcode": "NP0440405", "adm3_name": "Aanbu Khaireni", "adm4_pcode": null, "adm4_name": null, "name_latin": null }, "geometry": { "type": "LineString", "coordinates": [ [ 84.5230648, 27.8354926 ], [ 84.5232669, 27.8355039 ], [ 84.5236522, 27.8355254 ] ] } },
{ "type": "Feature", "properties": { "id": "way/341573407", "name": null, "name_en": null, "name_ne": null, "status": "Standing", "bridge": "yes", "bridge_structure": null, "highway": "track", "railway": null, "waterway": null, "man_made": null, "layer": "1", "width": null, "maxweight": null, "source": null, "adm0_pcode": "NPL", "adm0_name": "Nepal", "adm1_pcode": "NP03", "adm1_name": "Bagmati", "adm2_pcode": "NP0329", "adm2_name": "Rasuwa", "adm3_pcode": "NP0329403", "adm3_name": "Uttargaya", "adm4_pcode": null, "adm4_name": null, "name_latin": null }, "geometry": { "type": "LineString", "coordinates": [ [ 85.2055232, 28.0744412 ], [ 85.2059208, 28.0746838 ] ] } },
{ "type": "Feature", "properties": { "id": "way/1553667321", "name": null, "name_en": null, "name_ne": null, "status": "Standing", "bridge": "yes", "bridge_structure": null, "highway": "path", "railway": null, "waterway": null, "man_made": null, "layer": null, "width": null, "maxweight": null, "source": null, "adm0_pcode": "NPL", "adm0_name": "Nepal", "adm1_pcode": "NP03", "adm1_name": "Bagmati", "adm2_pcode": "NP0330", "adm2_name": "Dhading", "adm3_pcode": "NP0330410", "adm3_name": "Galchhi", "adm4_pcode": null, "adm4_name": null, "name_latin": null }, "geometry": { "type": "LineString", "coordinates": [ [ 85.0122794, 27.8344297 ], [ 85.0124431, 27.8345293 ] ] } },
{ "type": "Feature", "properties": { "id": "way/1552746552", "name": "热索临时便桥 रसुवागढीमा अस्थायी मितेरी पुल", "name_en": null, "name_ne": "रसुवागढीमा अस्थायी मितेरी पुल", "status": "Destroyed", "bridge": "yes", "bridge_structure": null, "highway": null, "railway": null, "waterway": null, "man_made": null, "layer": "1", "width": null, "maxweight": null, "source": null, "adm0_pcode": "NPL", "adm0_name": "Nepal", "adm1_pcode": "NP03", "adm1_name": "Bagmati", "adm2_pcode": "NP0329", "adm2_name": "Rasuwa", "adm3_pcode": "NP0329402", "adm3_name": "Gosaikunda", "adm4_pcode": null, "adm4_name": null, "name_latin": "Re Suo Lin Shi Bian Qiao  rsuvaagddhiimaa asthaayii miterii pul" }, "geometry": { "type": "LineString", "coordinates": [ [ 85.3783141, 28.2783941 ], [ 85.3780167, 28.2791529 ] ] } },
{ "type": "Feature", "properties": { "id": "way/1493337206", "name": null, "name_en": null, "name_ne": null, "status": "Standing", "bridge": "yes", "bridge_structure": null, "highway": "path", "railway": null, "waterway": null, "man_made": null, "layer": "1", "width": null, "maxweight": null, "source": null, "adm0_pcode": "NPL", "adm0_name": "Nepal", "adm1_pcode": "NP03", "adm1_name": "Bagmati", "adm2_pcode": "NP0335", "adm2_name": "Chitawan", "adm3_pcode": "NP0335101", "adm3_name": "Bharatpur", "adm4_pcode": null, "adm4_name": null, "name_latin": null }, "geometry": { "type": "LineString", "coordinates": [ [ 84.4800424, 27.8228748 ], [ 84.4797215, 27.8223514 ], [ 84.479208, 27.8214633 ] ] } },
{ "type": "Feature", "properties": { "id": "way/237590767", "name": "trishuli bridge", "name_en": null, "name_ne": null, "status": "Standing", "bridge": "yes", "bridge_structure": null, "highway": "tertiary", "railway": null, "waterway": null, "man_made": null, "layer": "1", "width": null, "maxweight": null, "source": null, "adm0_pcode": "NPL", "adm0_name": "Nepal", "adm1_pcode": "NP03", "adm1_name": "Bagmati", "adm2_pcode": "NP0328", "adm2_name": "Nuwakot", "adm3_pcode": "NP0328301", "adm3_name": "Bidur", "adm4_pcode": null, "adm4_name": null, "name_latin": "trishuli bridge" }, "geometry": { "type": "LineString", "coordinates": [ [ 85.14937, 27.9221046 ], [ 85.1494991, 27.9216655 ] ] } },
{ "type": "Feature", "properties": { "id": "way/1408714158", "name": null, "name_en": null, "name_ne": null, "status": "Standing", "bridge": "yes", "bridge_structure": "simple-suspension", "highway": "footway", "railway": null, "waterway": null, "man_made": null, "layer": "1", "width": null, "maxweight": null, "source": null, "adm0_pcode": "NPL", "adm0_name": "Nepal", "adm1_pcode": "NP03", "adm1_name": "Bagmati", "adm2_pcode": "NP0330", "adm2_name": "Dhading", "adm3_pcode": "NP0330410", "adm3_name": "Galchhi", "adm4_pcode": null, "adm4_name": null, "name_latin": null }, "geometry": { "type": "LineString", "coordinates": [ [ 84.9445184, 27.8144771 ], [ 84.9446269, 27.8142377 ], [ 84.944716, 27.8136799 ], [ 84.9451669, 27.8118772 ], [ 84.9453841, 27.8113974 ] ] } },
{ "type": "Feature", "properties": { "id": "way/341587490", "name": null, "name_en": null, "name_ne": null, "status": "Destroyed", "bridge": "yes", "bridge_structure": null, "highway": null, "railway": null, "waterway": null, "man_made": null, "layer": "1", "width": null, "maxweight": null, "source": "Bing", "adm0_pcode": "NPL", "adm0_name": "Nepal", "adm1_pcode": "NP03", "adm1_name": "Bagmati", "adm2_pcode": "NP0328", "adm2_name": "Nuwakot", "adm3_pcode": "NP0328301", "adm3_name": "Bidur", "adm4_pcode": null, "adm4_name": null, "name_latin": null }, "geometry": { "type": "LineString", "coordinates": [ [ 85.1706307, 27.9636381 ], [ 85.1702496, 27.963347 ], [ 85.170068, 27.963355 ] ] } },
{ "type": "Feature", "properties": { "id": "way/912360483", "name": null, "name_en": null, "name_ne": null, "status": "Standing", "bridge": "yes", "bridge_structure": null, "highway": "unclassified", "railway": null, "waterway": null, "man_made": null, "layer": "1", "width": null, "maxweight": null, "source": null, "adm0_pcode": "NPL", "adm0_name": "Nepal", "adm1_pcode": "NP03", "adm1_name": "Bagmati", "adm2_pcode": "NP0329", "adm2_name": "Rasuwa", "adm3_pcode": "NP0329403", "adm3_name": "Uttargaya", "adm4_pcode": null, "adm4_name": null, "name_latin": null }, "geometry": { "type": "LineString", "coordinates": [ [ 85.2060776, 28.0650316 ], [ 85.2064942, 28.0653413 ] ] } },
{ "type": "Feature", "properties": { "id": "way/995486403", "name": null, "name_en": null, "name_ne": null, "status": "Destroyed", "bridge": "yes", "bridge_structure": "simple-suspension", "highway": null, "railway": null, "waterway": null, "man_made": null, "layer": "1", "width": null, "maxweight": null, "source": null, "adm0_pcode": "NPL", "adm0_name": "Nepal", "adm1_pcode": "NP03", "adm1_name": "Bagmati", "adm2_pcode": "NP0328", "adm2_name": "Nuwakot", "adm3_pcode": "NP0328301", "adm3_name": "Bidur", "adm4_pcode": null, "adm4_name": null, "name_latin": null }, "geometry": { "type": "LineString", "coordinates": [ [ 85.1499169, 27.9275904 ], [ 85.1495014, 27.9273849 ] ] } },
{ "type": "Feature", "properties": { "id": "way/344134853", "name": null, "name_en": null, "name_ne": null, "status": "Destroyed", "bridge": "yes", "bridge_structure": null, "highway": null, "railway": null, "waterway": null, "man_made": null, "layer": "1", "width": null, "maxweight": null, "source": null, "adm0_pcode": "NPL", "adm0_name": "Nepal", "adm1_pcode": "NP03", "adm1_name": "Bagmati", "adm2_pcode": "NP0329", "adm2_name": "Rasuwa", "adm3_pcode": "NP0329401", "adm3_name": "Aamachhodingmo", "adm4_pcode": null, "adm4_name": null, "name_latin": null }, "geometry": { "type": "LineString", "coordinates": [ [ 85.3174998, 28.1475187 ], [ 85.317883, 28.1473108 ] ] } },
{ "type": "Feature", "properties": { "id": "way/1553948211", "name": null, "name_en": null, "name_ne": null, "status": "Standing", "bridge": "yes", "bridge_structure": null, "highway": "unclassified", "railway": null, "waterway": null, "man_made": null, "layer": null, "width": null, "maxweight": null, "source": null, "adm0_pcode": "NPL", "adm0_name": "Nepal", "adm1_pcode": "NP03", "adm1_name": "Bagmati", "adm2_pcode": "NP0329", "adm2_name": "Rasuwa", "adm3_pcode": "NP0329404", "adm3_name": "Kalika", "adm4_pcode": null, "adm4_name": null, "name_latin": null }, "geometry": { "type": "LineString", "coordinates": [ [ 85.2073418, 28.0605937 ], [ 85.2073688, 28.060095 ] ] } },
{ "type": "Feature", "properties": { "id": "way/1493017039", "name": null, "name_en": null, "name_ne": null, "status": "Standing", "bridge": "yes", "bridge_structure": null, "highway": "unclassified", "railway": null, "waterway": null, "man_made": null, "layer": "1", "width": null, "maxweight": null, "source": null, "adm0_pcode": "NPL", "adm0_name": "Nepal", "adm1_pcode": "NP03", "adm1_name": "Bagmati", "adm2_pcode": "NP0328", "adm2_name": "Nuwakot", "adm3_pcode": "NP0328302", "adm3_name": "Belkotgadhi", "adm4_pcode": null, "adm4_name": null, "name_latin": null }, "geometry": { "type": "LineString", "coordinates": [ [ 85.0229754, 27.832286 ], [ 85.0213643, 27.8328972 ] ] } },
{ "type": "Feature", "properties": { "id": "way/1553591565", "name": null, "name_en": null, "name_ne": null, "status": "Standing", "bridge": "yes", "bridge_structure": null, "highway": "path", "railway": null, "waterway": null, "man_made": null, "layer": "1", "width": null, "maxweight": null, "source": null, "adm0_pcode": "NPL", "adm0_name": "Nepal", "adm1_pcode": "NP03", "adm1_name": "Bagmati", "adm2_pcode": "NP0328", "adm2_name": "Nuwakot", "adm3_pcode": "NP0328302", "adm3_name": "Belkotgadhi", "adm4_pcode": null, "adm4_name": null, "name_latin": null }, "geometry": { "type": "LineString", "coordinates": [ [ 85.0187559, 27.822182 ], [ 85.015316, 27.8225225 ] ] } },
{ "type": "Feature", "properties": { "id": "way/83925870", "name": null, "name_en": null, "name_ne": null, "status": "Destroyed", "bridge": "yes", "bridge_structure": null, "highway": null, "railway": null, "waterway": null, "man_made": null, "layer": "1", "width": null, "maxweight": null, "source": null, "adm0_pcode": "NPL", "adm0_name": "Nepal", "adm1_pcode": "NP03", "adm1_name": "Bagmati", "adm2_pcode": "NP0329", "adm2_name": "Rasuwa", "adm3_pcode": "NP0329402", "adm3_name": "Gosaikunda", "adm4_pcode": null, "adm4_name": null, "name_latin": null }, "geometry": { "type": "LineString", "coordinates": [ [ 85.3429566, 28.165756 ], [ 85.3425106, 28.1659756 ] ] } },
{ "type": "Feature", "properties": { "id": "way/341557606", "name": null, "name_en": null, "name_ne": null, "status": "Destroyed", "bridge": "yes", "bridge_structure": null, "highway": null, "railway": null, "waterway": null, "man_made": null, "layer": "1", "width": null, "maxweight": null, "source": null, "adm0_pcode": "NPL", "adm0_name": "Nepal", "adm1_pcode": "NP03", "adm1_name": "Bagmati", "adm2_pcode": "NP0329", "adm2_name": "Rasuwa", "adm3_pcode": "NP0329401", "adm3_name": "Aamachhodingmo", "adm4_pcode": null, "adm4_name": null, "name_latin": null }, "geometry": { "type": "LineString", "coordinates": [ [ 85.3420919, 28.1813502 ], [ 85.3424002, 28.181808 ] ] } },
{ "type": "Feature", "properties": { "id": "way/291573618", "name": null, "name_en": null, "name_ne": null, "status": "Standing", "bridge": "yes", "bridge_structure": null, "highway": "path", "railway": null, "waterway": null, "man_made": null, "layer": "1", "width": null, "maxweight": null, "source": null, "adm0_pcode": "NPL", "adm0_name": "Nepal", "adm1_pcode": "NP04", "adm1_name": "Gandaki", "adm2_pcode": "NP0436", "adm2_name": "Gorkha", "adm3_pcode": "NP0436408", "adm3_name": "Shahid Lakhan", "adm4_pcode": null, "adm4_name": null, "name_latin": null }, "geometry": { "type": "LineString", "coordinates": [ [ 84.5924546, 27.8779916 ], [ 84.5934672, 27.8790637 ] ] } },
{ "type": "Feature", "properties": { "id": "way/1554050775", "name": null, "name_en": null, "name_ne": null, "status": "Standing", "bridge": "yes", "bridge_structure": null, "highway": "unclassified", "railway": null, "waterway": null, "man_made": null, "layer": "1", "width": null, "maxweight": null, "source": null, "adm0_pcode": "NPL", "adm0_name": "Nepal", "adm1_pcode": "NP04", "adm1_name": "Gandaki", "adm2_pcode": "NP0440", "adm2_name": "Tanahu", "adm3_pcode": "NP0440405", "adm3_name": "Aanbu Khaireni", "adm4_pcode": null, "adm4_name": null, "name_latin": null }, "geometry": { "type": "LineString", "coordinates": [ [ 84.5234584, 27.8353107 ], [ 84.5235438, 27.8353205 ] ] } },
{ "type": "Feature", "properties": { "id": "way/140332485", "name": "Namsi khola", "name_en": null, "name_ne": null, "status": "Standing", "bridge": "yes", "bridge_structure": null, "highway": "trunk", "railway": null, "waterway": null, "man_made": null, "layer": "1", "width": null, "maxweight": null, "source": null, "adm0_pcode": "NPL", "adm0_name": "Nepal", "adm1_pcode": "NP03", "adm1_name": "Bagmati", "adm2_pcode": "NP0335", "adm2_name": "Chitawan", "adm3_pcode": "NP0335401", "adm3_name": "Ichchha Kamana", "adm4_pcode": null, "adm4_name": null, "name_latin": "Namsi khola" }, "geometry": { "type": "LineString", "coordinates": [ [ 84.547445, 27.8308017 ], [ 84.5467647, 27.8307946 ] ] } },
{ "type": "Feature", "properties": { "id": "way/302755357", "name": "Suspension Bridge", "name_en": null, "name_ne": null, "status": "Standing", "bridge": "yes", "bridge_structure": null, "highway": "footway", "railway": null, "waterway": null, "man_made": null, "layer": "1", "width": null, "maxweight": null, "source": null, "adm0_pcode": "NPL", "adm0_name": "Nepal", "adm1_pcode": "NP03", "adm1_name": "Bagmati", "adm2_pcode": "NP0328", "adm2_name": "Nuwakot", "adm3_pcode": "NP0328302", "adm3_name": "Belkotgadhi", "adm4_pcode": null, "adm4_name": null, "name_latin": "Suspension Bridge" }, "geometry": { "type": "LineString", "coordinates": [ [ 85.0238072, 27.8351338 ], [ 85.0233807, 27.8352666 ], [ 85.020991, 27.8362238 ] ] } },
{ "type": "Feature", "properties": { "id": "way/1219434228", "name": "Trishuli River Bridge", "name_en": null, "name_ne": null, "status": "Standing", "bridge": "yes", "bridge_structure": null, "highway": "residential", "railway": null, "waterway": null, "man_made": null, "layer": "1", "width": null, "maxweight": null, "source": null, "adm0_pcode": "NPL", "adm0_name": "Nepal", "adm1_pcode": "NP03", "adm1_name": "Bagmati", "adm2_pcode": "NP0328", "adm2_name": "Nuwakot", "adm3_pcode": "NP0328301", "adm3_name": "Bidur", "adm4_pcode": null, "adm4_name": null, "name_latin": "Trishuli River Bridge" }, "geometry": { "type": "LineString", "coordinates": [ [ 85.1389608, 27.9097853 ], [ 85.1381515, 27.9092184 ] ] } },
{ "type": "Feature", "properties": { "id": "way/379104231", "name": null, "name_en": null, "name_ne": null, "status": "Standing", "bridge": "yes", "bridge_structure": null, "highway": "primary", "railway": null, "waterway": null, "man_made": null, "layer": "1", "width": null, "maxweight": null, "source": null, "adm0_pcode": "NPL", "adm0_name": "Nepal", "adm1_pcode": "NP03", "adm1_name": "Bagmati", "adm2_pcode": "NP0328", "adm2_name": "Nuwakot", "adm3_pcode": "NP0328301", "adm3_name": "Bidur", "adm4_pcode": null, "adm4_name": null, "name_latin": null }, "geometry": { "type": "LineString", "coordinates": [ [ 85.1550205, 27.9307399 ], [ 85.1551853, 27.9308233 ] ] } },
{ "type": "Feature", "properties": { "id": "way/1553166291", "name": null, "name_en": null, "name_ne": null, "status": "Standing", "bridge": "yes", "bridge_structure": null, "highway": "unclassified", "railway": null, "waterway": null, "man_made": null, "layer": "1", "width": null, "maxweight": null, "source": null, "adm0_pcode": "NPL", "adm0_name": "Nepal", "adm1_pcode": "NP03", "adm1_name": "Bagmati", "adm2_pcode": "NP0329", "adm2_name": "Rasuwa", "adm3_pcode": "NP0329402", "adm3_name": "Gosaikunda", "adm4_pcode": null, "adm4_name": null, "name_latin": null }, "geometry": { "type": "LineString", "coordinates": [ [ 85.2995756, 28.1269956 ], [ 85.2995855, 28.1267335 ] ] } },
{ "type": "Feature", "properties": { "id": "way/1553347892", "name": null, "name_en": null, "name_ne": null, "status": "Standing", "bridge": "yes", "bridge_structure": null, "highway": "unclassified", "railway": null, "waterway": null, "man_made": null, "layer": "1", "width": null, "maxweight": null, "source": null, "adm0_pcode": "NPL", "adm0_name": "Nepal", "adm1_pcode": "NP03", "adm1_name": "Bagmati", "adm2_pcode": "NP0329", "adm2_name": "Rasuwa", "adm3_pcode": "NP0329401", "adm3_name": "Aamachhodingmo", "adm4_pcode": null, "adm4_name": null, "name_latin": null }, "geometry": { "type": "LineString", "coordinates": [ [ 85.3188713, 28.1456211 ], [ 85.318712, 28.145383 ] ] } },
{ "type": "Feature", "properties": { "id": "way/1553898348", "name": null, "name_en": null, "name_ne": null, "status": "Standing", "bridge": "yes", "bridge_structure": null, "highway": "tertiary", "railway": null, "waterway": null, "man_made": null, "layer": "1", "width": null, "maxweight": null, "source": null, "adm0_pcode": "NPL", "adm0_name": "Nepal", "adm1_pcode": "NP03", "adm1_name": "Bagmati", "adm2_pcode": "NP0335", "adm2_name": "Chitawan", "adm3_pcode": "NP0335401", "adm3_name": "Ichchha Kamana", "adm4_pcode": null, "adm4_name": null, "name_latin": null }, "geometry": { "type": "LineString", "coordinates": [ [ 84.5532464, 27.8338597 ], [ 84.5524779, 27.8333322 ] ] } },
{ "type": "Feature", "properties": { "id": "way/886471590", "name": null, "name_en": null, "name_ne": null, "status": "Standing", "bridge": "yes", "bridge_structure": null, "highway": "path", "railway": null, "waterway": null, "man_made": null, "layer": "1", "width": null, "maxweight": null, "source": null, "adm0_pcode": "NPL", "adm0_name": "Nepal", "adm1_pcode": "NP03", "adm1_name": "Bagmati", "adm2_pcode": "NP0328", "adm2_name": "Nuwakot", "adm3_pcode": "NP0328402", "adm3_name": "Kispang", "adm4_pcode": null, "adm4_name": null, "name_latin": null }, "geometry": { "type": "LineString", "coordinates": [ [ 85.1859457, 28.0044069 ], [ 85.1860745, 28.0042932 ] ] } },
{ "type": "Feature", "properties": { "id": "way/1408714159", "name": null, "name_en": null, "name_ne": null, "status": "Standing", "bridge": "yes", "bridge_structure": "simple-suspension", "highway": "footway", "railway": null, "waterway": null, "man_made": null, "layer": "1", "width": null, "maxweight": null, "source": null, "adm0_pcode": "NPL", "adm0_name": "Nepal", "adm1_pcode": "NP03", "adm1_name": "Bagmati", "adm2_pcode": "NP0330", "adm2_name": "Dhading", "adm3_pcode": "NP0330410", "adm3_name": "Galchhi", "adm4_pcode": null, "adm4_name": null, "name_latin": null }, "geometry": { "type": "LineString", "coordinates": [ [ 84.9545499, 27.8172452 ], [ 84.9552409, 27.8162318 ], [ 84.9554434, 27.8159868 ] ] } },
{ "type": "Feature", "properties": { "id": "way/1485643976", "name": null, "name_en": null, "name_ne": null, "status": "Standing", "bridge": "yes", "bridge_structure": null, "highway": "trunk", "railway": null, "waterway": null, "man_made": null, "layer": "1", "width": null, "maxweight": null, "source": null, "adm0_pcode": "NPL", "adm0_name": "Nepal", "adm1_pcode": "NP03", "adm1_name": "Bagmati", "adm2_pcode": "NP0335", "adm2_name": "Chitawan", "adm3_pcode": "NP0335101", "adm3_name": "Bharatpur", "adm4_pcode": null, "adm4_name": null, "name_latin": null }, "geometry": { "type": "LineString", "coordinates": [ [ 84.4968128, 27.8195262 ], [ 84.4959011, 27.8193849 ] ] } },
{ "type": "Feature", "properties": { "id": "way/140332517", "name": null, "name_en": null, "name_ne": null, "status": "Standing", "bridge": "yes", "bridge_structure": null, "highway": "trunk_link", "railway": null, "waterway": null, "man_made": null, "layer": "1", "width": null, "maxweight": null, "source": null, "adm0_pcode": "NPL", "adm0_name": "Nepal", "adm1_pcode": "NP03", "adm1_name": "Bagmati", "adm2_pcode": "NP0335", "adm2_name": "Chitawan", "adm3_pcode": "NP0335101", "adm3_name": "Bharatpur", "adm4_pcode": null, "adm4_name": null, "name_latin": null }, "geometry": { "type": "LineString", "coordinates": [ [ 84.4964978, 27.8191747 ], [ 84.4958834, 27.8192613 ] ] } },
{ "type": "Feature", "properties": { "id": "way/1485643973", "name": "सिमलताल पुल", "name_en": "Simaltal Bridge", "name_ne": "सिमलताल पुल", "status": "Standing", "bridge": "yes", "bridge_structure": null, "highway": "trunk", "railway": null, "waterway": null, "man_made": null, "layer": "1", "width": null, "maxweight": null, "source": null, "adm0_pcode": "NPL", "adm0_name": "Nepal", "adm1_pcode": "NP03", "adm1_name": "Bagmati", "adm2_pcode": "NP0335", "adm2_name": "Chitawan", "adm3_pcode": "NP0335101", "adm3_name": "Bharatpur", "adm4_pcode": null, "adm4_name": null, "name_latin": "Simaltal Bridge" }, "geometry": { "type": "LineString", "coordinates": [ [ 84.4836696, 27.8199922 ], [ 84.4832497, 27.8200159 ] ] } },
{ "type": "Feature", "properties": { "id": "way/378605396", "name": "सिमलताल पुल", "name_en": "Simaltal Bridge", "name_ne": "सिमलताल पुल", "status": "Standing", "bridge": "yes", "bridge_structure": null, "highway": "trunk", "railway": null, "waterway": null, "man_made": null, "layer": "1", "width": null, "maxweight": null, "source": null, "adm0_pcode": "NPL", "adm0_name": "Nepal", "adm1_pcode": "NP03", "adm1_name": "Bagmati", "adm2_pcode": "NP0335", "adm2_name": "Chitawan", "adm3_pcode": "NP0335101", "adm3_name": "Bharatpur", "adm4_pcode": null, "adm4_name": null, "name_latin": "Simaltal Bridge" }, "geometry": { "type": "LineString", "coordinates": [ [ 84.4832179, 27.8201195 ], [ 84.4836651, 27.8200887 ] ] } },
{ "type": "Feature", "properties": { "id": "way/140332465", "name": "Dumpe khola", "name_en": null, "name_ne": null, "status": "Standing", "bridge": "yes", "bridge_structure": null, "highway": "trunk", "railway": null, "waterway": null, "man_made": null, "layer": "1", "width": null, "maxweight": null, "source": null, "adm0_pcode": "NPL", "adm0_name": "Nepal", "adm1_pcode": "NP03", "adm1_name": "Bagmati", "adm2_pcode": "NP0335", "adm2_name": "Chitawan", "adm3_pcode": "NP0335101", "adm3_name": "Bharatpur", "adm4_pcode": null, "adm4_name": null, "name_latin": "Dumpe khola" }, "geometry": { "type": "LineString", "coordinates": [ [ 84.4666909, 27.8190488 ], [ 84.4664485, 27.8188182 ] ] } },
{ "type": "Feature", "properties": { "id": "way/1485643969", "name": "Dumpe khola", "name_en": null, "name_ne": null, "status": "Standing", "bridge": "yes", "bridge_structure": null, "highway": "trunk", "railway": null, "waterway": null, "man_made": null, "layer": "1", "width": null, "maxweight": null, "source": null, "adm0_pcode": "NPL", "adm0_name": "Nepal", "adm1_pcode": "NP03", "adm1_name": "Bagmati", "adm2_pcode": "NP0335", "adm2_name": "Chitawan", "adm3_pcode": "NP0335101", "adm3_name": "Bharatpur", "adm4_pcode": null, "adm4_name": null, "name_latin": "Dumpe khola" }, "geometry": { "type": "LineString", "coordinates": [ [ 84.4663305, 27.8188665 ], [ 84.4665969, 27.8191124 ] ] } },
{ "type": "Feature", "properties": { "id": "way/140332482", "name": "मौरी पुल", "name_en": "Mauree Bridge", "name_ne": "मौरी पुल", "status": "Standing", "bridge": "yes", "bridge_structure": null, "highway": "trunk", "railway": null, "waterway": null, "man_made": null, "layer": "1", "width": null, "maxweight": null, "source": null, "adm0_pcode": "NPL", "adm0_name": "Nepal", "adm1_pcode": "NP03", "adm1_name": "Bagmati", "adm2_pcode": "NP0335", "adm2_name": "Chitawan", "adm3_pcode": "NP0335101", "adm3_name": "Bharatpur", "adm4_pcode": null, "adm4_name": null, "name_latin": "Mauree Bridge" }, "geometry": { "type": "LineString", "coordinates": [ [ 84.463142, 27.8176167 ], [ 84.4629684, 27.8176723 ], [ 84.4627952, 27.8177183 ] ] } },
{ "type": "Feature", "properties": { "id": "way/343296363", "name": null, "name_en": null, "name_ne": null, "status": "Standing", "bridge": "yes", "bridge_structure": null, "highway": "path", "railway": null, "waterway": null, "man_made": null, "layer": "1", "width": null, "maxweight": null, "source": "Digital Globe,2015-05-03", "adm0_pcode": "NPL", "adm0_name": "Nepal", "adm1_pcode": "NP03", "adm1_name": "Bagmati", "adm2_pcode": "NP0328", "adm2_name": "Nuwakot", "adm3_pcode": "NP0328301", "adm3_name": "Bidur", "adm4_pcode": null, "adm4_name": null, "name_latin": null }, "geometry": { "type": "LineString", "coordinates": [ [ 85.1865265, 27.9711865 ], [ 85.1866043, 27.971151 ] ] } },
{ "type": "Feature", "properties": { "id": "way/334583516", "name": "Narayanghat-Muglin Highway", "name_en": null, "name_ne": null, "status": "Standing", "bridge": "yes", "bridge_structure": null, "highway": "trunk", "railway": null, "waterway": null, "man_made": null, "layer": "1", "width": null, "maxweight": null, "source": null, "adm0_pcode": "NPL", "adm0_name": "Nepal", "adm1_pcode": "NP03", "adm1_name": "Bagmati", "adm2_pcode": "NP0335", "adm2_name": "Chitawan", "adm3_pcode": "NP0335101", "adm3_name": "Bharatpur", "adm4_pcode": null, "adm4_name": null, "name_latin": "Narayanghat-Muglin Highway" }, "geometry": { "type": "LineString", "coordinates": [ [ 84.4434004, 27.8183461 ], [ 84.4432096, 27.8180616 ] ] } },
{ "type": "Feature", "properties": { "id": "way/140332458", "name": "भोर्ले पुल", "name_en": "Bhorle Bridge", "name_ne": "भोर्ले पुल", "status": "Standing", "bridge": "yes", "bridge_structure": null, "highway": "trunk", "railway": null, "waterway": null, "man_made": null, "layer": "1", "width": null, "maxweight": null, "source": null, "adm0_pcode": "NPL", "adm0_name": "Nepal", "adm1_pcode": "NP03", "adm1_name": "Bagmati", "adm2_pcode": "NP0335", "adm2_name": "Chitawan", "adm3_pcode": "NP0335101", "adm3_name": "Bharatpur", "adm4_pcode": null, "adm4_name": null, "name_latin": "Bhorle Bridge" }, "geometry": { "type": "LineString", "coordinates": [ [ 84.4448184, 27.8204812 ], [ 84.4445407, 27.8200954 ] ] } },
{ "type": "Feature", "properties": { "id": "way/302582598", "name": null, "name_en": null, "name_ne": null, "status": "Standing", "bridge": "yes", "bridge_structure": null, "highway": "footway", "railway": null, "waterway": null, "man_made": null, "layer": "1", "width": null, "maxweight": null, "source": null, "adm0_pcode": "NPL", "adm0_name": "Nepal", "adm1_pcode": "NP03", "adm1_name": "Bagmati", "adm2_pcode": "NP0335", "adm2_name": "Chitawan", "adm3_pcode": "NP0335101", "adm3_name": "Bharatpur", "adm4_pcode": null, "adm4_name": null, "name_latin": null }, "geometry": { "type": "LineString", "coordinates": [ [ 84.4415031, 27.8206022 ], [ 84.4437274, 27.8196107 ] ] } },
{ "type": "Feature", "properties": { "id": "way/1422422619", "name": null, "name_en": null, "name_ne": null, "status": "Destroyed", "bridge": "yes", "bridge_structure": null, "highway": null, "railway": null, "waterway": null, "man_made": null, "layer": "1", "width": null, "maxweight": null, "source": null, "adm0_pcode": "NPL", "adm0_name": "Nepal", "adm1_pcode": "NP03", "adm1_name": "Bagmati", "adm2_pcode": "NP0329", "adm2_name": "Rasuwa", "adm3_pcode": "NP0329402", "adm3_name": "Gosaikunda", "adm4_pcode": null, "adm4_name": null, "name_latin": null }, "geometry": { "type": "LineString", "coordinates": [ [ 85.3651819, 28.2557625 ], [ 85.3656041, 28.255693 ] ] } },
{ "type": "Feature", "properties": { "id": "way/83925838", "name": null, "name_en": null, "name_ne": null, "status": "Destroyed", "bridge": "yes", "bridge_structure": null, "highway": null, "railway": null, "waterway": null, "man_made": null, "layer": "1", "width": null, "maxweight": null, "source": null, "adm0_pcode": "NPL", "adm0_name": "Nepal", "adm1_pcode": "NP03", "adm1_name": "Bagmati", "adm2_pcode": "NP0329", "adm2_name": "Rasuwa", "adm3_pcode": "NP0329402", "adm3_name": "Gosaikunda", "adm4_pcode": null, "adm4_name": null, "name_latin": null }, "geometry": { "type": "LineString", "coordinates": [ [ 85.3436789, 28.1634067 ], [ 85.3437759, 28.1635939 ] ] } },
{ "type": "Feature", "properties": { "id": "way/302758285", "name": null, "name_en": null, "name_ne": null, "status": "Standing", "bridge": "yes", "bridge_structure": null, "highway": "footway", "railway": null, "waterway": null, "man_made": null, "layer": "1", "width": null, "maxweight": null, "source": null, "adm0_pcode": "NPL", "adm0_name": "Nepal", "adm1_pcode": "NP03", "adm1_name": "Bagmati", "adm2_pcode": "NP0328", "adm2_name": "Nuwakot", "adm3_pcode": "NP0328403", "adm3_name": "Tarakeshwor", "adm4_pcode": null, "adm4_name": null, "name_latin": null }, "geometry": { "type": "LineString", "coordinates": [ [ 85.0428915, 27.8560612 ], [ 85.0429237, 27.8570717 ] ] } },
{ "type": "Feature", "properties": { "id": "way/345376099", "name": null, "name_en": null, "name_ne": null, "status": "Standing", "bridge": "yes", "bridge_structure": "simple-suspension", "highway": "path", "railway": null, "waterway": null, "man_made": null, "layer": "1", "width": null, "maxweight": null, "source": "Bing Imagery", "adm0_pcode": "NPL", "adm0_name": "Nepal", "adm1_pcode": "NP04", "adm1_name": "Gandaki", "adm2_pcode": "NP0440", "adm2_name": "Tanahu", "adm3_pcode": "NP0440405", "adm3_name": "Aanbu Khaireni", "adm4_pcode": null, "adm4_name": null, "name_latin": null }, "geometry": { "type": "LineString", "coordinates": [ [ 84.4633289, 27.8326077 ], [ 84.4637585, 27.833377 ], [ 84.4638515, 27.8335596 ] ] } },
{ "type": "Feature", "properties": { "id": "way/340852633", "name": null, "name_en": null, "name_ne": null, "status": "Standing", "bridge": "yes", "bridge_structure": "suspension", "highway": "footway", "railway": null, "waterway": null, "man_made": null, "layer": "1", "width": null, "maxweight": null, "source": null, "adm0_pcode": "NPL", "adm0_name": "Nepal", "adm1_pcode": "NP04", "adm1_name": "Gandaki", "adm2_pcode": "NP0436", "adm2_name": "Gorkha", "adm3_pcode": "NP0436409", "adm3_name": "Gandaki", "adm4_pcode": null, "adm4_name": null, "name_latin": null }, "geometry": { "type": "LineString", "coordinates": [ [ 84.6382923, 27.8766583 ], [ 84.6374877, 27.8763038 ] ] } },
{ "type": "Feature", "properties": { "id": "way/343303369", "name": null, "name_en": null, "name_ne": null, "status": "Standing", "bridge": "yes", "bridge_structure": "simple-suspension", "highway": "path", "railway": null, "waterway": null, "man_made": null, "layer": "1", "width": null, "maxweight": null, "source": "Digital Globe,2015-05-03", "adm0_pcode": "NPL", "adm0_name": "Nepal", "adm1_pcode": "NP03", "adm1_name": "Bagmati", "adm2_pcode": "NP0328", "adm2_name": "Nuwakot", "adm3_pcode": "NP0328402", "adm3_name": "Kispang", "adm4_pcode": null, "adm4_name": null, "name_latin": null }, "geometry": { "type": "LineString", "coordinates": [ [ 85.1797873, 27.9821684 ], [ 85.1797873, 27.9815122 ] ] } },
{ "type": "Feature", "properties": { "id": "way/341705735", "name": null, "name_en": null, "name_ne": null, "status": "Standing", "bridge": "yes", "bridge_structure": "simple-suspension", "highway": "path", "railway": null, "waterway": null, "man_made": null, "layer": "1", "width": null, "maxweight": null, "source": "Bing", "adm0_pcode": "NPL", "adm0_name": "Nepal", "adm1_pcode": "NP03", "adm1_name": "Bagmati", "adm2_pcode": "NP0328", "adm2_name": "Nuwakot", "adm3_pcode": "NP0328402", "adm3_name": "Kispang", "adm4_pcode": null, "adm4_name": null, "name_latin": null }, "geometry": { "type": "LineString", "coordinates": [ [ 85.1810743, 27.9789257 ], [ 85.1816896, 27.9791379 ] ] } },
{ "type": "Feature", "properties": { "id": "way/419372427", "name": null, "name_en": null, "name_ne": null, "status": "Standing", "bridge": null, "bridge_structure": null, "highway": "track", "railway": null, "waterway": null, "man_made": "bridge", "layer": null, "width": null, "maxweight": null, "source": null, "adm0_pcode": "NPL", "adm0_name": "Nepal", "adm1_pcode": "NP03", "adm1_name": "Bagmati", "adm2_pcode": "NP0328", "adm2_name": "Nuwakot", "adm3_pcode": "NP0328301", "adm3_name": "Bidur", "adm4_pcode": null, "adm4_name": null, "name_latin": null }, "geometry": { "type": "LineString", "coordinates": [ [ 85.1583034, 27.9499536 ], [ 85.158366, 27.9499445 ] ] } },
{ "type": "Feature", "properties": { "id": "way/246173464", "name": null, "name_en": null, "name_ne": null, "status": "Destroyed", "bridge": "aqueduct", "bridge_structure": null, "highway": null, "railway": null, "waterway": null, "man_made": null, "layer": "1", "width": null, "maxweight": null, "source": null, "adm0_pcode": "NPL", "adm0_name": "Nepal", "adm1_pcode": "NP03", "adm1_name": "Bagmati", "adm2_pcode": "NP0328", "adm2_name": "Nuwakot", "adm3_pcode": "NP0328301", "adm3_name": "Bidur", "adm4_pcode": null, "adm4_name": null, "name_latin": null }, "geometry": { "type": "LineString", "coordinates": [ [ 85.1636551, 27.9561565 ], [ 85.1637456, 27.9559678 ], [ 85.163849, 27.9557297 ], [ 85.164114, 27.9551721 ] ] } },
{ "type": "Feature", "properties": { "id": "way/1553335911", "name": null, "name_en": null, "name_ne": null, "status": "Standing", "bridge": "yes", "bridge_structure": null, "highway": "unclassified", "railway": null, "waterway": null, "man_made": null, "layer": "1", "width": null, "maxweight": null, "source": null, "adm0_pcode": "NPL", "adm0_name": "Nepal", "adm1_pcode": "NP03", "adm1_name": "Bagmati", "adm2_pcode": "NP0328", "adm2_name": "Nuwakot", "adm3_pcode": "NP0328301", "adm3_name": "Bidur", "adm4_pcode": null, "adm4_name": null, "name_latin": null }, "geometry": { "type": "LineString", "coordinates": [ [ 85.1587863, 27.9582262 ], [ 85.1586744, 27.9582615 ] ] } },
{ "type": "Feature", "properties": { "id": "way/345313942", "name": null, "name_en": null, "name_ne": null, "status": "Standing", "bridge": "yes", "bridge_structure": null, "highway": "primary", "railway": null, "waterway": null, "man_made": null, "layer": "1", "width": null, "maxweight": null, "source": null, "adm0_pcode": "NPL", "adm0_name": "Nepal", "adm1_pcode": "NP03", "adm1_name": "Bagmati", "adm2_pcode": "NP0328", "adm2_name": "Nuwakot", "adm3_pcode": "NP0328301", "adm3_name": "Bidur", "adm4_pcode": null, "adm4_name": null, "name_latin": null }, "geometry": { "type": "LineString", "coordinates": [ [ 85.1848274, 27.9703144 ], [ 85.1848977, 27.9705002 ] ] } },
{ "type": "Feature", "properties": { "id": "way/1553951064", "name": "Army Road", "name_en": null, "name_ne": null, "status": "Standing", "bridge": "yes", "bridge_structure": null, "highway": "unclassified", "railway": null, "waterway": null, "man_made": null, "layer": null, "width": null, "maxweight": null, "source": null, "adm0_pcode": "NPL", "adm0_name": "Nepal", "adm1_pcode": "NP03", "adm1_name": "Bagmati", "adm2_pcode": "NP0329", "adm2_name": "Rasuwa", "adm3_pcode": "NP0329404", "adm3_name": "Kalika", "adm4_pcode": null, "adm4_name": null, "name_latin": "Army Road" }, "geometry": { "type": "LineString", "coordinates": [ [ 85.2181679, 28.0787925 ], [ 85.218088, 28.0787174 ] ] } },
{ "type": "Feature", "properties": { "id": "way/346567984", "name": null, "name_en": null, "name_ne": null, "status": "Standing", "bridge": "aqueduct", "bridge_structure": null, "highway": null, "railway": null, "waterway": "stream", "man_made": null, "layer": "1", "width": null, "maxweight": null, "source": "Bing", "adm0_pcode": "NPL", "adm0_name": "Nepal", "adm1_pcode": "NP03", "adm1_name": "Bagmati", "adm2_pcode": "NP0328", "adm2_name": "Nuwakot", "adm3_pcode": "NP0328301", "adm3_name": "Bidur", "adm4_pcode": null, "adm4_name": null, "name_latin": null }, "geometry": { "type": "LineString", "coordinates": [ [ 85.1665018, 27.958337 ], [ 85.1666781, 27.9582128 ] ] } },
{ "type": "Feature", "properties": { "id": "way/1552751843", "name": null, "name_en": null, "name_ne": null, "status": "Standing", "bridge": "yes", "bridge_structure": "suspension", "highway": "footway", "railway": null, "waterway": null, "man_made": null, "layer": "1", "width": null, "maxweight": null, "source": null, "adm0_pcode": "NPL", "adm0_name": "Nepal", "adm1_pcode": "NP03", "adm1_name": "Bagmati", "adm2_pcode": "NP0328", "adm2_name": "Nuwakot", "adm3_pcode": "NP0328301", "adm3_name": "Bidur", "adm4_pcode": null, "adm4_name": null, "name_latin": null }, "geometry": { "type": "LineString", "coordinates": [ [ 85.0821357, 27.8556222 ], [ 85.0810256, 27.8574914 ] ] } },
{ "type": "Feature", "properties": { "id": "way/303036281", "name": null, "name_en": null, "name_ne": null, "status": "Destroyed", "bridge": "yes", "bridge_structure": "simple-suspension", "highway": null, "railway": null, "waterway": null, "man_made": null, "layer": "1", "width": null, "maxweight": null, "source": null, "adm0_pcode": "NPL", "adm0_name": "Nepal", "adm1_pcode": "NP03", "adm1_name": "Bagmati", "adm2_pcode": "NP0328", "adm2_name": "Nuwakot", "adm3_pcode": "NP0328301", "adm3_name": "Bidur", "adm4_pcode": null, "adm4_name": null, "name_latin": null }, "geometry": { "type": "LineString", "coordinates": [ [ 85.1078666, 27.8607667 ], [ 85.1084115, 27.8603051 ] ] } },
{ "type": "Feature", "properties": { "id": "way/541435787", "name": null, "name_en": null, "name_ne": null, "status": "Standing", "bridge": "yes", "bridge_structure": null, "highway": "unclassified", "railway": null, "waterway": null, "man_made": null, "layer": "1", "width": null, "maxweight": null, "source": null, "adm0_pcode": "NPL", "adm0_name": "Nepal", "adm1_pcode": "NP03", "adm1_name": "Bagmati", "adm2_pcode": "NP0328", "adm2_name": "Nuwakot", "adm3_pcode": "NP0328301", "adm3_name": "Bidur", "adm4_pcode": null, "adm4_name": null, "name_latin": null }, "geometry": { "type": "LineString", "coordinates": [ [ 85.1337237, 27.9027913 ], [ 85.133698, 27.903158 ] ] } },
{ "type": "Feature", "properties": { "id": "way/340474167", "name": null, "name_en": null, "name_ne": null, "status": "Standing", "bridge": "yes", "bridge_structure": "simple-suspension", "highway": "path", "railway": null, "waterway": null, "man_made": null, "layer": "1", "width": null, "maxweight": null, "source": null, "adm0_pcode": "NPL", "adm0_name": "Nepal", "adm1_pcode": "NP03", "adm1_name": "Bagmati", "adm2_pcode": "NP0328", "adm2_name": "Nuwakot", "adm3_pcode": "NP0328402", "adm3_name": "Kispang", "adm4_pcode": null, "adm4_name": null, "name_latin": null }, "geometry": { "type": "LineString", "coordinates": [ [ 85.1832531, 28.0090036 ], [ 85.183905, 28.0089843 ] ] } },
{ "type": "Feature", "properties": { "id": "way/303036286", "name": null, "name_en": null, "name_ne": null, "status": "Standing", "bridge": "yes", "bridge_structure": null, "highway": "footway", "railway": null, "waterway": null, "man_made": null, "layer": "1", "width": null, "maxweight": null, "source": null, "adm0_pcode": "NPL", "adm0_name": "Nepal", "adm1_pcode": "NP03", "adm1_name": "Bagmati", "adm2_pcode": "NP0328", "adm2_name": "Nuwakot", "adm3_pcode": "NP0328302", "adm3_name": "Belkotgadhi", "adm4_pcode": null, "adm4_name": null, "name_latin": null }, "geometry": { "type": "LineString", "coordinates": [ [ 85.0588517, 27.8567066 ], [ 85.0569784, 27.8590789 ] ] } },
{ "type": "Feature", "properties": { "id": "way/1553160833", "name": null, "name_en": null, "name_ne": null, "status": "Destroyed", "bridge": "yes", "bridge_structure": null, "highway": null, "railway": null, "waterway": null, "man_made": null, "layer": "1", "width": null, "maxweight": null, "source": null, "adm0_pcode": "NPL", "adm0_name": "Nepal", "adm1_pcode": "NP03", "adm1_name": "Bagmati", "adm2_pcode": "NP0328", "adm2_name": "Nuwakot", "adm3_pcode": "NP0328301", "adm3_name": "Bidur", "adm4_pcode": null, "adm4_name": null, "name_latin": null }, "geometry": { "type": "LineString", "coordinates": [ [ 85.1090502, 27.8583333 ], [ 85.1093138, 27.8588019 ] ] } },
{ "type": "Feature", "properties": { "id": "way/343722612", "name": null, "name_en": null, "name_ne": null, "status": "Standing", "bridge": "yes", "bridge_structure": null, "highway": "path", "railway": null, "waterway": null, "man_made": null, "layer": "1", "width": null, "maxweight": null, "source": null, "adm0_pcode": "NPL", "adm0_name": "Nepal", "adm1_pcode": "NP03", "adm1_name": "Bagmati", "adm2_pcode": "NP0330", "adm2_name": "Dhading", "adm3_pcode": "NP0330407", "adm3_name": "Siddhalek", "adm4_pcode": null, "adm4_name": null, "name_latin": null }, "geometry": { "type": "LineString", "coordinates": [ [ 84.8396119, 27.8150893 ], [ 84.83897, 27.8141053 ] ] } },
{ "type": "Feature", "properties": { "id": "way/1553215633", "name": null, "name_en": null, "name_ne": null, "status": "Standing", "bridge": "yes", "bridge_structure": null, "highway": "unclassified", "railway": null, "waterway": null, "man_made": null, "layer": "1", "width": null, "maxweight": null, "source": null, "adm0_pcode": "NPL", "adm0_name": "Nepal", "adm1_pcode": "NP03", "adm1_name": "Bagmati", "adm2_pcode": "NP0328", "adm2_name": "Nuwakot", "adm3_pcode": "NP0328403", "adm3_name": "Tarakeshwor", "adm4_pcode": null, "adm4_name": null, "name_latin": null }, "geometry": { "type": "LineString", "coordinates": [ [ 85.0614175, 27.8589603 ], [ 85.0626996, 27.8602659 ] ] } },
{ "type": "Feature", "properties": { "id": "way/168199206", "name": "devighat-Tadi bridge", "name_en": null, "name_ne": null, "status": "Destroyed", "bridge": "yes", "bridge_structure": null, "highway": null, "railway": null, "waterway": null, "man_made": null, "layer": "1", "width": null, "maxweight": null, "source": null, "adm0_pcode": "NPL", "adm0_name": "Nepal", "adm1_pcode": "NP03", "adm1_name": "Bagmati", "adm2_pcode": "NP0328", "adm2_name": "Nuwakot", "adm3_pcode": "NP0328301", "adm3_name": "Bidur", "adm4_pcode": null, "adm4_name": null, "name_latin": "devighat-Tadi bridge" }, "geometry": { "type": "LineString", "coordinates": [ [ 85.1088901, 27.8583444 ], [ 85.1092389, 27.8588683 ] ] } },
{ "type": "Feature", "properties": { "id": "way/340601089", "name": null, "name_en": null, "name_ne": null, "status": "Standing", "bridge": "yes", "bridge_structure": "simple-suspension", "highway": "path", "railway": null, "waterway": null, "man_made": null, "layer": "1", "width": null, "maxweight": null, "source": null, "adm0_pcode": "NPL", "adm0_name": "Nepal", "adm1_pcode": "NP04", "adm1_name": "Gandaki", "adm2_pcode": "NP0436", "adm2_name": "Gorkha", "adm3_pcode": "NP0436409", "adm3_name": "Gandaki", "adm4_pcode": null, "adm4_name": null, "name_latin": null }, "geometry": { "type": "LineString", "coordinates": [ [ 84.6997134, 27.8074589 ], [ 84.7002091, 27.8086795 ] ] } },
{ "type": "Feature", "properties": { "id": "way/217886259", "name": null, "name_en": null, "name_ne": null, "status": "Standing", "bridge": "yes", "bridge_structure": "suspension", "highway": "path", "railway": null, "waterway": null, "man_made": null, "layer": "1", "width": null, "maxweight": null, "source": null, "adm0_pcode": "NPL", "adm0_name": "Nepal", "adm1_pcode": "NP03", "adm1_name": "Bagmati", "adm2_pcode": "NP0335", "adm2_name": "Chitawan", "adm3_pcode": "NP0335401", "adm3_name": "Ichchha Kamana", "adm4_pcode": null, "adm4_name": null, "name_latin": null }, "geometry": { "type": "LineString", "coordinates": [ [ 84.5291064, 27.8200643 ], [ 84.5298213, 27.8200387 ], [ 84.5305842, 27.8200814 ] ] } },
{ "type": "Feature", "properties": { "id": "way/1408714155", "name": null, "name_en": null, "name_ne": null, "status": "Standing", "bridge": "yes", "bridge_structure": "simple-suspension", "highway": "footway", "railway": null, "waterway": null, "man_made": null, "layer": "1", "width": null, "maxweight": null, "source": null, "adm0_pcode": "NPL", "adm0_name": "Nepal", "adm1_pcode": "NP04", "adm1_name": "Gandaki", "adm2_pcode": "NP0436", "adm2_name": "Gorkha", "adm3_pcode": "NP0436409", "adm3_name": "Gandaki", "adm4_pcode": null, "adm4_name": null, "name_latin": null }, "geometry": { "type": "LineString", "coordinates": [ [ 84.6674206, 27.8217402 ], [ 84.6681521, 27.821768 ] ] } },
{ "type": "Feature", "properties": { "id": "way/400000901", "name": null, "name_en": null, "name_ne": null, "status": "Standing", "bridge": "yes", "bridge_structure": null, "highway": "primary", "railway": null, "waterway": null, "man_made": null, "layer": "1", "width": null, "maxweight": null, "source": null, "adm0_pcode": "NPL", "adm0_name": "Nepal", "adm1_pcode": "NP03", "adm1_name": "Bagmati", "adm2_pcode": "NP0328", "adm2_name": "Nuwakot", "adm3_pcode": "NP0328301", "adm3_name": "Bidur", "adm4_pcode": null, "adm4_name": null, "name_latin": null }, "geometry": { "type": "LineString", "coordinates": [ [ 85.0667809, 27.8530384 ], [ 85.0666176, 27.8530815 ] ] } },
{ "type": "Feature", "properties": { "id": "way/303036282", "name": null, "name_en": null, "name_ne": null, "status": "Standing", "bridge": "yes", "bridge_structure": "suspension", "highway": "footway", "railway": null, "waterway": null, "man_made": null, "layer": "1", "width": null, "maxweight": null, "source": null, "adm0_pcode": "NPL", "adm0_name": "Nepal", "adm1_pcode": "NP03", "adm1_name": "Bagmati", "adm2_pcode": "NP0328", "adm2_name": "Nuwakot", "adm3_pcode": "NP0328301", "adm3_name": "Bidur", "adm4_pcode": null, "adm4_name": null, "name_latin": null }, "geometry": { "type": "LineString", "coordinates": [ [ 85.086708, 27.8570528 ], [ 85.0870084, 27.8559051 ] ] } },
{ "type": "Feature", "properties": { "id": "way/246173465", "name": "Aqueduct (2 Barrel) crossing over Trishuli", "name_en": null, "name_ne": null, "status": "Destroyed", "bridge": "aqueduct", "bridge_structure": null, "highway": null, "railway": null, "waterway": null, "man_made": null, "layer": "1", "width": null, "maxweight": null, "source": null, "adm0_pcode": "NPL", "adm0_name": "Nepal", "adm1_pcode": "NP03", "adm1_name": "Bagmati", "adm2_pcode": "NP0328", "adm2_name": "Nuwakot", "adm3_pcode": "NP0328301", "adm3_name": "Bidur", "adm4_pcode": null, "adm4_name": null, "name_latin": "Aqueduct (2 Barrel) crossing over Trishuli" }, "geometry": { "type": "LineString", "coordinates": [ [ 85.1632259, 27.9486307 ], [ 85.1624539, 27.9484877 ] ] } },
{ "type": "Feature", "properties": { "id": "way/1463147997", "name": "Trishuli Naya Pul", "name_en": null, "name_ne": null, "status": "Standing", "bridge": "yes", "bridge_structure": null, "highway": "tertiary", "railway": null, "waterway": null, "man_made": null, "layer": "1", "width": null, "maxweight": null, "source": null, "adm0_pcode": "NPL", "adm0_name": "Nepal", "adm1_pcode": "NP03", "adm1_name": "Bagmati", "adm2_pcode": "NP0328", "adm2_name": "Nuwakot", "adm3_pcode": "NP0328301", "adm3_name": "Bidur", "adm4_pcode": null, "adm4_name": null, "name_latin": "Trishuli Naya Pul" }, "geometry": { "type": "LineString", "coordinates": [ [ 85.1478758, 27.9215446 ], [ 85.1479673, 27.9212007 ], [ 85.1480475, 27.9208994 ] ] } },
{ "type": "Feature", "properties": { "id": "way/342461139", "name": null, "name_en": null, "name_ne": null, "status": "Standing", "bridge": "yes", "bridge_structure": "simple-suspension", "highway": "path", "railway": null, "waterway": null, "man_made": null, "layer": "1", "width": null, "maxweight": null, "source": null, "adm0_pcode": "NPL", "adm0_name": "Nepal", "adm1_pcode": "NP04", "adm1_name": "Gandaki", "adm2_pcode": "NP0436", "adm2_name": "Gorkha", "adm3_pcode": "NP0436409", "adm3_name": "Gandaki", "adm4_pcode": null, "adm4_name": null, "name_latin": null }, "geometry": { "type": "LineString", "coordinates": [ [ 84.7383116, 27.8027984 ], [ 84.737155, 27.8034219 ] ] } },
{ "type": "Feature", "properties": { "id": "way/1553951070", "name": null, "name_en": null, "name_ne": null, "status": "Standing", "bridge": "yes", "bridge_structure": null, "highway": "unclassified", "railway": null, "waterway": null, "man_made": null, "layer": "1", "width": null, "maxweight": null, "source": null, "adm0_pcode": "NPL", "adm0_name": "Nepal", "adm1_pcode": "NP03", "adm1_name": "Bagmati", "adm2_pcode": "NP0329", "adm2_name": "Rasuwa", "adm3_pcode": "NP0329404", "adm3_name": "Kalika", "adm4_pcode": null, "adm4_name": null, "name_latin": null }, "geometry": { "type": "LineString", "coordinates": [ [ 85.2129905, 28.0758237 ], [ 85.212702, 28.0762142 ] ] } },
{ "type": "Feature", "properties": { "id": "way/340476882", "name": null, "name_en": null, "name_ne": null, "status": "Standing", "bridge": "yes", "bridge_structure": "beam", "highway": "unclassified", "railway": null, "waterway": null, "man_made": null, "layer": "1", "width": null, "maxweight": null, "source": null, "adm0_pcode": "NPL", "adm0_name": "Nepal", "adm1_pcode": "NP03", "adm1_name": "Bagmati", "adm2_pcode": "NP0328", "adm2_name": "Nuwakot", "adm3_pcode": "NP0328402", "adm3_name": "Kispang", "adm4_pcode": null, "adm4_name": null, "name_latin": null }, "geometry": { "type": "LineString", "coordinates": [ [ 85.1755169, 27.9831375 ], [ 85.1755723, 27.9828679 ], [ 85.1755922, 27.9825745 ] ] } },
{ "type": "Feature", "properties": { "id": "way/1422414758", "name": null, "name_en": null, "name_ne": null, "status": "Destroyed", "bridge": "yes", "bridge_structure": null, "highway": null, "railway": null, "waterway": null, "man_made": null, "layer": "1", "width": null, "maxweight": null, "source": null, "adm0_pcode": "NPL", "adm0_name": "Nepal", "adm1_pcode": "NP03", "adm1_name": "Bagmati", "adm2_pcode": "NP0329", "adm2_name": "Rasuwa", "adm3_pcode": "NP0329402", "adm3_name": "Gosaikunda", "adm4_pcode": null, "adm4_name": null, "name_latin": null }, "geometry": { "type": "LineString", "coordinates": [ [ 85.3579342, 28.2406648 ], [ 85.3580951, 28.240703 ], [ 85.3582316, 28.2407416 ], [ 85.3583204, 28.2407668 ], [ 85.3584088, 28.2407958 ] ] } },
{ "type": "Feature", "properties": { "id": "way/897866243", "name": null, "name_en": null, "name_ne": null, "status": "Destroyed", "bridge": "yes", "bridge_structure": null, "highway": null, "railway": null, "waterway": null, "man_made": null, "layer": "1", "width": null, "maxweight": null, "source": null, "adm0_pcode": "NPL", "adm0_name": "Nepal", "adm1_pcode": "NP03", "adm1_name": "Bagmati", "adm2_pcode": "NP0329", "adm2_name": "Rasuwa", "adm3_pcode": "NP0329402", "adm3_name": "Gosaikunda", "adm4_pcode": null, "adm4_name": null, "name_latin": null }, "geometry": { "type": "LineString", "coordinates": [ [ 85.3618177, 28.2263008 ], [ 85.3618155, 28.2266752 ] ] } },
{ "type": "Feature", "properties": { "id": "way/281810148", "name": "Tupche Aama ko pool", "name_en": null, "name_ne": null, "status": "Destroyed", "bridge": "yes", "bridge_structure": "simple-suspension", "highway": null, "railway": null, "waterway": null, "man_made": null, "layer": "1", "width": null, "maxweight": null, "source": "Bing", "adm0_pcode": "NPL", "adm0_name": "Nepal", "adm1_pcode": "NP03", "adm1_name": "Bagmati", "adm2_pcode": "NP0328", "adm2_name": "Nuwakot", "adm3_pcode": "NP0328301", "adm3_name": "Bidur", "adm4_pcode": null, "adm4_name": null, "name_latin": "Tupche Aama ko pool" }, "geometry": { "type": "LineString", "coordinates": [ [ 85.1732352, 27.9641916 ], [ 85.173644, 27.9637426 ] ] } },
{ "type": "Feature", "properties": { "id": "way/340503483", "name": null, "name_en": null, "name_ne": null, "status": "Destroyed", "bridge": "yes", "bridge_structure": null, "highway": null, "railway": null, "waterway": null, "man_made": null, "layer": "2", "width": null, "maxweight": null, "source": null, "adm0_pcode": "NPL", "adm0_name": "Nepal", "adm1_pcode": "NP03", "adm1_name": "Bagmati", "adm2_pcode": "NP0328", "adm2_name": "Nuwakot", "adm3_pcode": "NP0328301", "adm3_name": "Bidur", "adm4_pcode": null, "adm4_name": null, "name_latin": null }, "geometry": { "type": "LineString", "coordinates": [ [ 85.1640549, 27.9551629 ], [ 85.1642206, 27.9551986 ] ] } },
{ "type": "Feature", "properties": { "id": "way/1553948209", "name": null, "name_en": null, "name_ne": null, "status": "Standing", "bridge": "yes", "bridge_structure": null, "highway": "unclassified", "railway": null, "waterway": null, "man_made": null, "layer": null, "width": null, "maxweight": null, "source": null, "adm0_pcode": "NPL", "adm0_name": "Nepal", "adm1_pcode": "NP03", "adm1_name": "Bagmati", "adm2_pcode": "NP0329", "adm2_name": "Rasuwa", "adm3_pcode": "NP0329403", "adm3_name": "Uttargaya", "adm4_pcode": null, "adm4_name": null, "name_latin": null }, "geometry": { "type": "LineString", "coordinates": [ [ 85.2064104, 28.0624898 ], [ 85.2063948, 28.0627962 ] ] } },
{ "type": "Feature", "properties": { "id": "way/1553808116", "name": null, "name_en": null, "name_ne": null, "status": "Standing", "bridge": "yes", "bridge_structure": null, "highway": "unclassified", "railway": null, "waterway": null, "man_made": null, "layer": "1", "width": null, "maxweight": null, "source": null, "adm0_pcode": "NPL", "adm0_name": "Nepal", "adm1_pcode": "NP03", "adm1_name": "Bagmati", "adm2_pcode": "NP0330", "adm2_name": "Dhading", "adm3_pcode": "NP0330407", "adm3_name": "Siddhalek", "adm4_pcode": null, "adm4_name": null, "name_latin": null }, "geometry": { "type": "LineString", "coordinates": [ [ 84.8420622, 27.8209832 ], [ 84.8420619, 27.8205675 ] ] } },
{ "type": "Feature", "properties": { "id": "way/302582602", "name": null, "name_en": null, "name_ne": null, "status": "Standing", "bridge": "yes", "bridge_structure": "simple-suspension", "highway": "unclassified", "railway": null, "waterway": null, "man_made": null, "layer": "1", "width": null, "maxweight": null, "source": null, "adm0_pcode": "NPL", "adm0_name": "Nepal", "adm1_pcode": "NP03", "adm1_name": "Bagmati", "adm2_pcode": "NP0335", "adm2_name": "Chitawan", "adm3_pcode": "NP0335101", "adm3_name": "Bharatpur", "adm4_pcode": null, "adm4_name": null, "name_latin": null }, "geometry": { "type": "LineString", "coordinates": [ [ 84.4649191, 27.8233888 ], [ 84.4660912, 27.8233721 ] ] } },
{ "type": "Feature", "properties": { "id": "way/140332461", "name": "Prithvi Rajmarg", "name_en": "Prithvi Highway", "name_ne": "पृथ्वी राजमार्ग", "status": "Standing", "bridge": "yes", "bridge_structure": null, "highway": "trunk", "railway": null, "waterway": null, "man_made": null, "layer": "1", "width": null, "maxweight": null, "source": null, "adm0_pcode": "NPL", "adm0_name": "Nepal", "adm1_pcode": "NP03", "adm1_name": "Bagmati", "adm2_pcode": "NP0330", "adm2_name": "Dhading", "adm3_pcode": "NP0330410", "adm3_name": "Galchhi", "adm4_pcode": null, "adm4_name": null, "name_latin": "Prithvi Highway" }, "geometry": { "type": "LineString", "coordinates": [ [ 84.9684274, 27.8069635 ], [ 84.968297, 27.8065384 ] ] } },
{ "type": "Feature", "properties": { "id": "way/342147151", "name": "Suspension Bridge", "name_en": null, "name_ne": null, "status": "Standing", "bridge": "yes", "bridge_structure": null, "highway": "footway", "railway": null, "waterway": null, "man_made": null, "layer": "1", "width": "1.2 m", "maxweight": null, "source": null, "adm0_pcode": "NPL", "adm0_name": "Nepal", "adm1_pcode": "NP03", "adm1_name": "Bagmati", "adm2_pcode": "NP0328", "adm2_name": "Nuwakot", "adm3_pcode": "NP0328301", "adm3_name": "Bidur", "adm4_pcode": null, "adm4_name": null, "name_latin": "Suspension Bridge" }, "geometry": { "type": "LineString", "coordinates": [ [ 85.1586668, 27.9390688 ], [ 85.1578798, 27.9395798 ] ] } },
{ "type": "Feature", "properties": { "id": "way/341557608", "name": null, "name_en": null, "name_ne": null, "status": "Destroyed", "bridge": "yes", "bridge_structure": null, "highway": null, "railway": null, "waterway": null, "man_made": null, "layer": "1", "width": null, "maxweight": null, "source": null, "adm0_pcode": "NPL", "adm0_name": "Nepal", "adm1_pcode": "NP03", "adm1_name": "Bagmati", "adm2_pcode": "NP0329", "adm2_name": "Rasuwa", "adm3_pcode": "NP0329401", "adm3_name": "Aamachhodingmo", "adm4_pcode": null, "adm4_name": null, "name_latin": null }, "geometry": { "type": "LineString", "coordinates": [ [ 85.3431968, 28.1826648 ], [ 85.3438355, 28.182505 ] ] } },
{ "type": "Feature", "properties": { "id": "way/1554502334", "name": null, "name_en": null, "name_ne": null, "status": "Destroyed", "bridge": "yes", "bridge_structure": "simple-suspension", "highway": null, "railway": null, "waterway": null, "man_made": null, "layer": null, "width": null, "maxweight": null, "source": null, "adm0_pcode": "NPL", "adm0_name": "Nepal", "adm1_pcode": "NP03", "adm1_name": "Bagmati", "adm2_pcode": "NP0329", "adm2_name": "Rasuwa", "adm3_pcode": "NP0329401", "adm3_name": "Aamachhodingmo", "adm4_pcode": null, "adm4_name": null, "name_latin": null }, "geometry": { "type": "LineString", "coordinates": [ [ 85.2810207, 28.113124 ], [ 85.2813667, 28.1128614 ] ] } },
{ "type": "Feature", "properties": { "id": "way/1552746560", "name": "热索临时便桥 रसुवागढीमा अस्थायी मितेरी पुल", "name_en": "Temporary Friendship Bridge in Rasuwagadhi", "name_ne": "रसुवागढीमा अस्थायी मितेरी पुल", "status": "Destroyed", "bridge": "yes", "bridge_structure": null, "highway": null, "railway": null, "waterway": null, "man_made": "bridge", "layer": "1", "width": null, "maxweight": null, "source": null, "adm0_pcode": "NPL", "adm0_name": "Nepal", "adm1_pcode": "NP03", "adm1_name": "Bagmati", "adm2_pcode": "NP0329", "adm2_name": "Rasuwa", "adm3_pcode": "NP0329402", "adm3_name": "Gosaikunda", "adm4_pcode": null, "adm4_name": null, "name_latin": "Temporary Friendship Bridge in Rasuwagadhi" }, "geometry": { "type": "LineString", "coordinates": [ [ 85.3779895, 28.2791446 ], [ 85.3780167, 28.2791529 ], [ 85.3780439, 28.2791611 ], [ 85.3780488, 28.2791487 ], [ 85.3783412, 28.2784023 ], [ 85.3783141, 28.2783941 ], [ 85.3782871, 28.2783859 ], [ 85.3780015, 28.279114 ], [ 85.3779895, 28.2791446 ] ] } },
{ "type": "Feature", "properties": { "id": "way/140332466", "name": "Galaundi khola", "name_en": "Galaundi khola", "name_ne": null, "status": "Standing", "bridge": "yes", "bridge_structure": null, "highway": "trunk", "railway": null, "waterway": null, "man_made": null, "layer": "1", "width": null, "maxweight": null, "source": null, "adm0_pcode": "NPL", "adm0_name": "Nepal", "adm1_pcode": "NP03", "adm1_name": "Bagmati", "adm2_pcode": "NP0330", "adm2_name": "Dhading", "adm3_pcode": "NP0330407", "adm3_name": "Siddhalek", "adm4_pcode": null, "adm4_name": null, "name_latin": "Galaundi khola" }, "geometry": { "type": "LineString", "coordinates": [ [ 84.8896744, 27.8073724 ], [ 84.8900492, 27.8073938 ] ] } },
{ "type": "Feature", "properties": { "id": "way/1485596672", "name": null, "name_en": null, "name_ne": null, "status": "Standing", "bridge": "yes", "bridge_structure": null, "highway": "path", "railway": null, "waterway": null, "man_made": null, "layer": "1", "width": null, "maxweight": null, "source": null, "adm0_pcode": "NPL", "adm0_name": "Nepal", "adm1_pcode": "NP03", "adm1_name": "Bagmati", "adm2_pcode": "NP0330", "adm2_name": "Dhading", "adm3_pcode": "NP0330407", "adm3_name": "Siddhalek", "adm4_pcode": null, "adm4_name": null, "name_latin": null }, "geometry": { "type": "LineString", "coordinates": [ [ 84.8539769, 27.8074235 ], [ 84.8541904, 27.808836 ] ] } },
{ "type": "Feature", "properties": { "id": "way/140332519", "name": "Soti khola", "name_en": "Soti khola", "name_ne": null, "status": "Standing", "bridge": "yes", "bridge_structure": null, "highway": "trunk", "railway": null, "waterway": null, "man_made": null, "layer": "1", "width": null, "maxweight": null, "source": null, "adm0_pcode": "NPL", "adm0_name": "Nepal", "adm1_pcode": "NP03", "adm1_name": "Bagmati", "adm2_pcode": "NP0330", "adm2_name": "Dhading", "adm3_pcode": "NP0330409", "adm3_name": "Gajuri", "adm4_pcode": null, "adm4_name": null, "name_latin": "Soti khola" }, "geometry": { "type": "LineString", "coordinates": [ [ 84.8727476, 27.8007654 ], [ 84.8728165, 27.8008991 ], [ 84.8728635, 27.8010501 ] ] } },
{ "type": "Feature", "properties": { "id": "way/435417464", "name": "Furke Khola Bridge", "name_en": null, "name_ne": "फुर्खे खोला पुल", "status": "Standing", "bridge": "yes", "bridge_structure": null, "highway": "secondary", "railway": null, "waterway": null, "man_made": null, "layer": "1", "width": null, "maxweight": null, "source": null, "adm0_pcode": "NPL", "adm0_name": "Nepal", "adm1_pcode": "NP03", "adm1_name": "Bagmati", "adm2_pcode": "NP0330", "adm2_name": "Dhading", "adm3_pcode": "NP0330407", "adm3_name": "Siddhalek", "adm4_pcode": null, "adm4_name": null, "name_latin": "Furke Khola Bridge" }, "geometry": { "type": "LineString", "coordinates": [ [ 84.8445053, 27.8019177 ], [ 84.8438618, 27.8028976 ] ] } },
{ "type": "Feature", "properties": { "id": "way/140332481", "name": "Prithvi Rajmarg", "name_en": "Prithvi Rajmarg", "name_ne": null, "status": "Standing", "bridge": "yes", "bridge_structure": null, "highway": "trunk", "railway": null, "waterway": null, "man_made": null, "layer": "1", "width": null, "maxweight": null, "source": null, "adm0_pcode": "NPL", "adm0_name": "Nepal", "adm1_pcode": "NP03", "adm1_name": "Bagmati", "adm2_pcode": "NP0330", "adm2_name": "Dhading", "adm3_pcode": "NP0330407", "adm3_name": "Siddhalek", "adm4_pcode": null, "adm4_name": null, "name_latin": "Prithvi Rajmarg" }, "geometry": { "type": "LineString", "coordinates": [ [ 84.8351833, 27.8073006 ], [ 84.835559, 27.8067934 ] ] } },
{ "type": "Feature", "properties": { "id": "way/343722608", "name": null, "name_en": null, "name_ne": null, "status": "Standing", "bridge": "yes", "bridge_structure": null, "highway": "path", "railway": null, "waterway": null, "man_made": null, "layer": "1", "width": null, "maxweight": null, "source": null, "adm0_pcode": "NPL", "adm0_name": "Nepal", "adm1_pcode": "NP03", "adm1_name": "Bagmati", "adm2_pcode": "NP0330", "adm2_name": "Dhading", "adm3_pcode": "NP0330407", "adm3_name": "Siddhalek", "adm4_pcode": null, "adm4_name": null, "name_latin": null }, "geometry": { "type": "LineString", "coordinates": [ [ 84.8364343, 27.8102246 ], [ 84.8348039, 27.8101618 ] ] } },
{ "type": "Feature", "properties": { "id": "way/343553908", "name": null, "name_en": null, "name_ne": null, "status": "Standing", "bridge": "yes", "bridge_structure": null, "highway": "unclassified", "railway": null, "waterway": null, "man_made": null, "layer": "1", "width": null, "maxweight": null, "source": "Bing", "adm0_pcode": "NPL", "adm0_name": "Nepal", "adm1_pcode": "NP03", "adm1_name": "Bagmati", "adm2_pcode": "NP0328", "adm2_name": "Nuwakot", "adm3_pcode": "NP0328301", "adm3_name": "Bidur", "adm4_pcode": null, "adm4_name": null, "name_latin": null }, "geometry": { "type": "LineString", "coordinates": [ [ 85.1584489, 27.9443716 ], [ 85.1583805, 27.9444393 ] ] } },
{ "type": "Feature", "properties": { "id": "way/1553778277", "name": null, "name_en": null, "name_ne": null, "status": "Destroyed", "bridge": "yes", "bridge_structure": "simple-suspension", "highway": null, "railway": null, "waterway": null, "man_made": null, "layer": null, "width": null, "maxweight": null, "source": null, "adm0_pcode": "NPL", "adm0_name": "Nepal", "adm1_pcode": "NP03", "adm1_name": "Bagmati", "adm2_pcode": "NP0329", "adm2_name": "Rasuwa", "adm3_pcode": "NP0329401", "adm3_name": "Aamachhodingmo", "adm4_pcode": null, "adm4_name": null, "name_latin": null }, "geometry": { "type": "LineString", "coordinates": [ [ 85.3045464, 28.1375642 ], [ 85.3048816, 28.1374105 ] ] } },
{ "type": "Feature", "properties": { "id": "way/235982823", "name": null, "name_en": null, "name_ne": null, "status": "Standing", "bridge": "yes", "bridge_structure": null, "highway": "footway", "railway": null, "waterway": null, "man_made": null, "layer": "1", "width": null, "maxweight": null, "source": null, "adm0_pcode": "NPL", "adm0_name": "Nepal", "adm1_pcode": "NP03", "adm1_name": "Bagmati", "adm2_pcode": "NP0328", "adm2_name": "Nuwakot", "adm3_pcode": "NP0328301", "adm3_name": "Bidur", "adm4_pcode": null, "adm4_name": null, "name_latin": null }, "geometry": { "type": "LineString", "coordinates": [ [ 85.071111, 27.853026 ], [ 85.072274, 27.8548239 ] ] } },
{ "type": "Feature", "properties": { "id": "way/343553910", "name": null, "name_en": null, "name_ne": null, "status": "Standing", "bridge": "yes", "bridge_structure": null, "highway": "unclassified", "railway": null, "waterway": null, "man_made": null, "layer": "1", "width": null, "maxweight": null, "source": "Bing", "adm0_pcode": "NPL", "adm0_name": "Nepal", "adm1_pcode": "NP03", "adm1_name": "Bagmati", "adm2_pcode": "NP0328", "adm2_name": "Nuwakot", "adm3_pcode": "NP0328301", "adm3_name": "Bidur", "adm4_pcode": null, "adm4_name": null, "name_latin": null }, "geometry": { "type": "LineString", "coordinates": [ [ 85.1586576, 27.9442378 ], [ 85.1585316, 27.9442899 ] ] } },
{ "type": "Feature", "properties": { "id": "way/1553347890", "name": null, "name_en": null, "name_ne": null, "status": "Standing", "bridge": "yes", "bridge_structure": null, "highway": "unclassified", "railway": null, "waterway": null, "man_made": null, "layer": "1", "width": null, "maxweight": null, "source": null, "adm0_pcode": "NPL", "adm0_name": "Nepal", "adm1_pcode": "NP03", "adm1_name": "Bagmati", "adm2_pcode": "NP0329", "adm2_name": "Rasuwa", "adm3_pcode": "NP0329401", "adm3_name": "Aamachhodingmo", "adm4_pcode": null, "adm4_name": null, "name_latin": null }, "geometry": { "type": "LineString", "coordinates": [ [ 85.3094337, 28.1387341 ], [ 85.3093041, 28.138572 ] ] } },
{ "type": "Feature", "properties": { "id": "way/341461646", "name": "Falaakhu River Bridge", "name_en": null, "name_ne": "फलाखु खोला पुल", "status": "Standing", "bridge": "yes", "bridge_structure": null, "highway": "primary", "railway": null, "waterway": null, "man_made": null, "layer": "1", "width": null, "maxweight": null, "source": "MapBox", "adm0_pcode": "NPL", "adm0_name": "Nepal", "adm1_pcode": "NP03", "adm1_name": "Bagmati", "adm2_pcode": "NP0328", "adm2_name": "Nuwakot", "adm3_pcode": "NP0328301", "adm3_name": "Bidur", "adm4_pcode": null, "adm4_name": null, "name_latin": "Falaakhu River Bridge" }, "geometry": { "type": "LineString", "coordinates": [ [ 85.185882, 27.9739074 ], [ 85.1856624, 27.9744799 ] ] } },
{ "type": "Feature", "properties": { "id": "way/1552614086", "name": null, "name_en": null, "name_ne": null, "status": "Standing", "bridge": "yes", "bridge_structure": null, "highway": "path", "railway": null, "waterway": null, "man_made": null, "layer": "1", "width": null, "maxweight": null, "source": null, "adm0_pcode": "NPL", "adm0_name": "Nepal", "adm1_pcode": "NP03", "adm1_name": "Bagmati", "adm2_pcode": "NP0328", "adm2_name": "Nuwakot", "adm3_pcode": "NP0328301", "adm3_name": "Bidur", "adm4_pcode": null, "adm4_name": null, "name_latin": null }, "geometry": { "type": "LineString", "coordinates": [ [ 85.1353848, 27.8782573 ], [ 85.1353841, 27.8781642 ] ] } },
{ "type": "Feature", "properties": { "id": "way/302554531", "name": "Suspension Bridge", "name_en": null, "name_ne": null, "status": "Standing", "bridge": "yes", "bridge_structure": null, "highway": "footway", "railway": null, "waterway": null, "man_made": null, "layer": "1", "width": null, "maxweight": null, "source": null, "adm0_pcode": "NPL", "adm0_name": "Nepal", "adm1_pcode": "NP03", "adm1_name": "Bagmati", "adm2_pcode": "NP0328", "adm2_name": "Nuwakot", "adm3_pcode": "NP0328302", "adm3_name": "Belkotgadhi", "adm4_pcode": null, "adm4_name": null, "name_latin": "Suspension Bridge" }, "geometry": { "type": "LineString", "coordinates": [ [ 85.0224691, 27.8311017 ], [ 85.0216698, 27.8314623 ], [ 85.0202334, 27.8322513 ] ] } },
{ "type": "Feature", "properties": { "id": "way/342320931", "name": null, "name_en": null, "name_ne": null, "status": "Standing", "bridge": "yes", "bridge_structure": null, "highway": "unclassified", "railway": null, "waterway": null, "man_made": null, "layer": "1", "width": "6", "maxweight": null, "source": null, "adm0_pcode": "NPL", "adm0_name": "Nepal", "adm1_pcode": "NP03", "adm1_name": "Bagmati", "adm2_pcode": "NP0328", "adm2_name": "Nuwakot", "adm3_pcode": "NP0328301", "adm3_name": "Bidur", "adm4_pcode": null, "adm4_name": null, "name_latin": null }, "geometry": { "type": "LineString", "coordinates": [ [ 85.1159042, 27.8707679 ], [ 85.1164683, 27.8701778 ] ] } },
{ "type": "Feature", "properties": { "id": "way/341174340", "name": null, "name_en": null, "name_ne": null, "status": "Destroyed", "bridge": "yes", "bridge_structure": null, "highway": null, "railway": null, "waterway": null, "man_made": null, "layer": "2", "width": null, "maxweight": null, "source": null, "adm0_pcode": "NPL", "adm0_name": "Nepal", "adm1_pcode": "NP03", "adm1_name": "Bagmati", "adm2_pcode": "NP0328", "adm2_name": "Nuwakot", "adm3_pcode": "NP0328301", "adm3_name": "Bidur", "adm4_pcode": null, "adm4_name": null, "name_latin": null }, "geometry": { "type": "LineString", "coordinates": [ [ 85.1636281, 27.9563409 ], [ 85.1634916, 27.9562868 ] ] } },
{ "type": "Feature", "properties": { "id": "way/302728292", "name": null, "name_en": null, "name_ne": null, "status": "Standing", "bridge": "yes", "bridge_structure": null, "highway": "footway", "railway": null, "waterway": null, "man_made": null, "layer": "1", "width": null, "maxweight": null, "source": null, "adm0_pcode": "NPL", "adm0_name": "Nepal", "adm1_pcode": "NP03", "adm1_name": "Bagmati", "adm2_pcode": "NP0330", "adm2_name": "Dhading", "adm3_pcode": "NP0330410", "adm3_name": "Galchhi", "adm4_pcode": null, "adm4_name": null, "name_latin": null }, "geometry": { "type": "LineString", "coordinates": [ [ 85.0013226, 27.8028295 ], [ 85.0013095, 27.8025753 ], [ 85.0011992, 27.8004331 ] ] } },
{ "type": "Feature", "properties": { "id": "way/342320930", "name": null, "name_en": null, "name_ne": null, "status": "Standing", "bridge": "yes", "bridge_structure": null, "highway": "unclassified", "railway": null, "waterway": null, "man_made": null, "layer": "1", "width": "6", "maxweight": null, "source": null, "adm0_pcode": "NPL", "adm0_name": "Nepal", "adm1_pcode": "NP03", "adm1_name": "Bagmati", "adm2_pcode": "NP0328", "adm2_name": "Nuwakot", "adm3_pcode": "NP0328301", "adm3_name": "Bidur", "adm4_pcode": null, "adm4_name": null, "name_latin": null }, "geometry": { "type": "LineString", "coordinates": [ [ 85.1157473, 27.870932 ], [ 85.1159042, 27.8707679 ] ] } }
]
}
