{
"type": "FeatureCollection",
"name": "education_facilities",
"crs": { "type": "name", "properties": { "name": "urn:ogc:def:crs:OGC:1.3:CRS84" } },
"features": [
{ "type": "Feature", "properties": { "id": "node/4969563549", "name": "Shree Danda Gaun Ucha Ma. V", "name_en": null, "name_ne": null, "status": "Standing", "amenity": "school", "building": null, "operator_type": "government", "capacity_persons": null, "addr_full": null, "addr_city": null, "source": null, "adm0_pcode": "NPL", "adm0_name": "Nepal", "adm1_pcode": "NP03", "adm1_name": "Bagmati", "adm2_pcode": "NP0329", "adm2_name": "Rasuwa", "adm3_pcode": "NP0329403", "adm3_name": "Uttargaya", "adm4_pcode": null, "adm4_name": null, "name_latin": "Shree Danda Gaun Ucha Ma. V" }, "geometry": { "type": "Point", "coordinates": [ 85.1851894, 28.0378925 ] } },
{ "type": "Feature", "properties": { "id": "node/4969565986", "name": "Shree Dipendra Pra Vi", "name_en": null, "name_ne": null, "status": "Standing", "amenity": "school", "building": null, "operator_type": "government", "capacity_persons": null, "addr_full": null, "addr_city": null, "source": null, "adm0_pcode": "NPL", "adm0_name": "Nepal", "adm1_pcode": "NP03", "adm1_name": "Bagmati", "adm2_pcode": "NP0329", "adm2_name": "Rasuwa", "adm3_pcode": "NP0329403", "adm3_name": "Uttargaya", "adm4_pcode": null, "adm4_name": null, "name_latin": "Shree Dipendra Pra Vi" }, "geometry": { "type": "Point", "coordinates": [ 85.1894642, 28.0473961 ] } },
{ "type": "Feature", "properties": { "id": "node/4969579345", "name": "Shree Chipleti Pra Vi", "name_en": null, "name_ne": null, "status": "Standing", "amenity": "school", "building": null, "operator_type": "government", "capacity_persons": null, "addr_full": null, "addr_city": null, "source": null, "adm0_pcode": "NPL", "adm0_name": "Nepal", "adm1_pcode": "NP03", "adm1_name": "Bagmati", "adm2_pcode": "NP0329", "adm2_name": "Rasuwa", "adm3_pcode": "NP0329404", "adm3_name": "Kalika", "adm4_pcode": null, "adm4_name": null, "name_latin": "Shree Chipleti Pra Vi" }, "geometry": { "type": "Point", "coordinates": [ 85.2081762, 28.0563867 ] } },
{ "type": "Feature", "properties": { "id": "node/4969595164", "name": "Shree Simle Pra Vi", "name_en": null, "name_ne": null, "status": "Standing", "amenity": "school", "building": null, "operator_type": "government", "capacity_persons": null, "addr_full": null, "addr_city": null, "source": null, "adm0_pcode": "NPL", "adm0_name": "Nepal", "adm1_pcode": "NP03", "adm1_name": "Bagmati", "adm2_pcode": "NP0329", "adm2_name": "Rasuwa", "adm3_pcode": "NP0329403", "adm3_name": "Uttargaya", "adm4_pcode": null, "adm4_name": null, "name_latin": "Shree Simle Pra Vi" }, "geometry": { "type": "Point", "coordinates": [ 85.1907891, 28.0297555 ] } },
{ "type": "Feature", "properties": { "id": "node/4969555362", "name": "Shree Saraswoti Ni Ma V", "name_en": null, "name_ne": null, "status": "Standing", "amenity": "school", "building": null, "operator_type": "government", "capacity_persons": null, "addr_full": null, "addr_city": null, "source": null, "adm0_pcode": "NPL", "adm0_name": "Nepal", "adm1_pcode": "NP03", "adm1_name": "Bagmati", "adm2_pcode": "NP0329", "adm2_name": "Rasuwa", "adm3_pcode": "NP0329403", "adm3_name": "Uttargaya", "adm4_pcode": null, "adm4_name": null, "name_latin": "Shree Saraswoti Ni Ma V" }, "geometry": { "type": "Point", "coordinates": [ 85.1795711, 28.0276758 ] } },
{ "type": "Feature", "properties": { "id": "node/5019534984", "name": "Shree Tribhuwan Ma Vi", "name_en": null, "name_ne": null, "status": "Standing", "amenity": "school", "building": null, "operator_type": "government", "capacity_persons": null, "addr_full": null, "addr_city": null, "source": null, "adm0_pcode": "NPL", "adm0_name": "Nepal", "adm1_pcode": "NP03", "adm1_name": "Bagmati", "adm2_pcode": "NP0329", "adm2_name": "Rasuwa", "adm3_pcode": "NP0329403", "adm3_name": "Uttargaya", "adm4_pcode": null, "adm4_name": null, "name_latin": "Shree Tribhuwan Ma Vi" }, "geometry": { "type": "Point", "coordinates": [ 85.1782975, 28.0181595 ] } },
{ "type": "Feature", "properties": { "id": "node/4969588205", "name": "Shree kalika Pra Vi", "name_en": null, "name_ne": null, "status": "Standing", "amenity": "school", "building": null, "operator_type": "government", "capacity_persons": null, "addr_full": null, "addr_city": null, "source": null, "adm0_pcode": "NPL", "adm0_name": "Nepal", "adm1_pcode": "NP03", "adm1_name": "Bagmati", "adm2_pcode": "NP0329", "adm2_name": "Rasuwa", "adm3_pcode": "NP0329404", "adm3_name": "Kalika", "adm4_pcode": null, "adm4_name": null, "name_latin": "Shree kalika Pra Vi" }, "geometry": { "type": "Point", "coordinates": [ 85.2220017, 28.0877364 ] } },
{ "type": "Feature", "properties": { "id": "node/4969571096", "name": "Shree Ganesh Pra Vi", "name_en": null, "name_ne": null, "status": "Standing", "amenity": "school", "building": null, "operator_type": "government", "capacity_persons": null, "addr_full": null, "addr_city": null, "source": null, "adm0_pcode": "NPL", "adm0_name": "Nepal", "adm1_pcode": "NP03", "adm1_name": "Bagmati", "adm2_pcode": "NP0329", "adm2_name": "Rasuwa", "adm3_pcode": "NP0329403", "adm3_name": "Uttargaya", "adm4_pcode": null, "adm4_name": null, "name_latin": "Shree Ganesh Pra Vi" }, "geometry": { "type": "Point", "coordinates": [ 85.1991346, 28.0712845 ] } },
{ "type": "Feature", "properties": { "id": "node/4968032717", "name": "Shree Nepal Rastriya Pra Vi", "name_en": null, "name_ne": null, "status": "Standing", "amenity": "school", "building": null, "operator_type": "government", "capacity_persons": null, "addr_full": null, "addr_city": null, "source": null, "adm0_pcode": "NPL", "adm0_name": "Nepal", "adm1_pcode": "NP03", "adm1_name": "Bagmati", "adm2_pcode": "NP0329", "adm2_name": "Rasuwa", "adm3_pcode": "NP0329401", "adm3_name": "Aamachhodingmo", "adm4_pcode": null, "adm4_name": null, "name_latin": "Shree Nepal Rastriya Pra Vi" }, "geometry": { "type": "Point", "coordinates": [ 85.3449613, 28.1969461 ] } },
{ "type": "Feature", "properties": { "id": "node/4967821159", "name": "Shree Haku Besi Ni.Ma.V", "name_en": null, "name_ne": null, "status": "Standing", "amenity": "school", "building": null, "operator_type": "government", "capacity_persons": null, "addr_full": null, "addr_city": null, "source": null, "adm0_pcode": "NPL", "adm0_name": "Nepal", "adm1_pcode": "NP03", "adm1_name": "Bagmati", "adm2_pcode": "NP0329", "adm2_name": "Rasuwa", "adm3_pcode": "NP0329401", "adm3_name": "Aamachhodingmo", "adm4_pcode": null, "adm4_name": null, "name_latin": "Shree Haku Besi Ni.Ma.V" }, "geometry": { "type": "Point", "coordinates": [ 85.2794174, 28.1146281 ] } },
{ "type": "Feature", "properties": { "id": "node/2857847363", "name": "Gosaikunda English Reading School", "name_en": null, "name_ne": null, "status": "Destroyed", "amenity": "school", "building": null, "operator_type": null, "capacity_persons": null, "addr_full": null, "addr_city": null, "source": "GPS", "adm0_pcode": "NPL", "adm0_name": "Nepal", "adm1_pcode": "NP03", "adm1_name": "Bagmati", "adm2_pcode": "NP0329", "adm2_name": "Rasuwa", "adm3_pcode": "NP0329402", "adm3_name": "Gosaikunda", "adm4_pcode": null, "adm4_name": null, "name_latin": "Gosaikunda English Reading School" }, "geometry": { "type": "Point", "coordinates": [ 85.3388638, 28.1643332 ] } },
{ "type": "Feature", "properties": { "id": "node/7940743986", "name": null, "name_en": "Shree Pioneer Secondary Boarding School", "name_ne": null, "status": "Standing", "amenity": "school", "building": null, "operator_type": null, "capacity_persons": null, "addr_full": null, "addr_city": null, "source": null, "adm0_pcode": "NPL", "adm0_name": "Nepal", "adm1_pcode": "NP03", "adm1_name": "Bagmati", "adm2_pcode": "NP0328", "adm2_name": "Nuwakot", "adm3_pcode": "NP0328301", "adm3_name": "Bidur", "adm4_pcode": null, "adm4_name": null, "name_latin": "Shree Pioneer Secondary Boarding School" }, "geometry": { "type": "Point", "coordinates": [ 85.1693966, 27.964749 ] } },
{ "type": "Feature", "properties": { "id": "node/5063613276", "name": "Shree Chetana Primary School", "name_en": null, "name_ne": null, "status": "Destroyed", "amenity": "school", "building": null, "operator_type": "government", "capacity_persons": null, "addr_full": null, "addr_city": null, "source": null, "adm0_pcode": "NPL", "adm0_name": "Nepal", "adm1_pcode": "NP03", "adm1_name": "Bagmati", "adm2_pcode": "NP0328", "adm2_name": "Nuwakot", "adm3_pcode": "NP0328301", "adm3_name": "Bidur", "adm4_pcode": null, "adm4_name": null, "name_latin": "Shree Chetana Primary School" }, "geometry": { "type": "Point", "coordinates": [ 85.1713652, 27.9618698 ] } },
{ "type": "Feature", "properties": { "id": "node/4968022376", "name": "Shree Arunodaya Primary School", "name_en": null, "name_ne": null, "status": "Standing", "amenity": "school", "building": null, "operator_type": "government", "capacity_persons": null, "addr_full": null, "addr_city": null, "source": null, "adm0_pcode": "NPL", "adm0_name": "Nepal", "adm1_pcode": "NP03", "adm1_name": "Bagmati", "adm2_pcode": "NP0329", "adm2_name": "Rasuwa", "adm3_pcode": "NP0329402", "adm3_name": "Gosaikunda", "adm4_pcode": null, "adm4_name": null, "name_latin": "Shree Arunodaya Primary School" }, "geometry": { "type": "Point", "coordinates": [ 85.3518991, 28.2286148 ] } },
{ "type": "Feature", "properties": { "id": "node/4967801446", "name": "Shree Bhimali Pra.V", "name_en": null, "name_ne": null, "status": "Standing", "amenity": "school", "building": null, "operator_type": "government", "capacity_persons": null, "addr_full": null, "addr_city": null, "source": null, "adm0_pcode": "NPL", "adm0_name": "Nepal", "adm1_pcode": "NP03", "adm1_name": "Bagmati", "adm2_pcode": "NP0329", "adm2_name": "Rasuwa", "adm3_pcode": "NP0329402", "adm3_name": "Gosaikunda", "adm4_pcode": null, "adm4_name": null, "name_latin": "Shree Bhimali Pra.V" }, "geometry": { "type": "Point", "coordinates": [ 85.2784599, 28.1001074 ] } },
{ "type": "Feature", "properties": { "id": "node/5651350813", "name": "Shree Rasuwa Secondary School", "name_en": null, "name_ne": null, "status": "Standing", "amenity": "school", "building": null, "operator_type": null, "capacity_persons": null, "addr_full": null, "addr_city": null, "source": null, "adm0_pcode": "NPL", "adm0_name": "Nepal", "adm1_pcode": "NP03", "adm1_name": "Bagmati", "adm2_pcode": "NP0329", "adm2_name": "Rasuwa", "adm3_pcode": "NP0329402", "adm3_name": "Gosaikunda", "adm4_pcode": null, "adm4_name": null, "name_latin": "Shree Rasuwa Secondary School" }, "geometry": { "type": "Point", "coordinates": [ 85.2952257, 28.1128378 ] } },
{ "type": "Feature", "properties": { "id": "node/4967982080", "name": "Shree komin Pra.V", "name_en": null, "name_ne": null, "status": "Standing", "amenity": "school", "building": null, "operator_type": "government", "capacity_persons": null, "addr_full": null, "addr_city": null, "source": null, "adm0_pcode": "NPL", "adm0_name": "Nepal", "adm1_pcode": "NP03", "adm1_name": "Bagmati", "adm2_pcode": "NP0329", "adm2_name": "Rasuwa", "adm3_pcode": "NP0329402", "adm3_name": "Gosaikunda", "adm4_pcode": null, "adm4_name": null, "name_latin": "Shree komin Pra.V" }, "geometry": { "type": "Point", "coordinates": [ 85.3321695, 28.1616696 ] } },
{ "type": "Feature", "properties": { "id": "node/11990113970", "name": "Bajrayogini Secondary School", "name_en": null, "name_ne": null, "status": "Standing", "amenity": "school", "building": null, "operator_type": null, "capacity_persons": null, "addr_full": null, "addr_city": null, "source": null, "adm0_pcode": "NPL", "adm0_name": "Nepal", "adm1_pcode": "NP04", "adm1_name": "Gandaki", "adm2_pcode": "NP0440", "adm2_name": "Tanahu", "adm3_pcode": "NP0440406", "adm3_name": "Devghat", "adm4_pcode": null, "adm4_name": null, "name_latin": "Bajrayogini Secondary School" }, "geometry": { "type": "Point", "coordinates": [ 84.4306907, 27.7496328 ] } },
{ "type": "Feature", "properties": { "id": "node/4939935947", "name": "Shri Bagh Bachala Pra V", "name_en": null, "name_ne": null, "status": "Standing", "amenity": "school", "building": null, "operator_type": "government", "capacity_persons": null, "addr_full": null, "addr_city": null, "source": null, "adm0_pcode": "NPL", "adm0_name": "Nepal", "adm1_pcode": "NP03", "adm1_name": "Bagmati", "adm2_pcode": "NP0330", "adm2_name": "Dhading", "adm3_pcode": "NP0330408", "adm3_name": "Benighat Rorang", "adm4_pcode": null, "adm4_name": null, "name_latin": "Shri Bagh Bachala Pra V" }, "geometry": { "type": "Point", "coordinates": [ 84.7277681, 27.7928261 ] } },
{ "type": "Feature", "properties": { "id": "node/4939902293", "name": "Shri Jhagaredanda Pra V", "name_en": null, "name_ne": null, "status": "Standing", "amenity": "school", "building": null, "operator_type": "government", "capacity_persons": null, "addr_full": null, "addr_city": null, "source": null, "adm0_pcode": "NPL", "adm0_name": "Nepal", "adm1_pcode": "NP03", "adm1_name": "Bagmati", "adm2_pcode": "NP0330", "adm2_name": "Dhading", "adm3_pcode": "NP0330408", "adm3_name": "Benighat Rorang", "adm4_pcode": null, "adm4_name": null, "name_latin": "Shri Jhagaredanda Pra V" }, "geometry": { "type": "Point", "coordinates": [ 84.7467709, 27.7964001 ] } },
{ "type": "Feature", "properties": { "id": "node/4939790691", "name": "Shri Panchayat Pra V", "name_en": null, "name_ne": null, "status": "Standing", "amenity": "school", "building": null, "operator_type": "government", "capacity_persons": null, "addr_full": null, "addr_city": null, "source": null, "adm0_pcode": "NPL", "adm0_name": "Nepal", "adm1_pcode": "NP03", "adm1_name": "Bagmati", "adm2_pcode": "NP0330", "adm2_name": "Dhading", "adm3_pcode": "NP0330408", "adm3_name": "Benighat Rorang", "adm4_pcode": null, "adm4_name": null, "name_latin": "Shri Panchayat Pra V" }, "geometry": { "type": "Point", "coordinates": [ 84.7183971, 27.7979233 ] } },
{ "type": "Feature", "properties": { "id": "node/3494632842", "name": "Nepali, English", "name_en": "Rising Star English Boarding School", "name_ne": null, "status": "Standing", "amenity": "school", "building": null, "operator_type": null, "capacity_persons": null, "addr_full": null, "addr_city": null, "source": null, "adm0_pcode": "NPL", "adm0_name": "Nepal", "adm1_pcode": "NP04", "adm1_name": "Gandaki", "adm2_pcode": "NP0436", "adm2_name": "Gorkha", "adm3_pcode": "NP0436409", "adm3_name": "Gandaki", "adm4_pcode": null, "adm4_name": null, "name_latin": "Rising Star English Boarding School" }, "geometry": { "type": "Point", "coordinates": [ 84.7396508, 27.8013069 ] } },
{ "type": "Feature", "properties": { "id": "node/4941662039", "name": "Shri Buddhi Bikash Pra V", "name_en": null, "name_ne": null, "status": "Standing", "amenity": "school", "building": null, "operator_type": "government", "capacity_persons": null, "addr_full": null, "addr_city": null, "source": null, "adm0_pcode": "NPL", "adm0_name": "Nepal", "adm1_pcode": "NP03", "adm1_name": "Bagmati", "adm2_pcode": "NP0330", "adm2_name": "Dhading", "adm3_pcode": "NP0330408", "adm3_name": "Benighat Rorang", "adm4_pcode": null, "adm4_name": null, "name_latin": "Shri Buddhi Bikash Pra V" }, "geometry": { "type": "Point", "coordinates": [ 84.7486773, 27.8035007 ] } },
{ "type": "Feature", "properties": { "id": "node/4858981422", "name": "Shree Shankha Higher Secondary School", "name_en": null, "name_ne": null, "status": "Standing", "amenity": "school", "building": null, "operator_type": "government", "capacity_persons": null, "addr_full": null, "addr_city": null, "source": null, "adm0_pcode": "NPL", "adm0_name": "Nepal", "adm1_pcode": "NP03", "adm1_name": "Bagmati", "adm2_pcode": "NP0330", "adm2_name": "Dhading", "adm3_pcode": "NP0330408", "adm3_name": "Benighat Rorang", "adm4_pcode": null, "adm4_name": null, "name_latin": "Shree Shankha Higher Secondary School" }, "geometry": { "type": "Point", "coordinates": [ 84.7048938, 27.805525 ] } },
{ "type": "Feature", "properties": { "id": "node/4894847801", "name": "Shri Praja Jyoti Pra V", "name_en": null, "name_ne": null, "status": "Standing", "amenity": "school", "building": null, "operator_type": "government", "capacity_persons": null, "addr_full": null, "addr_city": null, "source": null, "adm0_pcode": "NPL", "adm0_name": "Nepal", "adm1_pcode": "NP04", "adm1_name": "Gandaki", "adm2_pcode": "NP0436", "adm2_name": "Gorkha", "adm3_pcode": "NP0436409", "adm3_name": "Gandaki", "adm4_pcode": null, "adm4_name": null, "name_latin": "Shri Praja Jyoti Pra V" }, "geometry": { "type": "Point", "coordinates": [ 84.7000622, 27.8116525 ] } },
{ "type": "Feature", "properties": { "id": "node/11977617817", "name": "Dumregaun Basic School", "name_en": null, "name_ne": null, "status": "Standing", "amenity": "school", "building": null, "operator_type": null, "capacity_persons": null, "addr_full": null, "addr_city": null, "source": null, "adm0_pcode": "NPL", "adm0_name": "Nepal", "adm1_pcode": "NP03", "adm1_name": "Bagmati", "adm2_pcode": "NP0335", "adm2_name": "Chitawan", "adm3_pcode": "NP0335101", "adm3_name": "Bharatpur", "adm4_pcode": null, "adm4_name": null, "name_latin": "Dumregaun Basic School" }, "geometry": { "type": "Point", "coordinates": [ 84.4826075, 27.8204228 ] } },
{ "type": "Feature", "properties": { "id": "node/11977617818", "name": "Lamagaun Basic School", "name_en": null, "name_ne": null, "status": "Standing", "amenity": "school", "building": null, "operator_type": null, "capacity_persons": null, "addr_full": null, "addr_city": null, "source": null, "adm0_pcode": "NPL", "adm0_name": "Nepal", "adm1_pcode": "NP03", "adm1_name": "Bagmati", "adm2_pcode": "NP0335", "adm2_name": "Chitawan", "adm3_pcode": "NP0335101", "adm3_name": "Bharatpur", "adm4_pcode": null, "adm4_name": null, "name_latin": "Lamagaun Basic School" }, "geometry": { "type": "Point", "coordinates": [ 84.4843979, 27.8203007 ] } },
{ "type": "Feature", "properties": { "id": "node/11977618340", "name": "Shree Kailash Secondary School", "name_en": null, "name_ne": null, "status": "Standing", "amenity": "school", "building": null, "operator_type": null, "capacity_persons": null, "addr_full": null, "addr_city": null, "source": null, "adm0_pcode": "NPL", "adm0_name": "Nepal", "adm1_pcode": "NP03", "adm1_name": "Bagmati", "adm2_pcode": "NP0335", "adm2_name": "Chitawan", "adm3_pcode": "NP0335101", "adm3_name": "Bharatpur", "adm4_pcode": null, "adm4_name": null, "name_latin": "Shree Kailash Secondary School" }, "geometry": { "type": "Point", "coordinates": [ 84.4702265, 27.7681178 ] } },
{ "type": "Feature", "properties": { "id": "node/11977595256", "name": "Jaldevi Rastriya Basic School", "name_en": null, "name_ne": null, "status": "Standing", "amenity": "school", "building": null, "operator_type": null, "capacity_persons": null, "addr_full": null, "addr_city": null, "source": null, "adm0_pcode": "NPL", "adm0_name": "Nepal", "adm1_pcode": "NP03", "adm1_name": "Bagmati", "adm2_pcode": "NP0335", "adm2_name": "Chitawan", "adm3_pcode": "NP0335101", "adm3_name": "Bharatpur", "adm4_pcode": null, "adm4_name": null, "name_latin": "Jaldevi Rastriya Basic School" }, "geometry": { "type": "Point", "coordinates": [ 84.4749485, 27.7531838 ] } },
{ "type": "Feature", "properties": { "id": "node/4934938155", "name": "Shri Danda Gaun Balbikash Kendra", "name_en": null, "name_ne": null, "status": "Standing", "amenity": "school", "building": null, "operator_type": "government", "capacity_persons": null, "addr_full": null, "addr_city": null, "source": null, "adm0_pcode": "NPL", "adm0_name": "Nepal", "adm1_pcode": "NP03", "adm1_name": "Bagmati", "adm2_pcode": "NP0330", "adm2_name": "Dhading", "adm3_pcode": "NP0330407", "adm3_name": "Siddhalek", "adm4_pcode": null, "adm4_name": null, "name_latin": "Shri Danda Gaun Balbikash Kendra" }, "geometry": { "type": "Point", "coordinates": [ 84.8766435, 27.8160176 ] } },
{ "type": "Feature", "properties": { "id": "node/4934943520", "name": "Shree Kunnesori Pra V", "name_en": null, "name_ne": null, "status": "Standing", "amenity": "school", "building": null, "operator_type": "government", "capacity_persons": null, "addr_full": null, "addr_city": null, "source": null, "adm0_pcode": "NPL", "adm0_name": "Nepal", "adm1_pcode": "NP03", "adm1_name": "Bagmati", "adm2_pcode": "NP0330", "adm2_name": "Dhading", "adm3_pcode": "NP0330407", "adm3_name": "Siddhalek", "adm4_pcode": null, "adm4_name": null, "name_latin": "Shree Kunnesori Pra V" }, "geometry": { "type": "Point", "coordinates": [ 84.9023954, 27.8143522 ] } },
{ "type": "Feature", "properties": { "id": "node/4936634947", "name": "Shri Belinitar Pra Vi", "name_en": null, "name_ne": null, "status": "Standing", "amenity": "school", "building": null, "operator_type": "government", "capacity_persons": null, "addr_full": null, "addr_city": null, "source": null, "adm0_pcode": "NPL", "adm0_name": "Nepal", "adm1_pcode": "NP03", "adm1_name": "Bagmati", "adm2_pcode": "NP0330", "adm2_name": "Dhading", "adm3_pcode": "NP0330410", "adm3_name": "Galchhi", "adm4_pcode": null, "adm4_name": null, "name_latin": "Shri Belinitar Pra Vi" }, "geometry": { "type": "Point", "coordinates": [ 84.9442606, 27.8147716 ] } },
{ "type": "Feature", "properties": { "id": "node/4934948633", "name": "Shri Satyawati Uchha Ma V", "name_en": null, "name_ne": null, "status": "Standing", "amenity": "school", "building": null, "operator_type": "government", "capacity_persons": null, "addr_full": null, "addr_city": null, "source": null, "adm0_pcode": "NPL", "adm0_name": "Nepal", "adm1_pcode": "NP03", "adm1_name": "Bagmati", "adm2_pcode": "NP0330", "adm2_name": "Dhading", "adm3_pcode": "NP0330407", "adm3_name": "Siddhalek", "adm4_pcode": null, "adm4_name": null, "name_latin": "Shri Satyawati Uchha Ma V" }, "geometry": { "type": "Point", "coordinates": [ 84.9377771, 27.810738 ] } },
{ "type": "Feature", "properties": { "id": "node/4940185637", "name": "Shri Indrayani Ni Ma Vi", "name_en": null, "name_ne": null, "status": "Standing", "amenity": "school", "building": null, "operator_type": "government", "capacity_persons": null, "addr_full": null, "addr_city": null, "source": null, "adm0_pcode": "NPL", "adm0_name": "Nepal", "adm1_pcode": "NP03", "adm1_name": "Bagmati", "adm2_pcode": "NP0330", "adm2_name": "Dhading", "adm3_pcode": "NP0330410", "adm3_name": "Galchhi", "adm4_pcode": null, "adm4_name": null, "name_latin": "Shri Indrayani Ni Ma Vi" }, "geometry": { "type": "Point", "coordinates": [ 84.9439006, 27.8050001 ] } },
{ "type": "Feature", "properties": { "id": "node/4941705184", "name": "Shri Sundar Pra Vi", "name_en": null, "name_ne": null, "status": "Standing", "amenity": "school", "building": null, "operator_type": "government", "capacity_persons": null, "addr_full": null, "addr_city": null, "source": null, "adm0_pcode": "NPL", "adm0_name": "Nepal", "adm1_pcode": "NP03", "adm1_name": "Bagmati", "adm2_pcode": "NP0330", "adm2_name": "Dhading", "adm3_pcode": "NP0330409", "adm3_name": "Gajuri", "adm4_pcode": null, "adm4_name": null, "name_latin": "Shri Sundar Pra Vi" }, "geometry": { "type": "Point", "coordinates": [ 84.8758338, 27.7973141 ] } },
{ "type": "Feature", "properties": { "id": "node/4941848995", "name": "Shri Jibanjyoti Bal Bikash Kendra", "name_en": null, "name_ne": null, "status": "Standing", "amenity": "school", "building": null, "operator_type": "government", "capacity_persons": null, "addr_full": null, "addr_city": null, "source": null, "adm0_pcode": "NPL", "adm0_name": "Nepal", "adm1_pcode": "NP03", "adm1_name": "Bagmati", "adm2_pcode": "NP0330", "adm2_name": "Dhading", "adm3_pcode": "NP0330409", "adm3_name": "Gajuri", "adm4_pcode": null, "adm4_name": null, "name_latin": "Shri Jibanjyoti Bal Bikash Kendra" }, "geometry": { "type": "Point", "coordinates": [ 84.8842549, 27.8005379 ] } },
{ "type": "Feature", "properties": { "id": "node/5634837379", "name": "Munal Academy", "name_en": null, "name_ne": null, "status": "Standing", "amenity": "school", "building": null, "operator_type": null, "capacity_persons": null, "addr_full": null, "addr_city": null, "source": null, "adm0_pcode": "NPL", "adm0_name": "Nepal", "adm1_pcode": "NP03", "adm1_name": "Bagmati", "adm2_pcode": "NP0330", "adm2_name": "Dhading", "adm3_pcode": "NP0330409", "adm3_name": "Gajuri", "adm4_pcode": null, "adm4_name": null, "name_latin": "Munal Academy" }, "geometry": { "type": "Point", "coordinates": [ 84.8771444, 27.8052718 ] } },
{ "type": "Feature", "properties": { "id": "node/4941869402", "name": "Shri Aadarsha Bahumukhi Campus", "name_en": null, "name_ne": null, "status": "Standing", "amenity": "school", "building": null, "operator_type": "government", "capacity_persons": null, "addr_full": null, "addr_city": null, "source": null, "adm0_pcode": "NPL", "adm0_name": "Nepal", "adm1_pcode": "NP03", "adm1_name": "Bagmati", "adm2_pcode": "NP0330", "adm2_name": "Dhading", "adm3_pcode": "NP0330407", "adm3_name": "Siddhalek", "adm4_pcode": null, "adm4_name": null, "name_latin": "Shri Aadarsha Bahumukhi Campus" }, "geometry": { "type": "Point", "coordinates": [ 84.8773408, 27.8070838 ] } },
{ "type": "Feature", "properties": { "id": "node/4941743504", "name": "Shri Adarsha Uchha Ma V", "name_en": null, "name_ne": null, "status": "Standing", "amenity": "school", "building": null, "operator_type": "government", "capacity_persons": null, "addr_full": null, "addr_city": null, "source": null, "adm0_pcode": "NPL", "adm0_name": "Nepal", "adm1_pcode": "NP03", "adm1_name": "Bagmati", "adm2_pcode": "NP0330", "adm2_name": "Dhading", "adm3_pcode": "NP0330409", "adm3_name": "Gajuri", "adm4_pcode": null, "adm4_name": null, "name_latin": "Shri Adarsha Uchha Ma V" }, "geometry": { "type": "Point", "coordinates": [ 84.8793261, 27.807585 ] } },
{ "type": "Feature", "properties": { "id": "node/5633699300", "name": "Dhading Polytechnical Institute", "name_en": null, "name_ne": null, "status": "Standing", "amenity": "college", "building": null, "operator_type": null, "capacity_persons": null, "addr_full": null, "addr_city": null, "source": null, "adm0_pcode": "NPL", "adm0_name": "Nepal", "adm1_pcode": "NP03", "adm1_name": "Bagmati", "adm2_pcode": "NP0330", "adm2_name": "Dhading", "adm3_pcode": "NP0330409", "adm3_name": "Gajuri", "adm4_pcode": null, "adm4_name": null, "name_latin": "Dhading Polytechnical Institute" }, "geometry": { "type": "Point", "coordinates": [ 84.8730272, 27.8000771 ] } },
{ "type": "Feature", "properties": { "id": "node/5047244078", "name": "Shree Sulakshyana Ma Vi", "name_en": null, "name_ne": null, "status": "Standing", "amenity": "school", "building": null, "operator_type": "government", "capacity_persons": null, "addr_full": null, "addr_city": null, "source": null, "adm0_pcode": "NPL", "adm0_name": "Nepal", "adm1_pcode": "NP03", "adm1_name": "Bagmati", "adm2_pcode": "NP0328", "adm2_name": "Nuwakot", "adm3_pcode": "NP0328301", "adm3_name": "Bidur", "adm4_pcode": null, "adm4_name": null, "name_latin": "Shree Sulakshyana Ma Vi" }, "geometry": { "type": "Point", "coordinates": [ 85.1584666, 27.9475845 ] } },
{ "type": "Feature", "properties": { "id": "node/5063390385", "name": "Shree Trishuli Pra.Vi.", "name_en": null, "name_ne": null, "status": "Standing", "amenity": "school", "building": null, "operator_type": "government", "capacity_persons": null, "addr_full": null, "addr_city": null, "source": null, "adm0_pcode": "NPL", "adm0_name": "Nepal", "adm1_pcode": "NP03", "adm1_name": "Bagmati", "adm2_pcode": "NP0328", "adm2_name": "Nuwakot", "adm3_pcode": "NP0328301", "adm3_name": "Bidur", "adm4_pcode": null, "adm4_name": null, "name_latin": "Shree Trishuli Pra.Vi." }, "geometry": { "type": "Point", "coordinates": [ 85.1503276, 27.9447 ] } },
{ "type": "Feature", "properties": { "id": "node/4934940717", "name": "Shri Golma Rani Pra V", "name_en": null, "name_ne": null, "status": "Standing", "amenity": "school", "building": null, "operator_type": "government", "capacity_persons": null, "addr_full": null, "addr_city": null, "source": null, "adm0_pcode": "NPL", "adm0_name": "Nepal", "adm1_pcode": "NP03", "adm1_name": "Bagmati", "adm2_pcode": "NP0330", "adm2_name": "Dhading", "adm3_pcode": "NP0330407", "adm3_name": "Siddhalek", "adm4_pcode": null, "adm4_name": null, "name_latin": "Shri Golma Rani Pra V" }, "geometry": { "type": "Point", "coordinates": [ 84.8379473, 27.8124431 ] } },
{ "type": "Feature", "properties": { "id": "node/4941787232", "name": "Shri Orbang Pra V", "name_en": null, "name_ne": null, "status": "Standing", "amenity": "school", "building": null, "operator_type": "government", "capacity_persons": null, "addr_full": null, "addr_city": null, "source": null, "adm0_pcode": "NPL", "adm0_name": "Nepal", "adm1_pcode": "NP03", "adm1_name": "Bagmati", "adm2_pcode": "NP0330", "adm2_name": "Dhading", "adm3_pcode": "NP0330408", "adm3_name": "Benighat Rorang", "adm4_pcode": null, "adm4_name": null, "name_latin": "Shri Orbang Pra V" }, "geometry": { "type": "Point", "coordinates": [ 84.7987338, 27.8097729 ] } },
{ "type": "Feature", "properties": { "id": "node/4939797039", "name": "Shri Chandrodaya Ma Vi", "name_en": null, "name_ne": null, "status": "Standing", "amenity": "school", "building": null, "operator_type": "government", "capacity_persons": null, "addr_full": null, "addr_city": null, "source": null, "adm0_pcode": "NPL", "adm0_name": "Nepal", "adm1_pcode": "NP03", "adm1_name": "Bagmati", "adm2_pcode": "NP0330", "adm2_name": "Dhading", "adm3_pcode": "NP0330407", "adm3_name": "Siddhalek", "adm4_pcode": null, "adm4_name": null, "name_latin": "Shri Chandrodaya Ma Vi" }, "geometry": { "type": "Point", "coordinates": [ 84.7816236, 27.8121655 ] } },
{ "type": "Feature", "properties": { "id": "node/4912228426", "name": "Shri Shilingtar Pra V", "name_en": null, "name_ne": null, "status": "Standing", "amenity": "school", "building": null, "operator_type": "government", "capacity_persons": null, "addr_full": null, "addr_city": null, "source": null, "adm0_pcode": "NPL", "adm0_name": "Nepal", "adm1_pcode": "NP04", "adm1_name": "Gandaki", "adm2_pcode": "NP0436", "adm2_name": "Gorkha", "adm3_pcode": "NP0436408", "adm3_name": "Shahid Lakhan", "adm4_pcode": null, "adm4_name": null, "name_latin": "Shri Shilingtar Pra V" }, "geometry": { "type": "Point", "coordinates": [ 84.5911485, 27.8816026 ] } },
{ "type": "Feature", "properties": { "id": "node/6917885286", "name": null, "name_en": "Souvenir Boarding Schoolसुभेन", "name_ne": null, "status": "Standing", "amenity": "school", "building": null, "operator_type": null, "capacity_persons": null, "addr_full": null, "addr_city": null, "source": null, "adm0_pcode": "NPL", "adm0_name": "Nepal", "adm1_pcode": "NP03", "adm1_name": "Bagmati", "adm2_pcode": "NP0328", "adm2_name": "Nuwakot", "adm3_pcode": "NP0328301", "adm3_name": "Bidur", "adm4_pcode": null, "adm4_name": null, "name_latin": "Souvenir Boarding Schoolसुभेन" }, "geometry": { "type": "Point", "coordinates": [ 85.1467498, 27.9026236 ] } },
{ "type": "Feature", "properties": { "id": "node/5053261618", "name": "Shr Mahendra Ma Vi", "name_en": null, "name_ne": null, "status": "Standing", "amenity": "school", "building": null, "operator_type": "government", "capacity_persons": null, "addr_full": null, "addr_city": null, "source": null, "adm0_pcode": "NPL", "adm0_name": "Nepal", "adm1_pcode": "NP03", "adm1_name": "Bagmati", "adm2_pcode": "NP0328", "adm2_name": "Nuwakot", "adm3_pcode": "NP0328301", "adm3_name": "Bidur", "adm4_pcode": null, "adm4_name": null, "name_latin": "Shr Mahendra Ma Vi" }, "geometry": { "type": "Point", "coordinates": [ 85.1329416, 27.9054717 ] } },
{ "type": "Feature", "properties": { "id": "node/4967980711", "name": "Shree Barahi Pra.V", "name_en": null, "name_ne": null, "status": "Standing", "amenity": "school", "building": null, "operator_type": "government", "capacity_persons": null, "addr_full": null, "addr_city": null, "source": null, "adm0_pcode": "NPL", "adm0_name": "Nepal", "adm1_pcode": "NP03", "adm1_name": "Bagmati", "adm2_pcode": "NP0328", "adm2_name": "Nuwakot", "adm3_pcode": "NP0328402", "adm3_name": "Kispang", "adm4_pcode": null, "adm4_name": null, "name_latin": "Shree Barahi Pra.V" }, "geometry": { "type": "Point", "coordinates": [ 85.1883746, 27.9880137 ] } },
{ "type": "Feature", "properties": { "id": "node/5045819002", "name": "Shree Karki Manakamana Nima Vi", "name_en": null, "name_ne": null, "status": "Standing", "amenity": "school", "building": null, "operator_type": "government", "capacity_persons": null, "addr_full": null, "addr_city": null, "source": null, "adm0_pcode": "NPL", "adm0_name": "Nepal", "adm1_pcode": "NP03", "adm1_name": "Bagmati", "adm2_pcode": "NP0328", "adm2_name": "Nuwakot", "adm3_pcode": "NP0328402", "adm3_name": "Kispang", "adm4_pcode": null, "adm4_name": null, "name_latin": "Shree Karki Manakamana Nima Vi" }, "geometry": { "type": "Point", "coordinates": [ 85.1742004, 27.9882565 ] } },
{ "type": "Feature", "properties": { "id": "node/4706138525", "name": "Shree Neelkanta Higher Sec School", "name_en": null, "name_ne": null, "status": "Standing", "amenity": "school", "building": null, "operator_type": null, "capacity_persons": null, "addr_full": null, "addr_city": null, "source": null, "adm0_pcode": "NPL", "adm0_name": "Nepal", "adm1_pcode": "NP03", "adm1_name": "Bagmati", "adm2_pcode": "NP0328", "adm2_name": "Nuwakot", "adm3_pcode": "NP0328402", "adm3_name": "Kispang", "adm4_pcode": null, "adm4_name": null, "name_latin": "Shree Neelkanta Higher Sec School" }, "geometry": { "type": "Point", "coordinates": [ 85.1840744, 27.9785677 ] } },
{ "type": "Feature", "properties": { "id": "node/5063447261", "name": "Shree Sundara Devi English School", "name_en": null, "name_ne": null, "status": "Standing", "amenity": "school", "building": null, "operator_type": "government", "capacity_persons": null, "addr_full": null, "addr_city": null, "source": null, "adm0_pcode": "NPL", "adm0_name": "Nepal", "adm1_pcode": "NP03", "adm1_name": "Bagmati", "adm2_pcode": "NP0328", "adm2_name": "Nuwakot", "adm3_pcode": "NP0328301", "adm3_name": "Bidur", "adm4_pcode": null, "adm4_name": null, "name_latin": "Shree Sundara Devi English School" }, "geometry": { "type": "Point", "coordinates": [ 85.1713294, 27.9718986 ] } },
{ "type": "Feature", "properties": { "id": "node/5063441826", "name": "Shree Sundaradevi Pra Vi", "name_en": null, "name_ne": null, "status": "Standing", "amenity": "school", "building": null, "operator_type": "government", "capacity_persons": null, "addr_full": null, "addr_city": null, "source": null, "adm0_pcode": "NPL", "adm0_name": "Nepal", "adm1_pcode": "NP03", "adm1_name": "Bagmati", "adm2_pcode": "NP0328", "adm2_name": "Nuwakot", "adm3_pcode": "NP0328402", "adm3_name": "Kispang", "adm4_pcode": null, "adm4_name": null, "name_latin": "Shree Sundaradevi Pra Vi" }, "geometry": { "type": "Point", "coordinates": [ 85.1769728, 27.9762731 ] } },
{ "type": "Feature", "properties": { "id": "node/5046101814", "name": "Sundarikyurini Uchha Ma Vi", "name_en": null, "name_ne": null, "status": "Standing", "amenity": "school", "building": null, "operator_type": "government", "capacity_persons": null, "addr_full": null, "addr_city": null, "source": null, "adm0_pcode": "NPL", "adm0_name": "Nepal", "adm1_pcode": "NP03", "adm1_name": "Bagmati", "adm2_pcode": "NP0328", "adm2_name": "Nuwakot", "adm3_pcode": "NP0328301", "adm3_name": "Bidur", "adm4_pcode": null, "adm4_name": null, "name_latin": "Sundarikyurini Uchha Ma Vi" }, "geometry": { "type": "Point", "coordinates": [ 85.1610007, 27.9366383 ] } },
{ "type": "Feature", "properties": { "id": "node/9789677599", "name": "श्री जनता प्राथमिक विद्यालय", "name_en": null, "name_ne": null, "status": "Standing", "amenity": "school", "building": null, "operator_type": null, "capacity_persons": null, "addr_full": null, "addr_city": null, "source": null, "adm0_pcode": "NPL", "adm0_name": "Nepal", "adm1_pcode": "NP03", "adm1_name": "Bagmati", "adm2_pcode": "NP0335", "adm2_name": "Chitawan", "adm3_pcode": "NP0335101", "adm3_name": "Bharatpur", "adm4_pcode": null, "adm4_name": null, "name_latin": "shrii jntaa praathmik vidyaaly" }, "geometry": { "type": "Point", "coordinates": [ 84.4382861, 27.8178658 ] } },
{ "type": "Feature", "properties": { "id": "node/11977604118", "name": "Rastriya Aadharbhut Vidyalaya, Bhorle", "name_en": null, "name_ne": null, "status": "Standing", "amenity": "school", "building": null, "operator_type": null, "capacity_persons": null, "addr_full": null, "addr_city": null, "source": null, "adm0_pcode": "NPL", "adm0_name": "Nepal", "adm1_pcode": "NP04", "adm1_name": "Gandaki", "adm2_pcode": "NP0440", "adm2_name": "Tanahu", "adm3_pcode": "NP0440406", "adm3_name": "Devghat", "adm4_pcode": null, "adm4_name": null, "name_latin": "Rastriya Aadharbhut Vidyalaya, Bhorle" }, "geometry": { "type": "Point", "coordinates": [ 84.4363984, 27.8126157 ] } },
{ "type": "Feature", "properties": { "id": "node/11990111105", "name": "Shree Kalika Primary School", "name_en": null, "name_ne": null, "status": "Standing", "amenity": "school", "building": null, "operator_type": null, "capacity_persons": null, "addr_full": null, "addr_city": null, "source": null, "adm0_pcode": "NPL", "adm0_name": "Nepal", "adm1_pcode": "NP04", "adm1_name": "Gandaki", "adm2_pcode": "NP0440", "adm2_name": "Tanahu", "adm3_pcode": "NP0440406", "adm3_name": "Devghat", "adm4_pcode": null, "adm4_name": null, "name_latin": "Shree Kalika Primary School" }, "geometry": { "type": "Point", "coordinates": [ 84.4498444, 27.7693662 ] } },
{ "type": "Feature", "properties": { "id": "node/4608980590", "name": null, "name_en": "Kalika Higher Secondary school", "name_ne": null, "status": "Standing", "amenity": "school", "building": null, "operator_type": null, "capacity_persons": null, "addr_full": null, "addr_city": null, "source": null, "adm0_pcode": "NPL", "adm0_name": "Nepal", "adm1_pcode": "NP04", "adm1_name": "Gandaki", "adm2_pcode": "NP0440", "adm2_name": "Tanahu", "adm3_pcode": "NP0440406", "adm3_name": "Devghat", "adm4_pcode": null, "adm4_name": null, "name_latin": "Kalika Higher Secondary school" }, "geometry": { "type": "Point", "coordinates": [ 84.4450554, 27.7605249 ] } },
{ "type": "Feature", "properties": { "id": "node/11990093410", "name": "Kalika Higher Secondary School", "name_en": null, "name_ne": null, "status": "Standing", "amenity": "school", "building": null, "operator_type": null, "capacity_persons": null, "addr_full": null, "addr_city": null, "source": null, "adm0_pcode": "NPL", "adm0_name": "Nepal", "adm1_pcode": "NP04", "adm1_name": "Gandaki", "adm2_pcode": "NP0440", "adm2_name": "Tanahu", "adm3_pcode": "NP0440406", "adm3_name": "Devghat", "adm4_pcode": null, "adm4_name": null, "name_latin": "Kalika Higher Secondary School" }, "geometry": { "type": "Point", "coordinates": [ 84.444716, 27.7605846 ] } },
{ "type": "Feature", "properties": { "id": "node/4609004289", "name": null, "name_en": "Shree Kalika Higher Secondary school", "name_ne": null, "status": "Standing", "amenity": "school", "building": null, "operator_type": null, "capacity_persons": null, "addr_full": null, "addr_city": null, "source": null, "adm0_pcode": "NPL", "adm0_name": "Nepal", "adm1_pcode": "NP04", "adm1_name": "Gandaki", "adm2_pcode": "NP0440", "adm2_name": "Tanahu", "adm3_pcode": "NP0440406", "adm3_name": "Devghat", "adm4_pcode": null, "adm4_name": null, "name_latin": "Shree Kalika Higher Secondary school" }, "geometry": { "type": "Point", "coordinates": [ 84.4448036, 27.7604775 ] } },
{ "type": "Feature", "properties": { "id": "node/4367704293", "name": "Nuwakot Adarsa Multiple Campus", "name_en": null, "name_ne": null, "status": "Standing", "amenity": "school", "building": null, "operator_type": "government", "capacity_persons": null, "addr_full": null, "addr_city": null, "source": null, "adm0_pcode": "NPL", "adm0_name": "Nepal", "adm1_pcode": "NP03", "adm1_name": "Bagmati", "adm2_pcode": "NP0328", "adm2_name": "Nuwakot", "adm3_pcode": "NP0328301", "adm3_name": "Bidur", "adm4_pcode": null, "adm4_name": null, "name_latin": "Nuwakot Adarsa Multiple Campus" }, "geometry": { "type": "Point", "coordinates": [ 85.1458909, 27.8987595 ] } },
{ "type": "Feature", "properties": { "id": "node/5063397417", "name": "Shri United Ni.Ma.Vi.", "name_en": null, "name_ne": null, "status": "Standing", "amenity": "school", "building": null, "operator_type": "government", "capacity_persons": null, "addr_full": null, "addr_city": null, "source": null, "adm0_pcode": "NPL", "adm0_name": "Nepal", "adm1_pcode": "NP03", "adm1_name": "Bagmati", "adm2_pcode": "NP0328", "adm2_name": "Nuwakot", "adm3_pcode": "NP0328301", "adm3_name": "Bidur", "adm4_pcode": null, "adm4_name": null, "name_latin": "Shri United Ni.Ma.Vi." }, "geometry": { "type": "Point", "coordinates": [ 85.1438057, 27.8994811 ] } },
{ "type": "Feature", "properties": { "id": "node/5063398787", "name": "Shri Mahalaxmi Pra.Vi.", "name_en": null, "name_ne": null, "status": "Standing", "amenity": "school", "building": null, "operator_type": "government", "capacity_persons": null, "addr_full": null, "addr_city": null, "source": null, "adm0_pcode": "NPL", "adm0_name": "Nepal", "adm1_pcode": "NP03", "adm1_name": "Bagmati", "adm2_pcode": "NP0328", "adm2_name": "Nuwakot", "adm3_pcode": "NP0328301", "adm3_name": "Bidur", "adm4_pcode": null, "adm4_name": null, "name_latin": "Shri Mahalaxmi Pra.Vi." }, "geometry": { "type": "Point", "coordinates": [ 85.1367303, 27.8863114 ] } },
{ "type": "Feature", "properties": { "id": "node/5055871471", "name": "Shree Mandredhunga Pra V", "name_en": null, "name_ne": null, "status": "Standing", "amenity": "school", "building": null, "operator_type": "government", "capacity_persons": null, "addr_full": null, "addr_city": null, "source": null, "adm0_pcode": "NPL", "adm0_name": "Nepal", "adm1_pcode": "NP03", "adm1_name": "Bagmati", "adm2_pcode": "NP0328", "adm2_name": "Nuwakot", "adm3_pcode": "NP0328301", "adm3_name": "Bidur", "adm4_pcode": null, "adm4_name": null, "name_latin": "Shree Mandredhunga Pra V" }, "geometry": { "type": "Point", "coordinates": [ 85.1298955, 27.8864849 ] } },
{ "type": "Feature", "properties": { "id": "node/5010981070", "name": "Shr Prithibi Ma Vi", "name_en": null, "name_ne": null, "status": "Standing", "amenity": "school", "building": null, "operator_type": "government", "capacity_persons": null, "addr_full": null, "addr_city": null, "source": null, "adm0_pcode": "NPL", "adm0_name": "Nepal", "adm1_pcode": "NP03", "adm1_name": "Bagmati", "adm2_pcode": "NP0328", "adm2_name": "Nuwakot", "adm3_pcode": "NP0328301", "adm3_name": "Bidur", "adm4_pcode": null, "adm4_name": null, "name_latin": "Shr Prithibi Ma Vi" }, "geometry": { "type": "Point", "coordinates": [ 85.141572, 27.9139771 ] } },
{ "type": "Feature", "properties": { "id": "node/5010622731", "name": "Nari Chetana Bal Bikash Kendra", "name_en": null, "name_ne": null, "status": "Standing", "amenity": "school", "building": null, "operator_type": "government", "capacity_persons": null, "addr_full": null, "addr_city": null, "source": null, "adm0_pcode": "NPL", "adm0_name": "Nepal", "adm1_pcode": "NP03", "adm1_name": "Bagmati", "adm2_pcode": "NP0328", "adm2_name": "Nuwakot", "adm3_pcode": "NP0328301", "adm3_name": "Bidur", "adm4_pcode": null, "adm4_name": null, "name_latin": "Nari Chetana Bal Bikash Kendra" }, "geometry": { "type": "Point", "coordinates": [ 85.1424913, 27.9142129 ] } },
{ "type": "Feature", "properties": { "id": "node/4563086889", "name": null, "name_en": "Dibyaratna boarding school", "name_ne": null, "status": "Standing", "amenity": "school", "building": null, "operator_type": null, "capacity_persons": null, "addr_full": null, "addr_city": null, "source": null, "adm0_pcode": "NPL", "adm0_name": "Nepal", "adm1_pcode": "NP03", "adm1_name": "Bagmati", "adm2_pcode": "NP0328", "adm2_name": "Nuwakot", "adm3_pcode": "NP0328301", "adm3_name": "Bidur", "adm4_pcode": null, "adm4_name": null, "name_latin": "Dibyaratna boarding school" }, "geometry": { "type": "Point", "coordinates": [ 85.1451878, 27.9178928 ] } },
{ "type": "Feature", "properties": { "id": "node/4367679495", "name": null, "name_en": "Panchakanaya star English Sec. boarding school", "name_ne": null, "status": "Standing", "amenity": "school", "building": null, "operator_type": null, "capacity_persons": null, "addr_full": null, "addr_city": null, "source": null, "adm0_pcode": "NPL", "adm0_name": "Nepal", "adm1_pcode": "NP03", "adm1_name": "Bagmati", "adm2_pcode": "NP0328", "adm2_name": "Nuwakot", "adm3_pcode": "NP0328301", "adm3_name": "Bidur", "adm4_pcode": null, "adm4_name": null, "name_latin": "Panchakanaya star English Sec. boarding school" }, "geometry": { "type": "Point", "coordinates": [ 85.1406005, 27.9222514 ] } },
{ "type": "Feature", "properties": { "id": "node/5055227421", "name": "Shri Raktakali Primary School", "name_en": null, "name_ne": null, "status": "Standing", "amenity": "school", "building": null, "operator_type": "government", "capacity_persons": null, "addr_full": null, "addr_city": null, "source": null, "adm0_pcode": "NPL", "adm0_name": "Nepal", "adm1_pcode": "NP03", "adm1_name": "Bagmati", "adm2_pcode": "NP0328", "adm2_name": "Nuwakot", "adm3_pcode": "NP0328301", "adm3_name": "Bidur", "adm4_pcode": null, "adm4_name": null, "name_latin": "Shri Raktakali Primary School" }, "geometry": { "type": "Point", "coordinates": [ 85.1315096, 27.8730113 ] } },
{ "type": "Feature", "properties": { "id": "node/9794127023", "name": "Shree Chakradevi School, Syaklang", "name_en": null, "name_ne": null, "status": "Standing", "amenity": "school", "building": null, "operator_type": null, "capacity_persons": null, "addr_full": null, "addr_city": null, "source": null, "adm0_pcode": "NPL", "adm0_name": "Nepal", "adm1_pcode": "NP03", "adm1_name": "Bagmati", "adm2_pcode": "NP0335", "adm2_name": "Chitawan", "adm3_pcode": "NP0335401", "adm3_name": "Ichchha Kamana", "adm4_pcode": null, "adm4_name": null, "name_latin": "Shree Chakradevi School, Syaklang" }, "geometry": { "type": "Point", "coordinates": [ 84.5839005, 27.8662148 ] } },
{ "type": "Feature", "properties": { "id": "node/9794127027", "name": "Shree Adharbhut School, Lamidanda", "name_en": null, "name_ne": null, "status": "Standing", "amenity": "school", "building": null, "operator_type": null, "capacity_persons": null, "addr_full": null, "addr_city": null, "source": null, "adm0_pcode": "NPL", "adm0_name": "Nepal", "adm1_pcode": "NP03", "adm1_name": "Bagmati", "adm2_pcode": "NP0335", "adm2_name": "Chitawan", "adm3_pcode": "NP0335401", "adm3_name": "Ichchha Kamana", "adm4_pcode": null, "adm4_name": null, "name_latin": "Shree Adharbhut School, Lamidanda" }, "geometry": { "type": "Point", "coordinates": [ 84.5916367, 27.8683929 ] } },
{ "type": "Feature", "properties": { "id": "node/9794127019", "name": "Shree Bakulahari Rastriya Adharbhut School, Lewatar", "name_en": null, "name_ne": null, "status": "Standing", "amenity": "school", "building": null, "operator_type": null, "capacity_persons": null, "addr_full": null, "addr_city": null, "source": null, "adm0_pcode": "NPL", "adm0_name": "Nepal", "adm1_pcode": "NP03", "adm1_name": "Bagmati", "adm2_pcode": "NP0335", "adm2_name": "Chitawan", "adm3_pcode": "NP0335401", "adm3_name": "Ichchha Kamana", "adm4_pcode": null, "adm4_name": null, "name_latin": "Shree Bakulahari Rastriya Adharbhut School, Lewatar" }, "geometry": { "type": "Point", "coordinates": [ 84.6044235, 27.8703213 ] } },
{ "type": "Feature", "properties": { "id": "node/9794119186", "name": "Shree Rastriya Aardharbhut School, Chaibung", "name_en": null, "name_ne": null, "status": "Standing", "amenity": "school", "building": null, "operator_type": null, "capacity_persons": null, "addr_full": null, "addr_city": null, "source": null, "adm0_pcode": "NPL", "adm0_name": "Nepal", "adm1_pcode": "NP03", "adm1_name": "Bagmati", "adm2_pcode": "NP0335", "adm2_name": "Chitawan", "adm3_pcode": "NP0335401", "adm3_name": "Ichchha Kamana", "adm4_pcode": null, "adm4_name": null, "name_latin": "Shree Rastriya Aardharbhut School, Chaibung" }, "geometry": { "type": "Point", "coordinates": [ 84.6495972, 27.845274 ] } },
{ "type": "Feature", "properties": { "id": "node/9794127022", "name": "Kurin Boarding School", "name_en": null, "name_ne": null, "status": "Standing", "amenity": "school", "building": null, "operator_type": null, "capacity_persons": null, "addr_full": null, "addr_city": null, "source": null, "adm0_pcode": "NPL", "adm0_name": "Nepal", "adm1_pcode": "NP03", "adm1_name": "Bagmati", "adm2_pcode": "NP0335", "adm2_name": "Chitawan", "adm3_pcode": "NP0335401", "adm3_name": "Ichchha Kamana", "adm4_pcode": null, "adm4_name": null, "name_latin": "Kurin Boarding School" }, "geometry": { "type": "Point", "coordinates": [ 84.6251566, 27.8706443 ] } },
{ "type": "Feature", "properties": { "id": "node/4915942407", "name": "Shri Rainas Pra V", "name_en": null, "name_ne": null, "status": "Standing", "amenity": "school", "building": null, "operator_type": "government", "capacity_persons": null, "addr_full": null, "addr_city": null, "source": null, "adm0_pcode": "NPL", "adm0_name": "Nepal", "adm1_pcode": "NP04", "adm1_name": "Gandaki", "adm2_pcode": "NP0436", "adm2_name": "Gorkha", "adm3_pcode": "NP0436409", "adm3_name": "Gandaki", "adm4_pcode": null, "adm4_name": null, "name_latin": "Shri Rainas Pra V" }, "geometry": { "type": "Point", "coordinates": [ 84.6330946, 27.8716283 ] } },
{ "type": "Feature", "properties": { "id": "node/9794119184", "name": "Shree Rastriya Aardharbhut Bidhalaya, Dhusha", "name_en": null, "name_ne": null, "status": "Standing", "amenity": "school", "building": null, "operator_type": null, "capacity_persons": null, "addr_full": null, "addr_city": null, "source": null, "adm0_pcode": "NPL", "adm0_name": "Nepal", "adm1_pcode": "NP03", "adm1_name": "Bagmati", "adm2_pcode": "NP0335", "adm2_name": "Chitawan", "adm3_pcode": "NP0335401", "adm3_name": "Ichchha Kamana", "adm4_pcode": null, "adm4_name": null, "name_latin": "Shree Rastriya Aardharbhut Bidhalaya, Dhusha" }, "geometry": { "type": "Point", "coordinates": [ 84.6565857, 27.8390026 ] } },
{ "type": "Feature", "properties": { "id": "node/9794119187", "name": "Shree Rastriya Aardharbhut School, Fishling", "name_en": null, "name_ne": null, "status": "Standing", "amenity": "school", "building": null, "operator_type": null, "capacity_persons": null, "addr_full": null, "addr_city": null, "source": null, "adm0_pcode": "NPL", "adm0_name": "Nepal", "adm1_pcode": "NP03", "adm1_name": "Bagmati", "adm2_pcode": "NP0335", "adm2_name": "Chitawan", "adm3_pcode": "NP0335401", "adm3_name": "Ichchha Kamana", "adm4_pcode": null, "adm4_name": null, "name_latin": "Shree Rastriya Aardharbhut School, Fishling" }, "geometry": { "type": "Point", "coordinates": [ 84.6614838, 27.8424892 ] } },
{ "type": "Feature", "properties": { "id": "node/4939778514", "name": "Shri Rastriya Pra Vi", "name_en": null, "name_ne": null, "status": "Standing", "amenity": "school", "building": null, "operator_type": "government", "capacity_persons": null, "addr_full": null, "addr_city": null, "source": null, "adm0_pcode": "NPL", "adm0_name": "Nepal", "adm1_pcode": "NP03", "adm1_name": "Bagmati", "adm2_pcode": "NP0330", "adm2_name": "Dhading", "adm3_pcode": "NP0330408", "adm3_name": "Benighat Rorang", "adm4_pcode": null, "adm4_name": null, "name_latin": "Shri Rastriya Pra Vi" }, "geometry": { "type": "Point", "coordinates": [ 84.6620352, 27.8189847 ] } },
{ "type": "Feature", "properties": { "id": "node/9794119214", "name": "राष्टिय आधारभूत बिध्यालय कुयलघारि", "name_en": null, "name_ne": null, "status": "Standing", "amenity": "school", "building": null, "operator_type": null, "capacity_persons": null, "addr_full": null, "addr_city": null, "source": null, "adm0_pcode": "NPL", "adm0_name": "Nepal", "adm1_pcode": "NP04", "adm1_name": "Gandaki", "adm2_pcode": "NP0440", "adm2_name": "Tanahu", "adm3_pcode": "NP0440405", "adm3_name": "Aanbu Khaireni", "adm4_pcode": null, "adm4_name": null, "name_latin": "raassttiy aadhaarbhuut bidhyaaly kuylghaari" }, "geometry": { "type": "Point", "coordinates": [ 84.5079575, 27.808918 ] } },
{ "type": "Feature", "properties": { "id": "node/9794119212", "name": "देबि भन्जाङ्ग राष्टिय आधारभूत बिध्यालय, कालि खोला", "name_en": null, "name_ne": null, "status": "Standing", "amenity": "school", "building": null, "operator_type": null, "capacity_persons": null, "addr_full": null, "addr_city": null, "source": null, "adm0_pcode": "NPL", "adm0_name": "Nepal", "adm1_pcode": "NP03", "adm1_name": "Bagmati", "adm2_pcode": "NP0335", "adm2_name": "Chitawan", "adm3_pcode": "NP0335401", "adm3_name": "Ichchha Kamana", "adm4_pcode": null, "adm4_name": null, "name_latin": "debi bhnjaangg raassttiy aadhaarbhuut bidhyaaly, kaali kholaa" }, "geometry": { "type": "Point", "coordinates": [ 84.5562744, 27.8329792 ] } },
{ "type": "Feature", "properties": { "id": "node/5055527657", "name": "Shree Pimaltar Uchcha Ma.Vi.", "name_en": null, "name_ne": null, "status": "Standing", "amenity": "school", "building": null, "operator_type": "government", "capacity_persons": null, "addr_full": null, "addr_city": null, "source": null, "adm0_pcode": "NPL", "adm0_name": "Nepal", "adm1_pcode": "NP03", "adm1_name": "Bagmati", "adm2_pcode": "NP0328", "adm2_name": "Nuwakot", "adm3_pcode": "NP0328302", "adm3_name": "Belkotgadhi", "adm4_pcode": null, "adm4_name": null, "name_latin": "Shree Pimaltar Uchcha Ma.Vi." }, "geometry": { "type": "Point", "coordinates": [ 85.0192998, 27.8390414 ] } },
{ "type": "Feature", "properties": { "id": "node/5057823335", "name": "Shree Ganesh Sthan Pra V", "name_en": null, "name_ne": null, "status": "Standing", "amenity": "school", "building": null, "operator_type": "government", "capacity_persons": null, "addr_full": null, "addr_city": null, "source": null, "adm0_pcode": "NPL", "adm0_name": "Nepal", "adm1_pcode": "NP03", "adm1_name": "Bagmati", "adm2_pcode": "NP0328", "adm2_name": "Nuwakot", "adm3_pcode": "NP0328302", "adm3_name": "Belkotgadhi", "adm4_pcode": null, "adm4_name": null, "name_latin": "Shree Ganesh Sthan Pra V" }, "geometry": { "type": "Point", "coordinates": [ 85.0319758, 27.8296539 ] } },
{ "type": "Feature", "properties": { "id": "node/5055224610", "name": "Shri Seti Devi Pra Bi", "name_en": null, "name_ne": null, "status": "Standing", "amenity": "school", "building": null, "operator_type": "government", "capacity_persons": null, "addr_full": null, "addr_city": null, "source": null, "adm0_pcode": "NPL", "adm0_name": "Nepal", "adm1_pcode": "NP03", "adm1_name": "Bagmati", "adm2_pcode": "NP0328", "adm2_name": "Nuwakot", "adm3_pcode": "NP0328301", "adm3_name": "Bidur", "adm4_pcode": null, "adm4_name": null, "name_latin": "Shri Seti Devi Pra Bi" }, "geometry": { "type": "Point", "coordinates": [ 85.0873968, 27.8625042 ] } },
{ "type": "Feature", "properties": { "id": "node/5057844529", "name": "Shree Saraswati Ni.Ma.Vi", "name_en": null, "name_ne": null, "status": "Standing", "amenity": "school", "building": null, "operator_type": "government", "capacity_persons": null, "addr_full": null, "addr_city": null, "source": null, "adm0_pcode": "NPL", "adm0_name": "Nepal", "adm1_pcode": "NP03", "adm1_name": "Bagmati", "adm2_pcode": "NP0328", "adm2_name": "Nuwakot", "adm3_pcode": "NP0328301", "adm3_name": "Bidur", "adm4_pcode": null, "adm4_name": null, "name_latin": "Shree Saraswati Ni.Ma.Vi" }, "geometry": { "type": "Point", "coordinates": [ 85.0761647, 27.8472004 ] } },
{ "type": "Feature", "properties": { "id": "node/5055255859", "name": "Shri Janasewa Lower Secondary School", "name_en": null, "name_ne": null, "status": "Standing", "amenity": "school", "building": null, "operator_type": "government", "capacity_persons": null, "addr_full": null, "addr_city": null, "source": null, "adm0_pcode": "NPL", "adm0_name": "Nepal", "adm1_pcode": "NP03", "adm1_name": "Bagmati", "adm2_pcode": "NP0328", "adm2_name": "Nuwakot", "adm3_pcode": "NP0328302", "adm3_name": "Belkotgadhi", "adm4_pcode": null, "adm4_name": null, "name_latin": "Shri Janasewa Lower Secondary School" }, "geometry": { "type": "Point", "coordinates": [ 85.0897009, 27.8536836 ] } },
{ "type": "Feature", "properties": { "id": "node/5055300883", "name": "Shri Chandi Ni.Ma.Vi.", "name_en": null, "name_ne": null, "status": "Standing", "amenity": "school", "building": null, "operator_type": "government", "capacity_persons": null, "addr_full": null, "addr_city": null, "source": null, "adm0_pcode": "NPL", "adm0_name": "Nepal", "adm1_pcode": "NP03", "adm1_name": "Bagmati", "adm2_pcode": "NP0328", "adm2_name": "Nuwakot", "adm3_pcode": "NP0328301", "adm3_name": "Bidur", "adm4_pcode": null, "adm4_name": null, "name_latin": "Shri Chandi Ni.Ma.Vi." }, "geometry": { "type": "Point", "coordinates": [ 85.0806347, 27.8576473 ] } },
{ "type": "Feature", "properties": { "id": "node/5055601519", "name": "Mahadev Multiple Campus", "name_en": null, "name_ne": null, "status": "Standing", "amenity": "school", "building": null, "operator_type": "government", "capacity_persons": null, "addr_full": null, "addr_city": null, "source": null, "adm0_pcode": "NPL", "adm0_name": "Nepal", "adm1_pcode": "NP03", "adm1_name": "Bagmati", "adm2_pcode": "NP0328", "adm2_name": "Nuwakot", "adm3_pcode": "NP0328302", "adm3_name": "Belkotgadhi", "adm4_pcode": null, "adm4_name": null, "name_latin": "Mahadev Multiple Campus" }, "geometry": { "type": "Point", "coordinates": [ 85.0603241, 27.8522932 ] } },
{ "type": "Feature", "properties": { "id": "node/5046072853", "name": "Shri Sila Devi Ma. Vi", "name_en": null, "name_ne": null, "status": "Standing", "amenity": "school", "building": null, "operator_type": "government", "capacity_persons": null, "addr_full": null, "addr_city": null, "source": null, "adm0_pcode": "NPL", "adm0_name": "Nepal", "adm1_pcode": "NP03", "adm1_name": "Bagmati", "adm2_pcode": "NP0328", "adm2_name": "Nuwakot", "adm3_pcode": "NP0328302", "adm3_name": "Belkotgadhi", "adm4_pcode": null, "adm4_name": null, "name_latin": "Shri Sila Devi Ma. Vi" }, "geometry": { "type": "Point", "coordinates": [ 85.0423178, 27.8514602 ] } },
{ "type": "Feature", "properties": { "id": "node/5055276919", "name": "Shri Ganeshman Singh Memorial Primary School", "name_en": null, "name_ne": null, "status": "Standing", "amenity": "school", "building": null, "operator_type": "government", "capacity_persons": null, "addr_full": null, "addr_city": null, "source": null, "adm0_pcode": "NPL", "adm0_name": "Nepal", "adm1_pcode": "NP03", "adm1_name": "Bagmati", "adm2_pcode": "NP0328", "adm2_name": "Nuwakot", "adm3_pcode": "NP0328302", "adm3_name": "Belkotgadhi", "adm4_pcode": null, "adm4_name": null, "name_latin": "Shri Ganeshman Singh Memorial Primary School" }, "geometry": { "type": "Point", "coordinates": [ 85.0276701, 27.8491356 ] } },
{ "type": "Feature", "properties": { "id": "way/853760522", "name": "Gosaikunda English School", "name_en": null, "name_ne": null, "status": "Destroyed", "amenity": null, "building": "school", "operator_type": null, "capacity_persons": null, "addr_full": null, "addr_city": null, "source": null, "adm0_pcode": "NPL", "adm0_name": "Nepal", "adm1_pcode": "NP03", "adm1_name": "Bagmati", "adm2_pcode": "NP0329", "adm2_name": "Rasuwa", "adm3_pcode": "NP0329402", "adm3_name": "Gosaikunda", "adm4_pcode": null, "adm4_name": null, "name_latin": "Gosaikunda English School" }, "geometry": { "type": "LineString", "coordinates": [ [ 85.3412524, 28.165287 ], [ 85.341361, 28.1653484 ], [ 85.3413965, 28.1652998 ], [ 85.3412879, 28.1652383 ], [ 85.3412524, 28.165287 ] ] } },
{ "type": "Feature", "properties": { "id": "way/854385619", "name": null, "name_en": null, "name_ne": null, "status": "Destroyed", "amenity": null, "building": "school", "operator_type": null, "capacity_persons": null, "addr_full": null, "addr_city": null, "source": null, "adm0_pcode": "NPL", "adm0_name": "Nepal", "adm1_pcode": "NP03", "adm1_name": "Bagmati", "adm2_pcode": "NP0329", "adm2_name": "Rasuwa", "adm3_pcode": "NP0329402", "adm3_name": "Gosaikunda", "adm4_pcode": null, "adm4_name": null, "name_latin": null }, "geometry": { "type": "LineString", "coordinates": [ [ 85.3387325, 28.1642819 ], [ 85.3388143, 28.1643233 ], [ 85.3388328, 28.1642949 ], [ 85.338751, 28.1642535 ], [ 85.3387325, 28.1642819 ] ] } },
{ "type": "Feature", "properties": { "id": "way/1552643524", "name": "Uttargaya Secondary School", "name_en": null, "name_ne": null, "status": "Destroyed", "amenity": null, "building": "school", "operator_type": null, "capacity_persons": null, "addr_full": null, "addr_city": null, "source": null, "adm0_pcode": "NPL", "adm0_name": "Nepal", "adm1_pcode": "NP03", "adm1_name": "Bagmati", "adm2_pcode": "NP0328", "adm2_name": "Nuwakot", "adm3_pcode": "NP0328301", "adm3_name": "Bidur", "adm4_pcode": null, "adm4_name": null, "name_latin": "Uttargaya Secondary School" }, "geometry": { "type": "LineString", "coordinates": [ [ 85.1806787, 27.967697 ], [ 85.1807699, 27.9676805 ], [ 85.1808427, 27.9679946 ], [ 85.1807514, 27.9680111 ], [ 85.1806787, 27.967697 ] ] } },
{ "type": "Feature", "properties": { "id": "way/258871200", "name": "Tribhuwan Trishuli Higher School", "name_en": null, "name_ne": null, "status": "Destroyed", "amenity": "school", "building": null, "operator_type": "government", "capacity_persons": null, "addr_full": null, "addr_city": null, "source": null, "adm0_pcode": "NPL", "adm0_name": "Nepal", "adm1_pcode": "NP03", "adm1_name": "Bagmati", "adm2_pcode": "NP0328", "adm2_name": "Nuwakot", "adm3_pcode": "NP0328301", "adm3_name": "Bidur", "adm4_pcode": null, "adm4_name": null, "name_latin": "Tribhuwan Trishuli Higher School" }, "geometry": { "type": "LineString", "coordinates": [ [ 85.1498557, 27.9240979 ], [ 85.1498074, 27.9238325 ], [ 85.1497672, 27.9235718 ], [ 85.1498442, 27.9235718 ], [ 85.149871, 27.9235295 ], [ 85.1498879, 27.9234012 ], [ 85.1501722, 27.9233822 ], [ 85.1502084, 27.9236372 ], [ 85.1500434, 27.9236524 ], [ 85.1500515, 27.9237472 ], [ 85.150055, 27.9238331 ], [ 85.14999, 27.9239328 ], [ 85.1500005, 27.9240885 ], [ 85.1498557, 27.9240979 ] ] } },
{ "type": "Feature", "properties": { "id": "way/503534980", "name": "Shri Kali Devi Pra Vi", "name_en": null, "name_ne": null, "status": "Standing", "amenity": "school", "building": null, "operator_type": "government", "capacity_persons": null, "addr_full": null, "addr_city": null, "source": null, "adm0_pcode": "NPL", "adm0_name": "Nepal", "adm1_pcode": "NP03", "adm1_name": "Bagmati", "adm2_pcode": "NP0330", "adm2_name": "Dhading", "adm3_pcode": "NP0330410", "adm3_name": "Galchhi", "adm4_pcode": null, "adm4_name": null, "name_latin": "Shri Kali Devi Pra Vi" }, "geometry": { "type": "Polygon", "coordinates": [ [ [ 84.9763238, 27.8043554 ], [ 84.9763747, 27.8042291 ], [ 84.9765591, 27.8042184 ], [ 84.9767509, 27.8042457 ], [ 84.9768944, 27.8042113 ], [ 84.976944, 27.8043548 ], [ 84.976775, 27.8044794 ], [ 84.9766087, 27.8045838 ], [ 84.9765041, 27.8045043 ], [ 84.9764116, 27.8044331 ], [ 84.9763238, 27.8043554 ] ] ] } },
{ "type": "Feature", "properties": { "id": "way/497994434", "name": "Shree Netra Jyoti Primary school", "name_en": null, "name_ne": null, "status": "Standing", "amenity": "school", "building": null, "operator_type": "government", "capacity_persons": null, "addr_full": null, "addr_city": null, "source": null, "adm0_pcode": "NPL", "adm0_name": "Nepal", "adm1_pcode": "NP03", "adm1_name": "Bagmati", "adm2_pcode": "NP0330", "adm2_name": "Dhading", "adm3_pcode": "NP0330408", "adm3_name": "Benighat Rorang", "adm4_pcode": null, "adm4_name": null, "name_latin": "Shree Netra Jyoti Primary school" }, "geometry": { "type": "Polygon", "coordinates": [ [ [ 84.719228, 27.8082434 ], [ 84.7192582, 27.8081651 ], [ 84.7193487, 27.8081366 ], [ 84.7194352, 27.8081325 ], [ 84.7195471, 27.8081099 ], [ 84.7196544, 27.8081117 ], [ 84.7197463, 27.8080607 ], [ 84.7197986, 27.8080126 ], [ 84.719918, 27.8080317 ], [ 84.719857, 27.8081983 ], [ 84.7198261, 27.8083668 ], [ 84.7194493, 27.8083252 ], [ 84.719228, 27.8082434 ] ] ] } },
{ "type": "Feature", "properties": { "id": "way/342139897", "name": "Samudayik Bidhya Mandir", "name_en": null, "name_ne": null, "status": "Standing", "amenity": null, "building": "school", "operator_type": null, "capacity_persons": null, "addr_full": null, "addr_city": null, "source": null, "adm0_pcode": "NPL", "adm0_name": "Nepal", "adm1_pcode": "NP03", "adm1_name": "Bagmati", "adm2_pcode": "NP0328", "adm2_name": "Nuwakot", "adm3_pcode": "NP0328301", "adm3_name": "Bidur", "adm4_pcode": null, "adm4_name": null, "name_latin": "Samudayik Bidhya Mandir" }, "geometry": { "type": "Polygon", "coordinates": [ [ [ 85.1076575, 27.8646243 ], [ 85.1076682, 27.864563 ], [ 85.1077519, 27.8645745 ], [ 85.1077411, 27.8646358 ], [ 85.1076575, 27.8646243 ] ] ] } },
{ "type": "Feature", "properties": { "id": "way/342634651", "name": "Shree Lingling Pra Vi", "name_en": null, "name_ne": null, "status": "Standing", "amenity": "school", "building": null, "operator_type": "government", "capacity_persons": null, "addr_full": null, "addr_city": null, "source": null, "adm0_pcode": "NPL", "adm0_name": "Nepal", "adm1_pcode": "NP03", "adm1_name": "Bagmati", "adm2_pcode": "NP0329", "adm2_name": "Rasuwa", "adm3_pcode": "NP0329402", "adm3_name": "Gosaikunda", "adm4_pcode": null, "adm4_name": null, "name_latin": "Shree Lingling Pra Vi" }, "geometry": { "type": "Polygon", "coordinates": [ [ [ 85.3586482, 28.214663 ], [ 85.3588463, 28.2145907 ], [ 85.3588222, 28.2144524 ], [ 85.3589652, 28.2143554 ], [ 85.3591802, 28.214723 ], [ 85.3589954, 28.214799 ], [ 85.3587538, 28.2148152 ], [ 85.3586482, 28.214663 ] ] ] } },
{ "type": "Feature", "properties": { "id": "way/512487645", "name": "Shree Janasakti Prathamik Vidhyalaya", "name_en": null, "name_ne": null, "status": "Standing", "amenity": "school", "building": null, "operator_type": "government", "capacity_persons": null, "addr_full": null, "addr_city": null, "source": null, "adm0_pcode": "NPL", "adm0_name": "Nepal", "adm1_pcode": "NP03", "adm1_name": "Bagmati", "adm2_pcode": "NP0328", "adm2_name": "Nuwakot", "adm3_pcode": "NP0328301", "adm3_name": "Bidur", "adm4_pcode": null, "adm4_name": null, "name_latin": "Shree Janasakti Prathamik Vidhyalaya" }, "geometry": { "type": "Polygon", "coordinates": [ [ [ 85.1527345, 27.9568837 ], [ 85.1528799, 27.9568351 ], [ 85.1531565, 27.9572595 ], [ 85.1531291, 27.9573999 ], [ 85.1530459, 27.9574378 ], [ 85.1528614, 27.9571618 ], [ 85.1527345, 27.9568837 ] ] ] } },
{ "type": "Feature", "properties": { "id": "way/1553896687", "name": null, "name_en": null, "name_ne": null, "status": "Standing", "amenity": null, "building": "school", "operator_type": null, "capacity_persons": null, "addr_full": null, "addr_city": null, "source": null, "adm0_pcode": "NPL", "adm0_name": "Nepal", "adm1_pcode": "NP03", "adm1_name": "Bagmati", "adm2_pcode": "NP0328", "adm2_name": "Nuwakot", "adm3_pcode": "NP0328301", "adm3_name": "Bidur", "adm4_pcode": null, "adm4_name": null, "name_latin": null }, "geometry": { "type": "Polygon", "coordinates": [ [ [ 85.1392487, 27.8961611 ], [ 85.1392718, 27.8959096 ], [ 85.139376, 27.8959171 ], [ 85.1393529, 27.8961686 ], [ 85.1392487, 27.8961611 ] ] ] } },
{ "type": "Feature", "properties": { "id": "way/246153293", "name": "Shree Bhairum Higher Secondary School", "name_en": null, "name_ne": null, "status": "Standing", "amenity": "school", "building": null, "operator_type": "government", "capacity_persons": null, "addr_full": null, "addr_city": null, "source": null, "adm0_pcode": "NPL", "adm0_name": "Nepal", "adm1_pcode": "NP03", "adm1_name": "Bagmati", "adm2_pcode": "NP0328", "adm2_name": "Nuwakot", "adm3_pcode": "NP0328301", "adm3_name": "Bidur", "adm4_pcode": null, "adm4_name": null, "name_latin": "Shree Bhairum Higher Secondary School" }, "geometry": { "type": "Polygon", "coordinates": [ [ [ 85.1385904, 27.9223456 ], [ 85.1388379, 27.9222183 ], [ 85.139837, 27.9227963 ], [ 85.140023, 27.9228945 ], [ 85.1400784, 27.9229713 ], [ 85.1398975, 27.9232005 ], [ 85.1398318, 27.9233102 ], [ 85.1389202, 27.9228568 ], [ 85.1386769, 27.9228473 ], [ 85.1385904, 27.9223456 ] ] ] } },
{ "type": "Feature", "properties": { "id": "way/1553896686", "name": null, "name_en": null, "name_ne": null, "status": "Standing", "amenity": null, "building": "school", "operator_type": null, "capacity_persons": null, "addr_full": null, "addr_city": null, "source": null, "adm0_pcode": "NPL", "adm0_name": "Nepal", "adm1_pcode": "NP03", "adm1_name": "Bagmati", "adm2_pcode": "NP0328", "adm2_name": "Nuwakot", "adm3_pcode": "NP0328301", "adm3_name": "Bidur", "adm4_pcode": null, "adm4_name": null, "name_latin": null }, "geometry": { "type": "Polygon", "coordinates": [ [ [ 85.1390435, 27.8955046 ], [ 85.1390518, 27.8954324 ], [ 85.1394509, 27.8954683 ], [ 85.1394426, 27.8955405 ], [ 85.1390435, 27.8955046 ] ] ] } },
{ "type": "Feature", "properties": { "id": "way/594084567", "name": "Shree Bhadrakali Gurukul Saskriti Bidhyalaya", "name_en": null, "name_ne": null, "status": "Standing", "amenity": "school", "building": null, "operator_type": "government", "capacity_persons": null, "addr_full": null, "addr_city": null, "source": null, "adm0_pcode": "NPL", "adm0_name": "Nepal", "adm1_pcode": "NP03", "adm1_name": "Bagmati", "adm2_pcode": "NP0330", "adm2_name": "Dhading", "adm3_pcode": "NP0330407", "adm3_name": "Siddhalek", "adm4_pcode": null, "adm4_name": null, "name_latin": "Shree Bhadrakali Gurukul Saskriti Bidhyalaya" }, "geometry": { "type": "Polygon", "coordinates": [ [ [ 84.8355125, 27.8068934 ], [ 84.8355634, 27.8068365 ], [ 84.8356144, 27.8068792 ], [ 84.8356687, 27.8068733 ], [ 84.8358031, 27.8069359 ], [ 84.8358578, 27.8069017 ], [ 84.835943, 27.8068655 ], [ 84.8360661, 27.8067468 ], [ 84.8362119, 27.8067101 ], [ 84.8362599, 27.8067206 ], [ 84.83627, 27.8070852 ], [ 84.8362043, 27.8072279 ], [ 84.83602, 27.8073985 ], [ 84.835958, 27.8073443 ], [ 84.8355624, 27.806948 ], [ 84.8355125, 27.8068934 ] ] ] } },
{ "type": "Feature", "properties": { "id": "way/345115922", "name": "Shree Janasakti Prathamik School", "name_en": null, "name_ne": null, "status": "Standing", "amenity": "school", "building": "school", "operator_type": null, "capacity_persons": null, "addr_full": null, "addr_city": null, "source": null, "adm0_pcode": "NPL", "adm0_name": "Nepal", "adm1_pcode": "NP04", "adm1_name": "Gandaki", "adm2_pcode": "NP0440", "adm2_name": "Tanahu", "adm3_pcode": "NP0440405", "adm3_name": "Aanbu Khaireni", "adm4_pcode": null, "adm4_name": null, "name_latin": "Shree Janasakti Prathamik School" }, "geometry": { "type": "Polygon", "coordinates": [ [ [ 84.4609062, 27.8297439 ], [ 84.4610309, 27.8296591 ], [ 84.4610496, 27.8296806 ], [ 84.4610831, 27.8297191 ], [ 84.4609583, 27.8298039 ], [ 84.4609062, 27.8297439 ] ] ] } },
{ "type": "Feature", "properties": { "id": "way/341321096", "name": "Shree Janajyoti Aadharbhut School", "name_en": null, "name_ne": null, "status": "Standing", "amenity": "school", "building": "school", "operator_type": null, "capacity_persons": null, "addr_full": null, "addr_city": null, "source": null, "adm0_pcode": "NPL", "adm0_name": "Nepal", "adm1_pcode": "NP04", "adm1_name": "Gandaki", "adm2_pcode": "NP0440", "adm2_name": "Tanahu", "adm3_pcode": "NP0440406", "adm3_name": "Devghat", "adm4_pcode": null, "adm4_name": null, "name_latin": "Shree Janajyoti Aadharbhut School" }, "geometry": { "type": "Polygon", "coordinates": [ [ [ 84.4337282, 27.8244219 ], [ 84.4339287, 27.8242655 ], [ 84.4339852, 27.8243222 ], [ 84.4337848, 27.8244786 ], [ 84.4337282, 27.8244219 ] ] ] } },
{ "type": "Feature", "properties": { "id": "way/341442325", "name": "Shri Chhetrapal Lower Secondary School", "name_en": null, "name_ne": null, "status": "Standing", "amenity": "school", "building": null, "operator_type": "government", "capacity_persons": null, "addr_full": null, "addr_city": null, "source": null, "adm0_pcode": "NPL", "adm0_name": "Nepal", "adm1_pcode": "NP03", "adm1_name": "Bagmati", "adm2_pcode": "NP0328", "adm2_name": "Nuwakot", "adm3_pcode": "NP0328301", "adm3_name": "Bidur", "adm4_pcode": null, "adm4_name": null, "name_latin": "Shri Chhetrapal Lower Secondary School" }, "geometry": { "type": "Polygon", "coordinates": [ [ [ 85.0946623, 27.8633931 ], [ 85.0947417, 27.8632012 ], [ 85.094882, 27.8631268 ], [ 85.0951061, 27.8630812 ], [ 85.0953113, 27.8631229 ], [ 85.0953425, 27.8632085 ], [ 85.0954802, 27.863367 ], [ 85.095459, 27.8634146 ], [ 85.0952027, 27.8635468 ], [ 85.0949205, 27.8635491 ], [ 85.0946865, 27.8635079 ], [ 85.0946623, 27.8633931 ] ] ] } },
{ "type": "Feature", "properties": { "id": "way/1553399365", "name": "Shree Nepal Rastriya School, Syauli", "name_en": null, "name_ne": null, "status": "Standing", "amenity": "school", "building": "school", "operator_type": null, "capacity_persons": null, "addr_full": null, "addr_city": null, "source": null, "adm0_pcode": "NPL", "adm0_name": "Nepal", "adm1_pcode": "NP03", "adm1_name": "Bagmati", "adm2_pcode": "NP0335", "adm2_name": "Chitawan", "adm3_pcode": "NP0335101", "adm3_name": "Bharatpur", "adm4_pcode": null, "adm4_name": null, "name_latin": "Shree Nepal Rastriya School, Syauli" }, "geometry": { "type": "Polygon", "coordinates": [ [ [ 84.4629858, 27.8116644 ], [ 84.4629968, 27.8116128 ], [ 84.4633321, 27.8116686 ], [ 84.4633211, 27.8117201 ], [ 84.4629858, 27.8116644 ] ] ] } },
{ "type": "Feature", "properties": { "id": "way/503947539", "name": "Shree Bageshwori Pra V", "name_en": null, "name_ne": null, "status": "Standing", "amenity": "school", "building": null, "operator_type": "government", "capacity_persons": null, "addr_full": null, "addr_city": null, "source": null, "adm0_pcode": "NPL", "adm0_name": "Nepal", "adm1_pcode": "NP03", "adm1_name": "Bagmati", "adm2_pcode": "NP0330", "adm2_name": "Dhading", "adm3_pcode": "NP0330407", "adm3_name": "Siddhalek", "adm4_pcode": null, "adm4_name": null, "name_latin": "Shree Bageshwori Pra V" }, "geometry": { "type": "Polygon", "coordinates": [ [ [ 84.8669042, 27.8004666 ], [ 84.8669187, 27.8003844 ], [ 84.8669963, 27.8003357 ], [ 84.8670181, 27.8002901 ], [ 84.8670984, 27.8002795 ], [ 84.8672786, 27.8002868 ], [ 84.8674052, 27.8003087 ], [ 84.8674954, 27.8003153 ], [ 84.8674677, 27.8003725 ], [ 84.8674167, 27.8005136 ], [ 84.8672806, 27.8005551 ], [ 84.8671371, 27.8005563 ], [ 84.8670379, 27.8005373 ], [ 84.8669042, 27.8004666 ] ] ] } },
{ "type": "Feature", "properties": { "id": "way/1553791988", "name": null, "name_en": null, "name_ne": null, "status": "Standing", "amenity": "school", "building": null, "operator_type": null, "capacity_persons": null, "addr_full": null, "addr_city": null, "source": null, "adm0_pcode": "NPL", "adm0_name": "Nepal", "adm1_pcode": "NP03", "adm1_name": "Bagmati", "adm2_pcode": "NP0330", "adm2_name": "Dhading", "adm3_pcode": "NP0330410", "adm3_name": "Galchhi", "adm4_pcode": null, "adm4_name": null, "name_latin": null }, "geometry": { "type": "Polygon", "coordinates": [ [ [ 84.9980965, 27.7959853 ], [ 84.9981933, 27.7958301 ], [ 84.9983027, 27.7957246 ], [ 84.9983952, 27.7956807 ], [ 84.9985957, 27.7956989 ], [ 84.9987133, 27.7956744 ], [ 84.9987848, 27.7957971 ], [ 84.9990914, 27.7957582 ], [ 84.9990503, 27.7962015 ], [ 84.9988539, 27.7961873 ], [ 84.9986248, 27.7962079 ], [ 84.9983822, 27.7962694 ], [ 84.9982718, 27.7962284 ], [ 84.9982105, 27.7961514 ], [ 84.9980965, 27.7959853 ] ] ] } },
{ "type": "Feature", "properties": { "id": "way/590141152", "name": null, "name_en": null, "name_ne": null, "status": "Standing", "amenity": "school", "building": null, "operator_type": null, "capacity_persons": null, "addr_full": null, "addr_city": null, "source": null, "adm0_pcode": "NPL", "adm0_name": "Nepal", "adm1_pcode": "NP03", "adm1_name": "Bagmati", "adm2_pcode": "NP0330", "adm2_name": "Dhading", "adm3_pcode": "NP0330409", "adm3_name": "Gajuri", "adm4_pcode": null, "adm4_name": null, "name_latin": null }, "geometry": { "type": "Polygon", "coordinates": [ [ [ 84.8768661, 27.8054788 ], [ 84.8768855, 27.8054516 ], [ 84.876911, 27.8054017 ], [ 84.8769955, 27.8052896 ], [ 84.8769861, 27.8052469 ], [ 84.8769405, 27.8052101 ], [ 84.8769888, 27.8050927 ], [ 84.8770344, 27.8050108 ], [ 84.8770948, 27.8049693 ], [ 84.8771565, 27.8049717 ], [ 84.8771954, 27.8050014 ], [ 84.8772208, 27.8050595 ], [ 84.8773161, 27.8050725 ], [ 84.8773912, 27.8051022 ], [ 84.877422, 27.8051484 ], [ 84.877426, 27.8052006 ], [ 84.8773107, 27.8053762 ], [ 84.8772208, 27.8054865 ], [ 84.8771779, 27.8055613 ], [ 84.8771363, 27.8056158 ], [ 84.8771075, 27.8056307 ], [ 84.8769768, 27.805553 ], [ 84.8768661, 27.8054788 ] ] ] } },
{ "type": "Feature", "properties": { "id": "way/340857829", "name": null, "name_en": null, "name_ne": null, "status": "Standing", "amenity": null, "building": "school", "operator_type": null, "capacity_persons": null, "addr_full": null, "addr_city": null, "source": null, "adm0_pcode": "NPL", "adm0_name": "Nepal", "adm1_pcode": "NP03", "adm1_name": "Bagmati", "adm2_pcode": "NP0335", "adm2_name": "Chitawan", "adm3_pcode": "NP0335101", "adm3_name": "Bharatpur", "adm4_pcode": null, "adm4_name": null, "name_latin": null }, "geometry": { "type": "Polygon", "coordinates": [ [ [ 84.4823539, 27.8204577 ], [ 84.482614, 27.8203966 ], [ 84.4826427, 27.8204925 ], [ 84.4824756, 27.8205318 ], [ 84.4824643, 27.8204939 ], [ 84.4823713, 27.8205158 ], [ 84.4823539, 27.8204577 ] ] ] } },
{ "type": "Feature", "properties": { "id": "way/498173214", "name": "Shree Thumka Pra V", "name_en": null, "name_ne": null, "status": "Standing", "amenity": "school", "building": null, "operator_type": "government", "capacity_persons": null, "addr_full": null, "addr_city": null, "source": null, "adm0_pcode": "NPL", "adm0_name": "Nepal", "adm1_pcode": "NP04", "adm1_name": "Gandaki", "adm2_pcode": "NP0436", "adm2_name": "Gorkha", "adm3_pcode": "NP0436409", "adm3_name": "Gandaki", "adm4_pcode": null, "adm4_name": null, "name_latin": "Shree Thumka Pra V" }, "geometry": { "type": "Polygon", "coordinates": [ [ [ 84.6806559, 27.8189162 ], [ 84.6807558, 27.818829 ], [ 84.6808497, 27.8187994 ], [ 84.6809107, 27.8188842 ], [ 84.6809214, 27.8189909 ], [ 84.6809707, 27.819065 ], [ 84.6810334, 27.8191967 ], [ 84.680915, 27.8192462 ], [ 84.6807866, 27.8191258 ], [ 84.6806813, 27.8190621 ], [ 84.6806559, 27.8189162 ] ] ] } },
{ "type": "Feature", "properties": { "id": "way/341444140", "name": "Chandra Jyoti Secondary School", "name_en": null, "name_ne": null, "status": "Standing", "amenity": "school", "building": null, "operator_type": "government", "capacity_persons": null, "addr_full": null, "addr_city": null, "source": null, "adm0_pcode": "NPL", "adm0_name": "Nepal", "adm1_pcode": "NP03", "adm1_name": "Bagmati", "adm2_pcode": "NP0328", "adm2_name": "Nuwakot", "adm3_pcode": "NP0328301", "adm3_name": "Bidur", "adm4_pcode": null, "adm4_name": null, "name_latin": "Chandra Jyoti Secondary School" }, "geometry": { "type": "Polygon", "coordinates": [ [ [ 85.1209872, 27.868342 ], [ 85.1216836, 27.8676424 ], [ 85.1220335, 27.8681517 ], [ 85.1219448, 27.8682501 ], [ 85.1215033, 27.8687401 ], [ 85.121016, 27.8685045 ], [ 85.1209872, 27.868342 ] ] ] } },
{ "type": "Feature", "properties": { "id": "way/512730541", "name": "Tribhuwan Trisuli Multiple Campus", "name_en": null, "name_ne": null, "status": "Standing", "amenity": "college", "building": null, "operator_type": "government", "capacity_persons": null, "addr_full": null, "addr_city": null, "source": null, "adm0_pcode": "NPL", "adm0_name": "Nepal", "adm1_pcode": "NP03", "adm1_name": "Bagmati", "adm2_pcode": "NP0328", "adm2_name": "Nuwakot", "adm3_pcode": "NP0328301", "adm3_name": "Bidur", "adm4_pcode": null, "adm4_name": null, "name_latin": "Tribhuwan Trisuli Multiple Campus" }, "geometry": { "type": "Polygon", "coordinates": [ [ [ 85.1490721, 27.9250829 ], [ 85.1496555, 27.9250296 ], [ 85.1497172, 27.9257512 ], [ 85.1492411, 27.9258224 ], [ 85.1490721, 27.9250829 ] ] ] } },
{ "type": "Feature", "properties": { "id": "way/503523818", "name": "Shri Chakra Mahakali Pra Vi", "name_en": null, "name_ne": "श्री चक्र महाकाली प्राथमिक विद्यालय", "status": "Standing", "amenity": "school", "building": null, "operator_type": "government", "capacity_persons": null, "addr_full": null, "addr_city": null, "source": null, "adm0_pcode": "NPL", "adm0_name": "Nepal", "adm1_pcode": "NP03", "adm1_name": "Bagmati", "adm2_pcode": "NP0330", "adm2_name": "Dhading", "adm3_pcode": "NP0330408", "adm3_name": "Benighat Rorang", "adm4_pcode": null, "adm4_name": null, "name_latin": "Shri Chakra Mahakali Pra Vi" }, "geometry": { "type": "Polygon", "coordinates": [ [ [ 84.8307009, 27.8251066 ], [ 84.830725, 27.8250212 ], [ 84.830835, 27.8249939 ], [ 84.8309893, 27.8249181 ], [ 84.8311032, 27.8249643 ], [ 84.8312277, 27.8251683 ], [ 84.8311663, 27.8252762 ], [ 84.8310067, 27.8253082 ], [ 84.8307103, 27.8252193 ], [ 84.8307009, 27.8251066 ] ] ] } },
{ "type": "Feature", "properties": { "id": "way/590141153", "name": "Shree Aadarsha HS School", "name_en": null, "name_ne": null, "status": "Standing", "amenity": "school", "building": null, "operator_type": null, "capacity_persons": null, "addr_full": null, "addr_city": null, "source": null, "adm0_pcode": "NPL", "adm0_name": "Nepal", "adm1_pcode": "NP03", "adm1_name": "Bagmati", "adm2_pcode": "NP0330", "adm2_name": "Dhading", "adm3_pcode": "NP0330409", "adm3_name": "Gajuri", "adm4_pcode": null, "adm4_name": null, "name_latin": "Shree Aadarsha HS School" }, "geometry": { "type": "Polygon", "coordinates": [ [ [ 84.8788368, 27.8076217 ], [ 84.8788771, 27.8072493 ], [ 84.8789817, 27.8070524 ], [ 84.8791507, 27.8069148 ], [ 84.8793411, 27.806865 ], [ 84.879443, 27.8069361 ], [ 84.879494, 27.8070381 ], [ 84.879547, 27.8071212 ], [ 84.8795751, 27.8071793 ], [ 84.8796174, 27.8072487 ], [ 84.8796737, 27.8073347 ], [ 84.8798065, 27.8073442 ], [ 84.8798655, 27.8073679 ], [ 84.8799258, 27.8074332 ], [ 84.8800305, 27.8076657 ], [ 84.8800948, 27.8077333 ], [ 84.8799259, 27.8079302 ], [ 84.8797488, 27.8079871 ], [ 84.8795879, 27.8080631 ], [ 84.8793948, 27.8081461 ], [ 84.8792178, 27.8081413 ], [ 84.8789683, 27.8079824 ], [ 84.8788717, 27.8079278 ], [ 84.8788368, 27.8076217 ] ] ] } },
{ "type": "Feature", "properties": { "id": "way/639113707", "name": "shree satyawati higher secondary school", "name_en": null, "name_ne": null, "status": "Standing", "amenity": "school", "building": null, "operator_type": null, "capacity_persons": null, "addr_full": null, "addr_city": "Adamtar", "source": null, "adm0_pcode": "NPL", "adm0_name": "Nepal", "adm1_pcode": "NP03", "adm1_name": "Bagmati", "adm2_pcode": "NP0330", "adm2_name": "Dhading", "adm3_pcode": "NP0330407", "adm3_name": "Siddhalek", "adm4_pcode": null, "adm4_name": null, "name_latin": "shree satyawati higher secondary school" }, "geometry": { "type": "Polygon", "coordinates": [ [ [ 84.9400111, 27.8085047 ], [ 84.9401991, 27.8083885 ], [ 84.9403785, 27.808638 ], [ 84.940456, 27.8089469 ], [ 84.9404136, 27.8090045 ], [ 84.9402148, 27.809 ], [ 84.9401306, 27.8089146 ], [ 84.9401007, 27.8088016 ], [ 84.9400111, 27.8085047 ] ] ] } },
{ "type": "Feature", "properties": { "id": "relation/21288273", "name": "Trishuli Medical Institute", "name_en": null, "name_ne": null, "status": "Standing", "amenity": null, "building": "school", "operator_type": null, "capacity_persons": null, "addr_full": null, "addr_city": "Nuwakot", "source": null, "adm0_pcode": "NPL", "adm0_name": "Nepal", "adm1_pcode": "NP03", "adm1_name": "Bagmati", "adm2_pcode": "NP0328", "adm2_name": "Nuwakot", "adm3_pcode": "NP0328301", "adm3_name": "Bidur", "adm4_pcode": null, "adm4_name": null, "name_latin": "Trishuli Medical Institute" }, "geometry": { "type": "Polygon", "coordinates": [ [ [ 85.1399948, 27.9127012 ], [ 85.1403171, 27.9122052 ], [ 85.1404752, 27.9123079 ], [ 85.1401528, 27.9128039 ], [ 85.1399948, 27.9127012 ] ], [ [ 85.1400855, 27.9126731 ], [ 85.1401423, 27.91271 ], [ 85.1403826, 27.9123399 ], [ 85.1403258, 27.9123031 ], [ 85.1400855, 27.9126731 ] ] ] } },
{ "type": "Feature", "properties": { "id": "way/503534896", "name": "Shree Barahi Pra Vi", "name_en": null, "name_ne": null, "status": "Standing", "amenity": "school", "building": null, "operator_type": "government", "capacity_persons": null, "addr_full": null, "addr_city": null, "source": null, "adm0_pcode": "NPL", "adm0_name": "Nepal", "adm1_pcode": "NP03", "adm1_name": "Bagmati", "adm2_pcode": "NP0330", "adm2_name": "Dhading", "adm3_pcode": "NP0330410", "adm3_name": "Galchhi", "adm4_pcode": null, "adm4_name": null, "name_latin": "Shree Barahi Pra Vi" }, "geometry": { "type": "Polygon", "coordinates": [ [ [ 85.0034661, 27.805423 ], [ 85.0035264, 27.8053071 ], [ 85.0035916, 27.8052709 ], [ 85.0037561, 27.805321 ], [ 85.0038097, 27.805356 ], [ 85.0038808, 27.8053898 ], [ 85.0039713, 27.805458 ], [ 85.0039184, 27.8055417 ], [ 85.0037521, 27.8056888 ], [ 85.0036615, 27.8056312 ], [ 85.0036287, 27.8055933 ], [ 85.0035831, 27.8055239 ], [ 85.0034661, 27.805423 ] ] ] } },
{ "type": "Feature", "properties": { "id": "way/341439784", "name": "Shri Rana Bhuwaneswari Uccha Madhyamik Prabidhik Bidyalaya", "name_en": null, "name_ne": null, "status": "Standing", "amenity": "school", "building": null, "operator_type": "government", "capacity_persons": null, "addr_full": null, "addr_city": null, "source": null, "adm0_pcode": "NPL", "adm0_name": "Nepal", "adm1_pcode": "NP03", "adm1_name": "Bagmati", "adm2_pcode": "NP0328", "adm2_name": "Nuwakot", "adm3_pcode": "NP0328301", "adm3_name": "Bidur", "adm4_pcode": null, "adm4_name": null, "name_latin": "Shri Rana Bhuwaneswari Uccha Madhyamik Prabidhik Bidyalaya" }, "geometry": { "type": "Polygon", "coordinates": [ [ [ 85.1072833, 27.862083 ], [ 85.107483, 27.8617798 ], [ 85.1078026, 27.8620152 ], [ 85.1079577, 27.862125 ], [ 85.108029, 27.8622214 ], [ 85.1080548, 27.8623303 ], [ 85.1081844, 27.8625657 ], [ 85.1080817, 27.8626314 ], [ 85.1081664, 27.8627527 ], [ 85.1080959, 27.8628078 ], [ 85.1076683, 27.8625797 ], [ 85.1074284, 27.8624709 ], [ 85.1075373, 27.8622757 ], [ 85.1072833, 27.862083 ] ] ] } },
{ "type": "Feature", "properties": { "id": "way/474658300", "name": null, "name_en": null, "name_ne": null, "status": "Standing", "amenity": null, "building": "school", "operator_type": null, "capacity_persons": null, "addr_full": null, "addr_city": null, "source": null, "adm0_pcode": "NPL", "adm0_name": "Nepal", "adm1_pcode": "NP03", "adm1_name": "Bagmati", "adm2_pcode": "NP0329", "adm2_name": "Rasuwa", "adm3_pcode": "NP0329402", "adm3_name": "Gosaikunda", "adm4_pcode": null, "adm4_name": null, "name_latin": null }, "geometry": { "type": "Polygon", "coordinates": [ [ [ 85.33901, 28.1650064 ], [ 85.3390366, 28.1649072 ], [ 85.3394471, 28.1649925 ], [ 85.3394205, 28.1650917 ], [ 85.33901, 28.1650064 ] ] ] } },
{ "type": "Feature", "properties": { "id": "way/414462859", "name": "shree jd boarding school", "name_en": null, "name_ne": null, "status": "Standing", "amenity": "school", "building": null, "operator_type": null, "capacity_persons": null, "addr_full": null, "addr_city": null, "source": null, "adm0_pcode": "NPL", "adm0_name": "Nepal", "adm1_pcode": "NP03", "adm1_name": "Bagmati", "adm2_pcode": "NP0328", "adm2_name": "Nuwakot", "adm3_pcode": "NP0328301", "adm3_name": "Bidur", "adm4_pcode": null, "adm4_name": null, "name_latin": "shree jd boarding school" }, "geometry": { "type": "Polygon", "coordinates": [ [ [ 85.1386272, 27.8965089 ], [ 85.1388389, 27.8951875 ], [ 85.1392695, 27.8949468 ], [ 85.1394914, 27.8948973 ], [ 85.1396686, 27.8950768 ], [ 85.1396506, 27.8952182 ], [ 85.1396297, 27.8953823 ], [ 85.1394655, 27.8960697 ], [ 85.1393834, 27.8962263 ], [ 85.1393791, 27.8964707 ], [ 85.1386272, 27.8965089 ] ] ] } },
{ "type": "Feature", "properties": { "id": "way/341049859", "name": "Shree Chandeswori Uchha Ma.Vi.", "name_en": null, "name_ne": null, "status": "Standing", "amenity": "school", "building": null, "operator_type": "government", "capacity_persons": null, "addr_full": null, "addr_city": null, "source": null, "adm0_pcode": "NPL", "adm0_name": "Nepal", "adm1_pcode": "NP03", "adm1_name": "Bagmati", "adm2_pcode": "NP0328", "adm2_name": "Nuwakot", "adm3_pcode": "NP0328301", "adm3_name": "Bidur", "adm4_pcode": null, "adm4_name": null, "name_latin": "Shree Chandeswori Uchha Ma.Vi." }, "geometry": { "type": "Polygon", "coordinates": [ [ [ 85.1682113, 27.9644586 ], [ 85.1683414, 27.964168 ], [ 85.1684847, 27.9640683 ], [ 85.1692523, 27.9642708 ], [ 85.1689084, 27.964898 ], [ 85.1684563, 27.964662 ], [ 85.1682113, 27.9644586 ] ] ] } },
{ "type": "Feature", "properties": { "id": "way/278201422", "name": "Shri Sahid J P Jang Shah Sanskrit Ma V", "name_en": null, "name_ne": null, "status": "Standing", "amenity": "school", "building": null, "operator_type": "government", "capacity_persons": null, "addr_full": null, "addr_city": "nuwakot", "source": null, "adm0_pcode": "NPL", "adm0_name": "Nepal", "adm1_pcode": "NP03", "adm1_name": "Bagmati", "adm2_pcode": "NP0328", "adm2_name": "Nuwakot", "adm3_pcode": "NP0328301", "adm3_name": "Bidur", "adm4_pcode": null, "adm4_name": null, "name_latin": "Shri Sahid J P Jang Shah Sanskrit Ma V" }, "geometry": { "type": "Polygon", "coordinates": [ [ [ 85.112707, 27.8635251 ], [ 85.1132931, 27.8630586 ], [ 85.1139999, 27.863662 ], [ 85.1133481, 27.8641362 ], [ 85.112707, 27.8635251 ] ] ] } },
{ "type": "Feature", "properties": { "id": "way/341440354", "name": "Samudayik Bidhya Mandir", "name_en": null, "name_ne": null, "status": "Standing", "amenity": null, "building": "school", "operator_type": null, "capacity_persons": null, "addr_full": null, "addr_city": null, "source": null, "adm0_pcode": "NPL", "adm0_name": "Nepal", "adm1_pcode": "NP03", "adm1_name": "Bagmati", "adm2_pcode": "NP0328", "adm2_name": "Nuwakot", "adm3_pcode": "NP0328301", "adm3_name": "Bidur", "adm4_pcode": null, "adm4_name": null, "name_latin": "Samudayik Bidhya Mandir" }, "geometry": { "type": "Polygon", "coordinates": [ [ [ 85.1078663, 27.864461 ], [ 85.1078855, 27.8643951 ], [ 85.1080704, 27.8644374 ], [ 85.1080511, 27.8645033 ], [ 85.1078663, 27.864461 ] ] ] } },
{ "type": "Feature", "properties": { "id": "way/755079901", "name": null, "name_en": null, "name_ne": null, "status": "Standing", "amenity": "college", "building": null, "operator_type": null, "capacity_persons": null, "addr_full": null, "addr_city": null, "source": null, "adm0_pcode": "NPL", "adm0_name": "Nepal", "adm1_pcode": "NP03", "adm1_name": "Bagmati", "adm2_pcode": "NP0328", "adm2_name": "Nuwakot", "adm3_pcode": "NP0328301", "adm3_name": "Bidur", "adm4_pcode": null, "adm4_name": null, "name_latin": null }, "geometry": { "type": "Polygon", "coordinates": [ [ [ 85.13916, 27.9227995 ], [ 85.1392646, 27.9226277 ], [ 85.1396415, 27.9227189 ], [ 85.139852, 27.922809 ], [ 85.1400492, 27.9228813 ], [ 85.1401578, 27.9231514 ], [ 85.1395194, 27.9233553 ], [ 85.139443, 27.9232391 ], [ 85.1392405, 27.9232439 ], [ 85.1391734, 27.9230543 ], [ 85.13916, 27.9227995 ] ] ] } },
{ "type": "Feature", "properties": { "id": "way/516998502", "name": "Shree Ramchandra Ni Ma Vi", "name_en": null, "name_ne": null, "status": "Standing", "amenity": "school", "building": null, "operator_type": "government", "capacity_persons": null, "addr_full": null, "addr_city": null, "source": null, "adm0_pcode": "NPL", "adm0_name": "Nepal", "adm1_pcode": "NP03", "adm1_name": "Bagmati", "adm2_pcode": "NP0328", "adm2_name": "Nuwakot", "adm3_pcode": "NP0328301", "adm3_name": "Bidur", "adm4_pcode": null, "adm4_name": null, "name_latin": "Shree Ramchandra Ni Ma Vi" }, "geometry": { "type": "Polygon", "coordinates": [ [ [ 85.1843371, 27.9708074 ], [ 85.1843512, 27.9707293 ], [ 85.1844612, 27.9707411 ], [ 85.1846295, 27.9706795 ], [ 85.1848481, 27.9711095 ], [ 85.1847998, 27.9711427 ], [ 85.1847153, 27.9710337 ], [ 85.1845691, 27.9711035 ], [ 85.1843371, 27.9708074 ] ] ] } },
{ "type": "Feature", "properties": { "id": "way/500573773", "name": "Shree Gandaki Pra V", "name_en": null, "name_ne": null, "status": "Standing", "amenity": "school", "building": null, "operator_type": "government", "capacity_persons": null, "addr_full": null, "addr_city": null, "source": null, "adm0_pcode": "NPL", "adm0_name": "Nepal", "adm1_pcode": "NP04", "adm1_name": "Gandaki", "adm2_pcode": "NP0436", "adm2_name": "Gorkha", "adm3_pcode": "NP0436408", "adm3_name": "Shahid Lakhan", "adm4_pcode": null, "adm4_name": null, "name_latin": "Shree Gandaki Pra V" }, "geometry": { "type": "Polygon", "coordinates": [ [ [ 84.6102672, 27.8794843 ], [ 84.6103611, 27.8794149 ], [ 84.6104966, 27.879412 ], [ 84.6106575, 27.8793954 ], [ 84.6107266, 27.8794297 ], [ 84.6107022, 27.8796052 ], [ 84.6104785, 27.8796002 ], [ 84.61028, 27.8796016 ], [ 84.6102672, 27.8794843 ] ] ] } },
{ "type": "Feature", "properties": { "id": "way/355674068", "name": "Shree ChiuriBhanjyang primary School", "name_en": null, "name_ne": null, "status": "Standing", "amenity": "school", "building": null, "operator_type": "government", "capacity_persons": null, "addr_full": null, "addr_city": null, "source": null, "adm0_pcode": "NPL", "adm0_name": "Nepal", "adm1_pcode": "NP03", "adm1_name": "Bagmati", "adm2_pcode": "NP0330", "adm2_name": "Dhading", "adm3_pcode": "NP0330410", "adm3_name": "Galchhi", "adm4_pcode": null, "adm4_name": null, "name_latin": "Shree ChiuriBhanjyang primary School" }, "geometry": { "type": "Polygon", "coordinates": [ [ [ 85.0125891, 27.8327766 ], [ 85.0128733, 27.8324568 ], [ 85.0132121, 27.8326923 ], [ 85.0129279, 27.8330121 ], [ 85.0125891, 27.8327766 ] ] ] } },
{ "type": "Feature", "properties": { "id": "way/503330237", "name": "Shree Suntar Pra V", "name_en": null, "name_ne": null, "status": "Standing", "amenity": "school", "building": null, "operator_type": "government", "capacity_persons": null, "addr_full": null, "addr_city": null, "source": null, "adm0_pcode": "NPL", "adm0_name": "Nepal", "adm1_pcode": "NP03", "adm1_name": "Bagmati", "adm2_pcode": "NP0330", "adm2_name": "Dhading", "adm3_pcode": "NP0330410", "adm3_name": "Galchhi", "adm4_pcode": null, "adm4_name": null, "name_latin": "Shree Suntar Pra V" }, "geometry": { "type": "Polygon", "coordinates": [ [ [ 85.0057241, 27.8182677 ], [ 85.0057255, 27.8181515 ], [ 85.0057268, 27.8180328 ], [ 85.0057965, 27.8180328 ], [ 85.0059078, 27.8180886 ], [ 85.0059025, 27.8182285 ], [ 85.0058649, 27.8184053 ], [ 85.0057496, 27.8183994 ], [ 85.0057469, 27.8183626 ], [ 85.0057241, 27.8182677 ] ] ] } },
{ "type": "Feature", "properties": { "id": "way/497990198", "name": "Shree Patal Devi Ni Ma V", "name_en": null, "name_ne": null, "status": "Standing", "amenity": "school", "building": null, "operator_type": "government", "capacity_persons": null, "addr_full": null, "addr_city": null, "source": null, "adm0_pcode": "NPL", "adm0_name": "Nepal", "adm1_pcode": "NP04", "adm1_name": "Gandaki", "adm2_pcode": "NP0436", "adm2_name": "Gorkha", "adm3_pcode": "NP0436409", "adm3_name": "Gandaki", "adm4_pcode": null, "adm4_name": null, "name_latin": "Shree Patal Devi Ni Ma V" }, "geometry": { "type": "Polygon", "coordinates": [ [ [ 84.7483116, 27.8120699 ], [ 84.7485308, 27.8118858 ], [ 84.7486809, 27.812042 ], [ 84.7484655, 27.8122103 ], [ 84.7483116, 27.8120699 ] ] ] } },
{ "type": "Feature", "properties": { "id": "way/497989248", "name": "Madrassa Islamiyafaijul Ulum", "name_en": null, "name_ne": null, "status": "Standing", "amenity": "school", "building": null, "operator_type": "government", "capacity_persons": null, "addr_full": null, "addr_city": null, "source": null, "adm0_pcode": "NPL", "adm0_name": "Nepal", "adm1_pcode": "NP03", "adm1_name": "Bagmati", "adm2_pcode": "NP0330", "adm2_name": "Dhading", "adm3_pcode": "NP0330408", "adm3_name": "Benighat Rorang", "adm4_pcode": null, "adm4_name": null, "name_latin": "Madrassa Islamiyafaijul Ulum" }, "geometry": { "type": "Polygon", "coordinates": [ [ [ 84.7744819, 27.8095883 ], [ 84.7746055, 27.8095411 ], [ 84.7747109, 27.8095517 ], [ 84.7748785, 27.8096045 ], [ 84.7750199, 27.8096656 ], [ 84.7749824, 27.8097641 ], [ 84.7749408, 27.8099953 ], [ 84.7745273, 27.8098674 ], [ 84.7744819, 27.8095883 ] ] ] } },
{ "type": "Feature", "properties": { "id": "way/503155928", "name": "Shri Samitar Pra V", "name_en": null, "name_ne": null, "status": "Standing", "amenity": "school", "building": null, "operator_type": "government", "capacity_persons": null, "addr_full": null, "addr_city": null, "source": null, "adm0_pcode": "NPL", "adm0_name": "Nepal", "adm1_pcode": "NP03", "adm1_name": "Bagmati", "adm2_pcode": "NP0330", "adm2_name": "Dhading", "adm3_pcode": "NP0330407", "adm3_name": "Siddhalek", "adm4_pcode": null, "adm4_name": null, "name_latin": "Shri Samitar Pra V" }, "geometry": { "type": "Polygon", "coordinates": [ [ [ 84.8621583, 27.8099598 ], [ 84.8621918, 27.8098246 ], [ 84.8622776, 27.8097581 ], [ 84.8623782, 27.8096846 ], [ 84.8624801, 27.8096348 ], [ 84.8625941, 27.809668 ], [ 84.8627323, 27.8097131 ], [ 84.8626786, 27.8098352 ], [ 84.8626075, 27.8099325 ], [ 84.8625472, 27.810031 ], [ 84.8623165, 27.8100144 ], [ 84.8622106, 27.8099811 ], [ 84.8621583, 27.8099598 ] ] ] } },
{ "type": "Feature", "properties": { "id": "way/503925692", "name": "Shree kalika Pra Vi", "name_en": null, "name_ne": null, "status": "Standing", "amenity": "school", "building": null, "operator_type": "government", "capacity_persons": null, "addr_full": null, "addr_city": null, "source": null, "adm0_pcode": "NPL", "adm0_name": "Nepal", "adm1_pcode": "NP03", "adm1_name": "Bagmati", "adm2_pcode": "NP0330", "adm2_name": "Dhading", "adm3_pcode": "NP0330408", "adm3_name": "Benighat Rorang", "adm4_pcode": null, "adm4_name": null, "name_latin": "Shree kalika Pra Vi" }, "geometry": { "type": "Polygon", "coordinates": [ [ [ 84.7571317, 27.8017764 ], [ 84.757137, 27.8017076 ], [ 84.7572014, 27.8016839 ], [ 84.7572671, 27.8017331 ], [ 84.7573181, 27.8018838 ], [ 84.7573355, 27.8019544 ], [ 84.7571893, 27.8019657 ], [ 84.7571786, 27.8019307 ], [ 84.7571639, 27.8018749 ], [ 84.7571317, 27.8017764 ] ] ] } },
{ "type": "Feature", "properties": { "id": "way/500101810", "name": "Shree Chitra Devi Ni Ma V", "name_en": null, "name_ne": null, "status": "Standing", "amenity": "school", "building": null, "operator_type": "government", "capacity_persons": null, "addr_full": null, "addr_city": null, "source": null, "adm0_pcode": "NPL", "adm0_name": "Nepal", "adm1_pcode": "NP03", "adm1_name": "Bagmati", "adm2_pcode": "NP0330", "adm2_name": "Dhading", "adm3_pcode": "NP0330408", "adm3_name": "Benighat Rorang", "adm4_pcode": null, "adm4_name": null, "name_latin": "Shree Chitra Devi Ni Ma V" }, "geometry": { "type": "Polygon", "coordinates": [ [ [ 84.7741127, 27.8127296 ], [ 84.7741275, 27.8125172 ], [ 84.7741315, 27.8125006 ], [ 84.774216, 27.8124982 ], [ 84.7744131, 27.8125066 ], [ 84.774621, 27.812522 ], [ 84.7747444, 27.8125647 ], [ 84.7746961, 27.8127462 ], [ 84.7745365, 27.8127616 ], [ 84.7743836, 27.8127414 ], [ 84.77422, 27.8127307 ], [ 84.7741127, 27.8127296 ] ] ] } },
{ "type": "Feature", "properties": { "id": "way/503946928", "name": "Shree Chitrakala Pra V", "name_en": null, "name_ne": null, "status": "Standing", "amenity": "school", "building": null, "operator_type": "government", "capacity_persons": null, "addr_full": null, "addr_city": null, "source": null, "adm0_pcode": "NPL", "adm0_name": "Nepal", "adm1_pcode": "NP04", "adm1_name": "Gandaki", "adm2_pcode": "NP0436", "adm2_name": "Gorkha", "adm3_pcode": "NP0436409", "adm3_name": "Gandaki", "adm4_pcode": null, "adm4_name": null, "name_latin": "Shree Chitrakala Pra V" }, "geometry": { "type": "Polygon", "coordinates": [ [ [ 84.6841083, 27.8049035 ], [ 84.6843902, 27.8047544 ], [ 84.6845413, 27.8048102 ], [ 84.684771, 27.8051971 ], [ 84.6845296, 27.8050974 ], [ 84.6844344, 27.8051876 ], [ 84.6843311, 27.8051888 ], [ 84.684256, 27.8051852 ], [ 84.6842104, 27.8051164 ], [ 84.6842011, 27.8049895 ], [ 84.6841083, 27.8049035 ] ] ] } },
{ "type": "Feature", "properties": { "id": "way/497991953", "name": "Shree Bhimodaya Pra V", "name_en": null, "name_ne": null, "status": "Standing", "amenity": "school", "building": null, "operator_type": "government", "capacity_persons": null, "addr_full": null, "addr_city": null, "source": null, "adm0_pcode": "NPL", "adm0_name": "Nepal", "adm1_pcode": "NP04", "adm1_name": "Gandaki", "adm2_pcode": "NP0436", "adm2_name": "Gorkha", "adm3_pcode": "NP0436409", "adm3_name": "Gandaki", "adm4_pcode": null, "adm4_name": null, "name_latin": "Shree Bhimodaya Pra V" }, "geometry": { "type": "Polygon", "coordinates": [ [ [ 84.7393157, 27.8115487 ], [ 84.7393519, 27.8113886 ], [ 84.7393935, 27.8112356 ], [ 84.7393734, 27.8110517 ], [ 84.739486, 27.8110327 ], [ 84.7395598, 27.8112842 ], [ 84.739718, 27.81134 ], [ 84.7396858, 27.8114313 ], [ 84.7395115, 27.811436 ], [ 84.7394579, 27.8115487 ], [ 84.7393157, 27.8115487 ] ] ] } },
{ "type": "Feature", "properties": { "id": "way/497997637", "name": "Shree Shiva Ni Ma V", "name_en": null, "name_ne": null, "status": "Standing", "amenity": "school", "building": null, "operator_type": "government", "capacity_persons": null, "addr_full": null, "addr_city": null, "source": null, "adm0_pcode": "NPL", "adm0_name": "Nepal", "adm1_pcode": "NP03", "adm1_name": "Bagmati", "adm2_pcode": "NP0330", "adm2_name": "Dhading", "adm3_pcode": "NP0330408", "adm3_name": "Benighat Rorang", "adm4_pcode": null, "adm4_name": null, "name_latin": "Shree Shiva Ni Ma V" }, "geometry": { "type": "Polygon", "coordinates": [ [ [ 84.7100203, 27.8091475 ], [ 84.7100877, 27.8090503 ], [ 84.7101816, 27.8089281 ], [ 84.710256, 27.8089305 ], [ 84.7103349, 27.8090479 ], [ 84.7103227, 27.8091486 ], [ 84.7102795, 27.809246 ], [ 84.7102077, 27.8093071 ], [ 84.7101119, 27.8092407 ], [ 84.7100203, 27.8091475 ] ] ] } },
{ "type": "Feature", "properties": { "id": "way/497992358", "name": "Shree Gyan Marg Uchha Ma V", "name_en": null, "name_ne": null, "status": "Standing", "amenity": "school", "building": null, "operator_type": "government", "capacity_persons": null, "addr_full": null, "addr_city": null, "source": null, "adm0_pcode": "NPL", "adm0_name": "Nepal", "adm1_pcode": "NP04", "adm1_name": "Gandaki", "adm2_pcode": "NP0436", "adm2_name": "Gorkha", "adm3_pcode": "NP0436409", "adm3_name": "Gandaki", "adm4_pcode": null, "adm4_name": null, "name_latin": "Shree Gyan Marg Uchha Ma V" }, "geometry": { "type": "Polygon", "coordinates": [ [ [ 84.7316789, 27.8069551 ], [ 84.7316909, 27.8068756 ], [ 84.7317124, 27.806706 ], [ 84.731813, 27.8065649 ], [ 84.7318384, 27.8063917 ], [ 84.731994, 27.8063751 ], [ 84.7322528, 27.8064178 ], [ 84.7323119, 27.8065138 ], [ 84.7323065, 27.806655 ], [ 84.7322247, 27.8069361 ], [ 84.7321469, 27.8069302 ], [ 84.7321026, 27.807031 ], [ 84.731766, 27.8069741 ], [ 84.7316789, 27.8069551 ] ] ] } },
{ "type": "Feature", "properties": { "id": "way/503155829", "name": "Shri Sundari Ni Ma V", "name_en": null, "name_ne": null, "status": "Standing", "amenity": "school", "building": null, "operator_type": "government", "capacity_persons": null, "addr_full": null, "addr_city": null, "source": null, "adm0_pcode": "NPL", "adm0_name": "Nepal", "adm1_pcode": "NP03", "adm1_name": "Bagmati", "adm2_pcode": "NP0330", "adm2_name": "Dhading", "adm3_pcode": "NP0330407", "adm3_name": "Siddhalek", "adm4_pcode": null, "adm4_name": null, "name_latin": "Shri Sundari Ni Ma V" }, "geometry": { "type": "Polygon", "coordinates": [ [ [ 84.8680664, 27.8153338 ], [ 84.8682126, 27.8152437 ], [ 84.8682274, 27.8151405 ], [ 84.8683092, 27.8151405 ], [ 84.8684205, 27.8153136 ], [ 84.8684902, 27.8154666 ], [ 84.8685626, 27.8155864 ], [ 84.8686163, 27.8156671 ], [ 84.8684312, 27.8159126 ], [ 84.8683025, 27.816125 ], [ 84.8682233, 27.8161677 ], [ 84.8681549, 27.8161012 ], [ 84.8681415, 27.8160277 ], [ 84.8681053, 27.8159328 ], [ 84.8681, 27.8157513 ], [ 84.868112, 27.8155829 ], [ 84.8680879, 27.815418 ], [ 84.8680664, 27.8153338 ] ] ] } },
{ "type": "Feature", "properties": { "id": "way/448813338", "name": "Shree Rakta Bachchhala Ni Ma Vi", "name_en": null, "name_ne": null, "status": "Standing", "amenity": "school", "building": null, "operator_type": "government", "capacity_persons": null, "addr_full": null, "addr_city": null, "source": null, "adm0_pcode": "NPL", "adm0_name": "Nepal", "adm1_pcode": "NP03", "adm1_name": "Bagmati", "adm2_pcode": "NP0330", "adm2_name": "Dhading", "adm3_pcode": "NP0330410", "adm3_name": "Galchhi", "adm4_pcode": null, "adm4_name": null, "name_latin": "Shree Rakta Bachchhala Ni Ma Vi" }, "geometry": { "type": "Polygon", "coordinates": [ [ [ 84.9669424, 27.812898 ], [ 84.9675296, 27.8127472 ], [ 84.9676973, 27.8131502 ], [ 84.967085, 27.8131738 ], [ 84.9669424, 27.812898 ] ] ] } },
{ "type": "Feature", "properties": { "id": "way/503155978", "name": "Shree Mahakali Ma V", "name_en": null, "name_ne": null, "status": "Standing", "amenity": "school", "building": null, "operator_type": "government", "capacity_persons": null, "addr_full": null, "addr_city": null, "source": null, "adm0_pcode": "NPL", "adm0_name": "Nepal", "adm1_pcode": "NP03", "adm1_name": "Bagmati", "adm2_pcode": "NP0330", "adm2_name": "Dhading", "adm3_pcode": "NP0330407", "adm3_name": "Siddhalek", "adm4_pcode": null, "adm4_name": null, "name_latin": "Shree Mahakali Ma V" }, "geometry": { "type": "Polygon", "coordinates": [ [ [ 84.9109872, 27.8074415 ], [ 84.9109979, 27.8071355 ], [ 84.9111333, 27.8070911 ], [ 84.9113259, 27.8070629 ], [ 84.9113354, 27.8070739 ], [ 84.9117114, 27.8071591 ], [ 84.9117718, 27.8073489 ], [ 84.9116752, 27.8074818 ], [ 84.9115773, 27.8076585 ], [ 84.91147, 27.8077167 ], [ 84.9112286, 27.8078329 ], [ 84.9111481, 27.8077855 ], [ 84.9110543, 27.8076064 ], [ 84.9109872, 27.8074415 ] ] ] } },
{ "type": "Feature", "properties": { "id": "way/911153231", "name": null, "name_en": null, "name_ne": null, "status": "Standing", "amenity": null, "building": "school", "operator_type": null, "capacity_persons": null, "addr_full": null, "addr_city": null, "source": null, "adm0_pcode": "NPL", "adm0_name": "Nepal", "adm1_pcode": "NP03", "adm1_name": "Bagmati", "adm2_pcode": "NP0330", "adm2_name": "Dhading", "adm3_pcode": "NP0330407", "adm3_name": "Siddhalek", "adm4_pcode": null, "adm4_name": null, "name_latin": null }, "geometry": { "type": "Polygon", "coordinates": [ [ [ 84.9110126, 27.8071424 ], [ 84.9111232, 27.8071247 ], [ 84.9111398, 27.8072052 ], [ 84.9110292, 27.8072229 ], [ 84.9110126, 27.8071424 ] ] ] } },
{ "type": "Feature", "properties": { "id": "way/911153232", "name": null, "name_en": null, "name_ne": null, "status": "Standing", "amenity": null, "building": "school", "operator_type": null, "capacity_persons": null, "addr_full": null, "addr_city": null, "source": null, "adm0_pcode": "NPL", "adm0_name": "Nepal", "adm1_pcode": "NP03", "adm1_name": "Bagmati", "adm2_pcode": "NP0330", "adm2_name": "Dhading", "adm3_pcode": "NP0330407", "adm3_name": "Siddhalek", "adm4_pcode": null, "adm4_name": null, "name_latin": null }, "geometry": { "type": "Polygon", "coordinates": [ [ [ 84.9111956, 27.8071022 ], [ 84.9113354, 27.8070739 ], [ 84.9113582, 27.8071623 ], [ 84.9112184, 27.8071906 ], [ 84.9111956, 27.8071022 ] ] ] } },
{ "type": "Feature", "properties": { "id": "way/503749641", "name": "Shree Santaneswor Pra Vi", "name_en": null, "name_ne": null, "status": "Standing", "amenity": "school", "building": null, "operator_type": "government", "capacity_persons": null, "addr_full": null, "addr_city": null, "source": null, "adm0_pcode": "NPL", "adm0_name": "Nepal", "adm1_pcode": "NP03", "adm1_name": "Bagmati", "adm2_pcode": "NP0330", "adm2_name": "Dhading", "adm3_pcode": "NP0330409", "adm3_name": "Gajuri", "adm4_pcode": null, "adm4_name": null, "name_latin": "Shree Santaneswor Pra Vi" }, "geometry": { "type": "Polygon", "coordinates": [ [ [ 84.9339469, 27.7934027 ], [ 84.933967, 27.7932828 ], [ 84.93401, 27.7931784 ], [ 84.9341186, 27.7931998 ], [ 84.9340944, 27.7933576 ], [ 84.9340395, 27.7934264 ], [ 84.9339469, 27.7934027 ] ] ] } },
{ "type": "Feature", "properties": { "id": "way/503156194", "name": "Shree Kalika Pra V", "name_en": null, "name_ne": null, "status": "Standing", "amenity": "school", "building": null, "operator_type": "government", "capacity_persons": null, "addr_full": null, "addr_city": null, "source": null, "adm0_pcode": "NPL", "adm0_name": "Nepal", "adm1_pcode": "NP03", "adm1_name": "Bagmati", "adm2_pcode": "NP0330", "adm2_name": "Dhading", "adm3_pcode": "NP0330407", "adm3_name": "Siddhalek", "adm4_pcode": null, "adm4_name": null, "name_latin": "Shree Kalika Pra V" }, "geometry": { "type": "Polygon", "coordinates": [ [ [ 84.8920367, 27.8142574 ], [ 84.8921145, 27.8142004 ], [ 84.8922526, 27.8141649 ], [ 84.8923116, 27.8142752 ], [ 84.8920662, 27.8143558 ], [ 84.8920367, 27.8142574 ] ] ] } },
{ "type": "Feature", "properties": { "id": "way/507254682", "name": "Shree Nawa Vijayee Mahendra Ma.V", "name_en": null, "name_ne": null, "status": "Standing", "amenity": "school", "building": null, "operator_type": "government", "capacity_persons": null, "addr_full": null, "addr_city": null, "source": null, "adm0_pcode": "NPL", "adm0_name": "Nepal", "adm1_pcode": "NP03", "adm1_name": "Bagmati", "adm2_pcode": "NP0329", "adm2_name": "Rasuwa", "adm3_pcode": "NP0329404", "adm3_name": "Kalika", "adm4_pcode": null, "adm4_name": null, "name_latin": "Shree Nawa Vijayee Mahendra Ma.V" }, "geometry": { "type": "Polygon", "coordinates": [ [ [ 85.1940595, 28.0131384 ], [ 85.1941023, 28.0127737 ], [ 85.1941641, 28.0122847 ], [ 85.1944692, 28.0122184 ], [ 85.1946429, 28.0124196 ], [ 85.1948736, 28.0127861 ], [ 85.1944619, 28.0130372 ], [ 85.1940595, 28.0131384 ] ] ] } }
]
}
