{
"type": "FeatureCollection",
"name": "open_spaces",
"crs": { "type": "name", "properties": { "name": "urn:ogc:def:crs:OGC:1.3:CRS84" } },
"features": [
{ "type": "Feature", "properties": { "id": "way/1552753805", "name": null, "name_en": null, "name_ne": null, "status": "Destroyed", "leisure": null, "landuse": "farmyard", "natural": null, "amenity": null, "place": null, "surface": null, "access": null, "operator": null, "source": null, "adm0_pcode": "NPL", "adm0_name": "Nepal", "adm1_pcode": "NP03", "adm1_name": "Bagmati", "adm2_pcode": "NP0329", "adm2_name": "Rasuwa", "adm3_pcode": "NP0329402", "adm3_name": "Gosaikunda", "adm4_pcode": null, "adm4_name": null, "name_latin": null }, "geometry": { "type": "LineString", "coordinates": [ [ 85.3184789, 28.1467161 ], [ 85.3186563, 28.1468113 ], [ 85.3187572, 28.1466651 ], [ 85.3185798, 28.1465699 ], [ 85.3184789, 28.1467161 ] ] } },
{ "type": "Feature", "properties": { "id": "way/1552886491", "name": "helipat", "name_en": null, "name_ne": null, "status": "Destroyed", "leisure": null, "landuse": null, "natural": "grassland", "amenity": null, "place": null, "surface": null, "access": null, "operator": null, "source": null, "adm0_pcode": "NPL", "adm0_name": "Nepal", "adm1_pcode": "NP03", "adm1_name": "Bagmati", "adm2_pcode": "NP0329", "adm2_name": "Rasuwa", "adm3_pcode": "NP0329402", "adm3_name": "Gosaikunda", "adm4_pcode": null, "adm4_name": null, "name_latin": "helipat" }, "geometry": { "type": "LineString", "coordinates": [ [ 85.3389007, 28.1640733 ], [ 85.3389648, 28.1640492 ], [ 85.3389384, 28.1639946 ], [ 85.3388743, 28.1640186 ], [ 85.3389007, 28.1640733 ] ] } },
{ "type": "Feature", "properties": { "id": "way/340959822", "name": "Farming Land", "name_en": null, "name_ne": null, "status": "Standing", "leisure": null, "landuse": "farmyard", "natural": null, "amenity": null, "place": null, "surface": null, "access": null, "operator": null, "source": null, "adm0_pcode": "NPL", "adm0_name": "Nepal", "adm1_pcode": "NP03", "adm1_name": "Bagmati", "adm2_pcode": "NP0335", "adm2_name": "Chitawan", "adm3_pcode": "NP0335101", "adm3_name": "Bharatpur", "adm4_pcode": null, "adm4_name": null, "name_latin": "Farming Land" }, "geometry": { "type": "Polygon", "coordinates": [ [ [ 84.4713004, 27.7650786 ], [ 84.4717787, 27.7641941 ], [ 84.4722761, 27.7643624 ], [ 84.4718397, 27.7652235 ], [ 84.4714964, 27.7651565 ], [ 84.4713004, 27.7650786 ] ] ] } },
{ "type": "Feature", "properties": { "id": "way/341676977", "name": "Mango Garden", "name_en": null, "name_ne": null, "status": "Standing", "leisure": "garden", "landuse": null, "natural": null, "amenity": null, "place": null, "surface": null, "access": null, "operator": null, "source": null, "adm0_pcode": "NPL", "adm0_name": "Nepal", "adm1_pcode": "NP03", "adm1_name": "Bagmati", "adm2_pcode": "NP0330", "adm2_name": "Dhading", "adm3_pcode": "NP0330410", "adm3_name": "Galchhi", "adm4_pcode": null, "adm4_name": null, "name_latin": "Mango Garden" }, "geometry": { "type": "Polygon", "coordinates": [ [ [ 84.9663104, 27.8142042 ], [ 84.9671258, 27.813293 ], [ 84.9674449, 27.8134697 ], [ 84.9666472, 27.8143929 ], [ 84.9663104, 27.8142042 ] ] ] } },
{ "type": "Feature", "properties": { "id": "way/342144439", "name": null, "name_en": null, "name_ne": null, "status": "Standing", "leisure": null, "landuse": "farmyard", "natural": null, "amenity": null, "place": null, "surface": null, "access": null, "operator": null, "source": null, "adm0_pcode": "NPL", "adm0_name": "Nepal", "adm1_pcode": "NP03", "adm1_name": "Bagmati", "adm2_pcode": "NP0328", "adm2_name": "Nuwakot", "adm3_pcode": "NP0328301", "adm3_name": "Bidur", "adm4_pcode": null, "adm4_name": null, "name_latin": null }, "geometry": { "type": "Polygon", "coordinates": [ [ [ 85.1614015, 27.936778 ], [ 85.161403, 27.9367187 ], [ 85.1615183, 27.936721 ], [ 85.1615168, 27.9367803 ], [ 85.1614015, 27.936778 ] ] ] } },
{ "type": "Feature", "properties": { "id": "way/264573002", "name": null, "name_en": null, "name_ne": null, "status": "Standing", "leisure": null, "landuse": "farmyard", "natural": null, "amenity": null, "place": null, "surface": null, "access": null, "operator": null, "source": null, "adm0_pcode": "NPL", "adm0_name": "Nepal", "adm1_pcode": "NP03", "adm1_name": "Bagmati", "adm2_pcode": "NP0328", "adm2_name": "Nuwakot", "adm3_pcode": "NP0328301", "adm3_name": "Bidur", "adm4_pcode": null, "adm4_name": null, "name_latin": null }, "geometry": { "type": "Polygon", "coordinates": [ [ [ 85.1532804, 27.9257679 ], [ 85.1533113, 27.925674 ], [ 85.1534199, 27.9257086 ], [ 85.1534628, 27.9256044 ], [ 85.1536211, 27.9256541 ], [ 85.1536506, 27.9256138 ], [ 85.1538142, 27.9257039 ], [ 85.1536985, 27.9258995 ], [ 85.153627, 27.9260457 ], [ 85.1534212, 27.925956 ], [ 85.1534414, 27.9258957 ], [ 85.1534025, 27.9258778 ], [ 85.1534199, 27.9258129 ], [ 85.1532804, 27.9257679 ] ] ] } },
{ "type": "Feature", "properties": { "id": "way/911230946", "name": null, "name_en": null, "name_ne": null, "status": "Standing", "leisure": null, "landuse": null, "natural": "grassland", "amenity": null, "place": null, "surface": null, "access": null, "operator": null, "source": null, "adm0_pcode": "NPL", "adm0_name": "Nepal", "adm1_pcode": "NP03", "adm1_name": "Bagmati", "adm2_pcode": "NP0329", "adm2_name": "Rasuwa", "adm3_pcode": "NP0329403", "adm3_name": "Uttargaya", "adm4_pcode": null, "adm4_name": null, "name_latin": null }, "geometry": { "type": "Polygon", "coordinates": [ [ [ 85.2136731, 28.0879399 ], [ 85.2137214, 28.0878926 ], [ 85.2138931, 28.0876181 ], [ 85.2139306, 28.0875755 ], [ 85.2139628, 28.0875282 ], [ 85.2140272, 28.0874193 ], [ 85.2140486, 28.0873673 ], [ 85.2140593, 28.0873152 ], [ 85.2140915, 28.0872111 ], [ 85.2141236, 28.0871591 ], [ 85.2141291, 28.0871306 ], [ 85.2141666, 28.087036 ], [ 85.2141666, 28.0869792 ], [ 85.2141827, 28.0868514 ], [ 85.214113, 28.0866526 ], [ 85.214113, 28.0865485 ], [ 85.2141452, 28.0865012 ], [ 85.214231, 28.0864207 ], [ 85.2143276, 28.0863639 ], [ 85.2144349, 28.0863166 ], [ 85.2144992, 28.0863024 ], [ 85.2147192, 28.0861983 ], [ 85.2148372, 28.0861557 ], [ 85.2149498, 28.08608 ], [ 85.2150035, 28.0860516 ], [ 85.2150893, 28.0859475 ], [ 85.2151322, 28.0859096 ], [ 85.2151912, 28.0858765 ], [ 85.215379, 28.0857156 ], [ 85.2154219, 28.085673 ], [ 85.215497, 28.085583 ], [ 85.2155399, 28.0855452 ], [ 85.215615, 28.0854647 ], [ 85.2157545, 28.0853464 ], [ 85.2157921, 28.0853085 ], [ 85.215835, 28.0852754 ], [ 85.215953, 28.0851997 ], [ 85.2161032, 28.0851192 ], [ 85.2161912, 28.0850823 ], [ 85.2163178, 28.0850293 ], [ 85.2163768, 28.0850104 ], [ 85.2165806, 28.0848921 ], [ 85.2166343, 28.0848731 ], [ 85.2166986, 28.0848684 ], [ 85.2167523, 28.0848447 ], [ 85.2167952, 28.0848069 ], [ 85.2168328, 28.0847643 ], [ 85.2169454, 28.0846933 ], [ 85.217042, 28.0846176 ], [ 85.2170902, 28.0845939 ], [ 85.2171493, 28.084575 ], [ 85.2172673, 28.0845466 ], [ 85.2173209, 28.0845276 ], [ 85.2174067, 28.084433 ], [ 85.2174389, 28.0843715 ], [ 85.2174818, 28.0843289 ], [ 85.2175194, 28.0842815 ], [ 85.2175999, 28.0841395 ], [ 85.2176374, 28.0840922 ], [ 85.2176642, 28.0840449 ], [ 85.2177018, 28.084007 ], [ 85.217734, 28.0839644 ], [ 85.2177769, 28.0839313 ], [ 85.2178895, 28.0838035 ], [ 85.2179968, 28.0837325 ], [ 85.2181041, 28.0836852 ], [ 85.2182275, 28.0836473 ], [ 85.2182811, 28.0836237 ], [ 85.2183294, 28.0835858 ], [ 85.2183723, 28.0835385 ], [ 85.2184206, 28.0834959 ], [ 85.2184689, 28.0834628 ], [ 85.2185225, 28.0834391 ], [ 85.2185655, 28.083406 ], [ 85.2186137, 28.0833634 ], [ 85.2186567, 28.0832687 ], [ 85.2186835, 28.0832214 ], [ 85.2187157, 28.0831788 ], [ 85.2187586, 28.0831362 ], [ 85.2189892, 28.0829847 ], [ 85.2190268, 28.0829469 ], [ 85.2190858, 28.0828617 ], [ 85.2191287, 28.0827623 ], [ 85.2191877, 28.0827102 ], [ 85.2192306, 28.0827102 ], [ 85.219236, 28.0827576 ], [ 85.2192146, 28.0828475 ], [ 85.2191716, 28.0829374 ], [ 85.2190912, 28.0830699 ], [ 85.2190751, 28.0831125 ], [ 85.219, 28.0832498 ], [ 85.2189732, 28.0832876 ], [ 85.2189356, 28.083387 ], [ 85.2189141, 28.0834296 ], [ 85.2188766, 28.0834628 ], [ 85.2188444, 28.0835006 ], [ 85.218823, 28.0835621 ], [ 85.2188605, 28.0836521 ], [ 85.2188766, 28.0837089 ], [ 85.218882, 28.0837609 ], [ 85.2188605, 28.0838083 ], [ 85.2188337, 28.0838508 ], [ 85.2187961, 28.0838887 ], [ 85.2186674, 28.0839881 ], [ 85.2185816, 28.0841206 ], [ 85.218544, 28.0842153 ], [ 85.218544, 28.0843194 ], [ 85.2185547, 28.0843667 ], [ 85.218544, 28.0844141 ], [ 85.2185279, 28.0844566 ], [ 85.2184743, 28.0845418 ], [ 85.2184582, 28.0845844 ], [ 85.2184528, 28.0846507 ], [ 85.2184582, 28.0847501 ], [ 85.2184689, 28.0847974 ], [ 85.2184957, 28.0850104 ], [ 85.2184957, 28.0850577 ], [ 85.218485, 28.0851618 ], [ 85.2184474, 28.085195 ], [ 85.2183938, 28.085195 ], [ 85.2183133, 28.0851192 ], [ 85.2182704, 28.0850861 ], [ 85.2182114, 28.0850861 ], [ 85.218147, 28.0850956 ], [ 85.2180505, 28.0851524 ], [ 85.2180183, 28.0851902 ], [ 85.2179754, 28.0852896 ], [ 85.2179861, 28.0853417 ], [ 85.218029, 28.0853843 ], [ 85.2181309, 28.0854458 ], [ 85.2181899, 28.08546 ], [ 85.218249, 28.0854458 ], [ 85.2184206, 28.085389 ], [ 85.2184635, 28.0853843 ], [ 85.2184313, 28.0854884 ], [ 85.2183026, 28.0856588 ], [ 85.2182221, 28.0857345 ], [ 85.2181899, 28.0857724 ], [ 85.2181417, 28.0857913 ], [ 85.2180988, 28.0858244 ], [ 85.2180451, 28.0858433 ], [ 85.2179968, 28.085867 ], [ 85.2179593, 28.0858954 ], [ 85.2179432, 28.085938 ], [ 85.2179539, 28.0859901 ], [ 85.2179754, 28.0860374 ], [ 85.2179432, 28.0860752 ], [ 85.217852, 28.0861273 ], [ 85.2177983, 28.0861415 ], [ 85.2177018, 28.0861841 ], [ 85.2176642, 28.086222 ], [ 85.2176428, 28.086274 ], [ 85.2175623, 28.0863639 ], [ 85.2175516, 28.0864113 ], [ 85.2175677, 28.0864586 ], [ 85.2176642, 28.0865201 ], [ 85.2176857, 28.0865674 ], [ 85.2176911, 28.0866195 ], [ 85.2176642, 28.0867142 ], [ 85.2176428, 28.0867615 ], [ 85.2175623, 28.0868325 ], [ 85.2175248, 28.0868751 ], [ 85.217396, 28.0869461 ], [ 85.2172029, 28.087036 ], [ 85.2170634, 28.0871117 ], [ 85.2170098, 28.0871306 ], [ 85.2168918, 28.0871874 ], [ 85.2168435, 28.0872206 ], [ 85.2167845, 28.0873057 ], [ 85.216763, 28.0873483 ], [ 85.2166343, 28.0875187 ], [ 85.2165967, 28.0875518 ], [ 85.2165216, 28.087637 ], [ 85.2164948, 28.0876796 ], [ 85.2163821, 28.0878926 ], [ 85.2163607, 28.0879352 ], [ 85.21635, 28.087992 ], [ 85.2162802, 28.0881813 ], [ 85.2162695, 28.0882239 ], [ 85.2162588, 28.0883327 ], [ 85.2162373, 28.0883706 ], [ 85.2161998, 28.0884084 ], [ 85.2160656, 28.0884842 ], [ 85.2159744, 28.0885504 ], [ 85.2157921, 28.0888107 ], [ 85.2155024, 28.0891515 ], [ 85.2153307, 28.089265 ], [ 85.2149713, 28.0891562 ], [ 85.2148694, 28.0890994 ], [ 85.214805, 28.0890142 ], [ 85.2147675, 28.0889148 ], [ 85.2147567, 28.0887539 ], [ 85.2147567, 28.0887019 ], [ 85.2147943, 28.0885599 ], [ 85.2149498, 28.0884747 ], [ 85.2150088, 28.0884605 ], [ 85.2150625, 28.0884416 ], [ 85.2151805, 28.0884368 ], [ 85.2152878, 28.0884084 ], [ 85.2153361, 28.0883848 ], [ 85.2153629, 28.0882949 ], [ 85.2153254, 28.0882523 ], [ 85.2152073, 28.0882475 ], [ 85.2151376, 28.0882617 ], [ 85.2149659, 28.0883185 ], [ 85.2148533, 28.0883706 ], [ 85.2146494, 28.088522 ], [ 85.2145368, 28.0885788 ], [ 85.214408, 28.0886119 ], [ 85.2142739, 28.0886261 ], [ 85.2142203, 28.0886119 ], [ 85.2141776, 28.0885832 ], [ 85.2141076, 28.0885362 ], [ 85.2140808, 28.0884936 ], [ 85.2140808, 28.0884416 ], [ 85.2141559, 28.0883138 ], [ 85.2142471, 28.0881387 ], [ 85.2142686, 28.0880298 ], [ 85.2142525, 28.0879305 ], [ 85.2142096, 28.0878973 ], [ 85.2141505, 28.0878784 ], [ 85.2140862, 28.0878784 ], [ 85.2140325, 28.0878926 ], [ 85.2139199, 28.0879399 ], [ 85.2137911, 28.0879683 ], [ 85.2136731, 28.0879399 ] ] ] } },
{ "type": "Feature", "properties": { "id": "way/414446440", "name": "campus ground", "name_en": null, "name_ne": null, "status": "Standing", "leisure": "park", "landuse": null, "natural": null, "amenity": null, "place": null, "surface": null, "access": null, "operator": null, "source": null, "adm0_pcode": "NPL", "adm0_name": "Nepal", "adm1_pcode": "NP03", "adm1_name": "Bagmati", "adm2_pcode": "NP0328", "adm2_name": "Nuwakot", "adm3_pcode": "NP0328301", "adm3_name": "Bidur", "adm4_pcode": null, "adm4_name": null, "name_latin": "campus ground" }, "geometry": { "type": "Polygon", "coordinates": [ [ [ 85.1441881, 27.8986387 ], [ 85.1442223, 27.8980805 ], [ 85.1452566, 27.8981553 ], [ 85.1452009, 27.8987562 ], [ 85.1441881, 27.8986387 ] ] ] } },
{ "type": "Feature", "properties": { "id": "way/342519194", "name": null, "name_en": null, "name_ne": null, "status": "Standing", "leisure": null, "landuse": "meadow", "natural": null, "amenity": null, "place": null, "surface": null, "access": null, "operator": null, "source": "Bing", "adm0_pcode": "NPL", "adm0_name": "Nepal", "adm1_pcode": "NP03", "adm1_name": "Bagmati", "adm2_pcode": "NP0328", "adm2_name": "Nuwakot", "adm3_pcode": "NP0328301", "adm3_name": "Bidur", "adm4_pcode": null, "adm4_name": null, "name_latin": null }, "geometry": { "type": "Polygon", "coordinates": [ [ [ 85.1260455, 27.8751354 ], [ 85.126244, 27.8751544 ], [ 85.1263781, 27.8752635 ], [ 85.1265873, 27.8752587 ], [ 85.1267434, 27.8752689 ], [ 85.1269092, 27.8753204 ], [ 85.1269843, 27.8754484 ], [ 85.1270379, 27.875529 ], [ 85.1272209, 27.8755866 ], [ 85.1274027, 27.8757139 ], [ 85.1276607, 27.875819 ], [ 85.1282133, 27.8760893 ], [ 85.1284694, 27.8762427 ], [ 85.1286955, 27.8764252 ], [ 85.1287857, 27.8767756 ], [ 85.1290067, 27.8768899 ], [ 85.1290287, 27.8771277 ], [ 85.1291354, 27.8773357 ], [ 85.1292642, 27.8774447 ], [ 85.1292159, 27.8775064 ], [ 85.1289262, 27.8774732 ], [ 85.1287438, 27.8774305 ], [ 85.1285829, 27.8774637 ], [ 85.1285561, 27.877587 ], [ 85.1285668, 27.8777719 ], [ 85.1283415, 27.8778051 ], [ 85.1283039, 27.8779521 ], [ 85.1283228, 27.8780631 ], [ 85.1283581, 27.8782705 ], [ 85.128422, 27.8784974 ], [ 85.1286478, 27.8787589 ], [ 85.1280786, 27.8789052 ], [ 85.1280284, 27.8793182 ], [ 85.1279418, 27.8797439 ], [ 85.1278962, 27.8799958 ], [ 85.1278431, 27.8800677 ], [ 85.1276983, 27.8801672 ], [ 85.1276173, 27.8803704 ], [ 85.1276025, 27.8807597 ], [ 85.1277037, 27.8811156 ], [ 85.1278592, 27.88131 ], [ 85.1278539, 27.8814902 ], [ 85.1280741, 27.8817011 ], [ 85.1282878, 27.881921 ], [ 85.1286606, 27.8821755 ], [ 85.1285673, 27.8822346 ], [ 85.1282776, 27.8824433 ], [ 85.1281596, 27.8823437 ], [ 85.1280625, 27.8821675 ], [ 85.1279397, 27.8820924 ], [ 85.127848, 27.8819542 ], [ 85.1277251, 27.8818506 ], [ 85.1272257, 27.8812998 ], [ 85.1268877, 27.880892 ], [ 85.126641, 27.8802329 ], [ 85.126582, 27.8798251 ], [ 85.1265551, 27.8791897 ], [ 85.1264425, 27.8786966 ], [ 85.1263727, 27.8781276 ], [ 85.1265015, 27.8779047 ], [ 85.1265557, 27.8776399 ], [ 85.1265069, 27.8774732 ], [ 85.1265551, 27.877274 ], [ 85.1265712, 27.8770844 ], [ 85.1264854, 27.8766671 ], [ 85.1264747, 27.8763446 ], [ 85.1264055, 27.8760371 ], [ 85.1262333, 27.8756807 ], [ 85.1260992, 27.8753014 ], [ 85.1260455, 27.8751354 ] ] ] } },
{ "type": "Feature", "properties": { "id": "way/264573592", "name": null, "name_en": null, "name_ne": null, "status": "Standing", "leisure": null, "landuse": "meadow", "natural": null, "amenity": null, "place": null, "surface": null, "access": null, "operator": null, "source": null, "adm0_pcode": "NPL", "adm0_name": "Nepal", "adm1_pcode": "NP03", "adm1_name": "Bagmati", "adm2_pcode": "NP0328", "adm2_name": "Nuwakot", "adm3_pcode": "NP0328301", "adm3_name": "Bidur", "adm4_pcode": null, "adm4_name": null, "name_latin": null }, "geometry": { "type": "Polygon", "coordinates": [ [ [ 85.1491954, 27.9204829 ], [ 85.1493027, 27.9203858 ], [ 85.1493456, 27.920381 ], [ 85.1495052, 27.9203985 ], [ 85.1495991, 27.9204199 ], [ 85.1496662, 27.9204602 ], [ 85.1497064, 27.9205052 ], [ 85.1497439, 27.9205858 ], [ 85.1497855, 27.9206536 ], [ 85.1498365, 27.9206986 ], [ 85.1499156, 27.9207303 ], [ 85.1500537, 27.9207531 ], [ 85.1502884, 27.9208086 ], [ 85.1505969, 27.9208939 ], [ 85.1504775, 27.9210446 ], [ 85.1502388, 27.9209451 ], [ 85.1501101, 27.9210612 ], [ 85.1499961, 27.920965 ], [ 85.149238, 27.9205937 ], [ 85.1491954, 27.9204829 ] ] ] } },
{ "type": "Feature", "properties": { "id": "way/911181409", "name": null, "name_en": null, "name_ne": null, "status": "Standing", "leisure": null, "landuse": null, "natural": "grassland", "amenity": null, "place": null, "surface": null, "access": null, "operator": null, "source": null, "adm0_pcode": "NPL", "adm0_name": "Nepal", "adm1_pcode": "NP03", "adm1_name": "Bagmati", "adm2_pcode": "NP0329", "adm2_name": "Rasuwa", "adm3_pcode": "NP0329401", "adm3_name": "Aamachhodingmo", "adm4_pcode": null, "adm4_name": null, "name_latin": null }, "geometry": { "type": "Polygon", "coordinates": [ [ [ 85.255596, 28.1025769 ], [ 85.2557301, 28.1022883 ], [ 85.2557355, 28.1022268 ], [ 85.2557623, 28.1021795 ], [ 85.255816, 28.1020091 ], [ 85.2558535, 28.1019618 ], [ 85.2559555, 28.101905 ], [ 85.2561539, 28.1018529 ], [ 85.2562559, 28.1018104 ], [ 85.2562988, 28.1017725 ], [ 85.2563846, 28.1016826 ], [ 85.2564329, 28.1015927 ], [ 85.256449, 28.1015406 ], [ 85.2566153, 28.1012946 ], [ 85.2566796, 28.1010627 ], [ 85.2566314, 28.100845 ], [ 85.2567601, 28.1006368 ], [ 85.2568889, 28.1003387 ], [ 85.2570605, 28.1000832 ], [ 85.2572375, 28.099927 ], [ 85.2573878, 28.0996857 ], [ 85.2586108, 28.0985452 ], [ 85.2585143, 28.0986777 ], [ 85.2584177, 28.0987866 ], [ 85.2583426, 28.0989191 ], [ 85.2582192, 28.0990847 ], [ 85.2582085, 28.099203 ], [ 85.2582139, 28.0992598 ], [ 85.2582729, 28.099397 ], [ 85.2582729, 28.0995153 ], [ 85.2581978, 28.0996431 ], [ 85.25801, 28.0998702 ], [ 85.2579081, 28.1000595 ], [ 85.2578276, 28.100192 ], [ 85.2577364, 28.1004523 ], [ 85.2576399, 28.1006699 ], [ 85.2575219, 28.1008781 ], [ 85.2574092, 28.1011337 ], [ 85.2573663, 28.1011857 ], [ 85.2572697, 28.1013703 ], [ 85.2572322, 28.1014744 ], [ 85.2572322, 28.101588 ], [ 85.2572429, 28.1016447 ], [ 85.2572697, 28.1016826 ], [ 85.2573287, 28.1016968 ], [ 85.2573878, 28.1016779 ], [ 85.2574253, 28.10164 ], [ 85.2574521, 28.1015927 ], [ 85.257495, 28.1015454 ], [ 85.2575165, 28.101498 ], [ 85.257554, 28.1014507 ], [ 85.257597, 28.1014081 ], [ 85.257656, 28.1013703 ], [ 85.2576989, 28.1013324 ], [ 85.2578759, 28.1012472 ], [ 85.2581871, 28.1011715 ], [ 85.2582943, 28.1011195 ], [ 85.2583963, 28.101058 ], [ 85.2585465, 28.1008923 ], [ 85.2585733, 28.1008356 ], [ 85.2586108, 28.100793 ], [ 85.2587074, 28.1007125 ], [ 85.2587503, 28.1006699 ], [ 85.2588522, 28.100599 ], [ 85.2589703, 28.1005374 ], [ 85.2590775, 28.1004665 ], [ 85.2591366, 28.1004381 ], [ 85.2591956, 28.1004333 ], [ 85.2592492, 28.1004523 ], [ 85.2592814, 28.1004948 ], [ 85.2592921, 28.1005469 ], [ 85.2592546, 28.1007551 ], [ 85.2592599, 28.1008024 ], [ 85.2591634, 28.1009775 ], [ 85.2591151, 28.1011289 ], [ 85.2590507, 28.1012662 ], [ 85.2590722, 28.1013135 ], [ 85.2591366, 28.1013987 ], [ 85.2591741, 28.1016021 ], [ 85.2591956, 28.1016495 ], [ 85.2593565, 28.1018056 ], [ 85.259378, 28.101905 ], [ 85.2593672, 28.1019618 ], [ 85.2593458, 28.1020091 ], [ 85.2593082, 28.1020422 ], [ 85.2592814, 28.1020848 ], [ 85.2592653, 28.1021321 ], [ 85.2592653, 28.1021842 ], [ 85.2593082, 28.102222 ], [ 85.2592117, 28.102241 ], [ 85.2590722, 28.1022362 ], [ 85.2589649, 28.1022031 ], [ 85.2588737, 28.1021369 ], [ 85.2588522, 28.1020943 ], [ 85.2588576, 28.1019334 ], [ 85.2587986, 28.1017867 ], [ 85.2587879, 28.1016779 ], [ 85.258761, 28.1016305 ], [ 85.2587181, 28.1016021 ], [ 85.2586591, 28.1016021 ], [ 85.2586055, 28.1016163 ], [ 85.2584875, 28.10164 ], [ 85.2584284, 28.1016447 ], [ 85.2583748, 28.1016637 ], [ 85.2582836, 28.1017157 ], [ 85.2581334, 28.1017867 ], [ 85.2579296, 28.1019381 ], [ 85.2577203, 28.1020186 ], [ 85.2573663, 28.1020186 ], [ 85.2571088, 28.1020801 ], [ 85.2569961, 28.1021416 ], [ 85.2569103, 28.1022173 ], [ 85.2568567, 28.102241 ], [ 85.2567279, 28.1022694 ], [ 85.2565455, 28.1022836 ], [ 85.2565026, 28.1023072 ], [ 85.2564865, 28.1023545 ], [ 85.2564382, 28.1023687 ], [ 85.2562505, 28.1023829 ], [ 85.2560198, 28.1023403 ], [ 85.2559447, 28.1023356 ], [ 85.2558911, 28.1023545 ], [ 85.2558482, 28.1023924 ], [ 85.2558052, 28.1024823 ], [ 85.255757, 28.1025675 ], [ 85.2556443, 28.1026219 ], [ 85.255596, 28.1025769 ] ] ] } },
{ "type": "Feature", "properties": { "id": "way/1553909427", "name": null, "name_en": null, "name_ne": null, "status": "Standing", "leisure": null, "landuse": null, "natural": "sand", "amenity": null, "place": null, "surface": null, "access": null, "operator": null, "source": null, "adm0_pcode": "NPL", "adm0_name": "Nepal", "adm1_pcode": "NP04", "adm1_name": "Gandaki", "adm2_pcode": "NP0440", "adm2_name": "Tanahu", "adm3_pcode": "NP0440406", "adm3_name": "Devghat", "adm4_pcode": null, "adm4_name": null, "name_latin": null }, "geometry": { "type": "Polygon", "coordinates": [ [ [ 84.4328709, 27.7835531 ], [ 84.433011, 27.7829482 ], [ 84.4334936, 27.7822145 ], [ 84.4339442, 27.7814551 ], [ 84.4343305, 27.7809995 ], [ 84.4346621, 27.7804806 ], [ 84.4352646, 27.7798423 ], [ 84.4361571, 27.7791053 ], [ 84.4370645, 27.7785065 ], [ 84.4373471, 27.7783091 ], [ 84.4376149, 27.7782301 ], [ 84.4376782, 27.778298 ], [ 84.4375688, 27.7784516 ], [ 84.4375399, 27.778591 ], [ 84.4375013, 27.778793 ], [ 84.4374595, 27.7789124 ], [ 84.4373952, 27.7790177 ], [ 84.4372409, 27.7792367 ], [ 84.4365368, 27.7800616 ], [ 84.4360895, 27.7806011 ], [ 84.4356109, 27.781117 ], [ 84.4347556, 27.7819333 ], [ 84.4339872, 27.7826672 ], [ 84.4335821, 27.7831763 ], [ 84.4333217, 27.7834722 ], [ 84.4331899, 27.7835347 ], [ 84.4330002, 27.7835547 ], [ 84.4328709, 27.7835531 ] ] ] } },
{ "type": "Feature", "properties": { "id": "way/1493088311", "name": null, "name_en": null, "name_ne": null, "status": "Standing", "leisure": null, "landuse": "meadow", "natural": null, "amenity": null, "place": null, "surface": null, "access": null, "operator": null, "source": null, "adm0_pcode": "NPL", "adm0_name": "Nepal", "adm1_pcode": "NP03", "adm1_name": "Bagmati", "adm2_pcode": "NP0330", "adm2_name": "Dhading", "adm3_pcode": "NP0330407", "adm3_name": "Siddhalek", "adm4_pcode": null, "adm4_name": null, "name_latin": null }, "geometry": { "type": "Polygon", "coordinates": [ [ [ 84.8724875, 27.8055078 ], [ 84.8728176, 27.8054064 ], [ 84.8731394, 27.8052418 ], [ 84.8733114, 27.805115 ], [ 84.8735265, 27.8048861 ], [ 84.8736321, 27.8046326 ], [ 84.8737282, 27.8050072 ], [ 84.8739177, 27.8052493 ], [ 84.8738715, 27.8053376 ], [ 84.8736055, 27.8051872 ], [ 84.8735341, 27.8051721 ], [ 84.8733708, 27.8054012 ], [ 84.8731667, 27.8056004 ], [ 84.8731031, 27.8056597 ], [ 84.872877, 27.8056241 ], [ 84.8724875, 27.8055078 ] ] ] } },
{ "type": "Feature", "properties": { "id": "way/1553120511", "name": null, "name_en": null, "name_ne": null, "status": "Standing", "leisure": null, "landuse": null, "natural": "grassland", "amenity": null, "place": null, "surface": null, "access": null, "operator": null, "source": null, "adm0_pcode": "NPL", "adm0_name": "Nepal", "adm1_pcode": "NP03", "adm1_name": "Bagmati", "adm2_pcode": "NP0328", "adm2_name": "Nuwakot", "adm3_pcode": "NP0328301", "adm3_name": "Bidur", "adm4_pcode": null, "adm4_name": null, "name_latin": null }, "geometry": { "type": "Polygon", "coordinates": [ [ [ 85.1911721, 27.970355 ], [ 85.1914054, 27.9700968 ], [ 85.1917903, 27.9700684 ], [ 85.1919579, 27.9701157 ], [ 85.1919392, 27.9701726 ], [ 85.1920116, 27.9704735 ], [ 85.1918533, 27.9706772 ], [ 85.1915529, 27.9707956 ], [ 85.1914564, 27.9707009 ], [ 85.1913705, 27.970663 ], [ 85.1912203, 27.9706061 ], [ 85.1911721, 27.970355 ] ] ] } },
{ "type": "Feature", "properties": { "id": "way/1554403441", "name": null, "name_en": null, "name_ne": null, "status": "Standing", "leisure": null, "landuse": null, "natural": "grassland", "amenity": null, "place": null, "surface": null, "access": null, "operator": null, "source": null, "adm0_pcode": "NPL", "adm0_name": "Nepal", "adm1_pcode": "NP03", "adm1_name": "Bagmati", "adm2_pcode": "NP0329", "adm2_name": "Rasuwa", "adm3_pcode": "NP0329403", "adm3_name": "Uttargaya", "adm4_pcode": null, "adm4_name": null, "name_latin": null }, "geometry": { "type": "Polygon", "coordinates": [ [ [ 85.1940152, 28.0392704 ], [ 85.1941359, 28.0391331 ], [ 85.1942325, 28.0390242 ], [ 85.1942915, 28.0388821 ], [ 85.1943022, 28.0387851 ], [ 85.1942351, 28.0385649 ], [ 85.1941627, 28.037947 ], [ 85.1941842, 28.0378049 ], [ 85.194388, 28.0375067 ], [ 85.194777, 28.0371679 ], [ 85.1947796, 28.0374001 ], [ 85.194895, 28.0376369 ], [ 85.1949808, 28.0378712 ], [ 85.1950049, 28.0381198 ], [ 85.1950183, 28.0383566 ], [ 85.1949674, 28.0385838 ], [ 85.1949298, 28.0387377 ], [ 85.1945758, 28.0390952 ], [ 85.1945329, 28.0392301 ], [ 85.1945543, 28.0393864 ], [ 85.1947904, 28.0397604 ], [ 85.1949218, 28.0398717 ], [ 85.1951095, 28.0401439 ], [ 85.1952007, 28.0403452 ], [ 85.1951927, 28.0405677 ], [ 85.1951149, 28.0405677 ], [ 85.1948869, 28.040312 ], [ 85.194549, 28.0398812 ], [ 85.1943693, 28.0396468 ], [ 85.1941761, 28.0393793 ], [ 85.1940152, 28.0392704 ] ] ] } },
{ "type": "Feature", "properties": { "id": "way/303017259", "name": null, "name_en": null, "name_ne": null, "status": "Standing", "leisure": null, "landuse": "meadow", "natural": null, "amenity": null, "place": null, "surface": null, "access": null, "operator": null, "source": null, "adm0_pcode": "NPL", "adm0_name": "Nepal", "adm1_pcode": "NP03", "adm1_name": "Bagmati", "adm2_pcode": "NP0330", "adm2_name": "Dhading", "adm3_pcode": "NP0330410", "adm3_name": "Galchhi", "adm4_pcode": null, "adm4_name": null, "name_latin": null }, "geometry": { "type": "Polygon", "coordinates": [ [ [ 85.0035542, 27.8096739 ], [ 85.003581, 27.8095648 ], [ 85.0037393, 27.8093892 ], [ 85.0038546, 27.8093085 ], [ 85.0038734, 27.8092469 ], [ 85.0037397, 27.8091331 ], [ 85.003627, 27.8090287 ], [ 85.003632, 27.8089645 ], [ 85.0036642, 27.8088768 ], [ 85.0037232, 27.8087083 ], [ 85.0037393, 27.8085944 ], [ 85.0037366, 27.8084782 ], [ 85.0038707, 27.8084284 ], [ 85.0038707, 27.8083857 ], [ 85.0038224, 27.8082647 ], [ 85.0038224, 27.8081223 ], [ 85.00386, 27.8079918 ], [ 85.0039677, 27.8078022 ], [ 85.0039677, 27.8077262 ], [ 85.0040397, 27.8076739 ], [ 85.004155, 27.8076312 ], [ 85.0041818, 27.8075079 ], [ 85.0042435, 27.8072848 ], [ 85.0042891, 27.807235 ], [ 85.0045117, 27.8071781 ], [ 85.0045815, 27.8071069 ], [ 85.0047236, 27.8069646 ], [ 85.0048014, 27.8069432 ], [ 85.0048528, 27.8069955 ], [ 85.0047585, 27.8070595 ], [ 85.0046968, 27.8071472 ], [ 85.0046516, 27.8072399 ], [ 85.0046834, 27.8072967 ], [ 85.0046704, 27.8073846 ], [ 85.0046114, 27.8074178 ], [ 85.0045014, 27.8074321 ], [ 85.0043964, 27.8074391 ], [ 85.0043428, 27.8075079 ], [ 85.0043351, 27.8076313 ], [ 85.0043271, 27.8077784 ], [ 85.0043566, 27.8079113 ], [ 85.0043539, 27.807992 ], [ 85.0042815, 27.8080252 ], [ 85.004201, 27.8079943 ], [ 85.0041179, 27.8079753 ], [ 85.0040504, 27.8080037 ], [ 85.0040289, 27.8081413 ], [ 85.0041201, 27.8082457 ], [ 85.0041286, 27.8083502 ], [ 85.0041067, 27.8084995 ], [ 85.0040213, 27.8086254 ], [ 85.0039726, 27.8087107 ], [ 85.0039328, 27.8087938 ], [ 85.0039623, 27.8089148 ], [ 85.0040182, 27.8091259 ], [ 85.0041018, 27.8093063 ], [ 85.0040906, 27.8093987 ], [ 85.004024, 27.8095103 ], [ 85.0040535, 27.8096052 ], [ 85.0040075, 27.8097593 ], [ 85.0038573, 27.809942 ], [ 85.003758, 27.8098874 ], [ 85.0035971, 27.8097664 ], [ 85.0035542, 27.8096739 ] ] ] } },
{ "type": "Feature", "properties": { "id": "way/1553642802", "name": null, "name_en": null, "name_ne": null, "status": "Standing", "leisure": null, "landuse": null, "natural": "grassland", "amenity": null, "place": null, "surface": null, "access": null, "operator": null, "source": null, "adm0_pcode": "NPL", "adm0_name": "Nepal", "adm1_pcode": "NP03", "adm1_name": "Bagmati", "adm2_pcode": "NP0329", "adm2_name": "Rasuwa", "adm3_pcode": "NP0329403", "adm3_name": "Uttargaya", "adm4_pcode": null, "adm4_name": null, "name_latin": null }, "geometry": { "type": "Polygon", "coordinates": [ [ [ 85.2207917, 28.0922986 ], [ 85.2209365, 28.0919957 ], [ 85.2208668, 28.0915792 ], [ 85.2211136, 28.091371 ], [ 85.2217787, 28.0914089 ], [ 85.2223688, 28.0913379 ], [ 85.2228302, 28.0912811 ], [ 85.2233371, 28.0914136 ], [ 85.2234122, 28.0914491 ], [ 85.2232701, 28.0914893 ], [ 85.2232298, 28.0915958 ], [ 85.2233103, 28.0917922 ], [ 85.2235624, 28.0917354 ], [ 85.2236912, 28.0917141 ], [ 85.2236456, 28.0918443 ], [ 85.2236107, 28.0919815 ], [ 85.2235115, 28.0922087 ], [ 85.2232164, 28.0922631 ], [ 85.2230233, 28.0922181 ], [ 85.2227095, 28.0923104 ], [ 85.222393, 28.0923175 ], [ 85.2222106, 28.0923435 ], [ 85.2220429, 28.092295 ], [ 85.2218847, 28.0922252 ], [ 85.2217881, 28.092269 ], [ 85.2217627, 28.0922927 ], [ 85.2217332, 28.0921755 ], [ 85.2216272, 28.0921223 ], [ 85.2214354, 28.0920738 ], [ 85.2212946, 28.0921377 ], [ 85.2212115, 28.0922406 ], [ 85.2212048, 28.0922998 ], [ 85.2212973, 28.0922927 ], [ 85.2214274, 28.0923329 ], [ 85.2213965, 28.0924666 ], [ 85.2212745, 28.0925589 ], [ 85.2211873, 28.0926511 ], [ 85.2210894, 28.0927079 ], [ 85.2210036, 28.0927351 ], [ 85.2209902, 28.0926582 ], [ 85.2207917, 28.0922986 ] ] ] } },
{ "type": "Feature", "properties": { "id": "way/430746878", "name": null, "name_en": null, "name_ne": null, "status": "Standing", "leisure": null, "landuse": "farmyard", "natural": null, "amenity": null, "place": null, "surface": null, "access": null, "operator": null, "source": null, "adm0_pcode": "NPL", "adm0_name": "Nepal", "adm1_pcode": "NP03", "adm1_name": "Bagmati", "adm2_pcode": "NP0328", "adm2_name": "Nuwakot", "adm3_pcode": "NP0328301", "adm3_name": "Bidur", "adm4_pcode": null, "adm4_name": null, "name_latin": null }, "geometry": { "type": "Polygon", "coordinates": [ [ [ 85.1691462, 27.9645307 ], [ 85.169346, 27.9641884 ], [ 85.1700327, 27.9644905 ], [ 85.1700836, 27.9645284 ], [ 85.1699125, 27.9645695 ], [ 85.1695338, 27.9647143 ], [ 85.1691462, 27.9645307 ] ] ] } },
{ "type": "Feature", "properties": { "id": "way/1492500320", "name": null, "name_en": null, "name_ne": null, "status": "Standing", "leisure": null, "landuse": null, "natural": "beach", "amenity": null, "place": null, "surface": null, "access": null, "operator": null, "source": null, "adm0_pcode": "NPL", "adm0_name": "Nepal", "adm1_pcode": "NP04", "adm1_name": "Gandaki", "adm2_pcode": "NP0440", "adm2_name": "Tanahu", "adm3_pcode": "NP0440405", "adm3_name": "Aanbu Khaireni", "adm4_pcode": null, "adm4_name": null, "name_latin": null }, "geometry": { "type": "Polygon", "coordinates": [ [ [ 84.5047212, 27.8185847 ], [ 84.5051202, 27.8182656 ], [ 84.5059902, 27.8173667 ], [ 84.5064374, 27.8170431 ], [ 84.507031, 27.8167518 ], [ 84.5079823, 27.8163203 ], [ 84.5085514, 27.8160219 ], [ 84.5089295, 27.8156983 ], [ 84.5094859, 27.8154141 ], [ 84.5096125, 27.8153495 ], [ 84.50965, 27.8152978 ], [ 84.5095991, 27.8150034 ], [ 84.5096125, 27.8148533 ], [ 84.5101573, 27.8147885 ], [ 84.5102996, 27.8151229 ], [ 84.510389, 27.8151985 ], [ 84.5106411, 27.8152092 ], [ 84.511755, 27.8151229 ], [ 84.5127917, 27.8150978 ], [ 84.5138081, 27.8150942 ], [ 84.5145968, 27.8152776 ], [ 84.5156376, 27.8153998 ], [ 84.5159903, 27.8155811 ], [ 84.5156121, 27.8155242 ], [ 84.5152903, 27.8155004 ], [ 84.515073, 27.8155028 ], [ 84.5147806, 27.8155289 ], [ 84.5145607, 27.8155099 ], [ 84.5143649, 27.8154506 ], [ 84.5141584, 27.8153391 ], [ 84.5140082, 27.8152822 ], [ 84.513866, 27.8152514 ], [ 84.5136353, 27.8152229 ], [ 84.5134154, 27.8152253 ], [ 84.5129916, 27.8152419 ], [ 84.512541, 27.8152632 ], [ 84.5120555, 27.8152798 ], [ 84.511342, 27.8153059 ], [ 84.5110175, 27.8153035 ], [ 84.5109022, 27.8153154 ], [ 84.51076, 27.8153486 ], [ 84.5105454, 27.8154388 ], [ 84.5103094, 27.8155503 ], [ 84.5100331, 27.815638 ], [ 84.5096764, 27.8157329 ], [ 84.5094404, 27.8157993 ], [ 84.5092392, 27.8158539 ], [ 84.5090622, 27.8159322 ], [ 84.5088851, 27.8160176 ], [ 84.5086732, 27.8161149 ], [ 84.508507, 27.8162145 ], [ 84.5082468, 27.8163711 ], [ 84.5080644, 27.8164802 ], [ 84.5077774, 27.8166225 ], [ 84.5072624, 27.8168669 ], [ 84.5068252, 27.8170614 ], [ 84.5065436, 27.8171823 ], [ 84.5063889, 27.8172768 ], [ 84.5062535, 27.817406 ], [ 84.5060326, 27.8176669 ], [ 84.5057546, 27.8179449 ], [ 84.505523, 27.8181372 ], [ 84.5052237, 27.8183389 ], [ 84.5049814, 27.8184712 ], [ 84.5047212, 27.8185847 ] ] ] } },
{ "type": "Feature", "properties": { "id": "way/1554753537", "name": null, "name_en": null, "name_ne": null, "status": "Standing", "leisure": null, "landuse": null, "natural": "grassland", "amenity": null, "place": null, "surface": null, "access": null, "operator": null, "source": null, "adm0_pcode": "NPL", "adm0_name": "Nepal", "adm1_pcode": "NP03", "adm1_name": "Bagmati", "adm2_pcode": "NP0335", "adm2_name": "Chitawan", "adm3_pcode": "NP0335101", "adm3_name": "Bharatpur", "adm4_pcode": null, "adm4_name": null, "name_latin": null }, "geometry": { "type": "Polygon", "coordinates": [ [ [ 84.4315428, 27.7965825 ], [ 84.4315486, 27.7963714 ], [ 84.4316233, 27.7958628 ], [ 84.4316233, 27.7957128 ], [ 84.4315741, 27.7952166 ], [ 84.4316429, 27.7952036 ], [ 84.4318628, 27.7951941 ], [ 84.4320613, 27.7951182 ], [ 84.4320989, 27.7950233 ], [ 84.4320935, 27.7949283 ], [ 84.4319379, 27.7948002 ], [ 84.432013, 27.7947338 ], [ 84.432351, 27.7946768 ], [ 84.4327372, 27.7944918 ], [ 84.432984, 27.7942735 ], [ 84.4333327, 27.7941975 ], [ 84.43344, 27.7942118 ], [ 84.4339764, 27.7947338 ], [ 84.434365, 27.7951273 ], [ 84.4345701, 27.7950231 ], [ 84.434572, 27.7949373 ], [ 84.4344548, 27.7947831 ], [ 84.4345522, 27.7946196 ], [ 84.4346928, 27.7945273 ], [ 84.434942, 27.7945392 ], [ 84.4348723, 27.794468 ], [ 84.4349867, 27.7944489 ], [ 84.4350815, 27.7944918 ], [ 84.4353068, 27.7944396 ], [ 84.4357169, 27.7946269 ], [ 84.4360561, 27.7946651 ], [ 84.4364184, 27.7945481 ], [ 84.4366053, 27.7945868 ], [ 84.4359026, 27.7949498 ], [ 84.4353393, 27.7949142 ], [ 84.4346084, 27.7951553 ], [ 84.4340347, 27.7953537 ], [ 84.4335684, 27.7952673 ], [ 84.4333338, 27.7953697 ], [ 84.4330395, 27.79609 ], [ 84.4333137, 27.7962123 ], [ 84.4337551, 27.7960252 ], [ 84.4339968, 27.7960093 ], [ 84.4344542, 27.795863 ], [ 84.4346773, 27.7958028 ], [ 84.4345355, 27.7960653 ], [ 84.4345525, 27.7962297 ], [ 84.4345649, 27.7964162 ], [ 84.4343215, 27.7964095 ], [ 84.4338309, 27.796392 ], [ 84.4334453, 27.7964835 ], [ 84.4333652, 27.7965703 ], [ 84.4331505, 27.7968097 ], [ 84.4328178, 27.7968023 ], [ 84.4326299, 27.7970416 ], [ 84.4323911, 27.7970521 ], [ 84.4323347, 27.7969393 ], [ 84.4319265, 27.7970377 ], [ 84.4316521, 27.7970784 ], [ 84.4315515, 27.7967554 ], [ 84.4315428, 27.7965825 ] ] ] } },
{ "type": "Feature", "properties": { "id": "way/1554688112", "name": null, "name_en": null, "name_ne": null, "status": "Standing", "leisure": null, "landuse": "farmyard", "natural": null, "amenity": null, "place": null, "surface": null, "access": null, "operator": null, "source": null, "adm0_pcode": "NPL", "adm0_name": "Nepal", "adm1_pcode": "NP03", "adm1_name": "Bagmati", "adm2_pcode": "NP0335", "adm2_name": "Chitawan", "adm3_pcode": "NP0335401", "adm3_name": "Ichchha Kamana", "adm4_pcode": null, "adm4_name": null, "name_latin": null }, "geometry": { "type": "Polygon", "coordinates": [ [ [ 84.6273152, 27.8616301 ], [ 84.6280169, 27.8615511 ], [ 84.6280488, 27.861835 ], [ 84.6273449, 27.8619083 ], [ 84.6273152, 27.8616301 ] ] ] } },
{ "type": "Feature", "properties": { "id": "way/341630031", "name": null, "name_en": null, "name_ne": null, "status": "Standing", "leisure": null, "landuse": "farmyard", "natural": null, "amenity": null, "place": null, "surface": null, "access": null, "operator": null, "source": null, "adm0_pcode": "NPL", "adm0_name": "Nepal", "adm1_pcode": "NP03", "adm1_name": "Bagmati", "adm2_pcode": "NP0328", "adm2_name": "Nuwakot", "adm3_pcode": "NP0328302", "adm3_name": "Belkotgadhi", "adm4_pcode": null, "adm4_name": null, "name_latin": null }, "geometry": { "type": "Polygon", "coordinates": [ [ [ 85.0324232, 27.8510469 ], [ 85.0324862, 27.851022 ], [ 85.032627, 27.8511725 ], [ 85.0325868, 27.8511986 ], [ 85.0325399, 27.8511903 ], [ 85.0324232, 27.8510469 ] ] ] } },
{ "type": "Feature", "properties": { "id": "way/302756334", "name": null, "name_en": null, "name_ne": null, "status": "Standing", "leisure": null, "landuse": null, "natural": "sand", "amenity": null, "place": null, "surface": null, "access": null, "operator": null, "source": null, "adm0_pcode": "NPL", "adm0_name": "Nepal", "adm1_pcode": "NP03", "adm1_name": "Bagmati", "adm2_pcode": "NP0328", "adm2_name": "Nuwakot", "adm3_pcode": "NP0328302", "adm3_name": "Belkotgadhi", "adm4_pcode": null, "adm4_name": null, "name_latin": null }, "geometry": { "type": "Polygon", "coordinates": [ [ [ 85.0428955, 27.8569732 ], [ 85.0429894, 27.8568962 ], [ 85.0430846, 27.8567978 ], [ 85.0432536, 27.856646 ], [ 85.0433703, 27.8565654 ], [ 85.0435741, 27.8564278 ], [ 85.0438772, 27.8562132 ], [ 85.0440288, 27.8560934 ], [ 85.0441924, 27.8559749 ], [ 85.0444955, 27.8557579 ], [ 85.0447583, 27.8555966 ], [ 85.0449461, 27.8554544 ], [ 85.0451016, 27.8553666 ], [ 85.0452894, 27.8553334 ], [ 85.0455388, 27.8553121 ], [ 85.0456944, 27.8552765 ], [ 85.0458634, 27.8551152 ], [ 85.0460002, 27.854954 ], [ 85.0461289, 27.8547334 ], [ 85.0462389, 27.8548471 ], [ 85.0460536, 27.8552585 ], [ 85.0458819, 27.8555668 ], [ 85.0457692, 27.8558988 ], [ 85.0457317, 27.8560695 ], [ 85.0457156, 27.856264 ], [ 85.0456083, 27.8565201 ], [ 85.0454932, 27.8567394 ], [ 85.0453645, 27.856839 ], [ 85.0452435, 27.8569043 ], [ 85.0451523, 27.8569612 ], [ 85.0450236, 27.8569185 ], [ 85.0452089, 27.8567774 ], [ 85.0451606, 27.85673 ], [ 85.0449968, 27.8567762 ], [ 85.0448227, 27.8569339 ], [ 85.0446403, 27.8570335 ], [ 85.0444257, 27.8571568 ], [ 85.0443423, 27.8571793 ], [ 85.0440312, 27.8571035 ], [ 85.0438893, 27.8570288 ], [ 85.0438327, 27.857094 ], [ 85.0437093, 27.8571556 ], [ 85.0436264, 27.8571473 ], [ 85.0435269, 27.8571082 ], [ 85.0434279, 27.8571426 ], [ 85.0433743, 27.8571615 ], [ 85.0433153, 27.8571615 ], [ 85.0432026, 27.857043 ], [ 85.0431246, 27.8569944 ], [ 85.0428955, 27.8569732 ] ] ] } },
{ "type": "Feature", "properties": { "id": "way/302756333", "name": null, "name_en": null, "name_ne": null, "status": "Standing", "leisure": null, "landuse": null, "natural": "sand", "amenity": null, "place": null, "surface": null, "access": null, "operator": null, "source": null, "adm0_pcode": "NPL", "adm0_name": "Nepal", "adm1_pcode": "NP03", "adm1_name": "Bagmati", "adm2_pcode": "NP0328", "adm2_name": "Nuwakot", "adm3_pcode": "NP0328403", "adm3_name": "Tarakeshwor", "adm4_pcode": null, "adm4_name": null, "name_latin": null }, "geometry": { "type": "Polygon", "coordinates": [ [ [ 85.0366155, 27.8534713 ], [ 85.0368726, 27.8535475 ], [ 85.0372184, 27.8536127 ], [ 85.0375378, 27.8535475 ], [ 85.0376451, 27.8535143 ], [ 85.037846, 27.8535321 ], [ 85.0380474, 27.8535238 ], [ 85.038302, 27.8534467 ], [ 85.0385678, 27.8532772 ], [ 85.0388628, 27.8530969 ], [ 85.0390398, 27.8530068 ], [ 85.0392061, 27.8530021 ], [ 85.0394207, 27.8530353 ], [ 85.039587, 27.8531112 ], [ 85.0396753, 27.8531953 ], [ 85.0397319, 27.8533388 ], [ 85.0397962, 27.8534337 ], [ 85.0400537, 27.8534479 ], [ 85.040142, 27.8536649 ], [ 85.0401742, 27.8539542 ], [ 85.0402093, 27.8543111 ], [ 85.0403029, 27.8544854 ], [ 85.0401473, 27.8543526 ], [ 85.0399411, 27.8542589 ], [ 85.0396407, 27.8541119 ], [ 85.0394768, 27.8540586 ], [ 85.0393856, 27.854068 ], [ 85.0393427, 27.8541202 ], [ 85.0393373, 27.8542056 ], [ 85.0393563, 27.85424 ], [ 85.039568, 27.8543052 ], [ 85.0400054, 27.8545815 ], [ 85.0405472, 27.8549419 ], [ 85.0408477, 27.8550795 ], [ 85.041073, 27.8551506 ], [ 85.0413275, 27.85523 ], [ 85.041647, 27.8553877 ], [ 85.0419205, 27.8556154 ], [ 85.0420976, 27.8558478 ], [ 85.042296, 27.8560043 ], [ 85.0425452, 27.856098 ], [ 85.0427145, 27.8561371 ], [ 85.0430417, 27.8561324 ], [ 85.0432134, 27.8560849 ], [ 85.0435299, 27.8559142 ], [ 85.0438249, 27.8556865 ], [ 85.0439429, 27.8554209 ], [ 85.0440744, 27.8554887 ], [ 85.0438638, 27.8557484 ], [ 85.0436948, 27.8558753 ], [ 85.0434682, 27.8560211 ], [ 85.043322, 27.8560994 ], [ 85.0431772, 27.8561717 ], [ 85.042976, 27.8562452 ], [ 85.0428258, 27.8562784 ], [ 85.0427118, 27.8563116 ], [ 85.0425871, 27.856333 ], [ 85.0424436, 27.8563282 ], [ 85.0423551, 27.8563116 ], [ 85.0422719, 27.8562855 ], [ 85.0421056, 27.8562227 ], [ 85.0419849, 27.8561859 ], [ 85.0418763, 27.8561788 ], [ 85.041824, 27.8561836 ], [ 85.0417931, 27.856199 ], [ 85.0417891, 27.856231 ], [ 85.0418119, 27.8562618 ], [ 85.0418696, 27.8562974 ], [ 85.0419407, 27.856346 ], [ 85.0420158, 27.8564041 ], [ 85.0420734, 27.8564634 ], [ 85.0420915, 27.8564936 ], [ 85.0420996, 27.8565233 ], [ 85.0420935, 27.8565411 ], [ 85.0420721, 27.8565588 ], [ 85.0420372, 27.85656 ], [ 85.042001, 27.8565476 ], [ 85.0419313, 27.8565132 ], [ 85.0418401, 27.8564598 ], [ 85.0416858, 27.8563543 ], [ 85.0415424, 27.8562591 ], [ 85.0414082, 27.8561824 ], [ 85.0412231, 27.8561042 ], [ 85.0408973, 27.8559334 ], [ 85.0405647, 27.8557294 ], [ 85.0402566, 27.8555296 ], [ 85.0399288, 27.8553097 ], [ 85.0395247, 27.8550848 ], [ 85.0390698, 27.854805 ], [ 85.0383972, 27.8543752 ], [ 85.037739, 27.854041 ], [ 85.0371784, 27.8537422 ], [ 85.0368643, 27.8535897 ], [ 85.0367331, 27.8535269 ], [ 85.0366155, 27.8534713 ] ] ] } },
{ "type": "Feature", "properties": { "id": "way/937405852", "name": null, "name_en": null, "name_ne": null, "status": "Standing", "leisure": null, "landuse": "meadow", "natural": null, "amenity": null, "place": null, "surface": null, "access": null, "operator": null, "source": null, "adm0_pcode": "NPL", "adm0_name": "Nepal", "adm1_pcode": "NP03", "adm1_name": "Bagmati", "adm2_pcode": "NP0329", "adm2_name": "Rasuwa", "adm3_pcode": "NP0329402", "adm3_name": "Gosaikunda", "adm4_pcode": null, "adm4_name": null, "name_latin": null }, "geometry": { "type": "Polygon", "coordinates": [ [ [ 85.3366527, 28.2192359 ], [ 85.3372263, 28.2187538 ], [ 85.3384745, 28.2180323 ], [ 85.3397375, 28.2168095 ], [ 85.3410309, 28.2167818 ], [ 85.3414204, 28.2172376 ], [ 85.3421344, 28.2167944 ], [ 85.3451402, 28.2158744 ], [ 85.3456194, 28.2162076 ], [ 85.3454999, 28.216934 ], [ 85.3461548, 28.216268 ], [ 85.3465128, 28.2161502 ], [ 85.3466515, 28.2164975 ], [ 85.3472288, 28.2165087 ], [ 85.3475648, 28.2168241 ], [ 85.3470485, 28.2170706 ], [ 85.347162, 28.2183924 ], [ 85.3469396, 28.2193975 ], [ 85.3465428, 28.22067 ], [ 85.345436, 28.2206297 ], [ 85.3446235, 28.2208408 ], [ 85.3425695, 28.2210692 ], [ 85.3411883, 28.2202818 ], [ 85.3410069, 28.2205976 ], [ 85.3398036, 28.220901 ], [ 85.3390619, 28.221253 ], [ 85.3376786, 28.2211365 ], [ 85.3366527, 28.2192359 ] ] ] } },
{ "type": "Feature", "properties": { "id": "way/912360487", "name": null, "name_en": null, "name_ne": null, "status": "Standing", "leisure": null, "landuse": null, "natural": "grassland", "amenity": null, "place": null, "surface": null, "access": null, "operator": null, "source": null, "adm0_pcode": "NPL", "adm0_name": "Nepal", "adm1_pcode": "NP03", "adm1_name": "Bagmati", "adm2_pcode": "NP0329", "adm2_name": "Rasuwa", "adm3_pcode": "NP0329403", "adm3_name": "Uttargaya", "adm4_pcode": null, "adm4_name": null, "name_latin": null }, "geometry": { "type": "Polygon", "coordinates": [ [ [ 85.2310645, 28.0984458 ], [ 85.2311182, 28.0983701 ], [ 85.2312362, 28.0983701 ], [ 85.2313328, 28.0984175 ], [ 85.2315366, 28.0987487 ], [ 85.2319336, 28.099203 ], [ 85.2320301, 28.0992692 ], [ 85.2322125, 28.099345 ], [ 85.2322447, 28.0994491 ], [ 85.2322447, 28.0995626 ], [ 85.2323305, 28.0996289 ], [ 85.2326417, 28.0997614 ], [ 85.2327275, 28.0998276 ], [ 85.2328563, 28.0999791 ], [ 85.2329099, 28.1000926 ], [ 85.2329314, 28.1002062 ], [ 85.2329314, 28.1004239 ], [ 85.2328777, 28.1006226 ], [ 85.2328026, 28.1007173 ], [ 85.232293, 28.1006747 ], [ 85.2323305, 28.1005848 ], [ 85.2322984, 28.1003766 ], [ 85.2321803, 28.1000737 ], [ 85.2320516, 28.0999128 ], [ 85.2319658, 28.099856 ], [ 85.2316975, 28.0996383 ], [ 85.2316332, 28.0994491 ], [ 85.2316117, 28.099345 ], [ 85.2314722, 28.09908 ], [ 85.2310967, 28.09855 ], [ 85.2310645, 28.0984458 ] ] ] } },
{ "type": "Feature", "properties": { "id": "relation/12380541", "name": null, "name_en": null, "name_ne": null, "status": "Standing", "leisure": null, "landuse": null, "natural": "grassland", "amenity": null, "place": null, "surface": null, "access": null, "operator": null, "source": null, "adm0_pcode": "NPL", "adm0_name": "Nepal", "adm1_pcode": "NP03", "adm1_name": "Bagmati", "adm2_pcode": "NP0329", "adm2_name": "Rasuwa", "adm3_pcode": "NP0329403", "adm3_name": "Uttargaya", "adm4_pcode": null, "adm4_name": null, "name_latin": null }, "geometry": { "type": "Polygon", "coordinates": [ [ [ 85.230335, 28.0961365 ], [ 85.2308392, 28.0961933 ], [ 85.2312899, 28.0959662 ], [ 85.2316952, 28.0942859 ], [ 85.2319468, 28.0942844 ], [ 85.2320212, 28.0943537 ], [ 85.2321975, 28.0944137 ], [ 85.2323759, 28.09441 ], [ 85.2322769, 28.0944708 ], [ 85.2322554, 28.0945654 ], [ 85.2322447, 28.09466 ], [ 85.2322662, 28.0947736 ], [ 85.232352, 28.0948493 ], [ 85.2324486, 28.0948967 ], [ 85.2326524, 28.0949818 ], [ 85.2327597, 28.0950102 ], [ 85.2330172, 28.0950102 ], [ 85.2331567, 28.0949913 ], [ 85.2332425, 28.0949156 ], [ 85.2333712, 28.0949345 ], [ 85.2334249, 28.0950102 ], [ 85.2336717, 28.0950576 ], [ 85.2337575, 28.0951238 ], [ 85.2338326, 28.0951995 ], [ 85.2338648, 28.0952942 ], [ 85.233897, 28.095616 ], [ 85.2339399, 28.0957106 ], [ 85.2340579, 28.0957012 ], [ 85.2341008, 28.0954929 ], [ 85.2341008, 28.0952847 ], [ 85.2340686, 28.0951806 ], [ 85.2340257, 28.0950954 ], [ 85.2339291, 28.0950197 ], [ 85.2338219, 28.0949724 ], [ 85.2335536, 28.0947736 ], [ 85.2334034, 28.0946033 ], [ 85.2332961, 28.0941679 ], [ 85.233221, 28.0940448 ], [ 85.2330923, 28.0939597 ], [ 85.2330303, 28.0937952 ], [ 85.2331981, 28.0937859 ], [ 85.2333511, 28.0938177 ], [ 85.2334488, 28.0938964 ], [ 85.2335614, 28.0939583 ], [ 85.2337101, 28.0939827 ], [ 85.2338142, 28.0939339 ], [ 85.2338036, 28.0937802 ], [ 85.2338121, 28.0935778 ], [ 85.2337848, 28.093293 ], [ 85.2338315, 28.0931806 ], [ 85.233925, 28.0931093 ], [ 85.2339718, 28.0931581 ], [ 85.2339845, 28.0932705 ], [ 85.2340355, 28.0933792 ], [ 85.234112, 28.0936041 ], [ 85.2342395, 28.0936716 ], [ 85.2342617, 28.0938177 ], [ 85.2343368, 28.094007 ], [ 85.2342939, 28.0942531 ], [ 85.2341545, 28.0946317 ], [ 85.2341652, 28.0947452 ], [ 85.2342081, 28.0948588 ], [ 85.2343047, 28.0949251 ], [ 85.2344334, 28.094944 ], [ 85.2345621, 28.0949061 ], [ 85.2346909, 28.0948588 ], [ 85.2347553, 28.0947736 ], [ 85.2348089, 28.0945559 ], [ 85.2349484, 28.0943761 ], [ 85.2350449, 28.0943193 ], [ 85.2356994, 28.0942909 ], [ 85.2358389, 28.0942436 ], [ 85.2359033, 28.0941584 ], [ 85.2358389, 28.0940732 ], [ 85.235517, 28.0939975 ], [ 85.2350342, 28.0939502 ], [ 85.2348304, 28.0938461 ], [ 85.2347767, 28.0936379 ], [ 85.2347875, 28.0935243 ], [ 85.2348947, 28.0932025 ], [ 85.2349665, 28.0931083 ], [ 85.2350807, 28.0931773 ], [ 85.2356672, 28.0932261 ], [ 85.235222, 28.0933586 ], [ 85.2351308, 28.0934202 ], [ 85.2350986, 28.093458 ], [ 85.2350932, 28.0935574 ], [ 85.2351522, 28.0936473 ], [ 85.2352381, 28.0937183 ], [ 85.2353507, 28.093742 ], [ 85.2355492, 28.0937088 ], [ 85.2356619, 28.0936568 ], [ 85.2356994, 28.0936142 ], [ 85.2357531, 28.0934675 ], [ 85.2357906, 28.0934249 ], [ 85.235855, 28.0934202 ], [ 85.2359247, 28.0935101 ], [ 85.2359891, 28.0938177 ], [ 85.236032, 28.0938555 ], [ 85.236209, 28.0938745 ], [ 85.2362841, 28.0937988 ], [ 85.2363914, 28.0934675 ], [ 85.2364558, 28.0933728 ], [ 85.2365953, 28.0932593 ], [ 85.2366435, 28.0931551 ], [ 85.2366382, 28.0930416 ], [ 85.2385104, 28.0933255 ], [ 85.2384996, 28.0934296 ], [ 85.2384674, 28.0935337 ], [ 85.2382421, 28.0940543 ], [ 85.2382314, 28.0943477 ], [ 85.2381349, 28.0946411 ], [ 85.2380061, 28.094802 ], [ 85.2377272, 28.0949345 ], [ 85.2376735, 28.0950765 ], [ 85.2376735, 28.0952847 ], [ 85.237577, 28.0956822 ], [ 85.2375555, 28.0959946 ], [ 85.2374911, 28.0963826 ], [ 85.2374697, 28.0964772 ], [ 85.2373838, 28.0965435 ], [ 85.2372873, 28.0966003 ], [ 85.2371693, 28.0966429 ], [ 85.2373141, 28.0963779 ], [ 85.2373087, 28.0963305 ], [ 85.2372658, 28.0962832 ], [ 85.2370137, 28.0962974 ], [ 85.2369118, 28.0962596 ], [ 85.2368259, 28.0961791 ], [ 85.2367186, 28.0961271 ], [ 85.2365416, 28.0961696 ], [ 85.2364773, 28.0961649 ], [ 85.2363217, 28.0960892 ], [ 85.236311, 28.0960419 ], [ 85.2364075, 28.0959094 ], [ 85.2364826, 28.0957153 ], [ 85.2364397, 28.095616 ], [ 85.2363914, 28.0955876 ], [ 85.236327, 28.0955828 ], [ 85.2362144, 28.0956586 ], [ 85.2361232, 28.0958005 ], [ 85.2360427, 28.0957485 ], [ 85.2361286, 28.0954267 ], [ 85.2362251, 28.0951238 ], [ 85.2361929, 28.0950292 ], [ 85.2361071, 28.095086 ], [ 85.2359891, 28.0953794 ], [ 85.2359569, 28.0954835 ], [ 85.235914, 28.095739 ], [ 85.2359247, 28.0959378 ], [ 85.2356028, 28.0967612 ], [ 85.2355599, 28.0969505 ], [ 85.2355707, 28.0971492 ], [ 85.2356028, 28.0972344 ], [ 85.2356833, 28.0973196 ], [ 85.2356136, 28.0973669 ], [ 85.2356619, 28.0974615 ], [ 85.2357101, 28.0976035 ], [ 85.2357745, 28.0976982 ], [ 85.2357745, 28.0978023 ], [ 85.2357423, 28.0978449 ], [ 85.235678, 28.0978685 ], [ 85.235517, 28.097859 ], [ 85.2354151, 28.0978969 ], [ 85.2353722, 28.0979253 ], [ 85.2353775, 28.0980294 ], [ 85.23534, 28.0981288 ], [ 85.2354151, 28.0981382 ], [ 85.2355331, 28.0981004 ], [ 85.2355868, 28.0981241 ], [ 85.2355868, 28.098214 ], [ 85.2354258, 28.0982944 ], [ 85.235399, 28.098337 ], [ 85.2354097, 28.0984932 ], [ 85.2353883, 28.0985358 ], [ 85.2353346, 28.0985547 ], [ 85.2352273, 28.0985074 ], [ 85.2351737, 28.0985216 ], [ 85.2351522, 28.0985641 ], [ 85.2352059, 28.0986257 ], [ 85.235222, 28.0986872 ], [ 85.2351898, 28.0988339 ], [ 85.2351522, 28.098867 ], [ 85.2349269, 28.0989096 ], [ 85.2348894, 28.0989474 ], [ 85.2348572, 28.0990374 ], [ 85.2348894, 28.0991462 ], [ 85.2349162, 28.0991888 ], [ 85.2350074, 28.0993875 ], [ 85.2350074, 28.0995484 ], [ 85.234943, 28.0996241 ], [ 85.2347392, 28.099539 ], [ 85.2346802, 28.0995342 ], [ 85.2345729, 28.0995721 ], [ 85.2344441, 28.0997046 ], [ 85.2344173, 28.0998087 ], [ 85.234428, 28.0998607 ], [ 85.2345031, 28.0999459 ], [ 85.2345675, 28.0999507 ], [ 85.2346802, 28.0999223 ], [ 85.2349538, 28.0998986 ], [ 85.2350181, 28.0998986 ], [ 85.2350718, 28.0999223 ], [ 85.2351201, 28.0999696 ], [ 85.2351201, 28.1000264 ], [ 85.2350879, 28.1001305 ], [ 85.2350503, 28.1001731 ], [ 85.2350396, 28.1002251 ], [ 85.2350557, 28.1002724 ], [ 85.2351469, 28.100334 ], [ 85.2353293, 28.1004097 ], [ 85.2354258, 28.1004854 ], [ 85.2356833, 28.100509 ], [ 85.2357584, 28.1005043 ], [ 85.2358711, 28.1004523 ], [ 85.235635, 28.1007267 ], [ 85.2355921, 28.1008119 ], [ 85.2356243, 28.1009065 ], [ 85.2359247, 28.1007551 ], [ 85.2360642, 28.1005848 ], [ 85.2361286, 28.1004901 ], [ 85.236386, 28.1002441 ], [ 85.2365041, 28.1001967 ], [ 85.2364933, 28.1003056 ], [ 85.2365309, 28.1004665 ], [ 85.2366664, 28.1005488 ], [ 85.2374334, 28.1008544 ], [ 85.2374844, 28.1010868 ], [ 85.23758, 28.101381 ], [ 85.2375503, 28.101604 ], [ 85.2375609, 28.1017204 ], [ 85.2375233, 28.1018198 ], [ 85.2374804, 28.1018624 ], [ 85.2373463, 28.1018719 ], [ 85.2373248, 28.1018246 ], [ 85.2373517, 28.1017252 ], [ 85.2373517, 28.1016258 ], [ 85.2372765, 28.1015406 ], [ 85.2371478, 28.1015217 ], [ 85.2370942, 28.101181 ], [ 85.2370298, 28.1010958 ], [ 85.2366114, 28.1009255 ], [ 85.2362466, 28.1008971 ], [ 85.2359033, 28.1009823 ], [ 85.2358389, 28.101058 ], [ 85.2358711, 28.1011526 ], [ 85.2358496, 28.1012472 ], [ 85.235796, 28.101323 ], [ 85.2356887, 28.101323 ], [ 85.2355063, 28.1011905 ], [ 85.2354097, 28.1009823 ], [ 85.235399, 28.1008782 ], [ 85.235281, 28.1006983 ], [ 85.2351844, 28.1006415 ], [ 85.2350879, 28.1006132 ], [ 85.2348626, 28.100509 ], [ 85.23453, 28.1004807 ], [ 85.2342832, 28.1004901 ], [ 85.2341759, 28.1005185 ], [ 85.2339935, 28.1006415 ], [ 85.2338433, 28.1009349 ], [ 85.2338219, 28.1010296 ], [ 85.2338433, 28.1012283 ], [ 85.2338755, 28.101323 ], [ 85.2339345, 28.1014129 ], [ 85.2338058, 28.1014413 ], [ 85.2335966, 28.1014555 ], [ 85.2335483, 28.1014886 ], [ 85.2334839, 28.1016589 ], [ 85.2334249, 28.1017583 ], [ 85.233264, 28.1018577 ], [ 85.2330387, 28.1019192 ], [ 85.2330011, 28.101957 ], [ 85.2329904, 28.1020706 ], [ 85.2329421, 28.1021037 ], [ 85.2328831, 28.1021179 ], [ 85.2328187, 28.1021085 ], [ 85.2327543, 28.1020943 ], [ 85.2327114, 28.1020564 ], [ 85.23269, 28.101905 ], [ 85.23269, 28.1016921 ], [ 85.2327168, 28.1015927 ], [ 85.2328026, 28.1015264 ], [ 85.2328831, 28.1014129 ], [ 85.2329367, 28.101323 ], [ 85.2329582, 28.1012141 ], [ 85.2329153, 28.1009397 ], [ 85.2328026, 28.1007693 ], [ 85.2328026, 28.1007173 ], [ 85.2328777, 28.1006226 ], [ 85.2329314, 28.1004239 ], [ 85.2329314, 28.1002062 ], [ 85.2329099, 28.1000926 ], [ 85.2328563, 28.0999791 ], [ 85.2327275, 28.0998276 ], [ 85.2326417, 28.0997614 ], [ 85.2323305, 28.0996289 ], [ 85.2322447, 28.0995626 ], [ 85.2322447, 28.0994491 ], [ 85.2322125, 28.099345 ], [ 85.2320301, 28.0992692 ], [ 85.2319336, 28.099203 ], [ 85.2315366, 28.0987487 ], [ 85.231483, 28.09855 ], [ 85.2313864, 28.0983607 ], [ 85.2313006, 28.098285 ], [ 85.2309894, 28.0981524 ], [ 85.2308714, 28.0981146 ], [ 85.2305925, 28.0980389 ], [ 85.230453, 28.0977644 ], [ 85.2304315, 28.0976603 ], [ 85.2304315, 28.0975562 ], [ 85.2305174, 28.0972344 ], [ 85.2305603, 28.0970073 ], [ 85.2305603, 28.0969031 ], [ 85.2305174, 28.0967139 ], [ 85.2304745, 28.0966287 ], [ 85.230335, 28.0961365 ] ], [ [ 85.2325666, 28.0987108 ], [ 85.2325934, 28.0987582 ], [ 85.2328992, 28.0987913 ], [ 85.2330762, 28.0989096 ], [ 85.2331299, 28.0989143 ], [ 85.2331835, 28.0989049 ], [ 85.2334088, 28.0987487 ], [ 85.2335107, 28.0986162 ], [ 85.2336878, 28.0984695 ], [ 85.2338916, 28.0983938 ], [ 85.2340579, 28.0983607 ], [ 85.2341545, 28.0983133 ], [ 85.2341866, 28.0982707 ], [ 85.2341598, 28.0980673 ], [ 85.2342027, 28.0980247 ], [ 85.2342564, 28.0980105 ], [ 85.2344334, 28.0979868 ], [ 85.23453, 28.097949 ], [ 85.2346587, 28.0978496 ], [ 85.2347124, 28.0978307 ], [ 85.2348357, 28.0978449 ], [ 85.2348894, 28.0978354 ], [ 85.2350342, 28.0977455 ], [ 85.235045, 28.0976414 ], [ 85.2349806, 28.0975231 ], [ 85.2349806, 28.0974615 ], [ 85.235045, 28.097329 ], [ 85.235045, 28.0972817 ], [ 85.2350074, 28.0972344 ], [ 85.2348304, 28.0972297 ], [ 85.2347767, 28.0972013 ], [ 85.2347285, 28.0970546 ], [ 85.2345943, 28.0968747 ], [ 85.2345514, 28.0968416 ], [ 85.2344227, 28.096818 ], [ 85.2342993, 28.0968511 ], [ 85.2342296, 28.0968558 ], [ 85.2341759, 28.0968322 ], [ 85.2340472, 28.0967139 ], [ 85.2338648, 28.0966429 ], [ 85.233559, 28.096605 ], [ 85.2334946, 28.0966192 ], [ 85.2334517, 28.0966571 ], [ 85.2334571, 28.0967091 ], [ 85.2335107, 28.0967375 ], [ 85.233795, 28.0967943 ], [ 85.2339023, 28.0968227 ], [ 85.2339989, 28.09687 ], [ 85.2340364, 28.0969126 ], [ 85.234074, 28.0970073 ], [ 85.2340633, 28.0971114 ], [ 85.2338541, 28.0971918 ], [ 85.2338219, 28.0972391 ], [ 85.2337629, 28.0973906 ], [ 85.2336824, 28.0974757 ], [ 85.2335429, 28.0976224 ], [ 85.2334839, 28.0976461 ], [ 85.2333927, 28.0977124 ], [ 85.2333015, 28.0979064 ], [ 85.2331889, 28.0980957 ], [ 85.2331674, 28.0982045 ], [ 85.2331245, 28.0982424 ], [ 85.2329957, 28.0982566 ], [ 85.2329314, 28.0981714 ], [ 85.2328134, 28.0981666 ], [ 85.2327543, 28.0982092 ], [ 85.2327168, 28.0982566 ], [ 85.2326846, 28.0984127 ], [ 85.2325666, 28.0987108 ] ] ] } },
{ "type": "Feature", "properties": { "id": "way/912360495", "name": null, "name_en": null, "name_ne": null, "status": "Standing", "leisure": null, "landuse": null, "natural": "grassland", "amenity": null, "place": null, "surface": null, "access": null, "operator": null, "source": null, "adm0_pcode": "NPL", "adm0_name": "Nepal", "adm1_pcode": "NP03", "adm1_name": "Bagmati", "adm2_pcode": "NP0329", "adm2_name": "Rasuwa", "adm3_pcode": "NP0329403", "adm3_name": "Uttargaya", "adm4_pcode": null, "adm4_name": null, "name_latin": null }, "geometry": { "type": "Polygon", "coordinates": [ [ [ 85.2365041, 28.1001967 ], [ 85.2365577, 28.0999507 ], [ 85.2368206, 28.0997046 ], [ 85.2370673, 28.0993733 ], [ 85.2372229, 28.0990799 ], [ 85.2372819, 28.0987818 ], [ 85.237239, 28.0985736 ], [ 85.2371854, 28.0984742 ], [ 85.2371693, 28.0983181 ], [ 85.2373463, 28.0975231 ], [ 85.2373517, 28.0974142 ], [ 85.2373892, 28.0973148 ], [ 85.2375072, 28.0971208 ], [ 85.237577, 28.0968984 ], [ 85.2376574, 28.0960655 ], [ 85.2376574, 28.0959046 ], [ 85.2376682, 28.0958526 ], [ 85.2377272, 28.095739 ], [ 85.2377593, 28.0955734 ], [ 85.2378184, 28.0954125 ], [ 85.2378023, 28.0950859 ], [ 85.2378184, 28.0950339 ], [ 85.2378613, 28.0949913 ], [ 85.2379774, 28.0949521 ], [ 85.2382418, 28.0950316 ], [ 85.2384041, 28.0950635 ], [ 85.238559, 28.0950157 ], [ 85.2386191, 28.0948885 ], [ 85.2385019, 28.0948011 ], [ 85.2383937, 28.0948382 ], [ 85.2382075, 28.0948302 ], [ 85.2381774, 28.0947931 ], [ 85.2382676, 28.0947109 ], [ 85.2385169, 28.0947083 ], [ 85.2387663, 28.09465 ], [ 85.2388114, 28.0945864 ], [ 85.2388084, 28.0944963 ], [ 85.2387303, 28.0944114 ], [ 85.2386491, 28.0943399 ], [ 85.238532, 28.0943611 ], [ 85.2383727, 28.094422 ], [ 85.2383337, 28.0943187 ], [ 85.2383998, 28.0942179 ], [ 85.23858, 28.0941119 ], [ 85.2387873, 28.0940748 ], [ 85.2388955, 28.0940775 ], [ 85.2390289, 28.0941059 ], [ 85.2390905, 28.0940396 ], [ 85.2392002, 28.0940648 ], [ 85.2393158, 28.094131 ], [ 85.2393729, 28.0942596 ], [ 85.239454, 28.0943762 ], [ 85.2395742, 28.094416 ], [ 85.2396749, 28.0943683 ], [ 85.2400635, 28.0941088 ], [ 85.2401251, 28.0942483 ], [ 85.2402431, 28.0943666 ], [ 85.2406132, 28.094537 ], [ 85.240699, 28.0945985 ], [ 85.2407151, 28.0946506 ], [ 85.2406722, 28.0948777 ], [ 85.2406454, 28.0949345 ], [ 85.2406239, 28.0951049 ], [ 85.2406669, 28.0952185 ], [ 85.2407312, 28.0952989 ], [ 85.2407741, 28.0953273 ], [ 85.2408868, 28.0953226 ], [ 85.240978, 28.0952847 ], [ 85.2412409, 28.095067 ], [ 85.2413589, 28.0950244 ], [ 85.241493, 28.0949487 ], [ 85.2418578, 28.0948209 ], [ 85.2419972, 28.0947263 ], [ 85.2421045, 28.0946174 ], [ 85.2421313, 28.0945701 ], [ 85.2421367, 28.0945181 ], [ 85.2421099, 28.0944707 ], [ 85.2420616, 28.0944424 ], [ 85.2419972, 28.0944329 ], [ 85.2417988, 28.0944944 ], [ 85.2416325, 28.0945796 ], [ 85.2415091, 28.0945843 ], [ 85.2414501, 28.0945749 ], [ 85.2414072, 28.0945323 ], [ 85.241434, 28.0943761 ], [ 85.2415037, 28.0942294 ], [ 85.2415037, 28.0941726 ], [ 85.2414554, 28.094059 ], [ 85.2414554, 28.094007 ], [ 85.241493, 28.0939691 ], [ 85.2417827, 28.0938177 ], [ 85.2418041, 28.0937704 ], [ 85.2417045, 28.0927673 ], [ 85.2424138, 28.0928203 ], [ 85.242774, 28.0930725 ], [ 85.2428502, 28.093193 ], [ 85.242936, 28.0933586 ], [ 85.2429736, 28.0933918 ], [ 85.2429736, 28.0934959 ], [ 85.2429306, 28.0935858 ], [ 85.2428502, 28.094007 ], [ 85.2428609, 28.0941111 ], [ 85.2429682, 28.0944376 ], [ 85.2430648, 28.0945749 ], [ 85.2432418, 28.0947168 ], [ 85.2433705, 28.0949251 ], [ 85.2434081, 28.0950292 ], [ 85.2434027, 28.0951285 ], [ 85.2433866, 28.0951711 ], [ 85.2433598, 28.0952137 ], [ 85.2432901, 28.09528 ], [ 85.2432686, 28.0953178 ], [ 85.2432364, 28.0957911 ], [ 85.2432847, 28.0959898 ], [ 85.2433813, 28.0960561 ], [ 85.2434081, 28.0960987 ], [ 85.2434027, 28.0961507 ], [ 85.2433115, 28.0963211 ], [ 85.2432418, 28.0965766 ], [ 85.2432364, 28.0966287 ], [ 85.2433383, 28.0968132 ], [ 85.2433652, 28.0969647 ], [ 85.2434027, 28.097064 ], [ 85.2434349, 28.0971066 ], [ 85.2435207, 28.0971823 ], [ 85.243687, 28.0972581 ], [ 85.2437675, 28.0972817 ], [ 85.2430004, 28.0978638 ], [ 85.2428019, 28.0979064 ], [ 85.2426678, 28.0979016 ], [ 85.2423996, 28.0978496 ], [ 85.2422708, 28.0978449 ], [ 85.2421421, 28.0978685 ], [ 85.2419651, 28.097949 ], [ 85.2417183, 28.098001 ], [ 85.2413428, 28.0979632 ], [ 85.2411497, 28.0981099 ], [ 85.241155, 28.0980105 ], [ 85.2411282, 28.0979111 ], [ 85.2411282, 28.0976461 ], [ 85.2411711, 28.0974284 ], [ 85.2412087, 28.0973338 ], [ 85.2412945, 28.0969221 ], [ 85.2413696, 28.0966665 ], [ 85.2413911, 28.0966239 ], [ 85.241552, 28.0965056 ], [ 85.2417719, 28.0964394 ], [ 85.242008, 28.096269 ], [ 85.2420348, 28.0962312 ], [ 85.2420294, 28.0961791 ], [ 85.2419758, 28.0961554 ], [ 85.2416485, 28.0961886 ], [ 85.2415252, 28.096217 ], [ 85.2413374, 28.0962454 ], [ 85.2412677, 28.0962548 ], [ 85.2411711, 28.0963211 ], [ 85.241096, 28.0964252 ], [ 85.2410638, 28.096534 ], [ 85.2410585, 28.0969363 ], [ 85.2410316, 28.0970356 ], [ 85.2409512, 28.0971208 ], [ 85.2407205, 28.0970498 ], [ 85.2405971, 28.0970735 ], [ 85.2404147, 28.0971256 ], [ 85.2402055, 28.0972533 ], [ 85.2400768, 28.0972675 ], [ 85.2400178, 28.0972533 ], [ 85.2398354, 28.0971776 ], [ 85.2398032, 28.097135 ], [ 85.239594, 28.0970073 ], [ 85.2392989, 28.0968889 ], [ 85.2391863, 28.09687 ], [ 85.2389288, 28.09687 ], [ 85.2387303, 28.0969221 ], [ 85.238682, 28.0969552 ], [ 85.2386391, 28.0970593 ], [ 85.2386445, 28.097329 ], [ 85.238741, 28.0975846 ], [ 85.2387679, 28.097684 ], [ 85.2387464, 28.0977975 ], [ 85.238682, 28.0978354 ], [ 85.238623, 28.0978354 ], [ 85.2385801, 28.0978023 ], [ 85.2385533, 28.0977076 ], [ 85.2385533, 28.0976035 ], [ 85.2385265, 28.0974994 ], [ 85.2384406, 28.0974237 ], [ 85.2381563, 28.097329 ], [ 85.2380973, 28.0972391 ], [ 85.238049, 28.0972013 ], [ 85.2379364, 28.0971587 ], [ 85.2378774, 28.0971587 ], [ 85.2377003, 28.0972486 ], [ 85.2376628, 28.0972912 ], [ 85.237636, 28.097348 ], [ 85.2376252, 28.097594 ], [ 85.2376842, 28.0977975 ], [ 85.2378291, 28.0982187 ], [ 85.2378398, 28.0983228 ], [ 85.2378237, 28.0983749 ], [ 85.2377218, 28.09846 ], [ 85.2376038, 28.0984979 ], [ 85.2375448, 28.0984979 ], [ 85.2374965, 28.0985358 ], [ 85.2374697, 28.0985783 ], [ 85.2374697, 28.0986351 ], [ 85.2374911, 28.0986824 ], [ 85.2375394, 28.0987108 ], [ 85.2377111, 28.0990279 ], [ 85.2378076, 28.0991604 ], [ 85.2378184, 28.0992645 ], [ 85.2376842, 28.0993402 ], [ 85.2376896, 28.0993923 ], [ 85.2378237, 28.0995674 ], [ 85.2379632, 28.099804 ], [ 85.238049, 28.0998702 ], [ 85.2383172, 28.0999838 ], [ 85.2383548, 28.1000169 ], [ 85.2384514, 28.1001825 ], [ 85.2379739, 28.1001967 ], [ 85.2378076, 28.1001399 ], [ 85.2376521, 28.0999885 ], [ 85.2374053, 28.0998891 ], [ 85.2372175, 28.099856 ], [ 85.2369922, 28.0998844 ], [ 85.236901, 28.0999033 ], [ 85.2367294, 28.0999885 ], [ 85.2365041, 28.1001967 ] ] ] } },
{ "type": "Feature", "properties": { "id": "way/341247242", "name": null, "name_en": null, "name_ne": null, "status": "Standing", "leisure": null, "landuse": "meadow", "natural": null, "amenity": null, "place": null, "surface": null, "access": null, "operator": null, "source": null, "adm0_pcode": "NPL", "adm0_name": "Nepal", "adm1_pcode": "NP03", "adm1_name": "Bagmati", "adm2_pcode": "NP0329", "adm2_name": "Rasuwa", "adm3_pcode": "NP0329402", "adm3_name": "Gosaikunda", "adm4_pcode": null, "adm4_name": null, "name_latin": null }, "geometry": { "type": "Polygon", "coordinates": [ [ [ 85.2396952, 28.0920973 ], [ 85.2399178, 28.0920784 ], [ 85.2400144, 28.0920216 ], [ 85.2399393, 28.0919199 ], [ 85.2400788, 28.0918678 ], [ 85.2401406, 28.0918831 ], [ 85.2402129, 28.0919009 ], [ 85.2403316, 28.0919601 ], [ 85.2403336, 28.0921612 ], [ 85.2406162, 28.092079 ], [ 85.2408787, 28.0921802 ], [ 85.2407688, 28.0925374 ], [ 85.240068, 28.0925824 ], [ 85.2397515, 28.092166 ], [ 85.2396952, 28.0920973 ] ] ] } },
{ "type": "Feature", "properties": { "id": "way/912261557", "name": null, "name_en": null, "name_ne": null, "status": "Standing", "leisure": null, "landuse": null, "natural": "grassland", "amenity": null, "place": null, "surface": null, "access": null, "operator": null, "source": null, "adm0_pcode": "NPL", "adm0_name": "Nepal", "adm1_pcode": "NP03", "adm1_name": "Bagmati", "adm2_pcode": "NP0329", "adm2_name": "Rasuwa", "adm3_pcode": "NP0329404", "adm3_name": "Kalika", "adm4_pcode": null, "adm4_name": null, "name_latin": null }, "geometry": { "type": "Polygon", "coordinates": [ [ [ 85.2290368, 28.0857913 ], [ 85.2290744, 28.0858291 ], [ 85.2291441, 28.0858291 ], [ 85.2292192, 28.0857392 ], [ 85.2292782, 28.0857203 ], [ 85.2293372, 28.0857108 ], [ 85.229466, 28.0857156 ], [ 85.2296323, 28.0857818 ], [ 85.2298844, 28.0857865 ], [ 85.229997, 28.0858149 ], [ 85.2300346, 28.0858575 ], [ 85.2300453, 28.0859522 ], [ 85.2299917, 28.0861178 ], [ 85.2300024, 28.086274 ], [ 85.2299809, 28.0863213 ], [ 85.2299541, 28.0863592 ], [ 85.2299112, 28.0864018 ], [ 85.2298039, 28.0864302 ], [ 85.2296859, 28.0864397 ], [ 85.2296215, 28.0865249 ], [ 85.2296162, 28.0865769 ], [ 85.2296323, 28.086629 ], [ 85.2297181, 28.086752 ], [ 85.2297503, 28.0868514 ], [ 85.2297395, 28.086894 ], [ 85.2296779, 28.0869816 ], [ 85.2296296, 28.0867804 ], [ 85.2295786, 28.0866361 ], [ 85.2294834, 28.086487 ], [ 85.2293842, 28.0863746 ], [ 85.2293225, 28.0863332 ], [ 85.2292272, 28.0862929 ], [ 85.2291387, 28.0862291 ], [ 85.2290851, 28.0861569 ], [ 85.2290663, 28.0860539 ], [ 85.2290368, 28.0857913 ] ] ] } },
{ "type": "Feature", "properties": { "id": "way/911230945", "name": null, "name_en": null, "name_ne": null, "status": "Standing", "leisure": null, "landuse": null, "natural": "grassland", "amenity": null, "place": null, "surface": null, "access": null, "operator": null, "source": null, "adm0_pcode": "NPL", "adm0_name": "Nepal", "adm1_pcode": "NP03", "adm1_name": "Bagmati", "adm2_pcode": "NP0329", "adm2_name": "Rasuwa", "adm3_pcode": "NP0329404", "adm3_name": "Kalika", "adm4_pcode": null, "adm4_name": null, "name_latin": null }, "geometry": { "type": "Polygon", "coordinates": [ [ [ 85.2061254, 28.0750995 ], [ 85.2062219, 28.0750522 ], [ 85.2062648, 28.0750191 ], [ 85.2063185, 28.0750001 ], [ 85.2063453, 28.0749575 ], [ 85.2062863, 28.0748723 ], [ 85.2065545, 28.0747824 ], [ 85.2067155, 28.0746688 ], [ 85.2071017, 28.0742381 ], [ 85.2072841, 28.0740772 ], [ 85.2074826, 28.0739399 ], [ 85.2076113, 28.0738973 ], [ 85.2077347, 28.0738926 ], [ 85.2080673, 28.0740156 ], [ 85.2083516, 28.0742333 ], [ 85.2092153, 28.0749623 ], [ 85.2096981, 28.0753362 ], [ 85.2101219, 28.0755728 ], [ 85.2103847, 28.0757006 ], [ 85.2105457, 28.0757243 ], [ 85.2105939, 28.075748 ], [ 85.2107602, 28.0758048 ], [ 85.2109212, 28.0758852 ], [ 85.2109641, 28.0759231 ], [ 85.2109963, 28.0759704 ], [ 85.2110177, 28.0760178 ], [ 85.2110445, 28.0760604 ], [ 85.2110553, 28.0761124 ], [ 85.2110767, 28.0761598 ], [ 85.2111089, 28.0762686 ], [ 85.2111518, 28.0763585 ], [ 85.2112323, 28.0765005 ], [ 85.2112484, 28.0765526 ], [ 85.2113235, 28.0766425 ], [ 85.2113503, 28.0766851 ], [ 85.2114469, 28.0768082 ], [ 85.2114737, 28.0768508 ], [ 85.2115488, 28.0770401 ], [ 85.2115488, 28.0771395 ], [ 85.2115703, 28.0771868 ], [ 85.2116722, 28.0772436 ], [ 85.211699, 28.0772862 ], [ 85.2117205, 28.0773336 ], [ 85.2117687, 28.0773667 ], [ 85.2120155, 28.0773856 ], [ 85.2120691, 28.0773667 ], [ 85.2121013, 28.0773241 ], [ 85.2121335, 28.07722 ], [ 85.2121443, 28.0771679 ], [ 85.2121657, 28.0771206 ], [ 85.2122247, 28.0770259 ], [ 85.2122462, 28.0769739 ], [ 85.2122462, 28.076865 ], [ 85.2122247, 28.0767561 ], [ 85.2122247, 28.0767041 ], [ 85.2122354, 28.076652 ], [ 85.212273, 28.0766141 ], [ 85.212332, 28.0765905 ], [ 85.2125627, 28.0766331 ], [ 85.2127451, 28.0766804 ], [ 85.2128041, 28.0767041 ], [ 85.2129596, 28.0767845 ], [ 85.2130133, 28.0768177 ], [ 85.2130508, 28.076865 ], [ 85.2131313, 28.0769502 ], [ 85.2131849, 28.0769739 ], [ 85.2132279, 28.077007 ], [ 85.2132922, 28.0770212 ], [ 85.2133566, 28.0770212 ], [ 85.2134156, 28.0770165 ], [ 85.2134746, 28.0770023 ], [ 85.2135658, 28.0769928 ], [ 85.2136838, 28.077007 ], [ 85.2137375, 28.0770307 ], [ 85.2137804, 28.0770685 ], [ 85.213834, 28.077149 ], [ 85.213877, 28.0771868 ], [ 85.2139413, 28.0771916 ], [ 85.2140003, 28.0771821 ], [ 85.2140593, 28.0771916 ], [ 85.214113, 28.07722 ], [ 85.2141666, 28.0772578 ], [ 85.2141774, 28.0773099 ], [ 85.2141774, 28.077362 ], [ 85.2141613, 28.0774093 ], [ 85.2140915, 28.0774945 ], [ 85.2139091, 28.0776318 ], [ 85.2139306, 28.0776744 ], [ 85.2139896, 28.0776791 ], [ 85.2140379, 28.0776507 ], [ 85.2141344, 28.0775797 ], [ 85.2142686, 28.0775229 ], [ 85.2143919, 28.077485 ], [ 85.2144617, 28.0774945 ], [ 85.2145046, 28.0775276 ], [ 85.2145153, 28.0775797 ], [ 85.2144831, 28.0777312 ], [ 85.2144617, 28.0779441 ], [ 85.2144456, 28.0779915 ], [ 85.2144241, 28.0780388 ], [ 85.2143329, 28.0781619 ], [ 85.2143168, 28.0782187 ], [ 85.21429, 28.0782613 ], [ 85.2142525, 28.0783606 ], [ 85.214172, 28.0784884 ], [ 85.2141559, 28.078531 ], [ 85.2141452, 28.0785784 ], [ 85.2142203, 28.0785689 ], [ 85.2142739, 28.0785452 ], [ 85.2143222, 28.0785074 ], [ 85.214349, 28.0784506 ], [ 85.2143651, 28.0783985 ], [ 85.2143866, 28.0782944 ], [ 85.2144241, 28.078195 ], [ 85.2144402, 28.0781382 ], [ 85.2144778, 28.0780956 ], [ 85.2145314, 28.078053 ], [ 85.2145851, 28.0780199 ], [ 85.2146387, 28.0779773 ], [ 85.2146923, 28.0779536 ], [ 85.214746, 28.0779205 ], [ 85.2147996, 28.0778968 ], [ 85.2148586, 28.0778873 ], [ 85.2149123, 28.0779063 ], [ 85.2149552, 28.0779394 ], [ 85.2149981, 28.077982 ], [ 85.2150357, 28.0780767 ], [ 85.2150464, 28.0781287 ], [ 85.2150464, 28.0782329 ], [ 85.2150303, 28.0783323 ], [ 85.2149713, 28.0784174 ], [ 85.2149337, 28.0784506 ], [ 85.2148694, 28.078531 ], [ 85.2148586, 28.0785784 ], [ 85.2148479, 28.0787393 ], [ 85.214864, 28.0787819 ], [ 85.2148908, 28.0788292 ], [ 85.2149069, 28.0788813 ], [ 85.2149016, 28.0789333 ], [ 85.2148265, 28.0790706 ], [ 85.2147889, 28.0791085 ], [ 85.2145529, 28.0792647 ], [ 85.2145261, 28.0793073 ], [ 85.2145046, 28.0793593 ], [ 85.2144563, 28.0795818 ], [ 85.2144402, 28.0796291 ], [ 85.2144241, 28.0797427 ], [ 85.2143383, 28.0798705 ], [ 85.2142256, 28.080003 ], [ 85.2141237, 28.0800598 ], [ 85.2140808, 28.0800929 ], [ 85.2140164, 28.0801308 ], [ 85.2138609, 28.0802539 ], [ 85.2138233, 28.0803012 ], [ 85.2135926, 28.0804526 ], [ 85.213539, 28.0804763 ], [ 85.2134907, 28.0805047 ], [ 85.2133244, 28.0805568 ], [ 85.2132064, 28.0806088 ], [ 85.2131635, 28.0806372 ], [ 85.2129918, 28.080694 ], [ 85.2128309, 28.0807413 ], [ 85.2126861, 28.0807981 ], [ 85.2126431, 28.0808218 ], [ 85.2124768, 28.0808833 ], [ 85.2124178, 28.0808928 ], [ 85.2123642, 28.0809117 ], [ 85.2123105, 28.0809165 ], [ 85.2122569, 28.0809307 ], [ 85.2121335, 28.0809401 ], [ 85.2120691, 28.0809307 ], [ 85.2120155, 28.0809307 ], [ 85.2119619, 28.0809449 ], [ 85.2119029, 28.0809496 ], [ 85.2118438, 28.0809638 ], [ 85.2117795, 28.0809638 ], [ 85.2117205, 28.0809496 ], [ 85.2116668, 28.0809259 ], [ 85.2115971, 28.080836 ], [ 85.2115864, 28.0806846 ], [ 85.2116293, 28.0805899 ], [ 85.2116346, 28.0805331 ], [ 85.2116668, 28.0804905 ], [ 85.2117687, 28.0804479 ], [ 85.2118063, 28.08041 ], [ 85.2118331, 28.0803674 ], [ 85.211817, 28.0803106 ], [ 85.2117687, 28.0802917 ], [ 85.2117044, 28.0802917 ], [ 85.21164, 28.0803012 ], [ 85.2115864, 28.080287 ], [ 85.2115059, 28.0801971 ], [ 85.2114576, 28.0801639 ], [ 85.2113879, 28.0801592 ], [ 85.2113235, 28.0801734 ], [ 85.2112806, 28.080216 ], [ 85.2112216, 28.0803012 ], [ 85.2111733, 28.0803296 ], [ 85.2111196, 28.0803438 ], [ 85.2110553, 28.0803532 ], [ 85.2110016, 28.080339 ], [ 85.2109855, 28.0802917 ], [ 85.2109533, 28.0802539 ], [ 85.2108353, 28.0802823 ], [ 85.2107871, 28.0803154 ], [ 85.210728, 28.0803248 ], [ 85.2106315, 28.0802681 ], [ 85.2105671, 28.0801829 ], [ 85.2104223, 28.0801308 ], [ 85.2103633, 28.0801166 ], [ 85.2103096, 28.0800929 ], [ 85.2102721, 28.0800551 ], [ 85.210256, 28.080003 ], [ 85.2102506, 28.0799509 ], [ 85.2102613, 28.0799036 ], [ 85.2103525, 28.079667 ], [ 85.2103794, 28.0796244 ], [ 85.2104706, 28.0795628 ], [ 85.2105617, 28.0795202 ], [ 85.2107334, 28.0794966 ], [ 85.2107871, 28.0794966 ], [ 85.2108461, 28.0795108 ], [ 85.2108997, 28.0795155 ], [ 85.2110231, 28.0794918 ], [ 85.211184, 28.079435 ], [ 85.2115381, 28.0792221 ], [ 85.2116561, 28.079099 ], [ 85.2116936, 28.0790517 ], [ 85.2117419, 28.0790185 ], [ 85.2117848, 28.0789854 ], [ 85.2118546, 28.0789002 ], [ 85.2118868, 28.0788671 ], [ 85.211935, 28.0788482 ], [ 85.2119833, 28.0788245 ], [ 85.2122086, 28.0787819 ], [ 85.2122569, 28.0787677 ], [ 85.2123803, 28.078744 ], [ 85.2124876, 28.0787109 ], [ 85.2125412, 28.0786967 ], [ 85.2126646, 28.0786636 ], [ 85.2127182, 28.0786494 ], [ 85.2127719, 28.0786494 ], [ 85.2128738, 28.0786257 ], [ 85.2129328, 28.078621 ], [ 85.2132064, 28.0785452 ], [ 85.2133191, 28.0785263 ], [ 85.2133834, 28.0784979 ], [ 85.2133298, 28.0784837 ], [ 85.2129972, 28.078479 ], [ 85.2129275, 28.0783938 ], [ 85.2128738, 28.0783796 ], [ 85.2128094, 28.0783748 ], [ 85.2127451, 28.0783701 ], [ 85.2126861, 28.0783512 ], [ 85.2126807, 28.0782991 ], [ 85.2127397, 28.0782802 ], [ 85.2127719, 28.0782423 ], [ 85.2127558, 28.078195 ], [ 85.2127075, 28.0781666 ], [ 85.2126378, 28.0781571 ], [ 85.2125144, 28.0781619 ], [ 85.2124071, 28.078124 ], [ 85.2122891, 28.0781193 ], [ 85.2122247, 28.0781287 ], [ 85.2119887, 28.0782139 ], [ 85.2119297, 28.0782281 ], [ 85.2118707, 28.0782565 ], [ 85.211817, 28.0782707 ], [ 85.2117526, 28.0782849 ], [ 85.2117044, 28.0783181 ], [ 85.2116722, 28.0783654 ], [ 85.2116239, 28.0783938 ], [ 85.2115542, 28.0784032 ], [ 85.2114952, 28.0783985 ], [ 85.2114415, 28.0783748 ], [ 85.2113718, 28.0783701 ], [ 85.2112967, 28.0783796 ], [ 85.2112269, 28.0784032 ], [ 85.2111947, 28.0784506 ], [ 85.2111947, 28.0785074 ], [ 85.2112269, 28.07855 ], [ 85.2113396, 28.0785642 ], [ 85.2113879, 28.0785878 ], [ 85.2114093, 28.0786352 ], [ 85.211404, 28.078692 ], [ 85.2113771, 28.0787346 ], [ 85.2113825, 28.0787866 ], [ 85.2114147, 28.078834 ], [ 85.2114576, 28.0788671 ], [ 85.2115059, 28.0788955 ], [ 85.211581, 28.0790233 ], [ 85.2115381, 28.0791227 ], [ 85.2114093, 28.0792126 ], [ 85.2113771, 28.0792552 ], [ 85.2112913, 28.0793309 ], [ 85.2111733, 28.0793688 ], [ 85.2109694, 28.0794019 ], [ 85.2107817, 28.079454 ], [ 85.2107173, 28.079454 ], [ 85.2105993, 28.0794729 ], [ 85.2104169, 28.0795344 ], [ 85.2103686, 28.0795581 ], [ 85.210315, 28.0795818 ], [ 85.210256, 28.0796149 ], [ 85.210095, 28.0796622 ], [ 85.2099931, 28.0796007 ], [ 85.2099609, 28.0795486 ], [ 85.2099395, 28.0794398 ], [ 85.2099395, 28.0793877 ], [ 85.2098751, 28.0792978 ], [ 85.2098215, 28.0792836 ], [ 85.2096927, 28.0792883 ], [ 85.2096444, 28.0792647 ], [ 85.2095908, 28.0791179 ], [ 85.2095586, 28.0790706 ], [ 85.209505, 28.0790422 ], [ 85.2094459, 28.0790327 ], [ 85.2093869, 28.0790375 ], [ 85.2093869, 28.0790943 ], [ 85.2093601, 28.0791511 ], [ 85.2093494, 28.0792079 ], [ 85.2092904, 28.0792363 ], [ 85.2092314, 28.0792457 ], [ 85.2091616, 28.0792363 ], [ 85.2090973, 28.0792363 ], [ 85.2090383, 28.0792552 ], [ 85.20899, 28.0792883 ], [ 85.2089363, 28.0793357 ], [ 85.2089041, 28.0793783 ], [ 85.2088827, 28.079435 ], [ 85.2088773, 28.0794871 ], [ 85.2088559, 28.0795912 ], [ 85.20877, 28.0796812 ], [ 85.2087271, 28.0797238 ], [ 85.2087164, 28.0797806 ], [ 85.2087164, 28.0798374 ], [ 85.2087539, 28.0798799 ], [ 85.2088022, 28.0799178 ], [ 85.2088451, 28.0799415 ], [ 85.2088559, 28.0799935 ], [ 85.2088237, 28.0800456 ], [ 85.20877, 28.0800787 ], [ 85.208711, 28.0801071 ], [ 85.2086949, 28.0801687 ], [ 85.2087218, 28.0802255 ], [ 85.2087271, 28.0802775 ], [ 85.2087593, 28.0802917 ], [ 85.2087808, 28.080339 ], [ 85.2087647, 28.0803958 ], [ 85.2087325, 28.0804384 ], [ 85.2086842, 28.0804716 ], [ 85.2086198, 28.0804858 ], [ 85.2085662, 28.0805142 ], [ 85.2085447, 28.0805662 ], [ 85.2085125, 28.0806088 ], [ 85.2084589, 28.080642 ], [ 85.2083999, 28.0806467 ], [ 85.2082765, 28.0806467 ], [ 85.2082229, 28.080623 ], [ 85.2081907, 28.0805852 ], [ 85.2081799, 28.0805331 ], [ 85.2082282, 28.0804479 ], [ 85.2082443, 28.0804006 ], [ 85.2082282, 28.0803438 ], [ 85.2081799, 28.0803059 ], [ 85.2081102, 28.0803059 ], [ 85.2080512, 28.0803201 ], [ 85.2079922, 28.0803438 ], [ 85.20796, 28.0803958 ], [ 85.2078903, 28.0805426 ], [ 85.2078474, 28.0805804 ], [ 85.2077937, 28.0806041 ], [ 85.2077347, 28.0806183 ], [ 85.2076167, 28.0806467 ], [ 85.207563, 28.0806325 ], [ 85.2074665, 28.080571 ], [ 85.2074397, 28.0805284 ], [ 85.2074772, 28.0804858 ], [ 85.2075255, 28.0804763 ], [ 85.2075791, 28.0804621 ], [ 85.2076703, 28.08041 ], [ 85.2077508, 28.080339 ], [ 85.2077776, 28.0803012 ], [ 85.2078474, 28.080216 ], [ 85.2079385, 28.0801497 ], [ 85.2079868, 28.0801166 ], [ 85.2080566, 28.0800361 ], [ 85.2082336, 28.0798374 ], [ 85.2084374, 28.0795676 ], [ 85.2085125, 28.0794918 ], [ 85.2085823, 28.0794066 ], [ 85.2086574, 28.0793357 ], [ 85.2087003, 28.079312 ], [ 85.2087808, 28.079241 ], [ 85.2088076, 28.0791937 ], [ 85.2088344, 28.0791558 ], [ 85.2089149, 28.079028 ], [ 85.2089417, 28.0789901 ], [ 85.209049, 28.0787298 ], [ 85.2090758, 28.0786872 ], [ 85.2091134, 28.0786541 ], [ 85.2091616, 28.0786352 ], [ 85.2092743, 28.0786304 ], [ 85.2094352, 28.0785784 ], [ 85.2096122, 28.0784411 ], [ 85.2096981, 28.0783654 ], [ 85.209741, 28.0783228 ], [ 85.2097893, 28.0782944 ], [ 85.2098429, 28.0782707 ], [ 85.2098858, 28.0782471 ], [ 85.2099502, 28.0781619 ], [ 85.2099931, 28.0780672 ], [ 85.2100414, 28.0778637 ], [ 85.2100897, 28.0777595 ], [ 85.2101326, 28.0777264 ], [ 85.2102721, 28.077627 ], [ 85.2103311, 28.0775182 ], [ 85.2104813, 28.0774282 ], [ 85.2106476, 28.0773762 ], [ 85.2107012, 28.0773714 ], [ 85.2107656, 28.0773667 ], [ 85.2109426, 28.0773809 ], [ 85.2111089, 28.0773856 ], [ 85.2111411, 28.077343 ], [ 85.2110875, 28.0773194 ], [ 85.2109533, 28.0773146 ], [ 85.2108246, 28.0773336 ], [ 85.2107602, 28.0773383 ], [ 85.2105188, 28.0773762 ], [ 85.2104598, 28.0773762 ], [ 85.2103686, 28.0773099 ], [ 85.2103096, 28.0772105 ], [ 85.210256, 28.0771963 ], [ 85.2099287, 28.0772531 ], [ 85.2097893, 28.0771679 ], [ 85.2096927, 28.07722 ], [ 85.2096391, 28.0772342 ], [ 85.2095693, 28.0772294 ], [ 85.209521, 28.077201 ], [ 85.2094513, 28.0771348 ], [ 85.2093977, 28.0771206 ], [ 85.2093387, 28.07713 ], [ 85.2092153, 28.0772484 ], [ 85.2091616, 28.0772815 ], [ 85.2091026, 28.0772957 ], [ 85.209049, 28.0773241 ], [ 85.2088827, 28.0773856 ], [ 85.2087539, 28.0773998 ], [ 85.2085769, 28.0773809 ], [ 85.2084804, 28.0773241 ], [ 85.2084428, 28.0772815 ], [ 85.2084213, 28.0772294 ], [ 85.2083892, 28.0771868 ], [ 85.2083248, 28.0771774 ], [ 85.2082711, 28.0772058 ], [ 85.2082443, 28.0772484 ], [ 85.208239, 28.0773004 ], [ 85.2082336, 28.0773525 ], [ 85.2082068, 28.0773998 ], [ 85.2081263, 28.077485 ], [ 85.2080673, 28.077504 ], [ 85.2080029, 28.0774992 ], [ 85.2079385, 28.0774945 ], [ 85.2077186, 28.0774235 ], [ 85.2075952, 28.0774235 ], [ 85.2075469, 28.0774519 ], [ 85.207445, 28.0774377 ], [ 85.2074236, 28.0773904 ], [ 85.2074236, 28.077343 ], [ 85.207445, 28.0773052 ], [ 85.2075469, 28.077272 ], [ 85.207606, 28.0772673 ], [ 85.2077132, 28.0772389 ], [ 85.2077615, 28.0772105 ], [ 85.2078044, 28.0771632 ], [ 85.2078205, 28.0771158 ], [ 85.2077937, 28.0770733 ], [ 85.2077562, 28.0770307 ], [ 85.2077401, 28.0769833 ], [ 85.2077508, 28.0769313 ], [ 85.2078259, 28.0768461 ], [ 85.2078152, 28.076794 ], [ 85.2077669, 28.0767656 ], [ 85.2077025, 28.0767561 ], [ 85.2075952, 28.076794 ], [ 85.2075362, 28.0767987 ], [ 85.2074879, 28.0767751 ], [ 85.2074665, 28.0767277 ], [ 85.2074879, 28.0766851 ], [ 85.2075309, 28.0766567 ], [ 85.2076435, 28.0766378 ], [ 85.2077025, 28.0766473 ], [ 85.2077615, 28.0766141 ], [ 85.2078205, 28.0765763 ], [ 85.2078474, 28.0765384 ], [ 85.2077991, 28.0765053 ], [ 85.2077347, 28.0765053 ], [ 85.2075952, 28.0765195 ], [ 85.2075416, 28.0764911 ], [ 85.2075255, 28.0764437 ], [ 85.2075309, 28.0763302 ], [ 85.2075523, 28.0762923 ], [ 85.2075952, 28.0762639 ], [ 85.2076328, 28.0762071 ], [ 85.2076864, 28.0761976 ], [ 85.207783, 28.0761598 ], [ 85.2078205, 28.0761219 ], [ 85.2078259, 28.0760746 ], [ 85.2078205, 28.0760178 ], [ 85.2078259, 28.0759657 ], [ 85.2078634, 28.0759278 ], [ 85.2079117, 28.07589 ], [ 85.2079225, 28.0758379 ], [ 85.2078903, 28.0758 ], [ 85.2078259, 28.0757906 ], [ 85.2077669, 28.0757906 ], [ 85.2077347, 28.0758379 ], [ 85.2077186, 28.07589 ], [ 85.2076864, 28.0759326 ], [ 85.207504, 28.0759042 ], [ 85.2074665, 28.0758663 ], [ 85.2074772, 28.0758142 ], [ 85.2074987, 28.0757716 ], [ 85.2075094, 28.0757243 ], [ 85.2074557, 28.0757054 ], [ 85.207386, 28.0757054 ], [ 85.2073216, 28.0757006 ], [ 85.2071929, 28.0756959 ], [ 85.2071392, 28.0756722 ], [ 85.2070802, 28.0756912 ], [ 85.2069837, 28.0757622 ], [ 85.2069515, 28.0758048 ], [ 85.2068603, 28.0758663 ], [ 85.2067369, 28.0759089 ], [ 85.2066189, 28.0758758 ], [ 85.2065545, 28.0758663 ], [ 85.2064955, 28.0758663 ], [ 85.206297, 28.0759278 ], [ 85.2061254, 28.0750995 ] ] ] } },
{ "type": "Feature", "properties": { "id": "way/911230948", "name": null, "name_en": null, "name_ne": null, "status": "Standing", "leisure": null, "landuse": null, "natural": "grassland", "amenity": null, "place": null, "surface": null, "access": null, "operator": null, "source": null, "adm0_pcode": "NPL", "adm0_name": "Nepal", "adm1_pcode": "NP03", "adm1_name": "Bagmati", "adm2_pcode": "NP0329", "adm2_name": "Rasuwa", "adm3_pcode": "NP0329404", "adm3_name": "Kalika", "adm4_pcode": null, "adm4_name": null, "name_latin": null }, "geometry": { "type": "Polygon", "coordinates": [ [ [ 85.2161998, 28.0800125 ], [ 85.2162024, 28.079958 ], [ 85.2162507, 28.079861 ], [ 85.2162695, 28.0798397 ], [ 85.2162936, 28.0798231 ], [ 85.2163768, 28.0797758 ], [ 85.2164063, 28.0797616 ], [ 85.2164277, 28.079738 ], [ 85.2164599, 28.0797261 ], [ 85.2165243, 28.0797143 ], [ 85.2165431, 28.0797309 ], [ 85.2165484, 28.0797853 ], [ 85.2165377, 28.0798113 ], [ 85.2164894, 28.0798776 ], [ 85.2164465, 28.0799225 ], [ 85.2163795, 28.0799675 ], [ 85.2163687, 28.0799888 ], [ 85.2163607, 28.0800125 ], [ 85.2163741, 28.0800338 ], [ 85.2164251, 28.0800598 ], [ 85.2164492, 28.0800787 ], [ 85.2164599, 28.0801024 ], [ 85.2164626, 28.0801568 ], [ 85.2164707, 28.0801829 ], [ 85.2164921, 28.0802018 ], [ 85.2165163, 28.0802136 ], [ 85.2165458, 28.0802042 ], [ 85.2167308, 28.0800811 ], [ 85.2167603, 28.0800645 ], [ 85.2167872, 28.0800574 ], [ 85.2168703, 28.0800148 ], [ 85.2169239, 28.0799841 ], [ 85.2169508, 28.0799391 ], [ 85.2169561, 28.0799131 ], [ 85.2169561, 28.079887 ], [ 85.2169481, 28.079861 ], [ 85.21694, 28.079809 ], [ 85.2169481, 28.0797569 ], [ 85.2169669, 28.079738 ], [ 85.2170661, 28.079719 ], [ 85.2170929, 28.0797309 ], [ 85.2171198, 28.0797403 ], [ 85.217341, 28.0799438 ], [ 85.2174671, 28.0800929 ], [ 85.2175046, 28.0801568 ], [ 85.2175127, 28.0801781 ], [ 85.2175127, 28.0802302 ], [ 85.2175046, 28.0802775 ], [ 85.2174912, 28.0802988 ], [ 85.2174322, 28.0803651 ], [ 85.2173652, 28.0804148 ], [ 85.2173196, 28.0804408 ], [ 85.2172391, 28.0804763 ], [ 85.2171452, 28.0805355 ], [ 85.2170943, 28.0805591 ], [ 85.2170701, 28.0805662 ], [ 85.217046, 28.0805757 ], [ 85.216928, 28.0805899 ], [ 85.2168663, 28.0805899 ], [ 85.2167751, 28.0805804 ], [ 85.2166839, 28.0805662 ], [ 85.2165632, 28.0805686 ], [ 85.2164613, 28.0806041 ], [ 85.2164398, 28.0806183 ], [ 85.2163888, 28.0806325 ], [ 85.2163298, 28.0806372 ], [ 85.2163057, 28.080623 ], [ 85.2162869, 28.0806017 ], [ 85.2162628, 28.080526 ], [ 85.2162695, 28.0804763 ], [ 85.216299, 28.0804077 ], [ 85.216299, 28.0803485 ], [ 85.2162695, 28.0803012 ], [ 85.2162534, 28.0802515 ], [ 85.2162454, 28.0802255 ], [ 85.2162722, 28.0801781 ], [ 85.2162695, 28.0801521 ], [ 85.2162454, 28.0801071 ], [ 85.2162105, 28.0800645 ], [ 85.2161998, 28.0800125 ] ] ] } },
{ "type": "Feature", "properties": { "id": "way/911230949", "name": null, "name_en": null, "name_ne": null, "status": "Standing", "leisure": null, "landuse": null, "natural": "grassland", "amenity": null, "place": null, "surface": null, "access": null, "operator": null, "source": null, "adm0_pcode": "NPL", "adm0_name": "Nepal", "adm1_pcode": "NP03", "adm1_name": "Bagmati", "adm2_pcode": "NP0329", "adm2_name": "Rasuwa", "adm3_pcode": "NP0329404", "adm3_name": "Kalika", "adm4_pcode": null, "adm4_name": null, "name_latin": null }, "geometry": { "type": "Polygon", "coordinates": [ [ [ 85.2145341, 28.083122 ], [ 85.2145421, 28.0831007 ], [ 85.2145717, 28.083096 ], [ 85.2146253, 28.0831078 ], [ 85.2146763, 28.0831386 ], [ 85.214695, 28.0831551 ], [ 85.2147353, 28.083219 ], [ 85.2147675, 28.08329 ], [ 85.2148318, 28.0833539 ], [ 85.2148452, 28.0833799 ], [ 85.2148721, 28.0833918 ], [ 85.2149391, 28.0833752 ], [ 85.2149633, 28.0833586 ], [ 85.2150089, 28.0832237 ], [ 85.2150142, 28.0831386 ], [ 85.2150464, 28.0829847 ], [ 85.2150357, 28.0829611 ], [ 85.2150062, 28.082954 ], [ 85.214974, 28.0829729 ], [ 85.2149042, 28.0830463 ], [ 85.214856, 28.0830841 ], [ 85.2148265, 28.0830936 ], [ 85.214805, 28.0830794 ], [ 85.2147728, 28.0830699 ], [ 85.2147567, 28.083051 ], [ 85.2147514, 28.0829942 ], [ 85.2147996, 28.0828806 ], [ 85.2148265, 28.0827694 ], [ 85.2148399, 28.0827481 ], [ 85.214864, 28.0825611 ], [ 85.2148962, 28.0824357 ], [ 85.2149284, 28.08236 ], [ 85.2151269, 28.081979 ], [ 85.21521, 28.081934 ], [ 85.2152744, 28.0818488 ], [ 85.2152771, 28.0817897 ], [ 85.2152556, 28.0817376 ], [ 85.2152368, 28.0817163 ], [ 85.21521, 28.081643 ], [ 85.215202, 28.0815554 ], [ 85.2152073, 28.0815033 ], [ 85.2152207, 28.081456 ], [ 85.2153146, 28.0813093 ], [ 85.2153254, 28.0812336 ], [ 85.2153763, 28.0811744 ], [ 85.215438, 28.0811223 ], [ 85.215497, 28.0811034 ], [ 85.215556, 28.0811034 ], [ 85.2156123, 28.081075 ], [ 85.2156579, 28.080978 ], [ 85.2156901, 28.0809354 ], [ 85.2157438, 28.0809425 ], [ 85.2157652, 28.0809614 ], [ 85.2157921, 28.081004 ], [ 85.2157813, 28.0811484 ], [ 85.2157974, 28.0812052 ], [ 85.2158269, 28.0812525 ], [ 85.2158484, 28.0812714 ], [ 85.2158725, 28.0812856 ], [ 85.2159262, 28.0812951 ], [ 85.2159744, 28.0812691 ], [ 85.2160522, 28.0811034 ], [ 85.2161166, 28.0809969 ], [ 85.2161622, 28.0809543 ], [ 85.2162266, 28.0809259 ], [ 85.2163714, 28.0808857 ], [ 85.2165672, 28.0808668 ], [ 85.2165967, 28.0808668 ], [ 85.2166665, 28.0809094 ], [ 85.2167228, 28.0809094 ], [ 85.2167791, 28.0808857 ], [ 85.216822, 28.0808289 ], [ 85.2169105, 28.0807626 ], [ 85.2169669, 28.0807366 ], [ 85.2171037, 28.080694 ], [ 85.2172136, 28.080668 ], [ 85.2176508, 28.0806183 ], [ 85.2177045, 28.0805994 ], [ 85.2178037, 28.0805875 ], [ 85.2180183, 28.0809307 ], [ 85.2180505, 28.0809733 ], [ 85.2181256, 28.0810443 ], [ 85.2182168, 28.0811815 ], [ 85.2182651, 28.0812714 ], [ 85.2183616, 28.0813898 ], [ 85.2186781, 28.0816737 ], [ 85.2187103, 28.0817163 ], [ 85.2187854, 28.0817921 ], [ 85.2189195, 28.0818772 ], [ 85.2190268, 28.0820003 ], [ 85.219118, 28.0820618 ], [ 85.2192253, 28.082095 ], [ 85.2192682, 28.0821281 ], [ 85.2192897, 28.0821802 ], [ 85.2192843, 28.0822843 ], [ 85.2192736, 28.0823363 ], [ 85.2192306, 28.0824357 ], [ 85.2191073, 28.0826676 ], [ 85.2189463, 28.0828901 ], [ 85.2189034, 28.0829327 ], [ 85.2188498, 28.0829705 ], [ 85.2187747, 28.0830605 ], [ 85.2187264, 28.0830889 ], [ 85.2186674, 28.0831078 ], [ 85.2185279, 28.0832356 ], [ 85.2184743, 28.0832687 ], [ 85.2184367, 28.083316 ], [ 85.2184153, 28.0833634 ], [ 85.2183187, 28.0835101 ], [ 85.2182651, 28.0835432 ], [ 85.218206, 28.0835432 ], [ 85.2181417, 28.0835527 ], [ 85.2180773, 28.0835716 ], [ 85.2180183, 28.0836 ], [ 85.217793, 28.083671 ], [ 85.2175838, 28.0838083 ], [ 85.2175194, 28.0838982 ], [ 85.2171975, 28.0842484 ], [ 85.2170473, 28.0843336 ], [ 85.2169883, 28.0843573 ], [ 85.2166557, 28.084575 ], [ 85.2163392, 28.0847548 ], [ 85.2160871, 28.0848779 ], [ 85.2160013, 28.0848968 ], [ 85.2156955, 28.0849228 ], [ 85.215666, 28.0849299 ], [ 85.2155909, 28.0849772 ], [ 85.2154809, 28.0851192 ], [ 85.2153656, 28.0851737 ], [ 85.2152985, 28.085176 ], [ 85.2151591, 28.0852092 ], [ 85.2151, 28.0852115 ], [ 85.2150679, 28.0852068 ], [ 85.214982, 28.0851618 ], [ 85.2149659, 28.0851121 ], [ 85.2149686, 28.0850648 ], [ 85.2149391, 28.0850175 ], [ 85.2148855, 28.0849536 ], [ 85.2148399, 28.0848447 ], [ 85.2148372, 28.0847927 ], [ 85.214864, 28.0847501 ], [ 85.2148908, 28.0847382 ], [ 85.2149069, 28.0847169 ], [ 85.2149284, 28.0846412 ], [ 85.2149579, 28.0845915 ], [ 85.2150518, 28.0844945 ], [ 85.2151027, 28.0843833 ], [ 85.2151027, 28.0843549 ], [ 85.2150571, 28.0843241 ], [ 85.2149767, 28.0842957 ], [ 85.2149579, 28.0842792 ], [ 85.214923, 28.0842247 ], [ 85.2146789, 28.0840591 ], [ 85.2146897, 28.0840378 ], [ 85.2147192, 28.0840307 ], [ 85.2147755, 28.0840402 ], [ 85.2149096, 28.0841277 ], [ 85.2149659, 28.084149 ], [ 85.2149954, 28.0841395 ], [ 85.2150035, 28.0841182 ], [ 85.2150008, 28.0840875 ], [ 85.2149552, 28.0840189 ], [ 85.2148774, 28.0839455 ], [ 85.2148372, 28.0837846 ], [ 85.2147835, 28.0836544 ], [ 85.2145743, 28.0832995 ], [ 85.2145395, 28.0831741 ], [ 85.2145341, 28.083122 ] ] ] } },
{ "type": "Feature", "properties": { "id": "way/911230947", "name": null, "name_en": null, "name_ne": null, "status": "Standing", "leisure": null, "landuse": null, "natural": "grassland", "amenity": null, "place": null, "surface": null, "access": null, "operator": null, "source": null, "adm0_pcode": "NPL", "adm0_name": "Nepal", "adm1_pcode": "NP03", "adm1_name": "Bagmati", "adm2_pcode": "NP0329", "adm2_name": "Rasuwa", "adm3_pcode": "NP0329404", "adm3_name": "Kalika", "adm4_pcode": null, "adm4_name": null, "name_latin": null }, "geometry": { "type": "Polygon", "coordinates": [ [ [ 85.2134585, 28.0819672 ], [ 85.2135497, 28.0816359 ], [ 85.2135712, 28.0815791 ], [ 85.2136409, 28.0814844 ], [ 85.2137107, 28.0813235 ], [ 85.213775, 28.0812241 ], [ 85.2138126, 28.0811815 ], [ 85.2138287, 28.0811247 ], [ 85.2138662, 28.0810253 ], [ 85.2139038, 28.0809875 ], [ 85.2139789, 28.0808123 ], [ 85.2140701, 28.0806846 ], [ 85.2141774, 28.0805946 ], [ 85.2144027, 28.0804526 ], [ 85.2145046, 28.0803532 ], [ 85.2145475, 28.0803722 ], [ 85.2145368, 28.0804384 ], [ 85.2144885, 28.0805142 ], [ 85.2144188, 28.0805994 ], [ 85.2143705, 28.0806846 ], [ 85.2143651, 28.0807319 ], [ 85.2143812, 28.0807792 ], [ 85.2144402, 28.0807981 ], [ 85.2145153, 28.0808029 ], [ 85.214628, 28.0807555 ], [ 85.2146709, 28.0807177 ], [ 85.2147031, 28.0806751 ], [ 85.214746, 28.0806372 ], [ 85.2147728, 28.0805899 ], [ 85.2148157, 28.080552 ], [ 85.2148694, 28.0805189 ], [ 85.2149284, 28.0805 ], [ 85.2149874, 28.0805 ], [ 85.2150464, 28.0805142 ], [ 85.2150947, 28.0806136 ], [ 85.2151054, 28.0806656 ], [ 85.2151054, 28.080765 ], [ 85.215041, 28.0810159 ], [ 85.2149445, 28.0811768 ], [ 85.2147567, 28.0813898 ], [ 85.2144402, 28.0816737 ], [ 85.2142149, 28.0818063 ], [ 85.2135283, 28.0820287 ], [ 85.2134693, 28.082005 ], [ 85.2134585, 28.0819672 ] ] ] } },
{ "type": "Feature", "properties": { "id": "way/755074663", "name": "football ground/paila ko pokhari", "name_en": null, "name_ne": null, "status": "Standing", "leisure": "pitch", "landuse": null, "natural": null, "amenity": null, "place": null, "surface": null, "access": null, "operator": null, "source": null, "adm0_pcode": "NPL", "adm0_name": "Nepal", "adm1_pcode": "NP03", "adm1_name": "Bagmati", "adm2_pcode": "NP0328", "adm2_name": "Nuwakot", "adm3_pcode": "NP0328301", "adm3_name": "Bidur", "adm4_pcode": null, "adm4_name": null, "name_latin": "football ground/paila ko pokhari" }, "geometry": { "type": "Polygon", "coordinates": [ [ [ 85.1404998, 27.8923521 ], [ 85.1413017, 27.892051 ], [ 85.141468, 27.8924446 ], [ 85.1406634, 27.8927361 ], [ 85.1406322, 27.8926662 ], [ 85.1404998, 27.8923521 ] ] ] } },
{ "type": "Feature", "properties": { "id": "way/1554049802", "name": null, "name_en": null, "name_ne": null, "status": "Standing", "leisure": null, "landuse": "grass", "natural": null, "amenity": null, "place": null, "surface": null, "access": null, "operator": null, "source": null, "adm0_pcode": "NPL", "adm0_name": "Nepal", "adm1_pcode": "NP03", "adm1_name": "Bagmati", "adm2_pcode": "NP0329", "adm2_name": "Rasuwa", "adm3_pcode": "NP0329402", "adm3_name": "Gosaikunda", "adm4_pcode": null, "adm4_name": null, "name_latin": null }, "geometry": { "type": "Polygon", "coordinates": [ [ [ 85.3694263, 28.2534304 ], [ 85.36948, 28.2531386 ], [ 85.369606, 28.2531268 ], [ 85.369657, 28.2533488 ], [ 85.3696476, 28.2534764 ], [ 85.3695644, 28.2535237 ], [ 85.3694263, 28.2534304 ] ] ] } },
{ "type": "Feature", "properties": { "id": "way/342132784", "name": "Bagua Bazar", "name_en": null, "name_ne": null, "status": "Standing", "leisure": null, "landuse": null, "natural": null, "amenity": "marketplace", "place": null, "surface": null, "access": null, "operator": null, "source": "CNES, Airbus DS, 2014-04-27", "adm0_pcode": "NPL", "adm0_name": "Nepal", "adm1_pcode": "NP03", "adm1_name": "Bagmati", "adm2_pcode": "NP0328", "adm2_name": "Nuwakot", "adm3_pcode": "NP0328301", "adm3_name": "Bidur", "adm4_pcode": null, "adm4_name": null, "name_latin": "Bagua Bazar" }, "geometry": { "type": "Polygon", "coordinates": [ [ [ 85.1363172, 27.9258871 ], [ 85.1364687, 27.9256254 ], [ 85.1365455, 27.9255195 ], [ 85.1367671, 27.9252958 ], [ 85.1370511, 27.9250169 ], [ 85.1372182, 27.9248936 ], [ 85.1373702, 27.9248756 ], [ 85.13749, 27.9249155 ], [ 85.1376234, 27.9250893 ], [ 85.1376205, 27.9251487 ], [ 85.137533, 27.9252271 ], [ 85.1371954, 27.9254323 ], [ 85.137037, 27.9256051 ], [ 85.1368176, 27.9258501 ], [ 85.136752, 27.9259525 ], [ 85.1366568, 27.9260546 ], [ 85.1365593, 27.9260003 ], [ 85.1363172, 27.9258871 ] ] ] } },
{ "type": "Feature", "properties": { "id": "way/302755354", "name": null, "name_en": null, "name_ne": null, "status": "Standing", "leisure": null, "landuse": null, "natural": "sand", "amenity": null, "place": null, "surface": null, "access": null, "operator": null, "source": null, "adm0_pcode": "NPL", "adm0_name": "Nepal", "adm1_pcode": "NP03", "adm1_name": "Bagmati", "adm2_pcode": "NP0328", "adm2_name": "Nuwakot", "adm3_pcode": "NP0328302", "adm3_name": "Belkotgadhi", "adm4_pcode": null, "adm4_name": null, "name_latin": null }, "geometry": { "type": "Polygon", "coordinates": [ [ [ 85.0189321, 27.8433162 ], [ 85.0190904, 27.8433837 ], [ 85.0192515, 27.8434062 ], [ 85.0194493, 27.8434387 ], [ 85.0196754, 27.8434537 ], [ 85.0198703, 27.8434412 ], [ 85.0200625, 27.8434287 ], [ 85.0203112, 27.8434312 ], [ 85.020557, 27.8434562 ], [ 85.0207633, 27.8435386 ], [ 85.0209499, 27.8436586 ], [ 85.0212014, 27.8439359 ], [ 85.0213709, 27.8441433 ], [ 85.0215716, 27.8443732 ], [ 85.0216592, 27.8445381 ], [ 85.0216874, 27.8446856 ], [ 85.0216902, 27.844863 ], [ 85.0216902, 27.8450179 ], [ 85.0217383, 27.8451528 ], [ 85.02184, 27.8452728 ], [ 85.0220039, 27.8453627 ], [ 85.0222526, 27.8454427 ], [ 85.0225606, 27.8455201 ], [ 85.0221366, 27.8454558 ], [ 85.0219381, 27.8454653 ], [ 85.0216806, 27.8455459 ], [ 85.0214201, 27.8456823 ], [ 85.0212622, 27.845655 ], [ 85.020951, 27.8455933 ], [ 85.0206745, 27.8453977 ], [ 85.020479, 27.8452091 ], [ 85.0203502, 27.8450811 ], [ 85.0202537, 27.8450811 ], [ 85.0201786, 27.845119 ], [ 85.0201517, 27.8451617 ], [ 85.0201756, 27.8452174 ], [ 85.0199586, 27.845157 ], [ 85.0198567, 27.8451095 ], [ 85.0197464, 27.8448664 ], [ 85.0196475, 27.8447538 ], [ 85.0194865, 27.8446494 ], [ 85.0193953, 27.844436 ], [ 85.0191671, 27.8439889 ], [ 85.0189321, 27.8433162 ] ] ] } },
{ "type": "Feature", "properties": { "id": "way/1550524837", "name": null, "name_en": null, "name_ne": null, "status": "Standing", "leisure": null, "landuse": null, "natural": "sand", "amenity": null, "place": null, "surface": null, "access": null, "operator": null, "source": null, "adm0_pcode": "NPL", "adm0_name": "Nepal", "adm1_pcode": "NP03", "adm1_name": "Bagmati", "adm2_pcode": "NP0330", "adm2_name": "Dhading", "adm3_pcode": "NP0330408", "adm3_name": "Benighat Rorang", "adm4_pcode": null, "adm4_name": null, "name_latin": null }, "geometry": { "type": "Polygon", "coordinates": [ [ [ 84.698123, 27.8087197 ], [ 84.6983352, 27.8086854 ], [ 84.698574, 27.8086367 ], [ 84.6988373, 27.8085717 ], [ 84.6990332, 27.8085103 ], [ 84.6991638, 27.8084435 ], [ 84.6992904, 27.8083659 ], [ 84.6993965, 27.8083226 ], [ 84.6995618, 27.8082775 ], [ 84.6996883, 27.8082576 ], [ 84.6999455, 27.8082359 ], [ 84.7002251, 27.8082107 ], [ 84.7003924, 27.8081782 ], [ 84.7005435, 27.8081312 ], [ 84.7008333, 27.8080283 ], [ 84.7012108, 27.8079002 ], [ 84.7015966, 27.8078207 ], [ 84.7017843, 27.8077846 ], [ 84.7020946, 27.8077287 ], [ 84.7022803, 27.8077305 ], [ 84.7024782, 27.8077955 ], [ 84.7026313, 27.8078911 ], [ 84.7027599, 27.8079507 ], [ 84.7029783, 27.807985 ], [ 84.7032599, 27.8079724 ], [ 84.7036477, 27.8079345 ], [ 84.7040681, 27.8078803 ], [ 84.7043599, 27.8078568 ], [ 84.7046375, 27.8078406 ], [ 84.7048824, 27.807837 ], [ 84.7050559, 27.8078334 ], [ 84.7052314, 27.8078243 ], [ 84.7049938, 27.8079476 ], [ 84.7040941, 27.8081002 ], [ 84.7025721, 27.8083019 ], [ 84.701352, 27.8084817 ], [ 84.7007173, 27.8084654 ], [ 84.7002736, 27.8084218 ], [ 84.6999162, 27.8084218 ], [ 84.6995034, 27.8084599 ], [ 84.6991521, 27.8085689 ], [ 84.6985729, 27.8087215 ], [ 84.698123, 27.8087197 ] ] ] } },
{ "type": "Feature", "properties": { "id": "way/341332131", "name": null, "name_en": null, "name_ne": null, "status": "Standing", "leisure": "pitch", "landuse": null, "natural": null, "amenity": null, "place": null, "surface": null, "access": null, "operator": null, "source": null, "adm0_pcode": "NPL", "adm0_name": "Nepal", "adm1_pcode": "NP03", "adm1_name": "Bagmati", "adm2_pcode": "NP0328", "adm2_name": "Nuwakot", "adm3_pcode": "NP0328301", "adm3_name": "Bidur", "adm4_pcode": null, "adm4_name": null, "name_latin": null }, "geometry": { "type": "Polygon", "coordinates": [ [ [ 85.1128969, 27.8634458 ], [ 85.113286, 27.8631043 ], [ 85.1138712, 27.8636255 ], [ 85.1134821, 27.8639669 ], [ 85.1128969, 27.8634458 ] ] ] } },
{ "type": "Feature", "properties": { "id": "way/303728083", "name": null, "name_en": null, "name_ne": null, "status": "Standing", "leisure": null, "landuse": null, "natural": "sand", "amenity": null, "place": null, "surface": null, "access": null, "operator": null, "source": null, "adm0_pcode": "NPL", "adm0_name": "Nepal", "adm1_pcode": "NP03", "adm1_name": "Bagmati", "adm2_pcode": "NP0328", "adm2_name": "Nuwakot", "adm3_pcode": "NP0328302", "adm3_name": "Belkotgadhi", "adm4_pcode": null, "adm4_name": null, "name_latin": null }, "geometry": { "type": "Polygon", "coordinates": [ [ [ 85.1130261, 27.8576409 ], [ 85.1130733, 27.8575733 ], [ 85.113069, 27.8575271 ], [ 85.1130927, 27.8574283 ], [ 85.1132514, 27.8573279 ], [ 85.1134124, 27.8572575 ], [ 85.1134969, 27.8572496 ], [ 85.1135797, 27.8572528 ], [ 85.1136484, 27.8572812 ], [ 85.1137039, 27.8573287 ], [ 85.1137342, 27.857395 ], [ 85.1136054, 27.8574465 ], [ 85.113364, 27.857494 ], [ 85.1131763, 27.8576552 ], [ 85.1131519, 27.8577283 ], [ 85.1130957, 27.8577879 ], [ 85.1130261, 27.8578598 ], [ 85.1130498, 27.8577835 ], [ 85.1130261, 27.8576409 ] ] ] } },
{ "type": "Feature", "properties": { "id": "way/1553138020", "name": null, "name_en": null, "name_ne": null, "status": "Destroyed", "leisure": "pitch", "landuse": null, "natural": null, "amenity": null, "place": null, "surface": null, "access": null, "operator": null, "source": null, "adm0_pcode": "NPL", "adm0_name": "Nepal", "adm1_pcode": "NP03", "adm1_name": "Bagmati", "adm2_pcode": "NP0328", "adm2_name": "Nuwakot", "adm3_pcode": "NP0328301", "adm3_name": "Bidur", "adm4_pcode": null, "adm4_name": null, "name_latin": null }, "geometry": { "type": "Polygon", "coordinates": [ [ [ 85.1496555, 27.9250422 ], [ 85.1502337, 27.9242682 ], [ 85.150778, 27.9245857 ], [ 85.1501998, 27.9253596 ], [ 85.1496555, 27.9250422 ] ] ] } },
{ "type": "Feature", "properties": { "id": "way/1552741407", "name": null, "name_en": null, "name_ne": null, "status": "Standing", "leisure": "pitch", "landuse": null, "natural": null, "amenity": null, "place": null, "surface": null, "access": null, "operator": null, "source": null, "adm0_pcode": "NPL", "adm0_name": "Nepal", "adm1_pcode": "NP03", "adm1_name": "Bagmati", "adm2_pcode": "NP0328", "adm2_name": "Nuwakot", "adm3_pcode": "NP0328301", "adm3_name": "Bidur", "adm4_pcode": null, "adm4_name": null, "name_latin": null }, "geometry": { "type": "Polygon", "coordinates": [ [ [ 85.1215033, 27.8687401 ], [ 85.1219448, 27.8682501 ], [ 85.1226634, 27.868785 ], [ 85.1222653, 27.8692358 ], [ 85.1215033, 27.8687401 ] ] ] } },
{ "type": "Feature", "properties": { "id": "way/1537154492", "name": null, "name_en": null, "name_ne": null, "status": "Standing", "leisure": null, "landuse": null, "natural": "grassland", "amenity": null, "place": null, "surface": null, "access": null, "operator": null, "source": null, "adm0_pcode": "NPL", "adm0_name": "Nepal", "adm1_pcode": "NP04", "adm1_name": "Gandaki", "adm2_pcode": "NP0440", "adm2_name": "Tanahu", "adm3_pcode": "NP0440405", "adm3_name": "Aanbu Khaireni", "adm4_pcode": null, "adm4_name": null, "name_latin": null }, "geometry": { "type": "Polygon", "coordinates": [ [ [ 84.5130162, 27.8276103 ], [ 84.5130439, 27.827583 ], [ 84.5132996, 27.8274223 ], [ 84.5135369, 27.8273133 ], [ 84.5139158, 27.827207 ], [ 84.5139497, 27.827207 ], [ 84.5140253, 27.8272212 ], [ 84.5140048, 27.8274681 ], [ 84.514037, 27.8275118 ], [ 84.5140238, 27.8276174 ], [ 84.5139745, 27.8277332 ], [ 84.5138967, 27.8277835 ], [ 84.5137905, 27.8278221 ], [ 84.5136729, 27.8279177 ], [ 84.5134946, 27.8280669 ], [ 84.5134377, 27.8280384 ], [ 84.5134738, 27.8279277 ], [ 84.5134738, 27.8279026 ], [ 84.5133979, 27.8278875 ], [ 84.5132197, 27.8277768 ], [ 84.5130686, 27.8277002 ], [ 84.5130347, 27.8276593 ], [ 84.5130162, 27.8276103 ] ] ] } },
{ "type": "Feature", "properties": { "id": "way/1537153644", "name": null, "name_en": null, "name_ne": null, "status": "Standing", "leisure": null, "landuse": null, "natural": "sand", "amenity": null, "place": null, "surface": null, "access": null, "operator": null, "source": null, "adm0_pcode": "NPL", "adm0_name": "Nepal", "adm1_pcode": "NP04", "adm1_name": "Gandaki", "adm2_pcode": "NP0440", "adm2_name": "Tanahu", "adm3_pcode": "NP0440405", "adm3_name": "Aanbu Khaireni", "adm4_pcode": null, "adm4_name": null, "name_latin": null }, "geometry": { "type": "Polygon", "coordinates": [ [ [ 84.5248228, 27.8330469 ], [ 84.5250303, 27.8330306 ], [ 84.5252525, 27.8329805 ], [ 84.5254922, 27.8328957 ], [ 84.525697, 27.8328957 ], [ 84.5259671, 27.8329766 ], [ 84.5265205, 27.8331924 ], [ 84.5270705, 27.8333196 ], [ 84.5268694, 27.833322 ], [ 84.5267138, 27.8333386 ], [ 84.5265394, 27.8333718 ], [ 84.5264268, 27.8333789 ], [ 84.5263088, 27.83336 ], [ 84.5262355, 27.8333354 ], [ 84.5260754, 27.8332817 ], [ 84.5259986, 27.833244 ], [ 84.5258823, 27.8331868 ], [ 84.5257294, 27.8331228 ], [ 84.5255792, 27.8330848 ], [ 84.5253524, 27.8330634 ], [ 84.5251662, 27.8330658 ], [ 84.5248228, 27.8330469 ] ] ] } },
{ "type": "Feature", "properties": { "id": "way/1102777001", "name": null, "name_en": null, "name_ne": null, "status": "Standing", "leisure": null, "landuse": null, "natural": "sand", "amenity": null, "place": null, "surface": null, "access": null, "operator": null, "source": null, "adm0_pcode": "NPL", "adm0_name": "Nepal", "adm1_pcode": "NP04", "adm1_name": "Gandaki", "adm2_pcode": "NP0436", "adm2_name": "Gorkha", "adm3_pcode": "NP0436409", "adm3_name": "Gandaki", "adm4_pcode": null, "adm4_name": null, "name_latin": null }, "geometry": { "type": "Polygon", "coordinates": [ [ [ 84.6673397, 27.8199341 ], [ 84.6673411, 27.8198119 ], [ 84.667395, 27.8196165 ], [ 84.6674198, 27.8195322 ], [ 84.6674668, 27.8194028 ], [ 84.6675703, 27.8192648 ], [ 84.6676711, 27.81915 ], [ 84.6677637, 27.8190352 ], [ 84.6678672, 27.8189265 ], [ 84.6679357, 27.8187322 ], [ 84.6681075, 27.8186822 ], [ 84.6680957, 27.8189568 ], [ 84.667967, 27.8192035 ], [ 84.6677631, 27.8194692 ], [ 84.667688, 27.8197349 ], [ 84.6676934, 27.8200765 ], [ 84.6677738, 27.8202995 ], [ 84.6678221, 27.8206031 ], [ 84.6679616, 27.820959 ], [ 84.6681064, 27.8212768 ], [ 84.6681333, 27.8214429 ], [ 84.6679736, 27.8214607 ], [ 84.6679377, 27.8213532 ], [ 84.6679004, 27.8212921 ], [ 84.6678341, 27.8211883 ], [ 84.667754, 27.8210748 ], [ 84.6676435, 27.8208977 ], [ 84.6675701, 27.8207267 ], [ 84.6675165, 27.8205496 ], [ 84.6674184, 27.8202638 ], [ 84.6673687, 27.8200599 ], [ 84.6673397, 27.8199341 ] ] ] } },
{ "type": "Feature", "properties": { "id": "way/954502064", "name": null, "name_en": null, "name_ne": null, "status": "Standing", "leisure": null, "landuse": null, "natural": "grassland", "amenity": null, "place": null, "surface": null, "access": null, "operator": null, "source": null, "adm0_pcode": "NPL", "adm0_name": "Nepal", "adm1_pcode": "NP04", "adm1_name": "Gandaki", "adm2_pcode": "NP0440", "adm2_name": "Tanahu", "adm3_pcode": "NP0440405", "adm3_name": "Aanbu Khaireni", "adm4_pcode": null, "adm4_name": null, "name_latin": null }, "geometry": { "type": "Polygon", "coordinates": [ [ [ 84.5470583, 27.8437152 ], [ 84.5470798, 27.8434211 ], [ 84.5471442, 27.8433357 ], [ 84.5474768, 27.843146 ], [ 84.547584, 27.8431555 ], [ 84.5477235, 27.8433262 ], [ 84.5477557, 27.8434116 ], [ 84.5477235, 27.8439808 ], [ 84.5479596, 27.8444077 ], [ 84.5479381, 27.8444931 ], [ 84.5478094, 27.8446639 ], [ 84.547627, 27.8447872 ], [ 84.5475197, 27.8447682 ], [ 84.5473587, 27.8446544 ], [ 84.5473373, 27.8443698 ], [ 84.5472622, 27.8440947 ], [ 84.5471012, 27.843829 ], [ 84.5470583, 27.8437152 ] ] ] } },
{ "type": "Feature", "properties": { "id": "way/954502066", "name": null, "name_en": null, "name_ne": null, "status": "Standing", "leisure": null, "landuse": null, "natural": "grassland", "amenity": null, "place": null, "surface": null, "access": null, "operator": null, "source": null, "adm0_pcode": "NPL", "adm0_name": "Nepal", "adm1_pcode": "NP04", "adm1_name": "Gandaki", "adm2_pcode": "NP0440", "adm2_name": "Tanahu", "adm3_pcode": "NP0440405", "adm3_name": "Aanbu Khaireni", "adm4_pcode": null, "adm4_name": null, "name_latin": null }, "geometry": { "type": "Polygon", "coordinates": [ [ [ 84.5475626, 27.8500569 ], [ 84.5475733, 27.8500142 ], [ 84.5476645, 27.8499762 ], [ 84.5478201, 27.8500094 ], [ 84.5480132, 27.8500758 ], [ 84.5482117, 27.8501707 ], [ 84.54826, 27.8502134 ], [ 84.5482814, 27.8502561 ], [ 84.5482761, 27.8503035 ], [ 84.5482278, 27.8503367 ], [ 84.5481741, 27.8503604 ], [ 84.5480615, 27.8503652 ], [ 84.5477235, 27.850294 ], [ 84.5476323, 27.8502324 ], [ 84.5475733, 27.8501422 ], [ 84.5475626, 27.8500569 ] ] ] } },
{ "type": "Feature", "properties": { "id": "way/954502065", "name": null, "name_en": null, "name_ne": null, "status": "Standing", "leisure": null, "landuse": null, "natural": "grassland", "amenity": null, "place": null, "surface": null, "access": null, "operator": null, "source": null, "adm0_pcode": "NPL", "adm0_name": "Nepal", "adm1_pcode": "NP04", "adm1_name": "Gandaki", "adm2_pcode": "NP0440", "adm2_name": "Tanahu", "adm3_pcode": "NP0440405", "adm3_name": "Aanbu Khaireni", "adm4_pcode": null, "adm4_name": null, "name_latin": null }, "geometry": { "type": "Polygon", "coordinates": [ [ [ 84.5476887, 27.8508917 ], [ 84.547812, 27.8507446 ], [ 84.5478174, 27.8506972 ], [ 84.5477584, 27.8506403 ], [ 84.5477208, 27.8506118 ], [ 84.5477155, 27.8505644 ], [ 84.5478067, 27.8505264 ], [ 84.547855, 27.8505264 ], [ 84.5479086, 27.8505312 ], [ 84.5481554, 27.8506308 ], [ 84.5482787, 27.8506498 ], [ 84.5488957, 27.850645 ], [ 84.5489868, 27.8506782 ], [ 84.5489868, 27.8507256 ], [ 84.5487884, 27.8507968 ], [ 84.5482573, 27.8509059 ], [ 84.5478496, 27.8509723 ], [ 84.5477316, 27.8509723 ], [ 84.5476887, 27.8509391 ], [ 84.5476887, 27.8508917 ] ] ] } },
{ "type": "Feature", "properties": { "id": "way/1102777000", "name": null, "name_en": null, "name_ne": null, "status": "Standing", "leisure": null, "landuse": null, "natural": "sand", "amenity": null, "place": null, "surface": null, "access": null, "operator": null, "source": null, "adm0_pcode": "NPL", "adm0_name": "Nepal", "adm1_pcode": "NP04", "adm1_name": "Gandaki", "adm2_pcode": "NP0436", "adm2_name": "Gorkha", "adm3_pcode": "NP0436409", "adm3_name": "Gandaki", "adm4_pcode": null, "adm4_name": null, "name_latin": null }, "geometry": { "type": "Polygon", "coordinates": [ [ [ 84.6661223, 27.825311 ], [ 84.6661659, 27.8252784 ], [ 84.6663123, 27.8251697 ], [ 84.6663772, 27.8251135 ], [ 84.6664435, 27.8250476 ], [ 84.6665305, 27.8249401 ], [ 84.6665761, 27.8248644 ], [ 84.6666396, 27.8247374 ], [ 84.6666976, 27.8246091 ], [ 84.6667473, 27.8244968 ], [ 84.6668039, 27.8243527 ], [ 84.6668674, 27.8242171 ], [ 84.6669172, 27.8241304 ], [ 84.6669876, 27.8240522 ], [ 84.6670815, 27.8239411 ], [ 84.667145, 27.8238568 ], [ 84.6672113, 27.8237359 ], [ 84.6672444, 27.823615 ], [ 84.6672955, 27.8233622 ], [ 84.6673259, 27.8232486 ], [ 84.6673687, 27.8230777 ], [ 84.6674378, 27.8229653 ], [ 84.6675137, 27.8228591 ], [ 84.6676076, 27.8227687 ], [ 84.6676808, 27.8227113 ], [ 84.6677167, 27.8226844 ], [ 84.6677609, 27.8226295 ], [ 84.6677996, 27.8225232 ], [ 84.6678686, 27.822373 ], [ 84.667983, 27.82261 ], [ 84.667924, 27.8227523 ], [ 84.6677363, 27.823037 ], [ 84.6676183, 27.8233975 ], [ 84.6674788, 27.8237581 ], [ 84.6670657, 27.8242942 ], [ 84.6668994, 27.8246025 ], [ 84.6667278, 27.8250295 ], [ 84.6663684, 27.8254091 ], [ 84.6661484, 27.8256131 ], [ 84.6661223, 27.825311 ] ] ] } },
{ "type": "Feature", "properties": { "id": "way/1102777002", "name": null, "name_en": null, "name_ne": null, "status": "Standing", "leisure": null, "landuse": "meadow", "natural": null, "amenity": null, "place": null, "surface": null, "access": null, "operator": null, "source": null, "adm0_pcode": "NPL", "adm0_name": "Nepal", "adm1_pcode": "NP04", "adm1_name": "Gandaki", "adm2_pcode": "NP0436", "adm2_name": "Gorkha", "adm3_pcode": "NP0436409", "adm3_name": "Gandaki", "adm4_pcode": null, "adm4_name": null, "name_latin": null }, "geometry": { "type": "Polygon", "coordinates": [ [ [ 84.6652499, 27.8253521 ], [ 84.6655235, 27.8250034 ], [ 84.6656965, 27.824854 ], [ 84.6657756, 27.8246974 ], [ 84.6658544, 27.8246353 ], [ 84.6659724, 27.8244755 ], [ 84.6660238, 27.8243949 ], [ 84.6661245, 27.824217 ], [ 84.6661156, 27.8241463 ], [ 84.6661245, 27.8240973 ], [ 84.6659714, 27.8240559 ], [ 84.6662316, 27.8237106 ], [ 84.6664998, 27.8232504 ], [ 84.666945, 27.822451 ], [ 84.6671596, 27.8221308 ], [ 84.6672803, 27.8218604 ], [ 84.6672723, 27.8216089 ], [ 84.6670909, 27.821174 ], [ 84.6670527, 27.8211208 ], [ 84.6669392, 27.8210549 ], [ 84.6668232, 27.8210005 ], [ 84.666701, 27.8209447 ], [ 84.6666043, 27.8208678 ], [ 84.6664863, 27.8207367 ], [ 84.6664408, 27.8206139 ], [ 84.666422, 27.8204537 ], [ 84.6663887, 27.8200496 ], [ 84.6663755, 27.81978 ], [ 84.6663892, 27.8194279 ], [ 84.6664809, 27.8190767 ], [ 84.6665708, 27.8188563 ], [ 84.6666677, 27.8187215 ], [ 84.6668423, 27.8185292 ], [ 84.6673232, 27.8181218 ], [ 84.6678489, 27.8177992 ], [ 84.6683907, 27.8175738 ], [ 84.6688199, 27.8173223 ], [ 84.6692169, 27.8170638 ], [ 84.6693402, 27.8170543 ], [ 84.6698447, 27.817125 ], [ 84.6697757, 27.8171641 ], [ 84.6697315, 27.8171983 ], [ 84.6696776, 27.8172606 ], [ 84.6696251, 27.8173314 ], [ 84.6695782, 27.8173778 ], [ 84.6695009, 27.8174377 ], [ 84.669418, 27.8174987 ], [ 84.6692896, 27.8175696 ], [ 84.6691211, 27.8176404 ], [ 84.6688974, 27.8177259 ], [ 84.6687593, 27.817765 ], [ 84.6686074, 27.8178138 ], [ 84.6683657, 27.8179079 ], [ 84.6681655, 27.8179897 ], [ 84.6679335, 27.8181131 ], [ 84.6677126, 27.8182401 ], [ 84.6675179, 27.8183598 ], [ 84.6672955, 27.8185185 ], [ 84.6671878, 27.8186077 ], [ 84.6670221, 27.8187384 ], [ 84.6669434, 27.8188263 ], [ 84.6668937, 27.8189399 ], [ 84.666884, 27.8190181 ], [ 84.6668854, 27.8190816 ], [ 84.6669116, 27.8191732 ], [ 84.6669489, 27.8192855 ], [ 84.6669917, 27.8193906 ], [ 84.6670124, 27.8194675 ], [ 84.667, 27.8195029 ], [ 84.6669558, 27.8195261 ], [ 84.6668964, 27.8195298 ], [ 84.6668453, 27.8195139 ], [ 84.6668012, 27.8195176 ], [ 84.6667694, 27.819531 ], [ 84.6667583, 27.8195774 ], [ 84.6667625, 27.8196275 ], [ 84.6668163, 27.8197069 ], [ 84.6668522, 27.8197728 ], [ 84.6668868, 27.8198852 ], [ 84.6669033, 27.8199512 ], [ 84.6669392, 27.8201502 ], [ 84.6669448, 27.8202516 ], [ 84.6669172, 27.8203933 ], [ 84.6668868, 27.8204959 ], [ 84.6668536, 27.8205789 ], [ 84.6668302, 27.8206436 ], [ 84.6668067, 27.8207511 ], [ 84.6668081, 27.8207853 ], [ 84.6668274, 27.8208146 ], [ 84.6668564, 27.8208281 ], [ 84.6669241, 27.8208366 ], [ 84.6669945, 27.8208378 ], [ 84.6670345, 27.8208464 ], [ 84.6670787, 27.820883 ], [ 84.667116, 27.820927 ], [ 84.6671699, 27.8210039 ], [ 84.6672196, 27.8210784 ], [ 84.6672555, 27.8211554 ], [ 84.6672748, 27.821214 ], [ 84.6672734, 27.8212787 ], [ 84.6672914, 27.8213325 ], [ 84.6673259, 27.8213935 ], [ 84.667348, 27.821424 ], [ 84.6674101, 27.821512 ], [ 84.6674447, 27.8215853 ], [ 84.6674695, 27.8216671 ], [ 84.6674612, 27.8217257 ], [ 84.6674474, 27.8218161 ], [ 84.6674173, 27.8219066 ], [ 84.6673701, 27.8220457 ], [ 84.6673245, 27.8221812 ], [ 84.6672472, 27.8223156 ], [ 84.6671892, 27.8224243 ], [ 84.6671132, 27.8225611 ], [ 84.6670414, 27.8227149 ], [ 84.6669517, 27.8229323 ], [ 84.6668757, 27.8231167 ], [ 84.6667929, 27.8233598 ], [ 84.6666534, 27.8236578 ], [ 84.6665871, 27.8238349 ], [ 84.6665112, 27.8240315 ], [ 84.6664035, 27.824222 ], [ 84.666322, 27.8243527 ], [ 84.6662074, 27.8245236 ], [ 84.6661148, 27.8246482 ], [ 84.666041, 27.8247429 ], [ 84.6659919, 27.8248082 ], [ 84.6659194, 27.82489 ], [ 84.6658504, 27.8249633 ], [ 84.6657675, 27.8250665 ], [ 84.6657013, 27.8251489 ], [ 84.6656446, 27.825199 ], [ 84.6655749, 27.8252564 ], [ 84.665501, 27.8253114 ], [ 84.6654603, 27.825348 ], [ 84.6654168, 27.8254011 ], [ 84.6653871, 27.8254451 ], [ 84.6652499, 27.8253521 ] ] ] } },
{ "type": "Feature", "properties": { "id": "way/1553859832", "name": null, "name_en": null, "name_ne": null, "status": "Standing", "leisure": null, "landuse": "meadow", "natural": null, "amenity": null, "place": null, "surface": null, "access": null, "operator": null, "source": null, "adm0_pcode": "NPL", "adm0_name": "Nepal", "adm1_pcode": "NP03", "adm1_name": "Bagmati", "adm2_pcode": "NP0328", "adm2_name": "Nuwakot", "adm3_pcode": "NP0328301", "adm3_name": "Bidur", "adm4_pcode": null, "adm4_name": null, "name_latin": null }, "geometry": { "type": "Polygon", "coordinates": [ [ [ 85.1437882, 27.9247891 ], [ 85.1440243, 27.9245304 ], [ 85.14444, 27.9248477 ], [ 85.1447796, 27.925176 ], [ 85.1442194, 27.9256107 ], [ 85.1440489, 27.925332 ], [ 85.1439692, 27.9253318 ], [ 85.1438575, 27.9252286 ], [ 85.1439883, 27.9250925 ], [ 85.1438409, 27.9249877 ], [ 85.1439272, 27.9249142 ], [ 85.1437882, 27.9247891 ] ] ] } },
{ "type": "Feature", "properties": { "id": "way/1547145211", "name": null, "name_en": null, "name_ne": null, "status": "Standing", "leisure": null, "landuse": null, "natural": "sand", "amenity": null, "place": null, "surface": null, "access": null, "operator": null, "source": null, "adm0_pcode": "NPL", "adm0_name": "Nepal", "adm1_pcode": "NP04", "adm1_name": "Gandaki", "adm2_pcode": "NP0436", "adm2_name": "Gorkha", "adm3_pcode": "NP0436408", "adm3_name": "Shahid Lakhan", "adm4_pcode": null, "adm4_name": null, "name_latin": null }, "geometry": { "type": "Polygon", "coordinates": [ [ [ 84.6041872, 27.8725802 ], [ 84.6041916, 27.8722508 ], [ 84.6043308, 27.8721258 ], [ 84.6045608, 27.871935 ], [ 84.6048511, 27.8718536 ], [ 84.6049445, 27.8718963 ], [ 84.6049014, 27.8719448 ], [ 84.6048688, 27.8719983 ], [ 84.604849, 27.872056 ], [ 84.6048361, 27.8721147 ], [ 84.6048187, 27.8721847 ], [ 84.6047919, 27.8722239 ], [ 84.604701, 27.872298 ], [ 84.604588, 27.8723815 ], [ 84.6045204, 27.8724175 ], [ 84.6044854, 27.872433 ], [ 84.6043876, 27.8724556 ], [ 84.6043107, 27.8724834 ], [ 84.6042361, 27.8725226 ], [ 84.6041872, 27.8725802 ] ] ] } },
{ "type": "Feature", "properties": { "id": "way/346053069", "name": null, "name_en": null, "name_ne": null, "status": "Standing", "leisure": "common", "landuse": null, "natural": null, "amenity": null, "place": null, "surface": null, "access": null, "operator": null, "source": null, "adm0_pcode": "NPL", "adm0_name": "Nepal", "adm1_pcode": "NP03", "adm1_name": "Bagmati", "adm2_pcode": "NP0328", "adm2_name": "Nuwakot", "adm3_pcode": "NP0328301", "adm3_name": "Bidur", "adm4_pcode": null, "adm4_name": null, "name_latin": null }, "geometry": { "type": "Polygon", "coordinates": [ [ [ 85.0767758, 27.8591986 ], [ 85.0773544, 27.8590793 ], [ 85.0774174, 27.8595962 ], [ 85.0768418, 27.8597022 ], [ 85.0767758, 27.8591986 ] ] ] } },
{ "type": "Feature", "properties": { "id": "way/303442132", "name": null, "name_en": null, "name_ne": null, "status": "Standing", "leisure": null, "landuse": null, "natural": "sand", "amenity": null, "place": null, "surface": null, "access": null, "operator": null, "source": null, "adm0_pcode": "NPL", "adm0_name": "Nepal", "adm1_pcode": "NP03", "adm1_name": "Bagmati", "adm2_pcode": "NP0330", "adm2_name": "Dhading", "adm3_pcode": "NP0330410", "adm3_name": "Galchhi", "adm4_pcode": null, "adm4_name": null, "name_latin": null }, "geometry": { "type": "Polygon", "coordinates": [ [ [ 84.996517, 27.809789 ], [ 84.9966127, 27.8097546 ], [ 84.9967209, 27.8097724 ], [ 84.9967951, 27.8097641 ], [ 84.9968791, 27.8097463 ], [ 84.9969274, 27.809706 ], [ 84.9969462, 27.8096467 ], [ 84.9969569, 27.8095707 ], [ 84.9969489, 27.8095114 ], [ 84.9969435, 27.809483 ], [ 84.9970096, 27.8094438 ], [ 84.9970418, 27.8094082 ], [ 84.9971491, 27.8093916 ], [ 84.997193, 27.8094023 ], [ 84.9974576, 27.8091615 ], [ 84.9975192, 27.8091212 ], [ 84.9976668, 27.8090405 ], [ 84.9977499, 27.8089812 ], [ 84.9977848, 27.8089266 ], [ 84.9977884, 27.8087973 ], [ 84.9977606, 27.8087653 ], [ 84.9976668, 27.8087155 ], [ 84.9976319, 27.8085731 ], [ 84.9979109, 27.8084592 ], [ 84.9979162, 27.8083074 ], [ 84.9979591, 27.8082837 ], [ 84.9980101, 27.8082647 ], [ 84.9980074, 27.8081603 ], [ 84.9979601, 27.8080714 ], [ 84.9979028, 27.80798 ], [ 84.9978733, 27.807878 ], [ 84.9978894, 27.8078045 ], [ 84.9978679, 27.8076835 ], [ 84.9977714, 27.8076241 ], [ 84.9977848, 27.8075743 ], [ 84.9978438, 27.807432 ], [ 84.9977911, 27.8074545 ], [ 84.9977321, 27.8075233 ], [ 84.9976775, 27.8075055 ], [ 84.9976587, 27.8074747 ], [ 84.9976212, 27.8074652 ], [ 84.9976346, 27.807432 ], [ 84.9976641, 27.8073537 ], [ 84.9977151, 27.8073371 ], [ 84.9977643, 27.8073786 ], [ 84.9977928, 27.8073845 ], [ 84.9978331, 27.8073371 ], [ 84.9978304, 27.8072706 ], [ 84.9977687, 27.807171 ], [ 84.9976909, 27.8070951 ], [ 84.9977016, 27.8070358 ], [ 84.9977231, 27.8069978 ], [ 84.9977446, 27.8068958 ], [ 84.9977848, 27.8069005 ], [ 84.9977714, 27.8070714 ], [ 84.9977804, 27.8071224 ], [ 84.9978331, 27.8071212 ], [ 84.9979011, 27.8072315 ], [ 84.9979028, 27.8072896 ], [ 84.9979332, 27.8073715 ], [ 84.9979386, 27.8075281 ], [ 84.9979628, 27.8075921 ], [ 84.9979413, 27.8076704 ], [ 84.9979216, 27.8077214 ], [ 84.9979296, 27.8078045 ], [ 84.9979913, 27.8078946 ], [ 84.9980164, 27.8079788 ], [ 84.9980342, 27.808082 ], [ 84.9980718, 27.8082007 ], [ 84.9980932, 27.8083501 ], [ 84.9980691, 27.8084379 ], [ 84.9980423, 27.8084806 ], [ 84.9979833, 27.8085304 ], [ 84.9979109, 27.8086206 ], [ 84.997817, 27.8087487 ], [ 84.9978411, 27.808789 ], [ 84.997884, 27.8088127 ], [ 84.997876, 27.8089171 ], [ 84.9978062, 27.8089836 ], [ 84.9976373, 27.8091259 ], [ 84.997471, 27.8092469 ], [ 84.9972591, 27.8094367 ], [ 84.997192, 27.8094841 ], [ 84.9971259, 27.8094948 ], [ 84.9970293, 27.8095067 ], [ 84.9969989, 27.8095435 ], [ 84.9970069, 27.8096099 ], [ 84.9969989, 27.8096739 ], [ 84.9969613, 27.8097427 ], [ 84.996905, 27.809802 ], [ 84.996796, 27.8098293 ], [ 84.9967146, 27.8098234 ], [ 84.996619, 27.8098056 ], [ 84.9965456, 27.809821 ], [ 84.996517, 27.809789 ] ] ] } },
{ "type": "Feature", "properties": { "id": "way/785794050", "name": null, "name_en": null, "name_ne": null, "status": "Standing", "leisure": "playground", "landuse": null, "natural": null, "amenity": null, "place": null, "surface": null, "access": null, "operator": null, "source": null, "adm0_pcode": "NPL", "adm0_name": "Nepal", "adm1_pcode": "NP03", "adm1_name": "Bagmati", "adm2_pcode": "NP0330", "adm2_name": "Dhading", "adm3_pcode": "NP0330410", "adm3_name": "Galchhi", "adm4_pcode": null, "adm4_name": null, "name_latin": null }, "geometry": { "type": "Polygon", "coordinates": [ [ [ 84.943859, 27.7981086 ], [ 84.9440563, 27.798112 ], [ 84.9441284, 27.7982797 ], [ 84.9441872, 27.7983821 ], [ 84.9440885, 27.7985096 ], [ 84.943969, 27.7984894 ], [ 84.9438647, 27.7982999 ], [ 84.943859, 27.7981086 ] ] ] } },
{ "type": "Feature", "properties": { "id": "way/382735461", "name": null, "name_en": null, "name_ne": null, "status": "Standing", "leisure": null, "landuse": null, "natural": "sand", "amenity": null, "place": null, "surface": null, "access": null, "operator": null, "source": null, "adm0_pcode": "NPL", "adm0_name": "Nepal", "adm1_pcode": "NP03", "adm1_name": "Bagmati", "adm2_pcode": "NP0330", "adm2_name": "Dhading", "adm3_pcode": "NP0330408", "adm3_name": "Benighat Rorang", "adm4_pcode": null, "adm4_name": null, "name_latin": null }, "geometry": { "type": "Polygon", "coordinates": [ [ [ 84.8222614, 27.8118771 ], [ 84.8222716, 27.8117113 ], [ 84.8222736, 27.811578 ], [ 84.8222879, 27.8114194 ], [ 84.8223082, 27.8112645 ], [ 84.8223612, 27.8111059 ], [ 84.8224142, 27.8110032 ], [ 84.8225058, 27.8108374 ], [ 84.822681, 27.8105816 ], [ 84.8229143, 27.8102392 ], [ 84.8229876, 27.8101347 ], [ 84.8230396, 27.8100789 ], [ 84.823062, 27.810078 ], [ 84.8230793, 27.8100987 ], [ 84.8230844, 27.810141 ], [ 84.8230783, 27.810259 ], [ 84.8230589, 27.8104518 ], [ 84.8230197, 27.8106654 ], [ 84.8229745, 27.8107988 ], [ 84.8229217, 27.81087 ], [ 84.8228114, 27.810969 ], [ 84.822732, 27.8110212 ], [ 84.8226423, 27.8111167 ], [ 84.8225649, 27.8112951 ], [ 84.8225221, 27.8114536 ], [ 84.8224895, 27.811614 ], [ 84.8224692, 27.8117221 ], [ 84.8224284, 27.8118266 ], [ 84.8223734, 27.8119113 ], [ 84.8223266, 27.8119527 ], [ 84.8222899, 27.8119527 ], [ 84.8222736, 27.8119419 ], [ 84.8222614, 27.8118771 ] ] ] } },
{ "type": "Feature", "properties": { "id": "way/342071552", "name": null, "name_en": null, "name_ne": null, "status": "Standing", "leisure": null, "landuse": "farmyard", "natural": null, "amenity": null, "place": null, "surface": null, "access": null, "operator": null, "source": null, "adm0_pcode": "NPL", "adm0_name": "Nepal", "adm1_pcode": "NP03", "adm1_name": "Bagmati", "adm2_pcode": "NP0330", "adm2_name": "Dhading", "adm3_pcode": "NP0330407", "adm3_name": "Siddhalek", "adm4_pcode": null, "adm4_name": null, "name_latin": null }, "geometry": { "type": "Polygon", "coordinates": [ [ [ 84.8772251, 27.8066191 ], [ 84.8772964, 27.8065086 ], [ 84.8774802, 27.8066013 ], [ 84.8774304, 27.8066785 ], [ 84.8773391, 27.8066323 ], [ 84.8773175, 27.8066657 ], [ 84.8772251, 27.8066191 ] ] ] } },
{ "type": "Feature", "properties": { "id": "way/382735433", "name": null, "name_en": null, "name_ne": null, "status": "Standing", "leisure": null, "landuse": null, "natural": "sand", "amenity": null, "place": null, "surface": null, "access": null, "operator": null, "source": null, "adm0_pcode": "NPL", "adm0_name": "Nepal", "adm1_pcode": "NP03", "adm1_name": "Bagmati", "adm2_pcode": "NP0330", "adm2_name": "Dhading", "adm3_pcode": "NP0330407", "adm3_name": "Siddhalek", "adm4_pcode": null, "adm4_name": null, "name_latin": null }, "geometry": { "type": "Polygon", "coordinates": [ [ [ 84.8405135, 27.8022907 ], [ 84.8407629, 27.802248 ], [ 84.8411223, 27.8022219 ], [ 84.8415032, 27.8022267 ], [ 84.8418921, 27.8022124 ], [ 84.8423883, 27.8022195 ], [ 84.8428228, 27.8022955 ], [ 84.8431662, 27.802407 ], [ 84.8433942, 27.8024497 ], [ 84.8436409, 27.8025114 ], [ 84.8439252, 27.802611 ], [ 84.844113, 27.8027154 ], [ 84.8442444, 27.8027937 ], [ 84.8444402, 27.80291 ], [ 84.844746, 27.8030808 ], [ 84.8449793, 27.803216 ], [ 84.845387, 27.8033631 ], [ 84.8457599, 27.8035126 ], [ 84.8460898, 27.8036383 ], [ 84.8464358, 27.8037831 ], [ 84.8467228, 27.8039064 ], [ 84.8471037, 27.8040345 ], [ 84.8473665, 27.8041366 ], [ 84.8476374, 27.8042504 ], [ 84.8478547, 27.8043928 ], [ 84.8479968, 27.8045091 ], [ 84.8481148, 27.8046229 ], [ 84.8482141, 27.8047534 ], [ 84.8482731, 27.8049124 ], [ 84.848308, 27.8051449 ], [ 84.8482946, 27.8053442 ], [ 84.8482892, 27.8054462 ], [ 84.848265, 27.8056763 ], [ 84.8481765, 27.8058424 ], [ 84.8480424, 27.8060037 ], [ 84.847911, 27.8061603 ], [ 84.8478278, 27.8062837 ], [ 84.8468397, 27.804451 ], [ 84.8464322, 27.8040835 ], [ 84.8459394, 27.8037938 ], [ 84.8452284, 27.803473 ], [ 84.8441859, 27.8029732 ], [ 84.8434782, 27.8027413 ], [ 84.8429949, 27.8026909 ], [ 84.8425783, 27.8025898 ], [ 84.8419472, 27.8024263 ], [ 84.8413734, 27.8023473 ], [ 84.8410754, 27.8023142 ], [ 84.8405727, 27.802337 ], [ 84.8405135, 27.8022907 ] ] ] } },
{ "type": "Feature", "properties": { "id": "way/1492078102", "name": null, "name_en": null, "name_ne": null, "status": "Standing", "leisure": null, "landuse": null, "natural": "grassland", "amenity": null, "place": null, "surface": null, "access": null, "operator": null, "source": null, "adm0_pcode": "NPL", "adm0_name": "Nepal", "adm1_pcode": "NP03", "adm1_name": "Bagmati", "adm2_pcode": "NP0330", "adm2_name": "Dhading", "adm3_pcode": "NP0330407", "adm3_name": "Siddhalek", "adm4_pcode": null, "adm4_name": null, "name_latin": null }, "geometry": { "type": "Polygon", "coordinates": [ [ [ 84.8387504, 27.8048958 ], [ 84.8388509, 27.8044067 ], [ 84.8388911, 27.8039619 ], [ 84.8391325, 27.8033838 ], [ 84.8394039, 27.803028 ], [ 84.8395932, 27.8027349 ], [ 84.8396008, 27.802883 ], [ 84.8396058, 27.8030114 ], [ 84.8395107, 27.8031176 ], [ 84.8393305, 27.8033036 ], [ 84.8393055, 27.8035382 ], [ 84.8392154, 27.8037242 ], [ 84.8391303, 27.8038171 ], [ 84.8391403, 27.8039632 ], [ 84.8390452, 27.8043883 ], [ 84.8388901, 27.804955 ], [ 84.8387834, 27.8054296 ], [ 84.8387504, 27.8048958 ] ] ] } },
{ "type": "Feature", "properties": { "id": "way/302710106", "name": null, "name_en": null, "name_ne": null, "status": "Standing", "leisure": null, "landuse": null, "natural": "sand", "amenity": null, "place": null, "surface": null, "access": null, "operator": null, "source": null, "adm0_pcode": "NPL", "adm0_name": "Nepal", "adm1_pcode": "NP03", "adm1_name": "Bagmati", "adm2_pcode": "NP0328", "adm2_name": "Nuwakot", "adm3_pcode": "NP0328302", "adm3_name": "Belkotgadhi", "adm4_pcode": null, "adm4_name": null, "name_latin": null }, "geometry": { "type": "Polygon", "coordinates": [ [ [ 85.0152245, 27.8177826 ], [ 85.0152513, 27.8177399 ], [ 85.015305, 27.817728 ], [ 85.015364, 27.8177541 ], [ 85.015431, 27.8178181 ], [ 85.0155088, 27.817932 ], [ 85.015592, 27.8180269 ], [ 85.0156724, 27.8181289 ], [ 85.0158146, 27.8182523 ], [ 85.0160319, 27.8184373 ], [ 85.016115, 27.8185559 ], [ 85.0162867, 27.8187077 ], [ 85.0163993, 27.8187908 ], [ 85.0164932, 27.8188785 ], [ 85.0165576, 27.8189616 ], [ 85.0165924, 27.8190825 ], [ 85.0166354, 27.8193625 ], [ 85.016689, 27.8195594 ], [ 85.0167373, 27.8197159 ], [ 85.0167829, 27.819965 ], [ 85.0168204, 27.8202117 ], [ 85.0168499, 27.8204869 ], [ 85.016866, 27.8206743 ], [ 85.0168928, 27.8209257 ], [ 85.0168955, 27.8212673 ], [ 85.0168928, 27.821552 ], [ 85.0168848, 27.8216066 ], [ 85.0168392, 27.8216326 ], [ 85.0167909, 27.8216303 ], [ 85.0167105, 27.8215852 ], [ 85.0164449, 27.821367 ], [ 85.0158843, 27.8208617 ], [ 85.0157583, 27.8206885 ], [ 85.015651, 27.8204513 ], [ 85.0156, 27.8201453 ], [ 85.0155705, 27.8198417 ], [ 85.0155383, 27.8195712 ], [ 85.0154981, 27.819315 ], [ 85.0154605, 27.8190351 ], [ 85.0154042, 27.8188192 ], [ 85.015372, 27.8185773 ], [ 85.0153345, 27.8182641 ], [ 85.0152513, 27.817913 ], [ 85.0152245, 27.8177826 ] ] ] } },
{ "type": "Feature", "properties": { "id": "way/302566637", "name": null, "name_en": null, "name_ne": null, "status": "Standing", "leisure": null, "landuse": null, "natural": "sand", "amenity": null, "place": null, "surface": null, "access": null, "operator": null, "source": null, "adm0_pcode": "NPL", "adm0_name": "Nepal", "adm1_pcode": "NP04", "adm1_name": "Gandaki", "adm2_pcode": "NP0440", "adm2_name": "Tanahu", "adm3_pcode": "NP0440406", "adm3_name": "Devghat", "adm4_pcode": null, "adm4_name": null, "name_latin": null }, "geometry": { "type": "Polygon", "coordinates": [ [ [ 84.4291454, 27.7426617 ], [ 84.4293053, 27.7425375 ], [ 84.429511, 27.742419 ], [ 84.4300726, 27.7421763 ], [ 84.4306145, 27.7419855 ], [ 84.4313708, 27.7417512 ], [ 84.4317899, 27.7416764 ], [ 84.4321817, 27.7416359 ], [ 84.4325049, 27.7416359 ], [ 84.4329261, 27.7416764 ], [ 84.4334354, 27.7417746 ], [ 84.4342189, 27.7419653 ], [ 84.4351409, 27.7422061 ], [ 84.435551, 27.7423467 ], [ 84.436093, 27.7425375 ], [ 84.4365043, 27.7427079 ], [ 84.436932, 27.7429622 ], [ 84.437141, 27.7430605 ], [ 84.4373075, 27.7432309 ], [ 84.4373924, 27.7434188 ], [ 84.4373793, 27.7436066 ], [ 84.437376, 27.7437597 ], [ 84.4373858, 27.7439244 ], [ 84.4374577, 27.7441296 ], [ 84.4375752, 27.7443347 ], [ 84.4378681, 27.7446651 ], [ 84.4377636, 27.7446191 ], [ 84.4371627, 27.7440542 ], [ 84.436335, 27.7435661 ], [ 84.4355733, 27.7432385 ], [ 84.4347418, 27.7428634 ], [ 84.4340176, 27.742664 ], [ 84.4330144, 27.7424219 ], [ 84.4326942, 27.7424117 ], [ 84.4339548, 27.7428295 ], [ 84.4338261, 27.7428295 ], [ 84.4327049, 27.7426396 ], [ 84.4325937, 27.7425957 ], [ 84.431514, 27.7424117 ], [ 84.4311063, 27.742388 ], [ 84.4306664, 27.7423452 ], [ 84.4303285, 27.7423974 ], [ 84.4297599, 27.7425161 ], [ 84.4292127, 27.7427108 ], [ 84.4291454, 27.7426617 ] ] ] } },
{ "type": "Feature", "properties": { "id": "way/327575748", "name": null, "name_en": null, "name_ne": null, "status": "Standing", "leisure": null, "landuse": null, "natural": "sand", "amenity": null, "place": null, "surface": null, "access": null, "operator": null, "source": null, "adm0_pcode": "NPL", "adm0_name": "Nepal", "adm1_pcode": "NP04", "adm1_name": "Gandaki", "adm2_pcode": "NP0436", "adm2_name": "Gorkha", "adm3_pcode": "NP0436409", "adm3_name": "Gandaki", "adm4_pcode": null, "adm4_name": null, "name_latin": null }, "geometry": { "type": "Polygon", "coordinates": [ [ [ 84.6310967, 27.8694667 ], [ 84.6311767, 27.8693834 ], [ 84.6313336, 27.8692549 ], [ 84.6314484, 27.869216 ], [ 84.6317359, 27.8690794 ], [ 84.6321061, 27.8689372 ], [ 84.6324118, 27.868866 ], [ 84.6326519, 27.8688476 ], [ 84.6328142, 27.8688139 ], [ 84.6328735, 27.8687621 ], [ 84.6328455, 27.8688631 ], [ 84.6328187, 27.8689403 ], [ 84.6327768, 27.8690135 ], [ 84.6327267, 27.8690804 ], [ 84.6326475, 27.8691494 ], [ 84.6325286, 27.8691927 ], [ 84.6324086, 27.8692019 ], [ 84.6322467, 27.8691999 ], [ 84.6320649, 27.8691886 ], [ 84.631868, 27.8691875 ], [ 84.6316315, 27.8692153 ], [ 84.6315068, 27.8692411 ], [ 84.6314078, 27.8692771 ], [ 84.6313425, 27.8693132 ], [ 84.6312878, 27.8693389 ], [ 84.6312225, 27.869377 ], [ 84.6310967, 27.8694667 ] ] ] } },
{ "type": "Feature", "properties": { "id": "way/382735518", "name": null, "name_en": null, "name_ne": null, "status": "Standing", "leisure": null, "landuse": null, "natural": "sand", "amenity": null, "place": null, "surface": null, "access": null, "operator": null, "source": null, "adm0_pcode": "NPL", "adm0_name": "Nepal", "adm1_pcode": "NP04", "adm1_name": "Gandaki", "adm2_pcode": "NP0436", "adm2_name": "Gorkha", "adm3_pcode": "NP0436408", "adm3_name": "Shahid Lakhan", "adm4_pcode": null, "adm4_name": null, "name_latin": null }, "geometry": { "type": "Polygon", "coordinates": [ [ [ 84.6039104, 27.8752871 ], [ 84.6039373, 27.8752371 ], [ 84.6042134, 27.8746591 ], [ 84.6043043, 27.8743602 ], [ 84.604334, 27.8741581 ], [ 84.6043607, 27.873968 ], [ 84.6043689, 27.8738141 ], [ 84.6044225, 27.8735731 ], [ 84.6044924, 27.8734001 ], [ 84.6046098, 27.8731286 ], [ 84.6047347, 27.8729591 ], [ 84.6049678, 27.87271 ], [ 84.6051239, 27.8725246 ], [ 84.6052894, 27.8723825 ], [ 84.6055527, 27.8722527 ], [ 84.6057787, 27.8721806 ], [ 84.6062238, 27.8720694 ], [ 84.606543, 27.8720035 ], [ 84.6068739, 27.8719623 ], [ 84.6071536, 27.8719458 ], [ 84.6075474, 27.8719499 ], [ 84.6078503, 27.871954 ], [ 84.6082325, 27.871989 ], [ 84.6079218, 27.872035 ], [ 84.6077273, 27.872078 ], [ 84.6072808, 27.8721132 ], [ 84.6068211, 27.8722265 ], [ 84.606631, 27.8722969 ], [ 84.606432, 27.8724063 ], [ 84.606295, 27.8725352 ], [ 84.6060784, 27.8728322 ], [ 84.6059033, 27.8730138 ], [ 84.6057577, 27.8732025 ], [ 84.6054948, 27.8737271 ], [ 84.6052252, 27.8741101 ], [ 84.6051014, 27.8742547 ], [ 84.6051014, 27.8743915 ], [ 84.6051456, 27.8745322 ], [ 84.6051412, 27.8746846 ], [ 84.6050926, 27.8748174 ], [ 84.6049732, 27.8749151 ], [ 84.6048362, 27.8750206 ], [ 84.604677, 27.8750519 ], [ 84.604593, 27.8751379 ], [ 84.6044604, 27.8752707 ], [ 84.6043145, 27.8753762 ], [ 84.6040023, 27.8753871 ], [ 84.6039768, 27.8753778 ], [ 84.6039467, 27.8753665 ], [ 84.6039145, 27.8753227 ], [ 84.6039104, 27.8752871 ] ] ] } },
{ "type": "Feature", "properties": { "id": "way/891809357", "name": null, "name_en": null, "name_ne": null, "status": "Standing", "leisure": null, "landuse": "farmyard", "natural": null, "amenity": null, "place": null, "surface": null, "access": null, "operator": null, "source": null, "adm0_pcode": "NPL", "adm0_name": "Nepal", "adm1_pcode": "NP03", "adm1_name": "Bagmati", "adm2_pcode": "NP0328", "adm2_name": "Nuwakot", "adm3_pcode": "NP0328301", "adm3_name": "Bidur", "adm4_pcode": null, "adm4_name": null, "name_latin": null }, "geometry": { "type": "Polygon", "coordinates": [ [ [ 85.1568156, 27.944702 ], [ 85.1574272, 27.9442466 ], [ 85.1575988, 27.9441755 ], [ 85.1581889, 27.9445451 ], [ 85.1585537, 27.9448342 ], [ 85.1575935, 27.9452939 ], [ 85.1575828, 27.9452275 ], [ 85.1576257, 27.9451896 ], [ 85.1570302, 27.9448058 ], [ 85.1568156, 27.944702 ] ] ] } },
{ "type": "Feature", "properties": { "id": "way/382735383", "name": "Sand Pocket Area", "name_en": null, "name_ne": null, "status": "Standing", "leisure": null, "landuse": null, "natural": "sand", "amenity": null, "place": null, "surface": null, "access": null, "operator": null, "source": null, "adm0_pcode": "NPL", "adm0_name": "Nepal", "adm1_pcode": "NP03", "adm1_name": "Bagmati", "adm2_pcode": "NP0330", "adm2_name": "Dhading", "adm3_pcode": "NP0330410", "adm3_name": "Galchhi", "adm4_pcode": null, "adm4_name": null, "name_latin": "Sand Pocket Area" }, "geometry": { "type": "Polygon", "coordinates": [ [ [ 84.9652858, 27.8111472 ], [ 84.9652992, 27.8110618 ], [ 84.9653529, 27.8110108 ], [ 84.9655621, 27.8110298 ], [ 84.9657699, 27.8110737 ], [ 84.9660113, 27.8111733 ], [ 84.9661911, 27.8113085 ], [ 84.9664164, 27.8114817 ], [ 84.9660134, 27.8116294 ], [ 84.9658307, 27.8117567 ], [ 84.9656148, 27.8119036 ], [ 84.9653837, 27.8120155 ], [ 84.9654105, 27.8117759 ], [ 84.9654146, 27.8115339 ], [ 84.9652858, 27.8111472 ] ] ] } },
{ "type": "Feature", "properties": { "id": "way/340629568", "name": null, "name_en": null, "name_ne": null, "status": "Standing", "leisure": null, "landuse": "farmyard", "natural": null, "amenity": null, "place": null, "surface": null, "access": null, "operator": null, "source": null, "adm0_pcode": "NPL", "adm0_name": "Nepal", "adm1_pcode": "NP03", "adm1_name": "Bagmati", "adm2_pcode": "NP0328", "adm2_name": "Nuwakot", "adm3_pcode": "NP0328402", "adm3_name": "Kispang", "adm4_pcode": null, "adm4_name": null, "name_latin": null }, "geometry": { "type": "Polygon", "coordinates": [ [ [ 85.184041, 27.9787283 ], [ 85.1840639, 27.9785611 ], [ 85.1841411, 27.9785694 ], [ 85.1841707, 27.9785725 ], [ 85.1841478, 27.9787397 ], [ 85.184041, 27.9787283 ] ] ] } },
{ "type": "Feature", "properties": { "id": "way/340629925", "name": null, "name_en": null, "name_ne": null, "status": "Standing", "leisure": null, "landuse": "farmyard", "natural": null, "amenity": null, "place": null, "surface": null, "access": null, "operator": null, "source": null, "adm0_pcode": "NPL", "adm0_name": "Nepal", "adm1_pcode": "NP03", "adm1_name": "Bagmati", "adm2_pcode": "NP0328", "adm2_name": "Nuwakot", "adm3_pcode": "NP0328402", "adm3_name": "Kispang", "adm4_pcode": null, "adm4_name": null, "name_latin": null }, "geometry": { "type": "Polygon", "coordinates": [ [ [ 85.184114, 27.9785153 ], [ 85.184303, 27.978553 ], [ 85.184299, 27.9785853 ], [ 85.1843559, 27.9785907 ], [ 85.1843396, 27.9788456 ], [ 85.1843335, 27.9788833 ], [ 85.1843762, 27.9788905 ], [ 85.1843518, 27.9789336 ], [ 85.1841709, 27.9789372 ], [ 85.1841709, 27.9789156 ], [ 85.1842055, 27.9785656 ], [ 85.1841201, 27.978544 ], [ 85.184114, 27.9785153 ] ] ] } },
{ "type": "Feature", "properties": { "id": "way/340630580", "name": null, "name_en": null, "name_ne": null, "status": "Standing", "leisure": null, "landuse": "farmyard", "natural": null, "amenity": null, "place": null, "surface": null, "access": null, "operator": null, "source": null, "adm0_pcode": "NPL", "adm0_name": "Nepal", "adm1_pcode": "NP03", "adm1_name": "Bagmati", "adm2_pcode": "NP0328", "adm2_name": "Nuwakot", "adm3_pcode": "NP0328402", "adm3_name": "Kispang", "adm4_pcode": null, "adm4_name": null, "name_latin": null }, "geometry": { "type": "Polygon", "coordinates": [ [ [ 85.1843614, 27.9788473 ], [ 85.1843773, 27.978566 ], [ 85.1844003, 27.9785129 ], [ 85.184641, 27.9785769 ], [ 85.1846322, 27.9788332 ], [ 85.1846233, 27.9788442 ], [ 85.1846162, 27.9789067 ], [ 85.1845879, 27.978916 ], [ 85.1845826, 27.9789395 ], [ 85.1844994, 27.9789426 ], [ 85.184503, 27.9788488 ], [ 85.1843614, 27.9788473 ] ] ] } },
{ "type": "Feature", "properties": { "id": "way/954502062", "name": null, "name_en": null, "name_ne": null, "status": "Standing", "leisure": null, "landuse": null, "natural": "grassland", "amenity": null, "place": null, "surface": null, "access": null, "operator": null, "source": null, "adm0_pcode": "NPL", "adm0_name": "Nepal", "adm1_pcode": "NP04", "adm1_name": "Gandaki", "adm2_pcode": "NP0440", "adm2_name": "Tanahu", "adm3_pcode": "NP0440405", "adm3_name": "Aanbu Khaireni", "adm4_pcode": null, "adm4_name": null, "name_latin": null }, "geometry": { "type": "Polygon", "coordinates": [ [ [ 84.5499122, 27.8433452 ], [ 84.5499551, 27.8432456 ], [ 84.5499927, 27.8432077 ], [ 84.5502394, 27.8430748 ], [ 84.5502984, 27.8430606 ], [ 84.5503896, 27.8430464 ], [ 84.5504916, 27.8430891 ], [ 84.5505452, 27.8430843 ], [ 84.5509905, 27.8427286 ], [ 84.5510495, 27.8427096 ], [ 84.5511031, 27.8427333 ], [ 84.5511031, 27.8428329 ], [ 84.551087, 27.8428756 ], [ 84.5510173, 27.842942 ], [ 84.5509529, 27.8430511 ], [ 84.5507008, 27.8432456 ], [ 84.5505077, 27.8434638 ], [ 84.5503682, 27.8435444 ], [ 84.5502663, 27.8435255 ], [ 84.550218, 27.843497 ], [ 84.5500785, 27.8433879 ], [ 84.5499229, 27.8433879 ], [ 84.5499122, 27.8433452 ] ] ] } },
{ "type": "Feature", "properties": { "id": "way/954502072", "name": null, "name_en": null, "name_ne": null, "status": "Standing", "leisure": null, "landuse": null, "natural": "grassland", "amenity": null, "place": null, "surface": null, "access": null, "operator": null, "source": null, "adm0_pcode": "NPL", "adm0_name": "Nepal", "adm1_pcode": "NP04", "adm1_name": "Gandaki", "adm2_pcode": "NP0440", "adm2_name": "Tanahu", "adm3_pcode": "NP0440405", "adm3_name": "Aanbu Khaireni", "adm4_pcode": null, "adm4_name": null, "name_latin": null }, "geometry": { "type": "Polygon", "coordinates": [ [ [ 84.5470905, 27.8365288 ], [ 84.5471281, 27.8363865 ], [ 84.5473158, 27.8362726 ], [ 84.5473748, 27.8362584 ], [ 84.5474285, 27.8362774 ], [ 84.5475089, 27.8363533 ], [ 84.5476752, 27.8366047 ], [ 84.5477289, 27.8367992 ], [ 84.5477343, 27.8369937 ], [ 84.5477182, 27.8370411 ], [ 84.5476752, 27.8370648 ], [ 84.5476055, 27.8370743 ], [ 84.5474982, 27.8370364 ], [ 84.5473963, 27.836951 ], [ 84.5472085, 27.8367328 ], [ 84.5470905, 27.8365288 ] ] ] } },
{ "type": "Feature", "properties": { "id": "way/954484034", "name": null, "name_en": null, "name_ne": null, "status": "Standing", "leisure": null, "landuse": null, "natural": "sand", "amenity": null, "place": null, "surface": null, "access": null, "operator": null, "source": null, "adm0_pcode": "NPL", "adm0_name": "Nepal", "adm1_pcode": "NP03", "adm1_name": "Bagmati", "adm2_pcode": "NP0335", "adm2_name": "Chitawan", "adm3_pcode": "NP0335401", "adm3_name": "Ichchha Kamana", "adm4_pcode": null, "adm4_name": null, "name_latin": null }, "geometry": { "type": "Polygon", "coordinates": [ [ [ 84.5534021, 27.8356284 ], [ 84.5535477, 27.8357052 ], [ 84.5538102, 27.8357874 ], [ 84.554114, 27.835861 ], [ 84.5546443, 27.8359718 ], [ 84.5544543, 27.835965 ], [ 84.5539388, 27.8359915 ], [ 84.5537539, 27.8359795 ], [ 84.5536531, 27.8359403 ], [ 84.5535722, 27.8358803 ], [ 84.5534854, 27.8357755 ], [ 84.5534021, 27.8356284 ] ] ] } },
{ "type": "Feature", "properties": { "id": "way/954502079", "name": null, "name_en": null, "name_ne": null, "status": "Standing", "leisure": null, "landuse": null, "natural": "grassland", "amenity": null, "place": null, "surface": null, "access": null, "operator": null, "source": null, "adm0_pcode": "NPL", "adm0_name": "Nepal", "adm1_pcode": "NP03", "adm1_name": "Bagmati", "adm2_pcode": "NP0335", "adm2_name": "Chitawan", "adm3_pcode": "NP0335401", "adm3_name": "Ichchha Kamana", "adm4_pcode": null, "adm4_name": null, "name_latin": null }, "geometry": { "type": "Polygon", "coordinates": [ [ [ 84.5390573, 27.8348258 ], [ 84.5390707, 27.8348044 ], [ 84.5391646, 27.8347119 ], [ 84.539178, 27.8346906 ], [ 84.5391834, 27.8346384 ], [ 84.5392129, 27.8345696 ], [ 84.5392263, 27.8345507 ], [ 84.5392477, 27.8345364 ], [ 84.5392732, 27.8345317 ], [ 84.5393041, 27.8345412 ], [ 84.5393416, 27.8345767 ], [ 84.5393658, 27.8345815 ], [ 84.5393926, 27.8345957 ], [ 84.5394516, 27.8345957 ], [ 84.5394999, 27.8345696 ], [ 84.5395267, 27.8345625 ], [ 84.5395911, 27.8345578 ], [ 84.5396152, 27.8345649 ], [ 84.5396849, 27.8346716 ], [ 84.5397493, 27.8347167 ], [ 84.5397735, 27.8347262 ], [ 84.5398915, 27.834795 ], [ 84.5400283, 27.8348329 ], [ 84.5401034, 27.834859 ], [ 84.5401248, 27.8348709 ], [ 84.5401329, 27.8348922 ], [ 84.5401248, 27.8349634 ], [ 84.5400819, 27.8350203 ], [ 84.5400014, 27.8350843 ], [ 84.5399719, 27.8351199 ], [ 84.5399317, 27.8351484 ], [ 84.5399076, 27.8351484 ], [ 84.5398083, 27.8351294 ], [ 84.5397332, 27.8351389 ], [ 84.5397037, 27.8351484 ], [ 84.5396823, 27.8351626 ], [ 84.5396072, 27.8351958 ], [ 84.5395777, 27.8352029 ], [ 84.5395267, 27.8351982 ], [ 84.5394999, 27.8352005 ], [ 84.5394757, 27.83521 ], [ 84.5394596, 27.8352314 ], [ 84.5394328, 27.8352409 ], [ 84.5394087, 27.8352385 ], [ 84.5393845, 27.835229 ], [ 84.5393416, 27.8351958 ], [ 84.5392612, 27.8350914 ], [ 84.53917, 27.8350274 ], [ 84.5391458, 27.8350155 ], [ 84.539111, 27.8349823 ], [ 84.5390707, 27.8349207 ], [ 84.5390573, 27.8348732 ], [ 84.5390573, 27.8348258 ] ] ] } },
{ "type": "Feature", "properties": { "id": "way/954502076", "name": null, "name_en": null, "name_ne": null, "status": "Standing", "leisure": null, "landuse": null, "natural": "grassland", "amenity": null, "place": null, "surface": null, "access": null, "operator": null, "source": null, "adm0_pcode": "NPL", "adm0_name": "Nepal", "adm1_pcode": "NP03", "adm1_name": "Bagmati", "adm2_pcode": "NP0335", "adm2_name": "Chitawan", "adm3_pcode": "NP0335401", "adm3_name": "Ichchha Kamana", "adm4_pcode": null, "adm4_name": null, "name_latin": null }, "geometry": { "type": "Polygon", "coordinates": [ [ [ 84.5406784, 27.834304 ], [ 84.54068, 27.834202 ], [ 84.5409536, 27.8341142 ], [ 84.5411092, 27.8340763 ], [ 84.5411682, 27.8340763 ], [ 84.5412701, 27.8340526 ], [ 84.5413935, 27.8340478 ], [ 84.5415008, 27.8340383 ], [ 84.5416778, 27.8340383 ], [ 84.5417261, 27.8340526 ], [ 84.5417798, 27.8340526 ], [ 84.5418924, 27.8340194 ], [ 84.5419514, 27.8340194 ], [ 84.5421767, 27.833934 ], [ 84.5424342, 27.8337869 ], [ 84.5425254, 27.83373 ], [ 84.5425737, 27.8337063 ], [ 84.5426166, 27.8336825 ], [ 84.5426702, 27.8336873 ], [ 84.5427185, 27.8337015 ], [ 84.5427614, 27.8337395 ], [ 84.5428258, 27.8338628 ], [ 84.5428795, 27.8341 ], [ 84.5429116, 27.8341854 ], [ 84.542858, 27.834323 ], [ 84.5427453, 27.8343609 ], [ 84.5421016, 27.834489 ], [ 84.542048, 27.8344937 ], [ 84.5420026, 27.8344785 ], [ 84.5419514, 27.8344985 ], [ 84.5418924, 27.8344985 ], [ 84.5418388, 27.8344937 ], [ 84.5417261, 27.8344653 ], [ 84.5416081, 27.8344605 ], [ 84.5415652, 27.8345507 ], [ 84.5415437, 27.8346503 ], [ 84.5415813, 27.8347357 ], [ 84.5416135, 27.8347784 ], [ 84.5416027, 27.8348258 ], [ 84.5415652, 27.8348685 ], [ 84.5414472, 27.8348875 ], [ 84.5413935, 27.834878 ], [ 84.5412809, 27.8348305 ], [ 84.5412111, 27.8347641 ], [ 84.5411897, 27.8347262 ], [ 84.5411789, 27.8346835 ], [ 84.5412004, 27.8345981 ], [ 84.541254, 27.8345222 ], [ 84.5413399, 27.8344178 ], [ 84.5413881, 27.8343372 ], [ 84.5413935, 27.8342945 ], [ 84.5413828, 27.8342471 ], [ 84.5413399, 27.8342138 ], [ 84.5412701, 27.8342091 ], [ 84.5412165, 27.8342186 ], [ 84.5411467, 27.8342992 ], [ 84.5410824, 27.8343372 ], [ 84.5409644, 27.8343372 ], [ 84.5408195, 27.8342945 ], [ 84.5407391, 27.8342945 ], [ 84.5406784, 27.834304 ] ] ] } },
{ "type": "Feature", "properties": { "id": "way/954502073", "name": null, "name_en": null, "name_ne": null, "status": "Standing", "leisure": null, "landuse": null, "natural": "grassland", "amenity": null, "place": null, "surface": null, "access": null, "operator": null, "source": null, "adm0_pcode": "NPL", "adm0_name": "Nepal", "adm1_pcode": "NP04", "adm1_name": "Gandaki", "adm2_pcode": "NP0440", "adm2_name": "Tanahu", "adm3_pcode": "NP0440405", "adm3_name": "Aanbu Khaireni", "adm4_pcode": null, "adm4_name": null, "name_latin": null }, "geometry": { "type": "Polygon", "coordinates": [ [ [ 84.5458138, 27.8355753 ], [ 84.5458513, 27.8354899 ], [ 84.5458674, 27.835433 ], [ 84.5459962, 27.8352717 ], [ 84.546023, 27.8352243 ], [ 84.5460498, 27.8351863 ], [ 84.5461786, 27.8351009 ], [ 84.5462429, 27.8350962 ], [ 84.5462966, 27.8351057 ], [ 84.5463395, 27.8351389 ], [ 84.5464092, 27.8352717 ], [ 84.5464683, 27.8353476 ], [ 84.5465004, 27.8353808 ], [ 84.5465809, 27.8354425 ], [ 84.5466775, 27.8355563 ], [ 84.5467311, 27.8356322 ], [ 84.5468974, 27.835784 ], [ 84.5470262, 27.8358789 ], [ 84.5470583, 27.8359168 ], [ 84.547112, 27.8360924 ], [ 84.5471013, 27.8363248 ], [ 84.5470852, 27.8363722 ], [ 84.5470422, 27.8364054 ], [ 84.546994, 27.8364244 ], [ 84.5469242, 27.8364149 ], [ 84.5467955, 27.8363295 ], [ 84.5466185, 27.8361872 ], [ 84.5465326, 27.8361351 ], [ 84.5464468, 27.8360971 ], [ 84.5462698, 27.8359975 ], [ 84.5461571, 27.8359501 ], [ 84.5460069, 27.8358742 ], [ 84.5459211, 27.835803 ], [ 84.5458567, 27.8357224 ], [ 84.5458192, 27.8356275 ], [ 84.5458138, 27.8355753 ] ] ] } },
{ "type": "Feature", "properties": { "id": "way/1553569144", "name": null, "name_en": null, "name_ne": null, "status": "Standing", "leisure": null, "landuse": null, "natural": "grassland", "amenity": null, "place": null, "surface": null, "access": null, "operator": null, "source": null, "adm0_pcode": "NPL", "adm0_name": "Nepal", "adm1_pcode": "NP03", "adm1_name": "Bagmati", "adm2_pcode": "NP0330", "adm2_name": "Dhading", "adm3_pcode": "NP0330410", "adm3_name": "Galchhi", "adm4_pcode": null, "adm4_name": null, "name_latin": null }, "geometry": { "type": "Polygon", "coordinates": [ [ [ 84.9473043, 27.8096538 ], [ 84.947378, 27.8096123 ], [ 84.9473579, 27.8095636 ], [ 84.947421, 27.8095019 ], [ 84.9474639, 27.8093738 ], [ 84.9474861, 27.8093542 ], [ 84.9475269, 27.8093916 ], [ 84.9477415, 27.8098138 ], [ 84.9478595, 27.8099064 ], [ 84.947889, 27.8099467 ], [ 84.947657, 27.8100096 ], [ 84.9476027, 27.810044 ], [ 84.9475383, 27.8100511 ], [ 84.9475081, 27.8100173 ], [ 84.9474156, 27.8099823 ], [ 84.9473432, 27.8098353 ], [ 84.9473298, 27.809738 ], [ 84.9473043, 27.8096538 ] ] ] } },
{ "type": "Feature", "properties": { "id": "way/1492500321", "name": null, "name_en": null, "name_ne": null, "status": "Standing", "leisure": null, "landuse": null, "natural": "beach", "amenity": null, "place": null, "surface": null, "access": null, "operator": null, "source": null, "adm0_pcode": "NPL", "adm0_name": "Nepal", "adm1_pcode": "NP04", "adm1_name": "Gandaki", "adm2_pcode": "NP0440", "adm2_name": "Tanahu", "adm3_pcode": "NP0440405", "adm3_name": "Aanbu Khaireni", "adm4_pcode": null, "adm4_name": null, "name_latin": null }, "geometry": { "type": "Polygon", "coordinates": [ [ [ 84.5097843, 27.8165969 ], [ 84.5098494, 27.8165561 ], [ 84.510005, 27.8164683 ], [ 84.5101498, 27.8163806 ], [ 84.5102812, 27.8162904 ], [ 84.510422, 27.8162003 ], [ 84.5105937, 27.8161018 ], [ 84.5107345, 27.8160556 ], [ 84.5108686, 27.8160271 ], [ 84.5109639, 27.8160354 ], [ 84.5110832, 27.8160639 ], [ 84.5111355, 27.8160639 ], [ 84.5111905, 27.816052 ], [ 84.5108932, 27.8162628 ], [ 84.5105639, 27.8164318 ], [ 84.510202, 27.8165145 ], [ 84.5097843, 27.8165969 ] ] ] } },
{ "type": "Feature", "properties": { "id": "way/302756010", "name": null, "name_en": null, "name_ne": null, "status": "Standing", "leisure": null, "landuse": null, "natural": "sand", "amenity": null, "place": null, "surface": null, "access": null, "operator": null, "source": null, "adm0_pcode": "NPL", "adm0_name": "Nepal", "adm1_pcode": "NP03", "adm1_name": "Bagmati", "adm2_pcode": "NP0328", "adm2_name": "Nuwakot", "adm3_pcode": "NP0328302", "adm3_name": "Belkotgadhi", "adm4_pcode": null, "adm4_name": null, "name_latin": null }, "geometry": { "type": "Polygon", "coordinates": [ [ [ 85.0216435, 27.8456097 ], [ 85.021901, 27.8455291 ], [ 85.0220995, 27.8455196 ], [ 85.022516, 27.8455526 ], [ 85.0228719, 27.8456334 ], [ 85.0234406, 27.8457852 ], [ 85.0244944, 27.8461824 ], [ 85.02542, 27.8465916 ], [ 85.026034, 27.8469224 ], [ 85.0270025, 27.847507 ], [ 85.0277106, 27.8479434 ], [ 85.0280164, 27.8480619 ], [ 85.0281291, 27.8481236 ], [ 85.0281988, 27.8482185 ], [ 85.0283943, 27.8485635 ], [ 85.0285445, 27.8491612 ], [ 85.0287728, 27.8496936 ], [ 85.0288372, 27.8498501 ], [ 85.0287084, 27.8498928 ], [ 85.0286226, 27.8497647 ], [ 85.0285175, 27.8495907 ], [ 85.0280915, 27.8492193 ], [ 85.0280325, 27.8491434 ], [ 85.0280754, 27.8490722 ], [ 85.0280349, 27.8489952 ], [ 85.0279199, 27.8488778 ], [ 85.0278555, 27.8488398 ], [ 85.0276785, 27.8486454 ], [ 85.0268738, 27.8480003 ], [ 85.0267719, 27.8478485 ], [ 85.0261657, 27.8474975 ], [ 85.0259482, 27.8473967 ], [ 85.0259321, 27.8474394 ], [ 85.0260233, 27.8475295 ], [ 85.0260584, 27.847673 ], [ 85.0262891, 27.8478106 ], [ 85.0262783, 27.8479386 ], [ 85.0258784, 27.8477477 ], [ 85.0255512, 27.8476481 ], [ 85.0254039, 27.8476303 ], [ 85.0252752, 27.8476445 ], [ 85.0251703, 27.8476955 ], [ 85.0247251, 27.8480845 ], [ 85.0241725, 27.847909 ], [ 85.0238507, 27.8477904 ], [ 85.0236737, 27.8477192 ], [ 85.0234537, 27.8475532 ], [ 85.0231509, 27.8472935 ], [ 85.0225876, 27.846805 ], [ 85.0231509, 27.8469046 ], [ 85.0234513, 27.8468524 ], [ 85.0244169, 27.8465489 ], [ 85.0241672, 27.8463342 ], [ 85.0235049, 27.8459465 ], [ 85.0231855, 27.8458314 ], [ 85.0227617, 27.8457603 ], [ 85.022354, 27.8457366 ], [ 85.0221638, 27.8456998 ], [ 85.0216435, 27.8456097 ] ] ] } },
{ "type": "Feature", "properties": { "id": "way/327575743", "name": null, "name_en": null, "name_ne": null, "status": "Standing", "leisure": null, "landuse": null, "natural": "sand", "amenity": null, "place": null, "surface": null, "access": null, "operator": null, "source": null, "adm0_pcode": "NPL", "adm0_name": "Nepal", "adm1_pcode": "NP04", "adm1_name": "Gandaki", "adm2_pcode": "NP0436", "adm2_name": "Gorkha", "adm3_pcode": "NP0436409", "adm3_name": "Gandaki", "adm4_pcode": null, "adm4_name": null, "name_latin": null }, "geometry": { "type": "Polygon", "coordinates": [ [ [ 84.6334922, 27.868001 ], [ 84.6334968, 27.8678362 ], [ 84.6335271, 27.8677043 ], [ 84.6335609, 27.8676508 ], [ 84.6336064, 27.8675807 ], [ 84.6336553, 27.8675498 ], [ 84.6337077, 27.8675571 ], [ 84.6337811, 27.8675849 ], [ 84.6338149, 27.8675828 ], [ 84.6338522, 27.8675622 ], [ 84.633872, 27.8675323 ], [ 84.6338813, 27.8674973 ], [ 84.6338872, 27.8674087 ], [ 84.633907, 27.8672141 ], [ 84.6339209, 27.8670946 ], [ 84.6339536, 27.8668659 ], [ 84.6339606, 27.8667011 ], [ 84.6339582, 27.8665363 ], [ 84.6339443, 27.8661593 ], [ 84.6339475, 27.8658742 ], [ 84.6340319, 27.8658357 ], [ 84.6340802, 27.8659448 ], [ 84.6340748, 27.8667368 ], [ 84.634166, 27.8668363 ], [ 84.6342786, 27.8669691 ], [ 84.6343967, 27.8671256 ], [ 84.6347829, 27.8679318 ], [ 84.6349438, 27.8681025 ], [ 84.6350189, 27.8682638 ], [ 84.6350189, 27.8684487 ], [ 84.6349599, 27.8685863 ], [ 84.6348151, 27.8686432 ], [ 84.6347775, 27.8687333 ], [ 84.6346595, 27.8689087 ], [ 84.6344329, 27.8692317 ], [ 84.6342411, 27.8693403 ], [ 84.6340694, 27.8694209 ], [ 84.6340319, 27.8694825 ], [ 84.6339932, 27.8695748 ], [ 84.6337905, 27.8693873 ], [ 84.6336273, 27.8692122 ], [ 84.6335621, 27.8690969 ], [ 84.6335328, 27.8688614 ], [ 84.6335155, 27.8684727 ], [ 84.6335015, 27.868174 ], [ 84.6334922, 27.868001 ] ] ] } },
{ "type": "Feature", "properties": { "id": "way/343458836", "name": null, "name_en": null, "name_ne": null, "status": "Standing", "leisure": null, "landuse": null, "natural": "sand", "amenity": null, "place": null, "surface": null, "access": null, "operator": null, "source": null, "adm0_pcode": "NPL", "adm0_name": "Nepal", "adm1_pcode": "NP04", "adm1_name": "Gandaki", "adm2_pcode": "NP0436", "adm2_name": "Gorkha", "adm3_pcode": "NP0436409", "adm3_name": "Gandaki", "adm4_pcode": null, "adm4_name": null, "name_latin": null }, "geometry": { "type": "Polygon", "coordinates": [ [ [ 84.7403482, 27.8049079 ], [ 84.7405941, 27.8048961 ], [ 84.7408561, 27.8048796 ], [ 84.7410151, 27.8048654 ], [ 84.7413986, 27.8048264 ], [ 84.7417768, 27.8047673 ], [ 84.7422553, 27.8046821 ], [ 84.7425934, 27.804623 ], [ 84.7427471, 27.8045994 ], [ 84.7431105, 27.8045699 ], [ 84.7433484, 27.8045699 ], [ 84.7435088, 27.804584 ], [ 84.7438215, 27.8046337 ], [ 84.744054, 27.8046869 ], [ 84.7442532, 27.8047365 ], [ 84.7445231, 27.8047909 ], [ 84.7447409, 27.8048193 ], [ 84.7448799, 27.8048394 ], [ 84.7449574, 27.8048689 ], [ 84.7450349, 27.8049067 ], [ 84.7451378, 27.8049635 ], [ 84.7435137, 27.8050313 ], [ 84.7420117, 27.8050882 ], [ 84.7407671, 27.8049933 ], [ 84.7404238, 27.8049459 ], [ 84.7403482, 27.8049079 ] ] ] } },
{ "type": "Feature", "properties": { "id": "way/954484033", "name": null, "name_en": null, "name_ne": null, "status": "Standing", "leisure": null, "landuse": null, "natural": "sand", "amenity": null, "place": null, "surface": null, "access": null, "operator": null, "source": null, "adm0_pcode": "NPL", "adm0_name": "Nepal", "adm1_pcode": "NP04", "adm1_name": "Gandaki", "adm2_pcode": "NP0440", "adm2_name": "Tanahu", "adm3_pcode": "NP0440405", "adm3_name": "Aanbu Khaireni", "adm4_pcode": null, "adm4_name": null, "name_latin": null }, "geometry": { "type": "Polygon", "coordinates": [ [ [ 84.556886, 27.8483968 ], [ 84.5569074, 27.8483541 ], [ 84.5569235, 27.8481691 ], [ 84.5569557, 27.8480837 ], [ 84.5570415, 27.8479652 ], [ 84.5570737, 27.8478323 ], [ 84.5570737, 27.8477375 ], [ 84.557004, 27.8474624 ], [ 84.5570147, 27.8474244 ], [ 84.5570522, 27.8473865 ], [ 84.5571059, 27.8473865 ], [ 84.5571381, 27.8474244 ], [ 84.5571327, 27.8475193 ], [ 84.5571595, 27.8475572 ], [ 84.5571971, 27.8475857 ], [ 84.5572507, 27.8475904 ], [ 84.5573473, 27.8475572 ], [ 84.5573956, 27.8475572 ], [ 84.5574331, 27.8475904 ], [ 84.5574278, 27.8476426 ], [ 84.5573848, 27.8476711 ], [ 84.5572239, 27.8477043 ], [ 84.557181, 27.8477422 ], [ 84.5571649, 27.8479082 ], [ 84.5571381, 27.8479652 ], [ 84.5570308, 27.84806 ], [ 84.5570201, 27.8481217 ], [ 84.5571005, 27.8483162 ], [ 84.5573741, 27.8483162 ], [ 84.5575833, 27.8483399 ], [ 84.557696, 27.8483446 ], [ 84.5578422, 27.8483671 ], [ 84.5578052, 27.8484496 ], [ 84.557708, 27.8484229 ], [ 84.557637, 27.848411 ], [ 84.5575297, 27.848411 ], [ 84.5573687, 27.8484537 ], [ 84.5572025, 27.8485059 ], [ 84.5571649, 27.8485438 ], [ 84.5570952, 27.8487335 ], [ 84.5570093, 27.8487952 ], [ 84.5569611, 27.8487715 ], [ 84.5569342, 27.8486339 ], [ 84.5569074, 27.848596 ], [ 84.556886, 27.8483968 ] ] ] } },
{ "type": "Feature", "properties": { "id": "way/327575747", "name": null, "name_en": null, "name_ne": null, "status": "Standing", "leisure": null, "landuse": "meadow", "natural": null, "amenity": null, "place": null, "surface": null, "access": null, "operator": null, "source": null, "adm0_pcode": "NPL", "adm0_name": "Nepal", "adm1_pcode": "NP03", "adm1_name": "Bagmati", "adm2_pcode": "NP0335", "adm2_name": "Chitawan", "adm3_pcode": "NP0335401", "adm3_name": "Ichchha Kamana", "adm4_pcode": null, "adm4_name": null, "name_latin": null }, "geometry": { "type": "Polygon", "coordinates": [ [ [ 84.6226526, 27.8797542 ], [ 84.6227599, 27.8795076 ], [ 84.6228994, 27.8793464 ], [ 84.6230496, 27.879261 ], [ 84.6232105, 27.8792136 ], [ 84.62335, 27.8791093 ], [ 84.6238542, 27.8781799 ], [ 84.6240366, 27.8774307 ], [ 84.6243907, 27.8768332 ], [ 84.6248091, 27.8763306 ], [ 84.6252597, 27.8761504 ], [ 84.6255494, 27.8760935 ], [ 84.6258927, 27.8761788 ], [ 84.6261609, 27.8764159 ], [ 84.6264935, 27.8769565 ], [ 84.6266437, 27.8773264 ], [ 84.6265686, 27.8776488 ], [ 84.6264077, 27.8778859 ], [ 84.6259249, 27.8781609 ], [ 84.6253777, 27.8783032 ], [ 84.6246696, 27.8784549 ], [ 84.6241868, 27.8786541 ], [ 84.6237362, 27.8789386 ], [ 84.623468, 27.8792231 ], [ 84.6231783, 27.8794033 ], [ 84.6228565, 27.879574 ], [ 84.6226526, 27.8797542 ] ] ] } },
{ "type": "Feature", "properties": { "id": "way/382735460", "name": null, "name_en": null, "name_ne": null, "status": "Standing", "leisure": null, "landuse": null, "natural": "sand", "amenity": null, "place": null, "surface": null, "access": null, "operator": null, "source": null, "adm0_pcode": "NPL", "adm0_name": "Nepal", "adm1_pcode": "NP04", "adm1_name": "Gandaki", "adm2_pcode": "NP0436", "adm2_name": "Gorkha", "adm3_pcode": "NP0436408", "adm3_name": "Shahid Lakhan", "adm4_pcode": null, "adm4_name": null, "name_latin": null }, "geometry": { "type": "Polygon", "coordinates": [ [ [ 84.5993856, 27.8767761 ], [ 84.5994365, 27.8766834 ], [ 84.5994955, 27.8766147 ], [ 84.5995666, 27.8765708 ], [ 84.599926, 27.8765129 ], [ 84.6000601, 27.8765105 ], [ 84.6002492, 27.8765247 ], [ 84.6004987, 27.8766053 ], [ 84.6006435, 27.8766634 ], [ 84.6007025, 27.876686 ], [ 84.6007629, 27.8766919 ], [ 84.6008326, 27.8766741 ], [ 84.6009225, 27.8766658 ], [ 84.6010512, 27.8766551 ], [ 84.6011612, 27.8766658 ], [ 84.6012028, 27.8766385 ], [ 84.6012457, 27.8766172 ], [ 84.6012832, 27.8766053 ], [ 84.6013382, 27.8766089 ], [ 84.6014107, 27.8766241 ], [ 84.6011802, 27.8767361 ], [ 84.6010388, 27.876783 ], [ 84.6009543, 27.8768013 ], [ 84.6009302, 27.8768066 ], [ 84.6007868, 27.8768377 ], [ 84.6005259, 27.8768651 ], [ 84.6002298, 27.8768612 ], [ 84.6000264, 27.8768377 ], [ 84.5997081, 27.876783 ], [ 84.5993856, 27.8767761 ] ] ] } },
{ "type": "Feature", "properties": { "id": "way/1547280144", "name": null, "name_en": null, "name_ne": null, "status": "Standing", "leisure": null, "landuse": null, "natural": "grassland", "amenity": null, "place": null, "surface": null, "access": null, "operator": null, "source": null, "adm0_pcode": "NPL", "adm0_name": "Nepal", "adm1_pcode": "NP03", "adm1_name": "Bagmati", "adm2_pcode": "NP0335", "adm2_name": "Chitawan", "adm3_pcode": "NP0335401", "adm3_name": "Ichchha Kamana", "adm4_pcode": null, "adm4_name": null, "name_latin": null }, "geometry": { "type": "Polygon", "coordinates": [ [ [ 84.6156354, 27.8729662 ], [ 84.6156544, 27.8729561 ], [ 84.6158194, 27.8729528 ], [ 84.6158346, 27.8729587 ], [ 84.6158384, 27.8729754 ], [ 84.6158222, 27.873009 ], [ 84.6158156, 27.8730651 ], [ 84.6158241, 27.8731381 ], [ 84.6158099, 27.8731364 ], [ 84.6157464, 27.8730727 ], [ 84.6156354, 27.8729662 ] ] ] } },
{ "type": "Feature", "properties": { "id": "way/1547274677", "name": null, "name_en": null, "name_ne": null, "status": "Standing", "leisure": null, "landuse": null, "natural": "sand", "amenity": null, "place": null, "surface": null, "access": null, "operator": null, "source": null, "adm0_pcode": "NPL", "adm0_name": "Nepal", "adm1_pcode": "NP04", "adm1_name": "Gandaki", "adm2_pcode": "NP0436", "adm2_name": "Gorkha", "adm3_pcode": "NP0436408", "adm3_name": "Shahid Lakhan", "adm4_pcode": null, "adm4_name": null, "name_latin": null }, "geometry": { "type": "Polygon", "coordinates": [ [ [ 84.5761122, 27.8688919 ], [ 84.5761149, 27.8687236 ], [ 84.5761578, 27.8684936 ], [ 84.5762492, 27.868322 ], [ 84.5763288, 27.8683452 ], [ 84.5763454, 27.8685177 ], [ 84.5763239, 27.8686043 ], [ 84.5763239, 27.8687181 ], [ 84.5763253, 27.8689587 ], [ 84.5763153, 27.8690412 ], [ 84.5762651, 27.8690271 ], [ 84.5762329, 27.8690034 ], [ 84.5761873, 27.8689346 ], [ 84.5761578, 27.8689085 ], [ 84.5761122, 27.8688919 ] ] ] } },
{ "type": "Feature", "properties": { "id": "way/302582601", "name": null, "name_en": null, "name_ne": null, "status": "Standing", "leisure": null, "landuse": null, "natural": "sand", "amenity": null, "place": null, "surface": null, "access": null, "operator": null, "source": null, "adm0_pcode": "NPL", "adm0_name": "Nepal", "adm1_pcode": "NP04", "adm1_name": "Gandaki", "adm2_pcode": "NP0440", "adm2_name": "Tanahu", "adm3_pcode": "NP0440406", "adm3_name": "Devghat", "adm4_pcode": null, "adm4_name": null, "name_latin": null }, "geometry": { "type": "Polygon", "coordinates": [ [ [ 84.4613664, 27.7578722 ], [ 84.4613779, 27.7577287 ], [ 84.4614444, 27.757593 ], [ 84.4616514, 27.7571844 ], [ 84.4617216, 27.756926 ], [ 84.4619433, 27.7567616 ], [ 84.4622347, 27.7565138 ], [ 84.4624345, 27.7562836 ], [ 84.4625956, 27.7561126 ], [ 84.4628788, 27.7559487 ], [ 84.4631818, 27.7557091 ], [ 84.463961, 27.7551331 ], [ 84.4645687, 27.7547406 ], [ 84.4651142, 27.7542517 ], [ 84.465611, 27.7537878 ], [ 84.4661481, 27.7534027 ], [ 84.4666552, 27.7531602 ], [ 84.4673197, 27.7530126 ], [ 84.4679732, 27.7528916 ], [ 84.4684085, 27.7528174 ], [ 84.4687326, 27.7527201 ], [ 84.469366, 27.752262 ], [ 84.46976, 27.7521551 ], [ 84.4700313, 27.7521306 ], [ 84.4703145, 27.7523406 ], [ 84.4705904, 27.7526782 ], [ 84.4707343, 27.7528791 ], [ 84.4708675, 27.7530604 ], [ 84.470889, 27.7532716 ], [ 84.4709265, 27.7535066 ], [ 84.4709694, 27.7537843 ], [ 84.4709936, 27.75396 ], [ 84.4709828, 27.7541072 ], [ 84.4709587, 27.7543089 ], [ 84.4709426, 27.7546887 ], [ 84.470969, 27.755007 ], [ 84.471007, 27.755313 ], [ 84.4710012, 27.7556622 ], [ 84.4708273, 27.7570575 ], [ 84.4707495, 27.7576011 ], [ 84.4706257, 27.7581402 ], [ 84.4707437, 27.7566876 ], [ 84.470808, 27.7557666 ], [ 84.4707866, 27.7553678 ], [ 84.47069, 27.7549026 ], [ 84.4705184, 27.7543424 ], [ 84.4704111, 27.7540671 ], [ 84.4702394, 27.7537918 ], [ 84.4699497, 27.7535734 ], [ 84.4695742, 27.753355 ], [ 84.4690485, 27.7531936 ], [ 84.4683726, 27.7530986 ], [ 84.4681902, 27.7531651 ], [ 84.4674392, 27.7538677 ], [ 84.4666989, 27.7545703 ], [ 84.4661625, 27.755007 ], [ 84.4659479, 27.7553014 ], [ 84.4657977, 27.7555292 ], [ 84.4651432, 27.7558615 ], [ 84.4647677, 27.7559755 ], [ 84.4644995, 27.7558236 ], [ 84.4640489, 27.7558236 ], [ 84.4638665, 27.755966 ], [ 84.4638987, 27.7562318 ], [ 84.463094, 27.7564692 ], [ 84.462579, 27.7566781 ], [ 84.4621177, 27.7570199 ], [ 84.4616993, 27.7575231 ], [ 84.4613664, 27.7578722 ] ] ] } },
{ "type": "Feature", "properties": { "id": "way/1019052988", "name": null, "name_en": null, "name_ne": null, "status": "Standing", "leisure": null, "landuse": "grass", "natural": null, "amenity": null, "place": null, "surface": null, "access": null, "operator": null, "source": null, "adm0_pcode": "NPL", "adm0_name": "Nepal", "adm1_pcode": "NP03", "adm1_name": "Bagmati", "adm2_pcode": "NP0335", "adm2_name": "Chitawan", "adm3_pcode": "NP0335101", "adm3_name": "Bharatpur", "adm4_pcode": null, "adm4_name": null, "name_latin": null }, "geometry": { "type": "Polygon", "coordinates": [ [ [ 84.4728591, 27.7577115 ], [ 84.4728684, 27.7575785 ], [ 84.4729798, 27.7575821 ], [ 84.4731165, 27.757607 ], [ 84.4732319, 27.7576486 ], [ 84.4732909, 27.7576545 ], [ 84.4734585, 27.7576521 ], [ 84.4736637, 27.757683 ], [ 84.473716, 27.7576996 ], [ 84.4737321, 27.7577198 ], [ 84.4737442, 27.7577672 ], [ 84.4737442, 27.7578895 ], [ 84.4737227, 27.7579939 ], [ 84.473661, 27.7581494 ], [ 84.473657, 27.758204 ], [ 84.4736382, 27.7582491 ], [ 84.4736034, 27.7582894 ], [ 84.4735564, 27.7583143 ], [ 84.4733606, 27.7583321 ], [ 84.4731809, 27.7583286 ], [ 84.4729945, 27.7582942 ], [ 84.472963, 27.7582597 ], [ 84.4729496, 27.7581636 ], [ 84.472965, 27.758093 ], [ 84.4729435, 27.7580028 ], [ 84.4729134, 27.7579607 ], [ 84.4728785, 27.757877 ], [ 84.4728591, 27.7577115 ] ] ] } },
{ "type": "Feature", "properties": { "id": "way/382735545", "name": null, "name_en": null, "name_ne": null, "status": "Standing", "leisure": null, "landuse": null, "natural": "sand", "amenity": null, "place": null, "surface": null, "access": null, "operator": null, "source": null, "adm0_pcode": "NPL", "adm0_name": "Nepal", "adm1_pcode": "NP03", "adm1_name": "Bagmati", "adm2_pcode": "NP0330", "adm2_name": "Dhading", "adm3_pcode": "NP0330408", "adm3_name": "Benighat Rorang", "adm4_pcode": null, "adm4_name": null, "name_latin": null }, "geometry": { "type": "Polygon", "coordinates": [ [ [ 84.8211308, 27.813268 ], [ 84.8211491, 27.813086 ], [ 84.8211776, 27.8128843 ], [ 84.8212494, 27.8125713 ], [ 84.821349, 27.8123008 ], [ 84.8214384, 27.8121996 ], [ 84.8214914, 27.8121473 ], [ 84.821526, 27.8121473 ], [ 84.8215443, 27.8121852 ], [ 84.8215667, 27.8123671 ], [ 84.8216319, 27.8127077 ], [ 84.8217562, 27.8132086 ], [ 84.8218295, 27.8135113 ], [ 84.8220251, 27.813895 ], [ 84.8221636, 27.8141076 ], [ 84.8221636, 27.8141761 ], [ 84.8221555, 27.814268 ], [ 84.8221045, 27.8143797 ], [ 84.8220047, 27.8144734 ], [ 84.8218723, 27.8145238 ], [ 84.8217399, 27.8145365 ], [ 84.8216319, 27.8145347 ], [ 84.8215851, 27.8145004 ], [ 84.821528, 27.8144211 ], [ 84.8214771, 27.8143148 ], [ 84.8213936, 27.8141022 ], [ 84.8212958, 27.8138158 ], [ 84.8211878, 27.8135365 ], [ 84.8211308, 27.813268 ] ] ] } },
{ "type": "Feature", "properties": { "id": "way/1529973353", "name": null, "name_en": null, "name_ne": null, "status": "Standing", "leisure": null, "landuse": null, "natural": "sand", "amenity": null, "place": null, "surface": null, "access": null, "operator": null, "source": null, "adm0_pcode": "NPL", "adm0_name": "Nepal", "adm1_pcode": "NP03", "adm1_name": "Bagmati", "adm2_pcode": "NP0335", "adm2_name": "Chitawan", "adm3_pcode": "NP0335101", "adm3_name": "Bharatpur", "adm4_pcode": null, "adm4_name": null, "name_latin": null }, "geometry": { "type": "Polygon", "coordinates": [ [ [ 84.4534607, 27.8210564 ], [ 84.4536332, 27.8210102 ], [ 84.4538098, 27.8209499 ], [ 84.4541653, 27.8208897 ], [ 84.454544, 27.8208577 ], [ 84.4547045, 27.8208222 ], [ 84.4548873, 27.8207545 ], [ 84.4551555, 27.8206312 ], [ 84.455134, 27.8208594 ], [ 84.4553272, 27.8210682 ], [ 84.4549232, 27.821034 ], [ 84.4543324, 27.8211928 ], [ 84.4539675, 27.8212082 ], [ 84.4534607, 27.8210564 ] ] ] } },
{ "type": "Feature", "properties": { "id": "way/1537153643", "name": null, "name_en": null, "name_ne": null, "status": "Standing", "leisure": null, "landuse": null, "natural": "sand", "amenity": null, "place": null, "surface": null, "access": null, "operator": null, "source": null, "adm0_pcode": "NPL", "adm0_name": "Nepal", "adm1_pcode": "NP04", "adm1_name": "Gandaki", "adm2_pcode": "NP0440", "adm2_name": "Tanahu", "adm3_pcode": "NP0440405", "adm3_name": "Aanbu Khaireni", "adm4_pcode": null, "adm4_name": null, "name_latin": null }, "geometry": { "type": "Polygon", "coordinates": [ [ [ 84.5167293, 27.8165537 ], [ 84.5168323, 27.8165269 ], [ 84.5170637, 27.8164396 ], [ 84.5171778, 27.8164806 ], [ 84.5176802, 27.8168743 ], [ 84.5179293, 27.8171906 ], [ 84.5180559, 27.8174549 ], [ 84.5181143, 27.8175817 ], [ 84.5177221, 27.8172034 ], [ 84.517337, 27.8169009 ], [ 84.5170781, 27.8167102 ], [ 84.5167293, 27.8165537 ] ] ] } },
{ "type": "Feature", "properties": { "id": "way/328756284", "name": null, "name_en": null, "name_ne": null, "status": "Standing", "leisure": null, "landuse": null, "natural": "sand", "amenity": null, "place": null, "surface": null, "access": null, "operator": null, "source": null, "adm0_pcode": "NPL", "adm0_name": "Nepal", "adm1_pcode": "NP04", "adm1_name": "Gandaki", "adm2_pcode": "NP0447", "adm2_name": "Nawalparasi East", "adm3_pcode": "NP0447304", "adm3_name": "Gaidakot", "adm4_pcode": null, "adm4_name": null, "name_latin": null }, "geometry": { "type": "Polygon", "coordinates": [ [ [ 84.417289, 27.7513003 ], [ 84.4173118, 27.7512255 ], [ 84.4174312, 27.7509134 ], [ 84.4175693, 27.750568 ], [ 84.4176753, 27.7502499 ], [ 84.4177933, 27.7499793 ], [ 84.4179314, 27.7496434 ], [ 84.4180682, 27.7494084 ], [ 84.4182801, 27.7491473 ], [ 84.4184907, 27.7489396 ], [ 84.4186543, 27.7488162 ], [ 84.4188367, 27.7487236 ], [ 84.4190767, 27.7486595 ], [ 84.419412, 27.748631 ], [ 84.4197044, 27.7486488 ], [ 84.4199713, 27.7486607 ], [ 84.4201389, 27.748637 ], [ 84.420328, 27.7486014 ], [ 84.4205359, 27.7485575 ], [ 84.4207799, 27.7485408 ], [ 84.4211125, 27.7485385 ], [ 84.4214103, 27.7485622 ], [ 84.4216758, 27.7486263 ], [ 84.421995, 27.7487711 ], [ 84.4223101, 27.748891 ], [ 84.4219009, 27.7489537 ], [ 84.420769, 27.7488256 ], [ 84.4203077, 27.748873 ], [ 84.4201092, 27.7490439 ], [ 84.419621, 27.7498083 ], [ 84.4193957, 27.7506628 ], [ 84.4190899, 27.7515791 ], [ 84.4190631, 27.7519019 ], [ 84.4191489, 27.7521677 ], [ 84.4190124, 27.7521252 ], [ 84.4189359, 27.7520041 ], [ 84.4188823, 27.7519649 ], [ 84.4187777, 27.7519578 ], [ 84.4185899, 27.7519922 ], [ 84.4184518, 27.7520029 ], [ 84.4182761, 27.7519649 ], [ 84.4181447, 27.7519127 ], [ 84.4176672, 27.751635 ], [ 84.4174312, 27.7515044 ], [ 84.4173266, 27.7514273 ], [ 84.4172971, 27.7513763 ], [ 84.417289, 27.7513003 ] ] ] } },
{ "type": "Feature", "properties": { "id": "way/302582596", "name": null, "name_en": null, "name_ne": null, "status": "Standing", "leisure": null, "landuse": null, "natural": "sand", "amenity": null, "place": null, "surface": null, "access": null, "operator": null, "source": null, "adm0_pcode": "NPL", "adm0_name": "Nepal", "adm1_pcode": "NP04", "adm1_name": "Gandaki", "adm2_pcode": "NP0440", "adm2_name": "Tanahu", "adm3_pcode": "NP0440406", "adm3_name": "Devghat", "adm4_pcode": null, "adm4_name": null, "name_latin": null }, "geometry": { "type": "Polygon", "coordinates": [ [ [ 84.4422897, 27.7510786 ], [ 84.4424562, 27.751226 ], [ 84.4426423, 27.7513936 ], [ 84.4428022, 27.7515554 ], [ 84.442972, 27.7516392 ], [ 84.4430634, 27.7516132 ], [ 84.4431548, 27.7515987 ], [ 84.4432267, 27.7516507 ], [ 84.443292, 27.7517634 ], [ 84.4433736, 27.7519801 ], [ 84.4434683, 27.7521217 ], [ 84.4435695, 27.7522257 ], [ 84.4436805, 27.7522719 ], [ 84.4438176, 27.7523066 ], [ 84.4439025, 27.7523413 ], [ 84.4439776, 27.752399 ], [ 84.4440363, 27.7524857 ], [ 84.4438682, 27.7524955 ], [ 84.4437716, 27.7524765 ], [ 84.4436737, 27.7524345 ], [ 84.4434122, 27.7522391 ], [ 84.4429066, 27.7518126 ], [ 84.4426773, 27.751622 ], [ 84.4424466, 27.7513324 ], [ 84.4422897, 27.7510786 ] ] ] } },
{ "type": "Feature", "properties": { "id": "way/302582595", "name": null, "name_en": null, "name_ne": null, "status": "Standing", "leisure": null, "landuse": null, "natural": "sand", "amenity": null, "place": null, "surface": null, "access": null, "operator": null, "source": null, "adm0_pcode": "NPL", "adm0_name": "Nepal", "adm1_pcode": "NP04", "adm1_name": "Gandaki", "adm2_pcode": "NP0440", "adm2_name": "Tanahu", "adm3_pcode": "NP0440406", "adm3_name": "Devghat", "adm4_pcode": null, "adm4_name": null, "name_latin": null }, "geometry": { "type": "Polygon", "coordinates": [ [ [ 84.4423941, 27.7487643 ], [ 84.4428328, 27.7488089 ], [ 84.444015, 27.7499323 ], [ 84.4445533, 27.7504892 ], [ 84.4448613, 27.7508079 ], [ 84.4453591, 27.7514466 ], [ 84.4455045, 27.7516575 ], [ 84.44599, 27.7518356 ], [ 84.4463855, 27.7520116 ], [ 84.4468613, 27.7522346 ], [ 84.4478483, 27.7525859 ], [ 84.4477722, 27.7527811 ], [ 84.4477947, 27.753279 ], [ 84.4480415, 27.754162 ], [ 84.4483301, 27.754642 ], [ 84.448727, 27.7551072 ], [ 84.4489731, 27.7553351 ], [ 84.4489829, 27.7553441 ], [ 84.4497259, 27.7557571 ], [ 84.4503364, 27.7559997 ], [ 84.4507666, 27.7560135 ], [ 84.4512054, 27.7560662 ], [ 84.4519253, 27.7564027 ], [ 84.4509275, 27.7562793 ], [ 84.4499941, 27.7560894 ], [ 84.4492967, 27.7558615 ], [ 84.44905, 27.75589 ], [ 84.4489963, 27.7561464 ], [ 84.4493171, 27.7567308 ], [ 84.4500145, 27.7573764 ], [ 84.4509275, 27.7579978 ], [ 84.4518824, 27.758349 ], [ 84.4526763, 27.7585199 ], [ 84.4535561, 27.7585579 ], [ 84.4542427, 27.7584155 ], [ 84.4555838, 27.7579503 ], [ 84.4568069, 27.757656 ], [ 84.4571964, 27.7576366 ], [ 84.4579695, 27.7571191 ], [ 84.4584015, 27.7568469 ], [ 84.4587781, 27.7561852 ], [ 84.4592561, 27.7557365 ], [ 84.4595914, 27.7552629 ], [ 84.4601633, 27.7546296 ], [ 84.4607551, 27.7539721 ], [ 84.4600685, 27.7541051 ], [ 84.460959, 27.7535069 ], [ 84.4623752, 27.7526714 ], [ 84.4639738, 27.7519878 ], [ 84.4645424, 27.7517884 ], [ 84.4651664, 27.7522321 ], [ 84.4649395, 27.7523575 ], [ 84.4646951, 27.752481 ], [ 84.4642731, 27.7527214 ], [ 84.4638371, 27.7529943 ], [ 84.4628991, 27.7536178 ], [ 84.4620222, 27.7542773 ], [ 84.4614551, 27.7547636 ], [ 84.4607497, 27.7553815 ], [ 84.4603775, 27.7557203 ], [ 84.4598458, 27.7561846 ], [ 84.4592113, 27.756699 ], [ 84.4585023, 27.757248 ], [ 84.4583853, 27.7574173 ], [ 84.4583463, 27.7575585 ], [ 84.4583322, 27.7577436 ], [ 84.4583818, 27.7579757 ], [ 84.4584633, 27.7582204 ], [ 84.45852, 27.7583741 ], [ 84.4584846, 27.7585121 ], [ 84.4583924, 27.7586313 ], [ 84.4580131, 27.758832 ], [ 84.4575027, 27.7590642 ], [ 84.4571057, 27.7592241 ], [ 84.4569107, 27.7592931 ], [ 84.456698, 27.7593214 ], [ 84.4564109, 27.7593276 ], [ 84.455943, 27.7594217 ], [ 84.4555886, 27.7594845 ], [ 84.4553262, 27.7595347 ], [ 84.4550568, 27.7595504 ], [ 84.454791, 27.7595284 ], [ 84.4545251, 27.7594939 ], [ 84.4542628, 27.7594343 ], [ 84.453802, 27.759312 ], [ 84.4532922, 27.7591858 ], [ 84.4529371, 27.7590924 ], [ 84.4525436, 27.7590202 ], [ 84.4515724, 27.7588571 ], [ 84.4511577, 27.7587818 ], [ 84.4507571, 27.7587034 ], [ 84.4504806, 27.758625 ], [ 84.4503147, 27.7585675 ], [ 84.4499359, 27.7583422 ], [ 84.4495703, 27.7580821 ], [ 84.4492825, 27.7578722 ], [ 84.4488651, 27.7576314 ], [ 84.4486374, 27.7574832 ], [ 84.4484472, 27.7573483 ], [ 84.4483219, 27.757226 ], [ 84.4482186, 27.7570883 ], [ 84.4479958, 27.7567743 ], [ 84.4476448, 27.7562034 ], [ 84.4473893, 27.7558112 ], [ 84.4471982, 27.7555886 ], [ 84.4470302, 27.7553894 ], [ 84.4468082, 27.7551005 ], [ 84.4467103, 27.7549445 ], [ 84.446547, 27.7546382 ], [ 84.4464425, 27.7543609 ], [ 84.4463119, 27.7540604 ], [ 84.4461552, 27.7538061 ], [ 84.4460703, 27.7535865 ], [ 84.445992, 27.753367 ], [ 84.4459969, 27.7533135 ], [ 84.4460312, 27.7532803 ], [ 84.4461161, 27.7532514 ], [ 84.4461438, 27.7532109 ], [ 84.4461487, 27.7531474 ], [ 84.4461345, 27.7530909 ], [ 84.4461226, 27.7530434 ], [ 84.4460181, 27.7529047 ], [ 84.4459398, 27.7527775 ], [ 84.4458745, 27.7526504 ], [ 84.4457961, 27.7525464 ], [ 84.4457177, 27.7524539 ], [ 84.4456916, 27.7522575 ], [ 84.445659, 27.7520841 ], [ 84.445548, 27.7519281 ], [ 84.4454076, 27.7518587 ], [ 84.445277, 27.7518443 ], [ 84.4451007, 27.7518067 ], [ 84.4448819, 27.7517345 ], [ 84.4446599, 27.7516305 ], [ 84.4444151, 27.7514745 ], [ 84.4442224, 27.7512953 ], [ 84.4441702, 27.7512029 ], [ 84.4440984, 27.7511191 ], [ 84.4440592, 27.7511191 ], [ 84.4440135, 27.7511566 ], [ 84.443909, 27.7512636 ], [ 84.4438274, 27.7513242 ], [ 84.4437458, 27.7512751 ], [ 84.4437131, 27.751174 ], [ 84.4437523, 27.7510873 ], [ 84.4438894, 27.7509602 ], [ 84.4438862, 27.7508735 ], [ 84.4437556, 27.7507348 ], [ 84.4436054, 27.7504805 ], [ 84.4433148, 27.7500934 ], [ 84.4429067, 27.749634 ], [ 84.4426814, 27.7493017 ], [ 84.4425084, 27.7490416 ], [ 84.4423941, 27.7487643 ] ] ] } }
]
}
