{
"type": "FeatureCollection",
"name": "points_of_interest",
"crs": { "type": "name", "properties": { "name": "urn:ogc:def:crs:OGC:1.3:CRS84" } },
"features": [
{ "type": "Feature", "properties": { "id": "node/14127471253", "name": null, "name_en": null, "name_ne": null, "status": "Destroyed", "amenity": null, "man_made": "flagpole", "shop": null, "tourism": null, "opening_hours": null, "beds": null, "rooms": null, "addr_full": null, "addr_housenumber": null, "addr_street": null, "addr_city": null, "source": null, "adm0_pcode": "NPL", "adm0_name": "Nepal", "adm1_pcode": "NP03", "adm1_name": "Bagmati", "adm2_pcode": "NP0329", "adm2_name": "Rasuwa", "adm3_pcode": "NP0329402", "adm3_name": "Gosaikunda", "adm4_pcode": null, "adm4_name": null, "name_latin": null }, "geometry": { "type": "Point", "coordinates": [ 85.3782881, 28.2793789 ] } },
{ "type": "Feature", "properties": { "id": "node/5580245124", "name": null, "name_en": null, "name_ne": null, "status": "Destroyed", "amenity": "restaurant", "man_made": null, "shop": null, "tourism": null, "opening_hours": null, "beds": null, "rooms": null, "addr_full": null, "addr_housenumber": null, "addr_street": null, "addr_city": null, "source": null, "adm0_pcode": "NPL", "adm0_name": "Nepal", "adm1_pcode": "NP03", "adm1_name": "Bagmati", "adm2_pcode": "NP0329", "adm2_name": "Rasuwa", "adm3_pcode": "NP0329402", "adm3_name": "Gosaikunda", "adm4_pcode": null, "adm4_name": null, "name_latin": null }, "geometry": { "type": "Point", "coordinates": [ 85.3751211, 28.2653839 ] } },
{ "type": "Feature", "properties": { "id": "node/7189035785", "name": "Sonam Guest House & Restaurant", "name_en": "Sonam Guest House & Restaurant", "name_ne": null, "status": "Destroyed", "amenity": null, "man_made": null, "shop": null, "tourism": "hotel", "opening_hours": null, "beds": null, "rooms": null, "addr_full": null, "addr_housenumber": null, "addr_street": null, "addr_city": null, "source": null, "adm0_pcode": "NPL", "adm0_name": "Nepal", "adm1_pcode": "NP03", "adm1_name": "Bagmati", "adm2_pcode": "NP0329", "adm2_name": "Rasuwa", "adm3_pcode": "NP0329402", "adm3_name": "Gosaikunda", "adm4_pcode": null, "adm4_name": null, "name_latin": "Sonam Guest House & Restaurant" }, "geometry": { "type": "Point", "coordinates": [ 85.3739323, 28.2642962 ] } },
{ "type": "Feature", "properties": { "id": "node/7194454185", "name": "Immigration Office Nepal", "name_en": "Hotel Yangkhil", "name_ne": null, "status": "Destroyed", "amenity": null, "man_made": null, "shop": null, "tourism": "hotel", "opening_hours": null, "beds": null, "rooms": null, "addr_full": null, "addr_housenumber": null, "addr_street": null, "addr_city": null, "source": null, "adm0_pcode": "NPL", "adm0_name": "Nepal", "adm1_pcode": "NP03", "adm1_name": "Bagmati", "adm2_pcode": "NP0329", "adm2_name": "Rasuwa", "adm3_pcode": "NP0329402", "adm3_name": "Gosaikunda", "adm4_pcode": null, "adm4_name": null, "name_latin": "Hotel Yangkhil" }, "geometry": { "type": "Point", "coordinates": [ 85.3742895, 28.2645739 ] } },
{ "type": "Feature", "properties": { "id": "node/14128629839", "name": null, "name_en": null, "name_ne": null, "status": "Destroyed", "amenity": null, "man_made": "flagpole", "shop": null, "tourism": null, "opening_hours": null, "beds": null, "rooms": null, "addr_full": null, "addr_housenumber": null, "addr_street": null, "addr_city": null, "source": null, "adm0_pcode": "NPL", "adm0_name": "Nepal", "adm1_pcode": "NP03", "adm1_name": "Bagmati", "adm2_pcode": "NP0329", "adm2_name": "Rasuwa", "adm3_pcode": "NP0329402", "adm3_name": "Gosaikunda", "adm4_pcode": null, "adm4_name": null, "name_latin": null }, "geometry": { "type": "Point", "coordinates": [ 85.3775325, 28.277757 ] } },
{ "type": "Feature", "properties": { "id": "node/14132806719", "name": null, "name_en": null, "name_ne": null, "status": "Destroyed", "amenity": "parking_entrance", "man_made": null, "shop": null, "tourism": null, "opening_hours": null, "beds": null, "rooms": null, "addr_full": null, "addr_housenumber": null, "addr_street": null, "addr_city": null, "source": null, "adm0_pcode": "NPL", "adm0_name": "Nepal", "adm1_pcode": "NP03", "adm1_name": "Bagmati", "adm2_pcode": "NP0329", "adm2_name": "Rasuwa", "adm3_pcode": "NP0329402", "adm3_name": "Gosaikunda", "adm4_pcode": null, "adm4_name": null, "name_latin": null }, "geometry": { "type": "Point", "coordinates": [ 85.3774351, 28.2801119 ] } },
{ "type": "Feature", "properties": { "id": "node/4969563549", "name": "Shree Danda Gaun Ucha Ma. V", "name_en": null, "name_ne": null, "status": "Standing", "amenity": "school", "man_made": null, "shop": null, "tourism": null, "opening_hours": null, "beds": null, "rooms": null, "addr_full": null, "addr_housenumber": null, "addr_street": null, "addr_city": null, "source": null, "adm0_pcode": "NPL", "adm0_name": "Nepal", "adm1_pcode": "NP03", "adm1_name": "Bagmati", "adm2_pcode": "NP0329", "adm2_name": "Rasuwa", "adm3_pcode": "NP0329403", "adm3_name": "Uttargaya", "adm4_pcode": null, "adm4_name": null, "name_latin": "Shree Danda Gaun Ucha Ma. V" }, "geometry": { "type": "Point", "coordinates": [ 85.1851894, 28.0378925 ] } },
{ "type": "Feature", "properties": { "id": "node/4969565986", "name": "Shree Dipendra Pra Vi", "name_en": null, "name_ne": null, "status": "Standing", "amenity": "school", "man_made": null, "shop": null, "tourism": null, "opening_hours": null, "beds": null, "rooms": null, "addr_full": null, "addr_housenumber": null, "addr_street": null, "addr_city": null, "source": null, "adm0_pcode": "NPL", "adm0_name": "Nepal", "adm1_pcode": "NP03", "adm1_name": "Bagmati", "adm2_pcode": "NP0329", "adm2_name": "Rasuwa", "adm3_pcode": "NP0329403", "adm3_name": "Uttargaya", "adm4_pcode": null, "adm4_name": null, "name_latin": "Shree Dipendra Pra Vi" }, "geometry": { "type": "Point", "coordinates": [ 85.1894642, 28.0473961 ] } },
{ "type": "Feature", "properties": { "id": "node/4969579345", "name": "Shree Chipleti Pra Vi", "name_en": null, "name_ne": null, "status": "Standing", "amenity": "school", "man_made": null, "shop": null, "tourism": null, "opening_hours": null, "beds": null, "rooms": null, "addr_full": null, "addr_housenumber": null, "addr_street": null, "addr_city": null, "source": null, "adm0_pcode": "NPL", "adm0_name": "Nepal", "adm1_pcode": "NP03", "adm1_name": "Bagmati", "adm2_pcode": "NP0329", "adm2_name": "Rasuwa", "adm3_pcode": "NP0329404", "adm3_name": "Kalika", "adm4_pcode": null, "adm4_name": null, "name_latin": "Shree Chipleti Pra Vi" }, "geometry": { "type": "Point", "coordinates": [ 85.2081762, 28.0563867 ] } },
{ "type": "Feature", "properties": { "id": "node/4969595164", "name": "Shree Simle Pra Vi", "name_en": null, "name_ne": null, "status": "Standing", "amenity": "school", "man_made": null, "shop": null, "tourism": null, "opening_hours": null, "beds": null, "rooms": null, "addr_full": null, "addr_housenumber": null, "addr_street": null, "addr_city": null, "source": null, "adm0_pcode": "NPL", "adm0_name": "Nepal", "adm1_pcode": "NP03", "adm1_name": "Bagmati", "adm2_pcode": "NP0329", "adm2_name": "Rasuwa", "adm3_pcode": "NP0329403", "adm3_name": "Uttargaya", "adm4_pcode": null, "adm4_name": null, "name_latin": "Shree Simle Pra Vi" }, "geometry": { "type": "Point", "coordinates": [ 85.1907891, 28.0297555 ] } },
{ "type": "Feature", "properties": { "id": "node/4969555362", "name": "Shree Saraswoti Ni Ma V", "name_en": null, "name_ne": null, "status": "Standing", "amenity": "school", "man_made": null, "shop": null, "tourism": null, "opening_hours": null, "beds": null, "rooms": null, "addr_full": null, "addr_housenumber": null, "addr_street": null, "addr_city": null, "source": null, "adm0_pcode": "NPL", "adm0_name": "Nepal", "adm1_pcode": "NP03", "adm1_name": "Bagmati", "adm2_pcode": "NP0329", "adm2_name": "Rasuwa", "adm3_pcode": "NP0329403", "adm3_name": "Uttargaya", "adm4_pcode": null, "adm4_name": null, "name_latin": "Shree Saraswoti Ni Ma V" }, "geometry": { "type": "Point", "coordinates": [ 85.1795711, 28.0276758 ] } },
{ "type": "Feature", "properties": { "id": "node/5019534984", "name": "Shree Tribhuwan Ma Vi", "name_en": null, "name_ne": null, "status": "Standing", "amenity": "school", "man_made": null, "shop": null, "tourism": null, "opening_hours": null, "beds": null, "rooms": null, "addr_full": null, "addr_housenumber": null, "addr_street": null, "addr_city": null, "source": null, "adm0_pcode": "NPL", "adm0_name": "Nepal", "adm1_pcode": "NP03", "adm1_name": "Bagmati", "adm2_pcode": "NP0329", "adm2_name": "Rasuwa", "adm3_pcode": "NP0329403", "adm3_name": "Uttargaya", "adm4_pcode": null, "adm4_name": null, "name_latin": "Shree Tribhuwan Ma Vi" }, "geometry": { "type": "Point", "coordinates": [ 85.1782975, 28.0181595 ] } },
{ "type": "Feature", "properties": { "id": "node/8240989340", "name": null, "name_en": null, "name_ne": null, "status": "Standing", "amenity": "place_of_worship", "man_made": null, "shop": null, "tourism": null, "opening_hours": null, "beds": null, "rooms": null, "addr_full": null, "addr_housenumber": null, "addr_street": null, "addr_city": null, "source": null, "adm0_pcode": "NPL", "adm0_name": "Nepal", "adm1_pcode": "NP03", "adm1_name": "Bagmati", "adm2_pcode": "NP0329", "adm2_name": "Rasuwa", "adm3_pcode": "NP0329403", "adm3_name": "Uttargaya", "adm4_pcode": null, "adm4_name": null, "name_latin": null }, "geometry": { "type": "Point", "coordinates": [ 85.1817404, 28.0174348 ] } },
{ "type": "Feature", "properties": { "id": "node/8240989258", "name": null, "name_en": null, "name_ne": null, "status": "Standing", "amenity": "place_of_worship", "man_made": null, "shop": null, "tourism": null, "opening_hours": null, "beds": null, "rooms": null, "addr_full": null, "addr_housenumber": null, "addr_street": null, "addr_city": null, "source": null, "adm0_pcode": "NPL", "adm0_name": "Nepal", "adm1_pcode": "NP03", "adm1_name": "Bagmati", "adm2_pcode": "NP0328", "adm2_name": "Nuwakot", "adm3_pcode": "NP0328402", "adm3_name": "Kispang", "adm4_pcode": null, "adm4_name": null, "name_latin": null }, "geometry": { "type": "Point", "coordinates": [ 85.1850309, 28.009401 ] } },
{ "type": "Feature", "properties": { "id": "node/4969588205", "name": "Shree kalika Pra Vi", "name_en": null, "name_ne": null, "status": "Standing", "amenity": "school", "man_made": null, "shop": null, "tourism": null, "opening_hours": null, "beds": null, "rooms": null, "addr_full": null, "addr_housenumber": null, "addr_street": null, "addr_city": null, "source": null, "adm0_pcode": "NPL", "adm0_name": "Nepal", "adm1_pcode": "NP03", "adm1_name": "Bagmati", "adm2_pcode": "NP0329", "adm2_name": "Rasuwa", "adm3_pcode": "NP0329404", "adm3_name": "Kalika", "adm4_pcode": null, "adm4_name": null, "name_latin": "Shree kalika Pra Vi" }, "geometry": { "type": "Point", "coordinates": [ 85.2220017, 28.0877364 ] } },
{ "type": "Feature", "properties": { "id": "node/4969571096", "name": "Shree Ganesh Pra Vi", "name_en": null, "name_ne": null, "status": "Standing", "amenity": "school", "man_made": null, "shop": null, "tourism": null, "opening_hours": null, "beds": null, "rooms": null, "addr_full": null, "addr_housenumber": null, "addr_street": null, "addr_city": null, "source": null, "adm0_pcode": "NPL", "adm0_name": "Nepal", "adm1_pcode": "NP03", "adm1_name": "Bagmati", "adm2_pcode": "NP0329", "adm2_name": "Rasuwa", "adm3_pcode": "NP0329403", "adm3_name": "Uttargaya", "adm4_pcode": null, "adm4_name": null, "name_latin": "Shree Ganesh Pra Vi" }, "geometry": { "type": "Point", "coordinates": [ 85.1991346, 28.0712845 ] } },
{ "type": "Feature", "properties": { "id": "node/7525011767", "name": null, "name_en": null, "name_ne": null, "status": "Standing", "amenity": "shelter", "man_made": null, "shop": null, "tourism": null, "opening_hours": null, "beds": null, "rooms": null, "addr_full": null, "addr_housenumber": null, "addr_street": null, "addr_city": null, "source": null, "adm0_pcode": "NPL", "adm0_name": "Nepal", "adm1_pcode": "NP03", "adm1_name": "Bagmati", "adm2_pcode": "NP0329", "adm2_name": "Rasuwa", "adm3_pcode": "NP0329403", "adm3_name": "Uttargaya", "adm4_pcode": null, "adm4_name": null, "name_latin": null }, "geometry": { "type": "Point", "coordinates": [ 85.1867502, 28.0425358 ] } },
{ "type": "Feature", "properties": { "id": "node/14146017520", "name": null, "name_en": null, "name_ne": null, "status": "Standing", "amenity": null, "man_made": "adit", "shop": null, "tourism": null, "opening_hours": null, "beds": null, "rooms": null, "addr_full": null, "addr_housenumber": null, "addr_street": null, "addr_city": null, "source": null, "adm0_pcode": "NPL", "adm0_name": "Nepal", "adm1_pcode": "NP03", "adm1_name": "Bagmati", "adm2_pcode": "NP0328", "adm2_name": "Nuwakot", "adm3_pcode": "NP0328402", "adm3_name": "Kispang", "adm4_pcode": null, "adm4_name": null, "name_latin": null }, "geometry": { "type": "Point", "coordinates": [ 85.1817388, 28.0101044 ] } },
{ "type": "Feature", "properties": { "id": "node/14148525788", "name": null, "name_en": null, "name_ne": null, "status": "Standing", "amenity": null, "man_made": "adit", "shop": null, "tourism": null, "opening_hours": null, "beds": null, "rooms": null, "addr_full": null, "addr_housenumber": null, "addr_street": null, "addr_city": null, "source": null, "adm0_pcode": "NPL", "adm0_name": "Nepal", "adm1_pcode": "NP03", "adm1_name": "Bagmati", "adm2_pcode": "NP0329", "adm2_name": "Rasuwa", "adm3_pcode": "NP0329403", "adm3_name": "Uttargaya", "adm4_pcode": null, "adm4_name": null, "name_latin": null }, "geometry": { "type": "Point", "coordinates": [ 85.1868579, 28.0262932 ] } },
{ "type": "Feature", "properties": { "id": "node/9802458028", "name": "SWomi BANK Battar", "name_en": null, "name_ne": null, "status": "Standing", "amenity": "bank", "man_made": null, "shop": null, "tourism": null, "opening_hours": null, "beds": null, "rooms": null, "addr_full": null, "addr_housenumber": null, "addr_street": null, "addr_city": null, "source": null, "adm0_pcode": "NPL", "adm0_name": "Nepal", "adm1_pcode": "NP03", "adm1_name": "Bagmati", "adm2_pcode": "NP0328", "adm2_name": "Nuwakot", "adm3_pcode": "NP0328301", "adm3_name": "Bidur", "adm4_pcode": null, "adm4_name": null, "name_latin": "SWomi BANK Battar" }, "geometry": { "type": "Point", "coordinates": [ 85.1478892, 27.8995851 ] } },
{ "type": "Feature", "properties": { "id": "node/2656132816", "name": "Toilet and Tap", "name_en": null, "name_ne": null, "status": "Destroyed", "amenity": "toilets", "man_made": null, "shop": null, "tourism": null, "opening_hours": null, "beds": null, "rooms": null, "addr_full": null, "addr_housenumber": null, "addr_street": null, "addr_city": null, "source": null, "adm0_pcode": "NPL", "adm0_name": "Nepal", "adm1_pcode": "NP03", "adm1_name": "Bagmati", "adm2_pcode": "NP0328", "adm2_name": "Nuwakot", "adm3_pcode": "NP0328301", "adm3_name": "Bidur", "adm4_pcode": null, "adm4_name": null, "name_latin": "Toilet and Tap" }, "geometry": { "type": "Point", "coordinates": [ 85.1496065, 27.9255118 ] } },
{ "type": "Feature", "properties": { "id": "node/4158627693", "name": "Nuwakot Districts", "name_en": null, "name_ne": null, "status": "Standing", "amenity": null, "man_made": null, "shop": null, "tourism": "viewpoint", "opening_hours": null, "beds": null, "rooms": null, "addr_full": null, "addr_housenumber": null, "addr_street": null, "addr_city": null, "source": null, "adm0_pcode": "NPL", "adm0_name": "Nepal", "adm1_pcode": "NP03", "adm1_name": "Bagmati", "adm2_pcode": "NP0328", "adm2_name": "Nuwakot", "adm3_pcode": "NP0328301", "adm3_name": "Bidur", "adm4_pcode": null, "adm4_name": null, "name_latin": "Nuwakot Districts" }, "geometry": { "type": "Point", "coordinates": [ 85.1441475, 27.9112405 ] } },
{ "type": "Feature", "properties": { "id": "node/3505076131", "name": null, "name_en": null, "name_ne": null, "status": "Destroyed", "amenity": null, "man_made": "utility_pole", "shop": null, "tourism": null, "opening_hours": null, "beds": null, "rooms": null, "addr_full": null, "addr_housenumber": null, "addr_street": null, "addr_city": null, "source": null, "adm0_pcode": "NPL", "adm0_name": "Nepal", "adm1_pcode": "NP03", "adm1_name": "Bagmati", "adm2_pcode": "NP0328", "adm2_name": "Nuwakot", "adm3_pcode": "NP0328301", "adm3_name": "Bidur", "adm4_pcode": null, "adm4_name": null, "name_latin": null }, "geometry": { "type": "Point", "coordinates": [ 85.0720548, 27.8540507 ] } },
{ "type": "Feature", "properties": { "id": "node/3505076132", "name": null, "name_en": null, "name_ne": null, "status": "Destroyed", "amenity": null, "man_made": "utility_pole", "shop": null, "tourism": null, "opening_hours": null, "beds": null, "rooms": null, "addr_full": null, "addr_housenumber": null, "addr_street": null, "addr_city": null, "source": null, "adm0_pcode": "NPL", "adm0_name": "Nepal", "adm1_pcode": "NP03", "adm1_name": "Bagmati", "adm2_pcode": "NP0328", "adm2_name": "Nuwakot", "adm3_pcode": "NP0328301", "adm3_name": "Bidur", "adm4_pcode": null, "adm4_name": null, "name_latin": null }, "geometry": { "type": "Point", "coordinates": [ 85.0748226, 27.854222 ] } },
{ "type": "Feature", "properties": { "id": "node/14134554648", "name": null, "name_en": null, "name_ne": null, "status": "Standing", "amenity": null, "man_made": "mast", "shop": null, "tourism": null, "opening_hours": null, "beds": null, "rooms": null, "addr_full": null, "addr_housenumber": null, "addr_street": null, "addr_city": null, "source": null, "adm0_pcode": "NPL", "adm0_name": "Nepal", "adm1_pcode": "NP03", "adm1_name": "Bagmati", "adm2_pcode": "NP0328", "adm2_name": "Nuwakot", "adm3_pcode": "NP0328302", "adm3_name": "Belkotgadhi", "adm4_pcode": null, "adm4_name": null, "name_latin": null }, "geometry": { "type": "Point", "coordinates": [ 85.0255033, 27.8474583 ] } },
{ "type": "Feature", "properties": { "id": "node/8482970639", "name": "Narayani Bakery Cafe", "name_en": null, "name_ne": null, "status": "Standing", "amenity": "cafe", "man_made": null, "shop": null, "tourism": null, "opening_hours": "Mo-Su 09:00-21:00", "beds": null, "rooms": null, "addr_full": null, "addr_housenumber": null, "addr_street": "Trishuli Hospital Road", "addr_city": "Nuwakot", "source": null, "adm0_pcode": "NPL", "adm0_name": "Nepal", "adm1_pcode": "NP03", "adm1_name": "Bagmati", "adm2_pcode": "NP0328", "adm2_name": "Nuwakot", "adm3_pcode": "NP0328301", "adm3_name": "Bidur", "adm4_pcode": null, "adm4_name": null, "name_latin": "Narayani Bakery Cafe" }, "geometry": { "type": "Point", "coordinates": [ 85.1414365, 27.9261357 ] } },
{ "type": "Feature", "properties": { "id": "node/14052165327", "name": "Trishuli Bus Station", "name_en": null, "name_ne": null, "status": "Standing", "amenity": "bus_station", "man_made": null, "shop": null, "tourism": null, "opening_hours": null, "beds": null, "rooms": null, "addr_full": null, "addr_housenumber": null, "addr_street": null, "addr_city": null, "source": null, "adm0_pcode": "NPL", "adm0_name": "Nepal", "adm1_pcode": "NP03", "adm1_name": "Bagmati", "adm2_pcode": "NP0328", "adm2_name": "Nuwakot", "adm3_pcode": "NP0328301", "adm3_name": "Bidur", "adm4_pcode": null, "adm4_name": null, "name_latin": "Trishuli Bus Station" }, "geometry": { "type": "Point", "coordinates": [ 85.1476601, 27.9217487 ] } },
{ "type": "Feature", "properties": { "id": "node/2656102180", "name": "Water Tank and Tap", "name_en": null, "name_ne": null, "status": "Destroyed", "amenity": null, "man_made": "water_works", "shop": null, "tourism": null, "opening_hours": null, "beds": null, "rooms": null, "addr_full": null, "addr_housenumber": null, "addr_street": null, "addr_city": null, "source": null, "adm0_pcode": "NPL", "adm0_name": "Nepal", "adm1_pcode": "NP03", "adm1_name": "Bagmati", "adm2_pcode": "NP0328", "adm2_name": "Nuwakot", "adm3_pcode": "NP0328301", "adm3_name": "Bidur", "adm4_pcode": null, "adm4_name": null, "name_latin": "Water Tank and Tap" }, "geometry": { "type": "Point", "coordinates": [ 85.1506076, 27.9241731 ] } },
{ "type": "Feature", "properties": { "id": "node/2656112032", "name": "Water Tank and Tap", "name_en": null, "name_ne": null, "status": "Destroyed", "amenity": null, "man_made": "water_works", "shop": null, "tourism": null, "opening_hours": null, "beds": null, "rooms": null, "addr_full": null, "addr_housenumber": null, "addr_street": null, "addr_city": null, "source": null, "adm0_pcode": "NPL", "adm0_name": "Nepal", "adm1_pcode": "NP03", "adm1_name": "Bagmati", "adm2_pcode": "NP0328", "adm2_name": "Nuwakot", "adm3_pcode": "NP0328301", "adm3_name": "Bidur", "adm4_pcode": null, "adm4_name": null, "name_latin": "Water Tank and Tap" }, "geometry": { "type": "Point", "coordinates": [ 85.150446, 27.9239355 ] } },
{ "type": "Feature", "properties": { "id": "node/5856832786", "name": null, "name_en": null, "name_ne": null, "status": "Destroyed", "amenity": "bus_station", "man_made": null, "shop": null, "tourism": null, "opening_hours": "24/7", "beds": null, "rooms": null, "addr_full": null, "addr_housenumber": null, "addr_street": "Bus Park", "addr_city": null, "source": null, "adm0_pcode": "NPL", "adm0_name": "Nepal", "adm1_pcode": "NP03", "adm1_name": "Bagmati", "adm2_pcode": "NP0328", "adm2_name": "Nuwakot", "adm3_pcode": "NP0328301", "adm3_name": "Bidur", "adm4_pcode": null, "adm4_name": null, "name_latin": null }, "geometry": { "type": "Point", "coordinates": [ 85.1505681, 27.9254548 ] } },
{ "type": "Feature", "properties": { "id": "node/4968032717", "name": "Shree Nepal Rastriya Pra Vi", "name_en": null, "name_ne": null, "status": "Standing", "amenity": "school", "man_made": null, "shop": null, "tourism": null, "opening_hours": null, "beds": null, "rooms": null, "addr_full": null, "addr_housenumber": null, "addr_street": null, "addr_city": null, "source": null, "adm0_pcode": "NPL", "adm0_name": "Nepal", "adm1_pcode": "NP03", "adm1_name": "Bagmati", "adm2_pcode": "NP0329", "adm2_name": "Rasuwa", "adm3_pcode": "NP0329401", "adm3_name": "Aamachhodingmo", "adm4_pcode": null, "adm4_name": null, "name_latin": "Shree Nepal Rastriya Pra Vi" }, "geometry": { "type": "Point", "coordinates": [ 85.3449613, 28.1969461 ] } },
{ "type": "Feature", "properties": { "id": "node/7525011763", "name": null, "name_en": null, "name_ne": null, "status": "Standing", "amenity": "bicycle_parking", "man_made": null, "shop": null, "tourism": null, "opening_hours": null, "beds": null, "rooms": null, "addr_full": null, "addr_housenumber": null, "addr_street": null, "addr_city": null, "source": null, "adm0_pcode": "NPL", "adm0_name": "Nepal", "adm1_pcode": "NP03", "adm1_name": "Bagmati", "adm2_pcode": "NP0329", "adm2_name": "Rasuwa", "adm3_pcode": "NP0329403", "adm3_name": "Uttargaya", "adm4_pcode": null, "adm4_name": null, "name_latin": null }, "geometry": { "type": "Point", "coordinates": [ 85.1858561, 28.0433922 ] } },
{ "type": "Feature", "properties": { "id": "node/4967821159", "name": "Shree Haku Besi Ni.Ma.V", "name_en": null, "name_ne": null, "status": "Standing", "amenity": "school", "man_made": null, "shop": null, "tourism": null, "opening_hours": null, "beds": null, "rooms": null, "addr_full": null, "addr_housenumber": null, "addr_street": null, "addr_city": null, "source": null, "adm0_pcode": "NPL", "adm0_name": "Nepal", "adm1_pcode": "NP03", "adm1_name": "Bagmati", "adm2_pcode": "NP0329", "adm2_name": "Rasuwa", "adm3_pcode": "NP0329401", "adm3_name": "Aamachhodingmo", "adm4_pcode": null, "adm4_name": null, "name_latin": "Shree Haku Besi Ni.Ma.V" }, "geometry": { "type": "Point", "coordinates": [ 85.2794174, 28.1146281 ] } },
{ "type": "Feature", "properties": { "id": "node/2857847363", "name": "Gosaikunda English Reading School", "name_en": null, "name_ne": null, "status": "Destroyed", "amenity": "school", "man_made": null, "shop": null, "tourism": null, "opening_hours": null, "beds": null, "rooms": null, "addr_full": null, "addr_housenumber": null, "addr_street": null, "addr_city": null, "source": "GPS", "adm0_pcode": "NPL", "adm0_name": "Nepal", "adm1_pcode": "NP03", "adm1_name": "Bagmati", "adm2_pcode": "NP0329", "adm2_name": "Rasuwa", "adm3_pcode": "NP0329402", "adm3_name": "Gosaikunda", "adm4_pcode": null, "adm4_name": null, "name_latin": "Gosaikunda English Reading School" }, "geometry": { "type": "Point", "coordinates": [ 85.3388638, 28.1643332 ] } },
{ "type": "Feature", "properties": { "id": "node/4951154325", "name": null, "name_en": "Hotel Peaceful", "name_ne": null, "status": "Destroyed", "amenity": null, "man_made": null, "shop": null, "tourism": "hotel", "opening_hours": null, "beds": null, "rooms": null, "addr_full": null, "addr_housenumber": null, "addr_street": null, "addr_city": null, "source": null, "adm0_pcode": "NPL", "adm0_name": "Nepal", "adm1_pcode": "NP03", "adm1_name": "Bagmati", "adm2_pcode": "NP0329", "adm2_name": "Rasuwa", "adm3_pcode": "NP0329402", "adm3_name": "Gosaikunda", "adm4_pcode": null, "adm4_name": null, "name_latin": "Hotel Peaceful" }, "geometry": { "type": "Point", "coordinates": [ 85.3364905, 28.1616162 ] } },
{ "type": "Feature", "properties": { "id": "node/6440175487", "name": "Hotel Garden Inn", "name_en": null, "name_ne": null, "status": "Destroyed", "amenity": null, "man_made": null, "shop": null, "tourism": "guest_house", "opening_hours": null, "beds": null, "rooms": null, "addr_full": null, "addr_housenumber": null, "addr_street": null, "addr_city": null, "source": null, "adm0_pcode": "NPL", "adm0_name": "Nepal", "adm1_pcode": "NP03", "adm1_name": "Bagmati", "adm2_pcode": "NP0329", "adm2_name": "Rasuwa", "adm3_pcode": "NP0329402", "adm3_name": "Gosaikunda", "adm4_pcode": null, "adm4_name": null, "name_latin": "Hotel Garden Inn" }, "geometry": { "type": "Point", "coordinates": [ 85.3374776, 28.163287 ] } },
{ "type": "Feature", "properties": { "id": "node/6577754986", "name": null, "name_en": null, "name_ne": null, "status": "Destroyed", "amenity": null, "man_made": null, "shop": null, "tourism": "artwork", "opening_hours": null, "beds": null, "rooms": null, "addr_full": null, "addr_housenumber": null, "addr_street": null, "addr_city": null, "source": null, "adm0_pcode": "NPL", "adm0_name": "Nepal", "adm1_pcode": "NP03", "adm1_name": "Bagmati", "adm2_pcode": "NP0329", "adm2_name": "Rasuwa", "adm3_pcode": "NP0329402", "adm3_name": "Gosaikunda", "adm4_pcode": null, "adm4_name": null, "name_latin": null }, "geometry": { "type": "Point", "coordinates": [ 85.3464859, 28.1617369 ] } },
{ "type": "Feature", "properties": { "id": "node/10950862705", "name": null, "name_en": "Royal Himalaya & Lodge", "name_ne": null, "status": "Destroyed", "amenity": null, "man_made": null, "shop": null, "tourism": "hotel", "opening_hours": null, "beds": null, "rooms": null, "addr_full": null, "addr_housenumber": null, "addr_street": "Syafrubesi Chaur - 5", "addr_city": null, "source": null, "adm0_pcode": "NPL", "adm0_name": "Nepal", "adm1_pcode": "NP03", "adm1_name": "Bagmati", "adm2_pcode": "NP0329", "adm2_name": "Rasuwa", "adm3_pcode": "NP0329402", "adm3_name": "Gosaikunda", "adm4_pcode": null, "adm4_name": null, "name_latin": "Royal Himalaya & Lodge" }, "geometry": { "type": "Point", "coordinates": [ 85.337758, 28.1634204 ] } },
{ "type": "Feature", "properties": { "id": "node/11162809104", "name": "Tibet Norling Shop", "name_en": null, "name_ne": null, "status": "Destroyed", "amenity": null, "man_made": null, "shop": "convenience", "tourism": null, "opening_hours": null, "beds": null, "rooms": null, "addr_full": null, "addr_housenumber": null, "addr_street": null, "addr_city": null, "source": null, "adm0_pcode": "NPL", "adm0_name": "Nepal", "adm1_pcode": "NP03", "adm1_name": "Bagmati", "adm2_pcode": "NP0329", "adm2_name": "Rasuwa", "adm3_pcode": "NP0329402", "adm3_name": "Gosaikunda", "adm4_pcode": null, "adm4_name": null, "name_latin": "Tibet Norling Shop" }, "geometry": { "type": "Point", "coordinates": [ 85.3362171, 28.1612352 ] } },
{ "type": "Feature", "properties": { "id": "node/11786700169", "name": null, "name_en": "Hotel River View", "name_ne": null, "status": "Destroyed", "amenity": null, "man_made": null, "shop": null, "tourism": "hotel", "opening_hours": null, "beds": null, "rooms": null, "addr_full": null, "addr_housenumber": null, "addr_street": null, "addr_city": null, "source": null, "adm0_pcode": "NPL", "adm0_name": "Nepal", "adm1_pcode": "NP03", "adm1_name": "Bagmati", "adm2_pcode": "NP0329", "adm2_name": "Rasuwa", "adm3_pcode": "NP0329402", "adm3_name": "Gosaikunda", "adm4_pcode": null, "adm4_name": null, "name_latin": "Hotel River View" }, "geometry": { "type": "Point", "coordinates": [ 85.3383106, 28.1638016 ] } },
{ "type": "Feature", "properties": { "id": "node/11786700170", "name": null, "name_en": "Yala Peak Guest House & Restaurant", "name_ne": null, "status": "Destroyed", "amenity": null, "man_made": null, "shop": null, "tourism": "guest_house", "opening_hours": null, "beds": null, "rooms": null, "addr_full": null, "addr_housenumber": null, "addr_street": null, "addr_city": null, "source": null, "adm0_pcode": "NPL", "adm0_name": "Nepal", "adm1_pcode": "NP03", "adm1_name": "Bagmati", "adm2_pcode": "NP0329", "adm2_name": "Rasuwa", "adm3_pcode": "NP0329402", "adm3_name": "Gosaikunda", "adm4_pcode": null, "adm4_name": null, "name_latin": "Yala Peak Guest House & Restaurant" }, "geometry": { "type": "Point", "coordinates": [ 85.3381726, 28.1637124 ] } },
{ "type": "Feature", "properties": { "id": "node/12672838573", "name": "Hotel New Yalapeak", "name_en": null, "name_ne": null, "status": "Destroyed", "amenity": null, "man_made": null, "shop": null, "tourism": "guest_house", "opening_hours": null, "beds": null, "rooms": null, "addr_full": null, "addr_housenumber": null, "addr_street": null, "addr_city": null, "source": null, "adm0_pcode": "NPL", "adm0_name": "Nepal", "adm1_pcode": "NP03", "adm1_name": "Bagmati", "adm2_pcode": "NP0329", "adm2_name": "Rasuwa", "adm3_pcode": "NP0329402", "adm3_name": "Gosaikunda", "adm4_pcode": null, "adm4_name": null, "name_latin": "Hotel New Yalapeak" }, "geometry": { "type": "Point", "coordinates": [ 85.3365905, 28.1625956 ] } },
{ "type": "Feature", "properties": { "id": "node/12768597901", "name": null, "name_en": "Hotel Old Namaste", "name_ne": null, "status": "Destroyed", "amenity": null, "man_made": null, "shop": null, "tourism": "hotel", "opening_hours": "24/7", "beds": null, "rooms": null, "addr_full": null, "addr_housenumber": null, "addr_street": null, "addr_city": null, "source": null, "adm0_pcode": "NPL", "adm0_name": "Nepal", "adm1_pcode": "NP03", "adm1_name": "Bagmati", "adm2_pcode": "NP0329", "adm2_name": "Rasuwa", "adm3_pcode": "NP0329402", "adm3_name": "Gosaikunda", "adm4_pcode": null, "adm4_name": null, "name_latin": "Hotel Old Namaste" }, "geometry": { "type": "Point", "coordinates": [ 85.3366222, 28.1616642 ] } },
{ "type": "Feature", "properties": { "id": "node/5580249026", "name": "Guest House", "name_en": "Guest House", "name_ne": null, "status": "Destroyed", "amenity": null, "man_made": null, "shop": null, "tourism": "hotel", "opening_hours": null, "beds": null, "rooms": null, "addr_full": null, "addr_housenumber": null, "addr_street": null, "addr_city": null, "source": null, "adm0_pcode": "NPL", "adm0_name": "Nepal", "adm1_pcode": "NP03", "adm1_name": "Bagmati", "adm2_pcode": "NP0329", "adm2_name": "Rasuwa", "adm3_pcode": "NP0329402", "adm3_name": "Gosaikunda", "adm4_pcode": null, "adm4_name": null, "name_latin": "Guest House" }, "geometry": { "type": "Point", "coordinates": [ 85.3739132, 28.2637025 ] } },
{ "type": "Feature", "properties": { "id": "node/7189036585", "name": null, "name_en": null, "name_ne": null, "status": "Destroyed", "amenity": "toilets", "man_made": null, "shop": null, "tourism": null, "opening_hours": null, "beds": null, "rooms": null, "addr_full": null, "addr_housenumber": null, "addr_street": null, "addr_city": null, "source": null, "adm0_pcode": "NPL", "adm0_name": "Nepal", "adm1_pcode": "NP03", "adm1_name": "Bagmati", "adm2_pcode": "NP0329", "adm2_name": "Rasuwa", "adm3_pcode": "NP0329402", "adm3_name": "Gosaikunda", "adm4_pcode": null, "adm4_name": null, "name_latin": null }, "geometry": { "type": "Point", "coordinates": [ 85.3739472, 28.2647077 ] } },
{ "type": "Feature", "properties": { "id": "node/2857847365", "name": "Tourist Police", "name_en": null, "name_ne": null, "status": "Destroyed", "amenity": "police", "man_made": null, "shop": null, "tourism": null, "opening_hours": null, "beds": null, "rooms": null, "addr_full": null, "addr_housenumber": null, "addr_street": null, "addr_city": null, "source": "GPS", "adm0_pcode": "NPL", "adm0_name": "Nepal", "adm1_pcode": "NP03", "adm1_name": "Bagmati", "adm2_pcode": "NP0329", "adm2_name": "Rasuwa", "adm3_pcode": "NP0329402", "adm3_name": "Gosaikunda", "adm4_pcode": null, "adm4_name": null, "name_latin": "Tourist Police" }, "geometry": { "type": "Point", "coordinates": [ 85.337056, 28.1637681 ] } },
{ "type": "Feature", "properties": { "id": "node/14132675311", "name": null, "name_en": null, "name_ne": null, "status": "Standing", "amenity": "place_of_worship", "man_made": null, "shop": null, "tourism": null, "opening_hours": null, "beds": null, "rooms": null, "addr_full": null, "addr_housenumber": null, "addr_street": null, "addr_city": null, "source": null, "adm0_pcode": "NPL", "adm0_name": "Nepal", "adm1_pcode": "NP03", "adm1_name": "Bagmati", "adm2_pcode": "NP0329", "adm2_name": "Rasuwa", "adm3_pcode": "NP0329402", "adm3_name": "Gosaikunda", "adm4_pcode": null, "adm4_name": null, "name_latin": null }, "geometry": { "type": "Point", "coordinates": [ 85.3505487, 28.2017913 ] } },
{ "type": "Feature", "properties": { "id": "node/2554660334", "name": null, "name_en": null, "name_ne": null, "status": "Standing", "amenity": null, "man_made": null, "shop": null, "tourism": "viewpoint", "opening_hours": null, "beds": null, "rooms": null, "addr_full": null, "addr_housenumber": null, "addr_street": null, "addr_city": null, "source": null, "adm0_pcode": "NPL", "adm0_name": "Nepal", "adm1_pcode": "NP03", "adm1_name": "Bagmati", "adm2_pcode": "NP0329", "adm2_name": "Rasuwa", "adm3_pcode": "NP0329402", "adm3_name": "Gosaikunda", "adm4_pcode": null, "adm4_name": null, "name_latin": null }, "geometry": { "type": "Point", "coordinates": [ 85.3607577, 28.2090317 ] } },
{ "type": "Feature", "properties": { "id": "node/1357442329", "name": null, "name_en": null, "name_ne": null, "status": "Standing", "amenity": "place_of_worship", "man_made": null, "shop": null, "tourism": null, "opening_hours": null, "beds": null, "rooms": null, "addr_full": null, "addr_housenumber": null, "addr_street": null, "addr_city": null, "source": null, "adm0_pcode": "NPL", "adm0_name": "Nepal", "adm1_pcode": "NP03", "adm1_name": "Bagmati", "adm2_pcode": "NP0329", "adm2_name": "Rasuwa", "adm3_pcode": "NP0329402", "adm3_name": "Gosaikunda", "adm4_pcode": null, "adm4_name": null, "name_latin": null }, "geometry": { "type": "Point", "coordinates": [ 85.3394856, 28.1656427 ] } },
{ "type": "Feature", "properties": { "id": "node/14137017266", "name": null, "name_en": null, "name_ne": null, "status": "Standing", "amenity": null, "man_made": "adit", "shop": null, "tourism": null, "opening_hours": null, "beds": null, "rooms": null, "addr_full": null, "addr_housenumber": null, "addr_street": null, "addr_city": null, "source": null, "adm0_pcode": "NPL", "adm0_name": "Nepal", "adm1_pcode": "NP03", "adm1_name": "Bagmati", "adm2_pcode": "NP0329", "adm2_name": "Rasuwa", "adm3_pcode": "NP0329402", "adm3_name": "Gosaikunda", "adm4_pcode": null, "adm4_name": null, "name_latin": null }, "geometry": { "type": "Point", "coordinates": [ 85.29275, 28.123469 ] } },
{ "type": "Feature", "properties": { "id": "node/14137058027", "name": null, "name_en": null, "name_ne": null, "status": "Standing", "amenity": null, "man_made": "adit", "shop": null, "tourism": null, "opening_hours": null, "beds": null, "rooms": null, "addr_full": null, "addr_housenumber": null, "addr_street": null, "addr_city": null, "source": null, "adm0_pcode": "NPL", "adm0_name": "Nepal", "adm1_pcode": "NP03", "adm1_name": "Bagmati", "adm2_pcode": "NP0329", "adm2_name": "Rasuwa", "adm3_pcode": "NP0329402", "adm3_name": "Gosaikunda", "adm4_pcode": null, "adm4_name": null, "name_latin": null }, "geometry": { "type": "Point", "coordinates": [ 85.2948132, 28.1255559 ] } },
{ "type": "Feature", "properties": { "id": "node/2554081913", "name": null, "name_en": null, "name_ne": null, "status": "Standing", "amenity": null, "man_made": null, "shop": null, "tourism": "guest_house", "opening_hours": null, "beds": null, "rooms": null, "addr_full": null, "addr_housenumber": null, "addr_street": null, "addr_city": null, "source": null, "adm0_pcode": "NPL", "adm0_name": "Nepal", "adm1_pcode": "NP03", "adm1_name": "Bagmati", "adm2_pcode": "NP0329", "adm2_name": "Rasuwa", "adm3_pcode": "NP0329402", "adm3_name": "Gosaikunda", "adm4_pcode": null, "adm4_name": null, "name_latin": null }, "geometry": { "type": "Point", "coordinates": [ 85.3564755, 28.2111058 ] } },
{ "type": "Feature", "properties": { "id": "node/11347637670", "name": null, "name_en": null, "name_ne": null, "status": "Standing", "amenity": null, "man_made": null, "shop": null, "tourism": "guest_house", "opening_hours": "24/7", "beds": null, "rooms": null, "addr_full": null, "addr_housenumber": "Briddim-3,", "addr_street": null, "addr_city": null, "source": null, "adm0_pcode": "NPL", "adm0_name": "Nepal", "adm1_pcode": "NP03", "adm1_name": "Bagmati", "adm2_pcode": "NP0329", "adm2_name": "Rasuwa", "adm3_pcode": "NP0329402", "adm3_name": "Gosaikunda", "adm4_pcode": null, "adm4_name": null, "name_latin": null }, "geometry": { "type": "Point", "coordinates": [ 85.361737, 28.208482 ] } },
{ "type": "Feature", "properties": { "id": "node/14132052457", "name": null, "name_en": null, "name_ne": null, "status": "Standing", "amenity": null, "man_made": "communications_tower", "shop": null, "tourism": null, "opening_hours": null, "beds": null, "rooms": null, "addr_full": null, "addr_housenumber": null, "addr_street": null, "addr_city": null, "source": null, "adm0_pcode": "NPL", "adm0_name": "Nepal", "adm1_pcode": "NP03", "adm1_name": "Bagmati", "adm2_pcode": "NP0328", "adm2_name": "Nuwakot", "adm3_pcode": "NP0328301", "adm3_name": "Bidur", "adm4_pcode": null, "adm4_name": null, "name_latin": null }, "geometry": { "type": "Point", "coordinates": [ 85.0806114, 27.8514798 ] } },
{ "type": "Feature", "properties": { "id": "node/8947843318", "name": "Devighat Police Chowki", "name_en": null, "name_ne": null, "status": "Standing", "amenity": "police", "man_made": null, "shop": null, "tourism": null, "opening_hours": null, "beds": null, "rooms": null, "addr_full": null, "addr_housenumber": null, "addr_street": null, "addr_city": null, "source": null, "adm0_pcode": "NPL", "adm0_name": "Nepal", "adm1_pcode": "NP03", "adm1_name": "Bagmati", "adm2_pcode": "NP0328", "adm2_name": "Nuwakot", "adm3_pcode": "NP0328301", "adm3_name": "Bidur", "adm4_pcode": null, "adm4_name": null, "name_latin": "Devighat Police Chowki" }, "geometry": { "type": "Point", "coordinates": [ 85.1127869, 27.8623197 ] } },
{ "type": "Feature", "properties": { "id": "node/12019692762", "name": null, "name_en": null, "name_ne": null, "status": "Standing", "amenity": null, "man_made": null, "shop": null, "tourism": "information", "opening_hours": null, "beds": null, "rooms": null, "addr_full": null, "addr_housenumber": null, "addr_street": null, "addr_city": null, "source": null, "adm0_pcode": "NPL", "adm0_name": "Nepal", "adm1_pcode": "NP04", "adm1_name": "Gandaki", "adm2_pcode": "NP0436", "adm2_name": "Gorkha", "adm3_pcode": "NP0436408", "adm3_name": "Shahid Lakhan", "adm4_pcode": null, "adm4_name": null, "name_latin": null }, "geometry": { "type": "Point", "coordinates": [ 84.5956933, 27.8749614 ] } },
{ "type": "Feature", "properties": { "id": "node/4598318089", "name": null, "name_en": "HOTEL BHIRKUTI", "name_ne": null, "status": "Standing", "amenity": null, "man_made": null, "shop": null, "tourism": "hotel", "opening_hours": "24/7", "beds": null, "rooms": null, "addr_full": null, "addr_housenumber": null, "addr_street": "Bidur municipality", "addr_city": null, "source": null, "adm0_pcode": "NPL", "adm0_name": "Nepal", "adm1_pcode": "NP03", "adm1_name": "Bagmati", "adm2_pcode": "NP0328", "adm2_name": "Nuwakot", "adm3_pcode": "NP0328301", "adm3_name": "Bidur", "adm4_pcode": null, "adm4_name": null, "name_latin": "HOTEL BHIRKUTI" }, "geometry": { "type": "Point", "coordinates": [ 85.1406359, 27.9091231 ] } },
{ "type": "Feature", "properties": { "id": "node/11052044805", "name": null, "name_en": null, "name_ne": null, "status": "Standing", "amenity": null, "man_made": null, "shop": null, "tourism": "viewpoint", "opening_hours": null, "beds": null, "rooms": null, "addr_full": null, "addr_housenumber": null, "addr_street": null, "addr_city": null, "source": null, "adm0_pcode": "NPL", "adm0_name": "Nepal", "adm1_pcode": "NP03", "adm1_name": "Bagmati", "adm2_pcode": "NP0328", "adm2_name": "Nuwakot", "adm3_pcode": "NP0328301", "adm3_name": "Bidur", "adm4_pcode": null, "adm4_name": null, "name_latin": null }, "geometry": { "type": "Point", "coordinates": [ 85.0739697, 27.8520909 ] } },
{ "type": "Feature", "properties": { "id": "node/4832117221", "name": null, "name_en": "Community Development Center", "name_ne": null, "status": "Standing", "amenity": "community_centre", "man_made": null, "shop": null, "tourism": null, "opening_hours": null, "beds": null, "rooms": null, "addr_full": null, "addr_housenumber": null, "addr_street": null, "addr_city": null, "source": null, "adm0_pcode": "NPL", "adm0_name": "Nepal", "adm1_pcode": "NP03", "adm1_name": "Bagmati", "adm2_pcode": "NP0328", "adm2_name": "Nuwakot", "adm3_pcode": "NP0328301", "adm3_name": "Bidur", "adm4_pcode": null, "adm4_name": null, "name_latin": "Community Development Center" }, "geometry": { "type": "Point", "coordinates": [ 85.1447794, 27.9115865 ] } },
{ "type": "Feature", "properties": { "id": "node/9802458041", "name": "Mega BANK Bidur Branch", "name_en": null, "name_ne": null, "status": "Standing", "amenity": "bank", "man_made": null, "shop": null, "tourism": null, "opening_hours": null, "beds": null, "rooms": null, "addr_full": null, "addr_housenumber": null, "addr_street": null, "addr_city": null, "source": null, "adm0_pcode": "NPL", "adm0_name": "Nepal", "adm1_pcode": "NP03", "adm1_name": "Bagmati", "adm2_pcode": "NP0328", "adm2_name": "Nuwakot", "adm3_pcode": "NP0328301", "adm3_name": "Bidur", "adm4_pcode": null, "adm4_name": null, "name_latin": "Mega BANK Bidur Branch" }, "geometry": { "type": "Point", "coordinates": [ 85.1416839, 27.9051551 ] } },
{ "type": "Feature", "properties": { "id": "node/7940743986", "name": null, "name_en": "Shree Pioneer Secondary Boarding School", "name_ne": null, "status": "Standing", "amenity": "school", "man_made": null, "shop": null, "tourism": null, "opening_hours": null, "beds": null, "rooms": null, "addr_full": null, "addr_housenumber": null, "addr_street": null, "addr_city": null, "source": null, "adm0_pcode": "NPL", "adm0_name": "Nepal", "adm1_pcode": "NP03", "adm1_name": "Bagmati", "adm2_pcode": "NP0328", "adm2_name": "Nuwakot", "adm3_pcode": "NP0328301", "adm3_name": "Bidur", "adm4_pcode": null, "adm4_name": null, "name_latin": "Shree Pioneer Secondary Boarding School" }, "geometry": { "type": "Point", "coordinates": [ 85.1693966, 27.964749 ] } },
{ "type": "Feature", "properties": { "id": "node/11798900769", "name": null, "name_en": "Magar Hotel and Lodge", "name_ne": null, "status": "Standing", "amenity": null, "man_made": null, "shop": null, "tourism": "hotel", "opening_hours": null, "beds": null, "rooms": null, "addr_full": null, "addr_housenumber": null, "addr_street": "Pasang Lhamu Highway", "addr_city": null, "source": null, "adm0_pcode": "NPL", "adm0_name": "Nepal", "adm1_pcode": "NP03", "adm1_name": "Bagmati", "adm2_pcode": "NP0328", "adm2_name": "Nuwakot", "adm3_pcode": "NP0328301", "adm3_name": "Bidur", "adm4_pcode": null, "adm4_name": null, "name_latin": "Magar Hotel and Lodge" }, "geometry": { "type": "Point", "coordinates": [ 85.1851026, 27.9707544 ] } },
{ "type": "Feature", "properties": { "id": "node/11184994722", "name": null, "name_en": null, "name_ne": null, "status": "Standing", "amenity": "toilets", "man_made": null, "shop": null, "tourism": null, "opening_hours": null, "beds": null, "rooms": null, "addr_full": null, "addr_housenumber": null, "addr_street": null, "addr_city": null, "source": null, "adm0_pcode": "NPL", "adm0_name": "Nepal", "adm1_pcode": "NP03", "adm1_name": "Bagmati", "adm2_pcode": "NP0328", "adm2_name": "Nuwakot", "adm3_pcode": "NP0328301", "adm3_name": "Bidur", "adm4_pcode": null, "adm4_name": null, "name_latin": null }, "geometry": { "type": "Point", "coordinates": [ 85.1519572, 27.9220453 ] } },
{ "type": "Feature", "properties": { "id": "node/2826176713", "name": "Devighat temple", "name_en": null, "name_ne": null, "status": "Destroyed", "amenity": "place_of_worship", "man_made": null, "shop": null, "tourism": null, "opening_hours": null, "beds": null, "rooms": null, "addr_full": null, "addr_housenumber": null, "addr_street": null, "addr_city": "Nuwakot", "source": null, "adm0_pcode": "NPL", "adm0_name": "Nepal", "adm1_pcode": "NP03", "adm1_name": "Bagmati", "adm2_pcode": "NP0328", "adm2_name": "Nuwakot", "adm3_pcode": "NP0328301", "adm3_name": "Bidur", "adm4_pcode": null, "adm4_name": null, "name_latin": "Devighat temple" }, "geometry": { "type": "Point", "coordinates": [ 85.1079099, 27.8593762 ] } },
{ "type": "Feature", "properties": { "id": "node/3505076130", "name": null, "name_en": null, "name_ne": null, "status": "Destroyed", "amenity": null, "man_made": "utility_pole", "shop": null, "tourism": null, "opening_hours": null, "beds": null, "rooms": null, "addr_full": null, "addr_housenumber": null, "addr_street": null, "addr_city": null, "source": null, "adm0_pcode": "NPL", "adm0_name": "Nepal", "adm1_pcode": "NP03", "adm1_name": "Bagmati", "adm2_pcode": "NP0328", "adm2_name": "Nuwakot", "adm3_pcode": "NP0328301", "adm3_name": "Bidur", "adm4_pcode": null, "adm4_name": null, "name_latin": null }, "geometry": { "type": "Point", "coordinates": [ 85.0740599, 27.854199 ] } },
{ "type": "Feature", "properties": { "id": "node/9802458065", "name": "Mirmire BANK Kalyanpur Branch", "name_en": null, "name_ne": null, "status": "Destroyed", "amenity": "bank", "man_made": null, "shop": null, "tourism": null, "opening_hours": null, "beds": null, "rooms": null, "addr_full": null, "addr_housenumber": null, "addr_street": null, "addr_city": null, "source": null, "adm0_pcode": "NPL", "adm0_name": "Nepal", "adm1_pcode": "NP03", "adm1_name": "Bagmati", "adm2_pcode": "NP0328", "adm2_name": "Nuwakot", "adm3_pcode": "NP0328301", "adm3_name": "Bidur", "adm4_pcode": null, "adm4_name": null, "name_latin": "Mirmire BANK Kalyanpur Branch" }, "geometry": { "type": "Point", "coordinates": [ 85.1108014, 27.8607801 ] } },
{ "type": "Feature", "properties": { "id": "node/5063613276", "name": "Shree Chetana Primary School", "name_en": null, "name_ne": null, "status": "Destroyed", "amenity": "school", "man_made": null, "shop": null, "tourism": null, "opening_hours": null, "beds": null, "rooms": null, "addr_full": null, "addr_housenumber": null, "addr_street": null, "addr_city": null, "source": null, "adm0_pcode": "NPL", "adm0_name": "Nepal", "adm1_pcode": "NP03", "adm1_name": "Bagmati", "adm2_pcode": "NP0328", "adm2_name": "Nuwakot", "adm3_pcode": "NP0328301", "adm3_name": "Bidur", "adm4_pcode": null, "adm4_name": null, "name_latin": "Shree Chetana Primary School" }, "geometry": { "type": "Point", "coordinates": [ 85.1713652, 27.9618698 ] } },
{ "type": "Feature", "properties": { "id": "node/2656114379", "name": null, "name_en": null, "name_ne": null, "status": "Destroyed", "amenity": "toilets", "man_made": null, "shop": null, "tourism": null, "opening_hours": null, "beds": null, "rooms": null, "addr_full": null, "addr_housenumber": null, "addr_street": null, "addr_city": null, "source": null, "adm0_pcode": "NPL", "adm0_name": "Nepal", "adm1_pcode": "NP03", "adm1_name": "Bagmati", "adm2_pcode": "NP0328", "adm2_name": "Nuwakot", "adm3_pcode": "NP0328301", "adm3_name": "Bidur", "adm4_pcode": null, "adm4_name": null, "name_latin": null }, "geometry": { "type": "Point", "coordinates": [ 85.1504742, 27.9239189 ] } },
{ "type": "Feature", "properties": { "id": "node/2656135904", "name": "Boys Hostel Water tank", "name_en": null, "name_ne": null, "status": "Destroyed", "amenity": null, "man_made": "water_works", "shop": null, "tourism": null, "opening_hours": null, "beds": null, "rooms": null, "addr_full": null, "addr_housenumber": null, "addr_street": null, "addr_city": null, "source": null, "adm0_pcode": "NPL", "adm0_name": "Nepal", "adm1_pcode": "NP03", "adm1_name": "Bagmati", "adm2_pcode": "NP0328", "adm2_name": "Nuwakot", "adm3_pcode": "NP0328301", "adm3_name": "Bidur", "adm4_pcode": null, "adm4_name": null, "name_latin": "Boys Hostel Water tank" }, "geometry": { "type": "Point", "coordinates": [ 85.1501711, 27.9256504 ] } },
{ "type": "Feature", "properties": { "id": "node/2656136789", "name": "Male", "name_en": null, "name_ne": null, "status": "Destroyed", "amenity": "toilets", "man_made": null, "shop": null, "tourism": null, "opening_hours": null, "beds": null, "rooms": null, "addr_full": null, "addr_housenumber": null, "addr_street": null, "addr_city": null, "source": null, "adm0_pcode": "NPL", "adm0_name": "Nepal", "adm1_pcode": "NP03", "adm1_name": "Bagmati", "adm2_pcode": "NP0328", "adm2_name": "Nuwakot", "adm3_pcode": "NP0328301", "adm3_name": "Bidur", "adm4_pcode": null, "adm4_name": null, "name_latin": "Male" }, "geometry": { "type": "Point", "coordinates": [ 85.1503575, 27.9255781 ] } },
{ "type": "Feature", "properties": { "id": "node/14052165326", "name": "Trishuli New Bus Station", "name_en": null, "name_ne": null, "status": "Destroyed", "amenity": "bus_station", "man_made": null, "shop": null, "tourism": null, "opening_hours": null, "beds": null, "rooms": null, "addr_full": null, "addr_housenumber": null, "addr_street": null, "addr_city": null, "source": null, "adm0_pcode": "NPL", "adm0_name": "Nepal", "adm1_pcode": "NP03", "adm1_name": "Bagmati", "adm2_pcode": "NP0328", "adm2_name": "Nuwakot", "adm3_pcode": "NP0328301", "adm3_name": "Bidur", "adm4_pcode": null, "adm4_name": null, "name_latin": "Trishuli New Bus Station" }, "geometry": { "type": "Point", "coordinates": [ 85.1496532, 27.9261045 ] } },
{ "type": "Feature", "properties": { "id": "node/10713463405", "name": "Ganga Misthan Bhandar", "name_en": null, "name_ne": null, "status": "Standing", "amenity": "restaurant", "man_made": null, "shop": null, "tourism": null, "opening_hours": null, "beds": null, "rooms": null, "addr_full": null, "addr_housenumber": null, "addr_street": null, "addr_city": null, "source": null, "adm0_pcode": "NPL", "adm0_name": "Nepal", "adm1_pcode": "NP03", "adm1_name": "Bagmati", "adm2_pcode": "NP0328", "adm2_name": "Nuwakot", "adm3_pcode": "NP0328301", "adm3_name": "Bidur", "adm4_pcode": null, "adm4_name": null, "name_latin": "Ganga Misthan Bhandar" }, "geometry": { "type": "Point", "coordinates": [ 85.1462062, 27.8975729 ] } },
{ "type": "Feature", "properties": { "id": "node/6917885287", "name": null, "name_en": "OJHA niwas", "name_ne": null, "status": "Standing", "amenity": null, "man_made": null, "shop": null, "tourism": "apartment", "opening_hours": null, "beds": null, "rooms": null, "addr_full": null, "addr_housenumber": null, "addr_street": "Sinchai Path", "addr_city": null, "source": null, "adm0_pcode": "NPL", "adm0_name": "Nepal", "adm1_pcode": "NP03", "adm1_name": "Bagmati", "adm2_pcode": "NP0328", "adm2_name": "Nuwakot", "adm3_pcode": "NP0328301", "adm3_name": "Bidur", "adm4_pcode": null, "adm4_name": null, "name_latin": "OJHA niwas" }, "geometry": { "type": "Point", "coordinates": [ 85.1429798, 27.8989903 ] } },
{ "type": "Feature", "properties": { "id": "node/4968022376", "name": "Shree Arunodaya Primary School", "name_en": null, "name_ne": null, "status": "Standing", "amenity": "school", "man_made": null, "shop": null, "tourism": null, "opening_hours": null, "beds": null, "rooms": null, "addr_full": null, "addr_housenumber": null, "addr_street": null, "addr_city": null, "source": null, "adm0_pcode": "NPL", "adm0_name": "Nepal", "adm1_pcode": "NP03", "adm1_name": "Bagmati", "adm2_pcode": "NP0329", "adm2_name": "Rasuwa", "adm3_pcode": "NP0329402", "adm3_name": "Gosaikunda", "adm4_pcode": null, "adm4_name": null, "name_latin": "Shree Arunodaya Primary School" }, "geometry": { "type": "Point", "coordinates": [ 85.3518991, 28.2286148 ] } },
{ "type": "Feature", "properties": { "id": "node/2554608184", "name": null, "name_en": null, "name_ne": null, "status": "Standing", "amenity": null, "man_made": null, "shop": null, "tourism": "viewpoint", "opening_hours": null, "beds": null, "rooms": null, "addr_full": null, "addr_housenumber": null, "addr_street": null, "addr_city": null, "source": null, "adm0_pcode": "NPL", "adm0_name": "Nepal", "adm1_pcode": "NP03", "adm1_name": "Bagmati", "adm2_pcode": "NP0329", "adm2_name": "Rasuwa", "adm3_pcode": "NP0329402", "adm3_name": "Gosaikunda", "adm4_pcode": null, "adm4_name": null, "name_latin": null }, "geometry": { "type": "Point", "coordinates": [ 85.3519427, 28.2252803 ] } },
{ "type": "Feature", "properties": { "id": "node/4564164530", "name": "Tsering's Tea Shop", "name_en": null, "name_ne": null, "status": "Standing", "amenity": "cafe", "man_made": null, "shop": null, "tourism": null, "opening_hours": null, "beds": null, "rooms": null, "addr_full": null, "addr_housenumber": null, "addr_street": null, "addr_city": null, "source": null, "adm0_pcode": "NPL", "adm0_name": "Nepal", "adm1_pcode": "NP03", "adm1_name": "Bagmati", "adm2_pcode": "NP0329", "adm2_name": "Rasuwa", "adm3_pcode": "NP0329402", "adm3_name": "Gosaikunda", "adm4_pcode": null, "adm4_name": null, "name_latin": "Tsering's Tea Shop" }, "geometry": { "type": "Point", "coordinates": [ 85.3525772, 28.1727876 ] } },
{ "type": "Feature", "properties": { "id": "node/6924492885", "name": null, "name_en": "Ling Ling Homestay", "name_ne": null, "status": "Standing", "amenity": null, "man_made": null, "shop": null, "tourism": "guest_house", "opening_hours": null, "beds": null, "rooms": null, "addr_full": null, "addr_housenumber": null, "addr_street": null, "addr_city": null, "source": null, "adm0_pcode": "NPL", "adm0_name": "Nepal", "adm1_pcode": "NP03", "adm1_name": "Bagmati", "adm2_pcode": "NP0329", "adm2_name": "Rasuwa", "adm3_pcode": "NP0329402", "adm3_name": "Gosaikunda", "adm4_pcode": null, "adm4_name": null, "name_latin": "Ling Ling Homestay" }, "geometry": { "type": "Point", "coordinates": [ 85.3570392, 28.2110985 ] } },
{ "type": "Feature", "properties": { "id": "node/4967801446", "name": "Shree Bhimali Pra.V", "name_en": null, "name_ne": null, "status": "Standing", "amenity": "school", "man_made": null, "shop": null, "tourism": null, "opening_hours": null, "beds": null, "rooms": null, "addr_full": null, "addr_housenumber": null, "addr_street": null, "addr_city": null, "source": null, "adm0_pcode": "NPL", "adm0_name": "Nepal", "adm1_pcode": "NP03", "adm1_name": "Bagmati", "adm2_pcode": "NP0329", "adm2_name": "Rasuwa", "adm3_pcode": "NP0329402", "adm3_name": "Gosaikunda", "adm4_pcode": null, "adm4_name": null, "name_latin": "Shree Bhimali Pra.V" }, "geometry": { "type": "Point", "coordinates": [ 85.2784599, 28.1001074 ] } },
{ "type": "Feature", "properties": { "id": "node/5651353130", "name": null, "name_en": null, "name_ne": null, "status": "Standing", "amenity": "toilets", "man_made": null, "shop": null, "tourism": null, "opening_hours": null, "beds": null, "rooms": null, "addr_full": null, "addr_housenumber": null, "addr_street": null, "addr_city": null, "source": null, "adm0_pcode": "NPL", "adm0_name": "Nepal", "adm1_pcode": "NP03", "adm1_name": "Bagmati", "adm2_pcode": "NP0329", "adm2_name": "Rasuwa", "adm3_pcode": "NP0329402", "adm3_name": "Gosaikunda", "adm4_pcode": null, "adm4_name": null, "name_latin": null }, "geometry": { "type": "Point", "coordinates": [ 85.2943949, 28.1129152 ] } },
{ "type": "Feature", "properties": { "id": "node/2476303789", "name": null, "name_en": null, "name_ne": null, "status": "Standing", "amenity": "restaurant", "man_made": null, "shop": null, "tourism": null, "opening_hours": null, "beds": null, "rooms": null, "addr_full": null, "addr_housenumber": null, "addr_street": null, "addr_city": null, "source": null, "adm0_pcode": "NPL", "adm0_name": "Nepal", "adm1_pcode": "NP03", "adm1_name": "Bagmati", "adm2_pcode": "NP0329", "adm2_name": "Rasuwa", "adm3_pcode": "NP0329402", "adm3_name": "Gosaikunda", "adm4_pcode": null, "adm4_name": null, "name_latin": null }, "geometry": { "type": "Point", "coordinates": [ 85.2957388, 28.1130168 ] } },
{ "type": "Feature", "properties": { "id": "node/987744077", "name": null, "name_en": null, "name_ne": null, "status": "Standing", "amenity": "restaurant", "man_made": null, "shop": null, "tourism": null, "opening_hours": null, "beds": null, "rooms": null, "addr_full": null, "addr_housenumber": null, "addr_street": null, "addr_city": null, "source": null, "adm0_pcode": "NPL", "adm0_name": "Nepal", "adm1_pcode": "NP03", "adm1_name": "Bagmati", "adm2_pcode": "NP0329", "adm2_name": "Rasuwa", "adm3_pcode": "NP0329402", "adm3_name": "Gosaikunda", "adm4_pcode": null, "adm4_name": null, "name_latin": null }, "geometry": { "type": "Point", "coordinates": [ 85.2949494, 28.1131352 ] } },
{ "type": "Feature", "properties": { "id": "node/6511401786", "name": null, "name_en": null, "name_ne": null, "status": "Standing", "amenity": "police", "man_made": null, "shop": null, "tourism": null, "opening_hours": null, "beds": null, "rooms": null, "addr_full": null, "addr_housenumber": null, "addr_street": null, "addr_city": null, "source": null, "adm0_pcode": "NPL", "adm0_name": "Nepal", "adm1_pcode": "NP03", "adm1_name": "Bagmati", "adm2_pcode": "NP0329", "adm2_name": "Rasuwa", "adm3_pcode": "NP0329401", "adm3_name": "Aamachhodingmo", "adm4_pcode": null, "adm4_name": null, "name_latin": null }, "geometry": { "type": "Point", "coordinates": [ 85.2828441, 28.1133491 ] } },
{ "type": "Feature", "properties": { "id": "node/5651350813", "name": "Shree Rasuwa Secondary School", "name_en": null, "name_ne": null, "status": "Standing", "amenity": "school", "man_made": null, "shop": null, "tourism": null, "opening_hours": null, "beds": null, "rooms": null, "addr_full": null, "addr_housenumber": null, "addr_street": null, "addr_city": null, "source": null, "adm0_pcode": "NPL", "adm0_name": "Nepal", "adm1_pcode": "NP03", "adm1_name": "Bagmati", "adm2_pcode": "NP0329", "adm2_name": "Rasuwa", "adm3_pcode": "NP0329402", "adm3_name": "Gosaikunda", "adm4_pcode": null, "adm4_name": null, "name_latin": "Shree Rasuwa Secondary School" }, "geometry": { "type": "Point", "coordinates": [ 85.2952257, 28.1128378 ] } },
{ "type": "Feature", "properties": { "id": "node/1343823419", "name": "Hotel Sky", "name_en": null, "name_ne": null, "status": "Destroyed", "amenity": null, "man_made": null, "shop": null, "tourism": "hotel", "opening_hours": null, "beds": null, "rooms": null, "addr_full": null, "addr_housenumber": null, "addr_street": null, "addr_city": null, "source": "GPS2010", "adm0_pcode": "NPL", "adm0_name": "Nepal", "adm1_pcode": "NP03", "adm1_name": "Bagmati", "adm2_pcode": "NP0329", "adm2_name": "Rasuwa", "adm3_pcode": "NP0329402", "adm3_name": "Gosaikunda", "adm4_pcode": null, "adm4_name": null, "name_latin": "Hotel Sky" }, "geometry": { "type": "Point", "coordinates": [ 85.3364688, 28.1620348 ] } },
{ "type": "Feature", "properties": { "id": "node/4754676526", "name": null, "name_en": "Village view guest house", "name_ne": null, "status": "Destroyed", "amenity": null, "man_made": null, "shop": null, "tourism": "guest_house", "opening_hours": "24/7", "beds": null, "rooms": null, "addr_full": null, "addr_housenumber": "9", "addr_street": "Pasang Lhamu Highway", "addr_city": null, "source": null, "adm0_pcode": "NPL", "adm0_name": "Nepal", "adm1_pcode": "NP03", "adm1_name": "Bagmati", "adm2_pcode": "NP0329", "adm2_name": "Rasuwa", "adm3_pcode": "NP0329402", "adm3_name": "Gosaikunda", "adm4_pcode": null, "adm4_name": null, "name_latin": "Village view guest house" }, "geometry": { "type": "Point", "coordinates": [ 85.3368866, 28.1627005 ] } },
{ "type": "Feature", "properties": { "id": "node/4777935623", "name": null, "name_en": "Buddha guest house", "name_ne": null, "status": "Destroyed", "amenity": null, "man_made": null, "shop": null, "tourism": "guest_house", "opening_hours": null, "beds": null, "rooms": null, "addr_full": null, "addr_housenumber": null, "addr_street": null, "addr_city": null, "source": null, "adm0_pcode": "NPL", "adm0_name": "Nepal", "adm1_pcode": "NP03", "adm1_name": "Bagmati", "adm2_pcode": "NP0329", "adm2_name": "Rasuwa", "adm3_pcode": "NP0329402", "adm3_name": "Gosaikunda", "adm4_pcode": null, "adm4_name": null, "name_latin": "Buddha guest house" }, "geometry": { "type": "Point", "coordinates": [ 85.336436, 28.161601 ] } },
{ "type": "Feature", "properties": { "id": "node/6004841085", "name": null, "name_en": "Continental Tandori house", "name_ne": null, "status": "Destroyed", "amenity": "restaurant", "man_made": null, "shop": null, "tourism": null, "opening_hours": null, "beds": null, "rooms": null, "addr_full": null, "addr_housenumber": null, "addr_street": null, "addr_city": null, "source": null, "adm0_pcode": "NPL", "adm0_name": "Nepal", "adm1_pcode": "NP03", "adm1_name": "Bagmati", "adm2_pcode": "NP0329", "adm2_name": "Rasuwa", "adm3_pcode": "NP0329402", "adm3_name": "Gosaikunda", "adm4_pcode": null, "adm4_name": null, "name_latin": "Continental Tandori house" }, "geometry": { "type": "Point", "coordinates": [ 85.3364209, 28.1609813 ] } },
{ "type": "Feature", "properties": { "id": "node/6004841087", "name": null, "name_en": null, "name_ne": null, "status": "Destroyed", "amenity": null, "man_made": null, "shop": "supermarket", "tourism": null, "opening_hours": null, "beds": null, "rooms": null, "addr_full": null, "addr_housenumber": null, "addr_street": null, "addr_city": null, "source": null, "adm0_pcode": "NPL", "adm0_name": "Nepal", "adm1_pcode": "NP03", "adm1_name": "Bagmati", "adm2_pcode": "NP0329", "adm2_name": "Rasuwa", "adm3_pcode": "NP0329402", "adm3_name": "Gosaikunda", "adm4_pcode": null, "adm4_name": null, "name_latin": null }, "geometry": { "type": "Point", "coordinates": [ 85.3365648, 28.161831 ] } },
{ "type": "Feature", "properties": { "id": "node/6117774385", "name": null, "name_en": "Bank", "name_ne": null, "status": "Destroyed", "amenity": "bank", "man_made": null, "shop": null, "tourism": null, "opening_hours": null, "beds": null, "rooms": null, "addr_full": null, "addr_housenumber": null, "addr_street": null, "addr_city": null, "source": null, "adm0_pcode": "NPL", "adm0_name": "Nepal", "adm1_pcode": "NP03", "adm1_name": "Bagmati", "adm2_pcode": "NP0329", "adm2_name": "Rasuwa", "adm3_pcode": "NP0329402", "adm3_name": "Gosaikunda", "adm4_pcode": null, "adm4_name": null, "name_latin": "Bank" }, "geometry": { "type": "Point", "coordinates": [ 85.336233, 28.1607094 ] } },
{ "type": "Feature", "properties": { "id": "node/11774999870", "name": null, "name_en": "Hotel Lhasa", "name_ne": null, "status": "Destroyed", "amenity": null, "man_made": null, "shop": null, "tourism": "hotel", "opening_hours": null, "beds": null, "rooms": null, "addr_full": null, "addr_housenumber": null, "addr_street": null, "addr_city": null, "source": null, "adm0_pcode": "NPL", "adm0_name": "Nepal", "adm1_pcode": "NP03", "adm1_name": "Bagmati", "adm2_pcode": "NP0329", "adm2_name": "Rasuwa", "adm3_pcode": "NP0329402", "adm3_name": "Gosaikunda", "adm4_pcode": null, "adm4_name": null, "name_latin": "Hotel Lhasa" }, "geometry": { "type": "Point", "coordinates": [ 85.3366957, 28.161897 ] } },
{ "type": "Feature", "properties": { "id": "node/12306449501", "name": null, "name_en": null, "name_ne": null, "status": "Destroyed", "amenity": null, "man_made": null, "shop": null, "tourism": "hostel", "opening_hours": null, "beds": null, "rooms": null, "addr_full": null, "addr_housenumber": null, "addr_street": null, "addr_city": null, "source": null, "adm0_pcode": "NPL", "adm0_name": "Nepal", "adm1_pcode": "NP03", "adm1_name": "Bagmati", "adm2_pcode": "NP0329", "adm2_name": "Rasuwa", "adm3_pcode": "NP0329402", "adm3_name": "Gosaikunda", "adm4_pcode": null, "adm4_name": null, "name_latin": null }, "geometry": { "type": "Point", "coordinates": [ 85.3404317, 28.1646382 ] } },
{ "type": "Feature", "properties": { "id": "node/12672929246", "name": null, "name_en": null, "name_ne": null, "status": "Destroyed", "amenity": "atm", "man_made": null, "shop": null, "tourism": null, "opening_hours": null, "beds": null, "rooms": null, "addr_full": null, "addr_housenumber": null, "addr_street": null, "addr_city": null, "source": null, "adm0_pcode": "NPL", "adm0_name": "Nepal", "adm1_pcode": "NP03", "adm1_name": "Bagmati", "adm2_pcode": "NP0329", "adm2_name": "Rasuwa", "adm3_pcode": "NP0329402", "adm3_name": "Gosaikunda", "adm4_pcode": null, "adm4_name": null, "name_latin": null }, "geometry": { "type": "Point", "coordinates": [ 85.3364072, 28.1607872 ] } },
{ "type": "Feature", "properties": { "id": "node/14128585218", "name": "Police Post Syapru Besi", "name_en": null, "name_ne": null, "status": "Destroyed", "amenity": "police", "man_made": null, "shop": null, "tourism": null, "opening_hours": null, "beds": null, "rooms": null, "addr_full": null, "addr_housenumber": null, "addr_street": null, "addr_city": null, "source": null, "adm0_pcode": "NPL", "adm0_name": "Nepal", "adm1_pcode": "NP03", "adm1_name": "Bagmati", "adm2_pcode": "NP0329", "adm2_name": "Rasuwa", "adm3_pcode": "NP0329402", "adm3_name": "Gosaikunda", "adm4_pcode": null, "adm4_name": null, "name_latin": "Police Post Syapru Besi" }, "geometry": { "type": "Point", "coordinates": [ 85.3418735, 28.165547 ] } },
{ "type": "Feature", "properties": { "id": "node/14137017263", "name": null, "name_en": null, "name_ne": null, "status": "Standing", "amenity": null, "man_made": "adit", "shop": null, "tourism": null, "opening_hours": null, "beds": null, "rooms": null, "addr_full": null, "addr_housenumber": null, "addr_street": null, "addr_city": null, "source": null, "adm0_pcode": "NPL", "adm0_name": "Nepal", "adm1_pcode": "NP03", "adm1_name": "Bagmati", "adm2_pcode": "NP0329", "adm2_name": "Rasuwa", "adm3_pcode": "NP0329402", "adm3_name": "Gosaikunda", "adm4_pcode": null, "adm4_name": null, "name_latin": null }, "geometry": { "type": "Point", "coordinates": [ 85.2431077, 28.0932545 ] } },
{ "type": "Feature", "properties": { "id": "node/1390376898", "name": "ACAP / TIMS Checkpost", "name_en": null, "name_ne": null, "status": "Standing", "amenity": null, "man_made": null, "shop": null, "tourism": "viewpoint", "opening_hours": null, "beds": null, "rooms": null, "addr_full": null, "addr_housenumber": null, "addr_street": null, "addr_city": null, "source": null, "adm0_pcode": "NPL", "adm0_name": "Nepal", "adm1_pcode": "NP03", "adm1_name": "Bagmati", "adm2_pcode": "NP0329", "adm2_name": "Rasuwa", "adm3_pcode": "NP0329401", "adm3_name": "Aamachhodingmo", "adm4_pcode": null, "adm4_name": null, "name_latin": "ACAP / TIMS Checkpost" }, "geometry": { "type": "Point", "coordinates": [ 85.2894275, 28.108927 ] } },
{ "type": "Feature", "properties": { "id": "node/4967982080", "name": "Shree komin Pra.V", "name_en": null, "name_ne": null, "status": "Standing", "amenity": "school", "man_made": null, "shop": null, "tourism": null, "opening_hours": null, "beds": null, "rooms": null, "addr_full": null, "addr_housenumber": null, "addr_street": null, "addr_city": null, "source": null, "adm0_pcode": "NPL", "adm0_name": "Nepal", "adm1_pcode": "NP03", "adm1_name": "Bagmati", "adm2_pcode": "NP0329", "adm2_name": "Rasuwa", "adm3_pcode": "NP0329402", "adm3_name": "Gosaikunda", "adm4_pcode": null, "adm4_name": null, "name_latin": "Shree komin Pra.V" }, "geometry": { "type": "Point", "coordinates": [ 85.3321695, 28.1616696 ] } },
{ "type": "Feature", "properties": { "id": "node/6004809185", "name": null, "name_en": "White House", "name_ne": null, "status": "Standing", "amenity": null, "man_made": null, "shop": null, "tourism": "hotel", "opening_hours": null, "beds": null, "rooms": null, "addr_full": null, "addr_housenumber": null, "addr_street": null, "addr_city": null, "source": null, "adm0_pcode": "NPL", "adm0_name": "Nepal", "adm1_pcode": "NP03", "adm1_name": "Bagmati", "adm2_pcode": "NP0329", "adm2_name": "Rasuwa", "adm3_pcode": "NP0329402", "adm3_name": "Gosaikunda", "adm4_pcode": null, "adm4_name": null, "name_latin": "White House" }, "geometry": { "type": "Point", "coordinates": [ 85.337263, 28.1644099 ] } },
{ "type": "Feature", "properties": { "id": "node/6004809187", "name": null, "name_en": "Kerung Himalaya", "name_ne": null, "status": "Standing", "amenity": null, "man_made": null, "shop": null, "tourism": "hotel", "opening_hours": null, "beds": null, "rooms": null, "addr_full": null, "addr_housenumber": null, "addr_street": null, "addr_city": null, "source": null, "adm0_pcode": "NPL", "adm0_name": "Nepal", "adm1_pcode": "NP03", "adm1_name": "Bagmati", "adm2_pcode": "NP0329", "adm2_name": "Rasuwa", "adm3_pcode": "NP0329402", "adm3_name": "Gosaikunda", "adm4_pcode": null, "adm4_name": null, "name_latin": "Kerung Himalaya" }, "geometry": { "type": "Point", "coordinates": [ 85.3370854, 28.164096 ] } },
{ "type": "Feature", "properties": { "id": "node/2852823436", "name": null, "name_en": null, "name_ne": null, "status": "Standing", "amenity": "place_of_worship", "man_made": null, "shop": null, "tourism": null, "opening_hours": null, "beds": null, "rooms": null, "addr_full": null, "addr_housenumber": null, "addr_street": null, "addr_city": null, "source": "GPS", "adm0_pcode": "NPL", "adm0_name": "Nepal", "adm1_pcode": "NP03", "adm1_name": "Bagmati", "adm2_pcode": "NP0329", "adm2_name": "Rasuwa", "adm3_pcode": "NP0329402", "adm3_name": "Gosaikunda", "adm4_pcode": null, "adm4_name": null, "name_latin": null }, "geometry": { "type": "Point", "coordinates": [ 85.3440916, 28.1687627 ] } },
{ "type": "Feature", "properties": { "id": "node/267768922", "name": null, "name_en": "Potala Guesthouse", "name_ne": null, "status": "Destroyed", "amenity": null, "man_made": null, "shop": null, "tourism": "hotel", "opening_hours": null, "beds": null, "rooms": null, "addr_full": null, "addr_housenumber": null, "addr_street": null, "addr_city": null, "source": null, "adm0_pcode": "NPL", "adm0_name": "Nepal", "adm1_pcode": "NP03", "adm1_name": "Bagmati", "adm2_pcode": "NP0329", "adm2_name": "Rasuwa", "adm3_pcode": "NP0329402", "adm3_name": "Gosaikunda", "adm4_pcode": null, "adm4_name": null, "name_latin": "Potala Guesthouse" }, "geometry": { "type": "Point", "coordinates": [ 85.3365711, 28.1612195 ] } },
{ "type": "Feature", "properties": { "id": "node/2553998757", "name": "Small Star Hotel", "name_en": null, "name_ne": null, "status": "Destroyed", "amenity": null, "man_made": null, "shop": null, "tourism": "hotel", "opening_hours": null, "beds": null, "rooms": null, "addr_full": null, "addr_housenumber": null, "addr_street": null, "addr_city": null, "source": null, "adm0_pcode": "NPL", "adm0_name": "Nepal", "adm1_pcode": "NP03", "adm1_name": "Bagmati", "adm2_pcode": "NP0329", "adm2_name": "Rasuwa", "adm3_pcode": "NP0329402", "adm3_name": "Gosaikunda", "adm4_pcode": null, "adm4_name": null, "name_latin": "Small Star Hotel" }, "geometry": { "type": "Point", "coordinates": [ 85.3365215, 28.1617207 ] } },
{ "type": "Feature", "properties": { "id": "node/2857819512", "name": null, "name_en": null, "name_ne": null, "status": "Destroyed", "amenity": "atm", "man_made": null, "shop": null, "tourism": null, "opening_hours": null, "beds": null, "rooms": null, "addr_full": null, "addr_housenumber": null, "addr_street": null, "addr_city": null, "source": "GPS", "adm0_pcode": "NPL", "adm0_name": "Nepal", "adm1_pcode": "NP03", "adm1_name": "Bagmati", "adm2_pcode": "NP0329", "adm2_name": "Rasuwa", "adm3_pcode": "NP0329402", "adm3_name": "Gosaikunda", "adm4_pcode": null, "adm4_name": null, "name_latin": null }, "geometry": { "type": "Point", "coordinates": [ 85.3362947, 28.1611718 ] } },
{ "type": "Feature", "properties": { "id": "node/2857847361", "name": "Community Bakery", "name_en": null, "name_ne": null, "status": "Destroyed", "amenity": "cafe", "man_made": null, "shop": null, "tourism": null, "opening_hours": null, "beds": null, "rooms": null, "addr_full": null, "addr_housenumber": null, "addr_street": null, "addr_city": null, "source": "GPS", "adm0_pcode": "NPL", "adm0_name": "Nepal", "adm1_pcode": "NP03", "adm1_name": "Bagmati", "adm2_pcode": "NP0329", "adm2_name": "Rasuwa", "adm3_pcode": "NP0329402", "adm3_name": "Gosaikunda", "adm4_pcode": null, "adm4_name": null, "name_latin": "Community Bakery" }, "geometry": { "type": "Point", "coordinates": [ 85.3430822, 28.1645721 ] } },
{ "type": "Feature", "properties": { "id": "node/4757942923", "name": "The rising", "name_en": null, "name_ne": null, "status": "Destroyed", "amenity": null, "man_made": null, "shop": null, "tourism": "hotel", "opening_hours": null, "beds": null, "rooms": null, "addr_full": null, "addr_housenumber": null, "addr_street": null, "addr_city": null, "source": null, "adm0_pcode": "NPL", "adm0_name": "Nepal", "adm1_pcode": "NP03", "adm1_name": "Bagmati", "adm2_pcode": "NP0329", "adm2_name": "Rasuwa", "adm3_pcode": "NP0329402", "adm3_name": "Gosaikunda", "adm4_pcode": null, "adm4_name": null, "name_latin": "The rising" }, "geometry": { "type": "Point", "coordinates": [ 85.3364883, 28.1610527 ] } },
{ "type": "Feature", "properties": { "id": "node/6004808086", "name": null, "name_en": "Ticket office bus and 4x4 to Kathmandu", "name_ne": null, "status": "Destroyed", "amenity": null, "man_made": null, "shop": "travel_agency", "tourism": null, "opening_hours": null, "beds": null, "rooms": null, "addr_full": null, "addr_housenumber": null, "addr_street": null, "addr_city": null, "source": null, "adm0_pcode": "NPL", "adm0_name": "Nepal", "adm1_pcode": "NP03", "adm1_name": "Bagmati", "adm2_pcode": "NP0329", "adm2_name": "Rasuwa", "adm3_pcode": "NP0329402", "adm3_name": "Gosaikunda", "adm4_pcode": null, "adm4_name": null, "name_latin": "Ticket office bus and 4x4 to Kathmandu" }, "geometry": { "type": "Point", "coordinates": [ 85.3366764, 28.1625278 ] } },
{ "type": "Feature", "properties": { "id": "node/6004809188", "name": null, "name_en": "Sunrise", "name_ne": null, "status": "Destroyed", "amenity": null, "man_made": null, "shop": null, "tourism": "hotel", "opening_hours": null, "beds": null, "rooms": null, "addr_full": null, "addr_housenumber": null, "addr_street": null, "addr_city": null, "source": null, "adm0_pcode": "NPL", "adm0_name": "Nepal", "adm1_pcode": "NP03", "adm1_name": "Bagmati", "adm2_pcode": "NP0329", "adm2_name": "Rasuwa", "adm3_pcode": "NP0329402", "adm3_name": "Gosaikunda", "adm4_pcode": null, "adm4_name": null, "name_latin": "Sunrise" }, "geometry": { "type": "Point", "coordinates": [ 85.3369383, 28.1629446 ] } },
{ "type": "Feature", "properties": { "id": "node/6004823685", "name": null, "name_en": "New Yala Peak Guesthouse", "name_ne": null, "status": "Destroyed", "amenity": null, "man_made": null, "shop": null, "tourism": "hotel", "opening_hours": null, "beds": null, "rooms": null, "addr_full": null, "addr_housenumber": null, "addr_street": null, "addr_city": null, "source": null, "adm0_pcode": "NPL", "adm0_name": "Nepal", "adm1_pcode": "NP03", "adm1_name": "Bagmati", "adm2_pcode": "NP0329", "adm2_name": "Rasuwa", "adm3_pcode": "NP0329402", "adm3_name": "Gosaikunda", "adm4_pcode": null, "adm4_name": null, "name_latin": "New Yala Peak Guesthouse" }, "geometry": { "type": "Point", "coordinates": [ 85.3367206, 28.1625909 ] } },
{ "type": "Feature", "properties": { "id": "node/6691854175", "name": "View Point Resort", "name_en": null, "name_ne": null, "status": "Destroyed", "amenity": null, "man_made": null, "shop": null, "tourism": "hotel", "opening_hours": null, "beds": null, "rooms": "5", "addr_full": null, "addr_housenumber": null, "addr_street": "Langtang trekking trail", "addr_city": "Old Syabru Bensi", "source": null, "adm0_pcode": "NPL", "adm0_name": "Nepal", "adm1_pcode": "NP03", "adm1_name": "Bagmati", "adm2_pcode": "NP0329", "adm2_name": "Rasuwa", "adm3_pcode": "NP0329402", "adm3_name": "Gosaikunda", "adm4_pcode": null, "adm4_name": null, "name_latin": "View Point Resort" }, "geometry": { "type": "Point", "coordinates": [ 85.3429171, 28.1649817 ] } },
{ "type": "Feature", "properties": { "id": "node/6004809186", "name": null, "name_en": "The pine tree", "name_ne": null, "status": "Destroyed", "amenity": "restaurant", "man_made": null, "shop": null, "tourism": null, "opening_hours": null, "beds": null, "rooms": null, "addr_full": null, "addr_housenumber": null, "addr_street": null, "addr_city": null, "source": null, "adm0_pcode": "NPL", "adm0_name": "Nepal", "adm1_pcode": "NP03", "adm1_name": "Bagmati", "adm2_pcode": "NP0329", "adm2_name": "Rasuwa", "adm3_pcode": "NP0329402", "adm3_name": "Gosaikunda", "adm4_pcode": null, "adm4_name": null, "name_latin": "The pine tree" }, "geometry": { "type": "Point", "coordinates": [ 85.3372187, 28.1642327 ] } },
{ "type": "Feature", "properties": { "id": "node/11186213263", "name": null, "name_en": null, "name_ne": null, "status": "Destroyed", "amenity": null, "man_made": null, "shop": "ticket", "tourism": null, "opening_hours": null, "beds": null, "rooms": null, "addr_full": null, "addr_housenumber": null, "addr_street": null, "addr_city": null, "source": null, "adm0_pcode": "NPL", "adm0_name": "Nepal", "adm1_pcode": "NP03", "adm1_name": "Bagmati", "adm2_pcode": "NP0329", "adm2_name": "Rasuwa", "adm3_pcode": "NP0329402", "adm3_name": "Gosaikunda", "adm4_pcode": null, "adm4_name": null, "name_latin": null }, "geometry": { "type": "Point", "coordinates": [ 85.3392378, 28.1645512 ] } },
{ "type": "Feature", "properties": { "id": "node/13806251983", "name": "Bhateri Tree House", "name_en": null, "name_ne": null, "status": "Standing", "amenity": null, "man_made": null, "shop": null, "tourism": "viewpoint", "opening_hours": null, "beds": null, "rooms": null, "addr_full": null, "addr_housenumber": null, "addr_street": null, "addr_city": null, "source": null, "adm0_pcode": "NPL", "adm0_name": "Nepal", "adm1_pcode": "NP03", "adm1_name": "Bagmati", "adm2_pcode": "NP0335", "adm2_name": "Chitawan", "adm3_pcode": "NP0335101", "adm3_name": "Bharatpur", "adm4_pcode": null, "adm4_name": null, "name_latin": "Bhateri Tree House" }, "geometry": { "type": "Point", "coordinates": [ 84.4782637, 27.7488198 ] } },
{ "type": "Feature", "properties": { "id": "node/5172812021", "name": null, "name_en": null, "name_ne": null, "status": "Standing", "amenity": null, "man_made": "chimney", "shop": null, "tourism": null, "opening_hours": null, "beds": null, "rooms": null, "addr_full": null, "addr_housenumber": null, "addr_street": null, "addr_city": null, "source": null, "adm0_pcode": "NPL", "adm0_name": "Nepal", "adm1_pcode": "NP04", "adm1_name": "Gandaki", "adm2_pcode": "NP0440", "adm2_name": "Tanahu", "adm3_pcode": "NP0440406", "adm3_name": "Devghat", "adm4_pcode": null, "adm4_name": null, "name_latin": null }, "geometry": { "type": "Point", "coordinates": [ 84.4439602, 27.7488514 ] } },
{ "type": "Feature", "properties": { "id": "node/11990113970", "name": "Bajrayogini Secondary School", "name_en": null, "name_ne": null, "status": "Standing", "amenity": "school", "man_made": null, "shop": null, "tourism": null, "opening_hours": null, "beds": null, "rooms": null, "addr_full": null, "addr_housenumber": null, "addr_street": null, "addr_city": null, "source": null, "adm0_pcode": "NPL", "adm0_name": "Nepal", "adm1_pcode": "NP04", "adm1_name": "Gandaki", "adm2_pcode": "NP0440", "adm2_name": "Tanahu", "adm3_pcode": "NP0440406", "adm3_name": "Devghat", "adm4_pcode": null, "adm4_name": null, "name_latin": "Bajrayogini Secondary School" }, "geometry": { "type": "Point", "coordinates": [ 84.4306907, 27.7496328 ] } },
{ "type": "Feature", "properties": { "id": "node/4939935947", "name": "Shri Bagh Bachala Pra V", "name_en": null, "name_ne": null, "status": "Standing", "amenity": "school", "man_made": null, "shop": null, "tourism": null, "opening_hours": null, "beds": null, "rooms": null, "addr_full": null, "addr_housenumber": null, "addr_street": null, "addr_city": null, "source": null, "adm0_pcode": "NPL", "adm0_name": "Nepal", "adm1_pcode": "NP03", "adm1_name": "Bagmati", "adm2_pcode": "NP0330", "adm2_name": "Dhading", "adm3_pcode": "NP0330408", "adm3_name": "Benighat Rorang", "adm4_pcode": null, "adm4_name": null, "name_latin": "Shri Bagh Bachala Pra V" }, "geometry": { "type": "Point", "coordinates": [ 84.7277681, 27.7928261 ] } },
{ "type": "Feature", "properties": { "id": "node/4939902293", "name": "Shri Jhagaredanda Pra V", "name_en": null, "name_ne": null, "status": "Standing", "amenity": "school", "man_made": null, "shop": null, "tourism": null, "opening_hours": null, "beds": null, "rooms": null, "addr_full": null, "addr_housenumber": null, "addr_street": null, "addr_city": null, "source": null, "adm0_pcode": "NPL", "adm0_name": "Nepal", "adm1_pcode": "NP03", "adm1_name": "Bagmati", "adm2_pcode": "NP0330", "adm2_name": "Dhading", "adm3_pcode": "NP0330408", "adm3_name": "Benighat Rorang", "adm4_pcode": null, "adm4_name": null, "name_latin": "Shri Jhagaredanda Pra V" }, "geometry": { "type": "Point", "coordinates": [ 84.7467709, 27.7964001 ] } },
{ "type": "Feature", "properties": { "id": "node/4939790691", "name": "Shri Panchayat Pra V", "name_en": null, "name_ne": null, "status": "Standing", "amenity": "school", "man_made": null, "shop": null, "tourism": null, "opening_hours": null, "beds": null, "rooms": null, "addr_full": null, "addr_housenumber": null, "addr_street": null, "addr_city": null, "source": null, "adm0_pcode": "NPL", "adm0_name": "Nepal", "adm1_pcode": "NP03", "adm1_name": "Bagmati", "adm2_pcode": "NP0330", "adm2_name": "Dhading", "adm3_pcode": "NP0330408", "adm3_name": "Benighat Rorang", "adm4_pcode": null, "adm4_name": null, "name_latin": "Shri Panchayat Pra V" }, "geometry": { "type": "Point", "coordinates": [ 84.7183971, 27.7979233 ] } },
{ "type": "Feature", "properties": { "id": "node/11509610270", "name": "पशुपति होटेल", "name_en": "Pashupati Hotel", "name_ne": null, "status": "Standing", "amenity": "restaurant", "man_made": null, "shop": null, "tourism": null, "opening_hours": null, "beds": null, "rooms": null, "addr_full": null, "addr_housenumber": null, "addr_street": null, "addr_city": null, "source": null, "adm0_pcode": "NPL", "adm0_name": "Nepal", "adm1_pcode": "NP03", "adm1_name": "Bagmati", "adm2_pcode": "NP0330", "adm2_name": "Dhading", "adm3_pcode": "NP0330408", "adm3_name": "Benighat Rorang", "adm4_pcode": null, "adm4_name": null, "name_latin": "Pashupati Hotel" }, "geometry": { "type": "Point", "coordinates": [ 84.721617, 27.8003251 ] } },
{ "type": "Feature", "properties": { "id": "node/5289258123", "name": null, "name_en": "Camp Springwood", "name_ne": null, "status": "Standing", "amenity": null, "man_made": null, "shop": null, "tourism": "camp_site", "opening_hours": null, "beds": null, "rooms": null, "addr_full": null, "addr_housenumber": null, "addr_street": null, "addr_city": null, "source": null, "adm0_pcode": "NPL", "adm0_name": "Nepal", "adm1_pcode": "NP04", "adm1_name": "Gandaki", "adm2_pcode": "NP0436", "adm2_name": "Gorkha", "adm3_pcode": "NP0436409", "adm3_name": "Gandaki", "adm4_pcode": null, "adm4_name": null, "name_latin": "Camp Springwood" }, "geometry": { "type": "Point", "coordinates": [ 84.7263002, 27.7989507 ] } },
{ "type": "Feature", "properties": { "id": "node/4867299822", "name": null, "name_en": "Avishek's Home", "name_ne": null, "status": "Standing", "amenity": "fast_food", "man_made": null, "shop": null, "tourism": null, "opening_hours": null, "beds": null, "rooms": null, "addr_full": null, "addr_housenumber": null, "addr_street": "Prithvi Rajmarga", "addr_city": null, "source": null, "adm0_pcode": "NPL", "adm0_name": "Nepal", "adm1_pcode": "NP04", "adm1_name": "Gandaki", "adm2_pcode": "NP0436", "adm2_name": "Gorkha", "adm3_pcode": "NP0436409", "adm3_name": "Gandaki", "adm4_pcode": null, "adm4_name": null, "name_latin": "Avishek's Home" }, "geometry": { "type": "Point", "coordinates": [ 84.7395342, 27.8005077 ] } },
{ "type": "Feature", "properties": { "id": "node/4861374023", "name": "English, Nepali, Hindi", "name_en": "Avishek Pountry Farm", "name_ne": null, "status": "Standing", "amenity": null, "man_made": null, "shop": "convenience", "tourism": null, "opening_hours": "Mo-Su 05:00-21:00", "beds": null, "rooms": null, "addr_full": null, "addr_housenumber": null, "addr_street": null, "addr_city": null, "source": null, "adm0_pcode": "NPL", "adm0_name": "Nepal", "adm1_pcode": "NP03", "adm1_name": "Bagmati", "adm2_pcode": "NP0330", "adm2_name": "Dhading", "adm3_pcode": "NP0330408", "adm3_name": "Benighat Rorang", "adm4_pcode": null, "adm4_name": null, "name_latin": "Avishek Pountry Farm" }, "geometry": { "type": "Point", "coordinates": [ 84.7418198, 27.7989026 ] } },
{ "type": "Feature", "properties": { "id": "node/6318685415", "name": null, "name_en": "Restaurant", "name_ne": null, "status": "Standing", "amenity": "restaurant", "man_made": null, "shop": null, "tourism": null, "opening_hours": null, "beds": null, "rooms": null, "addr_full": null, "addr_housenumber": null, "addr_street": null, "addr_city": null, "source": null, "adm0_pcode": "NPL", "adm0_name": "Nepal", "adm1_pcode": "NP04", "adm1_name": "Gandaki", "adm2_pcode": "NP0436", "adm2_name": "Gorkha", "adm3_pcode": "NP0436409", "adm3_name": "Gandaki", "adm4_pcode": null, "adm4_name": null, "name_latin": "Restaurant" }, "geometry": { "type": "Point", "coordinates": [ 84.7415695, 27.8022524 ] } },
{ "type": "Feature", "properties": { "id": "node/3494632842", "name": "Nepali, English", "name_en": "Rising Star English Boarding School", "name_ne": null, "status": "Standing", "amenity": "school", "man_made": null, "shop": null, "tourism": null, "opening_hours": "Su-Fr 10:00-16:00", "beds": null, "rooms": null, "addr_full": null, "addr_housenumber": null, "addr_street": null, "addr_city": null, "source": null, "adm0_pcode": "NPL", "adm0_name": "Nepal", "adm1_pcode": "NP04", "adm1_name": "Gandaki", "adm2_pcode": "NP0436", "adm2_name": "Gorkha", "adm3_pcode": "NP0436409", "adm3_name": "Gandaki", "adm4_pcode": null, "adm4_name": null, "name_latin": "Rising Star English Boarding School" }, "geometry": { "type": "Point", "coordinates": [ 84.7396508, 27.8013069 ] } },
{ "type": "Feature", "properties": { "id": "node/3144947771", "name": "River Rafting", "name_en": null, "name_ne": null, "status": "Standing", "amenity": null, "man_made": null, "shop": "water_sports", "tourism": null, "opening_hours": null, "beds": null, "rooms": null, "addr_full": null, "addr_housenumber": null, "addr_street": null, "addr_city": null, "source": null, "adm0_pcode": "NPL", "adm0_name": "Nepal", "adm1_pcode": "NP03", "adm1_name": "Bagmati", "adm2_pcode": "NP0330", "adm2_name": "Dhading", "adm3_pcode": "NP0330408", "adm3_name": "Benighat Rorang", "adm4_pcode": null, "adm4_name": null, "name_latin": "River Rafting" }, "geometry": { "type": "Point", "coordinates": [ 84.7453064, 27.8030584 ] } },
{ "type": "Feature", "properties": { "id": "node/4941662039", "name": "Shri Buddhi Bikash Pra V", "name_en": null, "name_ne": null, "status": "Standing", "amenity": "school", "man_made": null, "shop": null, "tourism": null, "opening_hours": null, "beds": null, "rooms": null, "addr_full": null, "addr_housenumber": null, "addr_street": null, "addr_city": null, "source": null, "adm0_pcode": "NPL", "adm0_name": "Nepal", "adm1_pcode": "NP03", "adm1_name": "Bagmati", "adm2_pcode": "NP0330", "adm2_name": "Dhading", "adm3_pcode": "NP0330408", "adm3_name": "Benighat Rorang", "adm4_pcode": null, "adm4_name": null, "name_latin": "Shri Buddhi Bikash Pra V" }, "geometry": { "type": "Point", "coordinates": [ 84.7486773, 27.8035007 ] } },
{ "type": "Feature", "properties": { "id": "node/4858981422", "name": "Shree Shankha Higher Secondary School", "name_en": null, "name_ne": null, "status": "Standing", "amenity": "school", "man_made": null, "shop": null, "tourism": null, "opening_hours": null, "beds": null, "rooms": null, "addr_full": null, "addr_housenumber": null, "addr_street": null, "addr_city": null, "source": null, "adm0_pcode": "NPL", "adm0_name": "Nepal", "adm1_pcode": "NP03", "adm1_name": "Bagmati", "adm2_pcode": "NP0330", "adm2_name": "Dhading", "adm3_pcode": "NP0330408", "adm3_name": "Benighat Rorang", "adm4_pcode": null, "adm4_name": null, "name_latin": "Shree Shankha Higher Secondary School" }, "geometry": { "type": "Point", "coordinates": [ 84.7048938, 27.805525 ] } },
{ "type": "Feature", "properties": { "id": "node/3408491299", "name": "Bihani Pharmacy", "name_en": null, "name_ne": null, "status": "Standing", "amenity": "pharmacy", "man_made": null, "shop": null, "tourism": null, "opening_hours": null, "beds": null, "rooms": null, "addr_full": null, "addr_housenumber": null, "addr_street": null, "addr_city": null, "source": null, "adm0_pcode": "NPL", "adm0_name": "Nepal", "adm1_pcode": "NP03", "adm1_name": "Bagmati", "adm2_pcode": "NP0330", "adm2_name": "Dhading", "adm3_pcode": "NP0330408", "adm3_name": "Benighat Rorang", "adm4_pcode": null, "adm4_name": null, "name_latin": "Bihani Pharmacy" }, "geometry": { "type": "Point", "coordinates": [ 84.7043051, 27.8056745 ] } },
{ "type": "Feature", "properties": { "id": "node/4894847801", "name": "Shri Praja Jyoti Pra V", "name_en": null, "name_ne": null, "status": "Standing", "amenity": "school", "man_made": null, "shop": null, "tourism": null, "opening_hours": null, "beds": null, "rooms": null, "addr_full": null, "addr_housenumber": null, "addr_street": null, "addr_city": null, "source": null, "adm0_pcode": "NPL", "adm0_name": "Nepal", "adm1_pcode": "NP04", "adm1_name": "Gandaki", "adm2_pcode": "NP0436", "adm2_name": "Gorkha", "adm3_pcode": "NP0436409", "adm3_name": "Gandaki", "adm4_pcode": null, "adm4_name": null, "name_latin": "Shri Praja Jyoti Pra V" }, "geometry": { "type": "Point", "coordinates": [ 84.7000622, 27.8116525 ] } },
{ "type": "Feature", "properties": { "id": "node/11295396469", "name": null, "name_en": "Chimkesoroy Adventure Camp", "name_ne": null, "status": "Standing", "amenity": null, "man_made": null, "shop": null, "tourism": "guest_house", "opening_hours": null, "beds": null, "rooms": null, "addr_full": null, "addr_housenumber": null, "addr_street": null, "addr_city": null, "source": null, "adm0_pcode": "NPL", "adm0_name": "Nepal", "adm1_pcode": "NP03", "adm1_name": "Bagmati", "adm2_pcode": "NP0335", "adm2_name": "Chitawan", "adm3_pcode": "NP0335101", "adm3_name": "Bharatpur", "adm4_pcode": null, "adm4_name": null, "name_latin": "Chimkesoroy Adventure Camp" }, "geometry": { "type": "Point", "coordinates": [ 84.4809152, 27.8224684 ] } },
{ "type": "Feature", "properties": { "id": "node/11977617817", "name": "Dumregaun Basic School", "name_en": null, "name_ne": null, "status": "Standing", "amenity": "school", "man_made": null, "shop": null, "tourism": null, "opening_hours": null, "beds": null, "rooms": null, "addr_full": null, "addr_housenumber": null, "addr_street": null, "addr_city": null, "source": null, "adm0_pcode": "NPL", "adm0_name": "Nepal", "adm1_pcode": "NP03", "adm1_name": "Bagmati", "adm2_pcode": "NP0335", "adm2_name": "Chitawan", "adm3_pcode": "NP0335101", "adm3_name": "Bharatpur", "adm4_pcode": null, "adm4_name": null, "name_latin": "Dumregaun Basic School" }, "geometry": { "type": "Point", "coordinates": [ 84.4826075, 27.8204228 ] } },
{ "type": "Feature", "properties": { "id": "node/11977617818", "name": "Lamagaun Basic School", "name_en": null, "name_ne": null, "status": "Standing", "amenity": "school", "man_made": null, "shop": null, "tourism": null, "opening_hours": null, "beds": null, "rooms": null, "addr_full": null, "addr_housenumber": null, "addr_street": null, "addr_city": null, "source": null, "adm0_pcode": "NPL", "adm0_name": "Nepal", "adm1_pcode": "NP03", "adm1_name": "Bagmati", "adm2_pcode": "NP0335", "adm2_name": "Chitawan", "adm3_pcode": "NP0335101", "adm3_name": "Bharatpur", "adm4_pcode": null, "adm4_name": null, "name_latin": "Lamagaun Basic School" }, "geometry": { "type": "Point", "coordinates": [ 84.4843979, 27.8203007 ] } },
{ "type": "Feature", "properties": { "id": "node/11977559253", "name": "Kabilas Health Center", "name_en": null, "name_ne": null, "status": "Standing", "amenity": "clinic", "man_made": null, "shop": null, "tourism": null, "opening_hours": null, "beds": null, "rooms": null, "addr_full": null, "addr_housenumber": null, "addr_street": null, "addr_city": null, "source": null, "adm0_pcode": "NPL", "adm0_name": "Nepal", "adm1_pcode": "NP03", "adm1_name": "Bagmati", "adm2_pcode": "NP0335", "adm2_name": "Chitawan", "adm3_pcode": "NP0335101", "adm3_name": "Bharatpur", "adm4_pcode": null, "adm4_name": null, "name_latin": "Kabilas Health Center" }, "geometry": { "type": "Point", "coordinates": [ 84.4705228, 27.7677226 ] } },
{ "type": "Feature", "properties": { "id": "node/11977571161", "name": "Landseed Health Care Chitwan", "name_en": null, "name_ne": null, "status": "Standing", "amenity": "clinic", "man_made": null, "shop": null, "tourism": null, "opening_hours": null, "beds": null, "rooms": null, "addr_full": null, "addr_housenumber": null, "addr_street": null, "addr_city": null, "source": null, "adm0_pcode": "NPL", "adm0_name": "Nepal", "adm1_pcode": "NP03", "adm1_name": "Bagmati", "adm2_pcode": "NP0335", "adm2_name": "Chitawan", "adm3_pcode": "NP0335101", "adm3_name": "Bharatpur", "adm4_pcode": null, "adm4_name": null, "name_latin": "Landseed Health Care Chitwan" }, "geometry": { "type": "Point", "coordinates": [ 84.4705872, 27.7679054 ] } },
{ "type": "Feature", "properties": { "id": "node/11977618340", "name": "Shree Kailash Secondary School", "name_en": null, "name_ne": null, "status": "Standing", "amenity": "school", "man_made": null, "shop": null, "tourism": null, "opening_hours": null, "beds": null, "rooms": null, "addr_full": null, "addr_housenumber": null, "addr_street": null, "addr_city": null, "source": null, "adm0_pcode": "NPL", "adm0_name": "Nepal", "adm1_pcode": "NP03", "adm1_name": "Bagmati", "adm2_pcode": "NP0335", "adm2_name": "Chitawan", "adm3_pcode": "NP0335101", "adm3_name": "Bharatpur", "adm4_pcode": null, "adm4_name": null, "name_latin": "Shree Kailash Secondary School" }, "geometry": { "type": "Point", "coordinates": [ 84.4702265, 27.7681178 ] } },
{ "type": "Feature", "properties": { "id": "node/1537553884", "name": null, "name_en": null, "name_ne": null, "status": "Standing", "amenity": "fuel", "man_made": null, "shop": null, "tourism": null, "opening_hours": null, "beds": null, "rooms": null, "addr_full": null, "addr_housenumber": null, "addr_street": null, "addr_city": null, "source": null, "adm0_pcode": "NPL", "adm0_name": "Nepal", "adm1_pcode": "NP03", "adm1_name": "Bagmati", "adm2_pcode": "NP0335", "adm2_name": "Chitawan", "adm3_pcode": "NP0335101", "adm3_name": "Bharatpur", "adm4_pcode": null, "adm4_name": null, "name_latin": null }, "geometry": { "type": "Point", "coordinates": [ 84.4752067, 27.759106 ] } },
{ "type": "Feature", "properties": { "id": "node/3640411271", "name": null, "name_en": null, "name_ne": null, "status": "Standing", "amenity": "restaurant", "man_made": null, "shop": null, "tourism": null, "opening_hours": null, "beds": null, "rooms": null, "addr_full": null, "addr_housenumber": null, "addr_street": null, "addr_city": null, "source": null, "adm0_pcode": "NPL", "adm0_name": "Nepal", "adm1_pcode": "NP03", "adm1_name": "Bagmati", "adm2_pcode": "NP0335", "adm2_name": "Chitawan", "adm3_pcode": "NP0335101", "adm3_name": "Bharatpur", "adm4_pcode": null, "adm4_name": null, "name_latin": null }, "geometry": { "type": "Point", "coordinates": [ 84.4743568, 27.761501 ] } },
{ "type": "Feature", "properties": { "id": "node/4769252937", "name": null, "name_en": null, "name_ne": null, "status": "Standing", "amenity": "fast_food", "man_made": null, "shop": null, "tourism": null, "opening_hours": null, "beds": null, "rooms": null, "addr_full": null, "addr_housenumber": null, "addr_street": null, "addr_city": null, "source": null, "adm0_pcode": "NPL", "adm0_name": "Nepal", "adm1_pcode": "NP03", "adm1_name": "Bagmati", "adm2_pcode": "NP0335", "adm2_name": "Chitawan", "adm3_pcode": "NP0335101", "adm3_name": "Bharatpur", "adm4_pcode": null, "adm4_name": null, "name_latin": null }, "geometry": { "type": "Point", "coordinates": [ 84.4737485, 27.7611217 ] } },
{ "type": "Feature", "properties": { "id": "node/11522170769", "name": null, "name_en": null, "name_ne": null, "status": "Standing", "amenity": "bus_station", "man_made": null, "shop": null, "tourism": null, "opening_hours": null, "beds": null, "rooms": null, "addr_full": null, "addr_housenumber": null, "addr_street": null, "addr_city": null, "source": null, "adm0_pcode": "NPL", "adm0_name": "Nepal", "adm1_pcode": "NP03", "adm1_name": "Bagmati", "adm2_pcode": "NP0335", "adm2_name": "Chitawan", "adm3_pcode": "NP0335101", "adm3_name": "Bharatpur", "adm4_pcode": null, "adm4_name": null, "name_latin": null }, "geometry": { "type": "Point", "coordinates": [ 84.473993, 27.7611988 ] } },
{ "type": "Feature", "properties": { "id": "node/7218423885", "name": "Jay Gorkhali Oil Traders", "name_en": null, "name_ne": null, "status": "Standing", "amenity": "fuel", "man_made": null, "shop": null, "tourism": null, "opening_hours": null, "beds": null, "rooms": null, "addr_full": null, "addr_housenumber": null, "addr_street": null, "addr_city": null, "source": null, "adm0_pcode": "NPL", "adm0_name": "Nepal", "adm1_pcode": "NP03", "adm1_name": "Bagmati", "adm2_pcode": "NP0335", "adm2_name": "Chitawan", "adm3_pcode": "NP0335101", "adm3_name": "Bharatpur", "adm4_pcode": null, "adm4_name": null, "name_latin": "Jay Gorkhali Oil Traders" }, "geometry": { "type": "Point", "coordinates": [ 84.4707546, 27.7643068 ] } },
{ "type": "Feature", "properties": { "id": "node/11977595256", "name": "Jaldevi Rastriya Basic School", "name_en": null, "name_ne": null, "status": "Standing", "amenity": "school", "man_made": null, "shop": null, "tourism": null, "opening_hours": null, "beds": null, "rooms": null, "addr_full": null, "addr_housenumber": null, "addr_street": null, "addr_city": null, "source": null, "adm0_pcode": "NPL", "adm0_name": "Nepal", "adm1_pcode": "NP03", "adm1_name": "Bagmati", "adm2_pcode": "NP0335", "adm2_name": "Chitawan", "adm3_pcode": "NP0335101", "adm3_name": "Bharatpur", "adm4_pcode": null, "adm4_name": null, "name_latin": "Jaldevi Rastriya Basic School" }, "geometry": { "type": "Point", "coordinates": [ 84.4749485, 27.7531838 ] } },
{ "type": "Feature", "properties": { "id": "node/4934938155", "name": "Shri Danda Gaun Balbikash Kendra", "name_en": null, "name_ne": null, "status": "Standing", "amenity": "school", "man_made": null, "shop": null, "tourism": null, "opening_hours": null, "beds": null, "rooms": null, "addr_full": null, "addr_housenumber": null, "addr_street": null, "addr_city": null, "source": null, "adm0_pcode": "NPL", "adm0_name": "Nepal", "adm1_pcode": "NP03", "adm1_name": "Bagmati", "adm2_pcode": "NP0330", "adm2_name": "Dhading", "adm3_pcode": "NP0330407", "adm3_name": "Siddhalek", "adm4_pcode": null, "adm4_name": null, "name_latin": "Shri Danda Gaun Balbikash Kendra" }, "geometry": { "type": "Point", "coordinates": [ 84.8766435, 27.8160176 ] } },
{ "type": "Feature", "properties": { "id": "node/4934943520", "name": "Shree Kunnesori Pra V", "name_en": null, "name_ne": null, "status": "Standing", "amenity": "school", "man_made": null, "shop": null, "tourism": null, "opening_hours": null, "beds": null, "rooms": null, "addr_full": null, "addr_housenumber": null, "addr_street": null, "addr_city": null, "source": null, "adm0_pcode": "NPL", "adm0_name": "Nepal", "adm1_pcode": "NP03", "adm1_name": "Bagmati", "adm2_pcode": "NP0330", "adm2_name": "Dhading", "adm3_pcode": "NP0330407", "adm3_name": "Siddhalek", "adm4_pcode": null, "adm4_name": null, "name_latin": "Shree Kunnesori Pra V" }, "geometry": { "type": "Point", "coordinates": [ 84.9023954, 27.8143522 ] } },
{ "type": "Feature", "properties": { "id": "node/4936634947", "name": "Shri Belinitar Pra Vi", "name_en": null, "name_ne": null, "status": "Standing", "amenity": "school", "man_made": null, "shop": null, "tourism": null, "opening_hours": null, "beds": null, "rooms": null, "addr_full": null, "addr_housenumber": null, "addr_street": null, "addr_city": null, "source": null, "adm0_pcode": "NPL", "adm0_name": "Nepal", "adm1_pcode": "NP03", "adm1_name": "Bagmati", "adm2_pcode": "NP0330", "adm2_name": "Dhading", "adm3_pcode": "NP0330410", "adm3_name": "Galchhi", "adm4_pcode": null, "adm4_name": null, "name_latin": "Shri Belinitar Pra Vi" }, "geometry": { "type": "Point", "coordinates": [ 84.9442606, 27.8147716 ] } },
{ "type": "Feature", "properties": { "id": "node/4457877986", "name": "Sana Kisan Krisi Sahakari Sanstha", "name_en": null, "name_ne": null, "status": "Standing", "amenity": null, "man_made": null, "shop": "supermarket", "tourism": null, "opening_hours": null, "beds": null, "rooms": null, "addr_full": null, "addr_housenumber": null, "addr_street": null, "addr_city": null, "source": null, "adm0_pcode": "NPL", "adm0_name": "Nepal", "adm1_pcode": "NP03", "adm1_name": "Bagmati", "adm2_pcode": "NP0330", "adm2_name": "Dhading", "adm3_pcode": "NP0330410", "adm3_name": "Galchhi", "adm4_pcode": null, "adm4_name": null, "name_latin": "Sana Kisan Krisi Sahakari Sanstha" }, "geometry": { "type": "Point", "coordinates": [ 84.9663566, 27.8144924 ] } },
{ "type": "Feature", "properties": { "id": "node/279374586", "name": "श्री अमलेश्‍वर आयल स्टोर", "name_en": "Shree Amleshwor Oil Store", "name_ne": "श्री अमलेश्‍वर आयल स्टोर", "status": "Standing", "amenity": "fuel", "man_made": null, "shop": null, "tourism": null, "opening_hours": null, "beds": null, "rooms": null, "addr_full": null, "addr_housenumber": null, "addr_street": null, "addr_city": null, "source": null, "adm0_pcode": "NPL", "adm0_name": "Nepal", "adm1_pcode": "NP03", "adm1_name": "Bagmati", "adm2_pcode": "NP0330", "adm2_name": "Dhading", "adm3_pcode": "NP0330410", "adm3_name": "Galchhi", "adm4_pcode": null, "adm4_name": null, "name_latin": "Shree Amleshwor Oil Store" }, "geometry": { "type": "Point", "coordinates": [ 84.9582661, 27.8145305 ] } },
{ "type": "Feature", "properties": { "id": "node/9515699118", "name": "राजु होटेल", "name_en": "Raju Hotel", "name_ne": "राजु होटेल", "status": "Standing", "amenity": null, "man_made": null, "shop": null, "tourism": "hotel", "opening_hours": null, "beds": null, "rooms": null, "addr_full": null, "addr_housenumber": null, "addr_street": null, "addr_city": null, "source": null, "adm0_pcode": "NPL", "adm0_name": "Nepal", "adm1_pcode": "NP03", "adm1_name": "Bagmati", "adm2_pcode": "NP0330", "adm2_name": "Dhading", "adm3_pcode": "NP0330410", "adm3_name": "Galchhi", "adm4_pcode": null, "adm4_name": null, "name_latin": "Raju Hotel" }, "geometry": { "type": "Point", "coordinates": [ 84.957883, 27.8147282 ] } },
{ "type": "Feature", "properties": { "id": "node/11747199769", "name": "सुरेश फास्ट फुड", "name_en": "Suresh Fast Food", "name_ne": null, "status": "Standing", "amenity": "fast_food", "man_made": null, "shop": null, "tourism": null, "opening_hours": null, "beds": null, "rooms": null, "addr_full": null, "addr_housenumber": null, "addr_street": null, "addr_city": null, "source": null, "adm0_pcode": "NPL", "adm0_name": "Nepal", "adm1_pcode": "NP03", "adm1_name": "Bagmati", "adm2_pcode": "NP0330", "adm2_name": "Dhading", "adm3_pcode": "NP0330410", "adm3_name": "Galchhi", "adm4_pcode": null, "adm4_name": null, "name_latin": "Suresh Fast Food" }, "geometry": { "type": "Point", "coordinates": [ 84.9616463, 27.8117292 ] } },
{ "type": "Feature", "properties": { "id": "node/11747198070", "name": "अदुवाबारी मन्दिर", "name_en": "Aduwabari Mandir", "name_ne": "अदुवाबारी मन्दिर", "status": "Standing", "amenity": "place_of_worship", "man_made": null, "shop": null, "tourism": null, "opening_hours": null, "beds": null, "rooms": null, "addr_full": null, "addr_housenumber": null, "addr_street": null, "addr_city": null, "source": null, "adm0_pcode": "NPL", "adm0_name": "Nepal", "adm1_pcode": "NP03", "adm1_name": "Bagmati", "adm2_pcode": "NP0330", "adm2_name": "Dhading", "adm3_pcode": "NP0330410", "adm3_name": "Galchhi", "adm4_pcode": null, "adm4_name": null, "name_latin": "Aduwabari Mandir" }, "geometry": { "type": "Point", "coordinates": [ 84.9616748, 27.8113097 ] } },
{ "type": "Feature", "properties": { "id": "node/4934948633", "name": "Shri Satyawati Uchha Ma V", "name_en": null, "name_ne": null, "status": "Standing", "amenity": "school", "man_made": null, "shop": null, "tourism": null, "opening_hours": null, "beds": null, "rooms": null, "addr_full": null, "addr_housenumber": null, "addr_street": null, "addr_city": null, "source": null, "adm0_pcode": "NPL", "adm0_name": "Nepal", "adm1_pcode": "NP03", "adm1_name": "Bagmati", "adm2_pcode": "NP0330", "adm2_name": "Dhading", "adm3_pcode": "NP0330407", "adm3_name": "Siddhalek", "adm4_pcode": null, "adm4_name": null, "name_latin": "Shri Satyawati Uchha Ma V" }, "geometry": { "type": "Point", "coordinates": [ 84.9377771, 27.810738 ] } },
{ "type": "Feature", "properties": { "id": "node/6160819486", "name": null, "name_en": "Espresso bar 56", "name_ne": null, "status": "Standing", "amenity": "cafe", "man_made": null, "shop": null, "tourism": null, "opening_hours": null, "beds": null, "rooms": null, "addr_full": null, "addr_housenumber": null, "addr_street": null, "addr_city": null, "source": null, "adm0_pcode": "NPL", "adm0_name": "Nepal", "adm1_pcode": "NP03", "adm1_name": "Bagmati", "adm2_pcode": "NP0330", "adm2_name": "Dhading", "adm3_pcode": "NP0330407", "adm3_name": "Siddhalek", "adm4_pcode": null, "adm4_name": null, "name_latin": "Espresso bar 56" }, "geometry": { "type": "Point", "coordinates": [ 84.9437425, 27.8085698 ] } },
{ "type": "Feature", "properties": { "id": "node/9519236117", "name": "B and P Enterprises", "name_en": null, "name_ne": null, "status": "Standing", "amenity": null, "man_made": null, "shop": "hardware", "tourism": null, "opening_hours": null, "beds": null, "rooms": null, "addr_full": null, "addr_housenumber": null, "addr_street": null, "addr_city": null, "source": null, "adm0_pcode": "NPL", "adm0_name": "Nepal", "adm1_pcode": "NP03", "adm1_name": "Bagmati", "adm2_pcode": "NP0330", "adm2_name": "Dhading", "adm3_pcode": "NP0330410", "adm3_name": "Galchhi", "adm4_pcode": null, "adm4_name": null, "name_latin": "B and P Enterprises" }, "geometry": { "type": "Point", "coordinates": [ 84.9432161, 27.8068411 ] } },
{ "type": "Feature", "properties": { "id": "node/9519235220", "name": "Temporary Police Post Aadhamghat", "name_en": null, "name_ne": null, "status": "Standing", "amenity": "police", "man_made": null, "shop": null, "tourism": null, "opening_hours": null, "beds": null, "rooms": null, "addr_full": null, "addr_housenumber": null, "addr_street": null, "addr_city": null, "source": null, "adm0_pcode": "NPL", "adm0_name": "Nepal", "adm1_pcode": "NP03", "adm1_name": "Bagmati", "adm2_pcode": "NP0330", "adm2_name": "Dhading", "adm3_pcode": "NP0330410", "adm3_name": "Galchhi", "adm4_pcode": null, "adm4_name": null, "name_latin": "Temporary Police Post Aadhamghat" }, "geometry": { "type": "Point", "coordinates": [ 84.9432067, 27.8063716 ] } },
{ "type": "Feature", "properties": { "id": "node/4940185637", "name": "Shri Indrayani Ni Ma Vi", "name_en": null, "name_ne": null, "status": "Standing", "amenity": "school", "man_made": null, "shop": null, "tourism": null, "opening_hours": null, "beds": null, "rooms": null, "addr_full": null, "addr_housenumber": null, "addr_street": null, "addr_city": null, "source": null, "adm0_pcode": "NPL", "adm0_name": "Nepal", "adm1_pcode": "NP03", "adm1_name": "Bagmati", "adm2_pcode": "NP0330", "adm2_name": "Dhading", "adm3_pcode": "NP0330410", "adm3_name": "Galchhi", "adm4_pcode": null, "adm4_name": null, "name_latin": "Shri Indrayani Ni Ma Vi" }, "geometry": { "type": "Point", "coordinates": [ 84.9439006, 27.8050001 ] } },
{ "type": "Feature", "properties": { "id": "node/10041236577", "name": "Sanju Stores", "name_en": null, "name_ne": null, "status": "Standing", "amenity": null, "man_made": null, "shop": "supermarket", "tourism": null, "opening_hours": null, "beds": null, "rooms": null, "addr_full": null, "addr_housenumber": null, "addr_street": "Prithvi Rajmarg", "addr_city": "Baireni", "source": null, "adm0_pcode": "NPL", "adm0_name": "Nepal", "adm1_pcode": "NP03", "adm1_name": "Bagmati", "adm2_pcode": "NP0330", "adm2_name": "Dhading", "adm3_pcode": "NP0330410", "adm3_name": "Galchhi", "adm4_pcode": null, "adm4_name": null, "name_latin": "Sanju Stores" }, "geometry": { "type": "Point", "coordinates": [ 84.9945269, 27.7985342 ] } },
{ "type": "Feature", "properties": { "id": "node/9519236917", "name": "NIC Asia Bank Limited", "name_en": null, "name_ne": null, "status": "Standing", "amenity": "bank", "man_made": null, "shop": null, "tourism": null, "opening_hours": null, "beds": null, "rooms": null, "addr_full": null, "addr_housenumber": null, "addr_street": null, "addr_city": null, "source": null, "adm0_pcode": "NPL", "adm0_name": "Nepal", "adm1_pcode": "NP03", "adm1_name": "Bagmati", "adm2_pcode": "NP0330", "adm2_name": "Dhading", "adm3_pcode": "NP0330410", "adm3_name": "Galchhi", "adm4_pcode": null, "adm4_name": null, "name_latin": "NIC Asia Bank Limited" }, "geometry": { "type": "Point", "coordinates": [ 84.999732, 27.797617 ] } },
{ "type": "Feature", "properties": { "id": "node/9519235920", "name": "Bank of Kathmandu", "name_en": null, "name_ne": null, "status": "Standing", "amenity": "bank", "man_made": null, "shop": null, "tourism": null, "opening_hours": null, "beds": null, "rooms": null, "addr_full": null, "addr_housenumber": null, "addr_street": null, "addr_city": null, "source": null, "adm0_pcode": "NPL", "adm0_name": "Nepal", "adm1_pcode": "NP03", "adm1_name": "Bagmati", "adm2_pcode": "NP0330", "adm2_name": "Dhading", "adm3_pcode": "NP0330410", "adm3_name": "Galchhi", "adm4_pcode": null, "adm4_name": null, "name_latin": "Bank of Kathmandu" }, "geometry": { "type": "Point", "coordinates": [ 84.999805, 27.7974489 ] } },
{ "type": "Feature", "properties": { "id": "node/9519234922", "name": "Nabil Bank Limited", "name_en": null, "name_ne": null, "status": "Standing", "amenity": "bank", "man_made": null, "shop": null, "tourism": null, "opening_hours": null, "beds": null, "rooms": null, "addr_full": null, "addr_housenumber": null, "addr_street": null, "addr_city": null, "source": null, "adm0_pcode": "NPL", "adm0_name": "Nepal", "adm1_pcode": "NP03", "adm1_name": "Bagmati", "adm2_pcode": "NP0330", "adm2_name": "Dhading", "adm3_pcode": "NP0330410", "adm3_name": "Galchhi", "adm4_pcode": null, "adm4_name": null, "name_latin": "Nabil Bank Limited" }, "geometry": { "type": "Point", "coordinates": [ 84.9998779, 27.7972678 ] } },
{ "type": "Feature", "properties": { "id": "node/4941705184", "name": "Shri Sundar Pra Vi", "name_en": null, "name_ne": null, "status": "Standing", "amenity": "school", "man_made": null, "shop": null, "tourism": null, "opening_hours": null, "beds": null, "rooms": null, "addr_full": null, "addr_housenumber": null, "addr_street": null, "addr_city": null, "source": null, "adm0_pcode": "NPL", "adm0_name": "Nepal", "adm1_pcode": "NP03", "adm1_name": "Bagmati", "adm2_pcode": "NP0330", "adm2_name": "Dhading", "adm3_pcode": "NP0330409", "adm3_name": "Gajuri", "adm4_pcode": null, "adm4_name": null, "name_latin": "Shri Sundar Pra Vi" }, "geometry": { "type": "Point", "coordinates": [ 84.8758338, 27.7973141 ] } },
{ "type": "Feature", "properties": { "id": "node/4941848995", "name": "Shri Jibanjyoti Bal Bikash Kendra", "name_en": null, "name_ne": null, "status": "Standing", "amenity": "school", "man_made": null, "shop": null, "tourism": null, "opening_hours": null, "beds": null, "rooms": null, "addr_full": null, "addr_housenumber": null, "addr_street": null, "addr_city": null, "source": null, "adm0_pcode": "NPL", "adm0_name": "Nepal", "adm1_pcode": "NP03", "adm1_name": "Bagmati", "adm2_pcode": "NP0330", "adm2_name": "Dhading", "adm3_pcode": "NP0330409", "adm3_name": "Gajuri", "adm4_pcode": null, "adm4_name": null, "name_latin": "Shri Jibanjyoti Bal Bikash Kendra" }, "geometry": { "type": "Point", "coordinates": [ 84.8842549, 27.8005379 ] } },
{ "type": "Feature", "properties": { "id": "node/9519233518", "name": "Nabin Agrovet", "name_en": null, "name_ne": null, "status": "Standing", "amenity": null, "man_made": null, "shop": "variety_store", "tourism": null, "opening_hours": null, "beds": null, "rooms": null, "addr_full": null, "addr_housenumber": null, "addr_street": null, "addr_city": null, "source": null, "adm0_pcode": "NPL", "adm0_name": "Nepal", "adm1_pcode": "NP03", "adm1_name": "Bagmati", "adm2_pcode": "NP0330", "adm2_name": "Dhading", "adm3_pcode": "NP0330409", "adm3_name": "Gajuri", "adm4_pcode": null, "adm4_name": null, "name_latin": "Nabin Agrovet" }, "geometry": { "type": "Point", "coordinates": [ 84.875712, 27.8041229 ] } },
{ "type": "Feature", "properties": { "id": "node/9519233517", "name": "Sanu Vai Khaja Ghar", "name_en": null, "name_ne": null, "status": "Standing", "amenity": "fast_food", "man_made": null, "shop": null, "tourism": null, "opening_hours": null, "beds": null, "rooms": null, "addr_full": null, "addr_housenumber": null, "addr_street": null, "addr_city": null, "source": null, "adm0_pcode": "NPL", "adm0_name": "Nepal", "adm1_pcode": "NP03", "adm1_name": "Bagmati", "adm2_pcode": "NP0330", "adm2_name": "Dhading", "adm3_pcode": "NP0330407", "adm3_name": "Siddhalek", "adm4_pcode": null, "adm4_name": null, "name_latin": "Sanu Vai Khaja Ghar" }, "geometry": { "type": "Point", "coordinates": [ 84.8754626, 27.8044797 ] } },
{ "type": "Feature", "properties": { "id": "node/9519233617", "name": "Yamaha Care Center", "name_en": null, "name_ne": null, "status": "Standing", "amenity": null, "man_made": null, "shop": "motorcycle", "tourism": null, "opening_hours": null, "beds": null, "rooms": null, "addr_full": null, "addr_housenumber": null, "addr_street": null, "addr_city": null, "source": null, "adm0_pcode": "NPL", "adm0_name": "Nepal", "adm1_pcode": "NP03", "adm1_name": "Bagmati", "adm2_pcode": "NP0330", "adm2_name": "Dhading", "adm3_pcode": "NP0330407", "adm3_name": "Siddhalek", "adm4_pcode": null, "adm4_name": null, "name_latin": "Yamaha Care Center" }, "geometry": { "type": "Point", "coordinates": [ 84.8756112, 27.8045721 ] } },
{ "type": "Feature", "properties": { "id": "node/9519234217", "name": "Gajuri Stationary", "name_en": null, "name_ne": null, "status": "Standing", "amenity": null, "man_made": null, "shop": "books", "tourism": null, "opening_hours": null, "beds": null, "rooms": null, "addr_full": null, "addr_housenumber": null, "addr_street": null, "addr_city": null, "source": null, "adm0_pcode": "NPL", "adm0_name": "Nepal", "adm1_pcode": "NP03", "adm1_name": "Bagmati", "adm2_pcode": "NP0330", "adm2_name": "Dhading", "adm3_pcode": "NP0330407", "adm3_name": "Siddhalek", "adm4_pcode": null, "adm4_name": null, "name_latin": "Gajuri Stationary" }, "geometry": { "type": "Point", "coordinates": [ 84.8756748, 27.8046436 ] } },
{ "type": "Feature", "properties": { "id": "node/9519233719", "name": "Wale Electronic Shop", "name_en": null, "name_ne": null, "status": "Standing", "amenity": null, "man_made": null, "shop": "electronics", "tourism": null, "opening_hours": null, "beds": null, "rooms": null, "addr_full": null, "addr_housenumber": null, "addr_street": null, "addr_city": null, "source": null, "adm0_pcode": "NPL", "adm0_name": "Nepal", "adm1_pcode": "NP03", "adm1_name": "Bagmati", "adm2_pcode": "NP0330", "adm2_name": "Dhading", "adm3_pcode": "NP0330407", "adm3_name": "Siddhalek", "adm4_pcode": null, "adm4_name": null, "name_latin": "Wale Electronic Shop" }, "geometry": { "type": "Point", "coordinates": [ 84.8754992, 27.8045167 ] } },
{ "type": "Feature", "properties": { "id": "node/9519234719", "name": "Bajaj", "name_en": null, "name_ne": null, "status": "Standing", "amenity": null, "man_made": null, "shop": "motorcycle", "tourism": null, "opening_hours": null, "beds": null, "rooms": null, "addr_full": null, "addr_housenumber": null, "addr_street": null, "addr_city": null, "source": null, "adm0_pcode": "NPL", "adm0_name": "Nepal", "adm1_pcode": "NP03", "adm1_name": "Bagmati", "adm2_pcode": "NP0330", "adm2_name": "Dhading", "adm3_pcode": "NP0330409", "adm3_name": "Gajuri", "adm4_pcode": null, "adm4_name": null, "name_latin": "Bajaj" }, "geometry": { "type": "Point", "coordinates": [ 84.8767836, 27.8044516 ] } },
{ "type": "Feature", "properties": { "id": "node/5715638273", "name": "Agricultural Development Bank", "name_en": null, "name_ne": null, "status": "Standing", "amenity": "bank", "man_made": null, "shop": null, "tourism": null, "opening_hours": null, "beds": null, "rooms": null, "addr_full": null, "addr_housenumber": null, "addr_street": null, "addr_city": null, "source": null, "adm0_pcode": "NPL", "adm0_name": "Nepal", "adm1_pcode": "NP03", "adm1_name": "Bagmati", "adm2_pcode": "NP0330", "adm2_name": "Dhading", "adm3_pcode": "NP0330409", "adm3_name": "Gajuri", "adm4_pcode": null, "adm4_name": null, "name_latin": "Agricultural Development Bank" }, "geometry": { "type": "Point", "coordinates": [ 84.8762754, 27.8043608 ] } },
{ "type": "Feature", "properties": { "id": "node/9519234817", "name": "Area Police Office Gajuri", "name_en": null, "name_ne": null, "status": "Standing", "amenity": "police", "man_made": null, "shop": null, "tourism": null, "opening_hours": null, "beds": null, "rooms": null, "addr_full": null, "addr_housenumber": null, "addr_street": null, "addr_city": null, "source": null, "adm0_pcode": "NPL", "adm0_name": "Nepal", "adm1_pcode": "NP03", "adm1_name": "Bagmati", "adm2_pcode": "NP0330", "adm2_name": "Dhading", "adm3_pcode": "NP0330409", "adm3_name": "Gajuri", "adm4_pcode": null, "adm4_name": null, "name_latin": "Area Police Office Gajuri" }, "geometry": { "type": "Point", "coordinates": [ 84.8770096, 27.8044515 ] } },
{ "type": "Feature", "properties": { "id": "node/9519234917", "name": "Nabil Bank Limited", "name_en": null, "name_ne": null, "status": "Standing", "amenity": "bank", "man_made": null, "shop": null, "tourism": null, "opening_hours": null, "beds": null, "rooms": null, "addr_full": null, "addr_housenumber": null, "addr_street": null, "addr_city": null, "source": null, "adm0_pcode": "NPL", "adm0_name": "Nepal", "adm1_pcode": "NP03", "adm1_name": "Bagmati", "adm2_pcode": "NP0330", "adm2_name": "Dhading", "adm3_pcode": "NP0330409", "adm3_name": "Gajuri", "adm4_pcode": null, "adm4_name": null, "name_latin": "Nabil Bank Limited" }, "geometry": { "type": "Point", "coordinates": [ 84.8773005, 27.8045009 ] } },
{ "type": "Feature", "properties": { "id": "node/9519235317", "name": null, "name_en": null, "name_ne": null, "status": "Standing", "amenity": "atm", "man_made": null, "shop": null, "tourism": null, "opening_hours": null, "beds": null, "rooms": null, "addr_full": null, "addr_housenumber": null, "addr_street": null, "addr_city": null, "source": null, "adm0_pcode": "NPL", "adm0_name": "Nepal", "adm1_pcode": "NP03", "adm1_name": "Bagmati", "adm2_pcode": "NP0330", "adm2_name": "Dhading", "adm3_pcode": "NP0330409", "adm3_name": "Gajuri", "adm4_pcode": null, "adm4_name": null, "name_latin": null }, "geometry": { "type": "Point", "coordinates": [ 84.8787918, 27.8046736 ] } },
{ "type": "Feature", "properties": { "id": "node/9519235217", "name": "Ridhhi Siddhi Saving and Credit Co-operative Limited", "name_en": null, "name_ne": null, "status": "Standing", "amenity": "bank", "man_made": null, "shop": null, "tourism": null, "opening_hours": null, "beds": null, "rooms": null, "addr_full": null, "addr_housenumber": null, "addr_street": null, "addr_city": null, "source": null, "adm0_pcode": "NPL", "adm0_name": "Nepal", "adm1_pcode": "NP03", "adm1_name": "Bagmati", "adm2_pcode": "NP0330", "adm2_name": "Dhading", "adm3_pcode": "NP0330409", "adm3_name": "Gajuri", "adm4_pcode": null, "adm4_name": null, "name_latin": "Ridhhi Siddhi Saving and Credit Co-operative Limited" }, "geometry": { "type": "Point", "coordinates": [ 84.8788959, 27.8046593 ] } },
{ "type": "Feature", "properties": { "id": "node/9519235117", "name": "Machhapuchre Bank Limited", "name_en": null, "name_ne": null, "status": "Standing", "amenity": "bank", "man_made": null, "shop": null, "tourism": null, "opening_hours": null, "beds": null, "rooms": null, "addr_full": null, "addr_housenumber": null, "addr_street": null, "addr_city": null, "source": null, "adm0_pcode": "NPL", "adm0_name": "Nepal", "adm1_pcode": "NP03", "adm1_name": "Bagmati", "adm2_pcode": "NP0330", "adm2_name": "Dhading", "adm3_pcode": "NP0330409", "adm3_name": "Gajuri", "adm4_pcode": null, "adm4_name": null, "name_latin": "Machhapuchre Bank Limited" }, "geometry": { "type": "Point", "coordinates": [ 84.8788258, 27.8046463 ] } },
{ "type": "Feature", "properties": { "id": "node/9612730765", "name": "Shiv mandir", "name_en": null, "name_ne": null, "status": "Standing", "amenity": "place_of_worship", "man_made": null, "shop": null, "tourism": null, "opening_hours": null, "beds": null, "rooms": null, "addr_full": null, "addr_housenumber": null, "addr_street": null, "addr_city": null, "source": null, "adm0_pcode": "NPL", "adm0_name": "Nepal", "adm1_pcode": "NP03", "adm1_name": "Bagmati", "adm2_pcode": "NP0330", "adm2_name": "Dhading", "adm3_pcode": "NP0330409", "adm3_name": "Gajuri", "adm4_pcode": null, "adm4_name": null, "name_latin": "Shiv mandir" }, "geometry": { "type": "Point", "coordinates": [ 84.8791192, 27.8030783 ] } },
{ "type": "Feature", "properties": { "id": "node/2862517102", "name": "New Tourist Hotel Pvt Ltd", "name_en": null, "name_ne": null, "status": "Standing", "amenity": null, "man_made": null, "shop": null, "tourism": "hotel", "opening_hours": null, "beds": null, "rooms": null, "addr_full": null, "addr_housenumber": null, "addr_street": null, "addr_city": null, "source": null, "adm0_pcode": "NPL", "adm0_name": "Nepal", "adm1_pcode": "NP03", "adm1_name": "Bagmati", "adm2_pcode": "NP0330", "adm2_name": "Dhading", "adm3_pcode": "NP0330407", "adm3_name": "Siddhalek", "adm4_pcode": null, "adm4_name": null, "name_latin": "New Tourist Hotel Pvt Ltd" }, "geometry": { "type": "Point", "coordinates": [ 84.9059478, 27.8055024 ] } },
{ "type": "Feature", "properties": { "id": "node/3469205365", "name": "Tourist Kitchen", "name_en": null, "name_ne": null, "status": "Standing", "amenity": "restaurant", "man_made": null, "shop": null, "tourism": null, "opening_hours": null, "beds": null, "rooms": null, "addr_full": null, "addr_housenumber": null, "addr_street": null, "addr_city": null, "source": null, "adm0_pcode": "NPL", "adm0_name": "Nepal", "adm1_pcode": "NP03", "adm1_name": "Bagmati", "adm2_pcode": "NP0330", "adm2_name": "Dhading", "adm3_pcode": "NP0330407", "adm3_name": "Siddhalek", "adm4_pcode": null, "adm4_name": null, "name_latin": "Tourist Kitchen" }, "geometry": { "type": "Point", "coordinates": [ 84.9052666, 27.8055279 ] } },
{ "type": "Feature", "properties": { "id": "node/3469205366", "name": "Water Kingdom", "name_en": null, "name_ne": null, "status": "Standing", "amenity": "restaurant", "man_made": null, "shop": null, "tourism": null, "opening_hours": null, "beds": null, "rooms": null, "addr_full": null, "addr_housenumber": null, "addr_street": null, "addr_city": null, "source": null, "adm0_pcode": "NPL", "adm0_name": "Nepal", "adm1_pcode": "NP03", "adm1_name": "Bagmati", "adm2_pcode": "NP0330", "adm2_name": "Dhading", "adm3_pcode": "NP0330407", "adm3_name": "Siddhalek", "adm4_pcode": null, "adm4_name": null, "name_latin": "Water Kingdom" }, "geometry": { "type": "Point", "coordinates": [ 84.9051705, 27.8053609 ] } },
{ "type": "Feature", "properties": { "id": "node/3469211699", "name": "Water Kingdom", "name_en": null, "name_ne": null, "status": "Standing", "amenity": null, "man_made": null, "shop": null, "tourism": "hotel", "opening_hours": null, "beds": null, "rooms": null, "addr_full": null, "addr_housenumber": null, "addr_street": null, "addr_city": null, "source": null, "adm0_pcode": "NPL", "adm0_name": "Nepal", "adm1_pcode": "NP03", "adm1_name": "Bagmati", "adm2_pcode": "NP0330", "adm2_name": "Dhading", "adm3_pcode": "NP0330407", "adm3_name": "Siddhalek", "adm4_pcode": null, "adm4_name": null, "name_latin": "Water Kingdom" }, "geometry": { "type": "Point", "coordinates": [ 84.9051169, 27.8053536 ] } },
{ "type": "Feature", "properties": { "id": "node/2862444445", "name": "Rajendra Chatpat", "name_en": null, "name_ne": null, "status": "Standing", "amenity": null, "man_made": null, "shop": "chatpat", "tourism": null, "opening_hours": null, "beds": null, "rooms": null, "addr_full": null, "addr_housenumber": null, "addr_street": null, "addr_city": null, "source": null, "adm0_pcode": "NPL", "adm0_name": "Nepal", "adm1_pcode": "NP03", "adm1_name": "Bagmati", "adm2_pcode": "NP0330", "adm2_name": "Dhading", "adm3_pcode": "NP0330407", "adm3_name": "Siddhalek", "adm4_pcode": null, "adm4_name": null, "name_latin": "Rajendra Chatpat" }, "geometry": { "type": "Point", "coordinates": [ 84.9044583, 27.80539 ] } },
{ "type": "Feature", "properties": { "id": "node/5575027247", "name": null, "name_en": null, "name_ne": null, "status": "Standing", "amenity": "toilets", "man_made": null, "shop": null, "tourism": null, "opening_hours": null, "beds": null, "rooms": null, "addr_full": null, "addr_housenumber": null, "addr_street": null, "addr_city": null, "source": null, "adm0_pcode": "NPL", "adm0_name": "Nepal", "adm1_pcode": "NP03", "adm1_name": "Bagmati", "adm2_pcode": "NP0330", "adm2_name": "Dhading", "adm3_pcode": "NP0330407", "adm3_name": "Siddhalek", "adm4_pcode": null, "adm4_name": null, "name_latin": null }, "geometry": { "type": "Point", "coordinates": [ 84.9053394, 27.805207 ] } },
{ "type": "Feature", "properties": { "id": "node/2772174594", "name": null, "name_en": null, "name_ne": null, "status": "Standing", "amenity": "restaurant", "man_made": null, "shop": null, "tourism": null, "opening_hours": null, "beds": null, "rooms": null, "addr_full": null, "addr_housenumber": null, "addr_street": null, "addr_city": null, "source": null, "adm0_pcode": "NPL", "adm0_name": "Nepal", "adm1_pcode": "NP03", "adm1_name": "Bagmati", "adm2_pcode": "NP0330", "adm2_name": "Dhading", "adm3_pcode": "NP0330407", "adm3_name": "Siddhalek", "adm4_pcode": null, "adm4_name": null, "name_latin": null }, "geometry": { "type": "Point", "coordinates": [ 84.9049824, 27.8049181 ] } },
{ "type": "Feature", "properties": { "id": "node/2862517104", "name": "Sauyada furniture", "name_en": null, "name_ne": null, "status": "Standing", "amenity": null, "man_made": null, "shop": "furniture", "tourism": null, "opening_hours": null, "beds": null, "rooms": null, "addr_full": null, "addr_housenumber": null, "addr_street": null, "addr_city": null, "source": null, "adm0_pcode": "NPL", "adm0_name": "Nepal", "adm1_pcode": "NP03", "adm1_name": "Bagmati", "adm2_pcode": "NP0330", "adm2_name": "Dhading", "adm3_pcode": "NP0330407", "adm3_name": "Siddhalek", "adm4_pcode": null, "adm4_name": null, "name_latin": "Sauyada furniture" }, "geometry": { "type": "Point", "coordinates": [ 84.9043991, 27.8051106 ] } },
{ "type": "Feature", "properties": { "id": "node/3172242851", "name": null, "name_en": null, "name_ne": null, "status": "Standing", "amenity": "fuel", "man_made": null, "shop": null, "tourism": null, "opening_hours": null, "beds": null, "rooms": null, "addr_full": null, "addr_housenumber": null, "addr_street": null, "addr_city": null, "source": null, "adm0_pcode": "NPL", "adm0_name": "Nepal", "adm1_pcode": "NP03", "adm1_name": "Bagmati", "adm2_pcode": "NP0330", "adm2_name": "Dhading", "adm3_pcode": "NP0330407", "adm3_name": "Siddhalek", "adm4_pcode": null, "adm4_name": null, "name_latin": null }, "geometry": { "type": "Point", "coordinates": [ 84.8941896, 27.8059792 ] } },
{ "type": "Feature", "properties": { "id": "node/5633699314", "name": "Primary Health Center, Gajuri", "name_en": null, "name_ne": "प्राथमिक स्वस्थ केन्द्र, गजुरी", "status": "Standing", "amenity": "hospital", "man_made": null, "shop": null, "tourism": null, "opening_hours": null, "beds": "5", "rooms": null, "addr_full": null, "addr_housenumber": null, "addr_street": null, "addr_city": null, "source": null, "adm0_pcode": "NPL", "adm0_name": "Nepal", "adm1_pcode": "NP03", "adm1_name": "Bagmati", "adm2_pcode": "NP0330", "adm2_name": "Dhading", "adm3_pcode": "NP0330409", "adm3_name": "Gajuri", "adm4_pcode": null, "adm4_name": null, "name_latin": "Primary Health Center, Gajuri" }, "geometry": { "type": "Point", "coordinates": [ 84.8799835, 27.8064806 ] } },
{ "type": "Feature", "properties": { "id": "node/5634837375", "name": "Gajuri Foodland and Guest House", "name_en": null, "name_ne": null, "status": "Standing", "amenity": null, "man_made": null, "shop": null, "tourism": "hotel", "opening_hours": null, "beds": null, "rooms": null, "addr_full": null, "addr_housenumber": null, "addr_street": null, "addr_city": null, "source": null, "adm0_pcode": "NPL", "adm0_name": "Nepal", "adm1_pcode": "NP03", "adm1_name": "Bagmati", "adm2_pcode": "NP0330", "adm2_name": "Dhading", "adm3_pcode": "NP0330409", "adm3_name": "Gajuri", "adm4_pcode": null, "adm4_name": null, "name_latin": "Gajuri Foodland and Guest House" }, "geometry": { "type": "Point", "coordinates": [ 84.8801398, 27.8061799 ] } },
{ "type": "Feature", "properties": { "id": "node/5715638274", "name": "Prabhu Bank", "name_en": null, "name_ne": null, "status": "Standing", "amenity": "bank", "man_made": null, "shop": null, "tourism": null, "opening_hours": null, "beds": null, "rooms": null, "addr_full": null, "addr_housenumber": null, "addr_street": null, "addr_city": null, "source": null, "adm0_pcode": "NPL", "adm0_name": "Nepal", "adm1_pcode": "NP03", "adm1_name": "Bagmati", "adm2_pcode": "NP0330", "adm2_name": "Dhading", "adm3_pcode": "NP0330409", "adm3_name": "Gajuri", "adm4_pcode": null, "adm4_name": null, "name_latin": "Prabhu Bank" }, "geometry": { "type": "Point", "coordinates": [ 84.8805159, 27.8048448 ] } },
{ "type": "Feature", "properties": { "id": "node/9519235218", "name": null, "name_en": null, "name_ne": null, "status": "Standing", "amenity": "atm", "man_made": null, "shop": null, "tourism": null, "opening_hours": null, "beds": null, "rooms": null, "addr_full": null, "addr_housenumber": null, "addr_street": null, "addr_city": null, "source": null, "adm0_pcode": "NPL", "adm0_name": "Nepal", "adm1_pcode": "NP03", "adm1_name": "Bagmati", "adm2_pcode": "NP0330", "adm2_name": "Dhading", "adm3_pcode": "NP0330409", "adm3_name": "Gajuri", "adm4_pcode": null, "adm4_name": null, "name_latin": null }, "geometry": { "type": "Point", "coordinates": [ 84.8804093, 27.8048338 ] } },
{ "type": "Feature", "properties": { "id": "node/5715638276", "name": "NIC Asia", "name_en": null, "name_ne": null, "status": "Standing", "amenity": "bank", "man_made": null, "shop": null, "tourism": null, "opening_hours": null, "beds": null, "rooms": null, "addr_full": null, "addr_housenumber": null, "addr_street": null, "addr_city": null, "source": null, "adm0_pcode": "NPL", "adm0_name": "Nepal", "adm1_pcode": "NP03", "adm1_name": "Bagmati", "adm2_pcode": "NP0330", "adm2_name": "Dhading", "adm3_pcode": "NP0330409", "adm3_name": "Gajuri", "adm4_pcode": null, "adm4_name": null, "name_latin": "NIC Asia" }, "geometry": { "type": "Point", "coordinates": [ 84.8801431, 27.8047926 ] } },
{ "type": "Feature", "properties": { "id": "node/5715638275", "name": "Rastriya Banijya Bank", "name_en": null, "name_ne": null, "status": "Standing", "amenity": "bank", "man_made": null, "shop": null, "tourism": null, "opening_hours": null, "beds": null, "rooms": null, "addr_full": null, "addr_housenumber": null, "addr_street": null, "addr_city": null, "source": null, "adm0_pcode": "NPL", "adm0_name": "Nepal", "adm1_pcode": "NP03", "adm1_name": "Bagmati", "adm2_pcode": "NP0330", "adm2_name": "Dhading", "adm3_pcode": "NP0330409", "adm3_name": "Gajuri", "adm4_pcode": null, "adm4_name": null, "name_latin": "Rastriya Banijya Bank" }, "geometry": { "type": "Point", "coordinates": [ 84.8800539, 27.8047748 ] } },
{ "type": "Feature", "properties": { "id": "node/9519235417", "name": null, "name_en": null, "name_ne": null, "status": "Standing", "amenity": "atm", "man_made": null, "shop": null, "tourism": null, "opening_hours": null, "beds": null, "rooms": null, "addr_full": null, "addr_housenumber": null, "addr_street": null, "addr_city": null, "source": null, "adm0_pcode": "NPL", "adm0_name": "Nepal", "adm1_pcode": "NP03", "adm1_name": "Bagmati", "adm2_pcode": "NP0330", "adm2_name": "Dhading", "adm3_pcode": "NP0330409", "adm3_name": "Gajuri", "adm4_pcode": null, "adm4_name": null, "name_latin": null }, "geometry": { "type": "Point", "coordinates": [ 84.8800211, 27.804792 ] } },
{ "type": "Feature", "properties": { "id": "node/9519235917", "name": "Rajesh Electronic", "name_en": null, "name_ne": null, "status": "Standing", "amenity": null, "man_made": null, "shop": "mobile_phone", "tourism": null, "opening_hours": null, "beds": null, "rooms": null, "addr_full": null, "addr_housenumber": null, "addr_street": null, "addr_city": null, "source": null, "adm0_pcode": "NPL", "adm0_name": "Nepal", "adm1_pcode": "NP03", "adm1_name": "Bagmati", "adm2_pcode": "NP0330", "adm2_name": "Dhading", "adm3_pcode": "NP0330409", "adm3_name": "Gajuri", "adm4_pcode": null, "adm4_name": null, "name_latin": "Rajesh Electronic" }, "geometry": { "type": "Point", "coordinates": [ 84.8801899, 27.8048299 ] } },
{ "type": "Feature", "properties": { "id": "node/9519235817", "name": "Dual Music and Electronics", "name_en": null, "name_ne": null, "status": "Standing", "amenity": null, "man_made": null, "shop": "electronics", "tourism": null, "opening_hours": null, "beds": null, "rooms": null, "addr_full": null, "addr_housenumber": null, "addr_street": null, "addr_city": null, "source": null, "adm0_pcode": "NPL", "adm0_name": "Nepal", "adm1_pcode": "NP03", "adm1_name": "Bagmati", "adm2_pcode": "NP0330", "adm2_name": "Dhading", "adm3_pcode": "NP0330409", "adm3_name": "Gajuri", "adm4_pcode": null, "adm4_name": null, "name_latin": "Dual Music and Electronics" }, "geometry": { "type": "Point", "coordinates": [ 84.8803424, 27.8048259 ] } },
{ "type": "Feature", "properties": { "id": "node/3408491510", "name": "Gajuri Hospital", "name_en": null, "name_ne": null, "status": "Standing", "amenity": "hospital", "man_made": null, "shop": null, "tourism": null, "opening_hours": null, "beds": null, "rooms": null, "addr_full": null, "addr_housenumber": null, "addr_street": null, "addr_city": null, "source": null, "adm0_pcode": "NPL", "adm0_name": "Nepal", "adm1_pcode": "NP03", "adm1_name": "Bagmati", "adm2_pcode": "NP0330", "adm2_name": "Dhading", "adm3_pcode": "NP0330409", "adm3_name": "Gajuri", "adm4_pcode": null, "adm4_name": null, "name_latin": "Gajuri Hospital" }, "geometry": { "type": "Point", "coordinates": [ 84.8793615, 27.8052449 ] } },
{ "type": "Feature", "properties": { "id": "node/9519235219", "name": "Gajuri Photo Studio", "name_en": null, "name_ne": null, "status": "Standing", "amenity": null, "man_made": null, "shop": "photo", "tourism": null, "opening_hours": null, "beds": null, "rooms": null, "addr_full": null, "addr_housenumber": null, "addr_street": null, "addr_city": null, "source": null, "adm0_pcode": "NPL", "adm0_name": "Nepal", "adm1_pcode": "NP03", "adm1_name": "Bagmati", "adm2_pcode": "NP0330", "adm2_name": "Dhading", "adm3_pcode": "NP0330409", "adm3_name": "Gajuri", "adm4_pcode": null, "adm4_name": null, "name_latin": "Gajuri Photo Studio" }, "geometry": { "type": "Point", "coordinates": [ 84.8799763, 27.8052775 ] } },
{ "type": "Feature", "properties": { "id": "node/9519234918", "name": "Darpan Ayurbed Aaushadalaya", "name_en": null, "name_ne": null, "status": "Standing", "amenity": "pharmacy", "man_made": null, "shop": null, "tourism": null, "opening_hours": null, "beds": null, "rooms": null, "addr_full": null, "addr_housenumber": null, "addr_street": null, "addr_city": null, "source": null, "adm0_pcode": "NPL", "adm0_name": "Nepal", "adm1_pcode": "NP03", "adm1_name": "Bagmati", "adm2_pcode": "NP0330", "adm2_name": "Dhading", "adm3_pcode": "NP0330409", "adm3_name": "Gajuri", "adm4_pcode": null, "adm4_name": null, "name_latin": "Darpan Ayurbed Aaushadalaya" }, "geometry": { "type": "Point", "coordinates": [ 84.8801169, 27.80529 ] } },
{ "type": "Feature", "properties": { "id": "node/5634837379", "name": "Munal Academy", "name_en": null, "name_ne": null, "status": "Standing", "amenity": "school", "man_made": null, "shop": null, "tourism": null, "opening_hours": null, "beds": null, "rooms": null, "addr_full": null, "addr_housenumber": null, "addr_street": null, "addr_city": null, "source": null, "adm0_pcode": "NPL", "adm0_name": "Nepal", "adm1_pcode": "NP03", "adm1_name": "Bagmati", "adm2_pcode": "NP0330", "adm2_name": "Dhading", "adm3_pcode": "NP0330409", "adm3_name": "Gajuri", "adm4_pcode": null, "adm4_name": null, "name_latin": "Munal Academy" }, "geometry": { "type": "Point", "coordinates": [ 84.8771444, 27.8052718 ] } },
{ "type": "Feature", "properties": { "id": "node/9519233720", "name": "KSM Interprises", "name_en": null, "name_ne": null, "status": "Standing", "amenity": null, "man_made": null, "shop": "hardware", "tourism": null, "opening_hours": null, "beds": null, "rooms": null, "addr_full": null, "addr_housenumber": null, "addr_street": null, "addr_city": null, "source": null, "adm0_pcode": "NPL", "adm0_name": "Nepal", "adm1_pcode": "NP03", "adm1_name": "Bagmati", "adm2_pcode": "NP0330", "adm2_name": "Dhading", "adm3_pcode": "NP0330409", "adm3_name": "Gajuri", "adm4_pcode": null, "adm4_name": null, "name_latin": "KSM Interprises" }, "geometry": { "type": "Point", "coordinates": [ 84.8766301, 27.8049582 ] } },
{ "type": "Feature", "properties": { "id": "node/9519234717", "name": "Reshmi and Bigu Hardware", "name_en": null, "name_ne": null, "status": "Standing", "amenity": null, "man_made": null, "shop": "hardware", "tourism": null, "opening_hours": null, "beds": null, "rooms": null, "addr_full": null, "addr_housenumber": null, "addr_street": null, "addr_city": null, "source": null, "adm0_pcode": "NPL", "adm0_name": "Nepal", "adm1_pcode": "NP03", "adm1_name": "Bagmati", "adm2_pcode": "NP0330", "adm2_name": "Dhading", "adm3_pcode": "NP0330409", "adm3_name": "Gajuri", "adm4_pcode": null, "adm4_name": null, "name_latin": "Reshmi and Bigu Hardware" }, "geometry": { "type": "Point", "coordinates": [ 84.8761446, 27.8047616 ] } },
{ "type": "Feature", "properties": { "id": "node/9519233717", "name": "Sana Kishan Sahakari Sanstha", "name_en": null, "name_ne": null, "status": "Standing", "amenity": "bank", "man_made": null, "shop": null, "tourism": null, "opening_hours": null, "beds": null, "rooms": null, "addr_full": null, "addr_housenumber": null, "addr_street": null, "addr_city": null, "source": null, "adm0_pcode": "NPL", "adm0_name": "Nepal", "adm1_pcode": "NP03", "adm1_name": "Bagmati", "adm2_pcode": "NP0330", "adm2_name": "Dhading", "adm3_pcode": "NP0330407", "adm3_name": "Siddhalek", "adm4_pcode": null, "adm4_name": null, "name_latin": "Sana Kishan Sahakari Sanstha" }, "geometry": { "type": "Point", "coordinates": [ 84.8758081, 27.8047159 ] } },
{ "type": "Feature", "properties": { "id": "node/4941869402", "name": "Shri Aadarsha Bahumukhi Campus", "name_en": null, "name_ne": null, "status": "Standing", "amenity": "school", "man_made": null, "shop": null, "tourism": null, "opening_hours": null, "beds": null, "rooms": null, "addr_full": null, "addr_housenumber": null, "addr_street": null, "addr_city": null, "source": null, "adm0_pcode": "NPL", "adm0_name": "Nepal", "adm1_pcode": "NP03", "adm1_name": "Bagmati", "adm2_pcode": "NP0330", "adm2_name": "Dhading", "adm3_pcode": "NP0330407", "adm3_name": "Siddhalek", "adm4_pcode": null, "adm4_name": null, "name_latin": "Shri Aadarsha Bahumukhi Campus" }, "geometry": { "type": "Point", "coordinates": [ 84.8773408, 27.8070838 ] } },
{ "type": "Feature", "properties": { "id": "node/4941743504", "name": "Shri Adarsha Uchha Ma V", "name_en": null, "name_ne": null, "status": "Standing", "amenity": "school", "man_made": null, "shop": null, "tourism": null, "opening_hours": null, "beds": null, "rooms": null, "addr_full": null, "addr_housenumber": null, "addr_street": null, "addr_city": null, "source": null, "adm0_pcode": "NPL", "adm0_name": "Nepal", "adm1_pcode": "NP03", "adm1_name": "Bagmati", "adm2_pcode": "NP0330", "adm2_name": "Dhading", "adm3_pcode": "NP0330409", "adm3_name": "Gajuri", "adm4_pcode": null, "adm4_name": null, "name_latin": "Shri Adarsha Uchha Ma V" }, "geometry": { "type": "Point", "coordinates": [ 84.8793261, 27.807585 ] } },
{ "type": "Feature", "properties": { "id": "node/3360758100", "name": "hotel chahara and restaurant", "name_en": null, "name_ne": null, "status": "Standing", "amenity": "restaurant", "man_made": null, "shop": null, "tourism": "hotel", "opening_hours": null, "beds": null, "rooms": null, "addr_full": null, "addr_housenumber": null, "addr_street": null, "addr_city": null, "source": null, "adm0_pcode": "NPL", "adm0_name": "Nepal", "adm1_pcode": "NP03", "adm1_name": "Bagmati", "adm2_pcode": "NP0330", "adm2_name": "Dhading", "adm3_pcode": "NP0330407", "adm3_name": "Siddhalek", "adm4_pcode": null, "adm4_name": null, "name_latin": "hotel chahara and restaurant" }, "geometry": { "type": "Point", "coordinates": [ 84.8667996, 27.8012297 ] } },
{ "type": "Feature", "properties": { "id": "node/3360757832", "name": null, "name_en": null, "name_ne": null, "status": "Standing", "amenity": "toilets", "man_made": null, "shop": null, "tourism": null, "opening_hours": null, "beds": null, "rooms": null, "addr_full": null, "addr_housenumber": null, "addr_street": null, "addr_city": null, "source": null, "adm0_pcode": "NPL", "adm0_name": "Nepal", "adm1_pcode": "NP03", "adm1_name": "Bagmati", "adm2_pcode": "NP0330", "adm2_name": "Dhading", "adm3_pcode": "NP0330407", "adm3_name": "Siddhalek", "adm4_pcode": null, "adm4_name": null, "name_latin": null }, "geometry": { "type": "Point", "coordinates": [ 84.8674163, 27.8011245 ] } },
{ "type": "Feature", "properties": { "id": "node/5633699300", "name": "Dhading Polytechnical Institute", "name_en": null, "name_ne": null, "status": "Standing", "amenity": "college", "man_made": null, "shop": null, "tourism": null, "opening_hours": null, "beds": null, "rooms": null, "addr_full": null, "addr_housenumber": null, "addr_street": null, "addr_city": null, "source": null, "adm0_pcode": "NPL", "adm0_name": "Nepal", "adm1_pcode": "NP03", "adm1_name": "Bagmati", "adm2_pcode": "NP0330", "adm2_name": "Dhading", "adm3_pcode": "NP0330409", "adm3_name": "Gajuri", "adm4_pcode": null, "adm4_name": null, "name_latin": "Dhading Polytechnical Institute" }, "geometry": { "type": "Point", "coordinates": [ 84.8730272, 27.8000771 ] } },
{ "type": "Feature", "properties": { "id": "node/4542359289", "name": null, "name_en": "khaja ghar sukuti", "name_ne": null, "status": "Standing", "amenity": null, "man_made": null, "shop": null, "tourism": "hotel", "opening_hours": null, "beds": null, "rooms": null, "addr_full": null, "addr_housenumber": null, "addr_street": null, "addr_city": null, "source": null, "adm0_pcode": "NPL", "adm0_name": "Nepal", "adm1_pcode": "NP03", "adm1_name": "Bagmati", "adm2_pcode": "NP0330", "adm2_name": "Dhading", "adm3_pcode": "NP0330410", "adm3_name": "Galchhi", "adm4_pcode": null, "adm4_name": null, "name_latin": "khaja ghar sukuti" }, "geometry": { "type": "Point", "coordinates": [ 84.9687354, 27.8076994 ] } },
{ "type": "Feature", "properties": { "id": "node/9519234921", "name": "Jyoti Bikash Bank", "name_en": null, "name_ne": null, "status": "Standing", "amenity": "bank", "man_made": null, "shop": null, "tourism": null, "opening_hours": null, "beds": null, "rooms": null, "addr_full": null, "addr_housenumber": null, "addr_street": null, "addr_city": null, "source": null, "adm0_pcode": "NPL", "adm0_name": "Nepal", "adm1_pcode": "NP03", "adm1_name": "Bagmati", "adm2_pcode": "NP0330", "adm2_name": "Dhading", "adm3_pcode": "NP0330410", "adm3_name": "Galchhi", "adm4_pcode": null, "adm4_name": null, "name_latin": "Jyoti Bikash Bank" }, "geometry": { "type": "Point", "coordinates": [ 84.9980198, 27.7954888 ] } },
{ "type": "Feature", "properties": { "id": "node/279374591", "name": null, "name_en": "Baireni oil store Dhading", "name_ne": null, "status": "Standing", "amenity": "fuel", "man_made": null, "shop": null, "tourism": null, "opening_hours": null, "beds": null, "rooms": null, "addr_full": null, "addr_housenumber": null, "addr_street": null, "addr_city": null, "source": null, "adm0_pcode": "NPL", "adm0_name": "Nepal", "adm1_pcode": "NP03", "adm1_name": "Bagmati", "adm2_pcode": "NP0330", "adm2_name": "Dhading", "adm3_pcode": "NP0330410", "adm3_name": "Galchhi", "adm4_pcode": null, "adm4_name": null, "name_latin": "Baireni oil store Dhading" }, "geometry": { "type": "Point", "coordinates": [ 84.9997473, 27.7953735 ] } },
{ "type": "Feature", "properties": { "id": "node/9519234920", "name": "Bank of Kathmandu", "name_en": null, "name_ne": null, "status": "Standing", "amenity": "bank", "man_made": null, "shop": null, "tourism": null, "opening_hours": null, "beds": null, "rooms": null, "addr_full": null, "addr_housenumber": null, "addr_street": null, "addr_city": null, "source": null, "adm0_pcode": "NPL", "adm0_name": "Nepal", "adm1_pcode": "NP03", "adm1_name": "Bagmati", "adm2_pcode": "NP0330", "adm2_name": "Dhading", "adm3_pcode": "NP0330410", "adm3_name": "Galchhi", "adm4_pcode": null, "adm4_name": null, "name_latin": "Bank of Kathmandu" }, "geometry": { "type": "Point", "coordinates": [ 84.9987157, 27.7951473 ] } },
{ "type": "Feature", "properties": { "id": "node/9519236717", "name": "Chandragiri Hardware", "name_en": null, "name_ne": null, "status": "Standing", "amenity": null, "man_made": null, "shop": "hardware", "tourism": null, "opening_hours": null, "beds": null, "rooms": null, "addr_full": null, "addr_housenumber": null, "addr_street": null, "addr_city": null, "source": null, "adm0_pcode": "NPL", "adm0_name": "Nepal", "adm1_pcode": "NP03", "adm1_name": "Bagmati", "adm2_pcode": "NP0330", "adm2_name": "Dhading", "adm3_pcode": "NP0330410", "adm3_name": "Galchhi", "adm4_pcode": null, "adm4_name": null, "name_latin": "Chandragiri Hardware" }, "geometry": { "type": "Point", "coordinates": [ 84.9988648, 27.7950037 ] } },
{ "type": "Feature", "properties": { "id": "node/3514150596", "name": null, "name_en": null, "name_ne": null, "status": "Standing", "amenity": null, "man_made": "tower", "shop": null, "tourism": null, "opening_hours": null, "beds": null, "rooms": null, "addr_full": null, "addr_housenumber": null, "addr_street": null, "addr_city": null, "source": null, "adm0_pcode": "NPL", "adm0_name": "Nepal", "adm1_pcode": "NP03", "adm1_name": "Bagmati", "adm2_pcode": "NP0330", "adm2_name": "Dhading", "adm3_pcode": "NP0330410", "adm3_name": "Galchhi", "adm4_pcode": null, "adm4_name": null, "name_latin": null }, "geometry": { "type": "Point", "coordinates": [ 84.998878, 27.7936348 ] } },
{ "type": "Feature", "properties": { "id": "node/6166941586", "name": null, "name_en": "Betrawati check post बेत्रावती सुरक्षा जाँच", "name_ne": null, "status": "Standing", "amenity": "police", "man_made": null, "shop": null, "tourism": null, "opening_hours": null, "beds": null, "rooms": null, "addr_full": null, "addr_housenumber": null, "addr_street": "Pasang Lhamu Highway", "addr_city": null, "source": null, "adm0_pcode": "NPL", "adm0_name": "Nepal", "adm1_pcode": "NP03", "adm1_name": "Bagmati", "adm2_pcode": "NP0328", "adm2_name": "Nuwakot", "adm3_pcode": "NP0328301", "adm3_name": "Bidur", "adm4_pcode": null, "adm4_name": null, "name_latin": "Betrawati check post बेत्रावती सुरक्षा जाँच" }, "geometry": { "type": "Point", "coordinates": [ 85.1856149, 27.9747652 ] } },
{ "type": "Feature", "properties": { "id": "node/7010424785", "name": null, "name_en": "Avi hotel and lodge", "name_ne": null, "status": "Standing", "amenity": null, "man_made": null, "shop": null, "tourism": "hotel", "opening_hours": null, "beds": null, "rooms": null, "addr_full": null, "addr_housenumber": null, "addr_street": "Pasang Lhamu Highway", "addr_city": null, "source": null, "adm0_pcode": "NPL", "adm0_name": "Nepal", "adm1_pcode": "NP03", "adm1_name": "Bagmati", "adm2_pcode": "NP0328", "adm2_name": "Nuwakot", "adm3_pcode": "NP0328301", "adm3_name": "Bidur", "adm4_pcode": null, "adm4_name": null, "name_latin": "Avi hotel and lodge" }, "geometry": { "type": "Point", "coordinates": [ 85.1863748, 27.9740452 ] } },
{ "type": "Feature", "properties": { "id": "node/11806454969", "name": null, "name_en": "NIC Asia Bank", "name_ne": null, "status": "Standing", "amenity": "bank", "man_made": null, "shop": null, "tourism": null, "opening_hours": null, "beds": null, "rooms": null, "addr_full": null, "addr_housenumber": null, "addr_street": "Pasang Lhamu Highway", "addr_city": null, "source": null, "adm0_pcode": "NPL", "adm0_name": "Nepal", "adm1_pcode": "NP03", "adm1_name": "Bagmati", "adm2_pcode": "NP0328", "adm2_name": "Nuwakot", "adm3_pcode": "NP0328301", "adm3_name": "Bidur", "adm4_pcode": null, "adm4_name": null, "name_latin": "NIC Asia Bank" }, "geometry": { "type": "Point", "coordinates": [ 85.1856148, 27.9733029 ] } },
{ "type": "Feature", "properties": { "id": "node/8357876017", "name": null, "name_en": "Nuwakot", "name_ne": null, "status": "Standing", "amenity": null, "man_made": null, "shop": null, "tourism": "apartment", "opening_hours": "Mo-Fr 10:00-17:00; Sa-Su 00:00-24:00", "beds": null, "rooms": null, "addr_full": null, "addr_housenumber": "8848tvx", "addr_street": "Tupche", "addr_city": null, "source": null, "adm0_pcode": "NPL", "adm0_name": "Nepal", "adm1_pcode": "NP03", "adm1_name": "Bagmati", "adm2_pcode": "NP0328", "adm2_name": "Nuwakot", "adm3_pcode": "NP0328301", "adm3_name": "Bidur", "adm4_pcode": null, "adm4_name": null, "name_latin": "Nuwakot" }, "geometry": { "type": "Point", "coordinates": [ 85.1728532, 27.9708211 ] } },
{ "type": "Feature", "properties": { "id": "node/11806445370", "name": null, "name_en": "Uttargaya Oil Traders", "name_ne": null, "status": "Standing", "amenity": "fuel", "man_made": null, "shop": null, "tourism": null, "opening_hours": null, "beds": null, "rooms": null, "addr_full": null, "addr_housenumber": null, "addr_street": "Pasang Lhamu Highway", "addr_city": null, "source": null, "adm0_pcode": "NPL", "adm0_name": "Nepal", "adm1_pcode": "NP03", "adm1_name": "Bagmati", "adm2_pcode": "NP0328", "adm2_name": "Nuwakot", "adm3_pcode": "NP0328301", "adm3_name": "Bidur", "adm4_pcode": null, "adm4_name": null, "name_latin": "Uttargaya Oil Traders" }, "geometry": { "type": "Point", "coordinates": [ 85.1825664, 27.9691513 ] } },
{ "type": "Feature", "properties": { "id": "node/5047244078", "name": "Shree Sulakshyana Ma Vi", "name_en": null, "name_ne": null, "status": "Standing", "amenity": "school", "man_made": null, "shop": null, "tourism": null, "opening_hours": null, "beds": null, "rooms": null, "addr_full": null, "addr_housenumber": null, "addr_street": null, "addr_city": null, "source": null, "adm0_pcode": "NPL", "adm0_name": "Nepal", "adm1_pcode": "NP03", "adm1_name": "Bagmati", "adm2_pcode": "NP0328", "adm2_name": "Nuwakot", "adm3_pcode": "NP0328301", "adm3_name": "Bidur", "adm4_pcode": null, "adm4_name": null, "name_latin": "Shree Sulakshyana Ma Vi" }, "geometry": { "type": "Point", "coordinates": [ 85.1584666, 27.9475845 ] } },
{ "type": "Feature", "properties": { "id": "node/6024159885", "name": null, "name_en": null, "name_ne": null, "status": "Standing", "amenity": "fast_food", "man_made": null, "shop": null, "tourism": null, "opening_hours": null, "beds": null, "rooms": null, "addr_full": null, "addr_housenumber": null, "addr_street": null, "addr_city": null, "source": null, "adm0_pcode": "NPL", "adm0_name": "Nepal", "adm1_pcode": "NP03", "adm1_name": "Bagmati", "adm2_pcode": "NP0328", "adm2_name": "Nuwakot", "adm3_pcode": "NP0328301", "adm3_name": "Bidur", "adm4_pcode": null, "adm4_name": null, "name_latin": null }, "geometry": { "type": "Point", "coordinates": [ 85.1687455, 27.9581366 ] } },
{ "type": "Feature", "properties": { "id": "node/8719151117", "name": null, "name_en": "community health services", "name_ne": null, "status": "Standing", "amenity": "clinic", "man_made": null, "shop": null, "tourism": null, "opening_hours": "Su-Fr 10:00-17:00", "beds": null, "rooms": null, "addr_full": null, "addr_housenumber": null, "addr_street": "Pasang Lhamu bypass road", "addr_city": null, "source": null, "adm0_pcode": "NPL", "adm0_name": "Nepal", "adm1_pcode": "NP03", "adm1_name": "Bagmati", "adm2_pcode": "NP0328", "adm2_name": "Nuwakot", "adm3_pcode": "NP0328301", "adm3_name": "Bidur", "adm4_pcode": null, "adm4_name": null, "name_latin": "community health services" }, "geometry": { "type": "Point", "coordinates": [ 85.1685284, 27.9671603 ] } },
{ "type": "Feature", "properties": { "id": "node/7940743985", "name": null, "name_en": "Siltanki picnic spot", "name_ne": null, "status": "Standing", "amenity": null, "man_made": null, "shop": null, "tourism": "viewpoint", "opening_hours": null, "beds": null, "rooms": null, "addr_full": null, "addr_housenumber": null, "addr_street": null, "addr_city": null, "source": null, "adm0_pcode": "NPL", "adm0_name": "Nepal", "adm1_pcode": "NP03", "adm1_name": "Bagmati", "adm2_pcode": "NP0328", "adm2_name": "Nuwakot", "adm3_pcode": "NP0328301", "adm3_name": "Bidur", "adm4_pcode": null, "adm4_name": null, "name_latin": "Siltanki picnic spot" }, "geometry": { "type": "Point", "coordinates": [ 85.1570118, 27.9428868 ] } },
{ "type": "Feature", "properties": { "id": "node/5063390385", "name": "Shree Trishuli Pra.Vi.", "name_en": null, "name_ne": null, "status": "Standing", "amenity": "school", "man_made": null, "shop": null, "tourism": null, "opening_hours": null, "beds": null, "rooms": null, "addr_full": null, "addr_housenumber": null, "addr_street": null, "addr_city": null, "source": null, "adm0_pcode": "NPL", "adm0_name": "Nepal", "adm1_pcode": "NP03", "adm1_name": "Bagmati", "adm2_pcode": "NP0328", "adm2_name": "Nuwakot", "adm3_pcode": "NP0328301", "adm3_name": "Bidur", "adm4_pcode": null, "adm4_name": null, "name_latin": "Shree Trishuli Pra.Vi." }, "geometry": { "type": "Point", "coordinates": [ 85.1503276, 27.9447 ] } },
{ "type": "Feature", "properties": { "id": "node/279373684", "name": null, "name_en": null, "name_ne": null, "status": "Standing", "amenity": "fuel", "man_made": null, "shop": null, "tourism": null, "opening_hours": null, "beds": null, "rooms": null, "addr_full": null, "addr_housenumber": null, "addr_street": null, "addr_city": null, "source": null, "adm0_pcode": "NPL", "adm0_name": "Nepal", "adm1_pcode": "NP03", "adm1_name": "Bagmati", "adm2_pcode": "NP0330", "adm2_name": "Dhading", "adm3_pcode": "NP0330407", "adm3_name": "Siddhalek", "adm4_pcode": null, "adm4_name": null, "name_latin": null }, "geometry": { "type": "Point", "coordinates": [ 84.8511234, 27.8076541 ] } },
{ "type": "Feature", "properties": { "id": "node/4333379903", "name": "Furke khola Station", "name_en": null, "name_ne": null, "status": "Standing", "amenity": "bus_station", "man_made": null, "shop": null, "tourism": null, "opening_hours": null, "beds": null, "rooms": null, "addr_full": null, "addr_housenumber": null, "addr_street": null, "addr_city": null, "source": null, "adm0_pcode": "NPL", "adm0_name": "Nepal", "adm1_pcode": "NP03", "adm1_name": "Bagmati", "adm2_pcode": "NP0330", "adm2_name": "Dhading", "adm3_pcode": "NP0330407", "adm3_name": "Siddhalek", "adm4_pcode": null, "adm4_name": null, "name_latin": "Furke khola Station" }, "geometry": { "type": "Point", "coordinates": [ 84.8444386, 27.8019005 ] } },
{ "type": "Feature", "properties": { "id": "node/9602451611", "name": "Reshu Hotel", "name_en": null, "name_ne": null, "status": "Standing", "amenity": "restaurant", "man_made": null, "shop": null, "tourism": null, "opening_hours": "Mo-Su 06:00-22:00", "beds": null, "rooms": null, "addr_full": null, "addr_housenumber": null, "addr_street": "Prithhvi Rajmarga", "addr_city": null, "source": null, "adm0_pcode": "NPL", "adm0_name": "Nepal", "adm1_pcode": "NP03", "adm1_name": "Bagmati", "adm2_pcode": "NP0330", "adm2_name": "Dhading", "adm3_pcode": "NP0330407", "adm3_name": "Siddhalek", "adm4_pcode": null, "adm4_name": null, "name_latin": "Reshu Hotel" }, "geometry": { "type": "Point", "coordinates": [ 84.8436197, 27.8017076 ] } },
{ "type": "Feature", "properties": { "id": "node/5144728070", "name": null, "name_en": null, "name_ne": null, "status": "Standing", "amenity": "toilets", "man_made": null, "shop": null, "tourism": null, "opening_hours": null, "beds": null, "rooms": null, "addr_full": null, "addr_housenumber": null, "addr_street": null, "addr_city": null, "source": null, "adm0_pcode": "NPL", "adm0_name": "Nepal", "adm1_pcode": "NP03", "adm1_name": "Bagmati", "adm2_pcode": "NP0330", "adm2_name": "Dhading", "adm3_pcode": "NP0330408", "adm3_name": "Benighat Rorang", "adm4_pcode": null, "adm4_name": null, "name_latin": null }, "geometry": { "type": "Point", "coordinates": [ 84.8190868, 27.8069533 ] } },
{ "type": "Feature", "properties": { "id": "node/2105398485", "name": "Blue Heaven Restaurant", "name_en": null, "name_ne": null, "status": "Standing", "amenity": "restaurant", "man_made": null, "shop": null, "tourism": null, "opening_hours": null, "beds": null, "rooms": null, "addr_full": null, "addr_housenumber": null, "addr_street": null, "addr_city": null, "source": null, "adm0_pcode": "NPL", "adm0_name": "Nepal", "adm1_pcode": "NP03", "adm1_name": "Bagmati", "adm2_pcode": "NP0330", "adm2_name": "Dhading", "adm3_pcode": "NP0330408", "adm3_name": "Benighat Rorang", "adm4_pcode": null, "adm4_name": null, "name_latin": "Blue Heaven Restaurant" }, "geometry": { "type": "Point", "coordinates": [ 84.8194649, 27.806966 ] } },
{ "type": "Feature", "properties": { "id": "node/4557200789", "name": null, "name_en": "Hotel Pawan Lok", "name_ne": null, "status": "Standing", "amenity": null, "man_made": null, "shop": null, "tourism": "hotel", "opening_hours": null, "beds": null, "rooms": null, "addr_full": null, "addr_housenumber": null, "addr_street": "Malekhu Khola", "addr_city": null, "source": null, "adm0_pcode": "NPL", "adm0_name": "Nepal", "adm1_pcode": "NP03", "adm1_name": "Bagmati", "adm2_pcode": "NP0330", "adm2_name": "Dhading", "adm3_pcode": "NP0330407", "adm3_name": "Siddhalek", "adm4_pcode": null, "adm4_name": null, "name_latin": "Hotel Pawan Lok" }, "geometry": { "type": "Point", "coordinates": [ 84.8364862, 27.8051137 ] } },
{ "type": "Feature", "properties": { "id": "node/4455798489", "name": null, "name_en": "Shrestha Aashirbad Hotel and Lodge", "name_ne": null, "status": "Standing", "amenity": null, "man_made": null, "shop": null, "tourism": "hotel", "opening_hours": "24/7", "beds": null, "rooms": null, "addr_full": null, "addr_housenumber": null, "addr_street": "Gajuri 2, Malekhu", "addr_city": null, "source": null, "adm0_pcode": "NPL", "adm0_name": "Nepal", "adm1_pcode": "NP03", "adm1_name": "Bagmati", "adm2_pcode": "NP0330", "adm2_name": "Dhading", "adm3_pcode": "NP0330407", "adm3_name": "Siddhalek", "adm4_pcode": null, "adm4_name": null, "name_latin": "Shrestha Aashirbad Hotel and Lodge" }, "geometry": { "type": "Point", "coordinates": [ 84.8362756, 27.8058645 ] } },
{ "type": "Feature", "properties": { "id": "node/4934940717", "name": "Shri Golma Rani Pra V", "name_en": null, "name_ne": null, "status": "Standing", "amenity": "school", "man_made": null, "shop": null, "tourism": null, "opening_hours": null, "beds": null, "rooms": null, "addr_full": null, "addr_housenumber": null, "addr_street": null, "addr_city": null, "source": null, "adm0_pcode": "NPL", "adm0_name": "Nepal", "adm1_pcode": "NP03", "adm1_name": "Bagmati", "adm2_pcode": "NP0330", "adm2_name": "Dhading", "adm3_pcode": "NP0330407", "adm3_name": "Siddhalek", "adm4_pcode": null, "adm4_name": null, "name_latin": "Shri Golma Rani Pra V" }, "geometry": { "type": "Point", "coordinates": [ 84.8379473, 27.8124431 ] } },
{ "type": "Feature", "properties": { "id": "node/4691818594", "name": null, "name_en": "Peace and heaven hotel", "name_ne": null, "status": "Standing", "amenity": null, "man_made": null, "shop": null, "tourism": "hotel", "opening_hours": null, "beds": null, "rooms": null, "addr_full": null, "addr_housenumber": null, "addr_street": null, "addr_city": null, "source": null, "adm0_pcode": "NPL", "adm0_name": "Nepal", "adm1_pcode": "NP03", "adm1_name": "Bagmati", "adm2_pcode": "NP0330", "adm2_name": "Dhading", "adm3_pcode": "NP0330407", "adm3_name": "Siddhalek", "adm4_pcode": null, "adm4_name": null, "name_latin": "Peace and heaven hotel" }, "geometry": { "type": "Point", "coordinates": [ 84.8336785, 27.8108962 ] } },
{ "type": "Feature", "properties": { "id": "node/3408490712", "name": "Rajmarga Samudayak Hospital", "name_en": "Highway Community Hospital", "name_ne": null, "status": "Standing", "amenity": "hospital", "man_made": null, "shop": null, "tourism": null, "opening_hours": null, "beds": null, "rooms": null, "addr_full": null, "addr_housenumber": null, "addr_street": null, "addr_city": null, "source": null, "adm0_pcode": "NPL", "adm0_name": "Nepal", "adm1_pcode": "NP03", "adm1_name": "Bagmati", "adm2_pcode": "NP0330", "adm2_name": "Dhading", "adm3_pcode": "NP0330408", "adm3_name": "Benighat Rorang", "adm4_pcode": null, "adm4_name": null, "name_latin": "Highway Community Hospital" }, "geometry": { "type": "Point", "coordinates": [ 84.8334747, 27.8111146 ] } },
{ "type": "Feature", "properties": { "id": "node/3172242784", "name": "Peace and Heaven Guesthouse and Restaurant", "name_en": null, "name_ne": null, "status": "Standing", "amenity": null, "man_made": null, "shop": null, "tourism": "guest_house", "opening_hours": null, "beds": null, "rooms": null, "addr_full": null, "addr_housenumber": null, "addr_street": null, "addr_city": null, "source": null, "adm0_pcode": "NPL", "adm0_name": "Nepal", "adm1_pcode": "NP03", "adm1_name": "Bagmati", "adm2_pcode": "NP0330", "adm2_name": "Dhading", "adm3_pcode": "NP0330408", "adm3_name": "Benighat Rorang", "adm4_pcode": null, "adm4_name": null, "name_latin": "Peace and Heaven Guesthouse and Restaurant" }, "geometry": { "type": "Point", "coordinates": [ 84.8330924, 27.8112361 ] } },
{ "type": "Feature", "properties": { "id": "node/567083584", "name": "Hill Top Restaurant \"Gol Ghar\"", "name_en": null, "name_ne": null, "status": "Standing", "amenity": "restaurant", "man_made": null, "shop": null, "tourism": null, "opening_hours": null, "beds": null, "rooms": null, "addr_full": null, "addr_housenumber": null, "addr_street": null, "addr_city": null, "source": null, "adm0_pcode": "NPL", "adm0_name": "Nepal", "adm1_pcode": "NP03", "adm1_name": "Bagmati", "adm2_pcode": "NP0330", "adm2_name": "Dhading", "adm3_pcode": "NP0330408", "adm3_name": "Benighat Rorang", "adm4_pcode": null, "adm4_name": null, "name_latin": "Hill Top Restaurant \"Gol Ghar\"" }, "geometry": { "type": "Point", "coordinates": [ 84.824887, 27.8100377 ] } },
{ "type": "Feature", "properties": { "id": "node/4809420428", "name": null, "name_en": null, "name_ne": null, "status": "Standing", "amenity": "fuel", "man_made": null, "shop": null, "tourism": null, "opening_hours": null, "beds": null, "rooms": null, "addr_full": null, "addr_housenumber": null, "addr_street": null, "addr_city": null, "source": null, "adm0_pcode": "NPL", "adm0_name": "Nepal", "adm1_pcode": "NP03", "adm1_name": "Bagmati", "adm2_pcode": "NP0330", "adm2_name": "Dhading", "adm3_pcode": "NP0330408", "adm3_name": "Benighat Rorang", "adm4_pcode": null, "adm4_name": null, "name_latin": null }, "geometry": { "type": "Point", "coordinates": [ 84.8154727, 27.8119189 ] } },
{ "type": "Feature", "properties": { "id": "node/5234901722", "name": null, "name_en": "Ganga Sagar Oil Stores", "name_ne": null, "status": "Standing", "amenity": "fuel", "man_made": null, "shop": null, "tourism": null, "opening_hours": null, "beds": null, "rooms": null, "addr_full": null, "addr_housenumber": null, "addr_street": null, "addr_city": null, "source": null, "adm0_pcode": "NPL", "adm0_name": "Nepal", "adm1_pcode": "NP03", "adm1_name": "Bagmati", "adm2_pcode": "NP0330", "adm2_name": "Dhading", "adm3_pcode": "NP0330408", "adm3_name": "Benighat Rorang", "adm4_pcode": null, "adm4_name": null, "name_latin": "Ganga Sagar Oil Stores" }, "geometry": { "type": "Point", "coordinates": [ 84.8154748, 27.8119045 ] } },
{ "type": "Feature", "properties": { "id": "node/5234901723", "name": null, "name_en": "Peace Haven Restaurant & Guesthouse", "name_ne": null, "status": "Standing", "amenity": "fast_food", "man_made": null, "shop": null, "tourism": null, "opening_hours": null, "beds": null, "rooms": null, "addr_full": null, "addr_housenumber": null, "addr_street": null, "addr_city": null, "source": null, "adm0_pcode": "NPL", "adm0_name": "Nepal", "adm1_pcode": "NP03", "adm1_name": "Bagmati", "adm2_pcode": "NP0330", "adm2_name": "Dhading", "adm3_pcode": "NP0330408", "adm3_name": "Benighat Rorang", "adm4_pcode": null, "adm4_name": null, "name_latin": "Peace Haven Restaurant & Guesthouse" }, "geometry": { "type": "Point", "coordinates": [ 84.8156272, 27.8117867 ] } },
{ "type": "Feature", "properties": { "id": "node/5234909921", "name": null, "name_en": "Green Peace Grocery", "name_ne": null, "status": "Standing", "amenity": null, "man_made": null, "shop": "convenience", "tourism": null, "opening_hours": null, "beds": null, "rooms": null, "addr_full": null, "addr_housenumber": null, "addr_street": null, "addr_city": null, "source": null, "adm0_pcode": "NPL", "adm0_name": "Nepal", "adm1_pcode": "NP03", "adm1_name": "Bagmati", "adm2_pcode": "NP0330", "adm2_name": "Dhading", "adm3_pcode": "NP0330408", "adm3_name": "Benighat Rorang", "adm4_pcode": null, "adm4_name": null, "name_latin": "Green Peace Grocery" }, "geometry": { "type": "Point", "coordinates": [ 84.8156535, 27.8116709 ] } },
{ "type": "Feature", "properties": { "id": "node/6282426686", "name": "Chitwan Taas Ghar", "name_en": null, "name_ne": null, "status": "Standing", "amenity": "restaurant", "man_made": null, "shop": null, "tourism": null, "opening_hours": null, "beds": null, "rooms": null, "addr_full": null, "addr_housenumber": null, "addr_street": null, "addr_city": null, "source": null, "adm0_pcode": "NPL", "adm0_name": "Nepal", "adm1_pcode": "NP03", "adm1_name": "Bagmati", "adm2_pcode": "NP0330", "adm2_name": "Dhading", "adm3_pcode": "NP0330408", "adm3_name": "Benighat Rorang", "adm4_pcode": null, "adm4_name": null, "name_latin": "Chitwan Taas Ghar" }, "geometry": { "type": "Point", "coordinates": [ 84.8153267, 27.811605 ] } },
{ "type": "Feature", "properties": { "id": "node/4941787232", "name": "Shri Orbang Pra V", "name_en": null, "name_ne": null, "status": "Standing", "amenity": "school", "man_made": null, "shop": null, "tourism": null, "opening_hours": null, "beds": null, "rooms": null, "addr_full": null, "addr_housenumber": null, "addr_street": null, "addr_city": null, "source": null, "adm0_pcode": "NPL", "adm0_name": "Nepal", "adm1_pcode": "NP03", "adm1_name": "Bagmati", "adm2_pcode": "NP0330", "adm2_name": "Dhading", "adm3_pcode": "NP0330408", "adm3_name": "Benighat Rorang", "adm4_pcode": null, "adm4_name": null, "name_latin": "Shri Orbang Pra V" }, "geometry": { "type": "Point", "coordinates": [ 84.7987338, 27.8097729 ] } },
{ "type": "Feature", "properties": { "id": "node/9510265542", "name": "Area Police Office", "name_en": null, "name_ne": null, "status": "Standing", "amenity": "police", "man_made": null, "shop": null, "tourism": null, "opening_hours": null, "beds": null, "rooms": null, "addr_full": null, "addr_housenumber": null, "addr_street": null, "addr_city": null, "source": null, "adm0_pcode": "NPL", "adm0_name": "Nepal", "adm1_pcode": "NP03", "adm1_name": "Bagmati", "adm2_pcode": "NP0330", "adm2_name": "Dhading", "adm3_pcode": "NP0330408", "adm3_name": "Benighat Rorang", "adm4_pcode": null, "adm4_name": null, "name_latin": "Area Police Office" }, "geometry": { "type": "Point", "coordinates": [ 84.781588, 27.8118103 ] } },
{ "type": "Feature", "properties": { "id": "node/4939797039", "name": "Shri Chandrodaya Ma Vi", "name_en": null, "name_ne": null, "status": "Standing", "amenity": "school", "man_made": null, "shop": null, "tourism": null, "opening_hours": null, "beds": null, "rooms": null, "addr_full": null, "addr_housenumber": null, "addr_street": null, "addr_city": null, "source": null, "adm0_pcode": "NPL", "adm0_name": "Nepal", "adm1_pcode": "NP03", "adm1_name": "Bagmati", "adm2_pcode": "NP0330", "adm2_name": "Dhading", "adm3_pcode": "NP0330407", "adm3_name": "Siddhalek", "adm4_pcode": null, "adm4_name": null, "name_latin": "Shri Chandrodaya Ma Vi" }, "geometry": { "type": "Point", "coordinates": [ 84.7816236, 27.8121655 ] } },
{ "type": "Feature", "properties": { "id": "node/5123900831", "name": null, "name_en": "Shrestha hotel", "name_ne": null, "status": "Standing", "amenity": null, "man_made": null, "shop": null, "tourism": "hotel", "opening_hours": null, "beds": null, "rooms": null, "addr_full": null, "addr_housenumber": null, "addr_street": null, "addr_city": null, "source": null, "adm0_pcode": "NPL", "adm0_name": "Nepal", "adm1_pcode": "NP03", "adm1_name": "Bagmati", "adm2_pcode": "NP0330", "adm2_name": "Dhading", "adm3_pcode": "NP0330408", "adm3_name": "Benighat Rorang", "adm4_pcode": null, "adm4_name": null, "name_latin": "Shrestha hotel" }, "geometry": { "type": "Point", "coordinates": [ 84.780859, 27.8115679 ] } },
{ "type": "Feature", "properties": { "id": "node/7176912185", "name": null, "name_en": "Groceries", "name_ne": null, "status": "Standing", "amenity": null, "man_made": null, "shop": "variety_store", "tourism": null, "opening_hours": null, "beds": null, "rooms": null, "addr_full": null, "addr_housenumber": null, "addr_street": null, "addr_city": null, "source": null, "adm0_pcode": "NPL", "adm0_name": "Nepal", "adm1_pcode": "NP03", "adm1_name": "Bagmati", "adm2_pcode": "NP0330", "adm2_name": "Dhading", "adm3_pcode": "NP0330408", "adm3_name": "Benighat Rorang", "adm4_pcode": null, "adm4_name": null, "name_latin": "Groceries" }, "geometry": { "type": "Point", "coordinates": [ 84.7802605, 27.8108579 ] } },
{ "type": "Feature", "properties": { "id": "node/9510297618", "name": "Benighat Health Cllinic", "name_en": null, "name_ne": null, "status": "Standing", "amenity": "clinic", "man_made": null, "shop": null, "tourism": null, "opening_hours": null, "beds": null, "rooms": null, "addr_full": null, "addr_housenumber": null, "addr_street": null, "addr_city": null, "source": null, "adm0_pcode": "NPL", "adm0_name": "Nepal", "adm1_pcode": "NP03", "adm1_name": "Bagmati", "adm2_pcode": "NP0330", "adm2_name": "Dhading", "adm3_pcode": "NP0330408", "adm3_name": "Benighat Rorang", "adm4_pcode": null, "adm4_name": null, "name_latin": "Benighat Health Cllinic" }, "geometry": { "type": "Point", "coordinates": [ 84.7800149, 27.8106241 ] } },
{ "type": "Feature", "properties": { "id": "node/9510297619", "name": "Devi Bhanda Pasal", "name_en": null, "name_ne": null, "status": "Standing", "amenity": null, "man_made": null, "shop": "houseware", "tourism": null, "opening_hours": null, "beds": null, "rooms": null, "addr_full": null, "addr_housenumber": null, "addr_street": null, "addr_city": null, "source": null, "adm0_pcode": "NPL", "adm0_name": "Nepal", "adm1_pcode": "NP03", "adm1_name": "Bagmati", "adm2_pcode": "NP0330", "adm2_name": "Dhading", "adm3_pcode": "NP0330408", "adm3_name": "Benighat Rorang", "adm4_pcode": null, "adm4_name": null, "name_latin": "Devi Bhanda Pasal" }, "geometry": { "type": "Point", "coordinates": [ 84.7802791, 27.8107368 ] } },
{ "type": "Feature", "properties": { "id": "node/7176899288", "name": null, "name_en": "The Trisuli Center", "name_ne": null, "status": "Standing", "amenity": null, "man_made": null, "shop": null, "tourism": "camp_site", "opening_hours": null, "beds": null, "rooms": null, "addr_full": null, "addr_housenumber": null, "addr_street": null, "addr_city": null, "source": null, "adm0_pcode": "NPL", "adm0_name": "Nepal", "adm1_pcode": "NP03", "adm1_name": "Bagmati", "adm2_pcode": "NP0330", "adm2_name": "Dhading", "adm3_pcode": "NP0330408", "adm3_name": "Benighat Rorang", "adm4_pcode": null, "adm4_name": null, "name_latin": "The Trisuli Center" }, "geometry": { "type": "Point", "coordinates": [ 84.7731622, 27.8097833 ] } },
{ "type": "Feature", "properties": { "id": "node/6028643289", "name": null, "name_en": "Chitra Devi", "name_ne": null, "status": "Standing", "amenity": "restaurant", "man_made": null, "shop": null, "tourism": null, "opening_hours": null, "beds": null, "rooms": null, "addr_full": null, "addr_housenumber": null, "addr_street": null, "addr_city": null, "source": null, "adm0_pcode": "NPL", "adm0_name": "Nepal", "adm1_pcode": "NP04", "adm1_name": "Gandaki", "adm2_pcode": "NP0436", "adm2_name": "Gorkha", "adm3_pcode": "NP0436409", "adm3_name": "Gandaki", "adm4_pcode": null, "adm4_name": null, "name_latin": "Chitra Devi" }, "geometry": { "type": "Point", "coordinates": [ 84.7674583, 27.8104964 ] } },
{ "type": "Feature", "properties": { "id": "node/7242998985", "name": "Ever Green Restaurant and Resort", "name_en": null, "name_ne": null, "status": "Standing", "amenity": null, "man_made": null, "shop": null, "tourism": "hotel", "opening_hours": null, "beds": null, "rooms": null, "addr_full": null, "addr_housenumber": null, "addr_street": "Prithvi Rajmarg", "addr_city": null, "source": null, "adm0_pcode": "NPL", "adm0_name": "Nepal", "adm1_pcode": "NP04", "adm1_name": "Gandaki", "adm2_pcode": "NP0436", "adm2_name": "Gorkha", "adm3_pcode": "NP0436409", "adm3_name": "Gandaki", "adm4_pcode": null, "adm4_name": null, "name_latin": "Ever Green Restaurant and Resort" }, "geometry": { "type": "Point", "coordinates": [ 84.7578674, 27.8099044 ] } },
{ "type": "Feature", "properties": { "id": "node/7176899386", "name": null, "name_en": "Bridge", "name_ne": null, "status": "Standing", "amenity": null, "man_made": null, "shop": null, "tourism": "viewpoint", "opening_hours": null, "beds": null, "rooms": null, "addr_full": null, "addr_housenumber": null, "addr_street": null, "addr_city": null, "source": null, "adm0_pcode": "NPL", "adm0_name": "Nepal", "adm1_pcode": "NP03", "adm1_name": "Bagmati", "adm2_pcode": "NP0330", "adm2_name": "Dhading", "adm3_pcode": "NP0330408", "adm3_name": "Benighat Rorang", "adm4_pcode": null, "adm4_name": null, "name_latin": "Bridge" }, "geometry": { "type": "Point", "coordinates": [ 84.7734249, 27.8085836 ] } },
{ "type": "Feature", "properties": { "id": "node/7183296885", "name": null, "name_en": "Convenience Store", "name_ne": null, "status": "Standing", "amenity": null, "man_made": null, "shop": "convenience", "tourism": null, "opening_hours": null, "beds": null, "rooms": null, "addr_full": null, "addr_housenumber": null, "addr_street": null, "addr_city": null, "source": null, "adm0_pcode": "NPL", "adm0_name": "Nepal", "adm1_pcode": "NP03", "adm1_name": "Bagmati", "adm2_pcode": "NP0330", "adm2_name": "Dhading", "adm3_pcode": "NP0330408", "adm3_name": "Benighat Rorang", "adm4_pcode": null, "adm4_name": null, "name_latin": "Convenience Store" }, "geometry": { "type": "Point", "coordinates": [ 84.7734779, 27.8076751 ] } },
{ "type": "Feature", "properties": { "id": "node/5243745421", "name": null, "name_en": "Trisuli center rafting", "name_ne": null, "status": "Standing", "amenity": null, "man_made": null, "shop": null, "tourism": "information", "opening_hours": null, "beds": null, "rooms": null, "addr_full": null, "addr_housenumber": null, "addr_street": null, "addr_city": null, "source": null, "adm0_pcode": "NPL", "adm0_name": "Nepal", "adm1_pcode": "NP03", "adm1_name": "Bagmati", "adm2_pcode": "NP0330", "adm2_name": "Dhading", "adm3_pcode": "NP0330408", "adm3_name": "Benighat Rorang", "adm4_pcode": null, "adm4_name": null, "name_latin": "Trisuli center rafting" }, "geometry": { "type": "Point", "coordinates": [ 84.7740233, 27.8079428 ] } },
{ "type": "Feature", "properties": { "id": "node/3408491300", "name": "Deva Development Bank", "name_en": null, "name_ne": null, "status": "Standing", "amenity": "bank", "man_made": null, "shop": null, "tourism": null, "opening_hours": null, "beds": null, "rooms": null, "addr_full": null, "addr_housenumber": null, "addr_street": null, "addr_city": null, "source": null, "adm0_pcode": "NPL", "adm0_name": "Nepal", "adm1_pcode": "NP03", "adm1_name": "Bagmati", "adm2_pcode": "NP0330", "adm2_name": "Dhading", "adm3_pcode": "NP0330408", "adm3_name": "Benighat Rorang", "adm4_pcode": null, "adm4_name": null, "name_latin": "Deva Development Bank" }, "geometry": { "type": "Point", "coordinates": [ 84.7511503, 27.8032728 ] } },
{ "type": "Feature", "properties": { "id": "node/5485625147", "name": null, "name_en": null, "name_ne": null, "status": "Standing", "amenity": null, "man_made": null, "shop": null, "tourism": "attraction", "opening_hours": null, "beds": null, "rooms": null, "addr_full": null, "addr_housenumber": null, "addr_street": null, "addr_city": null, "source": null, "adm0_pcode": "NPL", "adm0_name": "Nepal", "adm1_pcode": "NP04", "adm1_name": "Gandaki", "adm2_pcode": "NP0436", "adm2_name": "Gorkha", "adm3_pcode": "NP0436408", "adm3_name": "Shahid Lakhan", "adm4_pcode": null, "adm4_name": null, "name_latin": null }, "geometry": { "type": "Point", "coordinates": [ 84.5995165, 27.8750336 ] } },
{ "type": "Feature", "properties": { "id": "node/4912228426", "name": "Shri Shilingtar Pra V", "name_en": null, "name_ne": null, "status": "Standing", "amenity": "school", "man_made": null, "shop": null, "tourism": null, "opening_hours": null, "beds": null, "rooms": null, "addr_full": null, "addr_housenumber": null, "addr_street": null, "addr_city": null, "source": null, "adm0_pcode": "NPL", "adm0_name": "Nepal", "adm1_pcode": "NP04", "adm1_name": "Gandaki", "adm2_pcode": "NP0436", "adm2_name": "Gorkha", "adm3_pcode": "NP0436408", "adm3_name": "Shahid Lakhan", "adm4_pcode": null, "adm4_name": null, "name_latin": "Shri Shilingtar Pra V" }, "geometry": { "type": "Point", "coordinates": [ 84.5911485, 27.8816026 ] } },
{ "type": "Feature", "properties": { "id": "node/5128585021", "name": "Chandra Hotel and Lodge", "name_en": null, "name_ne": null, "status": "Standing", "amenity": "restaurant", "man_made": null, "shop": null, "tourism": null, "opening_hours": null, "beds": null, "rooms": null, "addr_full": null, "addr_housenumber": null, "addr_street": "Prithvi Rajmarga", "addr_city": null, "source": null, "adm0_pcode": "NPL", "adm0_name": "Nepal", "adm1_pcode": "NP03", "adm1_name": "Bagmati", "adm2_pcode": "NP0330", "adm2_name": "Dhading", "adm3_pcode": "NP0330408", "adm3_name": "Benighat Rorang", "adm4_pcode": null, "adm4_name": null, "name_latin": "Chandra Hotel and Lodge" }, "geometry": { "type": "Point", "coordinates": [ 84.8271722, 27.813303 ] } },
{ "type": "Feature", "properties": { "id": "node/5128557924", "name": "Pokhara Hotel and Lodge", "name_en": null, "name_ne": null, "status": "Standing", "amenity": "restaurant", "man_made": null, "shop": null, "tourism": null, "opening_hours": null, "beds": null, "rooms": null, "addr_full": null, "addr_housenumber": null, "addr_street": "Prithvi Rajmarga", "addr_city": null, "source": null, "adm0_pcode": "NPL", "adm0_name": "Nepal", "adm1_pcode": "NP03", "adm1_name": "Bagmati", "adm2_pcode": "NP0330", "adm2_name": "Dhading", "adm3_pcode": "NP0330408", "adm3_name": "Benighat Rorang", "adm4_pcode": null, "adm4_name": null, "name_latin": "Pokhara Hotel and Lodge" }, "geometry": { "type": "Point", "coordinates": [ 84.8272618, 27.8133032 ] } },
{ "type": "Feature", "properties": { "id": "node/5562281922", "name": null, "name_en": null, "name_ne": null, "status": "Standing", "amenity": "restaurant", "man_made": null, "shop": null, "tourism": null, "opening_hours": null, "beds": null, "rooms": null, "addr_full": null, "addr_housenumber": null, "addr_street": null, "addr_city": null, "source": null, "adm0_pcode": "NPL", "adm0_name": "Nepal", "adm1_pcode": "NP03", "adm1_name": "Bagmati", "adm2_pcode": "NP0330", "adm2_name": "Dhading", "adm3_pcode": "NP0330408", "adm3_name": "Benighat Rorang", "adm4_pcode": null, "adm4_name": null, "name_latin": null }, "geometry": { "type": "Point", "coordinates": [ 84.8278257, 27.8133176 ] } },
{ "type": "Feature", "properties": { "id": "node/5562281921", "name": null, "name_en": "Highway Healthcare Pharma", "name_ne": null, "status": "Standing", "amenity": "pharmacy", "man_made": null, "shop": null, "tourism": null, "opening_hours": null, "beds": null, "rooms": null, "addr_full": null, "addr_housenumber": null, "addr_street": null, "addr_city": null, "source": null, "adm0_pcode": "NPL", "adm0_name": "Nepal", "adm1_pcode": "NP03", "adm1_name": "Bagmati", "adm2_pcode": "NP0330", "adm2_name": "Dhading", "adm3_pcode": "NP0330408", "adm3_name": "Benighat Rorang", "adm4_pcode": null, "adm4_name": null, "name_latin": "Highway Healthcare Pharma" }, "geometry": { "type": "Point", "coordinates": [ 84.8278453, 27.8136943 ] } },
{ "type": "Feature", "properties": { "id": "node/3013890961", "name": "Malekhu Petrol Pump", "name_en": null, "name_ne": null, "status": "Standing", "amenity": "fuel", "man_made": null, "shop": null, "tourism": null, "opening_hours": null, "beds": null, "rooms": null, "addr_full": null, "addr_housenumber": null, "addr_street": null, "addr_city": null, "source": null, "adm0_pcode": "NPL", "adm0_name": "Nepal", "adm1_pcode": "NP03", "adm1_name": "Bagmati", "adm2_pcode": "NP0330", "adm2_name": "Dhading", "adm3_pcode": "NP0330408", "adm3_name": "Benighat Rorang", "adm4_pcode": null, "adm4_name": null, "name_latin": "Malekhu Petrol Pump" }, "geometry": { "type": "Point", "coordinates": [ 84.8277705, 27.8136831 ] } },
{ "type": "Feature", "properties": { "id": "node/6160819485", "name": null, "name_en": "Highway Garden", "name_ne": null, "status": "Standing", "amenity": null, "man_made": null, "shop": null, "tourism": "hotel", "opening_hours": null, "beds": null, "rooms": null, "addr_full": null, "addr_housenumber": null, "addr_street": null, "addr_city": null, "source": null, "adm0_pcode": "NPL", "adm0_name": "Nepal", "adm1_pcode": "NP03", "adm1_name": "Bagmati", "adm2_pcode": "NP0330", "adm2_name": "Dhading", "adm3_pcode": "NP0330408", "adm3_name": "Benighat Rorang", "adm4_pcode": null, "adm4_name": null, "name_latin": "Highway Garden" }, "geometry": { "type": "Point", "coordinates": [ 84.8285204, 27.81385 ] } },
{ "type": "Feature", "properties": { "id": "node/6045745885", "name": "Rastriya Banijya Bank", "name_en": null, "name_ne": null, "status": "Standing", "amenity": "bank", "man_made": null, "shop": null, "tourism": null, "opening_hours": null, "beds": null, "rooms": null, "addr_full": null, "addr_housenumber": null, "addr_street": null, "addr_city": null, "source": null, "adm0_pcode": "NPL", "adm0_name": "Nepal", "adm1_pcode": "NP03", "adm1_name": "Bagmati", "adm2_pcode": "NP0330", "adm2_name": "Dhading", "adm3_pcode": "NP0330408", "adm3_name": "Benighat Rorang", "adm4_pcode": null, "adm4_name": null, "name_latin": "Rastriya Banijya Bank" }, "geometry": { "type": "Point", "coordinates": [ 84.8281888, 27.8136496 ] } },
{ "type": "Feature", "properties": { "id": "node/3408491509", "name": "ndep development bank", "name_en": null, "name_ne": null, "status": "Standing", "amenity": "bank", "man_made": null, "shop": null, "tourism": null, "opening_hours": null, "beds": null, "rooms": null, "addr_full": null, "addr_housenumber": null, "addr_street": null, "addr_city": null, "source": null, "adm0_pcode": "NPL", "adm0_name": "Nepal", "adm1_pcode": "NP03", "adm1_name": "Bagmati", "adm2_pcode": "NP0330", "adm2_name": "Dhading", "adm3_pcode": "NP0330408", "adm3_name": "Benighat Rorang", "adm4_pcode": null, "adm4_name": null, "name_latin": "ndep development bank" }, "geometry": { "type": "Point", "coordinates": [ 84.8285506, 27.8134918 ] } },
{ "type": "Feature", "properties": { "id": "node/10607731205", "name": "Shree Nagar Khaja & Khaja Ghar", "name_en": null, "name_ne": null, "status": "Standing", "amenity": "restaurant", "man_made": null, "shop": null, "tourism": null, "opening_hours": null, "beds": null, "rooms": null, "addr_full": null, "addr_housenumber": null, "addr_street": null, "addr_city": null, "source": null, "adm0_pcode": "NPL", "adm0_name": "Nepal", "adm1_pcode": "NP03", "adm1_name": "Bagmati", "adm2_pcode": "NP0330", "adm2_name": "Dhading", "adm3_pcode": "NP0330408", "adm3_name": "Benighat Rorang", "adm4_pcode": null, "adm4_name": null, "name_latin": "Shree Nagar Khaja & Khaja Ghar" }, "geometry": { "type": "Point", "coordinates": [ 84.831589, 27.8126936 ] } },
{ "type": "Feature", "properties": { "id": "node/4370642190", "name": null, "name_en": null, "name_ne": null, "status": "Standing", "amenity": "cafe", "man_made": null, "shop": null, "tourism": null, "opening_hours": null, "beds": null, "rooms": null, "addr_full": null, "addr_housenumber": null, "addr_street": null, "addr_city": null, "source": null, "adm0_pcode": "NPL", "adm0_name": "Nepal", "adm1_pcode": "NP03", "adm1_name": "Bagmati", "adm2_pcode": "NP0330", "adm2_name": "Dhading", "adm3_pcode": "NP0330408", "adm3_name": "Benighat Rorang", "adm4_pcode": null, "adm4_name": null, "name_latin": null }, "geometry": { "type": "Point", "coordinates": [ 84.8315725, 27.8127055 ] } },
{ "type": "Feature", "properties": { "id": "node/4370642191", "name": null, "name_en": null, "name_ne": null, "status": "Standing", "amenity": "fuel", "man_made": null, "shop": null, "tourism": null, "opening_hours": null, "beds": null, "rooms": null, "addr_full": null, "addr_housenumber": null, "addr_street": null, "addr_city": null, "source": null, "adm0_pcode": "NPL", "adm0_name": "Nepal", "adm1_pcode": "NP03", "adm1_name": "Bagmati", "adm2_pcode": "NP0330", "adm2_name": "Dhading", "adm3_pcode": "NP0330408", "adm3_name": "Benighat Rorang", "adm4_pcode": null, "adm4_name": null, "name_latin": null }, "geometry": { "type": "Point", "coordinates": [ 84.8270484, 27.8240243 ] } },
{ "type": "Feature", "properties": { "id": "node/6872581585", "name": null, "name_en": "Erik bridge", "name_ne": null, "status": "Standing", "amenity": null, "man_made": null, "shop": null, "tourism": "viewpoint", "opening_hours": null, "beds": null, "rooms": null, "addr_full": null, "addr_housenumber": null, "addr_street": null, "addr_city": null, "source": null, "adm0_pcode": "NPL", "adm0_name": "Nepal", "adm1_pcode": "NP03", "adm1_name": "Bagmati", "adm2_pcode": "NP0330", "adm2_name": "Dhading", "adm3_pcode": "NP0330408", "adm3_name": "Benighat Rorang", "adm4_pcode": null, "adm4_name": null, "name_latin": "Erik bridge" }, "geometry": { "type": "Point", "coordinates": [ 84.809331, 27.8171954 ] } },
{ "type": "Feature", "properties": { "id": "node/9510265543", "name": "Sangam Hotel", "name_en": null, "name_ne": null, "status": "Standing", "amenity": null, "man_made": null, "shop": null, "tourism": "hotel", "opening_hours": null, "beds": null, "rooms": null, "addr_full": null, "addr_housenumber": null, "addr_street": null, "addr_city": null, "source": null, "adm0_pcode": "NPL", "adm0_name": "Nepal", "adm1_pcode": "NP03", "adm1_name": "Bagmati", "adm2_pcode": "NP0330", "adm2_name": "Dhading", "adm3_pcode": "NP0330407", "adm3_name": "Siddhalek", "adm4_pcode": null, "adm4_name": null, "name_latin": "Sangam Hotel" }, "geometry": { "type": "Point", "coordinates": [ 84.7825737, 27.8127806 ] } },
{ "type": "Feature", "properties": { "id": "node/11690004269", "name": null, "name_en": "Fast charge", "name_ne": null, "status": "Standing", "amenity": "charging_station", "man_made": null, "shop": null, "tourism": null, "opening_hours": null, "beds": null, "rooms": null, "addr_full": null, "addr_housenumber": null, "addr_street": null, "addr_city": null, "source": null, "adm0_pcode": "NPL", "adm0_name": "Nepal", "adm1_pcode": "NP03", "adm1_name": "Bagmati", "adm2_pcode": "NP0330", "adm2_name": "Dhading", "adm3_pcode": "NP0330408", "adm3_name": "Benighat Rorang", "adm4_pcode": null, "adm4_name": null, "name_latin": "Fast charge" }, "geometry": { "type": "Point", "coordinates": [ 84.7893005, 27.8130464 ] } },
{ "type": "Feature", "properties": { "id": "node/3339293039", "name": "Trishuli River Side Resort", "name_en": null, "name_ne": null, "status": "Standing", "amenity": "restaurant", "man_made": null, "shop": null, "tourism": null, "opening_hours": null, "beds": null, "rooms": null, "addr_full": null, "addr_housenumber": null, "addr_street": null, "addr_city": null, "source": null, "adm0_pcode": "NPL", "adm0_name": "Nepal", "adm1_pcode": "NP03", "adm1_name": "Bagmati", "adm2_pcode": "NP0330", "adm2_name": "Dhading", "adm3_pcode": "NP0330408", "adm3_name": "Benighat Rorang", "adm4_pcode": null, "adm4_name": null, "name_latin": "Trishuli River Side Resort" }, "geometry": { "type": "Point", "coordinates": [ 84.7974149, 27.8134336 ] } },
{ "type": "Feature", "properties": { "id": "node/10113431691", "name": null, "name_en": "Tuppiko Hotel", "name_ne": null, "status": "Standing", "amenity": null, "man_made": null, "shop": null, "tourism": "hotel", "opening_hours": null, "beds": null, "rooms": null, "addr_full": null, "addr_housenumber": null, "addr_street": null, "addr_city": null, "source": null, "adm0_pcode": "NPL", "adm0_name": "Nepal", "adm1_pcode": "NP03", "adm1_name": "Bagmati", "adm2_pcode": "NP0330", "adm2_name": "Dhading", "adm3_pcode": "NP0330408", "adm3_name": "Benighat Rorang", "adm4_pcode": null, "adm4_name": null, "name_latin": "Tuppiko Hotel" }, "geometry": { "type": "Point", "coordinates": [ 84.8143573, 27.8125062 ] } },
{ "type": "Feature", "properties": { "id": "node/11763991669", "name": null, "name_en": "Tamang Plaza Agro Resort", "name_ne": null, "status": "Standing", "amenity": null, "man_made": null, "shop": null, "tourism": "hotel", "opening_hours": null, "beds": null, "rooms": null, "addr_full": null, "addr_housenumber": null, "addr_street": null, "addr_city": null, "source": null, "adm0_pcode": "NPL", "adm0_name": "Nepal", "adm1_pcode": "NP03", "adm1_name": "Bagmati", "adm2_pcode": "NP0328", "adm2_name": "Nuwakot", "adm3_pcode": "NP0328301", "adm3_name": "Bidur", "adm4_pcode": null, "adm4_name": null, "name_latin": "Tamang Plaza Agro Resort" }, "geometry": { "type": "Point", "coordinates": [ 85.1446087, 27.9037182 ] } },
{ "type": "Feature", "properties": { "id": "node/9802458037", "name": "NADEP BANK Battar, Nuwakot", "name_en": null, "name_ne": null, "status": "Standing", "amenity": "bank", "man_made": null, "shop": null, "tourism": null, "opening_hours": null, "beds": null, "rooms": null, "addr_full": null, "addr_housenumber": null, "addr_street": null, "addr_city": null, "source": null, "adm0_pcode": "NPL", "adm0_name": "Nepal", "adm1_pcode": "NP03", "adm1_name": "Bagmati", "adm2_pcode": "NP0328", "adm2_name": "Nuwakot", "adm3_pcode": "NP0328301", "adm3_name": "Bidur", "adm4_pcode": null, "adm4_name": null, "name_latin": "NADEP BANK Battar, Nuwakot" }, "geometry": { "type": "Point", "coordinates": [ 85.148042, 27.903613 ] } },
{ "type": "Feature", "properties": { "id": "node/9802458040", "name": "Jyoti BANK Battar", "name_en": null, "name_ne": null, "status": "Standing", "amenity": "bank", "man_made": null, "shop": null, "tourism": null, "opening_hours": null, "beds": null, "rooms": null, "addr_full": null, "addr_housenumber": null, "addr_street": null, "addr_city": null, "source": null, "adm0_pcode": "NPL", "adm0_name": "Nepal", "adm1_pcode": "NP03", "adm1_name": "Bagmati", "adm2_pcode": "NP0328", "adm2_name": "Nuwakot", "adm3_pcode": "NP0328301", "adm3_name": "Bidur", "adm4_pcode": null, "adm4_name": null, "name_latin": "Jyoti BANK Battar" }, "geometry": { "type": "Point", "coordinates": [ 85.1482867, 27.9031975 ] } },
{ "type": "Feature", "properties": { "id": "node/9802458084", "name": "Jyoti ATM", "name_en": null, "name_ne": null, "status": "Standing", "amenity": "bank", "man_made": null, "shop": null, "tourism": null, "opening_hours": null, "beds": null, "rooms": null, "addr_full": null, "addr_housenumber": null, "addr_street": null, "addr_city": null, "source": null, "adm0_pcode": "NPL", "adm0_name": "Nepal", "adm1_pcode": "NP03", "adm1_name": "Bagmati", "adm2_pcode": "NP0328", "adm2_name": "Nuwakot", "adm3_pcode": "NP0328301", "adm3_name": "Bidur", "adm4_pcode": null, "adm4_name": null, "name_latin": "Jyoti ATM" }, "geometry": { "type": "Point", "coordinates": [ 85.1483001, 27.903079 ] } },
{ "type": "Feature", "properties": { "id": "node/6917885286", "name": null, "name_en": "Souvenir Boarding Schoolसुभेन", "name_ne": null, "status": "Standing", "amenity": "school", "man_made": null, "shop": null, "tourism": null, "opening_hours": "Su-Fr 10:00-16:00", "beds": null, "rooms": null, "addr_full": null, "addr_housenumber": null, "addr_street": "Pasang Lhamu Highway", "addr_city": null, "source": null, "adm0_pcode": "NPL", "adm0_name": "Nepal", "adm1_pcode": "NP03", "adm1_name": "Bagmati", "adm2_pcode": "NP0328", "adm2_name": "Nuwakot", "adm3_pcode": "NP0328301", "adm3_name": "Bidur", "adm4_pcode": null, "adm4_name": null, "name_latin": "Souvenir Boarding Schoolसुभेन" }, "geometry": { "type": "Point", "coordinates": [ 85.1467498, 27.9026236 ] } },
{ "type": "Feature", "properties": { "id": "node/4833882821", "name": null, "name_en": "Bhagwati Memorial Hospital", "name_ne": null, "status": "Standing", "amenity": "hospital", "man_made": null, "shop": null, "tourism": null, "opening_hours": null, "beds": null, "rooms": null, "addr_full": null, "addr_housenumber": null, "addr_street": null, "addr_city": null, "source": null, "adm0_pcode": "NPL", "adm0_name": "Nepal", "adm1_pcode": "NP03", "adm1_name": "Bagmati", "adm2_pcode": "NP0328", "adm2_name": "Nuwakot", "adm3_pcode": "NP0328301", "adm3_name": "Bidur", "adm4_pcode": null, "adm4_name": null, "name_latin": "Bhagwati Memorial Hospital" }, "geometry": { "type": "Point", "coordinates": [ 85.1457805, 27.9026442 ] } },
{ "type": "Feature", "properties": { "id": "node/4693387798", "name": null, "name_en": "Hotel Satanchuli", "name_ne": null, "status": "Standing", "amenity": null, "man_made": null, "shop": null, "tourism": "hotel", "opening_hours": null, "beds": null, "rooms": null, "addr_full": null, "addr_housenumber": null, "addr_street": null, "addr_city": null, "source": null, "adm0_pcode": "NPL", "adm0_name": "Nepal", "adm1_pcode": "NP03", "adm1_name": "Bagmati", "adm2_pcode": "NP0328", "adm2_name": "Nuwakot", "adm3_pcode": "NP0328301", "adm3_name": "Bidur", "adm4_pcode": null, "adm4_name": null, "name_latin": "Hotel Satanchuli" }, "geometry": { "type": "Point", "coordinates": [ 85.1459215, 27.9031312 ] } },
{ "type": "Feature", "properties": { "id": "node/9802458038", "name": "NEPALGBB BANK Branch Office Battar", "name_en": null, "name_ne": null, "status": "Standing", "amenity": "bank", "man_made": null, "shop": null, "tourism": null, "opening_hours": null, "beds": null, "rooms": null, "addr_full": null, "addr_housenumber": null, "addr_street": null, "addr_city": null, "source": null, "adm0_pcode": "NPL", "adm0_name": "Nepal", "adm1_pcode": "NP03", "adm1_name": "Bagmati", "adm2_pcode": "NP0328", "adm2_name": "Nuwakot", "adm3_pcode": "NP0328301", "adm3_name": "Bidur", "adm4_pcode": null, "adm4_name": null, "name_latin": "NEPALGBB BANK Branch Office Battar" }, "geometry": { "type": "Point", "coordinates": [ 85.146102, 27.903158 ] } },
{ "type": "Feature", "properties": { "id": "node/4693388091", "name": null, "name_en": "TATA Motors", "name_ne": null, "status": "Standing", "amenity": null, "man_made": null, "shop": "car_repair", "tourism": null, "opening_hours": null, "beds": null, "rooms": null, "addr_full": null, "addr_housenumber": null, "addr_street": null, "addr_city": null, "source": null, "adm0_pcode": "NPL", "adm0_name": "Nepal", "adm1_pcode": "NP03", "adm1_name": "Bagmati", "adm2_pcode": "NP0328", "adm2_name": "Nuwakot", "adm3_pcode": "NP0328301", "adm3_name": "Bidur", "adm4_pcode": null, "adm4_name": null, "name_latin": "TATA Motors" }, "geometry": { "type": "Point", "coordinates": [ 85.1461259, 27.9033 ] } },
{ "type": "Feature", "properties": { "id": "node/9802458039", "name": "NMB BANK Battar", "name_en": null, "name_ne": null, "status": "Standing", "amenity": "bank", "man_made": null, "shop": null, "tourism": null, "opening_hours": null, "beds": null, "rooms": null, "addr_full": null, "addr_housenumber": null, "addr_street": null, "addr_city": null, "source": null, "adm0_pcode": "NPL", "adm0_name": "Nepal", "adm1_pcode": "NP03", "adm1_name": "Bagmati", "adm2_pcode": "NP0328", "adm2_name": "Nuwakot", "adm3_pcode": "NP0328301", "adm3_name": "Bidur", "adm4_pcode": null, "adm4_name": null, "name_latin": "NMB BANK Battar" }, "geometry": { "type": "Point", "coordinates": [ 85.1431927, 27.9030336 ] } },
{ "type": "Feature", "properties": { "id": "node/11799174202", "name": null, "name_en": null, "name_ne": null, "status": "Standing", "amenity": null, "man_made": null, "shop": null, "tourism": "hotel", "opening_hours": null, "beds": null, "rooms": null, "addr_full": null, "addr_housenumber": null, "addr_street": null, "addr_city": null, "source": null, "adm0_pcode": "NPL", "adm0_name": "Nepal", "adm1_pcode": "NP03", "adm1_name": "Bagmati", "adm2_pcode": "NP0328", "adm2_name": "Nuwakot", "adm3_pcode": "NP0328301", "adm3_name": "Bidur", "adm4_pcode": null, "adm4_name": null, "name_latin": null }, "geometry": { "type": "Point", "coordinates": [ 85.1444316, 27.903862 ] } },
{ "type": "Feature", "properties": { "id": "node/10775584105", "name": "The Burger House & Crunchy Fried Chicken", "name_en": null, "name_ne": null, "status": "Standing", "amenity": "restaurant", "man_made": null, "shop": null, "tourism": null, "opening_hours": null, "beds": null, "rooms": null, "addr_full": null, "addr_housenumber": null, "addr_street": null, "addr_city": null, "source": null, "adm0_pcode": "NPL", "adm0_name": "Nepal", "adm1_pcode": "NP03", "adm1_name": "Bagmati", "adm2_pcode": "NP0328", "adm2_name": "Nuwakot", "adm3_pcode": "NP0328301", "adm3_name": "Bidur", "adm4_pcode": null, "adm4_name": null, "name_latin": "The Burger House & Crunchy Fried Chicken" }, "geometry": { "type": "Point", "coordinates": [ 85.1458022, 27.9046682 ] } },
{ "type": "Feature", "properties": { "id": "node/4693387998", "name": null, "name_en": "RP SUPPLIERS", "name_ne": null, "status": "Standing", "amenity": null, "man_made": null, "shop": "car_repair", "tourism": null, "opening_hours": null, "beds": null, "rooms": null, "addr_full": null, "addr_housenumber": null, "addr_street": null, "addr_city": null, "source": null, "adm0_pcode": "NPL", "adm0_name": "Nepal", "adm1_pcode": "NP03", "adm1_name": "Bagmati", "adm2_pcode": "NP0328", "adm2_name": "Nuwakot", "adm3_pcode": "NP0328301", "adm3_name": "Bidur", "adm4_pcode": null, "adm4_name": null, "name_latin": "RP SUPPLIERS" }, "geometry": { "type": "Point", "coordinates": [ 85.1467769, 27.9046812 ] } },
{ "type": "Feature", "properties": { "id": "node/5053261618", "name": "Shr Mahendra Ma Vi", "name_en": null, "name_ne": null, "status": "Standing", "amenity": "school", "man_made": null, "shop": null, "tourism": null, "opening_hours": null, "beds": null, "rooms": null, "addr_full": null, "addr_housenumber": null, "addr_street": null, "addr_city": null, "source": null, "adm0_pcode": "NPL", "adm0_name": "Nepal", "adm1_pcode": "NP03", "adm1_name": "Bagmati", "adm2_pcode": "NP0328", "adm2_name": "Nuwakot", "adm3_pcode": "NP0328301", "adm3_name": "Bidur", "adm4_pcode": null, "adm4_name": null, "name_latin": "Shr Mahendra Ma Vi" }, "geometry": { "type": "Point", "coordinates": [ 85.1329416, 27.9054717 ] } },
{ "type": "Feature", "properties": { "id": "node/9802458042", "name": "Sunrise BANK Battar Branch", "name_en": null, "name_ne": null, "status": "Standing", "amenity": "bank", "man_made": null, "shop": null, "tourism": null, "opening_hours": null, "beds": null, "rooms": null, "addr_full": null, "addr_housenumber": null, "addr_street": null, "addr_city": null, "source": null, "adm0_pcode": "NPL", "adm0_name": "Nepal", "adm1_pcode": "NP03", "adm1_name": "Bagmati", "adm2_pcode": "NP0328", "adm2_name": "Nuwakot", "adm3_pcode": "NP0328301", "adm3_name": "Bidur", "adm4_pcode": null, "adm4_name": null, "name_latin": "Sunrise BANK Battar Branch" }, "geometry": { "type": "Point", "coordinates": [ 85.1419602, 27.9021861 ] } },
{ "type": "Feature", "properties": { "id": "node/9802458085", "name": "Sunrise ATM", "name_en": null, "name_ne": null, "status": "Standing", "amenity": "bank", "man_made": null, "shop": null, "tourism": null, "opening_hours": null, "beds": null, "rooms": null, "addr_full": null, "addr_housenumber": null, "addr_street": null, "addr_city": null, "source": null, "adm0_pcode": "NPL", "adm0_name": "Nepal", "adm1_pcode": "NP03", "adm1_name": "Bagmati", "adm2_pcode": "NP0328", "adm2_name": "Nuwakot", "adm3_pcode": "NP0328301", "adm3_name": "Bidur", "adm4_pcode": null, "adm4_name": null, "name_latin": "Sunrise ATM" }, "geometry": { "type": "Point", "coordinates": [ 85.1420434, 27.9020545 ] } },
{ "type": "Feature", "properties": { "id": "node/4967980711", "name": "Shree Barahi Pra.V", "name_en": null, "name_ne": null, "status": "Standing", "amenity": "school", "man_made": null, "shop": null, "tourism": null, "opening_hours": null, "beds": null, "rooms": null, "addr_full": null, "addr_housenumber": null, "addr_street": null, "addr_city": null, "source": null, "adm0_pcode": "NPL", "adm0_name": "Nepal", "adm1_pcode": "NP03", "adm1_name": "Bagmati", "adm2_pcode": "NP0328", "adm2_name": "Nuwakot", "adm3_pcode": "NP0328402", "adm3_name": "Kispang", "adm4_pcode": null, "adm4_name": null, "name_latin": "Shree Barahi Pra.V" }, "geometry": { "type": "Point", "coordinates": [ 85.1883746, 27.9880137 ] } },
{ "type": "Feature", "properties": { "id": "node/5045819002", "name": "Shree Karki Manakamana Nima Vi", "name_en": null, "name_ne": null, "status": "Standing", "amenity": "school", "man_made": null, "shop": null, "tourism": null, "opening_hours": null, "beds": null, "rooms": null, "addr_full": null, "addr_housenumber": null, "addr_street": null, "addr_city": null, "source": null, "adm0_pcode": "NPL", "adm0_name": "Nepal", "adm1_pcode": "NP03", "adm1_name": "Bagmati", "adm2_pcode": "NP0328", "adm2_name": "Nuwakot", "adm3_pcode": "NP0328402", "adm3_name": "Kispang", "adm4_pcode": null, "adm4_name": null, "name_latin": "Shree Karki Manakamana Nima Vi" }, "geometry": { "type": "Point", "coordinates": [ 85.1742004, 27.9882565 ] } },
{ "type": "Feature", "properties": { "id": "node/4706138525", "name": "Shree Neelkanta Higher Sec School", "name_en": null, "name_ne": null, "status": "Standing", "amenity": "school", "man_made": null, "shop": null, "tourism": null, "opening_hours": null, "beds": null, "rooms": null, "addr_full": null, "addr_housenumber": null, "addr_street": "Buku Puku", "addr_city": null, "source": null, "adm0_pcode": "NPL", "adm0_name": "Nepal", "adm1_pcode": "NP03", "adm1_name": "Bagmati", "adm2_pcode": "NP0328", "adm2_name": "Nuwakot", "adm3_pcode": "NP0328402", "adm3_name": "Kispang", "adm4_pcode": null, "adm4_name": null, "name_latin": "Shree Neelkanta Higher Sec School" }, "geometry": { "type": "Point", "coordinates": [ 85.1840744, 27.9785677 ] } },
{ "type": "Feature", "properties": { "id": "node/5063447261", "name": "Shree Sundara Devi English School", "name_en": null, "name_ne": null, "status": "Standing", "amenity": "school", "man_made": null, "shop": null, "tourism": null, "opening_hours": null, "beds": null, "rooms": null, "addr_full": null, "addr_housenumber": null, "addr_street": null, "addr_city": null, "source": null, "adm0_pcode": "NPL", "adm0_name": "Nepal", "adm1_pcode": "NP03", "adm1_name": "Bagmati", "adm2_pcode": "NP0328", "adm2_name": "Nuwakot", "adm3_pcode": "NP0328301", "adm3_name": "Bidur", "adm4_pcode": null, "adm4_name": null, "name_latin": "Shree Sundara Devi English School" }, "geometry": { "type": "Point", "coordinates": [ 85.1713294, 27.9718986 ] } },
{ "type": "Feature", "properties": { "id": "node/5063441826", "name": "Shree Sundaradevi Pra Vi", "name_en": null, "name_ne": null, "status": "Standing", "amenity": "school", "man_made": null, "shop": null, "tourism": null, "opening_hours": null, "beds": null, "rooms": null, "addr_full": null, "addr_housenumber": null, "addr_street": null, "addr_city": null, "source": null, "adm0_pcode": "NPL", "adm0_name": "Nepal", "adm1_pcode": "NP03", "adm1_name": "Bagmati", "adm2_pcode": "NP0328", "adm2_name": "Nuwakot", "adm3_pcode": "NP0328402", "adm3_name": "Kispang", "adm4_pcode": null, "adm4_name": null, "name_latin": "Shree Sundaradevi Pra Vi" }, "geometry": { "type": "Point", "coordinates": [ 85.1769728, 27.9762731 ] } },
{ "type": "Feature", "properties": { "id": "node/5046101814", "name": "Sundarikyurini Uchha Ma Vi", "name_en": null, "name_ne": null, "status": "Standing", "amenity": "school", "man_made": null, "shop": null, "tourism": null, "opening_hours": null, "beds": null, "rooms": null, "addr_full": null, "addr_housenumber": null, "addr_street": null, "addr_city": null, "source": null, "adm0_pcode": "NPL", "adm0_name": "Nepal", "adm1_pcode": "NP03", "adm1_name": "Bagmati", "adm2_pcode": "NP0328", "adm2_name": "Nuwakot", "adm3_pcode": "NP0328301", "adm3_name": "Bidur", "adm4_pcode": null, "adm4_name": null, "name_latin": "Sundarikyurini Uchha Ma Vi" }, "geometry": { "type": "Point", "coordinates": [ 85.1610007, 27.9366383 ] } },
{ "type": "Feature", "properties": { "id": "node/10880785005", "name": null, "name_en": "Aamdada Village", "name_ne": null, "status": "Standing", "amenity": null, "man_made": null, "shop": null, "tourism": "viewpoint", "opening_hours": null, "beds": null, "rooms": null, "addr_full": null, "addr_housenumber": null, "addr_street": null, "addr_city": null, "source": null, "adm0_pcode": "NPL", "adm0_name": "Nepal", "adm1_pcode": "NP04", "adm1_name": "Gandaki", "adm2_pcode": "NP0440", "adm2_name": "Tanahu", "adm3_pcode": "NP0440405", "adm3_name": "Aanbu Khaireni", "adm4_pcode": null, "adm4_name": null, "name_latin": "Aamdada Village" }, "geometry": { "type": "Point", "coordinates": [ 84.4632905, 27.8300949 ] } },
{ "type": "Feature", "properties": { "id": "node/9789677599", "name": "श्री जनता प्राथमिक विद्यालय", "name_en": null, "name_ne": null, "status": "Standing", "amenity": "school", "man_made": null, "shop": null, "tourism": null, "opening_hours": null, "beds": null, "rooms": null, "addr_full": null, "addr_housenumber": null, "addr_street": null, "addr_city": null, "source": null, "adm0_pcode": "NPL", "adm0_name": "Nepal", "adm1_pcode": "NP03", "adm1_name": "Bagmati", "adm2_pcode": "NP0335", "adm2_name": "Chitawan", "adm3_pcode": "NP0335101", "adm3_name": "Bharatpur", "adm4_pcode": null, "adm4_name": null, "name_latin": "shrii jntaa praathmik vidyaaly" }, "geometry": { "type": "Point", "coordinates": [ 84.4382861, 27.8178658 ] } },
{ "type": "Feature", "properties": { "id": "node/11977604118", "name": "Rastriya Aadharbhut Vidyalaya, Bhorle", "name_en": null, "name_ne": null, "status": "Standing", "amenity": "school", "man_made": null, "shop": null, "tourism": null, "opening_hours": null, "beds": null, "rooms": null, "addr_full": null, "addr_housenumber": null, "addr_street": null, "addr_city": null, "source": null, "adm0_pcode": "NPL", "adm0_name": "Nepal", "adm1_pcode": "NP04", "adm1_name": "Gandaki", "adm2_pcode": "NP0440", "adm2_name": "Tanahu", "adm3_pcode": "NP0440406", "adm3_name": "Devghat", "adm4_pcode": null, "adm4_name": null, "name_latin": "Rastriya Aadharbhut Vidyalaya, Bhorle" }, "geometry": { "type": "Point", "coordinates": [ 84.4363984, 27.8126157 ] } },
{ "type": "Feature", "properties": { "id": "node/4608990892", "name": null, "name_en": "Prashanna Frank River side spot", "name_ne": null, "status": "Standing", "amenity": null, "man_made": null, "shop": null, "tourism": "information", "opening_hours": null, "beds": null, "rooms": null, "addr_full": null, "addr_housenumber": null, "addr_street": "Narayanghat-Muglin Highway", "addr_city": null, "source": null, "adm0_pcode": "NPL", "adm0_name": "Nepal", "adm1_pcode": "NP04", "adm1_name": "Gandaki", "adm2_pcode": "NP0440", "adm2_name": "Tanahu", "adm3_pcode": "NP0440406", "adm3_name": "Devghat", "adm4_pcode": null, "adm4_name": null, "name_latin": "Prashanna Frank River side spot" }, "geometry": { "type": "Point", "coordinates": [ 84.4660186, 27.7658376 ] } },
{ "type": "Feature", "properties": { "id": "node/11990111105", "name": "Shree Kalika Primary School", "name_en": null, "name_ne": null, "status": "Standing", "amenity": "school", "man_made": null, "shop": null, "tourism": null, "opening_hours": null, "beds": null, "rooms": null, "addr_full": null, "addr_housenumber": null, "addr_street": null, "addr_city": null, "source": null, "adm0_pcode": "NPL", "adm0_name": "Nepal", "adm1_pcode": "NP04", "adm1_name": "Gandaki", "adm2_pcode": "NP0440", "adm2_name": "Tanahu", "adm3_pcode": "NP0440406", "adm3_name": "Devghat", "adm4_pcode": null, "adm4_name": null, "name_latin": "Shree Kalika Primary School" }, "geometry": { "type": "Point", "coordinates": [ 84.4498444, 27.7693662 ] } },
{ "type": "Feature", "properties": { "id": "node/4817904023", "name": null, "name_en": "Milija", "name_ne": null, "status": "Standing", "amenity": "restaurant", "man_made": null, "shop": null, "tourism": null, "opening_hours": null, "beds": null, "rooms": null, "addr_full": null, "addr_housenumber": null, "addr_street": null, "addr_city": null, "source": null, "adm0_pcode": "NPL", "adm0_name": "Nepal", "adm1_pcode": "NP03", "adm1_name": "Bagmati", "adm2_pcode": "NP0335", "adm2_name": "Chitawan", "adm3_pcode": "NP0335101", "adm3_name": "Bharatpur", "adm4_pcode": null, "adm4_name": null, "name_latin": "Milija" }, "geometry": { "type": "Point", "coordinates": [ 84.4560728, 27.777516 ] } },
{ "type": "Feature", "properties": { "id": "node/7684095687", "name": null, "name_en": "Dashdhunga", "name_ne": null, "status": "Standing", "amenity": "fountain", "man_made": null, "shop": null, "tourism": null, "opening_hours": null, "beds": null, "rooms": null, "addr_full": null, "addr_housenumber": null, "addr_street": null, "addr_city": null, "source": null, "adm0_pcode": "NPL", "adm0_name": "Nepal", "adm1_pcode": "NP03", "adm1_name": "Bagmati", "adm2_pcode": "NP0335", "adm2_name": "Chitawan", "adm3_pcode": "NP0335101", "adm3_name": "Bharatpur", "adm4_pcode": null, "adm4_name": null, "name_latin": "Dashdhunga" }, "geometry": { "type": "Point", "coordinates": [ 84.456094, 27.7776806 ] } },
{ "type": "Feature", "properties": { "id": "node/11021810386", "name": "Ashoka Resort", "name_en": null, "name_ne": null, "status": "Standing", "amenity": null, "man_made": null, "shop": null, "tourism": "hotel", "opening_hours": null, "beds": null, "rooms": null, "addr_full": null, "addr_housenumber": null, "addr_street": null, "addr_city": null, "source": null, "adm0_pcode": "NPL", "adm0_name": "Nepal", "adm1_pcode": "NP03", "adm1_name": "Bagmati", "adm2_pcode": "NP0335", "adm2_name": "Chitawan", "adm3_pcode": "NP0335101", "adm3_name": "Bharatpur", "adm4_pcode": null, "adm4_name": null, "name_latin": "Ashoka Resort" }, "geometry": { "type": "Point", "coordinates": [ 84.4536155, 27.7784437 ] } },
{ "type": "Feature", "properties": { "id": "node/1537553903", "name": null, "name_en": null, "name_ne": null, "status": "Standing", "amenity": "fuel", "man_made": null, "shop": null, "tourism": null, "opening_hours": null, "beds": null, "rooms": null, "addr_full": null, "addr_housenumber": null, "addr_street": null, "addr_city": null, "source": null, "adm0_pcode": "NPL", "adm0_name": "Nepal", "adm1_pcode": "NP03", "adm1_name": "Bagmati", "adm2_pcode": "NP0335", "adm2_name": "Chitawan", "adm3_pcode": "NP0335101", "adm3_name": "Bharatpur", "adm4_pcode": null, "adm4_name": null, "name_latin": null }, "geometry": { "type": "Point", "coordinates": [ 84.4539165, 27.7789439 ] } },
{ "type": "Feature", "properties": { "id": "node/11353425269", "name": null, "name_en": null, "name_ne": null, "status": "Standing", "amenity": null, "man_made": null, "shop": null, "tourism": "attraction", "opening_hours": null, "beds": null, "rooms": null, "addr_full": null, "addr_housenumber": null, "addr_street": null, "addr_city": null, "source": null, "adm0_pcode": "NPL", "adm0_name": "Nepal", "adm1_pcode": "NP03", "adm1_name": "Bagmati", "adm2_pcode": "NP0335", "adm2_name": "Chitawan", "adm3_pcode": "NP0335101", "adm3_name": "Bharatpur", "adm4_pcode": null, "adm4_name": null, "name_latin": null }, "geometry": { "type": "Point", "coordinates": [ 84.4600572, 27.780315 ] } },
{ "type": "Feature", "properties": { "id": "node/6634216086", "name": "Presidency Resort", "name_en": "Precidency Resort", "name_ne": null, "status": "Standing", "amenity": "restaurant", "man_made": null, "shop": null, "tourism": "hotel", "opening_hours": null, "beds": null, "rooms": null, "addr_full": null, "addr_housenumber": null, "addr_street": null, "addr_city": null, "source": null, "adm0_pcode": "NPL", "adm0_name": "Nepal", "adm1_pcode": "NP03", "adm1_name": "Bagmati", "adm2_pcode": "NP0335", "adm2_name": "Chitawan", "adm3_pcode": "NP0335101", "adm3_name": "Bharatpur", "adm4_pcode": null, "adm4_name": null, "name_latin": "Precidency Resort" }, "geometry": { "type": "Point", "coordinates": [ 84.4527317, 27.7791454 ] } },
{ "type": "Feature", "properties": { "id": "node/4634421893", "name": null, "name_en": "Devghat Dashdhunga Bridge", "name_ne": null, "status": "Standing", "amenity": "bus_station", "man_made": null, "shop": null, "tourism": null, "opening_hours": null, "beds": null, "rooms": null, "addr_full": null, "addr_housenumber": null, "addr_street": null, "addr_city": null, "source": null, "adm0_pcode": "NPL", "adm0_name": "Nepal", "adm1_pcode": "NP04", "adm1_name": "Gandaki", "adm2_pcode": "NP0440", "adm2_name": "Tanahu", "adm3_pcode": "NP0440406", "adm3_name": "Devghat", "adm4_pcode": null, "adm4_name": null, "name_latin": "Devghat Dashdhunga Bridge" }, "geometry": { "type": "Point", "coordinates": [ 84.4464606, 27.7782682 ] } },
{ "type": "Feature", "properties": { "id": "node/11990085908", "name": "Devghat BHCC", "name_en": null, "name_ne": null, "status": "Standing", "amenity": "clinic", "man_made": null, "shop": null, "tourism": null, "opening_hours": null, "beds": null, "rooms": null, "addr_full": null, "addr_housenumber": null, "addr_street": null, "addr_city": null, "source": null, "adm0_pcode": "NPL", "adm0_name": "Nepal", "adm1_pcode": "NP04", "adm1_name": "Gandaki", "adm2_pcode": "NP0440", "adm2_name": "Tanahu", "adm3_pcode": "NP0440406", "adm3_name": "Devghat", "adm4_pcode": null, "adm4_name": null, "name_latin": "Devghat BHCC" }, "geometry": { "type": "Point", "coordinates": [ 84.4416234, 27.7569009 ] } },
{ "type": "Feature", "properties": { "id": "node/4609005789", "name": null, "name_en": "Kalika Books", "name_ne": null, "status": "Standing", "amenity": null, "man_made": null, "shop": "books", "tourism": null, "opening_hours": null, "beds": null, "rooms": null, "addr_full": null, "addr_housenumber": null, "addr_street": null, "addr_city": null, "source": null, "adm0_pcode": "NPL", "adm0_name": "Nepal", "adm1_pcode": "NP04", "adm1_name": "Gandaki", "adm2_pcode": "NP0440", "adm2_name": "Tanahu", "adm3_pcode": "NP0440406", "adm3_name": "Devghat", "adm4_pcode": null, "adm4_name": null, "name_latin": "Kalika Books" }, "geometry": { "type": "Point", "coordinates": [ 84.4446074, 27.7609127 ] } },
{ "type": "Feature", "properties": { "id": "node/4608980590", "name": null, "name_en": "Kalika Higher Secondary school", "name_ne": null, "status": "Standing", "amenity": "school", "man_made": null, "shop": null, "tourism": null, "opening_hours": null, "beds": null, "rooms": null, "addr_full": null, "addr_housenumber": null, "addr_street": null, "addr_city": null, "source": null, "adm0_pcode": "NPL", "adm0_name": "Nepal", "adm1_pcode": "NP04", "adm1_name": "Gandaki", "adm2_pcode": "NP0440", "adm2_name": "Tanahu", "adm3_pcode": "NP0440406", "adm3_name": "Devghat", "adm4_pcode": null, "adm4_name": null, "name_latin": "Kalika Higher Secondary school" }, "geometry": { "type": "Point", "coordinates": [ 84.4450554, 27.7605249 ] } },
{ "type": "Feature", "properties": { "id": "node/11990093410", "name": "Kalika Higher Secondary School", "name_en": null, "name_ne": null, "status": "Standing", "amenity": "school", "man_made": null, "shop": null, "tourism": null, "opening_hours": null, "beds": null, "rooms": null, "addr_full": null, "addr_housenumber": null, "addr_street": null, "addr_city": null, "source": null, "adm0_pcode": "NPL", "adm0_name": "Nepal", "adm1_pcode": "NP04", "adm1_name": "Gandaki", "adm2_pcode": "NP0440", "adm2_name": "Tanahu", "adm3_pcode": "NP0440406", "adm3_name": "Devghat", "adm4_pcode": null, "adm4_name": null, "name_latin": "Kalika Higher Secondary School" }, "geometry": { "type": "Point", "coordinates": [ 84.444716, 27.7605846 ] } },
{ "type": "Feature", "properties": { "id": "node/4609004289", "name": null, "name_en": "Shree Kalika Higher Secondary school", "name_ne": null, "status": "Standing", "amenity": "school", "man_made": null, "shop": null, "tourism": null, "opening_hours": null, "beds": null, "rooms": null, "addr_full": null, "addr_housenumber": null, "addr_street": "Devghat", "addr_city": null, "source": null, "adm0_pcode": "NPL", "adm0_name": "Nepal", "adm1_pcode": "NP04", "adm1_name": "Gandaki", "adm2_pcode": "NP0440", "adm2_name": "Tanahu", "adm3_pcode": "NP0440406", "adm3_name": "Devghat", "adm4_pcode": null, "adm4_name": null, "name_latin": "Shree Kalika Higher Secondary school" }, "geometry": { "type": "Point", "coordinates": [ 84.4448036, 27.7604775 ] } },
{ "type": "Feature", "properties": { "id": "node/13766375601", "name": "नमस्ते देवघाट गार्डेन रिसोर्ट प्रा लि", "name_en": "Namaste Devghat Garden Resort", "name_ne": null, "status": "Standing", "amenity": "restaurant", "man_made": null, "shop": null, "tourism": null, "opening_hours": null, "beds": null, "rooms": null, "addr_full": null, "addr_housenumber": null, "addr_street": null, "addr_city": null, "source": null, "adm0_pcode": "NPL", "adm0_name": "Nepal", "adm1_pcode": "NP04", "adm1_name": "Gandaki", "adm2_pcode": "NP0440", "adm2_name": "Tanahu", "adm3_pcode": "NP0440406", "adm3_name": "Devghat", "adm4_pcode": null, "adm4_name": null, "name_latin": "Namaste Devghat Garden Resort" }, "geometry": { "type": "Point", "coordinates": [ 84.4267882, 27.7516034 ] } },
{ "type": "Feature", "properties": { "id": "node/4616002890", "name": null, "name_en": "Devpur , Devghat", "name_ne": null, "status": "Standing", "amenity": null, "man_made": null, "shop": null, "tourism": "hotel", "opening_hours": null, "beds": null, "rooms": null, "addr_full": null, "addr_housenumber": null, "addr_street": null, "addr_city": null, "source": null, "adm0_pcode": "NPL", "adm0_name": "Nepal", "adm1_pcode": "NP04", "adm1_name": "Gandaki", "adm2_pcode": "NP0440", "adm2_name": "Tanahu", "adm3_pcode": "NP0440406", "adm3_name": "Devghat", "adm4_pcode": null, "adm4_name": null, "name_latin": "Devpur , Devghat" }, "geometry": { "type": "Point", "coordinates": [ 84.4236085, 27.7503594 ] } },
{ "type": "Feature", "properties": { "id": "node/4646308693", "name": null, "name_en": "Hotel water tower", "name_ne": null, "status": "Standing", "amenity": null, "man_made": null, "shop": null, "tourism": "hotel", "opening_hours": null, "beds": null, "rooms": null, "addr_full": null, "addr_housenumber": null, "addr_street": null, "addr_city": null, "source": null, "adm0_pcode": "NPL", "adm0_name": "Nepal", "adm1_pcode": "NP03", "adm1_name": "Bagmati", "adm2_pcode": "NP0328", "adm2_name": "Nuwakot", "adm3_pcode": "NP0328301", "adm3_name": "Bidur", "adm4_pcode": null, "adm4_name": null, "name_latin": "Hotel water tower" }, "geometry": { "type": "Point", "coordinates": [ 85.139714, 27.8996052 ] } },
{ "type": "Feature", "properties": { "id": "node/4367704293", "name": "Nuwakot Adarsa Multiple Campus", "name_en": null, "name_ne": null, "status": "Standing", "amenity": "school", "man_made": null, "shop": null, "tourism": null, "opening_hours": null, "beds": null, "rooms": null, "addr_full": null, "addr_housenumber": null, "addr_street": null, "addr_city": null, "source": null, "adm0_pcode": "NPL", "adm0_name": "Nepal", "adm1_pcode": "NP03", "adm1_name": "Bagmati", "adm2_pcode": "NP0328", "adm2_name": "Nuwakot", "adm3_pcode": "NP0328301", "adm3_name": "Bidur", "adm4_pcode": null, "adm4_name": null, "name_latin": "Nuwakot Adarsa Multiple Campus" }, "geometry": { "type": "Point", "coordinates": [ 85.1458909, 27.8987595 ] } },
{ "type": "Feature", "properties": { "id": "node/4398652794", "name": null, "name_en": "Namaste Computer Centre", "name_ne": null, "status": "Standing", "amenity": null, "man_made": null, "shop": "photo", "tourism": null, "opening_hours": "24/7", "beds": null, "rooms": null, "addr_full": null, "addr_housenumber": null, "addr_street": "Pasang Lhamu Highway", "addr_city": null, "source": null, "adm0_pcode": "NPL", "adm0_name": "Nepal", "adm1_pcode": "NP03", "adm1_name": "Bagmati", "adm2_pcode": "NP0328", "adm2_name": "Nuwakot", "adm3_pcode": "NP0328301", "adm3_name": "Bidur", "adm4_pcode": null, "adm4_name": null, "name_latin": "Namaste Computer Centre" }, "geometry": { "type": "Point", "coordinates": [ 85.146217, 27.8987586 ] } },
{ "type": "Feature", "properties": { "id": "node/4838852021", "name": null, "name_en": "Adarsha computer", "name_ne": null, "status": "Standing", "amenity": null, "man_made": null, "shop": "computer", "tourism": null, "opening_hours": "24/7", "beds": null, "rooms": null, "addr_full": null, "addr_housenumber": null, "addr_street": "Pasang Lhamu Highway", "addr_city": null, "source": null, "adm0_pcode": "NPL", "adm0_name": "Nepal", "adm1_pcode": "NP03", "adm1_name": "Bagmati", "adm2_pcode": "NP0328", "adm2_name": "Nuwakot", "adm3_pcode": "NP0328301", "adm3_name": "Bidur", "adm4_pcode": null, "adm4_name": null, "name_latin": "Adarsha computer" }, "geometry": { "type": "Point", "coordinates": [ 85.1462288, 27.8984481 ] } },
{ "type": "Feature", "properties": { "id": "node/10777180905", "name": null, "name_en": null, "name_ne": null, "status": "Standing", "amenity": "atm", "man_made": null, "shop": null, "tourism": null, "opening_hours": null, "beds": null, "rooms": null, "addr_full": null, "addr_housenumber": null, "addr_street": null, "addr_city": null, "source": null, "adm0_pcode": "NPL", "adm0_name": "Nepal", "adm1_pcode": "NP03", "adm1_name": "Bagmati", "adm2_pcode": "NP0328", "adm2_name": "Nuwakot", "adm3_pcode": "NP0328301", "adm3_name": "Bidur", "adm4_pcode": null, "adm4_name": null, "name_latin": null }, "geometry": { "type": "Point", "coordinates": [ 85.1465241, 27.89852 ] } },
{ "type": "Feature", "properties": { "id": "node/10777180806", "name": "Siddhartha Bank", "name_en": null, "name_ne": null, "status": "Standing", "amenity": "bank", "man_made": null, "shop": null, "tourism": null, "opening_hours": null, "beds": null, "rooms": null, "addr_full": null, "addr_housenumber": null, "addr_street": null, "addr_city": null, "source": null, "adm0_pcode": "NPL", "adm0_name": "Nepal", "adm1_pcode": "NP03", "adm1_name": "Bagmati", "adm2_pcode": "NP0328", "adm2_name": "Nuwakot", "adm3_pcode": "NP0328301", "adm3_name": "Bidur", "adm4_pcode": null, "adm4_name": null, "name_latin": "Siddhartha Bank" }, "geometry": { "type": "Point", "coordinates": [ 85.1465375, 27.8985933 ] } },
{ "type": "Feature", "properties": { "id": "node/9802458045", "name": "Sworojgar BANK BIDUR", "name_en": null, "name_ne": null, "status": "Standing", "amenity": "bank", "man_made": null, "shop": null, "tourism": null, "opening_hours": null, "beds": null, "rooms": null, "addr_full": null, "addr_housenumber": null, "addr_street": null, "addr_city": null, "source": null, "adm0_pcode": "NPL", "adm0_name": "Nepal", "adm1_pcode": "NP03", "adm1_name": "Bagmati", "adm2_pcode": "NP0328", "adm2_name": "Nuwakot", "adm3_pcode": "NP0328301", "adm3_name": "Bidur", "adm4_pcode": null, "adm4_name": null, "name_latin": "Sworojgar BANK BIDUR" }, "geometry": { "type": "Point", "coordinates": [ 85.1480692, 27.8984827 ] } },
{ "type": "Feature", "properties": { "id": "node/10712349307", "name": "Sanjivani Hospital", "name_en": null, "name_ne": null, "status": "Standing", "amenity": "hospital", "man_made": null, "shop": null, "tourism": null, "opening_hours": null, "beds": null, "rooms": null, "addr_full": null, "addr_housenumber": null, "addr_street": null, "addr_city": null, "source": null, "adm0_pcode": "NPL", "adm0_name": "Nepal", "adm1_pcode": "NP03", "adm1_name": "Bagmati", "adm2_pcode": "NP0328", "adm2_name": "Nuwakot", "adm3_pcode": "NP0328301", "adm3_name": "Bidur", "adm4_pcode": null, "adm4_name": null, "name_latin": "Sanjivani Hospital" }, "geometry": { "type": "Point", "coordinates": [ 85.1460541, 27.8992606 ] } },
{ "type": "Feature", "properties": { "id": "node/10712366306", "name": "Johnson", "name_en": null, "name_ne": null, "status": "Standing", "amenity": null, "man_made": null, "shop": "hardware", "tourism": null, "opening_hours": null, "beds": null, "rooms": null, "addr_full": null, "addr_housenumber": null, "addr_street": null, "addr_city": null, "source": null, "adm0_pcode": "NPL", "adm0_name": "Nepal", "adm1_pcode": "NP03", "adm1_name": "Bagmati", "adm2_pcode": "NP0328", "adm2_name": "Nuwakot", "adm3_pcode": "NP0328301", "adm3_name": "Bidur", "adm4_pcode": null, "adm4_name": null, "name_latin": "Johnson" }, "geometry": { "type": "Point", "coordinates": [ 85.1459965, 27.8998182 ] } },
{ "type": "Feature", "properties": { "id": "node/10777180805", "name": "Shri Bashuki Travels & Driving Center", "name_en": null, "name_ne": null, "status": "Standing", "amenity": "driving_school", "man_made": null, "shop": null, "tourism": null, "opening_hours": null, "beds": null, "rooms": null, "addr_full": null, "addr_housenumber": null, "addr_street": null, "addr_city": null, "source": null, "adm0_pcode": "NPL", "adm0_name": "Nepal", "adm1_pcode": "NP03", "adm1_name": "Bagmati", "adm2_pcode": "NP0328", "adm2_name": "Nuwakot", "adm3_pcode": "NP0328301", "adm3_name": "Bidur", "adm4_pcode": null, "adm4_name": null, "name_latin": "Shri Bashuki Travels & Driving Center" }, "geometry": { "type": "Point", "coordinates": [ 85.1459612, 27.90033 ] } },
{ "type": "Feature", "properties": { "id": "node/10777141306", "name": "Swastika Hotel & Lodge", "name_en": null, "name_ne": null, "status": "Standing", "amenity": null, "man_made": null, "shop": null, "tourism": "hotel", "opening_hours": null, "beds": null, "rooms": null, "addr_full": null, "addr_housenumber": null, "addr_street": null, "addr_city": null, "source": null, "adm0_pcode": "NPL", "adm0_name": "Nepal", "adm1_pcode": "NP03", "adm1_name": "Bagmati", "adm2_pcode": "NP0328", "adm2_name": "Nuwakot", "adm3_pcode": "NP0328301", "adm3_name": "Bidur", "adm4_pcode": null, "adm4_name": null, "name_latin": "Swastika Hotel & Lodge" }, "geometry": { "type": "Point", "coordinates": [ 85.1462181, 27.9002563 ] } },
{ "type": "Feature", "properties": { "id": "node/9802458043", "name": "Garima BANK Battar Branch, Nuwakot", "name_en": null, "name_ne": null, "status": "Standing", "amenity": "bank", "man_made": null, "shop": null, "tourism": null, "opening_hours": null, "beds": null, "rooms": null, "addr_full": null, "addr_housenumber": null, "addr_street": null, "addr_city": null, "source": null, "adm0_pcode": "NPL", "adm0_name": "Nepal", "adm1_pcode": "NP03", "adm1_name": "Bagmati", "adm2_pcode": "NP0328", "adm2_name": "Nuwakot", "adm3_pcode": "NP0328301", "adm3_name": "Bidur", "adm4_pcode": null, "adm4_name": null, "name_latin": "Garima BANK Battar Branch, Nuwakot" }, "geometry": { "type": "Point", "coordinates": [ 85.1463298, 27.9000999 ] } },
{ "type": "Feature", "properties": { "id": "node/9802458086", "name": "Garima ATM", "name_en": null, "name_ne": null, "status": "Standing", "amenity": "bank", "man_made": null, "shop": null, "tourism": null, "opening_hours": null, "beds": null, "rooms": null, "addr_full": null, "addr_housenumber": null, "addr_street": null, "addr_city": null, "source": null, "adm0_pcode": "NPL", "adm0_name": "Nepal", "adm1_pcode": "NP03", "adm1_name": "Bagmati", "adm2_pcode": "NP0328", "adm2_name": "Nuwakot", "adm3_pcode": "NP0328301", "adm3_name": "Bidur", "adm4_pcode": null, "adm4_name": null, "name_latin": "Garima ATM" }, "geometry": { "type": "Point", "coordinates": [ 85.1462011, 27.9000584 ] } },
{ "type": "Feature", "properties": { "id": "node/10713463505", "name": "Everest Bank", "name_en": null, "name_ne": null, "status": "Standing", "amenity": "bank", "man_made": null, "shop": null, "tourism": null, "opening_hours": null, "beds": null, "rooms": null, "addr_full": null, "addr_housenumber": null, "addr_street": null, "addr_city": null, "source": null, "adm0_pcode": "NPL", "adm0_name": "Nepal", "adm1_pcode": "NP03", "adm1_name": "Bagmati", "adm2_pcode": "NP0328", "adm2_name": "Nuwakot", "adm3_pcode": "NP0328301", "adm3_name": "Bidur", "adm4_pcode": null, "adm4_name": null, "name_latin": "Everest Bank" }, "geometry": { "type": "Point", "coordinates": [ 85.1462843, 27.8999314 ] } },
{ "type": "Feature", "properties": { "id": "node/5063397417", "name": "Shri United Ni.Ma.Vi.", "name_en": null, "name_ne": null, "status": "Standing", "amenity": "school", "man_made": null, "shop": null, "tourism": null, "opening_hours": null, "beds": null, "rooms": null, "addr_full": null, "addr_housenumber": null, "addr_street": null, "addr_city": null, "source": null, "adm0_pcode": "NPL", "adm0_name": "Nepal", "adm1_pcode": "NP03", "adm1_name": "Bagmati", "adm2_pcode": "NP0328", "adm2_name": "Nuwakot", "adm3_pcode": "NP0328301", "adm3_name": "Bidur", "adm4_pcode": null, "adm4_name": null, "name_latin": "Shri United Ni.Ma.Vi." }, "geometry": { "type": "Point", "coordinates": [ 85.1438057, 27.8994811 ] } },
{ "type": "Feature", "properties": { "id": "node/11909249970", "name": null, "name_en": "Hotel Royal Inn", "name_ne": null, "status": "Standing", "amenity": null, "man_made": null, "shop": null, "tourism": "hotel", "opening_hours": null, "beds": null, "rooms": null, "addr_full": null, "addr_housenumber": null, "addr_street": null, "addr_city": null, "source": null, "adm0_pcode": "NPL", "adm0_name": "Nepal", "adm1_pcode": "NP03", "adm1_name": "Bagmati", "adm2_pcode": "NP0328", "adm2_name": "Nuwakot", "adm3_pcode": "NP0328301", "adm3_name": "Bidur", "adm4_pcode": null, "adm4_name": null, "name_latin": "Hotel Royal Inn" }, "geometry": { "type": "Point", "coordinates": [ 85.1411434, 27.8997153 ] } },
{ "type": "Feature", "properties": { "id": "node/9802458044", "name": "AChautari BANK Battar Branch", "name_en": null, "name_ne": null, "status": "Standing", "amenity": "bank", "man_made": null, "shop": null, "tourism": null, "opening_hours": null, "beds": null, "rooms": null, "addr_full": null, "addr_housenumber": null, "addr_street": null, "addr_city": null, "source": null, "adm0_pcode": "NPL", "adm0_name": "Nepal", "adm1_pcode": "NP03", "adm1_name": "Bagmati", "adm2_pcode": "NP0328", "adm2_name": "Nuwakot", "adm3_pcode": "NP0328301", "adm3_name": "Bidur", "adm4_pcode": null, "adm4_name": null, "name_latin": "AChautari BANK Battar Branch" }, "geometry": { "type": "Point", "coordinates": [ 85.1409891, 27.9000574 ] } },
{ "type": "Feature", "properties": { "id": "node/4367705591", "name": null, "name_en": "Panchakanaya Community Hospital", "name_ne": null, "status": "Standing", "amenity": "hospital", "man_made": null, "shop": null, "tourism": null, "opening_hours": null, "beds": null, "rooms": null, "addr_full": null, "addr_housenumber": null, "addr_street": null, "addr_city": null, "source": null, "adm0_pcode": "NPL", "adm0_name": "Nepal", "adm1_pcode": "NP03", "adm1_name": "Bagmati", "adm2_pcode": "NP0328", "adm2_name": "Nuwakot", "adm3_pcode": "NP0328301", "adm3_name": "Bidur", "adm4_pcode": null, "adm4_name": null, "name_latin": "Panchakanaya Community Hospital" }, "geometry": { "type": "Point", "coordinates": [ 85.1457841, 27.9015088 ] } },
{ "type": "Feature", "properties": { "id": "node/4367705095", "name": "sangam chowk", "name_en": "Bhairabi Oil Store Pvt Ltd", "name_ne": null, "status": "Standing", "amenity": "fuel", "man_made": null, "shop": null, "tourism": null, "opening_hours": null, "beds": null, "rooms": null, "addr_full": null, "addr_housenumber": null, "addr_street": null, "addr_city": null, "source": null, "adm0_pcode": "NPL", "adm0_name": "Nepal", "adm1_pcode": "NP03", "adm1_name": "Bagmati", "adm2_pcode": "NP0328", "adm2_name": "Nuwakot", "adm3_pcode": "NP0328301", "adm3_name": "Bidur", "adm4_pcode": null, "adm4_name": null, "name_latin": "Bhairabi Oil Store Pvt Ltd" }, "geometry": { "type": "Point", "coordinates": [ 85.1462097, 27.9012401 ] } },
{ "type": "Feature", "properties": { "id": "node/10831639205", "name": "सङ्गम डेरी", "name_en": null, "name_ne": null, "status": "Standing", "amenity": null, "man_made": null, "shop": "dairy", "tourism": null, "opening_hours": null, "beds": null, "rooms": null, "addr_full": null, "addr_housenumber": null, "addr_street": null, "addr_city": null, "source": null, "adm0_pcode": "NPL", "adm0_name": "Nepal", "adm1_pcode": "NP03", "adm1_name": "Bagmati", "adm2_pcode": "NP0328", "adm2_name": "Nuwakot", "adm3_pcode": "NP0328301", "adm3_name": "Bidur", "adm4_pcode": null, "adm4_name": null, "name_latin": "snggm dderii" }, "geometry": { "type": "Point", "coordinates": [ 85.1458133, 27.9007972 ] } },
{ "type": "Feature", "properties": { "id": "node/5635663146", "name": "त्रिवेणी पोल्ट्री सप्लायर्स", "name_en": "Triveni Poultry Suppliers", "name_ne": null, "status": "Standing", "amenity": null, "man_made": null, "shop": "agrarian", "tourism": null, "opening_hours": null, "beds": null, "rooms": null, "addr_full": null, "addr_housenumber": null, "addr_street": null, "addr_city": null, "source": null, "adm0_pcode": "NPL", "adm0_name": "Nepal", "adm1_pcode": "NP03", "adm1_name": "Bagmati", "adm2_pcode": "NP0328", "adm2_name": "Nuwakot", "adm3_pcode": "NP0328301", "adm3_name": "Bidur", "adm4_pcode": null, "adm4_name": null, "name_latin": "Triveni Poultry Suppliers" }, "geometry": { "type": "Point", "coordinates": [ 85.1458736, 27.9006217 ] } },
{ "type": "Feature", "properties": { "id": "node/10777141305", "name": "Nepal SBI Bank", "name_en": null, "name_ne": null, "status": "Standing", "amenity": "bank", "man_made": null, "shop": null, "tourism": null, "opening_hours": null, "beds": null, "rooms": null, "addr_full": null, "addr_housenumber": null, "addr_street": null, "addr_city": null, "source": null, "adm0_pcode": "NPL", "adm0_name": "Nepal", "adm1_pcode": "NP03", "adm1_name": "Bagmati", "adm2_pcode": "NP0328", "adm2_name": "Nuwakot", "adm3_pcode": "NP0328301", "adm3_name": "Bidur", "adm4_pcode": null, "adm4_name": null, "name_latin": "Nepal SBI Bank" }, "geometry": { "type": "Point", "coordinates": [ 85.1462167, 27.9005177 ] } },
{ "type": "Feature", "properties": { "id": "node/10713463705", "name": "Trimurti Furniture & Furnishing House", "name_en": null, "name_ne": null, "status": "Standing", "amenity": null, "man_made": null, "shop": "furniture", "tourism": null, "opening_hours": null, "beds": null, "rooms": null, "addr_full": null, "addr_housenumber": null, "addr_street": null, "addr_city": null, "source": null, "adm0_pcode": "NPL", "adm0_name": "Nepal", "adm1_pcode": "NP03", "adm1_name": "Bagmati", "adm2_pcode": "NP0328", "adm2_name": "Nuwakot", "adm3_pcode": "NP0328301", "adm3_name": "Bidur", "adm4_pcode": null, "adm4_name": null, "name_latin": "Trimurti Furniture & Furnishing House" }, "geometry": { "type": "Point", "coordinates": [ 85.1461968, 27.9005351 ] } },
{ "type": "Feature", "properties": { "id": "node/4292071692", "name": "jyoti mobile center", "name_en": null, "name_ne": null, "status": "Standing", "amenity": null, "man_made": null, "shop": "electronics", "tourism": null, "opening_hours": null, "beds": null, "rooms": null, "addr_full": null, "addr_housenumber": null, "addr_street": null, "addr_city": null, "source": null, "adm0_pcode": "NPL", "adm0_name": "Nepal", "adm1_pcode": "NP03", "adm1_name": "Bagmati", "adm2_pcode": "NP0328", "adm2_name": "Nuwakot", "adm3_pcode": "NP0328301", "adm3_name": "Bidur", "adm4_pcode": null, "adm4_name": null, "name_latin": "jyoti mobile center" }, "geometry": { "type": "Point", "coordinates": [ 85.1467856, 27.8963415 ] } },
{ "type": "Feature", "properties": { "id": "node/9802458062", "name": "LumbiniDB BANK Battar Branch", "name_en": null, "name_ne": null, "status": "Standing", "amenity": "bank", "man_made": null, "shop": null, "tourism": null, "opening_hours": null, "beds": null, "rooms": null, "addr_full": null, "addr_housenumber": null, "addr_street": null, "addr_city": null, "source": null, "adm0_pcode": "NPL", "adm0_name": "Nepal", "adm1_pcode": "NP03", "adm1_name": "Bagmati", "adm2_pcode": "NP0328", "adm2_name": "Nuwakot", "adm3_pcode": "NP0328301", "adm3_name": "Bidur", "adm4_pcode": null, "adm4_name": null, "name_latin": "LumbiniDB BANK Battar Branch" }, "geometry": { "type": "Point", "coordinates": [ 85.1467607, 27.8962772 ] } },
{ "type": "Feature", "properties": { "id": "node/11726879891", "name": "Bhimsen Mandir", "name_en": null, "name_ne": null, "status": "Standing", "amenity": "place_of_worship", "man_made": null, "shop": null, "tourism": null, "opening_hours": null, "beds": null, "rooms": null, "addr_full": null, "addr_housenumber": null, "addr_street": null, "addr_city": null, "source": null, "adm0_pcode": "NPL", "adm0_name": "Nepal", "adm1_pcode": "NP03", "adm1_name": "Bagmati", "adm2_pcode": "NP0328", "adm2_name": "Nuwakot", "adm3_pcode": "NP0328301", "adm3_name": "Bidur", "adm4_pcode": null, "adm4_name": null, "name_latin": "Bhimsen Mandir" }, "geometry": { "type": "Point", "coordinates": [ 85.1455489, 27.8964386 ] } },
{ "type": "Feature", "properties": { "id": "node/9802458059", "name": "Global IME Bank, Battar Branch", "name_en": null, "name_ne": null, "status": "Standing", "amenity": "bank", "man_made": null, "shop": null, "tourism": null, "opening_hours": null, "beds": null, "rooms": null, "addr_full": null, "addr_housenumber": null, "addr_street": null, "addr_city": null, "source": null, "adm0_pcode": "NPL", "adm0_name": "Nepal", "adm1_pcode": "NP03", "adm1_name": "Bagmati", "adm2_pcode": "NP0328", "adm2_name": "Nuwakot", "adm3_pcode": "NP0328301", "adm3_name": "Bidur", "adm4_pcode": null, "adm4_name": null, "name_latin": "Global IME Bank, Battar Branch" }, "geometry": { "type": "Point", "coordinates": [ 85.1463688, 27.8960631 ] } },
{ "type": "Feature", "properties": { "id": "node/9802458092", "name": "Global ATM", "name_en": null, "name_ne": null, "status": "Standing", "amenity": "bank", "man_made": null, "shop": null, "tourism": null, "opening_hours": null, "beds": null, "rooms": null, "addr_full": null, "addr_housenumber": null, "addr_street": null, "addr_city": null, "source": null, "adm0_pcode": "NPL", "adm0_name": "Nepal", "adm1_pcode": "NP03", "adm1_name": "Bagmati", "adm2_pcode": "NP0328", "adm2_name": "Nuwakot", "adm3_pcode": "NP0328301", "adm3_name": "Bidur", "adm4_pcode": null, "adm4_name": null, "name_latin": "Global ATM" }, "geometry": { "type": "Point", "coordinates": [ 85.1464433, 27.8960471 ] } },
{ "type": "Feature", "properties": { "id": "node/9802458061", "name": "SamataMF BANK Battar Branch", "name_en": null, "name_ne": null, "status": "Standing", "amenity": "bank", "man_made": null, "shop": null, "tourism": null, "opening_hours": null, "beds": null, "rooms": null, "addr_full": null, "addr_housenumber": null, "addr_street": null, "addr_city": null, "source": null, "adm0_pcode": "NPL", "adm0_name": "Nepal", "adm1_pcode": "NP03", "adm1_name": "Bagmati", "adm2_pcode": "NP0328", "adm2_name": "Nuwakot", "adm3_pcode": "NP0328301", "adm3_name": "Bidur", "adm4_pcode": null, "adm4_name": null, "name_latin": "SamataMF BANK Battar Branch" }, "geometry": { "type": "Point", "coordinates": [ 85.1413162, 27.8966526 ] } },
{ "type": "Feature", "properties": { "id": "node/9802458058", "name": "Shangrila BANK Battar Branch", "name_en": null, "name_ne": null, "status": "Standing", "amenity": "bank", "man_made": null, "shop": null, "tourism": null, "opening_hours": null, "beds": null, "rooms": null, "addr_full": null, "addr_housenumber": null, "addr_street": null, "addr_city": null, "source": null, "adm0_pcode": "NPL", "adm0_name": "Nepal", "adm1_pcode": "NP03", "adm1_name": "Bagmati", "adm2_pcode": "NP0328", "adm2_name": "Nuwakot", "adm3_pcode": "NP0328301", "adm3_name": "Bidur", "adm4_pcode": null, "adm4_name": null, "name_latin": "Shangrila BANK Battar Branch" }, "geometry": { "type": "Point", "coordinates": [ 85.1466574, 27.8967464 ] } },
{ "type": "Feature", "properties": { "id": "node/9802458093", "name": "NSBI ATM", "name_en": null, "name_ne": null, "status": "Standing", "amenity": "bank", "man_made": null, "shop": null, "tourism": null, "opening_hours": null, "beds": null, "rooms": null, "addr_full": null, "addr_housenumber": null, "addr_street": null, "addr_city": null, "source": null, "adm0_pcode": "NPL", "adm0_name": "Nepal", "adm1_pcode": "NP03", "adm1_name": "Bagmati", "adm2_pcode": "NP0328", "adm2_name": "Nuwakot", "adm3_pcode": "NP0328301", "adm3_name": "Bidur", "adm4_pcode": null, "adm4_name": null, "name_latin": "NSBI ATM" }, "geometry": { "type": "Point", "coordinates": [ 85.1465448, 27.8968022 ] } },
{ "type": "Feature", "properties": { "id": "node/9802458060", "name": "NSBI BANK Battar", "name_en": null, "name_ne": null, "status": "Standing", "amenity": "bank", "man_made": null, "shop": null, "tourism": null, "opening_hours": null, "beds": null, "rooms": null, "addr_full": null, "addr_housenumber": null, "addr_street": null, "addr_city": null, "source": null, "adm0_pcode": "NPL", "adm0_name": "Nepal", "adm1_pcode": "NP03", "adm1_name": "Bagmati", "adm2_pcode": "NP0328", "adm2_name": "Nuwakot", "adm3_pcode": "NP0328301", "adm3_name": "Bidur", "adm4_pcode": null, "adm4_name": null, "name_latin": "NSBI BANK Battar" }, "geometry": { "type": "Point", "coordinates": [ 85.1466239, 27.8968211 ] } },
{ "type": "Feature", "properties": { "id": "node/9802458091", "name": "EBL ATM", "name_en": null, "name_ne": null, "status": "Standing", "amenity": "bank", "man_made": null, "shop": null, "tourism": null, "opening_hours": null, "beds": null, "rooms": null, "addr_full": null, "addr_housenumber": null, "addr_street": null, "addr_city": null, "source": null, "adm0_pcode": "NPL", "adm0_name": "Nepal", "adm1_pcode": "NP03", "adm1_name": "Bagmati", "adm2_pcode": "NP0328", "adm2_name": "Nuwakot", "adm3_pcode": "NP0328301", "adm3_name": "Bidur", "adm4_pcode": null, "adm4_name": null, "name_latin": "EBL ATM" }, "geometry": { "type": "Point", "coordinates": [ 85.1466065, 27.896891 ] } },
{ "type": "Feature", "properties": { "id": "node/9802458057", "name": "EBL BANK BATTAR BRANCH", "name_en": null, "name_ne": null, "status": "Standing", "amenity": "bank", "man_made": null, "shop": null, "tourism": null, "opening_hours": null, "beds": null, "rooms": null, "addr_full": null, "addr_housenumber": null, "addr_street": null, "addr_city": null, "source": null, "adm0_pcode": "NPL", "adm0_name": "Nepal", "adm1_pcode": "NP03", "adm1_name": "Bagmati", "adm2_pcode": "NP0328", "adm2_name": "Nuwakot", "adm3_pcode": "NP0328301", "adm3_name": "Bidur", "adm4_pcode": null, "adm4_name": null, "name_latin": "EBL BANK BATTAR BRANCH" }, "geometry": { "type": "Point", "coordinates": [ 85.1466507, 27.8969349 ] } },
{ "type": "Feature", "properties": { "id": "node/9802458090", "name": "Prabhu ATM", "name_en": null, "name_ne": null, "status": "Standing", "amenity": "bank", "man_made": null, "shop": null, "tourism": null, "opening_hours": null, "beds": null, "rooms": null, "addr_full": null, "addr_housenumber": null, "addr_street": null, "addr_city": null, "source": null, "adm0_pcode": "NPL", "adm0_name": "Nepal", "adm1_pcode": "NP03", "adm1_name": "Bagmati", "adm2_pcode": "NP0328", "adm2_name": "Nuwakot", "adm3_pcode": "NP0328301", "adm3_name": "Bidur", "adm4_pcode": null, "adm4_name": null, "name_latin": "Prabhu ATM" }, "geometry": { "type": "Point", "coordinates": [ 85.1462377, 27.8971451 ] } },
{ "type": "Feature", "properties": { "id": "node/9802458056", "name": "Prabhu BANK Battar", "name_en": null, "name_ne": null, "status": "Standing", "amenity": "bank", "man_made": null, "shop": null, "tourism": null, "opening_hours": null, "beds": null, "rooms": null, "addr_full": null, "addr_housenumber": null, "addr_street": null, "addr_city": null, "source": null, "adm0_pcode": "NPL", "adm0_name": "Nepal", "adm1_pcode": "NP03", "adm1_name": "Bagmati", "adm2_pcode": "NP0328", "adm2_name": "Nuwakot", "adm3_pcode": "NP0328301", "adm3_name": "Bidur", "adm4_pcode": null, "adm4_name": null, "name_latin": "Prabhu BANK Battar" }, "geometry": { "type": "Point", "coordinates": [ 85.14594, 27.8971783 ] } },
{ "type": "Feature", "properties": { "id": "node/9802458089", "name": "NBBL ATM", "name_en": null, "name_ne": null, "status": "Standing", "amenity": "bank", "man_made": null, "shop": null, "tourism": null, "opening_hours": null, "beds": null, "rooms": null, "addr_full": null, "addr_housenumber": null, "addr_street": null, "addr_city": null, "source": null, "adm0_pcode": "NPL", "adm0_name": "Nepal", "adm1_pcode": "NP03", "adm1_name": "Bagmati", "adm2_pcode": "NP0328", "adm2_name": "Nuwakot", "adm3_pcode": "NP0328301", "adm3_name": "Bidur", "adm4_pcode": null, "adm4_name": null, "name_latin": "NBBL ATM" }, "geometry": { "type": "Point", "coordinates": [ 85.1470667, 27.8976485 ] } },
{ "type": "Feature", "properties": { "id": "node/9802458055", "name": "NBBL BANK Battar Branch", "name_en": null, "name_ne": null, "status": "Standing", "amenity": "bank", "man_made": null, "shop": null, "tourism": null, "opening_hours": null, "beds": null, "rooms": null, "addr_full": null, "addr_housenumber": null, "addr_street": null, "addr_city": null, "source": null, "adm0_pcode": "NPL", "adm0_name": "Nepal", "adm1_pcode": "NP03", "adm1_name": "Bagmati", "adm2_pcode": "NP0328", "adm2_name": "Nuwakot", "adm3_pcode": "NP0328301", "adm3_name": "Bidur", "adm4_pcode": null, "adm4_name": null, "name_latin": "NBBL BANK Battar Branch" }, "geometry": { "type": "Point", "coordinates": [ 85.1470117, 27.89769 ] } },
{ "type": "Feature", "properties": { "id": "node/9802458088", "name": "Prime ATM", "name_en": null, "name_ne": null, "status": "Standing", "amenity": "bank", "man_made": null, "shop": null, "tourism": null, "opening_hours": null, "beds": null, "rooms": null, "addr_full": null, "addr_housenumber": null, "addr_street": null, "addr_city": null, "source": null, "adm0_pcode": "NPL", "adm0_name": "Nepal", "adm1_pcode": "NP03", "adm1_name": "Bagmati", "adm2_pcode": "NP0328", "adm2_name": "Nuwakot", "adm3_pcode": "NP0328301", "adm3_name": "Bidur", "adm4_pcode": null, "adm4_name": null, "name_latin": "Prime ATM" }, "geometry": { "type": "Point", "coordinates": [ 85.1465679, 27.8977464 ] } },
{ "type": "Feature", "properties": { "id": "node/9802458054", "name": "Prime BANK BATTAR BRANCH", "name_en": null, "name_ne": null, "status": "Standing", "amenity": "bank", "man_made": null, "shop": null, "tourism": null, "opening_hours": null, "beds": null, "rooms": null, "addr_full": null, "addr_housenumber": null, "addr_street": null, "addr_city": null, "source": null, "adm0_pcode": "NPL", "adm0_name": "Nepal", "adm1_pcode": "NP03", "adm1_name": "Bagmati", "adm2_pcode": "NP0328", "adm2_name": "Nuwakot", "adm3_pcode": "NP0328301", "adm3_name": "Bidur", "adm4_pcode": null, "adm4_name": null, "name_latin": "Prime BANK BATTAR BRANCH" }, "geometry": { "type": "Point", "coordinates": [ 85.1465773, 27.8977831 ] } },
{ "type": "Feature", "properties": { "id": "node/9802458087", "name": "HBL ATM", "name_en": null, "name_ne": null, "status": "Standing", "amenity": "bank", "man_made": null, "shop": null, "tourism": null, "opening_hours": null, "beds": null, "rooms": null, "addr_full": null, "addr_housenumber": null, "addr_street": null, "addr_city": null, "source": null, "adm0_pcode": "NPL", "adm0_name": "Nepal", "adm1_pcode": "NP03", "adm1_name": "Bagmati", "adm2_pcode": "NP0328", "adm2_name": "Nuwakot", "adm3_pcode": "NP0328301", "adm3_name": "Bidur", "adm4_pcode": null, "adm4_name": null, "name_latin": "HBL ATM" }, "geometry": { "type": "Point", "coordinates": [ 85.1469022, 27.8981651 ] } },
{ "type": "Feature", "properties": { "id": "node/9802458052", "name": "LaxmiMF BANK Battar", "name_en": null, "name_ne": null, "status": "Standing", "amenity": "bank", "man_made": null, "shop": null, "tourism": null, "opening_hours": null, "beds": null, "rooms": null, "addr_full": null, "addr_housenumber": null, "addr_street": null, "addr_city": null, "source": null, "adm0_pcode": "NPL", "adm0_name": "Nepal", "adm1_pcode": "NP03", "adm1_name": "Bagmati", "adm2_pcode": "NP0328", "adm2_name": "Nuwakot", "adm3_pcode": "NP0328301", "adm3_name": "Bidur", "adm4_pcode": null, "adm4_name": null, "name_latin": "LaxmiMF BANK Battar" }, "geometry": { "type": "Point", "coordinates": [ 85.1469914, 27.8979942 ] } },
{ "type": "Feature", "properties": { "id": "node/4572365292", "name": null, "name_en": "RK Guest House", "name_ne": null, "status": "Standing", "amenity": "restaurant", "man_made": null, "shop": null, "tourism": null, "opening_hours": null, "beds": null, "rooms": null, "addr_full": null, "addr_housenumber": null, "addr_street": null, "addr_city": null, "source": null, "adm0_pcode": "NPL", "adm0_name": "Nepal", "adm1_pcode": "NP03", "adm1_name": "Bagmati", "adm2_pcode": "NP0328", "adm2_name": "Nuwakot", "adm3_pcode": "NP0328301", "adm3_name": "Bidur", "adm4_pcode": null, "adm4_name": null, "name_latin": "RK Guest House" }, "geometry": { "type": "Point", "coordinates": [ 85.1474058, 27.8983385 ] } },
{ "type": "Feature", "properties": { "id": "node/6233989385", "name": null, "name_en": "Hotel Diamond", "name_ne": null, "status": "Standing", "amenity": null, "man_made": null, "shop": null, "tourism": "guest_house", "opening_hours": "Mo-Su 07:00-19:00", "beds": null, "rooms": null, "addr_full": null, "addr_housenumber": null, "addr_street": "Battar Bazar, Bidur, Trishuli-44900", "addr_city": null, "source": null, "adm0_pcode": "NPL", "adm0_name": "Nepal", "adm1_pcode": "NP03", "adm1_name": "Bagmati", "adm2_pcode": "NP0328", "adm2_name": "Nuwakot", "adm3_pcode": "NP0328301", "adm3_name": "Bidur", "adm4_pcode": null, "adm4_name": null, "name_latin": "Hotel Diamond" }, "geometry": { "type": "Point", "coordinates": [ 85.147155, 27.8982509 ] } },
{ "type": "Feature", "properties": { "id": "node/9802458046", "name": "MeroMF BANK BATTAR BRANCH", "name_en": null, "name_ne": null, "status": "Standing", "amenity": "bank", "man_made": null, "shop": null, "tourism": null, "opening_hours": null, "beds": null, "rooms": null, "addr_full": null, "addr_housenumber": null, "addr_street": null, "addr_city": null, "source": null, "adm0_pcode": "NPL", "adm0_name": "Nepal", "adm1_pcode": "NP03", "adm1_name": "Bagmati", "adm2_pcode": "NP0328", "adm2_name": "Nuwakot", "adm3_pcode": "NP0328301", "adm3_name": "Bidur", "adm4_pcode": null, "adm4_name": null, "name_latin": "MeroMF BANK BATTAR BRANCH" }, "geometry": { "type": "Point", "coordinates": [ 85.1468208, 27.8982934 ] } },
{ "type": "Feature", "properties": { "id": "node/9802458048", "name": "MeroMF BANK CORPORATE OFFICE", "name_en": null, "name_ne": null, "status": "Standing", "amenity": "bank", "man_made": null, "shop": null, "tourism": null, "opening_hours": null, "beds": null, "rooms": null, "addr_full": null, "addr_housenumber": null, "addr_street": null, "addr_city": null, "source": null, "adm0_pcode": "NPL", "adm0_name": "Nepal", "adm1_pcode": "NP03", "adm1_name": "Bagmati", "adm2_pcode": "NP0328", "adm2_name": "Nuwakot", "adm3_pcode": "NP0328301", "adm3_name": "Bidur", "adm4_pcode": null, "adm4_name": null, "name_latin": "MeroMF BANK CORPORATE OFFICE" }, "geometry": { "type": "Point", "coordinates": [ 85.146822, 27.8982571 ] } },
{ "type": "Feature", "properties": { "id": "node/9802458049", "name": "HBL BANK Trishuli Branch", "name_en": null, "name_ne": null, "status": "Standing", "amenity": "bank", "man_made": null, "shop": null, "tourism": null, "opening_hours": null, "beds": null, "rooms": null, "addr_full": null, "addr_housenumber": null, "addr_street": null, "addr_city": null, "source": null, "adm0_pcode": "NPL", "adm0_name": "Nepal", "adm1_pcode": "NP03", "adm1_name": "Bagmati", "adm2_pcode": "NP0328", "adm2_name": "Nuwakot", "adm3_pcode": "NP0328301", "adm3_name": "Bidur", "adm4_pcode": null, "adm4_name": null, "name_latin": "HBL BANK Trishuli Branch" }, "geometry": { "type": "Point", "coordinates": [ 85.146913, 27.8982042 ] } },
{ "type": "Feature", "properties": { "id": "node/9802458047", "name": "Chhimek BANK Betrawati Branch Office", "name_en": null, "name_ne": null, "status": "Standing", "amenity": "bank", "man_made": null, "shop": null, "tourism": null, "opening_hours": null, "beds": null, "rooms": null, "addr_full": null, "addr_housenumber": null, "addr_street": null, "addr_city": null, "source": null, "adm0_pcode": "NPL", "adm0_name": "Nepal", "adm1_pcode": "NP03", "adm1_name": "Bagmati", "adm2_pcode": "NP0328", "adm2_name": "Nuwakot", "adm3_pcode": "NP0328301", "adm3_name": "Bidur", "adm4_pcode": null, "adm4_name": null, "name_latin": "Chhimek BANK Betrawati Branch Office" }, "geometry": { "type": "Point", "coordinates": [ 85.145974, 27.8982762 ] } },
{ "type": "Feature", "properties": { "id": "node/9802458050", "name": "Mukti BANK Battar Branch", "name_en": null, "name_ne": null, "status": "Standing", "amenity": "bank", "man_made": null, "shop": null, "tourism": null, "opening_hours": null, "beds": null, "rooms": null, "addr_full": null, "addr_housenumber": null, "addr_street": null, "addr_city": null, "source": null, "adm0_pcode": "NPL", "adm0_name": "Nepal", "adm1_pcode": "NP03", "adm1_name": "Bagmati", "adm2_pcode": "NP0328", "adm2_name": "Nuwakot", "adm3_pcode": "NP0328301", "adm3_name": "Bidur", "adm4_pcode": null, "adm4_name": null, "name_latin": "Mukti BANK Battar Branch" }, "geometry": { "type": "Point", "coordinates": [ 85.1463393, 27.8981443 ] } },
{ "type": "Feature", "properties": { "id": "node/9802458051", "name": "Kumari BANK Battar", "name_en": null, "name_ne": null, "status": "Standing", "amenity": "bank", "man_made": null, "shop": null, "tourism": null, "opening_hours": null, "beds": null, "rooms": null, "addr_full": null, "addr_housenumber": null, "addr_street": null, "addr_city": null, "source": null, "adm0_pcode": "NPL", "adm0_name": "Nepal", "adm1_pcode": "NP03", "adm1_name": "Bagmati", "adm2_pcode": "NP0328", "adm2_name": "Nuwakot", "adm3_pcode": "NP0328301", "adm3_name": "Bidur", "adm4_pcode": null, "adm4_name": null, "name_latin": "Kumari BANK Battar" }, "geometry": { "type": "Point", "coordinates": [ 85.1464001, 27.8980015 ] } },
{ "type": "Feature", "properties": { "id": "node/10777184905", "name": "Bajeko Sekuwa", "name_en": null, "name_ne": null, "status": "Standing", "amenity": "restaurant", "man_made": null, "shop": null, "tourism": null, "opening_hours": null, "beds": null, "rooms": null, "addr_full": null, "addr_housenumber": null, "addr_street": null, "addr_city": null, "source": null, "adm0_pcode": "NPL", "adm0_name": "Nepal", "adm1_pcode": "NP03", "adm1_name": "Bagmati", "adm2_pcode": "NP0328", "adm2_name": "Nuwakot", "adm3_pcode": "NP0328301", "adm3_name": "Bidur", "adm4_pcode": null, "adm4_name": null, "name_latin": "Bajeko Sekuwa" }, "geometry": { "type": "Point", "coordinates": [ 85.1430705, 27.8981154 ] } },
{ "type": "Feature", "properties": { "id": "node/10777185605", "name": "Clock Tower", "name_en": null, "name_ne": null, "status": "Standing", "amenity": null, "man_made": null, "shop": null, "tourism": "viewpoint", "opening_hours": null, "beds": null, "rooms": null, "addr_full": null, "addr_housenumber": null, "addr_street": null, "addr_city": null, "source": null, "adm0_pcode": "NPL", "adm0_name": "Nepal", "adm1_pcode": "NP03", "adm1_name": "Bagmati", "adm2_pcode": "NP0328", "adm2_name": "Nuwakot", "adm3_pcode": "NP0328301", "adm3_name": "Bidur", "adm4_pcode": null, "adm4_name": null, "name_latin": "Clock Tower" }, "geometry": { "type": "Point", "coordinates": [ 85.1416271, 27.8983665 ] } },
{ "type": "Feature", "properties": { "id": "node/7708927285", "name": null, "name_en": "Shreejanashil Chowk", "name_ne": null, "status": "Standing", "amenity": "community_centre", "man_made": null, "shop": null, "tourism": null, "opening_hours": null, "beds": null, "rooms": null, "addr_full": null, "addr_housenumber": null, "addr_street": "Batār Bāzār", "addr_city": null, "source": null, "adm0_pcode": "NPL", "adm0_name": "Nepal", "adm1_pcode": "NP03", "adm1_name": "Bagmati", "adm2_pcode": "NP0328", "adm2_name": "Nuwakot", "adm3_pcode": "NP0328301", "adm3_name": "Bidur", "adm4_pcode": null, "adm4_name": null, "name_latin": "Shreejanashil Chowk" }, "geometry": { "type": "Point", "coordinates": [ 85.1466159, 27.8929823 ] } },
{ "type": "Feature", "properties": { "id": "node/7682310686", "name": null, "name_en": "S & S Grocery store Nuwakot", "name_ne": null, "status": "Standing", "amenity": null, "man_made": null, "shop": "variety_store", "tourism": null, "opening_hours": null, "beds": null, "rooms": null, "addr_full": null, "addr_housenumber": "44900", "addr_street": "Sitalbasti Chowk Bidur4 Nuwakot Nepal", "addr_city": null, "source": null, "adm0_pcode": "NPL", "adm0_name": "Nepal", "adm1_pcode": "NP03", "adm1_name": "Bagmati", "adm2_pcode": "NP0328", "adm2_name": "Nuwakot", "adm3_pcode": "NP0328301", "adm3_name": "Bidur", "adm4_pcode": null, "adm4_name": null, "name_latin": "S & S Grocery store Nuwakot" }, "geometry": { "type": "Point", "coordinates": [ 85.1465474, 27.8929837 ] } },
{ "type": "Feature", "properties": { "id": "node/7682306585", "name": null, "name_en": null, "name_ne": null, "status": "Standing", "amenity": "telephone", "man_made": null, "shop": null, "tourism": null, "opening_hours": null, "beds": null, "rooms": null, "addr_full": null, "addr_housenumber": null, "addr_street": null, "addr_city": null, "source": null, "adm0_pcode": "NPL", "adm0_name": "Nepal", "adm1_pcode": "NP03", "adm1_name": "Bagmati", "adm2_pcode": "NP0328", "adm2_name": "Nuwakot", "adm3_pcode": "NP0328301", "adm3_name": "Bidur", "adm4_pcode": null, "adm4_name": null, "name_latin": null }, "geometry": { "type": "Point", "coordinates": [ 85.1465466, 27.8930125 ] } },
{ "type": "Feature", "properties": { "id": "node/5063398787", "name": "Shri Mahalaxmi Pra.Vi.", "name_en": null, "name_ne": null, "status": "Standing", "amenity": "school", "man_made": null, "shop": null, "tourism": null, "opening_hours": null, "beds": null, "rooms": null, "addr_full": null, "addr_housenumber": null, "addr_street": null, "addr_city": null, "source": null, "adm0_pcode": "NPL", "adm0_name": "Nepal", "adm1_pcode": "NP03", "adm1_name": "Bagmati", "adm2_pcode": "NP0328", "adm2_name": "Nuwakot", "adm3_pcode": "NP0328301", "adm3_name": "Bidur", "adm4_pcode": null, "adm4_name": null, "name_latin": "Shri Mahalaxmi Pra.Vi." }, "geometry": { "type": "Point", "coordinates": [ 85.1367303, 27.8863114 ] } },
{ "type": "Feature", "properties": { "id": "node/5055871471", "name": "Shree Mandredhunga Pra V", "name_en": null, "name_ne": null, "status": "Standing", "amenity": "school", "man_made": null, "shop": null, "tourism": null, "opening_hours": null, "beds": null, "rooms": null, "addr_full": null, "addr_housenumber": null, "addr_street": null, "addr_city": null, "source": null, "adm0_pcode": "NPL", "adm0_name": "Nepal", "adm1_pcode": "NP03", "adm1_name": "Bagmati", "adm2_pcode": "NP0328", "adm2_name": "Nuwakot", "adm3_pcode": "NP0328301", "adm3_name": "Bidur", "adm4_pcode": null, "adm4_name": null, "name_latin": "Shree Mandredhunga Pra V" }, "geometry": { "type": "Point", "coordinates": [ 85.1298955, 27.8864849 ] } },
{ "type": "Feature", "properties": { "id": "node/4557967189", "name": null, "name_en": "Battar New Vision Church", "name_ne": null, "status": "Standing", "amenity": null, "man_made": null, "shop": null, "tourism": "guest_house", "opening_hours": null, "beds": null, "rooms": null, "addr_full": null, "addr_housenumber": null, "addr_street": "Inarpati", "addr_city": null, "source": null, "adm0_pcode": "NPL", "adm0_name": "Nepal", "adm1_pcode": "NP03", "adm1_name": "Bagmati", "adm2_pcode": "NP0328", "adm2_name": "Nuwakot", "adm3_pcode": "NP0328301", "adm3_name": "Bidur", "adm4_pcode": null, "adm4_name": null, "name_latin": "Battar New Vision Church" }, "geometry": { "type": "Point", "coordinates": [ 85.1395415, 27.8826739 ] } },
{ "type": "Feature", "properties": { "id": "node/4557967089", "name": null, "name_en": "Prem Love", "name_ne": null, "status": "Standing", "amenity": null, "man_made": null, "shop": null, "tourism": "guest_house", "opening_hours": "24/7", "beds": null, "rooms": null, "addr_full": null, "addr_housenumber": "777", "addr_street": "Battar", "addr_city": null, "source": null, "adm0_pcode": "NPL", "adm0_name": "Nepal", "adm1_pcode": "NP03", "adm1_name": "Bagmati", "adm2_pcode": "NP0328", "adm2_name": "Nuwakot", "adm3_pcode": "NP0328301", "adm3_name": "Bidur", "adm4_pcode": null, "adm4_name": null, "name_latin": "Prem Love" }, "geometry": { "type": "Point", "coordinates": [ 85.1389901, 27.8819708 ] } },
{ "type": "Feature", "properties": { "id": "node/11184994721", "name": null, "name_en": null, "name_ne": null, "status": "Standing", "amenity": null, "man_made": null, "shop": "convenience", "tourism": null, "opening_hours": null, "beds": null, "rooms": null, "addr_full": null, "addr_housenumber": null, "addr_street": null, "addr_city": null, "source": null, "adm0_pcode": "NPL", "adm0_name": "Nepal", "adm1_pcode": "NP03", "adm1_name": "Bagmati", "adm2_pcode": "NP0328", "adm2_name": "Nuwakot", "adm3_pcode": "NP0328301", "adm3_name": "Bidur", "adm4_pcode": null, "adm4_name": null, "name_latin": null }, "geometry": { "type": "Point", "coordinates": [ 85.1515944, 27.9213999 ] } },
{ "type": "Feature", "properties": { "id": "node/11184994720", "name": "Jimbu", "name_en": null, "name_ne": null, "status": "Standing", "amenity": null, "man_made": null, "shop": "convenience", "tourism": null, "opening_hours": null, "beds": null, "rooms": null, "addr_full": null, "addr_housenumber": null, "addr_street": null, "addr_city": null, "source": null, "adm0_pcode": "NPL", "adm0_name": "Nepal", "adm1_pcode": "NP03", "adm1_name": "Bagmati", "adm2_pcode": "NP0328", "adm2_name": "Nuwakot", "adm3_pcode": "NP0328301", "adm3_name": "Bidur", "adm4_pcode": null, "adm4_name": null, "name_latin": "Jimbu" }, "geometry": { "type": "Point", "coordinates": [ 85.1517643, 27.9218394 ] } },
{ "type": "Feature", "properties": { "id": "node/9802458024", "name": "NMBMF BANK Gangate", "name_en": null, "name_ne": null, "status": "Standing", "amenity": "bank", "man_made": null, "shop": null, "tourism": null, "opening_hours": null, "beds": null, "rooms": null, "addr_full": null, "addr_housenumber": null, "addr_street": null, "addr_city": null, "source": null, "adm0_pcode": "NPL", "adm0_name": "Nepal", "adm1_pcode": "NP03", "adm1_name": "Bagmati", "adm2_pcode": "NP0328", "adm2_name": "Nuwakot", "adm3_pcode": "NP0328301", "adm3_name": "Bidur", "adm4_pcode": null, "adm4_name": null, "name_latin": "NMBMF BANK Gangate" }, "geometry": { "type": "Point", "coordinates": [ 85.1494425, 27.9191134 ] } },
{ "type": "Feature", "properties": { "id": "node/9802458023", "name": "Summit BANK Chhahre", "name_en": null, "name_ne": null, "status": "Standing", "amenity": "bank", "man_made": null, "shop": null, "tourism": null, "opening_hours": null, "beds": null, "rooms": null, "addr_full": null, "addr_housenumber": null, "addr_street": null, "addr_city": null, "source": null, "adm0_pcode": "NPL", "adm0_name": "Nepal", "adm1_pcode": "NP03", "adm1_name": "Bagmati", "adm2_pcode": "NP0328", "adm2_name": "Nuwakot", "adm3_pcode": "NP0328301", "adm3_name": "Bidur", "adm4_pcode": null, "adm4_name": null, "name_latin": "Summit BANK Chhahre" }, "geometry": { "type": "Point", "coordinates": [ 85.1517615, 27.9194155 ] } },
{ "type": "Feature", "properties": { "id": "node/9802458078", "name": "ICFC ATM", "name_en": null, "name_ne": null, "status": "Standing", "amenity": "bank", "man_made": null, "shop": null, "tourism": null, "opening_hours": null, "beds": null, "rooms": null, "addr_full": null, "addr_housenumber": null, "addr_street": null, "addr_city": null, "source": null, "adm0_pcode": "NPL", "adm0_name": "Nepal", "adm1_pcode": "NP03", "adm1_name": "Bagmati", "adm2_pcode": "NP0328", "adm2_name": "Nuwakot", "adm3_pcode": "NP0328301", "adm3_name": "Bidur", "adm4_pcode": null, "adm4_name": null, "name_latin": "ICFC ATM" }, "geometry": { "type": "Point", "coordinates": [ 85.1481491, 27.92193 ] } },
{ "type": "Feature", "properties": { "id": "node/9802458020", "name": "ICFC BANK Trishuli", "name_en": null, "name_ne": null, "status": "Standing", "amenity": "bank", "man_made": null, "shop": null, "tourism": null, "opening_hours": null, "beds": null, "rooms": null, "addr_full": null, "addr_housenumber": null, "addr_street": null, "addr_city": null, "source": null, "adm0_pcode": "NPL", "adm0_name": "Nepal", "adm1_pcode": "NP03", "adm1_name": "Bagmati", "adm2_pcode": "NP0328", "adm2_name": "Nuwakot", "adm3_pcode": "NP0328301", "adm3_name": "Bidur", "adm4_pcode": null, "adm4_name": null, "name_latin": "ICFC BANK Trishuli" }, "geometry": { "type": "Point", "coordinates": [ 85.148129, 27.9219715 ] } },
{ "type": "Feature", "properties": { "id": "node/9802458021", "name": "Jyoti BANK Trishuli", "name_en": null, "name_ne": null, "status": "Standing", "amenity": "bank", "man_made": null, "shop": null, "tourism": null, "opening_hours": null, "beds": null, "rooms": null, "addr_full": null, "addr_housenumber": null, "addr_street": null, "addr_city": null, "source": null, "adm0_pcode": "NPL", "adm0_name": "Nepal", "adm1_pcode": "NP03", "adm1_name": "Bagmati", "adm2_pcode": "NP0328", "adm2_name": "Nuwakot", "adm3_pcode": "NP0328301", "adm3_name": "Bidur", "adm4_pcode": null, "adm4_name": null, "name_latin": "Jyoti BANK Trishuli" }, "geometry": { "type": "Point", "coordinates": [ 85.1483107, 27.9219627 ] } },
{ "type": "Feature", "properties": { "id": "node/7940744086", "name": null, "name_en": "Ganesh pco", "name_ne": null, "status": "Standing", "amenity": null, "man_made": null, "shop": "mobile_phone", "tourism": null, "opening_hours": null, "beds": null, "rooms": null, "addr_full": null, "addr_housenumber": null, "addr_street": null, "addr_city": null, "source": null, "adm0_pcode": "NPL", "adm0_name": "Nepal", "adm1_pcode": "NP03", "adm1_name": "Bagmati", "adm2_pcode": "NP0328", "adm2_name": "Nuwakot", "adm3_pcode": "NP0328301", "adm3_name": "Bidur", "adm4_pcode": null, "adm4_name": null, "name_latin": "Ganesh pco" }, "geometry": { "type": "Point", "coordinates": [ 85.1485173, 27.9219897 ] } },
{ "type": "Feature", "properties": { "id": "node/4739146521", "name": null, "name_en": "Libesh Gahana Pasal", "name_ne": null, "status": "Standing", "amenity": null, "man_made": null, "shop": "jewelry", "tourism": null, "opening_hours": "Su-Fr 08:00-19:00", "beds": null, "rooms": null, "addr_full": null, "addr_housenumber": null, "addr_street": "trishuli purano bazar", "addr_city": null, "source": null, "adm0_pcode": "NPL", "adm0_name": "Nepal", "adm1_pcode": "NP03", "adm1_name": "Bagmati", "adm2_pcode": "NP0328", "adm2_name": "Nuwakot", "adm3_pcode": "NP0328301", "adm3_name": "Bidur", "adm4_pcode": null, "adm4_name": null, "name_latin": "Libesh Gahana Pasal" }, "geometry": { "type": "Point", "coordinates": [ 85.1486243, 27.9225583 ] } },
{ "type": "Feature", "properties": { "id": "node/4698727780", "name": "Jimbu Restaurant & Bar", "name_en": null, "name_ne": null, "status": "Standing", "amenity": "restaurant", "man_made": null, "shop": null, "tourism": null, "opening_hours": null, "beds": null, "rooms": null, "addr_full": null, "addr_housenumber": null, "addr_street": null, "addr_city": null, "source": null, "adm0_pcode": "NPL", "adm0_name": "Nepal", "adm1_pcode": "NP03", "adm1_name": "Bagmati", "adm2_pcode": "NP0328", "adm2_name": "Nuwakot", "adm3_pcode": "NP0328301", "adm3_name": "Bidur", "adm4_pcode": null, "adm4_name": null, "name_latin": "Jimbu Restaurant & Bar" }, "geometry": { "type": "Point", "coordinates": [ 85.1518882, 27.9219648 ] } },
{ "type": "Feature", "properties": { "id": "node/9186641151", "name": "Kirana Pasal", "name_en": null, "name_ne": null, "status": "Standing", "amenity": null, "man_made": null, "shop": "general", "tourism": null, "opening_hours": "Mo-Su 09:00-18:00", "beds": null, "rooms": null, "addr_full": null, "addr_housenumber": null, "addr_street": null, "addr_city": null, "source": null, "adm0_pcode": "NPL", "adm0_name": "Nepal", "adm1_pcode": "NP03", "adm1_name": "Bagmati", "adm2_pcode": "NP0328", "adm2_name": "Nuwakot", "adm3_pcode": "NP0328301", "adm3_name": "Bidur", "adm4_pcode": null, "adm4_name": null, "name_latin": "Kirana Pasal" }, "geometry": { "type": "Point", "coordinates": [ 85.148708, 27.9237839 ] } },
{ "type": "Feature", "properties": { "id": "node/7940743886", "name": null, "name_en": "Sunchapa chautara", "name_ne": null, "status": "Standing", "amenity": null, "man_made": null, "shop": null, "tourism": "viewpoint", "opening_hours": null, "beds": null, "rooms": null, "addr_full": null, "addr_housenumber": null, "addr_street": null, "addr_city": null, "source": null, "adm0_pcode": "NPL", "adm0_name": "Nepal", "adm1_pcode": "NP03", "adm1_name": "Bagmati", "adm2_pcode": "NP0328", "adm2_name": "Nuwakot", "adm3_pcode": "NP0328301", "adm3_name": "Bidur", "adm4_pcode": null, "adm4_name": null, "name_latin": "Sunchapa chautara" }, "geometry": { "type": "Point", "coordinates": [ 85.1480983, 27.9276782 ] } },
{ "type": "Feature", "properties": { "id": "node/9802458033", "name": "NIC BANK Battar", "name_en": null, "name_ne": null, "status": "Standing", "amenity": "bank", "man_made": null, "shop": null, "tourism": null, "opening_hours": null, "beds": null, "rooms": null, "addr_full": null, "addr_housenumber": null, "addr_street": null, "addr_city": null, "source": null, "adm0_pcode": "NPL", "adm0_name": "Nepal", "adm1_pcode": "NP03", "adm1_name": "Bagmati", "adm2_pcode": "NP0328", "adm2_name": "Nuwakot", "adm3_pcode": "NP0328301", "adm3_name": "Bidur", "adm4_pcode": null, "adm4_name": null, "name_latin": "NIC BANK Battar" }, "geometry": { "type": "Point", "coordinates": [ 85.1415938, 27.9109239 ] } },
{ "type": "Feature", "properties": { "id": "node/9802458082", "name": "NIC ATM", "name_en": null, "name_ne": null, "status": "Standing", "amenity": "bank", "man_made": null, "shop": null, "tourism": null, "opening_hours": null, "beds": null, "rooms": null, "addr_full": null, "addr_housenumber": null, "addr_street": null, "addr_city": null, "source": null, "adm0_pcode": "NPL", "adm0_name": "Nepal", "adm1_pcode": "NP03", "adm1_name": "Bagmati", "adm2_pcode": "NP0328", "adm2_name": "Nuwakot", "adm3_pcode": "NP0328301", "adm3_name": "Bidur", "adm4_pcode": null, "adm4_name": null, "name_latin": "NIC ATM" }, "geometry": { "type": "Point", "coordinates": [ 85.1416219, 27.9108421 ] } },
{ "type": "Feature", "properties": { "id": "node/9802458034", "name": "RBB BANK Bidur", "name_en": null, "name_ne": null, "status": "Standing", "amenity": "bank", "man_made": null, "shop": null, "tourism": null, "opening_hours": null, "beds": null, "rooms": null, "addr_full": null, "addr_housenumber": null, "addr_street": null, "addr_city": null, "source": null, "adm0_pcode": "NPL", "adm0_name": "Nepal", "adm1_pcode": "NP03", "adm1_name": "Bagmati", "adm2_pcode": "NP0328", "adm2_name": "Nuwakot", "adm3_pcode": "NP0328301", "adm3_name": "Bidur", "adm4_pcode": null, "adm4_name": null, "name_latin": "RBB BANK Bidur" }, "geometry": { "type": "Point", "coordinates": [ 85.1440944, 27.911039 ] } },
{ "type": "Feature", "properties": { "id": "node/9802458083", "name": "RBB ATM", "name_en": null, "name_ne": null, "status": "Standing", "amenity": "bank", "man_made": null, "shop": null, "tourism": null, "opening_hours": null, "beds": null, "rooms": null, "addr_full": null, "addr_housenumber": null, "addr_street": null, "addr_city": null, "source": null, "adm0_pcode": "NPL", "adm0_name": "Nepal", "adm1_pcode": "NP03", "adm1_name": "Bagmati", "adm2_pcode": "NP0328", "adm2_name": "Nuwakot", "adm3_pcode": "NP0328301", "adm3_name": "Bidur", "adm4_pcode": null, "adm4_name": null, "name_latin": "RBB ATM" }, "geometry": { "type": "Point", "coordinates": [ 85.1441628, 27.9110675 ] } },
{ "type": "Feature", "properties": { "id": "node/9802458032", "name": "DIPROSC BANK Bidur - Nuwokot", "name_en": null, "name_ne": null, "status": "Standing", "amenity": "bank", "man_made": null, "shop": null, "tourism": null, "opening_hours": null, "beds": null, "rooms": null, "addr_full": null, "addr_housenumber": null, "addr_street": null, "addr_city": null, "source": null, "adm0_pcode": "NPL", "adm0_name": "Nepal", "adm1_pcode": "NP03", "adm1_name": "Bagmati", "adm2_pcode": "NP0328", "adm2_name": "Nuwakot", "adm3_pcode": "NP0328301", "adm3_name": "Bidur", "adm4_pcode": null, "adm4_name": null, "name_latin": "DIPROSC BANK Bidur - Nuwokot" }, "geometry": { "type": "Point", "coordinates": [ 85.1446578, 27.9115913 ] } },
{ "type": "Feature", "properties": { "id": "node/9802458072", "name": "NIC BLB Trishuli", "name_en": null, "name_ne": null, "status": "Standing", "amenity": "bank", "man_made": null, "shop": null, "tourism": null, "opening_hours": null, "beds": null, "rooms": null, "addr_full": null, "addr_housenumber": null, "addr_street": null, "addr_city": null, "source": null, "adm0_pcode": "NPL", "adm0_name": "Nepal", "adm1_pcode": "NP03", "adm1_name": "Bagmati", "adm2_pcode": "NP0328", "adm2_name": "Nuwakot", "adm3_pcode": "NP0328301", "adm3_name": "Bidur", "adm4_pcode": null, "adm4_name": null, "name_latin": "NIC BLB Trishuli" }, "geometry": { "type": "Point", "coordinates": [ 85.1426938, 27.91164 ] } },
{ "type": "Feature", "properties": { "id": "node/8288104874", "name": "Reshon Hotel", "name_en": null, "name_ne": null, "status": "Standing", "amenity": null, "man_made": null, "shop": null, "tourism": "hotel", "opening_hours": null, "beds": null, "rooms": null, "addr_full": null, "addr_housenumber": null, "addr_street": "Bidur", "addr_city": "Nuwakot", "source": null, "adm0_pcode": "NPL", "adm0_name": "Nepal", "adm1_pcode": "NP03", "adm1_name": "Bagmati", "adm2_pcode": "NP0328", "adm2_name": "Nuwakot", "adm3_pcode": "NP0328301", "adm3_name": "Bidur", "adm4_pcode": null, "adm4_name": null, "name_latin": "Reshon Hotel" }, "geometry": { "type": "Point", "coordinates": [ 85.143469, 27.911669 ] } },
{ "type": "Feature", "properties": { "id": "node/4367679494", "name": null, "name_en": "Panchakanaya finance", "name_ne": null, "status": "Standing", "amenity": "bank", "man_made": null, "shop": null, "tourism": null, "opening_hours": null, "beds": null, "rooms": null, "addr_full": null, "addr_housenumber": null, "addr_street": null, "addr_city": null, "source": null, "adm0_pcode": "NPL", "adm0_name": "Nepal", "adm1_pcode": "NP03", "adm1_name": "Bagmati", "adm2_pcode": "NP0328", "adm2_name": "Nuwakot", "adm3_pcode": "NP0328301", "adm3_name": "Bidur", "adm4_pcode": null, "adm4_name": null, "name_latin": "Panchakanaya finance" }, "geometry": { "type": "Point", "coordinates": [ 85.1440089, 27.9115806 ] } },
{ "type": "Feature", "properties": { "id": "node/10775584106", "name": "The Burger House & Crunchy Fried Chicken", "name_en": null, "name_ne": null, "status": "Standing", "amenity": "restaurant", "man_made": null, "shop": null, "tourism": null, "opening_hours": null, "beds": null, "rooms": null, "addr_full": null, "addr_housenumber": null, "addr_street": null, "addr_city": null, "source": null, "adm0_pcode": "NPL", "adm0_name": "Nepal", "adm1_pcode": "NP03", "adm1_name": "Bagmati", "adm2_pcode": "NP0328", "adm2_name": "Nuwakot", "adm3_pcode": "NP0328301", "adm3_name": "Bidur", "adm4_pcode": null, "adm4_name": null, "name_latin": "The Burger House & Crunchy Fried Chicken" }, "geometry": { "type": "Point", "coordinates": [ 85.1443248, 27.9112416 ] } },
{ "type": "Feature", "properties": { "id": "node/4367704790", "name": null, "name_en": "Bidur municipality", "name_ne": null, "status": "Standing", "amenity": "fire_station", "man_made": null, "shop": null, "tourism": null, "opening_hours": null, "beds": null, "rooms": null, "addr_full": null, "addr_housenumber": null, "addr_street": null, "addr_city": null, "source": null, "adm0_pcode": "NPL", "adm0_name": "Nepal", "adm1_pcode": "NP03", "adm1_name": "Bagmati", "adm2_pcode": "NP0328", "adm2_name": "Nuwakot", "adm3_pcode": "NP0328301", "adm3_name": "Bidur", "adm4_pcode": null, "adm4_name": null, "name_latin": "Bidur municipality" }, "geometry": { "type": "Point", "coordinates": [ 85.1412721, 27.9114128 ] } },
{ "type": "Feature", "properties": { "id": "node/9802458031", "name": "ADBNL BANK Branch Office, Trishuli", "name_en": null, "name_ne": null, "status": "Standing", "amenity": "bank", "man_made": null, "shop": null, "tourism": null, "opening_hours": null, "beds": null, "rooms": null, "addr_full": null, "addr_housenumber": null, "addr_street": null, "addr_city": null, "source": null, "adm0_pcode": "NPL", "adm0_name": "Nepal", "adm1_pcode": "NP03", "adm1_name": "Bagmati", "adm2_pcode": "NP0328", "adm2_name": "Nuwakot", "adm3_pcode": "NP0328301", "adm3_name": "Bidur", "adm4_pcode": null, "adm4_name": null, "name_latin": "ADBNL BANK Branch Office, Trishuli" }, "geometry": { "type": "Point", "coordinates": [ 85.1432347, 27.9123329 ] } },
{ "type": "Feature", "properties": { "id": "node/9802458081", "name": "ADBNL ATM", "name_en": null, "name_ne": null, "status": "Standing", "amenity": "bank", "man_made": null, "shop": null, "tourism": null, "opening_hours": null, "beds": null, "rooms": null, "addr_full": null, "addr_housenumber": null, "addr_street": null, "addr_city": null, "source": null, "adm0_pcode": "NPL", "adm0_name": "Nepal", "adm1_pcode": "NP03", "adm1_name": "Bagmati", "adm2_pcode": "NP0328", "adm2_name": "Nuwakot", "adm3_pcode": "NP0328301", "adm3_name": "Bidur", "adm4_pcode": null, "adm4_name": null, "name_latin": "ADBNL ATM" }, "geometry": { "type": "Point", "coordinates": [ 85.1432803, 27.9123057 ] } },
{ "type": "Feature", "properties": { "id": "node/9802458030", "name": "GIMEMF BANK Trisuli Branch", "name_en": null, "name_ne": null, "status": "Standing", "amenity": "bank", "man_made": null, "shop": null, "tourism": null, "opening_hours": null, "beds": null, "rooms": null, "addr_full": null, "addr_housenumber": null, "addr_street": null, "addr_city": null, "source": null, "adm0_pcode": "NPL", "adm0_name": "Nepal", "adm1_pcode": "NP03", "adm1_name": "Bagmati", "adm2_pcode": "NP0328", "adm2_name": "Nuwakot", "adm3_pcode": "NP0328301", "adm3_name": "Bidur", "adm4_pcode": null, "adm4_name": null, "name_latin": "GIMEMF BANK Trisuli Branch" }, "geometry": { "type": "Point", "coordinates": [ 85.14267, 27.913081 ] } },
{ "type": "Feature", "properties": { "id": "node/5010981070", "name": "Shr Prithibi Ma Vi", "name_en": null, "name_ne": null, "status": "Standing", "amenity": "school", "man_made": null, "shop": null, "tourism": null, "opening_hours": null, "beds": null, "rooms": null, "addr_full": null, "addr_housenumber": null, "addr_street": null, "addr_city": null, "source": null, "adm0_pcode": "NPL", "adm0_name": "Nepal", "adm1_pcode": "NP03", "adm1_name": "Bagmati", "adm2_pcode": "NP0328", "adm2_name": "Nuwakot", "adm3_pcode": "NP0328301", "adm3_name": "Bidur", "adm4_pcode": null, "adm4_name": null, "name_latin": "Shr Prithibi Ma Vi" }, "geometry": { "type": "Point", "coordinates": [ 85.141572, 27.9139771 ] } },
{ "type": "Feature", "properties": { "id": "node/9802458035", "name": "Rastra BANK Bidur Branch (BDR)", "name_en": null, "name_ne": null, "status": "Standing", "amenity": "bank", "man_made": null, "shop": null, "tourism": null, "opening_hours": null, "beds": null, "rooms": null, "addr_full": null, "addr_housenumber": null, "addr_street": null, "addr_city": null, "source": null, "adm0_pcode": "NPL", "adm0_name": "Nepal", "adm1_pcode": "NP03", "adm1_name": "Bagmati", "adm2_pcode": "NP0328", "adm2_name": "Nuwakot", "adm3_pcode": "NP0328301", "adm3_name": "Bidur", "adm4_pcode": null, "adm4_name": null, "name_latin": "Rastra BANK Bidur Branch (BDR)" }, "geometry": { "type": "Point", "coordinates": [ 85.1448396, 27.9092129 ] } },
{ "type": "Feature", "properties": { "id": "node/4678675491", "name": null, "name_en": "Trishuli hydropower", "name_ne": null, "status": "Standing", "amenity": null, "man_made": null, "shop": "electronics", "tourism": null, "opening_hours": null, "beds": null, "rooms": null, "addr_full": null, "addr_housenumber": null, "addr_street": null, "addr_city": null, "source": null, "adm0_pcode": "NPL", "adm0_name": "Nepal", "adm1_pcode": "NP03", "adm1_name": "Bagmati", "adm2_pcode": "NP0328", "adm2_name": "Nuwakot", "adm3_pcode": "NP0328301", "adm3_name": "Bidur", "adm4_pcode": null, "adm4_name": null, "name_latin": "Trishuli hydropower" }, "geometry": { "type": "Point", "coordinates": [ 85.1462709, 27.9215028 ] } },
{ "type": "Feature", "properties": { "id": "node/4367705094", "name": null, "name_en": null, "name_ne": null, "status": "Standing", "amenity": "fuel", "man_made": null, "shop": null, "tourism": null, "opening_hours": null, "beds": null, "rooms": null, "addr_full": null, "addr_housenumber": null, "addr_street": null, "addr_city": null, "source": null, "adm0_pcode": "NPL", "adm0_name": "Nepal", "adm1_pcode": "NP03", "adm1_name": "Bagmati", "adm2_pcode": "NP0328", "adm2_name": "Nuwakot", "adm3_pcode": "NP0328301", "adm3_name": "Bidur", "adm4_pcode": null, "adm4_name": null, "name_latin": null }, "geometry": { "type": "Point", "coordinates": [ 85.1463538, 27.9199003 ] } },
{ "type": "Feature", "properties": { "id": "node/4732095722", "name": null, "name_en": "Hotel Yangra", "name_ne": null, "status": "Standing", "amenity": null, "man_made": null, "shop": null, "tourism": "hotel", "opening_hours": null, "beds": null, "rooms": null, "addr_full": null, "addr_housenumber": null, "addr_street": "Pasang Lhamu Highway", "addr_city": null, "source": null, "adm0_pcode": "NPL", "adm0_name": "Nepal", "adm1_pcode": "NP03", "adm1_name": "Bagmati", "adm2_pcode": "NP0328", "adm2_name": "Nuwakot", "adm3_pcode": "NP0328301", "adm3_name": "Bidur", "adm4_pcode": null, "adm4_name": null, "name_latin": "Hotel Yangra" }, "geometry": { "type": "Point", "coordinates": [ 85.1460107, 27.9198761 ] } },
{ "type": "Feature", "properties": { "id": "node/9802458027", "name": "Sanima BANK Bidur Branch", "name_en": null, "name_ne": null, "status": "Standing", "amenity": "bank", "man_made": null, "shop": null, "tourism": null, "opening_hours": null, "beds": null, "rooms": null, "addr_full": null, "addr_housenumber": null, "addr_street": null, "addr_city": null, "source": null, "adm0_pcode": "NPL", "adm0_name": "Nepal", "adm1_pcode": "NP03", "adm1_name": "Bagmati", "adm2_pcode": "NP0328", "adm2_name": "Nuwakot", "adm3_pcode": "NP0328301", "adm3_name": "Bidur", "adm4_pcode": null, "adm4_name": null, "name_latin": "Sanima BANK Bidur Branch" }, "geometry": { "type": "Point", "coordinates": [ 85.142645, 27.9150072 ] } },
{ "type": "Feature", "properties": { "id": "node/5010622731", "name": "Nari Chetana Bal Bikash Kendra", "name_en": null, "name_ne": null, "status": "Standing", "amenity": "school", "man_made": null, "shop": null, "tourism": null, "opening_hours": null, "beds": null, "rooms": null, "addr_full": null, "addr_housenumber": null, "addr_street": null, "addr_city": null, "source": null, "adm0_pcode": "NPL", "adm0_name": "Nepal", "adm1_pcode": "NP03", "adm1_name": "Bagmati", "adm2_pcode": "NP0328", "adm2_name": "Nuwakot", "adm3_pcode": "NP0328301", "adm3_name": "Bidur", "adm4_pcode": null, "adm4_name": null, "name_latin": "Nari Chetana Bal Bikash Kendra" }, "geometry": { "type": "Point", "coordinates": [ 85.1424913, 27.9142129 ] } },
{ "type": "Feature", "properties": { "id": "node/9802458029", "name": "Manushi BANK Bidur", "name_en": null, "name_ne": null, "status": "Standing", "amenity": "bank", "man_made": null, "shop": null, "tourism": null, "opening_hours": null, "beds": null, "rooms": null, "addr_full": null, "addr_housenumber": null, "addr_street": null, "addr_city": null, "source": null, "adm0_pcode": "NPL", "adm0_name": "Nepal", "adm1_pcode": "NP03", "adm1_name": "Bagmati", "adm2_pcode": "NP0328", "adm2_name": "Nuwakot", "adm3_pcode": "NP0328301", "adm3_name": "Bidur", "adm4_pcode": null, "adm4_name": null, "name_latin": "Manushi BANK Bidur" }, "geometry": { "type": "Point", "coordinates": [ 85.141063, 27.9141998 ] } },
{ "type": "Feature", "properties": { "id": "node/4367705092", "name": null, "name_en": "Bidur Police Stations", "name_ne": null, "status": "Standing", "amenity": "police", "man_made": null, "shop": null, "tourism": null, "opening_hours": null, "beds": null, "rooms": null, "addr_full": null, "addr_housenumber": null, "addr_street": null, "addr_city": null, "source": null, "adm0_pcode": "NPL", "adm0_name": "Nepal", "adm1_pcode": "NP03", "adm1_name": "Bagmati", "adm2_pcode": "NP0328", "adm2_name": "Nuwakot", "adm3_pcode": "NP0328301", "adm3_name": "Bidur", "adm4_pcode": null, "adm4_name": null, "name_latin": "Bidur Police Stations" }, "geometry": { "type": "Point", "coordinates": [ 85.1423985, 27.9147352 ] } },
{ "type": "Feature", "properties": { "id": "node/9802458080", "name": "Sanima ATM", "name_en": null, "name_ne": null, "status": "Standing", "amenity": "bank", "man_made": null, "shop": null, "tourism": null, "opening_hours": null, "beds": null, "rooms": null, "addr_full": null, "addr_housenumber": null, "addr_street": null, "addr_city": null, "source": null, "adm0_pcode": "NPL", "adm0_name": "Nepal", "adm1_pcode": "NP03", "adm1_name": "Bagmati", "adm2_pcode": "NP0328", "adm2_name": "Nuwakot", "adm3_pcode": "NP0328301", "adm3_name": "Bidur", "adm4_pcode": null, "adm4_name": null, "name_latin": "Sanima ATM" }, "geometry": { "type": "Point", "coordinates": [ 85.1423835, 27.9148638 ] } },
{ "type": "Feature", "properties": { "id": "node/9802458026", "name": "CYC BANK Nuwakot Branch", "name_en": null, "name_ne": null, "status": "Standing", "amenity": "bank", "man_made": null, "shop": null, "tourism": null, "opening_hours": null, "beds": null, "rooms": null, "addr_full": null, "addr_housenumber": null, "addr_street": null, "addr_city": null, "source": null, "adm0_pcode": "NPL", "adm0_name": "Nepal", "adm1_pcode": "NP03", "adm1_name": "Bagmati", "adm2_pcode": "NP0328", "adm2_name": "Nuwakot", "adm3_pcode": "NP0328301", "adm3_name": "Bidur", "adm4_pcode": null, "adm4_name": null, "name_latin": "CYC BANK Nuwakot Branch" }, "geometry": { "type": "Point", "coordinates": [ 85.1422879, 27.915271 ] } },
{ "type": "Feature", "properties": { "id": "node/9802458025", "name": "NBL BANK Trisuli", "name_en": null, "name_ne": null, "status": "Standing", "amenity": "bank", "man_made": null, "shop": null, "tourism": null, "opening_hours": null, "beds": null, "rooms": null, "addr_full": null, "addr_housenumber": null, "addr_street": null, "addr_city": null, "source": null, "adm0_pcode": "NPL", "adm0_name": "Nepal", "adm1_pcode": "NP03", "adm1_name": "Bagmati", "adm2_pcode": "NP0328", "adm2_name": "Nuwakot", "adm3_pcode": "NP0328301", "adm3_name": "Bidur", "adm4_pcode": null, "adm4_name": null, "name_latin": "NBL BANK Trisuli" }, "geometry": { "type": "Point", "coordinates": [ 85.1417222, 27.9158921 ] } },
{ "type": "Feature", "properties": { "id": "node/9802458079", "name": "NBL ATM", "name_en": null, "name_ne": null, "status": "Standing", "amenity": "bank", "man_made": null, "shop": null, "tourism": null, "opening_hours": null, "beds": null, "rooms": null, "addr_full": null, "addr_housenumber": null, "addr_street": null, "addr_city": null, "source": null, "adm0_pcode": "NPL", "adm0_name": "Nepal", "adm1_pcode": "NP03", "adm1_name": "Bagmati", "adm2_pcode": "NP0328", "adm2_name": "Nuwakot", "adm3_pcode": "NP0328301", "adm3_name": "Bidur", "adm4_pcode": null, "adm4_name": null, "name_latin": "NBL ATM" }, "geometry": { "type": "Point", "coordinates": [ 85.1416726, 27.9158317 ] } },
{ "type": "Feature", "properties": { "id": "node/4367705093", "name": null, "name_en": "hamro Bikash bank", "name_ne": null, "status": "Standing", "amenity": "bank", "man_made": null, "shop": null, "tourism": null, "opening_hours": null, "beds": null, "rooms": null, "addr_full": null, "addr_housenumber": null, "addr_street": null, "addr_city": null, "source": null, "adm0_pcode": "NPL", "adm0_name": "Nepal", "adm1_pcode": "NP03", "adm1_name": "Bagmati", "adm2_pcode": "NP0328", "adm2_name": "Nuwakot", "adm3_pcode": "NP0328301", "adm3_name": "Bidur", "adm4_pcode": null, "adm4_name": null, "name_latin": "hamro Bikash bank" }, "geometry": { "type": "Point", "coordinates": [ 85.1417354, 27.9158483 ] } },
{ "type": "Feature", "properties": { "id": "node/10712349306", "name": "रसुवाली जाल्पा खाना, खाजा एण्ड लस्सी कर्नर", "name_en": null, "name_ne": null, "status": "Standing", "amenity": "restaurant", "man_made": null, "shop": null, "tourism": null, "opening_hours": null, "beds": null, "rooms": null, "addr_full": null, "addr_housenumber": null, "addr_street": null, "addr_city": null, "source": null, "adm0_pcode": "NPL", "adm0_name": "Nepal", "adm1_pcode": "NP03", "adm1_name": "Bagmati", "adm2_pcode": "NP0328", "adm2_name": "Nuwakot", "adm3_pcode": "NP0328301", "adm3_name": "Bidur", "adm4_pcode": null, "adm4_name": null, "name_latin": "rsuvaalii jaalpaa khaanaa, khaajaa enndd lssii krnr" }, "geometry": { "type": "Point", "coordinates": [ 85.1414006, 27.9160551 ] } },
{ "type": "Feature", "properties": { "id": "node/4563124589", "name": null, "name_en": "Hotel Trisuli pvt. Ltd.", "name_ne": null, "status": "Standing", "amenity": null, "man_made": null, "shop": null, "tourism": "guest_house", "opening_hours": null, "beds": null, "rooms": null, "addr_full": null, "addr_housenumber": null, "addr_street": null, "addr_city": null, "source": null, "adm0_pcode": "NPL", "adm0_name": "Nepal", "adm1_pcode": "NP03", "adm1_name": "Bagmati", "adm2_pcode": "NP0328", "adm2_name": "Nuwakot", "adm3_pcode": "NP0328301", "adm3_name": "Bidur", "adm4_pcode": null, "adm4_name": null, "name_latin": "Hotel Trisuli pvt. Ltd." }, "geometry": { "type": "Point", "coordinates": [ 85.1438972, 27.9160719 ] } },
{ "type": "Feature", "properties": { "id": "node/4563100692", "name": null, "name_en": "Drinking Water Tap", "name_ne": null, "status": "Standing", "amenity": "drinking_water", "man_made": null, "shop": null, "tourism": null, "opening_hours": null, "beds": null, "rooms": null, "addr_full": null, "addr_housenumber": null, "addr_street": null, "addr_city": null, "source": null, "adm0_pcode": "NPL", "adm0_name": "Nepal", "adm1_pcode": "NP03", "adm1_name": "Bagmati", "adm2_pcode": "NP0328", "adm2_name": "Nuwakot", "adm3_pcode": "NP0328301", "adm3_name": "Bidur", "adm4_pcode": null, "adm4_name": null, "name_latin": "Drinking Water Tap" }, "geometry": { "type": "Point", "coordinates": [ 85.1448269, 27.9172212 ] } },
{ "type": "Feature", "properties": { "id": "node/4563131892", "name": null, "name_en": "Shivalaya (God Shiva Temple)", "name_ne": null, "status": "Standing", "amenity": null, "man_made": null, "shop": null, "tourism": "attraction", "opening_hours": null, "beds": null, "rooms": null, "addr_full": null, "addr_housenumber": null, "addr_street": null, "addr_city": null, "source": null, "adm0_pcode": "NPL", "adm0_name": "Nepal", "adm1_pcode": "NP03", "adm1_name": "Bagmati", "adm2_pcode": "NP0328", "adm2_name": "Nuwakot", "adm3_pcode": "NP0328301", "adm3_name": "Bidur", "adm4_pcode": null, "adm4_name": null, "name_latin": "Shivalaya (God Shiva Temple)" }, "geometry": { "type": "Point", "coordinates": [ 85.1447941, 27.9172501 ] } },
{ "type": "Feature", "properties": { "id": "node/4563150990", "name": null, "name_en": "Mothers Love Hostel (Aamako Maya Chhatrabas) Constructed Site", "name_ne": null, "status": "Standing", "amenity": null, "man_made": null, "shop": null, "tourism": "hostel", "opening_hours": null, "beds": null, "rooms": null, "addr_full": null, "addr_housenumber": null, "addr_street": null, "addr_city": null, "source": null, "adm0_pcode": "NPL", "adm0_name": "Nepal", "adm1_pcode": "NP03", "adm1_name": "Bagmati", "adm2_pcode": "NP0328", "adm2_name": "Nuwakot", "adm3_pcode": "NP0328301", "adm3_name": "Bidur", "adm4_pcode": null, "adm4_name": null, "name_latin": "Mothers Love Hostel (Aamako Maya Chhatrabas) Constructed Site" }, "geometry": { "type": "Point", "coordinates": [ 85.1445697, 27.9176592 ] } },
{ "type": "Feature", "properties": { "id": "node/4563086789", "name": null, "name_en": "Gerkhutar Youth Club-Nepal (GEYC-Nepal)", "name_ne": null, "status": "Standing", "amenity": null, "man_made": null, "shop": null, "tourism": "attraction", "opening_hours": "Su-Fr 10:00-17:00", "beds": null, "rooms": null, "addr_full": null, "addr_housenumber": null, "addr_street": "Bidur-3, Nuwakot", "addr_city": null, "source": null, "adm0_pcode": "NPL", "adm0_name": "Nepal", "adm1_pcode": "NP03", "adm1_name": "Bagmati", "adm2_pcode": "NP0328", "adm2_name": "Nuwakot", "adm3_pcode": "NP0328301", "adm3_name": "Bidur", "adm4_pcode": null, "adm4_name": null, "name_latin": "Gerkhutar Youth Club-Nepal (GEYC-Nepal)" }, "geometry": { "type": "Point", "coordinates": [ 85.1445617, 27.9177691 ] } },
{ "type": "Feature", "properties": { "id": "node/4563086889", "name": null, "name_en": "Dibyaratna boarding school", "name_ne": null, "status": "Standing", "amenity": "school", "man_made": null, "shop": null, "tourism": null, "opening_hours": null, "beds": null, "rooms": null, "addr_full": null, "addr_housenumber": null, "addr_street": null, "addr_city": null, "source": null, "adm0_pcode": "NPL", "adm0_name": "Nepal", "adm1_pcode": "NP03", "adm1_name": "Bagmati", "adm2_pcode": "NP0328", "adm2_name": "Nuwakot", "adm3_pcode": "NP0328301", "adm3_name": "Bidur", "adm4_pcode": null, "adm4_name": null, "name_latin": "Dibyaratna boarding school" }, "geometry": { "type": "Point", "coordinates": [ 85.1451878, 27.9178928 ] } },
{ "type": "Feature", "properties": { "id": "node/4367674790", "name": null, "name_en": "lions dental hospital", "name_ne": null, "status": "Standing", "amenity": "dentist", "man_made": null, "shop": null, "tourism": null, "opening_hours": null, "beds": null, "rooms": null, "addr_full": null, "addr_housenumber": null, "addr_street": null, "addr_city": null, "source": null, "adm0_pcode": "NPL", "adm0_name": "Nepal", "adm1_pcode": "NP03", "adm1_name": "Bagmati", "adm2_pcode": "NP0328", "adm2_name": "Nuwakot", "adm3_pcode": "NP0328301", "adm3_name": "Bidur", "adm4_pcode": null, "adm4_name": null, "name_latin": "lions dental hospital" }, "geometry": { "type": "Point", "coordinates": [ 85.1404348, 27.9218403 ] } },
{ "type": "Feature", "properties": { "id": "node/3492353689", "name": "Hattigauda Chock Bus Stop", "name_en": null, "name_ne": null, "status": "Standing", "amenity": "bus_station", "man_made": null, "shop": null, "tourism": null, "opening_hours": null, "beds": null, "rooms": null, "addr_full": null, "addr_housenumber": null, "addr_street": null, "addr_city": null, "source": null, "adm0_pcode": "NPL", "adm0_name": "Nepal", "adm1_pcode": "NP03", "adm1_name": "Bagmati", "adm2_pcode": "NP0328", "adm2_name": "Nuwakot", "adm3_pcode": "NP0328301", "adm3_name": "Bidur", "adm4_pcode": null, "adm4_name": null, "name_latin": "Hattigauda Chock Bus Stop" }, "geometry": { "type": "Point", "coordinates": [ 85.1394554, 27.9234672 ] } },
{ "type": "Feature", "properties": { "id": "node/2656156215", "name": null, "name_en": null, "name_ne": null, "status": "Standing", "amenity": "toilets", "man_made": null, "shop": null, "tourism": null, "opening_hours": null, "beds": null, "rooms": null, "addr_full": null, "addr_housenumber": null, "addr_street": null, "addr_city": null, "source": null, "adm0_pcode": "NPL", "adm0_name": "Nepal", "adm1_pcode": "NP03", "adm1_name": "Bagmati", "adm2_pcode": "NP0328", "adm2_name": "Nuwakot", "adm3_pcode": "NP0328301", "adm3_name": "Bidur", "adm4_pcode": null, "adm4_name": null, "name_latin": null }, "geometry": { "type": "Point", "coordinates": [ 85.1398848, 27.9229096 ] } },
{ "type": "Feature", "properties": { "id": "node/2656159026", "name": "Water Tank and tap", "name_en": null, "name_ne": null, "status": "Standing", "amenity": null, "man_made": "water_works", "shop": null, "tourism": null, "opening_hours": null, "beds": null, "rooms": null, "addr_full": null, "addr_housenumber": null, "addr_street": null, "addr_city": null, "source": null, "adm0_pcode": "NPL", "adm0_name": "Nepal", "adm1_pcode": "NP03", "adm1_name": "Bagmati", "adm2_pcode": "NP0328", "adm2_name": "Nuwakot", "adm3_pcode": "NP0328301", "adm3_name": "Bidur", "adm4_pcode": null, "adm4_name": null, "name_latin": "Water Tank and tap" }, "geometry": { "type": "Point", "coordinates": [ 85.1397601, 27.9229517 ] } },
{ "type": "Feature", "properties": { "id": "node/2656158475", "name": "Rain Water collection Tank", "name_en": null, "name_ne": null, "status": "Standing", "amenity": null, "man_made": "water_works", "shop": null, "tourism": null, "opening_hours": null, "beds": null, "rooms": null, "addr_full": null, "addr_housenumber": null, "addr_street": null, "addr_city": null, "source": null, "adm0_pcode": "NPL", "adm0_name": "Nepal", "adm1_pcode": "NP03", "adm1_name": "Bagmati", "adm2_pcode": "NP0328", "adm2_name": "Nuwakot", "adm3_pcode": "NP0328301", "adm3_name": "Bidur", "adm4_pcode": null, "adm4_name": null, "name_latin": "Rain Water collection Tank" }, "geometry": { "type": "Point", "coordinates": [ 85.1398339, 27.9230003 ] } },
{ "type": "Feature", "properties": { "id": "node/4367679495", "name": null, "name_en": "Panchakanaya star English Sec. boarding school", "name_ne": null, "status": "Standing", "amenity": "school", "man_made": null, "shop": null, "tourism": null, "opening_hours": null, "beds": null, "rooms": null, "addr_full": null, "addr_housenumber": null, "addr_street": null, "addr_city": null, "source": null, "adm0_pcode": "NPL", "adm0_name": "Nepal", "adm1_pcode": "NP03", "adm1_name": "Bagmati", "adm2_pcode": "NP0328", "adm2_name": "Nuwakot", "adm3_pcode": "NP0328301", "adm3_name": "Bidur", "adm4_pcode": null, "adm4_name": null, "name_latin": "Panchakanaya star English Sec. boarding school" }, "geometry": { "type": "Point", "coordinates": [ 85.1406005, 27.9222514 ] } },
{ "type": "Feature", "properties": { "id": "node/9802458077", "name": "NIC ATM", "name_en": null, "name_ne": null, "status": "Standing", "amenity": "bank", "man_made": null, "shop": null, "tourism": null, "opening_hours": null, "beds": null, "rooms": null, "addr_full": null, "addr_housenumber": null, "addr_street": null, "addr_city": null, "source": null, "adm0_pcode": "NPL", "adm0_name": "Nepal", "adm1_pcode": "NP03", "adm1_name": "Bagmati", "adm2_pcode": "NP0328", "adm2_name": "Nuwakot", "adm3_pcode": "NP0328301", "adm3_name": "Bidur", "adm4_pcode": null, "adm4_name": null, "name_latin": "NIC ATM" }, "geometry": { "type": "Point", "coordinates": [ 85.1468928, 27.9341817 ] } },
{ "type": "Feature", "properties": { "id": "node/9802458019", "name": "NIC BANK Trishuli", "name_en": null, "name_ne": null, "status": "Standing", "amenity": "bank", "man_made": null, "shop": null, "tourism": null, "opening_hours": null, "beds": null, "rooms": null, "addr_full": null, "addr_housenumber": null, "addr_street": null, "addr_city": null, "source": null, "adm0_pcode": "NPL", "adm0_name": "Nepal", "adm1_pcode": "NP03", "adm1_name": "Bagmati", "adm2_pcode": "NP0328", "adm2_name": "Nuwakot", "adm3_pcode": "NP0328301", "adm3_name": "Bidur", "adm4_pcode": null, "adm4_name": null, "name_latin": "NIC BANK Trishuli" }, "geometry": { "type": "Point", "coordinates": [ 85.14676, 27.9341829 ] } },
{ "type": "Feature", "properties": { "id": "node/5055227421", "name": "Shri Raktakali Primary School", "name_en": null, "name_ne": null, "status": "Standing", "amenity": "school", "man_made": null, "shop": null, "tourism": null, "opening_hours": null, "beds": null, "rooms": null, "addr_full": null, "addr_housenumber": null, "addr_street": null, "addr_city": null, "source": null, "adm0_pcode": "NPL", "adm0_name": "Nepal", "adm1_pcode": "NP03", "adm1_name": "Bagmati", "adm2_pcode": "NP0328", "adm2_name": "Nuwakot", "adm3_pcode": "NP0328301", "adm3_name": "Bidur", "adm4_pcode": null, "adm4_name": null, "name_latin": "Shri Raktakali Primary School" }, "geometry": { "type": "Point", "coordinates": [ 85.1315096, 27.8730113 ] } },
{ "type": "Feature", "properties": { "id": "node/9802458064", "name": "CivilMF BANK KHADGABHANJYANG", "name_en": null, "name_ne": null, "status": "Standing", "amenity": "bank", "man_made": null, "shop": null, "tourism": null, "opening_hours": null, "beds": null, "rooms": null, "addr_full": null, "addr_housenumber": null, "addr_street": null, "addr_city": null, "source": null, "adm0_pcode": "NPL", "adm0_name": "Nepal", "adm1_pcode": "NP03", "adm1_name": "Bagmati", "adm2_pcode": "NP0328", "adm2_name": "Nuwakot", "adm3_pcode": "NP0328301", "adm3_name": "Bidur", "adm4_pcode": null, "adm4_name": null, "name_latin": "CivilMF BANK KHADGABHANJYANG" }, "geometry": { "type": "Point", "coordinates": [ 85.1075893, 27.8607959 ] } },
{ "type": "Feature", "properties": { "id": "node/9802458066", "name": "Asha BANK Devighat Branch", "name_en": null, "name_ne": null, "status": "Standing", "amenity": "bank", "man_made": null, "shop": null, "tourism": null, "opening_hours": null, "beds": null, "rooms": null, "addr_full": null, "addr_housenumber": null, "addr_street": null, "addr_city": null, "source": null, "adm0_pcode": "NPL", "adm0_name": "Nepal", "adm1_pcode": "NP03", "adm1_name": "Bagmati", "adm2_pcode": "NP0328", "adm2_name": "Nuwakot", "adm3_pcode": "NP0328301", "adm3_name": "Bidur", "adm4_pcode": null, "adm4_name": null, "name_latin": "Asha BANK Devighat Branch" }, "geometry": { "type": "Point", "coordinates": [ 85.1106551, 27.8599148 ] } },
{ "type": "Feature", "properties": { "id": "node/9802458067", "name": "LumbiniDB BANK Devighat", "name_en": null, "name_ne": null, "status": "Standing", "amenity": "bank", "man_made": null, "shop": null, "tourism": null, "opening_hours": null, "beds": null, "rooms": null, "addr_full": null, "addr_housenumber": null, "addr_street": null, "addr_city": null, "source": null, "adm0_pcode": "NPL", "adm0_name": "Nepal", "adm1_pcode": "NP03", "adm1_name": "Bagmati", "adm2_pcode": "NP0328", "adm2_name": "Nuwakot", "adm3_pcode": "NP0328301", "adm3_name": "Bidur", "adm4_pcode": null, "adm4_name": null, "name_latin": "LumbiniDB BANK Devighat" }, "geometry": { "type": "Point", "coordinates": [ 85.1089467, 27.8590766 ] } },
{ "type": "Feature", "properties": { "id": "node/6895585585", "name": null, "name_en": "Dai", "name_ne": null, "status": "Standing", "amenity": null, "man_made": null, "shop": null, "tourism": "hotel", "opening_hours": null, "beds": null, "rooms": null, "addr_full": null, "addr_housenumber": null, "addr_street": null, "addr_city": null, "source": null, "adm0_pcode": "NPL", "adm0_name": "Nepal", "adm1_pcode": "NP03", "adm1_name": "Bagmati", "adm2_pcode": "NP0328", "adm2_name": "Nuwakot", "adm3_pcode": "NP0328301", "adm3_name": "Bidur", "adm4_pcode": null, "adm4_name": null, "name_latin": "Dai" }, "geometry": { "type": "Point", "coordinates": [ 85.1090746, 27.8589148 ] } },
{ "type": "Feature", "properties": { "id": "node/8274155281", "name": "brick industry", "name_en": null, "name_ne": null, "status": "Standing", "amenity": null, "man_made": "chimney", "shop": null, "tourism": null, "opening_hours": null, "beds": null, "rooms": null, "addr_full": null, "addr_housenumber": null, "addr_street": null, "addr_city": null, "source": null, "adm0_pcode": "NPL", "adm0_name": "Nepal", "adm1_pcode": "NP03", "adm1_name": "Bagmati", "adm2_pcode": "NP0328", "adm2_name": "Nuwakot", "adm3_pcode": "NP0328301", "adm3_name": "Bidur", "adm4_pcode": null, "adm4_name": null, "name_latin": "brick industry" }, "geometry": { "type": "Point", "coordinates": [ 85.1200157, 27.8780516 ] } },
{ "type": "Feature", "properties": { "id": "node/9802458070", "name": "Sunrise BLB Battar Branch", "name_en": null, "name_ne": null, "status": "Standing", "amenity": "bank", "man_made": null, "shop": null, "tourism": null, "opening_hours": null, "beds": null, "rooms": null, "addr_full": null, "addr_housenumber": null, "addr_street": null, "addr_city": null, "source": null, "adm0_pcode": "NPL", "adm0_name": "Nepal", "adm1_pcode": "NP03", "adm1_name": "Bagmati", "adm2_pcode": "NP0328", "adm2_name": "Nuwakot", "adm3_pcode": "NP0328301", "adm3_name": "Bidur", "adm4_pcode": null, "adm4_name": null, "name_latin": "Sunrise BLB Battar Branch" }, "geometry": { "type": "Point", "coordinates": [ 85.1356253, 27.9251793 ] } },
{ "type": "Feature", "properties": { "id": "node/9794127023", "name": "Shree Chakradevi School, Syaklang", "name_en": null, "name_ne": null, "status": "Standing", "amenity": "school", "man_made": null, "shop": null, "tourism": null, "opening_hours": null, "beds": null, "rooms": null, "addr_full": null, "addr_housenumber": null, "addr_street": null, "addr_city": null, "source": null, "adm0_pcode": "NPL", "adm0_name": "Nepal", "adm1_pcode": "NP03", "adm1_name": "Bagmati", "adm2_pcode": "NP0335", "adm2_name": "Chitawan", "adm3_pcode": "NP0335401", "adm3_name": "Ichchha Kamana", "adm4_pcode": null, "adm4_name": null, "name_latin": "Shree Chakradevi School, Syaklang" }, "geometry": { "type": "Point", "coordinates": [ 84.5839005, 27.8662148 ] } },
{ "type": "Feature", "properties": { "id": "node/9794127027", "name": "Shree Adharbhut School, Lamidanda", "name_en": null, "name_ne": null, "status": "Standing", "amenity": "school", "man_made": null, "shop": null, "tourism": null, "opening_hours": null, "beds": null, "rooms": null, "addr_full": null, "addr_housenumber": null, "addr_street": null, "addr_city": null, "source": null, "adm0_pcode": "NPL", "adm0_name": "Nepal", "adm1_pcode": "NP03", "adm1_name": "Bagmati", "adm2_pcode": "NP0335", "adm2_name": "Chitawan", "adm3_pcode": "NP0335401", "adm3_name": "Ichchha Kamana", "adm4_pcode": null, "adm4_name": null, "name_latin": "Shree Adharbhut School, Lamidanda" }, "geometry": { "type": "Point", "coordinates": [ 84.5916367, 27.8683929 ] } },
{ "type": "Feature", "properties": { "id": "node/13619628001", "name": null, "name_en": null, "name_ne": null, "status": "Standing", "amenity": "charging_station", "man_made": null, "shop": null, "tourism": null, "opening_hours": null, "beds": null, "rooms": null, "addr_full": null, "addr_housenumber": null, "addr_street": null, "addr_city": null, "source": null, "adm0_pcode": "NPL", "adm0_name": "Nepal", "adm1_pcode": "NP03", "adm1_name": "Bagmati", "adm2_pcode": "NP0335", "adm2_name": "Chitawan", "adm3_pcode": "NP0335401", "adm3_name": "Ichchha Kamana", "adm4_pcode": null, "adm4_name": null, "name_latin": null }, "geometry": { "type": "Point", "coordinates": [ 84.6084193, 27.8695313 ] } },
{ "type": "Feature", "properties": { "id": "node/12019698923", "name": null, "name_en": null, "name_ne": null, "status": "Standing", "amenity": null, "man_made": null, "shop": null, "tourism": "information", "opening_hours": null, "beds": null, "rooms": null, "addr_full": null, "addr_housenumber": null, "addr_street": null, "addr_city": null, "source": null, "adm0_pcode": "NPL", "adm0_name": "Nepal", "adm1_pcode": "NP03", "adm1_name": "Bagmati", "adm2_pcode": "NP0335", "adm2_name": "Chitawan", "adm3_pcode": "NP0335401", "adm3_name": "Ichchha Kamana", "adm4_pcode": null, "adm4_name": null, "name_latin": null }, "geometry": { "type": "Point", "coordinates": [ 84.6079023, 27.8697716 ] } },
{ "type": "Feature", "properties": { "id": "node/279373683", "name": null, "name_en": null, "name_ne": null, "status": "Standing", "amenity": "fuel", "man_made": null, "shop": null, "tourism": null, "opening_hours": null, "beds": null, "rooms": null, "addr_full": null, "addr_housenumber": null, "addr_street": null, "addr_city": null, "source": null, "adm0_pcode": "NPL", "adm0_name": "Nepal", "adm1_pcode": "NP03", "adm1_name": "Bagmati", "adm2_pcode": "NP0335", "adm2_name": "Chitawan", "adm3_pcode": "NP0335401", "adm3_name": "Ichchha Kamana", "adm4_pcode": null, "adm4_name": null, "name_latin": null }, "geometry": { "type": "Point", "coordinates": [ 84.6087874, 27.86967 ] } },
{ "type": "Feature", "properties": { "id": "node/12019698921", "name": null, "name_en": null, "name_ne": null, "status": "Standing", "amenity": null, "man_made": null, "shop": null, "tourism": "information", "opening_hours": null, "beds": null, "rooms": null, "addr_full": null, "addr_housenumber": null, "addr_street": null, "addr_city": null, "source": null, "adm0_pcode": "NPL", "adm0_name": "Nepal", "adm1_pcode": "NP03", "adm1_name": "Bagmati", "adm2_pcode": "NP0335", "adm2_name": "Chitawan", "adm3_pcode": "NP0335401", "adm3_name": "Ichchha Kamana", "adm4_pcode": null, "adm4_name": null, "name_latin": null }, "geometry": { "type": "Point", "coordinates": [ 84.6050702, 27.8706717 ] } },
{ "type": "Feature", "properties": { "id": "node/9794127019", "name": "Shree Bakulahari Rastriya Adharbhut School, Lewatar", "name_en": null, "name_ne": null, "status": "Standing", "amenity": "school", "man_made": null, "shop": null, "tourism": null, "opening_hours": null, "beds": null, "rooms": null, "addr_full": null, "addr_housenumber": null, "addr_street": null, "addr_city": null, "source": null, "adm0_pcode": "NPL", "adm0_name": "Nepal", "adm1_pcode": "NP03", "adm1_name": "Bagmati", "adm2_pcode": "NP0335", "adm2_name": "Chitawan", "adm3_pcode": "NP0335401", "adm3_name": "Ichchha Kamana", "adm4_pcode": null, "adm4_name": null, "name_latin": "Shree Bakulahari Rastriya Adharbhut School, Lewatar" }, "geometry": { "type": "Point", "coordinates": [ 84.6044235, 27.8703213 ] } },
{ "type": "Feature", "properties": { "id": "node/13898406031", "name": "होटेल श्री नर्शङ्ग", "name_en": "Hotel Shree Narshang", "name_ne": null, "status": "Standing", "amenity": "restaurant", "man_made": null, "shop": null, "tourism": null, "opening_hours": null, "beds": null, "rooms": null, "addr_full": null, "addr_housenumber": null, "addr_street": "Prithvi Rajmarg", "addr_city": null, "source": null, "adm0_pcode": "NPL", "adm0_name": "Nepal", "adm1_pcode": "NP04", "adm1_name": "Gandaki", "adm2_pcode": "NP0436", "adm2_name": "Gorkha", "adm3_pcode": "NP0436408", "adm3_name": "Shahid Lakhan", "adm4_pcode": null, "adm4_name": null, "name_latin": "Hotel Shree Narshang" }, "geometry": { "type": "Point", "coordinates": [ 84.5989795, 27.8741898 ] } },
{ "type": "Feature", "properties": { "id": "node/5122584121", "name": "Gaudali Dhindo Ghar", "name_en": null, "name_ne": null, "status": "Standing", "amenity": "restaurant", "man_made": null, "shop": null, "tourism": null, "opening_hours": null, "beds": null, "rooms": null, "addr_full": null, "addr_housenumber": null, "addr_street": null, "addr_city": null, "source": null, "adm0_pcode": "NPL", "adm0_name": "Nepal", "adm1_pcode": "NP04", "adm1_name": "Gandaki", "adm2_pcode": "NP0436", "adm2_name": "Gorkha", "adm3_pcode": "NP0436408", "adm3_name": "Shahid Lakhan", "adm4_pcode": null, "adm4_name": null, "name_latin": "Gaudali Dhindo Ghar" }, "geometry": { "type": "Point", "coordinates": [ 84.5988781, 27.8743525 ] } },
{ "type": "Feature", "properties": { "id": "node/12019692766", "name": null, "name_en": null, "name_ne": null, "status": "Standing", "amenity": null, "man_made": null, "shop": null, "tourism": "information", "opening_hours": null, "beds": null, "rooms": null, "addr_full": null, "addr_housenumber": null, "addr_street": null, "addr_city": null, "source": null, "adm0_pcode": "NPL", "adm0_name": "Nepal", "adm1_pcode": "NP04", "adm1_name": "Gandaki", "adm2_pcode": "NP0436", "adm2_name": "Gorkha", "adm3_pcode": "NP0436408", "adm3_name": "Shahid Lakhan", "adm4_pcode": null, "adm4_name": null, "name_latin": null }, "geometry": { "type": "Point", "coordinates": [ 84.5977491, 27.8746961 ] } },
{ "type": "Feature", "properties": { "id": "node/3412128885", "name": null, "name_en": null, "name_ne": null, "status": "Standing", "amenity": null, "man_made": null, "shop": "confectionery", "tourism": null, "opening_hours": null, "beds": null, "rooms": null, "addr_full": null, "addr_housenumber": null, "addr_street": null, "addr_city": null, "source": null, "adm0_pcode": "NPL", "adm0_name": "Nepal", "adm1_pcode": "NP04", "adm1_name": "Gandaki", "adm2_pcode": "NP0436", "adm2_name": "Gorkha", "adm3_pcode": "NP0436408", "adm3_name": "Shahid Lakhan", "adm4_pcode": null, "adm4_name": null, "name_latin": null }, "geometry": { "type": "Point", "coordinates": [ 84.6023891, 27.8722948 ] } },
{ "type": "Feature", "properties": { "id": "node/3412128878", "name": null, "name_en": null, "name_ne": null, "status": "Standing", "amenity": null, "man_made": null, "shop": "confectionery", "tourism": null, "opening_hours": null, "beds": null, "rooms": null, "addr_full": null, "addr_housenumber": null, "addr_street": null, "addr_city": null, "source": null, "adm0_pcode": "NPL", "adm0_name": "Nepal", "adm1_pcode": "NP04", "adm1_name": "Gandaki", "adm2_pcode": "NP0436", "adm2_name": "Gorkha", "adm3_pcode": "NP0436408", "adm3_name": "Shahid Lakhan", "adm4_pcode": null, "adm4_name": null, "name_latin": null }, "geometry": { "type": "Point", "coordinates": [ 84.6024934, 27.8722128 ] } },
{ "type": "Feature", "properties": { "id": "node/6873772985", "name": null, "name_en": "Chhimkeahwori Hotel and khaja Ghar", "name_ne": null, "status": "Standing", "amenity": null, "man_made": null, "shop": null, "tourism": "motel", "opening_hours": "24/7", "beds": null, "rooms": null, "addr_full": null, "addr_housenumber": null, "addr_street": "Prithvi Rajmarg", "addr_city": null, "source": null, "adm0_pcode": "NPL", "adm0_name": "Nepal", "adm1_pcode": "NP04", "adm1_name": "Gandaki", "adm2_pcode": "NP0436", "adm2_name": "Gorkha", "adm3_pcode": "NP0436408", "adm3_name": "Shahid Lakhan", "adm4_pcode": null, "adm4_name": null, "name_latin": "Chhimkeahwori Hotel and khaja Ghar" }, "geometry": { "type": "Point", "coordinates": [ 84.6032115, 27.871826 ] } },
{ "type": "Feature", "properties": { "id": "node/5407705021", "name": null, "name_en": "Amit Hotel and Guest House", "name_ne": null, "status": "Standing", "amenity": null, "man_made": null, "shop": null, "tourism": "guest_house", "opening_hours": null, "beds": null, "rooms": null, "addr_full": null, "addr_housenumber": null, "addr_street": null, "addr_city": null, "source": null, "adm0_pcode": "NPL", "adm0_name": "Nepal", "adm1_pcode": "NP04", "adm1_name": "Gandaki", "adm2_pcode": "NP0436", "adm2_name": "Gorkha", "adm3_pcode": "NP0436408", "adm3_name": "Shahid Lakhan", "adm4_pcode": null, "adm4_name": null, "name_latin": "Amit Hotel and Guest House" }, "geometry": { "type": "Point", "coordinates": [ 84.6028892, 27.8718264 ] } },
{ "type": "Feature", "properties": { "id": "node/4245585194", "name": "Pradesh Oil distributor", "name_en": null, "name_ne": null, "status": "Standing", "amenity": "fuel", "man_made": null, "shop": null, "tourism": null, "opening_hours": null, "beds": null, "rooms": null, "addr_full": null, "addr_housenumber": null, "addr_street": null, "addr_city": null, "source": null, "adm0_pcode": "NPL", "adm0_name": "Nepal", "adm1_pcode": "NP04", "adm1_name": "Gandaki", "adm2_pcode": "NP0436", "adm2_name": "Gorkha", "adm3_pcode": "NP0436408", "adm3_name": "Shahid Lakhan", "adm4_pcode": null, "adm4_name": null, "name_latin": "Pradesh Oil distributor" }, "geometry": { "type": "Point", "coordinates": [ 84.6023543, 27.8720297 ] } },
{ "type": "Feature", "properties": { "id": "node/279373682", "name": null, "name_en": null, "name_ne": null, "status": "Standing", "amenity": "fuel", "man_made": null, "shop": null, "tourism": null, "opening_hours": null, "beds": null, "rooms": null, "addr_full": null, "addr_housenumber": null, "addr_street": null, "addr_city": null, "source": null, "adm0_pcode": "NPL", "adm0_name": "Nepal", "adm1_pcode": "NP04", "adm1_name": "Gandaki", "adm2_pcode": "NP0436", "adm2_name": "Gorkha", "adm3_pcode": "NP0436408", "adm3_name": "Shahid Lakhan", "adm4_pcode": null, "adm4_name": null, "name_latin": null }, "geometry": { "type": "Point", "coordinates": [ 84.6023705, 27.8720357 ] } },
{ "type": "Feature", "properties": { "id": "node/4715199790", "name": null, "name_en": "S", "name_ne": null, "status": "Standing", "amenity": null, "man_made": null, "shop": null, "tourism": "hostel", "opening_hours": null, "beds": null, "rooms": null, "addr_full": null, "addr_housenumber": null, "addr_street": null, "addr_city": null, "source": null, "adm0_pcode": "NPL", "adm0_name": "Nepal", "adm1_pcode": "NP03", "adm1_name": "Bagmati", "adm2_pcode": "NP0335", "adm2_name": "Chitawan", "adm3_pcode": "NP0335401", "adm3_name": "Ichchha Kamana", "adm4_pcode": null, "adm4_name": null, "name_latin": "S" }, "geometry": { "type": "Point", "coordinates": [ 84.6125615, 27.8738372 ] } },
{ "type": "Feature", "properties": { "id": "node/3144947770", "name": "Riverside Springs Resort", "name_en": null, "name_ne": null, "status": "Standing", "amenity": null, "man_made": null, "shop": null, "tourism": "hotel", "opening_hours": null, "beds": null, "rooms": null, "addr_full": null, "addr_housenumber": null, "addr_street": null, "addr_city": null, "source": null, "adm0_pcode": "NPL", "adm0_name": "Nepal", "adm1_pcode": "NP03", "adm1_name": "Bagmati", "adm2_pcode": "NP0335", "adm2_name": "Chitawan", "adm3_pcode": "NP0335401", "adm3_name": "Ichchha Kamana", "adm4_pcode": null, "adm4_name": null, "name_latin": "Riverside Springs Resort" }, "geometry": { "type": "Point", "coordinates": [ 84.616457, 27.8746269 ] } },
{ "type": "Feature", "properties": { "id": "node/12686420501", "name": "Eccha kamana 4 kurintar", "name_en": null, "name_ne": null, "status": "Standing", "amenity": "restaurant", "man_made": null, "shop": null, "tourism": null, "opening_hours": null, "beds": null, "rooms": null, "addr_full": null, "addr_housenumber": null, "addr_street": null, "addr_city": null, "source": null, "adm0_pcode": "NPL", "adm0_name": "Nepal", "adm1_pcode": "NP03", "adm1_name": "Bagmati", "adm2_pcode": "NP0335", "adm2_name": "Chitawan", "adm3_pcode": "NP0335401", "adm3_name": "Ichchha Kamana", "adm4_pcode": null, "adm4_name": null, "name_latin": "Eccha kamana 4 kurintar" }, "geometry": { "type": "Point", "coordinates": [ 84.6220484, 27.872302 ] } },
{ "type": "Feature", "properties": { "id": "node/4940591722", "name": null, "name_en": "Lamsal Complex", "name_ne": null, "status": "Standing", "amenity": null, "man_made": null, "shop": "electronics", "tourism": null, "opening_hours": null, "beds": null, "rooms": null, "addr_full": null, "addr_housenumber": null, "addr_street": null, "addr_city": null, "source": null, "adm0_pcode": "NPL", "adm0_name": "Nepal", "adm1_pcode": "NP03", "adm1_name": "Bagmati", "adm2_pcode": "NP0335", "adm2_name": "Chitawan", "adm3_pcode": "NP0335401", "adm3_name": "Ichchha Kamana", "adm4_pcode": null, "adm4_name": null, "name_latin": "Lamsal Complex" }, "geometry": { "type": "Point", "coordinates": [ 84.6234417, 27.8716096 ] } },
{ "type": "Feature", "properties": { "id": "node/4940591721", "name": null, "name_en": "Global IME bank", "name_ne": null, "status": "Standing", "amenity": "bank", "man_made": null, "shop": null, "tourism": null, "opening_hours": null, "beds": null, "rooms": null, "addr_full": null, "addr_housenumber": null, "addr_street": null, "addr_city": null, "source": null, "adm0_pcode": "NPL", "adm0_name": "Nepal", "adm1_pcode": "NP03", "adm1_name": "Bagmati", "adm2_pcode": "NP0335", "adm2_name": "Chitawan", "adm3_pcode": "NP0335401", "adm3_name": "Ichchha Kamana", "adm4_pcode": null, "adm4_name": null, "name_latin": "Global IME bank" }, "geometry": { "type": "Point", "coordinates": [ 84.6234053, 27.8714886 ] } },
{ "type": "Feature", "properties": { "id": "node/5170622323", "name": null, "name_en": "Dalima Resort", "name_ne": null, "status": "Standing", "amenity": null, "man_made": null, "shop": null, "tourism": "hotel", "opening_hours": null, "beds": null, "rooms": null, "addr_full": null, "addr_housenumber": null, "addr_street": null, "addr_city": null, "source": null, "adm0_pcode": "NPL", "adm0_name": "Nepal", "adm1_pcode": "NP03", "adm1_name": "Bagmati", "adm2_pcode": "NP0335", "adm2_name": "Chitawan", "adm3_pcode": "NP0335401", "adm3_name": "Ichchha Kamana", "adm4_pcode": null, "adm4_name": null, "name_latin": "Dalima Resort" }, "geometry": { "type": "Point", "coordinates": [ 84.6097849, 27.8695807 ] } },
{ "type": "Feature", "properties": { "id": "node/9794119186", "name": "Shree Rastriya Aardharbhut School, Chaibung", "name_en": null, "name_ne": null, "status": "Standing", "amenity": "school", "man_made": null, "shop": null, "tourism": null, "opening_hours": null, "beds": null, "rooms": null, "addr_full": null, "addr_housenumber": null, "addr_street": null, "addr_city": null, "source": null, "adm0_pcode": "NPL", "adm0_name": "Nepal", "adm1_pcode": "NP03", "adm1_name": "Bagmati", "adm2_pcode": "NP0335", "adm2_name": "Chitawan", "adm3_pcode": "NP0335401", "adm3_name": "Ichchha Kamana", "adm4_pcode": null, "adm4_name": null, "name_latin": "Shree Rastriya Aardharbhut School, Chaibung" }, "geometry": { "type": "Point", "coordinates": [ 84.6495972, 27.845274 ] } },
{ "type": "Feature", "properties": { "id": "node/12019698958", "name": null, "name_en": null, "name_ne": null, "status": "Standing", "amenity": null, "man_made": null, "shop": null, "tourism": "information", "opening_hours": null, "beds": null, "rooms": null, "addr_full": null, "addr_housenumber": null, "addr_street": null, "addr_city": null, "source": null, "adm0_pcode": "NPL", "adm0_name": "Nepal", "adm1_pcode": "NP03", "adm1_name": "Bagmati", "adm2_pcode": "NP0335", "adm2_name": "Chitawan", "adm3_pcode": "NP0335401", "adm3_name": "Ichchha Kamana", "adm4_pcode": null, "adm4_name": null, "name_latin": null }, "geometry": { "type": "Point", "coordinates": [ 84.6304303, 27.8682757 ] } },
{ "type": "Feature", "properties": { "id": "node/9794127022", "name": "Kurin Boarding School", "name_en": null, "name_ne": null, "status": "Standing", "amenity": "school", "man_made": null, "shop": null, "tourism": null, "opening_hours": null, "beds": null, "rooms": null, "addr_full": null, "addr_housenumber": null, "addr_street": null, "addr_city": null, "source": null, "adm0_pcode": "NPL", "adm0_name": "Nepal", "adm1_pcode": "NP03", "adm1_name": "Bagmati", "adm2_pcode": "NP0335", "adm2_name": "Chitawan", "adm3_pcode": "NP0335401", "adm3_name": "Ichchha Kamana", "adm4_pcode": null, "adm4_name": null, "name_latin": "Kurin Boarding School" }, "geometry": { "type": "Point", "coordinates": [ 84.6251566, 27.8706443 ] } },
{ "type": "Feature", "properties": { "id": "node/12019698962", "name": null, "name_en": null, "name_ne": null, "status": "Standing", "amenity": null, "man_made": null, "shop": null, "tourism": "information", "opening_hours": null, "beds": null, "rooms": null, "addr_full": null, "addr_housenumber": null, "addr_street": null, "addr_city": null, "source": null, "adm0_pcode": "NPL", "adm0_name": "Nepal", "adm1_pcode": "NP03", "adm1_name": "Bagmati", "adm2_pcode": "NP0335", "adm2_name": "Chitawan", "adm3_pcode": "NP0335401", "adm3_name": "Ichchha Kamana", "adm4_pcode": null, "adm4_name": null, "name_latin": null }, "geometry": { "type": "Point", "coordinates": [ 84.625498, 27.8714959 ] } },
{ "type": "Feature", "properties": { "id": "node/4915942407", "name": "Shri Rainas Pra V", "name_en": null, "name_ne": null, "status": "Standing", "amenity": "school", "man_made": null, "shop": null, "tourism": null, "opening_hours": null, "beds": null, "rooms": null, "addr_full": null, "addr_housenumber": null, "addr_street": null, "addr_city": null, "source": null, "adm0_pcode": "NPL", "adm0_name": "Nepal", "adm1_pcode": "NP04", "adm1_name": "Gandaki", "adm2_pcode": "NP0436", "adm2_name": "Gorkha", "adm3_pcode": "NP0436409", "adm3_name": "Gandaki", "adm4_pcode": null, "adm4_name": null, "name_latin": "Shri Rainas Pra V" }, "geometry": { "type": "Point", "coordinates": [ 84.6330946, 27.8716283 ] } },
{ "type": "Feature", "properties": { "id": "node/9794119184", "name": "Shree Rastriya Aardharbhut Bidhalaya, Dhusha", "name_en": null, "name_ne": null, "status": "Standing", "amenity": "school", "man_made": null, "shop": null, "tourism": null, "opening_hours": null, "beds": null, "rooms": null, "addr_full": null, "addr_housenumber": null, "addr_street": null, "addr_city": null, "source": null, "adm0_pcode": "NPL", "adm0_name": "Nepal", "adm1_pcode": "NP03", "adm1_name": "Bagmati", "adm2_pcode": "NP0335", "adm2_name": "Chitawan", "adm3_pcode": "NP0335401", "adm3_name": "Ichchha Kamana", "adm4_pcode": null, "adm4_name": null, "name_latin": "Shree Rastriya Aardharbhut Bidhalaya, Dhusha" }, "geometry": { "type": "Point", "coordinates": [ 84.6565857, 27.8390026 ] } },
{ "type": "Feature", "properties": { "id": "node/9794119187", "name": "Shree Rastriya Aardharbhut School, Fishling", "name_en": null, "name_ne": null, "status": "Standing", "amenity": "school", "man_made": null, "shop": null, "tourism": null, "opening_hours": null, "beds": null, "rooms": null, "addr_full": null, "addr_housenumber": null, "addr_street": null, "addr_city": null, "source": null, "adm0_pcode": "NPL", "adm0_name": "Nepal", "adm1_pcode": "NP03", "adm1_name": "Bagmati", "adm2_pcode": "NP0335", "adm2_name": "Chitawan", "adm3_pcode": "NP0335401", "adm3_name": "Ichchha Kamana", "adm4_pcode": null, "adm4_name": null, "name_latin": "Shree Rastriya Aardharbhut School, Fishling" }, "geometry": { "type": "Point", "coordinates": [ 84.6614838, 27.8424892 ] } },
{ "type": "Feature", "properties": { "id": "node/12878601825", "name": null, "name_en": null, "name_ne": null, "status": "Standing", "amenity": "toilets", "man_made": null, "shop": null, "tourism": null, "opening_hours": null, "beds": null, "rooms": null, "addr_full": null, "addr_housenumber": null, "addr_street": null, "addr_city": null, "source": null, "adm0_pcode": "NPL", "adm0_name": "Nepal", "adm1_pcode": "NP04", "adm1_name": "Gandaki", "adm2_pcode": "NP0436", "adm2_name": "Gorkha", "adm3_pcode": "NP0436409", "adm3_name": "Gandaki", "adm4_pcode": null, "adm4_name": null, "name_latin": null }, "geometry": { "type": "Point", "coordinates": [ 84.6610906, 27.8281952 ] } },
{ "type": "Feature", "properties": { "id": "node/4939778514", "name": "Shri Rastriya Pra Vi", "name_en": null, "name_ne": null, "status": "Standing", "amenity": "school", "man_made": null, "shop": null, "tourism": null, "opening_hours": null, "beds": null, "rooms": null, "addr_full": null, "addr_housenumber": null, "addr_street": null, "addr_city": null, "source": null, "adm0_pcode": "NPL", "adm0_name": "Nepal", "adm1_pcode": "NP03", "adm1_name": "Bagmati", "adm2_pcode": "NP0330", "adm2_name": "Dhading", "adm3_pcode": "NP0330408", "adm3_name": "Benighat Rorang", "adm4_pcode": null, "adm4_name": null, "name_latin": "Shri Rastriya Pra Vi" }, "geometry": { "type": "Point", "coordinates": [ 84.6620352, 27.8189847 ] } },
{ "type": "Feature", "properties": { "id": "node/12019692761", "name": null, "name_en": null, "name_ne": null, "status": "Standing", "amenity": null, "man_made": null, "shop": null, "tourism": "information", "opening_hours": null, "beds": null, "rooms": null, "addr_full": null, "addr_housenumber": null, "addr_street": null, "addr_city": null, "source": null, "adm0_pcode": "NPL", "adm0_name": "Nepal", "adm1_pcode": "NP04", "adm1_name": "Gandaki", "adm2_pcode": "NP0436", "adm2_name": "Gorkha", "adm3_pcode": "NP0436408", "adm3_name": "Shahid Lakhan", "adm4_pcode": null, "adm4_name": null, "name_latin": null }, "geometry": { "type": "Point", "coordinates": [ 84.595665, 27.8749517 ] } },
{ "type": "Feature", "properties": { "id": "node/4796444522", "name": "Adrenaline Rush Rafting Camp", "name_en": "Adrenaline Rush Rafting Camp", "name_ne": null, "status": "Standing", "amenity": null, "man_made": null, "shop": null, "tourism": "camp_site", "opening_hours": null, "beds": null, "rooms": null, "addr_full": null, "addr_housenumber": null, "addr_street": null, "addr_city": null, "source": null, "adm0_pcode": "NPL", "adm0_name": "Nepal", "adm1_pcode": "NP04", "adm1_name": "Gandaki", "adm2_pcode": "NP0436", "adm2_name": "Gorkha", "adm3_pcode": "NP0436409", "adm3_name": "Gandaki", "adm4_pcode": null, "adm4_name": null, "name_latin": "Adrenaline Rush Rafting Camp" }, "geometry": { "type": "Point", "coordinates": [ 84.6354193, 27.8669766 ] } },
{ "type": "Feature", "properties": { "id": "node/9794119214", "name": "राष्टिय आधारभूत बिध्यालय कुयलघारि", "name_en": null, "name_ne": null, "status": "Standing", "amenity": "school", "man_made": null, "shop": null, "tourism": null, "opening_hours": null, "beds": null, "rooms": null, "addr_full": null, "addr_housenumber": null, "addr_street": null, "addr_city": null, "source": null, "adm0_pcode": "NPL", "adm0_name": "Nepal", "adm1_pcode": "NP04", "adm1_name": "Gandaki", "adm2_pcode": "NP0440", "adm2_name": "Tanahu", "adm3_pcode": "NP0440405", "adm3_name": "Aanbu Khaireni", "adm4_pcode": null, "adm4_name": null, "name_latin": "raassttiy aadhaarbhuut bidhyaaly kuylghaari" }, "geometry": { "type": "Point", "coordinates": [ 84.5079575, 27.808918 ] } },
{ "type": "Feature", "properties": { "id": "node/4933465523", "name": null, "name_en": null, "name_ne": null, "status": "Standing", "amenity": null, "man_made": "water_well", "shop": null, "tourism": null, "opening_hours": null, "beds": null, "rooms": null, "addr_full": null, "addr_housenumber": null, "addr_street": null, "addr_city": null, "source": null, "adm0_pcode": "NPL", "adm0_name": "Nepal", "adm1_pcode": "NP03", "adm1_name": "Bagmati", "adm2_pcode": "NP0335", "adm2_name": "Chitawan", "adm3_pcode": "NP0335401", "adm3_name": "Ichchha Kamana", "adm4_pcode": null, "adm4_name": null, "name_latin": null }, "geometry": { "type": "Point", "coordinates": [ 84.5292851, 27.8200867 ] } },
{ "type": "Feature", "properties": { "id": "node/4881273321", "name": null, "name_en": "Jharana Hotel", "name_ne": null, "status": "Standing", "amenity": "restaurant", "man_made": null, "shop": null, "tourism": null, "opening_hours": "Mo-Su 08:00-19:00", "beds": null, "rooms": null, "addr_full": null, "addr_housenumber": null, "addr_street": "Jalbire Bridge", "addr_city": null, "source": null, "adm0_pcode": "NPL", "adm0_name": "Nepal", "adm1_pcode": "NP04", "adm1_name": "Gandaki", "adm2_pcode": "NP0440", "adm2_name": "Tanahu", "adm3_pcode": "NP0440405", "adm3_name": "Aanbu Khaireni", "adm4_pcode": null, "adm4_name": null, "name_latin": "Jharana Hotel" }, "geometry": { "type": "Point", "coordinates": [ 84.5227643, 27.8249838 ] } },
{ "type": "Feature", "properties": { "id": "node/11027154990", "name": "श्री दुर्गा मन्दिर", "name_en": "Shree Durga Mandir", "name_ne": "श्री दुर्गा मन्दिर", "status": "Standing", "amenity": "place_of_worship", "man_made": null, "shop": null, "tourism": null, "opening_hours": null, "beds": null, "rooms": null, "addr_full": null, "addr_housenumber": null, "addr_street": null, "addr_city": null, "source": null, "adm0_pcode": "NPL", "adm0_name": "Nepal", "adm1_pcode": "NP04", "adm1_name": "Gandaki", "adm2_pcode": "NP0440", "adm2_name": "Tanahu", "adm3_pcode": "NP0440405", "adm3_name": "Aanbu Khaireni", "adm4_pcode": null, "adm4_name": null, "name_latin": "Shree Durga Mandir" }, "geometry": { "type": "Point", "coordinates": [ 84.5214218, 27.8250153 ] } },
{ "type": "Feature", "properties": { "id": "node/9794119212", "name": "देबि भन्जाङ्ग राष्टिय आधारभूत बिध्यालय, कालि खोला", "name_en": null, "name_ne": null, "status": "Standing", "amenity": "school", "man_made": null, "shop": null, "tourism": null, "opening_hours": null, "beds": null, "rooms": null, "addr_full": null, "addr_housenumber": null, "addr_street": null, "addr_city": null, "source": null, "adm0_pcode": "NPL", "adm0_name": "Nepal", "adm1_pcode": "NP03", "adm1_name": "Bagmati", "adm2_pcode": "NP0335", "adm2_name": "Chitawan", "adm3_pcode": "NP0335401", "adm3_name": "Ichchha Kamana", "adm4_pcode": null, "adm4_name": null, "name_latin": "debi bhnjaangg raassttiy aadhaarbhuut bidhyaaly, kaali kholaa" }, "geometry": { "type": "Point", "coordinates": [ 84.5562744, 27.8329792 ] } },
{ "type": "Feature", "properties": { "id": "node/12019692739", "name": null, "name_en": null, "name_ne": null, "status": "Standing", "amenity": null, "man_made": null, "shop": null, "tourism": "information", "opening_hours": null, "beds": null, "rooms": null, "addr_full": null, "addr_housenumber": null, "addr_street": null, "addr_city": null, "source": null, "adm0_pcode": "NPL", "adm0_name": "Nepal", "adm1_pcode": "NP03", "adm1_name": "Bagmati", "adm2_pcode": "NP0335", "adm2_name": "Chitawan", "adm3_pcode": "NP0335401", "adm3_name": "Ichchha Kamana", "adm4_pcode": null, "adm4_name": null, "name_latin": null }, "geometry": { "type": "Point", "coordinates": [ 84.5763303, 27.8631665 ] } },
{ "type": "Feature", "properties": { "id": "node/9519236718", "name": "Muktinath Bikash Bank", "name_en": null, "name_ne": null, "status": "Standing", "amenity": "bank", "man_made": null, "shop": null, "tourism": null, "opening_hours": null, "beds": null, "rooms": null, "addr_full": null, "addr_housenumber": null, "addr_street": null, "addr_city": null, "source": null, "adm0_pcode": "NPL", "adm0_name": "Nepal", "adm1_pcode": "NP03", "adm1_name": "Bagmati", "adm2_pcode": "NP0330", "adm2_name": "Dhading", "adm3_pcode": "NP0330410", "adm3_name": "Galchhi", "adm4_pcode": null, "adm4_name": null, "name_latin": "Muktinath Bikash Bank" }, "geometry": { "type": "Point", "coordinates": [ 85.0003749, 27.7956401 ] } },
{ "type": "Feature", "properties": { "id": "node/9519235919", "name": "Police Station", "name_en": null, "name_ne": null, "status": "Standing", "amenity": "police", "man_made": null, "shop": null, "tourism": null, "opening_hours": null, "beds": null, "rooms": null, "addr_full": null, "addr_housenumber": null, "addr_street": null, "addr_city": null, "source": null, "adm0_pcode": "NPL", "adm0_name": "Nepal", "adm1_pcode": "NP03", "adm1_name": "Bagmati", "adm2_pcode": "NP0330", "adm2_name": "Dhading", "adm3_pcode": "NP0330410", "adm3_name": "Galchhi", "adm4_pcode": null, "adm4_name": null, "name_latin": "Police Station" }, "geometry": { "type": "Point", "coordinates": [ 85.0006199, 27.7957811 ] } },
{ "type": "Feature", "properties": { "id": "node/8947888617", "name": "सागर होटेल", "name_en": "Sagar Hotel", "name_ne": null, "status": "Standing", "amenity": "restaurant", "man_made": null, "shop": null, "tourism": null, "opening_hours": null, "beds": null, "rooms": null, "addr_full": null, "addr_housenumber": null, "addr_street": null, "addr_city": null, "source": null, "adm0_pcode": "NPL", "adm0_name": "Nepal", "adm1_pcode": "NP03", "adm1_name": "Bagmati", "adm2_pcode": "NP0330", "adm2_name": "Dhading", "adm3_pcode": "NP0330410", "adm3_name": "Galchhi", "adm4_pcode": null, "adm4_name": null, "name_latin": "Sagar Hotel" }, "geometry": { "type": "Point", "coordinates": [ 85.0006593, 27.7958905 ] } },
{ "type": "Feature", "properties": { "id": "node/4962963958", "name": null, "name_en": "Police Station, Galchi", "name_ne": null, "status": "Standing", "amenity": "police", "man_made": null, "shop": null, "tourism": null, "opening_hours": null, "beds": null, "rooms": null, "addr_full": null, "addr_housenumber": null, "addr_street": null, "addr_city": null, "source": null, "adm0_pcode": "NPL", "adm0_name": "Nepal", "adm1_pcode": "NP03", "adm1_name": "Bagmati", "adm2_pcode": "NP0330", "adm2_name": "Dhading", "adm3_pcode": "NP0330410", "adm3_name": "Galchhi", "adm4_pcode": null, "adm4_name": null, "name_latin": "Police Station, Galchi" }, "geometry": { "type": "Point", "coordinates": [ 85.0007766, 27.7960238 ] } },
{ "type": "Feature", "properties": { "id": "node/5113078121", "name": null, "name_en": "Galchi Bagar Resort", "name_ne": null, "status": "Standing", "amenity": null, "man_made": null, "shop": null, "tourism": "hotel", "opening_hours": null, "beds": null, "rooms": null, "addr_full": null, "addr_housenumber": null, "addr_street": null, "addr_city": null, "source": null, "adm0_pcode": "NPL", "adm0_name": "Nepal", "adm1_pcode": "NP03", "adm1_name": "Bagmati", "adm2_pcode": "NP0330", "adm2_name": "Dhading", "adm3_pcode": "NP0330410", "adm3_name": "Galchhi", "adm4_pcode": null, "adm4_name": null, "name_latin": "Galchi Bagar Resort" }, "geometry": { "type": "Point", "coordinates": [ 85.0048348, 27.8029672 ] } },
{ "type": "Feature", "properties": { "id": "node/5683705322", "name": null, "name_en": null, "name_ne": null, "status": "Standing", "amenity": null, "man_made": "water_well", "shop": null, "tourism": null, "opening_hours": null, "beds": null, "rooms": null, "addr_full": null, "addr_housenumber": null, "addr_street": null, "addr_city": null, "source": null, "adm0_pcode": "NPL", "adm0_name": "Nepal", "adm1_pcode": "NP03", "adm1_name": "Bagmati", "adm2_pcode": "NP0328", "adm2_name": "Nuwakot", "adm3_pcode": "NP0328302", "adm3_name": "Belkotgadhi", "adm4_pcode": null, "adm4_name": null, "name_latin": null }, "geometry": { "type": "Point", "coordinates": [ 85.0159677, 27.8264053 ] } },
{ "type": "Feature", "properties": { "id": "node/8443653418", "name": null, "name_en": "Purna prasad khatiwada home", "name_ne": null, "status": "Standing", "amenity": null, "man_made": null, "shop": null, "tourism": "apartment", "opening_hours": null, "beds": null, "rooms": null, "addr_full": null, "addr_housenumber": null, "addr_street": "fustar", "addr_city": null, "source": null, "adm0_pcode": "NPL", "adm0_name": "Nepal", "adm1_pcode": "NP03", "adm1_name": "Bagmati", "adm2_pcode": "NP0328", "adm2_name": "Nuwakot", "adm3_pcode": "NP0328302", "adm3_name": "Belkotgadhi", "adm4_pcode": null, "adm4_name": null, "name_latin": "Purna prasad khatiwada home" }, "geometry": { "type": "Point", "coordinates": [ 85.0198558, 27.8316399 ] } },
{ "type": "Feature", "properties": { "id": "node/6411587885", "name": null, "name_en": "Tttt", "name_ne": null, "status": "Standing", "amenity": null, "man_made": null, "shop": null, "tourism": "artwork", "opening_hours": null, "beds": null, "rooms": null, "addr_full": null, "addr_housenumber": null, "addr_street": null, "addr_city": null, "source": null, "adm0_pcode": "NPL", "adm0_name": "Nepal", "adm1_pcode": "NP03", "adm1_name": "Bagmati", "adm2_pcode": "NP0328", "adm2_name": "Nuwakot", "adm3_pcode": "NP0328302", "adm3_name": "Belkotgadhi", "adm4_pcode": null, "adm4_name": null, "name_latin": "Tttt" }, "geometry": { "type": "Point", "coordinates": [ 85.0228319, 27.8332011 ] } },
{ "type": "Feature", "properties": { "id": "node/5055527657", "name": "Shree Pimaltar Uchcha Ma.Vi.", "name_en": null, "name_ne": null, "status": "Standing", "amenity": "school", "man_made": null, "shop": null, "tourism": null, "opening_hours": null, "beds": null, "rooms": null, "addr_full": null, "addr_housenumber": null, "addr_street": null, "addr_city": null, "source": null, "adm0_pcode": "NPL", "adm0_name": "Nepal", "adm1_pcode": "NP03", "adm1_name": "Bagmati", "adm2_pcode": "NP0328", "adm2_name": "Nuwakot", "adm3_pcode": "NP0328302", "adm3_name": "Belkotgadhi", "adm4_pcode": null, "adm4_name": null, "name_latin": "Shree Pimaltar Uchcha Ma.Vi." }, "geometry": { "type": "Point", "coordinates": [ 85.0192998, 27.8390414 ] } },
{ "type": "Feature", "properties": { "id": "node/5057823335", "name": "Shree Ganesh Sthan Pra V", "name_en": null, "name_ne": null, "status": "Standing", "amenity": "school", "man_made": null, "shop": null, "tourism": null, "opening_hours": null, "beds": null, "rooms": null, "addr_full": null, "addr_housenumber": null, "addr_street": null, "addr_city": null, "source": null, "adm0_pcode": "NPL", "adm0_name": "Nepal", "adm1_pcode": "NP03", "adm1_name": "Bagmati", "adm2_pcode": "NP0328", "adm2_name": "Nuwakot", "adm3_pcode": "NP0328302", "adm3_name": "Belkotgadhi", "adm4_pcode": null, "adm4_name": null, "name_latin": "Shree Ganesh Sthan Pra V" }, "geometry": { "type": "Point", "coordinates": [ 85.0319758, 27.8296539 ] } },
{ "type": "Feature", "properties": { "id": "node/9802458063", "name": "Swalamban BANK Khadgabhanjyang Branch", "name_en": null, "name_ne": null, "status": "Standing", "amenity": "bank", "man_made": null, "shop": null, "tourism": null, "opening_hours": null, "beds": null, "rooms": null, "addr_full": null, "addr_housenumber": null, "addr_street": null, "addr_city": null, "source": null, "adm0_pcode": "NPL", "adm0_name": "Nepal", "adm1_pcode": "NP03", "adm1_name": "Bagmati", "adm2_pcode": "NP0328", "adm2_name": "Nuwakot", "adm3_pcode": "NP0328301", "adm3_name": "Bidur", "adm4_pcode": null, "adm4_name": null, "name_latin": "Swalamban BANK Khadgabhanjyang Branch" }, "geometry": { "type": "Point", "coordinates": [ 85.0869577, 27.8651013 ] } },
{ "type": "Feature", "properties": { "id": "node/5055224610", "name": "Shri Seti Devi Pra Bi", "name_en": null, "name_ne": null, "status": "Standing", "amenity": "school", "man_made": null, "shop": null, "tourism": null, "opening_hours": null, "beds": null, "rooms": null, "addr_full": null, "addr_housenumber": null, "addr_street": null, "addr_city": null, "source": null, "adm0_pcode": "NPL", "adm0_name": "Nepal", "adm1_pcode": "NP03", "adm1_name": "Bagmati", "adm2_pcode": "NP0328", "adm2_name": "Nuwakot", "adm3_pcode": "NP0328301", "adm3_name": "Bidur", "adm4_pcode": null, "adm4_name": null, "name_latin": "Shri Seti Devi Pra Bi" }, "geometry": { "type": "Point", "coordinates": [ 85.0873968, 27.8625042 ] } },
{ "type": "Feature", "properties": { "id": "node/5057844529", "name": "Shree Saraswati Ni.Ma.Vi", "name_en": null, "name_ne": null, "status": "Standing", "amenity": "school", "man_made": null, "shop": null, "tourism": null, "opening_hours": null, "beds": null, "rooms": null, "addr_full": null, "addr_housenumber": null, "addr_street": null, "addr_city": null, "source": null, "adm0_pcode": "NPL", "adm0_name": "Nepal", "adm1_pcode": "NP03", "adm1_name": "Bagmati", "adm2_pcode": "NP0328", "adm2_name": "Nuwakot", "adm3_pcode": "NP0328301", "adm3_name": "Bidur", "adm4_pcode": null, "adm4_name": null, "name_latin": "Shree Saraswati Ni.Ma.Vi" }, "geometry": { "type": "Point", "coordinates": [ 85.0761647, 27.8472004 ] } },
{ "type": "Feature", "properties": { "id": "node/5055255859", "name": "Shri Janasewa Lower Secondary School", "name_en": null, "name_ne": null, "status": "Standing", "amenity": "school", "man_made": null, "shop": null, "tourism": null, "opening_hours": null, "beds": null, "rooms": null, "addr_full": null, "addr_housenumber": null, "addr_street": null, "addr_city": null, "source": null, "adm0_pcode": "NPL", "adm0_name": "Nepal", "adm1_pcode": "NP03", "adm1_name": "Bagmati", "adm2_pcode": "NP0328", "adm2_name": "Nuwakot", "adm3_pcode": "NP0328302", "adm3_name": "Belkotgadhi", "adm4_pcode": null, "adm4_name": null, "name_latin": "Shri Janasewa Lower Secondary School" }, "geometry": { "type": "Point", "coordinates": [ 85.0897009, 27.8536836 ] } },
{ "type": "Feature", "properties": { "id": "node/5055300883", "name": "Shri Chandi Ni.Ma.Vi.", "name_en": null, "name_ne": null, "status": "Standing", "amenity": "school", "man_made": null, "shop": null, "tourism": null, "opening_hours": null, "beds": null, "rooms": null, "addr_full": null, "addr_housenumber": null, "addr_street": null, "addr_city": null, "source": null, "adm0_pcode": "NPL", "adm0_name": "Nepal", "adm1_pcode": "NP03", "adm1_name": "Bagmati", "adm2_pcode": "NP0328", "adm2_name": "Nuwakot", "adm3_pcode": "NP0328301", "adm3_name": "Bidur", "adm4_pcode": null, "adm4_name": null, "name_latin": "Shri Chandi Ni.Ma.Vi." }, "geometry": { "type": "Point", "coordinates": [ 85.0806347, 27.8576473 ] } },
{ "type": "Feature", "properties": { "id": "node/4544885593", "name": null, "name_en": "dhunge dhara", "name_ne": null, "status": "Standing", "amenity": "drinking_water", "man_made": null, "shop": null, "tourism": null, "opening_hours": null, "beds": null, "rooms": null, "addr_full": null, "addr_housenumber": null, "addr_street": null, "addr_city": null, "source": null, "adm0_pcode": "NPL", "adm0_name": "Nepal", "adm1_pcode": "NP03", "adm1_name": "Bagmati", "adm2_pcode": "NP0328", "adm2_name": "Nuwakot", "adm3_pcode": "NP0328302", "adm3_name": "Belkotgadhi", "adm4_pcode": null, "adm4_name": null, "name_latin": "dhunge dhara" }, "geometry": { "type": "Point", "coordinates": [ 85.0565438, 27.8530014 ] } },
{ "type": "Feature", "properties": { "id": "node/5055601519", "name": "Mahadev Multiple Campus", "name_en": null, "name_ne": null, "status": "Standing", "amenity": "school", "man_made": null, "shop": null, "tourism": null, "opening_hours": null, "beds": null, "rooms": null, "addr_full": null, "addr_housenumber": null, "addr_street": null, "addr_city": null, "source": null, "adm0_pcode": "NPL", "adm0_name": "Nepal", "adm1_pcode": "NP03", "adm1_name": "Bagmati", "adm2_pcode": "NP0328", "adm2_name": "Nuwakot", "adm3_pcode": "NP0328302", "adm3_name": "Belkotgadhi", "adm4_pcode": null, "adm4_name": null, "name_latin": "Mahadev Multiple Campus" }, "geometry": { "type": "Point", "coordinates": [ 85.0603241, 27.8522932 ] } },
{ "type": "Feature", "properties": { "id": "node/5046072853", "name": "Shri Sila Devi Ma. Vi", "name_en": null, "name_ne": null, "status": "Standing", "amenity": "school", "man_made": null, "shop": null, "tourism": null, "opening_hours": null, "beds": null, "rooms": null, "addr_full": null, "addr_housenumber": null, "addr_street": null, "addr_city": null, "source": null, "adm0_pcode": "NPL", "adm0_name": "Nepal", "adm1_pcode": "NP03", "adm1_name": "Bagmati", "adm2_pcode": "NP0328", "adm2_name": "Nuwakot", "adm3_pcode": "NP0328302", "adm3_name": "Belkotgadhi", "adm4_pcode": null, "adm4_name": null, "name_latin": "Shri Sila Devi Ma. Vi" }, "geometry": { "type": "Point", "coordinates": [ 85.0423178, 27.8514602 ] } },
{ "type": "Feature", "properties": { "id": "node/5055276919", "name": "Shri Ganeshman Singh Memorial Primary School", "name_en": null, "name_ne": null, "status": "Standing", "amenity": "school", "man_made": null, "shop": null, "tourism": null, "opening_hours": null, "beds": null, "rooms": null, "addr_full": null, "addr_housenumber": null, "addr_street": null, "addr_city": null, "source": null, "adm0_pcode": "NPL", "adm0_name": "Nepal", "adm1_pcode": "NP03", "adm1_name": "Bagmati", "adm2_pcode": "NP0328", "adm2_name": "Nuwakot", "adm3_pcode": "NP0328302", "adm3_name": "Belkotgadhi", "adm4_pcode": null, "adm4_name": null, "name_latin": "Shri Ganeshman Singh Memorial Primary School" }, "geometry": { "type": "Point", "coordinates": [ 85.0276701, 27.8491356 ] } },
{ "type": "Feature", "properties": { "id": "node/9519233722", "name": "NMB Bank", "name_en": null, "name_ne": null, "status": "Standing", "amenity": "bank", "man_made": null, "shop": null, "tourism": null, "opening_hours": null, "beds": null, "rooms": null, "addr_full": null, "addr_housenumber": null, "addr_street": null, "addr_city": null, "source": null, "adm0_pcode": "NPL", "adm0_name": "Nepal", "adm1_pcode": "NP03", "adm1_name": "Bagmati", "adm2_pcode": "NP0330", "adm2_name": "Dhading", "adm3_pcode": "NP0330410", "adm3_name": "Galchhi", "adm4_pcode": null, "adm4_name": null, "name_latin": "NMB Bank" }, "geometry": { "type": "Point", "coordinates": [ 85.0005129, 27.7957146 ] } },
{ "type": "Feature", "properties": { "id": "way/340624563", "name": null, "name_en": null, "name_ne": null, "status": "Destroyed", "amenity": null, "man_made": null, "shop": null, "tourism": "hostel", "opening_hours": null, "beds": null, "rooms": null, "addr_full": null, "addr_housenumber": null, "addr_street": null, "addr_city": null, "source": null, "adm0_pcode": "NPL", "adm0_name": "Nepal", "adm1_pcode": "NP03", "adm1_name": "Bagmati", "adm2_pcode": "NP0329", "adm2_name": "Rasuwa", "adm3_pcode": "NP0329402", "adm3_name": "Gosaikunda", "adm4_pcode": null, "adm4_name": null, "name_latin": null }, "geometry": { "type": "LineString", "coordinates": [ [ 85.3669982, 28.255027 ], [ 85.3670992, 28.2550102 ], [ 85.367055, 28.254804 ], [ 85.366954, 28.2548208 ], [ 85.3669982, 28.255027 ] ] } },
{ "type": "Feature", "properties": { "id": "way/1552761159", "name": null, "name_en": null, "name_ne": null, "status": "Standing", "amenity": null, "man_made": "pipeline", "shop": null, "tourism": null, "opening_hours": null, "beds": null, "rooms": null, "addr_full": null, "addr_housenumber": null, "addr_street": null, "addr_city": null, "source": null, "adm0_pcode": "NPL", "adm0_name": "Nepal", "adm1_pcode": "NP03", "adm1_name": "Bagmati", "adm2_pcode": "NP0328", "adm2_name": "Nuwakot", "adm3_pcode": "NP0328301", "adm3_name": "Bidur", "adm4_pcode": null, "adm4_name": null, "name_latin": null }, "geometry": { "type": "LineString", "coordinates": [ [ 85.145677, 27.9219942 ], [ 85.1457833, 27.9217438 ] ] } },
{ "type": "Feature", "properties": { "id": "way/1552733043", "name": null, "name_en": null, "name_ne": null, "status": "Destroyed", "amenity": "parking", "man_made": null, "shop": null, "tourism": null, "opening_hours": null, "beds": null, "rooms": null, "addr_full": null, "addr_housenumber": null, "addr_street": null, "addr_city": null, "source": null, "adm0_pcode": "NPL", "adm0_name": "Nepal", "adm1_pcode": "NP03", "adm1_name": "Bagmati", "adm2_pcode": "NP0329", "adm2_name": "Rasuwa", "adm3_pcode": "NP0329402", "adm3_name": "Gosaikunda", "adm4_pcode": null, "adm4_name": null, "name_latin": null }, "geometry": { "type": "LineString", "coordinates": [ [ 85.3768143, 28.2810186 ], [ 85.3772085, 28.2798695 ], [ 85.3775178, 28.2799518 ], [ 85.3771233, 28.2811009 ], [ 85.3768143, 28.2810186 ] ] } },
{ "type": "Feature", "properties": { "id": "way/260128015", "name": "Teacher Cantine", "name_en": null, "name_ne": null, "status": "Destroyed", "amenity": "restaurant", "man_made": null, "shop": null, "tourism": null, "opening_hours": null, "beds": null, "rooms": null, "addr_full": null, "addr_housenumber": null, "addr_street": null, "addr_city": null, "source": null, "adm0_pcode": "NPL", "adm0_name": "Nepal", "adm1_pcode": "NP03", "adm1_name": "Bagmati", "adm2_pcode": "NP0328", "adm2_name": "Nuwakot", "adm3_pcode": "NP0328301", "adm3_name": "Bidur", "adm4_pcode": null, "adm4_name": null, "name_latin": "Teacher Cantine" }, "geometry": { "type": "LineString", "coordinates": [ [ 85.1503441, 27.9254935 ], [ 85.1503643, 27.9253538 ], [ 85.1503345, 27.9253504 ], [ 85.1503481, 27.9252562 ], [ 85.1504772, 27.9252708 ], [ 85.1504635, 27.9253663 ], [ 85.1504835, 27.9253685 ], [ 85.1504636, 27.925507 ], [ 85.1503441, 27.9254935 ] ] } },
{ "type": "Feature", "properties": { "id": "way/419372427", "name": null, "name_en": null, "name_ne": null, "status": "Standing", "amenity": null, "man_made": "bridge", "shop": null, "tourism": null, "opening_hours": null, "beds": null, "rooms": null, "addr_full": null, "addr_housenumber": null, "addr_street": null, "addr_city": null, "source": null, "adm0_pcode": "NPL", "adm0_name": "Nepal", "adm1_pcode": "NP03", "adm1_name": "Bagmati", "adm2_pcode": "NP0328", "adm2_name": "Nuwakot", "adm3_pcode": "NP0328301", "adm3_name": "Bidur", "adm4_pcode": null, "adm4_name": null, "name_latin": null }, "geometry": { "type": "LineString", "coordinates": [ [ 85.1583034, 27.9499536 ], [ 85.158366, 27.9499445 ] ] } },
{ "type": "Feature", "properties": { "id": "way/258871200", "name": "Tribhuwan Trishuli Higher School", "name_en": null, "name_ne": null, "status": "Destroyed", "amenity": "school", "man_made": null, "shop": null, "tourism": null, "opening_hours": null, "beds": null, "rooms": null, "addr_full": null, "addr_housenumber": null, "addr_street": null, "addr_city": null, "source": null, "adm0_pcode": "NPL", "adm0_name": "Nepal", "adm1_pcode": "NP03", "adm1_name": "Bagmati", "adm2_pcode": "NP0328", "adm2_name": "Nuwakot", "adm3_pcode": "NP0328301", "adm3_name": "Bidur", "adm4_pcode": null, "adm4_name": null, "name_latin": "Tribhuwan Trishuli Higher School" }, "geometry": { "type": "LineString", "coordinates": [ [ 85.1498557, 27.9240979 ], [ 85.1498074, 27.9238325 ], [ 85.1497672, 27.9235718 ], [ 85.1498442, 27.9235718 ], [ 85.149871, 27.9235295 ], [ 85.1498879, 27.9234012 ], [ 85.1501722, 27.9233822 ], [ 85.1502084, 27.9236372 ], [ 85.1500434, 27.9236524 ], [ 85.1500515, 27.9237472 ], [ 85.150055, 27.9238331 ], [ 85.14999, 27.9239328 ], [ 85.1500005, 27.9240885 ], [ 85.1498557, 27.9240979 ] ] } },
{ "type": "Feature", "properties": { "id": "way/755069203", "name": "Devighat temple", "name_en": null, "name_ne": null, "status": "Destroyed", "amenity": "place_of_worship", "man_made": null, "shop": null, "tourism": null, "opening_hours": null, "beds": null, "rooms": null, "addr_full": null, "addr_housenumber": null, "addr_street": null, "addr_city": null, "source": null, "adm0_pcode": "NPL", "adm0_name": "Nepal", "adm1_pcode": "NP03", "adm1_name": "Bagmati", "adm2_pcode": "NP0328", "adm2_name": "Nuwakot", "adm3_pcode": "NP0328301", "adm3_name": "Bidur", "adm4_pcode": null, "adm4_name": null, "name_latin": "Devighat temple" }, "geometry": { "type": "LineString", "coordinates": [ [ 85.1077402, 27.8593543 ], [ 85.1076811, 27.859195 ], [ 85.1078403, 27.8591488 ], [ 85.1078994, 27.8593081 ], [ 85.1077402, 27.8593543 ] ] } },
{ "type": "Feature", "properties": { "id": "way/260125841", "name": "Ram Mandir", "name_en": null, "name_ne": null, "status": "Destroyed", "amenity": "place_of_worship", "man_made": null, "shop": null, "tourism": null, "opening_hours": null, "beds": null, "rooms": null, "addr_full": null, "addr_housenumber": null, "addr_street": null, "addr_city": null, "source": null, "adm0_pcode": "NPL", "adm0_name": "Nepal", "adm1_pcode": "NP03", "adm1_name": "Bagmati", "adm2_pcode": "NP0328", "adm2_name": "Nuwakot", "adm3_pcode": "NP0328301", "adm3_name": "Bidur", "adm4_pcode": null, "adm4_name": null, "name_latin": "Ram Mandir" }, "geometry": { "type": "LineString", "coordinates": [ [ 85.1502949, 27.9235148 ], [ 85.1502904, 27.9234336 ], [ 85.150384, 27.9234295 ], [ 85.1503884, 27.9235108 ], [ 85.1502949, 27.9235148 ] ] } },
{ "type": "Feature", "properties": { "id": "way/1553369441", "name": "吉隆长流水百货批发商店", "name_en": null, "name_ne": null, "status": "Destroyed", "amenity": null, "man_made": null, "shop": "yes", "tourism": null, "opening_hours": null, "beds": null, "rooms": null, "addr_full": null, "addr_housenumber": null, "addr_street": null, "addr_city": null, "source": null, "adm0_pcode": "NPL", "adm0_name": "Nepal", "adm1_pcode": "NP03", "adm1_name": "Bagmati", "adm2_pcode": "NP0329", "adm2_name": "Rasuwa", "adm3_pcode": "NP0329402", "adm3_name": "Gosaikunda", "adm4_pcode": null, "adm4_name": null, "name_latin": "Ji Long Chang Liu Shui Bai Huo Pi Fa Shang Dian " }, "geometry": { "type": "LineString", "coordinates": [ [ 85.3782352, 28.2797895 ], [ 85.3781718, 28.2797399 ], [ 85.3783238, 28.2795889 ], [ 85.3783873, 28.2796384 ], [ 85.3782352, 28.2797895 ] ] } },
{ "type": "Feature", "properties": { "id": "way/1552746560", "name": "热索临时便桥 रसुवागढीमा अस्थायी मितेरी पुल", "name_en": "Temporary Friendship Bridge in Rasuwagadhi", "name_ne": "रसुवागढीमा अस्थायी मितेरी पुल", "status": "Destroyed", "amenity": null, "man_made": "bridge", "shop": null, "tourism": null, "opening_hours": null, "beds": null, "rooms": null, "addr_full": null, "addr_housenumber": null, "addr_street": null, "addr_city": null, "source": null, "adm0_pcode": "NPL", "adm0_name": "Nepal", "adm1_pcode": "NP03", "adm1_name": "Bagmati", "adm2_pcode": "NP0329", "adm2_name": "Rasuwa", "adm3_pcode": "NP0329402", "adm3_name": "Gosaikunda", "adm4_pcode": null, "adm4_name": null, "name_latin": "Temporary Friendship Bridge in Rasuwagadhi" }, "geometry": { "type": "LineString", "coordinates": [ [ 85.3779895, 28.2791446 ], [ 85.3780167, 28.2791529 ], [ 85.3780439, 28.2791611 ], [ 85.3780488, 28.2791487 ], [ 85.3783412, 28.2784023 ], [ 85.3783141, 28.2783941 ], [ 85.3782871, 28.2783859 ], [ 85.3780015, 28.279114 ], [ 85.3779895, 28.2791446 ] ] } },
{ "type": "Feature", "properties": { "id": "way/260127795", "name": "Boys Hostel", "name_en": null, "name_ne": null, "status": "Destroyed", "amenity": null, "man_made": null, "shop": null, "tourism": "hostel", "opening_hours": null, "beds": null, "rooms": null, "addr_full": null, "addr_housenumber": null, "addr_street": null, "addr_city": null, "source": null, "adm0_pcode": "NPL", "adm0_name": "Nepal", "adm1_pcode": "NP03", "adm1_name": "Bagmati", "adm2_pcode": "NP0328", "adm2_name": "Nuwakot", "adm3_pcode": "NP0328301", "adm3_name": "Bidur", "adm4_pcode": null, "adm4_name": null, "name_latin": "Boys Hostel" }, "geometry": { "type": "LineString", "coordinates": [ [ 85.1497494, 27.9257402 ], [ 85.1497664, 27.925623 ], [ 85.1498021, 27.9253761 ], [ 85.1498929, 27.9253864 ], [ 85.1498497, 27.9256851 ], [ 85.1500647, 27.9257094 ], [ 85.1500994, 27.9254698 ], [ 85.150167, 27.9254774 ], [ 85.1501325, 27.9257161 ], [ 85.150164, 27.9257197 ], [ 85.1501544, 27.925786 ], [ 85.1497494, 27.9257402 ] ] } },
{ "type": "Feature", "properties": { "id": "way/1552746559", "name": "热索桥 रसुवागढी मितेरी पुल", "name_en": "Resuo Bridge", "name_ne": "रसुवागढी मितेरी पुल", "status": "Destroyed", "amenity": null, "man_made": "bridge", "shop": null, "tourism": null, "opening_hours": null, "beds": null, "rooms": null, "addr_full": null, "addr_housenumber": null, "addr_street": null, "addr_city": null, "source": null, "adm0_pcode": "NPL", "adm0_name": "Nepal", "adm1_pcode": "NP03", "adm1_name": "Bagmati", "adm2_pcode": "NP0329", "adm2_name": "Rasuwa", "adm3_pcode": "NP0329402", "adm3_name": "Gosaikunda", "adm4_pcode": null, "adm4_name": null, "name_latin": "Resuo Bridge" }, "geometry": { "type": "LineString", "coordinates": [ [ 85.3778505, 28.2790566 ], [ 85.3779083, 28.2790741 ], [ 85.3779661, 28.2790915 ], [ 85.3782845, 28.2782733 ], [ 85.3782266, 28.2782559 ], [ 85.3781687, 28.2782384 ], [ 85.3778505, 28.2790566 ] ] } },
{ "type": "Feature", "properties": { "id": "way/342132784", "name": "Bagua Bazar", "name_en": null, "name_ne": null, "status": "Standing", "amenity": "marketplace", "man_made": null, "shop": null, "tourism": null, "opening_hours": null, "beds": null, "rooms": null, "addr_full": null, "addr_housenumber": null, "addr_street": null, "addr_city": null, "source": "CNES, Airbus DS, 2014-04-27", "adm0_pcode": "NPL", "adm0_name": "Nepal", "adm1_pcode": "NP03", "adm1_name": "Bagmati", "adm2_pcode": "NP0328", "adm2_name": "Nuwakot", "adm3_pcode": "NP0328301", "adm3_name": "Bidur", "adm4_pcode": null, "adm4_name": null, "name_latin": "Bagua Bazar" }, "geometry": { "type": "Polygon", "coordinates": [ [ [ 85.1363172, 27.9258871 ], [ 85.1364687, 27.9256254 ], [ 85.1365455, 27.9255195 ], [ 85.1367671, 27.9252958 ], [ 85.1370511, 27.9250169 ], [ 85.1372182, 27.9248936 ], [ 85.1373702, 27.9248756 ], [ 85.13749, 27.9249155 ], [ 85.1376234, 27.9250893 ], [ 85.1376205, 27.9251487 ], [ 85.137533, 27.9252271 ], [ 85.1371954, 27.9254323 ], [ 85.137037, 27.9256051 ], [ 85.1368176, 27.9258501 ], [ 85.136752, 27.9259525 ], [ 85.1366568, 27.9260546 ], [ 85.1365593, 27.9260003 ], [ 85.1363172, 27.9258871 ] ] ] } },
{ "type": "Feature", "properties": { "id": "way/341446031", "name": "Hotel Satkar", "name_en": null, "name_ne": null, "status": "Standing", "amenity": null, "man_made": null, "shop": null, "tourism": "hotel", "opening_hours": null, "beds": null, "rooms": null, "addr_full": null, "addr_housenumber": null, "addr_street": "Pasang Lhaamu Highway", "addr_city": "Bidur", "source": null, "adm0_pcode": "NPL", "adm0_name": "Nepal", "adm1_pcode": "NP03", "adm1_name": "Bagmati", "adm2_pcode": "NP0328", "adm2_name": "Nuwakot", "adm3_pcode": "NP0328301", "adm3_name": "Bidur", "adm4_pcode": null, "adm4_name": null, "name_latin": "Hotel Satkar" }, "geometry": { "type": "Polygon", "coordinates": [ [ [ 85.1437455, 27.9113147 ], [ 85.1439001, 27.9111227 ], [ 85.1440459, 27.9112144 ], [ 85.1438913, 27.9114064 ], [ 85.1437455, 27.9113147 ] ] ] } },
{ "type": "Feature", "properties": { "id": "way/277988071", "name": "District Jail", "name_en": null, "name_ne": null, "status": "Standing", "amenity": "prison", "man_made": null, "shop": null, "tourism": null, "opening_hours": null, "beds": null, "rooms": null, "addr_full": null, "addr_housenumber": null, "addr_street": "Dhunge", "addr_city": "Nuwakot", "source": null, "adm0_pcode": "NPL", "adm0_name": "Nepal", "adm1_pcode": "NP03", "adm1_name": "Bagmati", "adm2_pcode": "NP0328", "adm2_name": "Nuwakot", "adm3_pcode": "NP0328301", "adm3_name": "Bidur", "adm4_pcode": null, "adm4_name": null, "name_latin": "District Jail" }, "geometry": { "type": "Polygon", "coordinates": [ [ [ 85.1431302, 27.9188677 ], [ 85.1433238, 27.9186245 ], [ 85.1435837, 27.9182441 ], [ 85.1436715, 27.9182843 ], [ 85.1440721, 27.9186878 ], [ 85.1440175, 27.9187554 ], [ 85.1438693, 27.9189387 ], [ 85.1437098, 27.919136 ], [ 85.1431302, 27.9188677 ] ] ] } },
{ "type": "Feature", "properties": { "id": "way/498173214", "name": "Shree Thumka Pra V", "name_en": null, "name_ne": null, "status": "Standing", "amenity": "school", "man_made": null, "shop": null, "tourism": null, "opening_hours": null, "beds": null, "rooms": null, "addr_full": null, "addr_housenumber": null, "addr_street": null, "addr_city": null, "source": null, "adm0_pcode": "NPL", "adm0_name": "Nepal", "adm1_pcode": "NP04", "adm1_name": "Gandaki", "adm2_pcode": "NP0436", "adm2_name": "Gorkha", "adm3_pcode": "NP0436409", "adm3_name": "Gandaki", "adm4_pcode": null, "adm4_name": null, "name_latin": "Shree Thumka Pra V" }, "geometry": { "type": "Polygon", "coordinates": [ [ [ 84.6806559, 27.8189162 ], [ 84.6807558, 27.818829 ], [ 84.6808497, 27.8187994 ], [ 84.6809107, 27.8188842 ], [ 84.6809214, 27.8189909 ], [ 84.6809707, 27.819065 ], [ 84.6810334, 27.8191967 ], [ 84.680915, 27.8192462 ], [ 84.6807866, 27.8191258 ], [ 84.6806813, 27.8190621 ], [ 84.6806559, 27.8189162 ] ] ] } },
{ "type": "Feature", "properties": { "id": "way/503523818", "name": "Shri Chakra Mahakali Pra Vi", "name_en": null, "name_ne": "श्री चक्र महाकाली प्राथमिक विद्यालय", "status": "Standing", "amenity": "school", "man_made": null, "shop": null, "tourism": null, "opening_hours": null, "beds": null, "rooms": null, "addr_full": null, "addr_housenumber": null, "addr_street": null, "addr_city": null, "source": null, "adm0_pcode": "NPL", "adm0_name": "Nepal", "adm1_pcode": "NP03", "adm1_name": "Bagmati", "adm2_pcode": "NP0330", "adm2_name": "Dhading", "adm3_pcode": "NP0330408", "adm3_name": "Benighat Rorang", "adm4_pcode": null, "adm4_name": null, "name_latin": "Shri Chakra Mahakali Pra Vi" }, "geometry": { "type": "Polygon", "coordinates": [ [ [ 84.8307009, 27.8251066 ], [ 84.830725, 27.8250212 ], [ 84.830835, 27.8249939 ], [ 84.8309893, 27.8249181 ], [ 84.8311032, 27.8249643 ], [ 84.8312277, 27.8251683 ], [ 84.8311663, 27.8252762 ], [ 84.8310067, 27.8253082 ], [ 84.8307103, 27.8252193 ], [ 84.8307009, 27.8251066 ] ] ] } },
{ "type": "Feature", "properties": { "id": "way/341442325", "name": "Shri Chhetrapal Lower Secondary School", "name_en": null, "name_ne": null, "status": "Standing", "amenity": "school", "man_made": null, "shop": null, "tourism": null, "opening_hours": null, "beds": null, "rooms": null, "addr_full": null, "addr_housenumber": null, "addr_street": "Khadga Bhanjyang 44900", "addr_city": null, "source": null, "adm0_pcode": "NPL", "adm0_name": "Nepal", "adm1_pcode": "NP03", "adm1_name": "Bagmati", "adm2_pcode": "NP0328", "adm2_name": "Nuwakot", "adm3_pcode": "NP0328301", "adm3_name": "Bidur", "adm4_pcode": null, "adm4_name": null, "name_latin": "Shri Chhetrapal Lower Secondary School" }, "geometry": { "type": "Polygon", "coordinates": [ [ [ 85.0946623, 27.8633931 ], [ 85.0947417, 27.8632012 ], [ 85.094882, 27.8631268 ], [ 85.0951061, 27.8630812 ], [ 85.0953113, 27.8631229 ], [ 85.0953425, 27.8632085 ], [ 85.0954802, 27.863367 ], [ 85.095459, 27.8634146 ], [ 85.0952027, 27.8635468 ], [ 85.0949205, 27.8635491 ], [ 85.0946865, 27.8635079 ], [ 85.0946623, 27.8633931 ] ] ] } },
{ "type": "Feature", "properties": { "id": "way/90210760", "name": "Hamlet Restaurant", "name_en": null, "name_ne": null, "status": "Standing", "amenity": "restaurant", "man_made": null, "shop": null, "tourism": null, "opening_hours": null, "beds": null, "rooms": null, "addr_full": null, "addr_housenumber": null, "addr_street": null, "addr_city": null, "source": null, "adm0_pcode": "NPL", "adm0_name": "Nepal", "adm1_pcode": "NP03", "adm1_name": "Bagmati", "adm2_pcode": "NP0330", "adm2_name": "Dhading", "adm3_pcode": "NP0330410", "adm3_name": "Galchhi", "adm4_pcode": null, "adm4_name": null, "name_latin": "Hamlet Restaurant" }, "geometry": { "type": "Polygon", "coordinates": [ [ [ 84.9626184, 27.8104491 ], [ 84.9628951, 27.8104084 ], [ 84.9631815, 27.8107506 ], [ 84.9628672, 27.8108895 ], [ 84.9626184, 27.8104491 ] ] ] } },
{ "type": "Feature", "properties": { "id": "way/1553191814", "name": null, "name_en": null, "name_ne": null, "status": "Standing", "amenity": "place_of_worship", "man_made": null, "shop": null, "tourism": null, "opening_hours": null, "beds": null, "rooms": null, "addr_full": null, "addr_housenumber": null, "addr_street": null, "addr_city": null, "source": null, "adm0_pcode": "NPL", "adm0_name": "Nepal", "adm1_pcode": "NP03", "adm1_name": "Bagmati", "adm2_pcode": "NP0328", "adm2_name": "Nuwakot", "adm3_pcode": "NP0328301", "adm3_name": "Bidur", "adm4_pcode": null, "adm4_name": null, "name_latin": null }, "geometry": { "type": "Polygon", "coordinates": [ [ [ 85.0915373, 27.8659949 ], [ 85.0915394, 27.8659206 ], [ 85.0916469, 27.8659229 ], [ 85.0916448, 27.8659972 ], [ 85.0915373, 27.8659949 ] ] ] } },
{ "type": "Feature", "properties": { "id": "way/278201422", "name": "Shri Sahid J P Jang Shah Sanskrit Ma V", "name_en": null, "name_ne": null, "status": "Standing", "amenity": "school", "man_made": null, "shop": null, "tourism": null, "opening_hours": null, "beds": null, "rooms": null, "addr_full": null, "addr_housenumber": null, "addr_street": "Devighat", "addr_city": "nuwakot", "source": null, "adm0_pcode": "NPL", "adm0_name": "Nepal", "adm1_pcode": "NP03", "adm1_name": "Bagmati", "adm2_pcode": "NP0328", "adm2_name": "Nuwakot", "adm3_pcode": "NP0328301", "adm3_name": "Bidur", "adm4_pcode": null, "adm4_name": null, "name_latin": "Shri Sahid J P Jang Shah Sanskrit Ma V" }, "geometry": { "type": "Polygon", "coordinates": [ [ [ 85.112707, 27.8635251 ], [ 85.1132931, 27.8630586 ], [ 85.1139999, 27.863662 ], [ 85.1133481, 27.8641362 ], [ 85.112707, 27.8635251 ] ] ] } },
{ "type": "Feature", "properties": { "id": "way/278201469", "name": "64 dham", "name_en": null, "name_ne": null, "status": "Standing", "amenity": "place_of_worship", "man_made": null, "shop": null, "tourism": null, "opening_hours": null, "beds": null, "rooms": null, "addr_full": null, "addr_housenumber": null, "addr_street": "Devighat", "addr_city": "Nuwakot", "source": null, "adm0_pcode": "NPL", "adm0_name": "Nepal", "adm1_pcode": "NP03", "adm1_name": "Bagmati", "adm2_pcode": "NP0328", "adm2_name": "Nuwakot", "adm3_pcode": "NP0328301", "adm3_name": "Bidur", "adm4_pcode": null, "adm4_name": null, "name_latin": "64 dham" }, "geometry": { "type": "Polygon", "coordinates": [ [ [ 85.111419, 27.8622695 ], [ 85.1115454, 27.8621252 ], [ 85.1122709, 27.8624365 ], [ 85.1123936, 27.8625022 ], [ 85.1127455, 27.8626503 ], [ 85.1126731, 27.8627878 ], [ 85.1122564, 27.8630929 ], [ 85.111419, 27.8622695 ] ] ] } },
{ "type": "Feature", "properties": { "id": "way/355674070", "name": null, "name_en": null, "name_ne": null, "status": "Standing", "amenity": null, "man_made": null, "shop": "funeral_directors", "tourism": null, "opening_hours": null, "beds": null, "rooms": null, "addr_full": null, "addr_housenumber": null, "addr_street": null, "addr_city": null, "source": null, "adm0_pcode": "NPL", "adm0_name": "Nepal", "adm1_pcode": "NP03", "adm1_name": "Bagmati", "adm2_pcode": "NP0328", "adm2_name": "Nuwakot", "adm3_pcode": "NP0328302", "adm3_name": "Belkotgadhi", "adm4_pcode": null, "adm4_name": null, "name_latin": null }, "geometry": { "type": "Polygon", "coordinates": [ [ [ 85.0220025, 27.8342475 ], [ 85.0220526, 27.8341548 ], [ 85.0221006, 27.8341751 ], [ 85.0220505, 27.8342678 ], [ 85.0220025, 27.8342475 ] ] ] } },
{ "type": "Feature", "properties": { "id": "relation/10953586", "name": "Trishuli Hospital", "name_en": null, "name_ne": null, "status": "Standing", "amenity": "hospital", "man_made": null, "shop": null, "tourism": null, "opening_hours": null, "beds": null, "rooms": null, "addr_full": null, "addr_housenumber": null, "addr_street": "Coloney", "addr_city": "Nuwakot", "source": null, "adm0_pcode": "NPL", "adm0_name": "Nepal", "adm1_pcode": "NP03", "adm1_name": "Bagmati", "adm2_pcode": "NP0328", "adm2_name": "Nuwakot", "adm3_pcode": "NP0328301", "adm3_name": "Bidur", "adm4_pcode": null, "adm4_name": null, "name_latin": "Trishuli Hospital" }, "geometry": { "type": "Polygon", "coordinates": [ [ [ 85.140477, 27.9245983 ], [ 85.1405468, 27.9244939 ], [ 85.1408525, 27.9242736 ], [ 85.1412146, 27.9243518 ], [ 85.1414493, 27.9248365 ], [ 85.141405, 27.9249289 ], [ 85.1410912, 27.9250059 ], [ 85.1408204, 27.925026 ], [ 85.140477, 27.9245983 ] ], [ [ 85.140586, 27.9245845 ], [ 85.1406312, 27.9246387 ], [ 85.1407534, 27.9245591 ], [ 85.1407082, 27.9245049 ], [ 85.140586, 27.9245845 ] ], [ [ 85.1406426, 27.9246338 ], [ 85.1408035, 27.924891 ], [ 85.140935, 27.9248275 ], [ 85.1409041, 27.9247781 ], [ 85.1408358, 27.9248108 ], [ 85.1407368, 27.9246527 ], [ 85.1408099, 27.924617 ], [ 85.1407788, 27.9245673 ], [ 85.1406426, 27.9246338 ] ], [ [ 85.1407317, 27.9244828 ], [ 85.1407963, 27.9245601 ], [ 85.1408311, 27.9245374 ], [ 85.1408512, 27.9245614 ], [ 85.1409091, 27.9245237 ], [ 85.140889, 27.9244997 ], [ 85.1409466, 27.9244622 ], [ 85.1408952, 27.9244006 ], [ 85.1407801, 27.9244756 ], [ 85.1407669, 27.9244599 ], [ 85.1407317, 27.9244828 ] ], [ [ 85.1408596, 27.9245809 ], [ 85.1409585, 27.924739 ], [ 85.1410172, 27.9247104 ], [ 85.1409175, 27.9245581 ], [ 85.1408596, 27.9245809 ] ], [ [ 85.1409088, 27.9247751 ], [ 85.1409438, 27.924831 ], [ 85.1411603, 27.9247248 ], [ 85.1411254, 27.924669 ], [ 85.1409675, 27.9247465 ], [ 85.1409088, 27.9247751 ] ], [ [ 85.1410319, 27.9248146 ], [ 85.141102, 27.9248925 ], [ 85.1411913, 27.9248298 ], [ 85.1411372, 27.9247697 ], [ 85.1411072, 27.9247907 ], [ 85.1410912, 27.924773 ], [ 85.1410319, 27.9248146 ] ], [ [ 85.141085, 27.9245957 ], [ 85.1411298, 27.9246672 ], [ 85.1411647, 27.924723 ], [ 85.1412973, 27.9249349 ], [ 85.1414147, 27.9248775 ], [ 85.1412025, 27.9245383 ], [ 85.141085, 27.9245957 ] ] ] } },
{ "type": "Feature", "properties": { "id": "way/755079901", "name": null, "name_en": null, "name_ne": null, "status": "Standing", "amenity": "college", "man_made": null, "shop": null, "tourism": null, "opening_hours": null, "beds": null, "rooms": null, "addr_full": null, "addr_housenumber": null, "addr_street": null, "addr_city": null, "source": null, "adm0_pcode": "NPL", "adm0_name": "Nepal", "adm1_pcode": "NP03", "adm1_name": "Bagmati", "adm2_pcode": "NP0328", "adm2_name": "Nuwakot", "adm3_pcode": "NP0328301", "adm3_name": "Bidur", "adm4_pcode": null, "adm4_name": null, "name_latin": null }, "geometry": { "type": "Polygon", "coordinates": [ [ [ 85.13916, 27.9227995 ], [ 85.1392646, 27.9226277 ], [ 85.1396415, 27.9227189 ], [ 85.139852, 27.922809 ], [ 85.1400492, 27.9228813 ], [ 85.1401578, 27.9231514 ], [ 85.1395194, 27.9233553 ], [ 85.139443, 27.9232391 ], [ 85.1392405, 27.9232439 ], [ 85.1391734, 27.9230543 ], [ 85.13916, 27.9227995 ] ] ] } },
{ "type": "Feature", "properties": { "id": "way/497990198", "name": "Shree Patal Devi Ni Ma V", "name_en": null, "name_ne": null, "status": "Standing", "amenity": "school", "man_made": null, "shop": null, "tourism": null, "opening_hours": null, "beds": null, "rooms": null, "addr_full": null, "addr_housenumber": null, "addr_street": null, "addr_city": null, "source": null, "adm0_pcode": "NPL", "adm0_name": "Nepal", "adm1_pcode": "NP04", "adm1_name": "Gandaki", "adm2_pcode": "NP0436", "adm2_name": "Gorkha", "adm3_pcode": "NP0436409", "adm3_name": "Gandaki", "adm4_pcode": null, "adm4_name": null, "name_latin": "Shree Patal Devi Ni Ma V" }, "geometry": { "type": "Polygon", "coordinates": [ [ [ 84.7483116, 27.8120699 ], [ 84.7485308, 27.8118858 ], [ 84.7486809, 27.812042 ], [ 84.7484655, 27.8122103 ], [ 84.7483116, 27.8120699 ] ] ] } },
{ "type": "Feature", "properties": { "id": "way/341332125", "name": null, "name_en": null, "name_ne": null, "status": "Standing", "amenity": "fuel", "man_made": null, "shop": null, "tourism": null, "opening_hours": null, "beds": null, "rooms": null, "addr_full": null, "addr_housenumber": null, "addr_street": null, "addr_city": null, "source": null, "adm0_pcode": "NPL", "adm0_name": "Nepal", "adm1_pcode": "NP03", "adm1_name": "Bagmati", "adm2_pcode": "NP0328", "adm2_name": "Nuwakot", "adm3_pcode": "NP0328301", "adm3_name": "Bidur", "adm4_pcode": null, "adm4_name": null, "name_latin": null }, "geometry": { "type": "Polygon", "coordinates": [ [ [ 85.1337383, 27.8721096 ], [ 85.1337951, 27.8720458 ], [ 85.1339694, 27.871856 ], [ 85.1342699, 27.872088 ], [ 85.134115, 27.872263 ], [ 85.134134, 27.8723863 ], [ 85.1339189, 27.8722353 ], [ 85.1337383, 27.8721096 ] ] ] } },
{ "type": "Feature", "properties": { "id": "way/594084567", "name": "Shree Bhadrakali Gurukul Saskriti Bidhyalaya", "name_en": null, "name_ne": null, "status": "Standing", "amenity": "school", "man_made": null, "shop": null, "tourism": null, "opening_hours": null, "beds": null, "rooms": null, "addr_full": null, "addr_housenumber": null, "addr_street": null, "addr_city": null, "source": null, "adm0_pcode": "NPL", "adm0_name": "Nepal", "adm1_pcode": "NP03", "adm1_name": "Bagmati", "adm2_pcode": "NP0330", "adm2_name": "Dhading", "adm3_pcode": "NP0330407", "adm3_name": "Siddhalek", "adm4_pcode": null, "adm4_name": null, "name_latin": "Shree Bhadrakali Gurukul Saskriti Bidhyalaya" }, "geometry": { "type": "Polygon", "coordinates": [ [ [ 84.8355125, 27.8068934 ], [ 84.8355634, 27.8068365 ], [ 84.8356144, 27.8068792 ], [ 84.8356687, 27.8068733 ], [ 84.8358031, 27.8069359 ], [ 84.8358578, 27.8069017 ], [ 84.835943, 27.8068655 ], [ 84.8360661, 27.8067468 ], [ 84.8362119, 27.8067101 ], [ 84.8362599, 27.8067206 ], [ 84.83627, 27.8070852 ], [ 84.8362043, 27.8072279 ], [ 84.83602, 27.8073985 ], [ 84.835958, 27.8073443 ], [ 84.8355624, 27.806948 ], [ 84.8355125, 27.8068934 ] ] ] } },
{ "type": "Feature", "properties": { "id": "way/341482954", "name": "Narayani Bakery Cafe - Battar", "name_en": null, "name_ne": null, "status": "Standing", "amenity": "cafe", "man_made": null, "shop": null, "tourism": null, "opening_hours": null, "beds": null, "rooms": null, "addr_full": null, "addr_housenumber": null, "addr_street": null, "addr_city": null, "source": null, "adm0_pcode": "NPL", "adm0_name": "Nepal", "adm1_pcode": "NP03", "adm1_name": "Bagmati", "adm2_pcode": "NP0328", "adm2_name": "Nuwakot", "adm3_pcode": "NP0328301", "adm3_name": "Bidur", "adm4_pcode": null, "adm4_name": null, "name_latin": "Narayani Bakery Cafe - Battar" }, "geometry": { "type": "Polygon", "coordinates": [ [ [ 85.1410653, 27.8967316 ], [ 85.1410875, 27.8966525 ], [ 85.1412722, 27.896693 ], [ 85.14125, 27.896772 ], [ 85.1410653, 27.8967316 ] ] ] } },
{ "type": "Feature", "properties": { "id": "way/1553510177", "name": null, "name_en": null, "name_ne": null, "status": "Standing", "amenity": "toilets", "man_made": null, "shop": null, "tourism": null, "opening_hours": null, "beds": null, "rooms": null, "addr_full": null, "addr_housenumber": null, "addr_street": null, "addr_city": null, "source": null, "adm0_pcode": "NPL", "adm0_name": "Nepal", "adm1_pcode": "NP03", "adm1_name": "Bagmati", "adm2_pcode": "NP0330", "adm2_name": "Dhading", "adm3_pcode": "NP0330408", "adm3_name": "Benighat Rorang", "adm4_pcode": null, "adm4_name": null, "name_latin": null }, "geometry": { "type": "Polygon", "coordinates": [ [ [ 84.7059854, 27.8041973 ], [ 84.706022, 27.8041576 ], [ 84.7060731, 27.8041945 ], [ 84.7060365, 27.8042342 ], [ 84.7059854, 27.8041973 ] ] ] } },
{ "type": "Feature", "properties": { "id": "way/342634651", "name": "Shree Lingling Pra Vi", "name_en": null, "name_ne": null, "status": "Standing", "amenity": "school", "man_made": null, "shop": null, "tourism": null, "opening_hours": null, "beds": null, "rooms": null, "addr_full": null, "addr_housenumber": null, "addr_street": null, "addr_city": null, "source": null, "adm0_pcode": "NPL", "adm0_name": "Nepal", "adm1_pcode": "NP03", "adm1_name": "Bagmati", "adm2_pcode": "NP0329", "adm2_name": "Rasuwa", "adm3_pcode": "NP0329402", "adm3_name": "Gosaikunda", "adm4_pcode": null, "adm4_name": null, "name_latin": "Shree Lingling Pra Vi" }, "geometry": { "type": "Polygon", "coordinates": [ [ [ 85.3586482, 28.214663 ], [ 85.3588463, 28.2145907 ], [ 85.3588222, 28.2144524 ], [ 85.3589652, 28.2143554 ], [ 85.3591802, 28.214723 ], [ 85.3589954, 28.214799 ], [ 85.3587538, 28.2148152 ], [ 85.3586482, 28.214663 ] ] ] } },
{ "type": "Feature", "properties": { "id": "way/639113707", "name": "shree satyawati higher secondary school", "name_en": null, "name_ne": null, "status": "Standing", "amenity": "school", "man_made": null, "shop": null, "tourism": null, "opening_hours": null, "beds": null, "rooms": null, "addr_full": null, "addr_housenumber": null, "addr_street": "adamtar", "addr_city": "Adamtar", "source": null, "adm0_pcode": "NPL", "adm0_name": "Nepal", "adm1_pcode": "NP03", "adm1_name": "Bagmati", "adm2_pcode": "NP0330", "adm2_name": "Dhading", "adm3_pcode": "NP0330407", "adm3_name": "Siddhalek", "adm4_pcode": null, "adm4_name": null, "name_latin": "shree satyawati higher secondary school" }, "geometry": { "type": "Polygon", "coordinates": [ [ [ 84.9400111, 27.8085047 ], [ 84.9401991, 27.8083885 ], [ 84.9403785, 27.808638 ], [ 84.940456, 27.8089469 ], [ 84.9404136, 27.8090045 ], [ 84.9402148, 27.809 ], [ 84.9401306, 27.8089146 ], [ 84.9401007, 27.8088016 ], [ 84.9400111, 27.8085047 ] ] ] } },
{ "type": "Feature", "properties": { "id": "way/589973193", "name": null, "name_en": null, "name_ne": null, "status": "Standing", "amenity": null, "man_made": "reservoir_covered", "shop": null, "tourism": null, "opening_hours": null, "beds": null, "rooms": null, "addr_full": null, "addr_housenumber": null, "addr_street": null, "addr_city": null, "source": null, "adm0_pcode": "NPL", "adm0_name": "Nepal", "adm1_pcode": "NP03", "adm1_name": "Bagmati", "adm2_pcode": "NP0330", "adm2_name": "Dhading", "adm3_pcode": "NP0330409", "adm3_name": "Gajuri", "adm4_pcode": null, "adm4_name": null, "name_latin": null }, "geometry": { "type": "Polygon", "coordinates": [ [ [ 84.8859443, 27.8028765 ], [ 84.8859524, 27.8028598 ], [ 84.8859678, 27.8028479 ], [ 84.8859875, 27.8028431 ], [ 84.8860077, 27.8028464 ], [ 84.8860242, 27.802857 ], [ 84.8860339, 27.802873 ], [ 84.8860348, 27.8028911 ], [ 84.8860267, 27.8029077 ], [ 84.8860113, 27.8029196 ], [ 84.8859916, 27.8029244 ], [ 84.8859714, 27.8029212 ], [ 84.8859549, 27.8029105 ], [ 84.8859452, 27.8028946 ], [ 84.8859443, 27.8028765 ] ] ] } },
{ "type": "Feature", "properties": { "id": "way/341439784", "name": "Shri Rana Bhuwaneswari Uccha Madhyamik Prabidhik Bidyalaya", "name_en": null, "name_ne": null, "status": "Standing", "amenity": "school", "man_made": null, "shop": null, "tourism": null, "opening_hours": null, "beds": null, "rooms": null, "addr_full": null, "addr_housenumber": null, "addr_street": null, "addr_city": null, "source": null, "adm0_pcode": "NPL", "adm0_name": "Nepal", "adm1_pcode": "NP03", "adm1_name": "Bagmati", "adm2_pcode": "NP0328", "adm2_name": "Nuwakot", "adm3_pcode": "NP0328301", "adm3_name": "Bidur", "adm4_pcode": null, "adm4_name": null, "name_latin": "Shri Rana Bhuwaneswari Uccha Madhyamik Prabidhik Bidyalaya" }, "geometry": { "type": "Polygon", "coordinates": [ [ [ 85.1072833, 27.862083 ], [ 85.107483, 27.8617798 ], [ 85.1078026, 27.8620152 ], [ 85.1079577, 27.862125 ], [ 85.108029, 27.8622214 ], [ 85.1080548, 27.8623303 ], [ 85.1081844, 27.8625657 ], [ 85.1080817, 27.8626314 ], [ 85.1081664, 27.8627527 ], [ 85.1080959, 27.8628078 ], [ 85.1076683, 27.8625797 ], [ 85.1074284, 27.8624709 ], [ 85.1075373, 27.8622757 ], [ 85.1072833, 27.862083 ] ] ] } },
{ "type": "Feature", "properties": { "id": "way/340612459", "name": "Gaudali Dhindo Ghar", "name_en": null, "name_ne": null, "status": "Standing", "amenity": "restaurant", "man_made": null, "shop": null, "tourism": null, "opening_hours": null, "beds": null, "rooms": null, "addr_full": null, "addr_housenumber": null, "addr_street": null, "addr_city": null, "source": "Bing", "adm0_pcode": "NPL", "adm0_name": "Nepal", "adm1_pcode": "NP04", "adm1_name": "Gandaki", "adm2_pcode": "NP0436", "adm2_name": "Gorkha", "adm3_pcode": "NP0436408", "adm3_name": "Shahid Lakhan", "adm4_pcode": null, "adm4_name": null, "name_latin": "Gaudali Dhindo Ghar" }, "geometry": { "type": "Polygon", "coordinates": [ [ [ 84.5987903, 27.8743385 ], [ 84.5988599, 27.8742969 ], [ 84.5988657, 27.8743098 ], [ 84.5988994, 27.8743507 ], [ 84.5988309, 27.8743916 ], [ 84.5987903, 27.8743385 ] ] ] } },
{ "type": "Feature", "properties": { "id": "way/1553399365", "name": "Shree Nepal Rastriya School, Syauli", "name_en": null, "name_ne": null, "status": "Standing", "amenity": "school", "man_made": null, "shop": null, "tourism": null, "opening_hours": null, "beds": null, "rooms": null, "addr_full": null, "addr_housenumber": null, "addr_street": null, "addr_city": null, "source": null, "adm0_pcode": "NPL", "adm0_name": "Nepal", "adm1_pcode": "NP03", "adm1_name": "Bagmati", "adm2_pcode": "NP0335", "adm2_name": "Chitawan", "adm3_pcode": "NP0335101", "adm3_name": "Bharatpur", "adm4_pcode": null, "adm4_name": null, "name_latin": "Shree Nepal Rastriya School, Syauli" }, "geometry": { "type": "Polygon", "coordinates": [ [ [ 84.4629858, 27.8116644 ], [ 84.4629968, 27.8116128 ], [ 84.4633321, 27.8116686 ], [ 84.4633211, 27.8117201 ], [ 84.4629858, 27.8116644 ] ] ] } },
{ "type": "Feature", "properties": { "id": "way/345115922", "name": "Shree Janasakti Prathamik School", "name_en": null, "name_ne": null, "status": "Standing", "amenity": "school", "man_made": null, "shop": null, "tourism": null, "opening_hours": null, "beds": null, "rooms": null, "addr_full": null, "addr_housenumber": null, "addr_street": null, "addr_city": null, "source": null, "adm0_pcode": "NPL", "adm0_name": "Nepal", "adm1_pcode": "NP04", "adm1_name": "Gandaki", "adm2_pcode": "NP0440", "adm2_name": "Tanahu", "adm3_pcode": "NP0440405", "adm3_name": "Aanbu Khaireni", "adm4_pcode": null, "adm4_name": null, "name_latin": "Shree Janasakti Prathamik School" }, "geometry": { "type": "Polygon", "coordinates": [ [ [ 84.4609062, 27.8297439 ], [ 84.4610309, 27.8296591 ], [ 84.4610496, 27.8296806 ], [ 84.4610831, 27.8297191 ], [ 84.4609583, 27.8298039 ], [ 84.4609062, 27.8297439 ] ] ] } },
{ "type": "Feature", "properties": { "id": "way/503534980", "name": "Shri Kali Devi Pra Vi", "name_en": null, "name_ne": null, "status": "Standing", "amenity": "school", "man_made": null, "shop": null, "tourism": null, "opening_hours": null, "beds": null, "rooms": null, "addr_full": null, "addr_housenumber": null, "addr_street": null, "addr_city": null, "source": null, "adm0_pcode": "NPL", "adm0_name": "Nepal", "adm1_pcode": "NP03", "adm1_name": "Bagmati", "adm2_pcode": "NP0330", "adm2_name": "Dhading", "adm3_pcode": "NP0330410", "adm3_name": "Galchhi", "adm4_pcode": null, "adm4_name": null, "name_latin": "Shri Kali Devi Pra Vi" }, "geometry": { "type": "Polygon", "coordinates": [ [ [ 84.9763238, 27.8043554 ], [ 84.9763747, 27.8042291 ], [ 84.9765591, 27.8042184 ], [ 84.9767509, 27.8042457 ], [ 84.9768944, 27.8042113 ], [ 84.976944, 27.8043548 ], [ 84.976775, 27.8044794 ], [ 84.9766087, 27.8045838 ], [ 84.9765041, 27.8045043 ], [ 84.9764116, 27.8044331 ], [ 84.9763238, 27.8043554 ] ] ] } },
{ "type": "Feature", "properties": { "id": "way/246153293", "name": "Shree Bhairum Higher Secondary School", "name_en": null, "name_ne": null, "status": "Standing", "amenity": "school", "man_made": null, "shop": null, "tourism": null, "opening_hours": null, "beds": null, "rooms": null, "addr_full": null, "addr_housenumber": null, "addr_street": null, "addr_city": null, "source": null, "adm0_pcode": "NPL", "adm0_name": "Nepal", "adm1_pcode": "NP03", "adm1_name": "Bagmati", "adm2_pcode": "NP0328", "adm2_name": "Nuwakot", "adm3_pcode": "NP0328301", "adm3_name": "Bidur", "adm4_pcode": null, "adm4_name": null, "name_latin": "Shree Bhairum Higher Secondary School" }, "geometry": { "type": "Polygon", "coordinates": [ [ [ 85.1385904, 27.9223456 ], [ 85.1388379, 27.9222183 ], [ 85.139837, 27.9227963 ], [ 85.140023, 27.9228945 ], [ 85.1400784, 27.9229713 ], [ 85.1398975, 27.9232005 ], [ 85.1398318, 27.9233102 ], [ 85.1389202, 27.9228568 ], [ 85.1386769, 27.9228473 ], [ 85.1385904, 27.9223456 ] ] ] } },
{ "type": "Feature", "properties": { "id": "way/590141152", "name": null, "name_en": null, "name_ne": null, "status": "Standing", "amenity": "school", "man_made": null, "shop": null, "tourism": null, "opening_hours": null, "beds": null, "rooms": null, "addr_full": null, "addr_housenumber": null, "addr_street": null, "addr_city": null, "source": null, "adm0_pcode": "NPL", "adm0_name": "Nepal", "adm1_pcode": "NP03", "adm1_name": "Bagmati", "adm2_pcode": "NP0330", "adm2_name": "Dhading", "adm3_pcode": "NP0330409", "adm3_name": "Gajuri", "adm4_pcode": null, "adm4_name": null, "name_latin": null }, "geometry": { "type": "Polygon", "coordinates": [ [ [ 84.8768661, 27.8054788 ], [ 84.8768855, 27.8054516 ], [ 84.876911, 27.8054017 ], [ 84.8769955, 27.8052896 ], [ 84.8769861, 27.8052469 ], [ 84.8769405, 27.8052101 ], [ 84.8769888, 27.8050927 ], [ 84.8770344, 27.8050108 ], [ 84.8770948, 27.8049693 ], [ 84.8771565, 27.8049717 ], [ 84.8771954, 27.8050014 ], [ 84.8772208, 27.8050595 ], [ 84.8773161, 27.8050725 ], [ 84.8773912, 27.8051022 ], [ 84.877422, 27.8051484 ], [ 84.877426, 27.8052006 ], [ 84.8773107, 27.8053762 ], [ 84.8772208, 27.8054865 ], [ 84.8771779, 27.8055613 ], [ 84.8771363, 27.8056158 ], [ 84.8771075, 27.8056307 ], [ 84.8769768, 27.805553 ], [ 84.8768661, 27.8054788 ] ] ] } },
{ "type": "Feature", "properties": { "id": "way/846902681", "name": null, "name_en": null, "name_ne": null, "status": "Standing", "amenity": null, "man_made": "water_tower", "shop": null, "tourism": null, "opening_hours": null, "beds": null, "rooms": null, "addr_full": null, "addr_housenumber": null, "addr_street": null, "addr_city": null, "source": null, "adm0_pcode": "NPL", "adm0_name": "Nepal", "adm1_pcode": "NP03", "adm1_name": "Bagmati", "adm2_pcode": "NP0329", "adm2_name": "Rasuwa", "adm3_pcode": "NP0329402", "adm3_name": "Gosaikunda", "adm4_pcode": null, "adm4_name": null, "name_latin": null }, "geometry": { "type": "Polygon", "coordinates": [ [ [ 85.3778659, 28.2808974 ], [ 85.3779491, 28.280796 ], [ 85.3780067, 28.2808327 ], [ 85.3779235, 28.280934 ], [ 85.3778659, 28.2808974 ] ] ] } },
{ "type": "Feature", "properties": { "id": "way/500573773", "name": "Shree Gandaki Pra V", "name_en": null, "name_ne": null, "status": "Standing", "amenity": "school", "man_made": null, "shop": null, "tourism": null, "opening_hours": null, "beds": null, "rooms": null, "addr_full": null, "addr_housenumber": null, "addr_street": null, "addr_city": null, "source": null, "adm0_pcode": "NPL", "adm0_name": "Nepal", "adm1_pcode": "NP04", "adm1_name": "Gandaki", "adm2_pcode": "NP0436", "adm2_name": "Gorkha", "adm3_pcode": "NP0436408", "adm3_name": "Shahid Lakhan", "adm4_pcode": null, "adm4_name": null, "name_latin": "Shree Gandaki Pra V" }, "geometry": { "type": "Polygon", "coordinates": [ [ [ 84.6102672, 27.8794843 ], [ 84.6103611, 27.8794149 ], [ 84.6104966, 27.879412 ], [ 84.6106575, 27.8793954 ], [ 84.6107266, 27.8794297 ], [ 84.6107022, 27.8796052 ], [ 84.6104785, 27.8796002 ], [ 84.61028, 27.8796016 ], [ 84.6102672, 27.8794843 ] ] ] } },
{ "type": "Feature", "properties": { "id": "way/547204811", "name": "Oreg", "name_en": null, "name_ne": null, "status": "Standing", "amenity": null, "man_made": null, "shop": null, "tourism": "hotel", "opening_hours": null, "beds": null, "rooms": null, "addr_full": null, "addr_housenumber": null, "addr_street": "Oreg", "addr_city": null, "source": null, "adm0_pcode": "NPL", "adm0_name": "Nepal", "adm1_pcode": "NP04", "adm1_name": "Gandaki", "adm2_pcode": "NP0436", "adm2_name": "Gorkha", "adm3_pcode": "NP0436408", "adm3_name": "Shahid Lakhan", "adm4_pcode": null, "adm4_name": null, "name_latin": "Oreg" }, "geometry": { "type": "Polygon", "coordinates": [ [ [ 84.6122128, 27.8792832 ], [ 84.6123469, 27.8792383 ], [ 84.6123885, 27.8793354 ], [ 84.6122544, 27.8793803 ], [ 84.6122128, 27.8792832 ] ] ] } },
{ "type": "Feature", "properties": { "id": "way/1485601732", "name": null, "name_en": null, "name_ne": null, "status": "Standing", "amenity": "fast_food", "man_made": null, "shop": null, "tourism": null, "opening_hours": null, "beds": null, "rooms": null, "addr_full": null, "addr_housenumber": null, "addr_street": null, "addr_city": null, "source": null, "adm0_pcode": "NPL", "adm0_name": "Nepal", "adm1_pcode": "NP03", "adm1_name": "Bagmati", "adm2_pcode": "NP0335", "adm2_name": "Chitawan", "adm3_pcode": "NP0335401", "adm3_name": "Ichchha Kamana", "adm4_pcode": null, "adm4_name": null, "name_latin": null }, "geometry": { "type": "Polygon", "coordinates": [ [ [ 84.6082734, 27.8693836 ], [ 84.608285, 27.8693162 ], [ 84.6083123, 27.8693199 ], [ 84.6083008, 27.8693873 ], [ 84.6082734, 27.8693836 ] ] ] } },
{ "type": "Feature", "properties": { "id": "way/1485601726", "name": "cafeteria", "name_en": null, "name_ne": null, "status": "Standing", "amenity": "cafe", "man_made": null, "shop": null, "tourism": null, "opening_hours": null, "beds": null, "rooms": null, "addr_full": null, "addr_housenumber": null, "addr_street": null, "addr_city": null, "source": null, "adm0_pcode": "NPL", "adm0_name": "Nepal", "adm1_pcode": "NP03", "adm1_name": "Bagmati", "adm2_pcode": "NP0335", "adm2_name": "Chitawan", "adm3_pcode": "NP0335401", "adm3_name": "Ichchha Kamana", "adm4_pcode": null, "adm4_name": null, "name_latin": "cafeteria" }, "geometry": { "type": "Polygon", "coordinates": [ [ [ 84.6083642, 27.8694652 ], [ 84.6084103, 27.8692152 ], [ 84.6086502, 27.8692497 ], [ 84.6086314, 27.8693514 ], [ 84.6086762, 27.8693579 ], [ 84.6086541, 27.8694782 ], [ 84.6086055, 27.8694712 ], [ 84.6086003, 27.8694992 ], [ 84.6083642, 27.8694652 ] ] ] } },
{ "type": "Feature", "properties": { "id": "way/334122027", "name": null, "name_en": null, "name_ne": null, "status": "Standing", "amenity": "toilets", "man_made": null, "shop": null, "tourism": null, "opening_hours": null, "beds": null, "rooms": null, "addr_full": null, "addr_housenumber": null, "addr_street": null, "addr_city": null, "source": null, "adm0_pcode": "NPL", "adm0_name": "Nepal", "adm1_pcode": "NP04", "adm1_name": "Gandaki", "adm2_pcode": "NP0436", "adm2_name": "Gorkha", "adm3_pcode": "NP0436408", "adm3_name": "Shahid Lakhan", "adm4_pcode": null, "adm4_name": null, "name_latin": null }, "geometry": { "type": "Polygon", "coordinates": [ [ [ 84.6020131, 27.8721148 ], [ 84.6020987, 27.872065 ], [ 84.6021648, 27.8721537 ], [ 84.6020792, 27.8722036 ], [ 84.6020131, 27.8721148 ] ] ] } },
{ "type": "Feature", "properties": { "id": "way/503925692", "name": "Shree kalika Pra Vi", "name_en": null, "name_ne": null, "status": "Standing", "amenity": "school", "man_made": null, "shop": null, "tourism": null, "opening_hours": null, "beds": null, "rooms": null, "addr_full": null, "addr_housenumber": null, "addr_street": null, "addr_city": null, "source": null, "adm0_pcode": "NPL", "adm0_name": "Nepal", "adm1_pcode": "NP03", "adm1_name": "Bagmati", "adm2_pcode": "NP0330", "adm2_name": "Dhading", "adm3_pcode": "NP0330408", "adm3_name": "Benighat Rorang", "adm4_pcode": null, "adm4_name": null, "name_latin": "Shree kalika Pra Vi" }, "geometry": { "type": "Polygon", "coordinates": [ [ [ 84.7571317, 27.8017764 ], [ 84.757137, 27.8017076 ], [ 84.7572014, 27.8016839 ], [ 84.7572671, 27.8017331 ], [ 84.7573181, 27.8018838 ], [ 84.7573355, 27.8019544 ], [ 84.7571893, 27.8019657 ], [ 84.7571786, 27.8019307 ], [ 84.7571639, 27.8018749 ], [ 84.7571317, 27.8017764 ] ] ] } },
{ "type": "Feature", "properties": { "id": "way/503155928", "name": "Shri Samitar Pra V", "name_en": null, "name_ne": null, "status": "Standing", "amenity": "school", "man_made": null, "shop": null, "tourism": null, "opening_hours": null, "beds": null, "rooms": null, "addr_full": null, "addr_housenumber": null, "addr_street": null, "addr_city": null, "source": null, "adm0_pcode": "NPL", "adm0_name": "Nepal", "adm1_pcode": "NP03", "adm1_name": "Bagmati", "adm2_pcode": "NP0330", "adm2_name": "Dhading", "adm3_pcode": "NP0330407", "adm3_name": "Siddhalek", "adm4_pcode": null, "adm4_name": null, "name_latin": "Shri Samitar Pra V" }, "geometry": { "type": "Polygon", "coordinates": [ [ [ 84.8621583, 27.8099598 ], [ 84.8621918, 27.8098246 ], [ 84.8622776, 27.8097581 ], [ 84.8623782, 27.8096846 ], [ 84.8624801, 27.8096348 ], [ 84.8625941, 27.809668 ], [ 84.8627323, 27.8097131 ], [ 84.8626786, 27.8098352 ], [ 84.8626075, 27.8099325 ], [ 84.8625472, 27.810031 ], [ 84.8623165, 27.8100144 ], [ 84.8622106, 27.8099811 ], [ 84.8621583, 27.8099598 ] ] ] } },
{ "type": "Feature", "properties": { "id": "way/503155978", "name": "Shree Mahakali Ma V", "name_en": null, "name_ne": null, "status": "Standing", "amenity": "school", "man_made": null, "shop": null, "tourism": null, "opening_hours": null, "beds": null, "rooms": null, "addr_full": null, "addr_housenumber": null, "addr_street": null, "addr_city": null, "source": null, "adm0_pcode": "NPL", "adm0_name": "Nepal", "adm1_pcode": "NP03", "adm1_name": "Bagmati", "adm2_pcode": "NP0330", "adm2_name": "Dhading", "adm3_pcode": "NP0330407", "adm3_name": "Siddhalek", "adm4_pcode": null, "adm4_name": null, "name_latin": "Shree Mahakali Ma V" }, "geometry": { "type": "Polygon", "coordinates": [ [ [ 84.9109872, 27.8074415 ], [ 84.9109979, 27.8071355 ], [ 84.9111333, 27.8070911 ], [ 84.9113259, 27.8070629 ], [ 84.9113354, 27.8070739 ], [ 84.9117114, 27.8071591 ], [ 84.9117718, 27.8073489 ], [ 84.9116752, 27.8074818 ], [ 84.9115773, 27.8076585 ], [ 84.91147, 27.8077167 ], [ 84.9112286, 27.8078329 ], [ 84.9111481, 27.8077855 ], [ 84.9110543, 27.8076064 ], [ 84.9109872, 27.8074415 ] ] ] } },
{ "type": "Feature", "properties": { "id": "way/497989248", "name": "Madrassa Islamiyafaijul Ulum", "name_en": null, "name_ne": null, "status": "Standing", "amenity": "school", "man_made": null, "shop": null, "tourism": null, "opening_hours": null, "beds": null, "rooms": null, "addr_full": null, "addr_housenumber": null, "addr_street": null, "addr_city": null, "source": null, "adm0_pcode": "NPL", "adm0_name": "Nepal", "adm1_pcode": "NP03", "adm1_name": "Bagmati", "adm2_pcode": "NP0330", "adm2_name": "Dhading", "adm3_pcode": "NP0330408", "adm3_name": "Benighat Rorang", "adm4_pcode": null, "adm4_name": null, "name_latin": "Madrassa Islamiyafaijul Ulum" }, "geometry": { "type": "Polygon", "coordinates": [ [ [ 84.7744819, 27.8095883 ], [ 84.7746055, 27.8095411 ], [ 84.7747109, 27.8095517 ], [ 84.7748785, 27.8096045 ], [ 84.7750199, 27.8096656 ], [ 84.7749824, 27.8097641 ], [ 84.7749408, 27.8099953 ], [ 84.7745273, 27.8098674 ], [ 84.7744819, 27.8095883 ] ] ] } },
{ "type": "Feature", "properties": { "id": "way/503156194", "name": "Shree Kalika Pra V", "name_en": null, "name_ne": null, "status": "Standing", "amenity": "school", "man_made": null, "shop": null, "tourism": null, "opening_hours": null, "beds": null, "rooms": null, "addr_full": null, "addr_housenumber": null, "addr_street": null, "addr_city": null, "source": null, "adm0_pcode": "NPL", "adm0_name": "Nepal", "adm1_pcode": "NP03", "adm1_name": "Bagmati", "adm2_pcode": "NP0330", "adm2_name": "Dhading", "adm3_pcode": "NP0330407", "adm3_name": "Siddhalek", "adm4_pcode": null, "adm4_name": null, "name_latin": "Shree Kalika Pra V" }, "geometry": { "type": "Polygon", "coordinates": [ [ [ 84.8920367, 27.8142574 ], [ 84.8921145, 27.8142004 ], [ 84.8922526, 27.8141649 ], [ 84.8923116, 27.8142752 ], [ 84.8920662, 27.8143558 ], [ 84.8920367, 27.8142574 ] ] ] } },
{ "type": "Feature", "properties": { "id": "way/589973190", "name": null, "name_en": null, "name_ne": "प्राथमिक स्वस्थ केन्द्र, गजुरी", "status": "Standing", "amenity": "hospital", "man_made": null, "shop": null, "tourism": null, "opening_hours": null, "beds": "5", "rooms": null, "addr_full": null, "addr_housenumber": null, "addr_street": null, "addr_city": null, "source": null, "adm0_pcode": "NPL", "adm0_name": "Nepal", "adm1_pcode": "NP03", "adm1_name": "Bagmati", "adm2_pcode": "NP0330", "adm2_name": "Dhading", "adm3_pcode": "NP0330409", "adm3_name": "Gajuri", "adm4_pcode": null, "adm4_name": null, "name_latin": null }, "geometry": { "type": "Polygon", "coordinates": [ [ [ 84.8798078, 27.8065696 ], [ 84.8798347, 27.8065245 ], [ 84.8799312, 27.8063383 ], [ 84.8799902, 27.8062529 ], [ 84.8800345, 27.8062398 ], [ 84.880119, 27.806241 ], [ 84.8802209, 27.8062386 ], [ 84.8802531, 27.806254 ], [ 84.8802383, 27.8062956 ], [ 84.8802102, 27.8063371 ], [ 84.8801444, 27.8064948 ], [ 84.8800465, 27.8066728 ], [ 84.8798159, 27.8065874 ], [ 84.8798078, 27.8065696 ] ] ] } },
{ "type": "Feature", "properties": { "id": "way/589964037", "name": "Gajuri Hospital", "name_en": null, "name_ne": null, "status": "Standing", "amenity": "hospital", "man_made": null, "shop": null, "tourism": null, "opening_hours": null, "beds": null, "rooms": null, "addr_full": null, "addr_housenumber": null, "addr_street": null, "addr_city": null, "source": null, "adm0_pcode": "NPL", "adm0_name": "Nepal", "adm1_pcode": "NP03", "adm1_name": "Bagmati", "adm2_pcode": "NP0330", "adm2_name": "Dhading", "adm3_pcode": "NP0330409", "adm3_name": "Gajuri", "adm4_pcode": null, "adm4_name": null, "name_latin": "Gajuri Hospital" }, "geometry": { "type": "Polygon", "coordinates": [ [ [ 84.8791828, 27.8054185 ], [ 84.87922, 27.8053192 ], [ 84.8792647, 27.8053323 ], [ 84.8793492, 27.8051069 ], [ 84.8794959, 27.8051293 ], [ 84.8793532, 27.8054735 ], [ 84.8792542, 27.8054414 ], [ 84.8792309, 27.8054338 ], [ 84.8791923, 27.8054213 ], [ 84.8791828, 27.8054185 ] ] ] } },
{ "type": "Feature", "properties": { "id": "way/503749641", "name": "Shree Santaneswor Pra Vi", "name_en": null, "name_ne": null, "status": "Standing", "amenity": "school", "man_made": null, "shop": null, "tourism": null, "opening_hours": null, "beds": null, "rooms": null, "addr_full": null, "addr_housenumber": null, "addr_street": null, "addr_city": null, "source": null, "adm0_pcode": "NPL", "adm0_name": "Nepal", "adm1_pcode": "NP03", "adm1_name": "Bagmati", "adm2_pcode": "NP0330", "adm2_name": "Dhading", "adm3_pcode": "NP0330409", "adm3_name": "Gajuri", "adm4_pcode": null, "adm4_name": null, "name_latin": "Shree Santaneswor Pra Vi" }, "geometry": { "type": "Polygon", "coordinates": [ [ [ 84.9339469, 27.7934027 ], [ 84.933967, 27.7932828 ], [ 84.93401, 27.7931784 ], [ 84.9341186, 27.7931998 ], [ 84.9340944, 27.7933576 ], [ 84.9340395, 27.7934264 ], [ 84.9339469, 27.7934027 ] ] ] } },
{ "type": "Feature", "properties": { "id": "way/503946928", "name": "Shree Chitrakala Pra V", "name_en": null, "name_ne": null, "status": "Standing", "amenity": "school", "man_made": null, "shop": null, "tourism": null, "opening_hours": null, "beds": null, "rooms": null, "addr_full": null, "addr_housenumber": null, "addr_street": null, "addr_city": null, "source": null, "adm0_pcode": "NPL", "adm0_name": "Nepal", "adm1_pcode": "NP04", "adm1_name": "Gandaki", "adm2_pcode": "NP0436", "adm2_name": "Gorkha", "adm3_pcode": "NP0436409", "adm3_name": "Gandaki", "adm4_pcode": null, "adm4_name": null, "name_latin": "Shree Chitrakala Pra V" }, "geometry": { "type": "Polygon", "coordinates": [ [ [ 84.6841083, 27.8049035 ], [ 84.6843902, 27.8047544 ], [ 84.6845413, 27.8048102 ], [ 84.684771, 27.8051971 ], [ 84.6845296, 27.8050974 ], [ 84.6844344, 27.8051876 ], [ 84.6843311, 27.8051888 ], [ 84.684256, 27.8051852 ], [ 84.6842104, 27.8051164 ], [ 84.6842011, 27.8049895 ], [ 84.6841083, 27.8049035 ] ] ] } },
{ "type": "Feature", "properties": { "id": "way/497997637", "name": "Shree Shiva Ni Ma V", "name_en": null, "name_ne": null, "status": "Standing", "amenity": "school", "man_made": null, "shop": null, "tourism": null, "opening_hours": null, "beds": null, "rooms": null, "addr_full": null, "addr_housenumber": null, "addr_street": null, "addr_city": null, "source": null, "adm0_pcode": "NPL", "adm0_name": "Nepal", "adm1_pcode": "NP03", "adm1_name": "Bagmati", "adm2_pcode": "NP0330", "adm2_name": "Dhading", "adm3_pcode": "NP0330408", "adm3_name": "Benighat Rorang", "adm4_pcode": null, "adm4_name": null, "name_latin": "Shree Shiva Ni Ma V" }, "geometry": { "type": "Polygon", "coordinates": [ [ [ 84.7100203, 27.8091475 ], [ 84.7100877, 27.8090503 ], [ 84.7101816, 27.8089281 ], [ 84.710256, 27.8089305 ], [ 84.7103349, 27.8090479 ], [ 84.7103227, 27.8091486 ], [ 84.7102795, 27.809246 ], [ 84.7102077, 27.8093071 ], [ 84.7101119, 27.8092407 ], [ 84.7100203, 27.8091475 ] ] ] } },
{ "type": "Feature", "properties": { "id": "way/1493329591", "name": null, "name_en": null, "name_ne": null, "status": "Standing", "amenity": "parking", "man_made": null, "shop": null, "tourism": null, "opening_hours": null, "beds": null, "rooms": null, "addr_full": null, "addr_housenumber": null, "addr_street": null, "addr_city": null, "source": null, "adm0_pcode": "NPL", "adm0_name": "Nepal", "adm1_pcode": "NP04", "adm1_name": "Gandaki", "adm2_pcode": "NP0440", "adm2_name": "Tanahu", "adm3_pcode": "NP0440405", "adm3_name": "Aanbu Khaireni", "adm4_pcode": null, "adm4_name": null, "name_latin": null }, "geometry": { "type": "Polygon", "coordinates": [ [ [ 84.5172901, 27.8151913 ], [ 84.5174191, 27.8151493 ], [ 84.517567, 27.8151644 ], [ 84.5176012, 27.8152047 ], [ 84.517586, 27.8152953 ], [ 84.5176126, 27.8153389 ], [ 84.5176505, 27.8154479 ], [ 84.5172901, 27.8151913 ] ] ] } },
{ "type": "Feature", "properties": { "id": "way/448813338", "name": "Shree Rakta Bachchhala Ni Ma Vi", "name_en": null, "name_ne": null, "status": "Standing", "amenity": "school", "man_made": null, "shop": null, "tourism": null, "opening_hours": null, "beds": null, "rooms": null, "addr_full": null, "addr_housenumber": null, "addr_street": null, "addr_city": null, "source": null, "adm0_pcode": "NPL", "adm0_name": "Nepal", "adm1_pcode": "NP03", "adm1_name": "Bagmati", "adm2_pcode": "NP0330", "adm2_name": "Dhading", "adm3_pcode": "NP0330410", "adm3_name": "Galchhi", "adm4_pcode": null, "adm4_name": null, "name_latin": "Shree Rakta Bachchhala Ni Ma Vi" }, "geometry": { "type": "Polygon", "coordinates": [ [ [ 84.9669424, 27.812898 ], [ 84.9675296, 27.8127472 ], [ 84.9676973, 27.8131502 ], [ 84.967085, 27.8131738 ], [ 84.9669424, 27.812898 ] ] ] } },
{ "type": "Feature", "properties": { "id": "way/414462859", "name": "shree jd boarding school", "name_en": null, "name_ne": null, "status": "Standing", "amenity": "school", "man_made": null, "shop": null, "tourism": null, "opening_hours": null, "beds": null, "rooms": null, "addr_full": null, "addr_housenumber": null, "addr_street": null, "addr_city": null, "source": null, "adm0_pcode": "NPL", "adm0_name": "Nepal", "adm1_pcode": "NP03", "adm1_name": "Bagmati", "adm2_pcode": "NP0328", "adm2_name": "Nuwakot", "adm3_pcode": "NP0328301", "adm3_name": "Bidur", "adm4_pcode": null, "adm4_name": null, "name_latin": "shree jd boarding school" }, "geometry": { "type": "Polygon", "coordinates": [ [ [ 85.1386272, 27.8965089 ], [ 85.1388389, 27.8951875 ], [ 85.1392695, 27.8949468 ], [ 85.1394914, 27.8948973 ], [ 85.1396686, 27.8950768 ], [ 85.1396506, 27.8952182 ], [ 85.1396297, 27.8953823 ], [ 85.1394655, 27.8960697 ], [ 85.1393834, 27.8962263 ], [ 85.1393791, 27.8964707 ], [ 85.1386272, 27.8965089 ] ] ] } },
{ "type": "Feature", "properties": { "id": "way/1443565890", "name": "Upper Trishuli 3 Hydropower Station", "name_en": null, "name_ne": null, "status": "Destroyed", "amenity": null, "man_made": "waterway", "shop": null, "tourism": null, "opening_hours": null, "beds": null, "rooms": null, "addr_full": null, "addr_housenumber": null, "addr_street": null, "addr_city": null, "source": null, "adm0_pcode": "NPL", "adm0_name": "Nepal", "adm1_pcode": "NP03", "adm1_name": "Bagmati", "adm2_pcode": "NP0329", "adm2_name": "Rasuwa", "adm3_pcode": "NP0329403", "adm3_name": "Uttargaya", "adm4_pcode": null, "adm4_name": null, "name_latin": "Upper Trishuli 3 Hydropower Station" }, "geometry": { "type": "Polygon", "coordinates": [ [ [ 85.2060786, 28.0637743 ], [ 85.2064204, 28.063654 ], [ 85.2064902, 28.0637002 ], [ 85.20656, 28.0635921 ], [ 85.206892, 28.0637101 ], [ 85.2069783, 28.0637428 ], [ 85.2069917, 28.0636872 ], [ 85.2070346, 28.0636943 ], [ 85.2070226, 28.0637582 ], [ 85.2070294, 28.0637597 ], [ 85.2071205, 28.0637795 ], [ 85.2071527, 28.063699 ], [ 85.2071862, 28.0637116 ], [ 85.2072211, 28.0637247 ], [ 85.2069248, 28.0642584 ], [ 85.206903, 28.0642454 ], [ 85.2068818, 28.0642327 ], [ 85.2070883, 28.0638446 ], [ 85.2069987, 28.0638238 ], [ 85.206981, 28.0638197 ], [ 85.2069725, 28.0638783 ], [ 85.2069072, 28.0640114 ], [ 85.206863, 28.0639937 ], [ 85.2068925, 28.0638824 ], [ 85.2068154, 28.0638573 ], [ 85.2068053, 28.063854 ], [ 85.2067557, 28.0639475 ], [ 85.20658, 28.0638694 ], [ 85.2064338, 28.063789 ], [ 85.2064137, 28.0637646 ], [ 85.2060799, 28.0639187 ], [ 85.2060786, 28.0637743 ] ] ] } },
{ "type": "Feature", "properties": { "id": "way/503155829", "name": "Shri Sundari Ni Ma V", "name_en": null, "name_ne": null, "status": "Standing", "amenity": "school", "man_made": null, "shop": null, "tourism": null, "opening_hours": null, "beds": null, "rooms": null, "addr_full": null, "addr_housenumber": null, "addr_street": null, "addr_city": null, "source": null, "adm0_pcode": "NPL", "adm0_name": "Nepal", "adm1_pcode": "NP03", "adm1_name": "Bagmati", "adm2_pcode": "NP0330", "adm2_name": "Dhading", "adm3_pcode": "NP0330407", "adm3_name": "Siddhalek", "adm4_pcode": null, "adm4_name": null, "name_latin": "Shri Sundari Ni Ma V" }, "geometry": { "type": "Polygon", "coordinates": [ [ [ 84.8680664, 27.8153338 ], [ 84.8682126, 27.8152437 ], [ 84.8682274, 27.8151405 ], [ 84.8683092, 27.8151405 ], [ 84.8684205, 27.8153136 ], [ 84.8684902, 27.8154666 ], [ 84.8685626, 27.8155864 ], [ 84.8686163, 27.8156671 ], [ 84.8684312, 27.8159126 ], [ 84.8683025, 27.816125 ], [ 84.8682233, 27.8161677 ], [ 84.8681549, 27.8161012 ], [ 84.8681415, 27.8160277 ], [ 84.8681053, 27.8159328 ], [ 84.8681, 27.8157513 ], [ 84.868112, 27.8155829 ], [ 84.8680879, 27.815418 ], [ 84.8680664, 27.8153338 ] ] ] } },
{ "type": "Feature", "properties": { "id": "way/341321096", "name": "Shree Janajyoti Aadharbhut School", "name_en": null, "name_ne": null, "status": "Standing", "amenity": "school", "man_made": null, "shop": null, "tourism": null, "opening_hours": null, "beds": null, "rooms": null, "addr_full": null, "addr_housenumber": null, "addr_street": null, "addr_city": null, "source": null, "adm0_pcode": "NPL", "adm0_name": "Nepal", "adm1_pcode": "NP04", "adm1_name": "Gandaki", "adm2_pcode": "NP0440", "adm2_name": "Tanahu", "adm3_pcode": "NP0440406", "adm3_name": "Devghat", "adm4_pcode": null, "adm4_name": null, "name_latin": "Shree Janajyoti Aadharbhut School" }, "geometry": { "type": "Polygon", "coordinates": [ [ [ 84.4337282, 27.8244219 ], [ 84.4339287, 27.8242655 ], [ 84.4339852, 27.8243222 ], [ 84.4337848, 27.8244786 ], [ 84.4337282, 27.8244219 ] ] ] } },
{ "type": "Feature", "properties": { "id": "way/847869393", "name": "Holiday Homestay", "name_en": null, "name_ne": null, "status": "Standing", "amenity": null, "man_made": null, "shop": null, "tourism": "guest_house", "opening_hours": null, "beds": null, "rooms": "3", "addr_full": null, "addr_housenumber": null, "addr_street": null, "addr_city": "Lingling", "source": null, "adm0_pcode": "NPL", "adm0_name": "Nepal", "adm1_pcode": "NP03", "adm1_name": "Bagmati", "adm2_pcode": "NP0329", "adm2_name": "Rasuwa", "adm3_pcode": "NP0329402", "adm3_name": "Gosaikunda", "adm4_pcode": null, "adm4_name": null, "name_latin": "Holiday Homestay" }, "geometry": { "type": "Polygon", "coordinates": [ [ [ 85.3585837, 28.2115118 ], [ 85.3586435, 28.211425 ], [ 85.3587115, 28.2114614 ], [ 85.3586518, 28.2115482 ], [ 85.3585837, 28.2115118 ] ] ] } },
{ "type": "Feature", "properties": { "id": "way/851737995", "name": null, "name_en": null, "name_ne": null, "status": "Standing", "amenity": "place_of_worship", "man_made": null, "shop": null, "tourism": null, "opening_hours": null, "beds": null, "rooms": null, "addr_full": null, "addr_housenumber": null, "addr_street": null, "addr_city": null, "source": null, "adm0_pcode": "NPL", "adm0_name": "Nepal", "adm1_pcode": "NP03", "adm1_name": "Bagmati", "adm2_pcode": "NP0328", "adm2_name": "Nuwakot", "adm3_pcode": "NP0328301", "adm3_name": "Bidur", "adm4_pcode": null, "adm4_name": null, "name_latin": null }, "geometry": { "type": "Polygon", "coordinates": [ [ [ 85.1859801, 27.9727402 ], [ 85.186084, 27.9727382 ], [ 85.1860865, 27.9728366 ], [ 85.1859825, 27.9728387 ], [ 85.1859801, 27.9727402 ] ] ] } },
{ "type": "Feature", "properties": { "id": "way/512487645", "name": "Shree Janasakti Prathamik Vidhyalaya", "name_en": null, "name_ne": null, "status": "Standing", "amenity": "school", "man_made": null, "shop": null, "tourism": null, "opening_hours": null, "beds": null, "rooms": null, "addr_full": null, "addr_housenumber": null, "addr_street": null, "addr_city": null, "source": null, "adm0_pcode": "NPL", "adm0_name": "Nepal", "adm1_pcode": "NP03", "adm1_name": "Bagmati", "adm2_pcode": "NP0328", "adm2_name": "Nuwakot", "adm3_pcode": "NP0328301", "adm3_name": "Bidur", "adm4_pcode": null, "adm4_name": null, "name_latin": "Shree Janasakti Prathamik Vidhyalaya" }, "geometry": { "type": "Polygon", "coordinates": [ [ [ 85.1527345, 27.9568837 ], [ 85.1528799, 27.9568351 ], [ 85.1531565, 27.9572595 ], [ 85.1531291, 27.9573999 ], [ 85.1530459, 27.9574378 ], [ 85.1528614, 27.9571618 ], [ 85.1527345, 27.9568837 ] ] ] } },
{ "type": "Feature", "properties": { "id": "way/355674074", "name": "Mandir", "name_en": null, "name_ne": null, "status": "Standing", "amenity": "place_of_worship", "man_made": null, "shop": null, "tourism": null, "opening_hours": null, "beds": null, "rooms": null, "addr_full": null, "addr_housenumber": null, "addr_street": null, "addr_city": null, "source": null, "adm0_pcode": "NPL", "adm0_name": "Nepal", "adm1_pcode": "NP03", "adm1_name": "Bagmati", "adm2_pcode": "NP0328", "adm2_name": "Nuwakot", "adm3_pcode": "NP0328302", "adm3_name": "Belkotgadhi", "adm4_pcode": null, "adm4_name": null, "name_latin": "Mandir" }, "geometry": { "type": "Polygon", "coordinates": [ [ [ 85.0219306, 27.8347364 ], [ 85.0219336, 27.8347038 ], [ 85.0219477, 27.8347049 ], [ 85.0219493, 27.8346877 ], [ 85.0219713, 27.8346893 ], [ 85.0219699, 27.8347046 ], [ 85.0219908, 27.8347061 ], [ 85.0219876, 27.8347406 ], [ 85.0219306, 27.8347364 ] ] ] } },
{ "type": "Feature", "properties": { "id": "way/503947539", "name": "Shree Bageshwori Pra V", "name_en": null, "name_ne": null, "status": "Standing", "amenity": "school", "man_made": null, "shop": null, "tourism": null, "opening_hours": null, "beds": null, "rooms": null, "addr_full": null, "addr_housenumber": null, "addr_street": null, "addr_city": null, "source": null, "adm0_pcode": "NPL", "adm0_name": "Nepal", "adm1_pcode": "NP03", "adm1_name": "Bagmati", "adm2_pcode": "NP0330", "adm2_name": "Dhading", "adm3_pcode": "NP0330407", "adm3_name": "Siddhalek", "adm4_pcode": null, "adm4_name": null, "name_latin": "Shree Bageshwori Pra V" }, "geometry": { "type": "Polygon", "coordinates": [ [ [ 84.8669042, 27.8004666 ], [ 84.8669187, 27.8003844 ], [ 84.8669963, 27.8003357 ], [ 84.8670181, 27.8002901 ], [ 84.8670984, 27.8002795 ], [ 84.8672786, 27.8002868 ], [ 84.8674052, 27.8003087 ], [ 84.8674954, 27.8003153 ], [ 84.8674677, 27.8003725 ], [ 84.8674167, 27.8005136 ], [ 84.8672806, 27.8005551 ], [ 84.8671371, 27.8005563 ], [ 84.8670379, 27.8005373 ], [ 84.8669042, 27.8004666 ] ] ] } },
{ "type": "Feature", "properties": { "id": "way/497994434", "name": "Shree Netra Jyoti Primary school", "name_en": null, "name_ne": null, "status": "Standing", "amenity": "school", "man_made": null, "shop": null, "tourism": null, "opening_hours": null, "beds": null, "rooms": null, "addr_full": null, "addr_housenumber": null, "addr_street": null, "addr_city": null, "source": null, "adm0_pcode": "NPL", "adm0_name": "Nepal", "adm1_pcode": "NP03", "adm1_name": "Bagmati", "adm2_pcode": "NP0330", "adm2_name": "Dhading", "adm3_pcode": "NP0330408", "adm3_name": "Benighat Rorang", "adm4_pcode": null, "adm4_name": null, "name_latin": "Shree Netra Jyoti Primary school" }, "geometry": { "type": "Polygon", "coordinates": [ [ [ 84.719228, 27.8082434 ], [ 84.7192582, 27.8081651 ], [ 84.7193487, 27.8081366 ], [ 84.7194352, 27.8081325 ], [ 84.7195471, 27.8081099 ], [ 84.7196544, 27.8081117 ], [ 84.7197463, 27.8080607 ], [ 84.7197986, 27.8080126 ], [ 84.719918, 27.8080317 ], [ 84.719857, 27.8081983 ], [ 84.7198261, 27.8083668 ], [ 84.7194493, 27.8083252 ], [ 84.719228, 27.8082434 ] ] ] } },
{ "type": "Feature", "properties": { "id": "way/277997160", "name": "Battar buspark", "name_en": null, "name_ne": null, "status": "Standing", "amenity": "bus_station", "man_made": null, "shop": null, "tourism": null, "opening_hours": null, "beds": null, "rooms": null, "addr_full": null, "addr_housenumber": null, "addr_street": null, "addr_city": null, "source": null, "adm0_pcode": "NPL", "adm0_name": "Nepal", "adm1_pcode": "NP03", "adm1_name": "Bagmati", "adm2_pcode": "NP0328", "adm2_name": "Nuwakot", "adm3_pcode": "NP0328301", "adm3_name": "Bidur", "adm4_pcode": null, "adm4_name": null, "name_latin": "Battar buspark" }, "geometry": { "type": "Polygon", "coordinates": [ [ [ 85.1422284, 27.9025828 ], [ 85.1422625, 27.9024636 ], [ 85.1423668, 27.9023906 ], [ 85.1426049, 27.9024271 ], [ 85.1427263, 27.9025921 ], [ 85.1429036, 27.9028537 ], [ 85.1428689, 27.9029623 ], [ 85.1428435, 27.9031635 ], [ 85.1427168, 27.9031811 ], [ 85.1424521, 27.9029291 ], [ 85.1422284, 27.9025828 ] ] ] } },
{ "type": "Feature", "properties": { "id": "way/590141153", "name": "Shree Aadarsha HS School", "name_en": null, "name_ne": null, "status": "Standing", "amenity": "school", "man_made": null, "shop": null, "tourism": null, "opening_hours": null, "beds": null, "rooms": null, "addr_full": null, "addr_housenumber": null, "addr_street": null, "addr_city": null, "source": null, "adm0_pcode": "NPL", "adm0_name": "Nepal", "adm1_pcode": "NP03", "adm1_name": "Bagmati", "adm2_pcode": "NP0330", "adm2_name": "Dhading", "adm3_pcode": "NP0330409", "adm3_name": "Gajuri", "adm4_pcode": null, "adm4_name": null, "name_latin": "Shree Aadarsha HS School" }, "geometry": { "type": "Polygon", "coordinates": [ [ [ 84.8788368, 27.8076217 ], [ 84.8788771, 27.8072493 ], [ 84.8789817, 27.8070524 ], [ 84.8791507, 27.8069148 ], [ 84.8793411, 27.806865 ], [ 84.879443, 27.8069361 ], [ 84.879494, 27.8070381 ], [ 84.879547, 27.8071212 ], [ 84.8795751, 27.8071793 ], [ 84.8796174, 27.8072487 ], [ 84.8796737, 27.8073347 ], [ 84.8798065, 27.8073442 ], [ 84.8798655, 27.8073679 ], [ 84.8799258, 27.8074332 ], [ 84.8800305, 27.8076657 ], [ 84.8800948, 27.8077333 ], [ 84.8799259, 27.8079302 ], [ 84.8797488, 27.8079871 ], [ 84.8795879, 27.8080631 ], [ 84.8793948, 27.8081461 ], [ 84.8792178, 27.8081413 ], [ 84.8789683, 27.8079824 ], [ 84.8788717, 27.8079278 ], [ 84.8788368, 27.8076217 ] ] ] } },
{ "type": "Feature", "properties": { "id": "way/341444140", "name": "Chandra Jyoti Secondary School", "name_en": null, "name_ne": null, "status": "Standing", "amenity": "school", "man_made": null, "shop": null, "tourism": null, "opening_hours": null, "beds": null, "rooms": null, "addr_full": null, "addr_housenumber": null, "addr_street": null, "addr_city": null, "source": null, "adm0_pcode": "NPL", "adm0_name": "Nepal", "adm1_pcode": "NP03", "adm1_name": "Bagmati", "adm2_pcode": "NP0328", "adm2_name": "Nuwakot", "adm3_pcode": "NP0328301", "adm3_name": "Bidur", "adm4_pcode": null, "adm4_name": null, "name_latin": "Chandra Jyoti Secondary School" }, "geometry": { "type": "Polygon", "coordinates": [ [ [ 85.1209872, 27.868342 ], [ 85.1216836, 27.8676424 ], [ 85.1220335, 27.8681517 ], [ 85.1219448, 27.8682501 ], [ 85.1215033, 27.8687401 ], [ 85.121016, 27.8685045 ], [ 85.1209872, 27.868342 ] ] ] } },
{ "type": "Feature", "properties": { "id": "way/355674068", "name": "Shree ChiuriBhanjyang primary School", "name_en": null, "name_ne": null, "status": "Standing", "amenity": "school", "man_made": null, "shop": null, "tourism": null, "opening_hours": null, "beds": null, "rooms": null, "addr_full": null, "addr_housenumber": null, "addr_street": null, "addr_city": null, "source": null, "adm0_pcode": "NPL", "adm0_name": "Nepal", "adm1_pcode": "NP03", "adm1_name": "Bagmati", "adm2_pcode": "NP0330", "adm2_name": "Dhading", "adm3_pcode": "NP0330410", "adm3_name": "Galchhi", "adm4_pcode": null, "adm4_name": null, "name_latin": "Shree ChiuriBhanjyang primary School" }, "geometry": { "type": "Polygon", "coordinates": [ [ [ 85.0125891, 27.8327766 ], [ 85.0128733, 27.8324568 ], [ 85.0132121, 27.8326923 ], [ 85.0129279, 27.8330121 ], [ 85.0125891, 27.8327766 ] ] ] } },
{ "type": "Feature", "properties": { "id": "way/1553378044", "name": null, "name_en": null, "name_ne": null, "status": "Standing", "amenity": null, "man_made": "quay", "shop": null, "tourism": null, "opening_hours": null, "beds": null, "rooms": null, "addr_full": null, "addr_housenumber": null, "addr_street": null, "addr_city": null, "source": null, "adm0_pcode": "NPL", "adm0_name": "Nepal", "adm1_pcode": "NP03", "adm1_name": "Bagmati", "adm2_pcode": "NP0330", "adm2_name": "Dhading", "adm3_pcode": "NP0330407", "adm3_name": "Siddhalek", "adm4_pcode": null, "adm4_name": null, "name_latin": null }, "geometry": { "type": "Polygon", "coordinates": [ [ [ 84.9017743, 27.8114223 ], [ 84.901818, 27.811421 ], [ 84.9018165, 27.8113829 ], [ 84.9019181, 27.8113798 ], [ 84.9019223, 27.8114893 ], [ 84.9018209, 27.8114924 ], [ 84.9018198, 27.8114655 ], [ 84.9017761, 27.8114669 ], [ 84.9017743, 27.8114223 ] ] ] } },
{ "type": "Feature", "properties": { "id": "way/512730541", "name": "Tribhuwan Trisuli Multiple Campus", "name_en": null, "name_ne": null, "status": "Standing", "amenity": "college", "man_made": null, "shop": null, "tourism": null, "opening_hours": null, "beds": null, "rooms": null, "addr_full": null, "addr_housenumber": null, "addr_street": null, "addr_city": null, "source": null, "adm0_pcode": "NPL", "adm0_name": "Nepal", "adm1_pcode": "NP03", "adm1_name": "Bagmati", "adm2_pcode": "NP0328", "adm2_name": "Nuwakot", "adm3_pcode": "NP0328301", "adm3_name": "Bidur", "adm4_pcode": null, "adm4_name": null, "name_latin": "Tribhuwan Trisuli Multiple Campus" }, "geometry": { "type": "Polygon", "coordinates": [ [ [ 85.1490721, 27.9250829 ], [ 85.1496555, 27.9250296 ], [ 85.1497172, 27.9257512 ], [ 85.1492411, 27.9258224 ], [ 85.1490721, 27.9250829 ] ] ] } },
{ "type": "Feature", "properties": { "id": "way/507254682", "name": "Shree Nawa Vijayee Mahendra Ma.V", "name_en": null, "name_ne": null, "status": "Standing", "amenity": "school", "man_made": null, "shop": null, "tourism": null, "opening_hours": null, "beds": null, "rooms": null, "addr_full": null, "addr_housenumber": null, "addr_street": null, "addr_city": null, "source": null, "adm0_pcode": "NPL", "adm0_name": "Nepal", "adm1_pcode": "NP03", "adm1_name": "Bagmati", "adm2_pcode": "NP0329", "adm2_name": "Rasuwa", "adm3_pcode": "NP0329404", "adm3_name": "Kalika", "adm4_pcode": null, "adm4_name": null, "name_latin": "Shree Nawa Vijayee Mahendra Ma.V" }, "geometry": { "type": "Polygon", "coordinates": [ [ [ 85.1940595, 28.0131384 ], [ 85.1941023, 28.0127737 ], [ 85.1941641, 28.0122847 ], [ 85.1944692, 28.0122184 ], [ 85.1946429, 28.0124196 ], [ 85.1948736, 28.0127861 ], [ 85.1944619, 28.0130372 ], [ 85.1940595, 28.0131384 ] ] ] } },
{ "type": "Feature", "properties": { "id": "way/340612432", "name": "Mustang Paradise Guesthouse & Thakali Chulho", "name_en": null, "name_ne": null, "status": "Standing", "amenity": "restaurant", "man_made": null, "shop": null, "tourism": null, "opening_hours": null, "beds": null, "rooms": null, "addr_full": null, "addr_housenumber": null, "addr_street": null, "addr_city": null, "source": "Bing", "adm0_pcode": "NPL", "adm0_name": "Nepal", "adm1_pcode": "NP04", "adm1_name": "Gandaki", "adm2_pcode": "NP0436", "adm2_name": "Gorkha", "adm3_pcode": "NP0436408", "adm3_name": "Shahid Lakhan", "adm4_pcode": null, "adm4_name": null, "name_latin": "Mustang Paradise Guesthouse & Thakali Chulho" }, "geometry": { "type": "Polygon", "coordinates": [ [ [ 84.5971255, 27.8748871 ], [ 84.5972133, 27.8748624 ], [ 84.5972516, 27.874969 ], [ 84.5971638, 27.8749936 ], [ 84.5971255, 27.8748871 ] ] ] } },
{ "type": "Feature", "properties": { "id": "way/341049859", "name": "Shree Chandeswori Uchha Ma.Vi.", "name_en": null, "name_ne": null, "status": "Standing", "amenity": "school", "man_made": null, "shop": null, "tourism": null, "opening_hours": null, "beds": null, "rooms": null, "addr_full": null, "addr_housenumber": null, "addr_street": null, "addr_city": null, "source": null, "adm0_pcode": "NPL", "adm0_name": "Nepal", "adm1_pcode": "NP03", "adm1_name": "Bagmati", "adm2_pcode": "NP0328", "adm2_name": "Nuwakot", "adm3_pcode": "NP0328301", "adm3_name": "Bidur", "adm4_pcode": null, "adm4_name": null, "name_latin": "Shree Chandeswori Uchha Ma.Vi." }, "geometry": { "type": "Polygon", "coordinates": [ [ [ 85.1682113, 27.9644586 ], [ 85.1683414, 27.964168 ], [ 85.1684847, 27.9640683 ], [ 85.1692523, 27.9642708 ], [ 85.1689084, 27.964898 ], [ 85.1684563, 27.964662 ], [ 85.1682113, 27.9644586 ] ] ] } },
{ "type": "Feature", "properties": { "id": "way/497992358", "name": "Shree Gyan Marg Uchha Ma V", "name_en": null, "name_ne": null, "status": "Standing", "amenity": "school", "man_made": null, "shop": null, "tourism": null, "opening_hours": null, "beds": null, "rooms": null, "addr_full": null, "addr_housenumber": null, "addr_street": null, "addr_city": null, "source": null, "adm0_pcode": "NPL", "adm0_name": "Nepal", "adm1_pcode": "NP04", "adm1_name": "Gandaki", "adm2_pcode": "NP0436", "adm2_name": "Gorkha", "adm3_pcode": "NP0436409", "adm3_name": "Gandaki", "adm4_pcode": null, "adm4_name": null, "name_latin": "Shree Gyan Marg Uchha Ma V" }, "geometry": { "type": "Polygon", "coordinates": [ [ [ 84.7316789, 27.8069551 ], [ 84.7316909, 27.8068756 ], [ 84.7317124, 27.806706 ], [ 84.731813, 27.8065649 ], [ 84.7318384, 27.8063917 ], [ 84.731994, 27.8063751 ], [ 84.7322528, 27.8064178 ], [ 84.7323119, 27.8065138 ], [ 84.7323065, 27.806655 ], [ 84.7322247, 27.8069361 ], [ 84.7321469, 27.8069302 ], [ 84.7321026, 27.807031 ], [ 84.731766, 27.8069741 ], [ 84.7316789, 27.8069551 ] ] ] } },
{ "type": "Feature", "properties": { "id": "way/497991953", "name": "Shree Bhimodaya Pra V", "name_en": null, "name_ne": null, "status": "Standing", "amenity": "school", "man_made": null, "shop": null, "tourism": null, "opening_hours": null, "beds": null, "rooms": null, "addr_full": null, "addr_housenumber": null, "addr_street": null, "addr_city": null, "source": null, "adm0_pcode": "NPL", "adm0_name": "Nepal", "adm1_pcode": "NP04", "adm1_name": "Gandaki", "adm2_pcode": "NP0436", "adm2_name": "Gorkha", "adm3_pcode": "NP0436409", "adm3_name": "Gandaki", "adm4_pcode": null, "adm4_name": null, "name_latin": "Shree Bhimodaya Pra V" }, "geometry": { "type": "Polygon", "coordinates": [ [ [ 84.7393157, 27.8115487 ], [ 84.7393519, 27.8113886 ], [ 84.7393935, 27.8112356 ], [ 84.7393734, 27.8110517 ], [ 84.739486, 27.8110327 ], [ 84.7395598, 27.8112842 ], [ 84.739718, 27.81134 ], [ 84.7396858, 27.8114313 ], [ 84.7395115, 27.811436 ], [ 84.7394579, 27.8115487 ], [ 84.7393157, 27.8115487 ] ] ] } },
{ "type": "Feature", "properties": { "id": "way/500101810", "name": "Shree Chitra Devi Ni Ma V", "name_en": null, "name_ne": null, "status": "Standing", "amenity": "school", "man_made": null, "shop": null, "tourism": null, "opening_hours": null, "beds": null, "rooms": null, "addr_full": null, "addr_housenumber": null, "addr_street": null, "addr_city": null, "source": null, "adm0_pcode": "NPL", "adm0_name": "Nepal", "adm1_pcode": "NP03", "adm1_name": "Bagmati", "adm2_pcode": "NP0330", "adm2_name": "Dhading", "adm3_pcode": "NP0330408", "adm3_name": "Benighat Rorang", "adm4_pcode": null, "adm4_name": null, "name_latin": "Shree Chitra Devi Ni Ma V" }, "geometry": { "type": "Polygon", "coordinates": [ [ [ 84.7741127, 27.8127296 ], [ 84.7741275, 27.8125172 ], [ 84.7741315, 27.8125006 ], [ 84.774216, 27.8124982 ], [ 84.7744131, 27.8125066 ], [ 84.774621, 27.812522 ], [ 84.7747444, 27.8125647 ], [ 84.7746961, 27.8127462 ], [ 84.7745365, 27.8127616 ], [ 84.7743836, 27.8127414 ], [ 84.77422, 27.8127307 ], [ 84.7741127, 27.8127296 ] ] ] } },
{ "type": "Feature", "properties": { "id": "way/503330237", "name": "Shree Suntar Pra V", "name_en": null, "name_ne": null, "status": "Standing", "amenity": "school", "man_made": null, "shop": null, "tourism": null, "opening_hours": null, "beds": null, "rooms": null, "addr_full": null, "addr_housenumber": null, "addr_street": null, "addr_city": null, "source": null, "adm0_pcode": "NPL", "adm0_name": "Nepal", "adm1_pcode": "NP03", "adm1_name": "Bagmati", "adm2_pcode": "NP0330", "adm2_name": "Dhading", "adm3_pcode": "NP0330410", "adm3_name": "Galchhi", "adm4_pcode": null, "adm4_name": null, "name_latin": "Shree Suntar Pra V" }, "geometry": { "type": "Polygon", "coordinates": [ [ [ 85.0057241, 27.8182677 ], [ 85.0057255, 27.8181515 ], [ 85.0057268, 27.8180328 ], [ 85.0057965, 27.8180328 ], [ 85.0059078, 27.8180886 ], [ 85.0059025, 27.8182285 ], [ 85.0058649, 27.8184053 ], [ 85.0057496, 27.8183994 ], [ 85.0057469, 27.8183626 ], [ 85.0057241, 27.8182677 ] ] ] } },
{ "type": "Feature", "properties": { "id": "way/503534896", "name": "Shree Barahi Pra Vi", "name_en": null, "name_ne": null, "status": "Standing", "amenity": "school", "man_made": null, "shop": null, "tourism": null, "opening_hours": null, "beds": null, "rooms": null, "addr_full": null, "addr_housenumber": null, "addr_street": null, "addr_city": null, "source": null, "adm0_pcode": "NPL", "adm0_name": "Nepal", "adm1_pcode": "NP03", "adm1_name": "Bagmati", "adm2_pcode": "NP0330", "adm2_name": "Dhading", "adm3_pcode": "NP0330410", "adm3_name": "Galchhi", "adm4_pcode": null, "adm4_name": null, "name_latin": "Shree Barahi Pra Vi" }, "geometry": { "type": "Polygon", "coordinates": [ [ [ 85.0035656, 27.8054658 ], [ 85.0036126, 27.8054118 ], [ 85.003689, 27.8053608 ], [ 85.0037561, 27.805321 ], [ 85.0038097, 27.805356 ], [ 85.0038808, 27.8053898 ], [ 85.0039713, 27.805458 ], [ 85.0039184, 27.8055417 ], [ 85.0037521, 27.8056888 ], [ 85.0036615, 27.8056312 ], [ 85.0036287, 27.8055933 ], [ 85.0035831, 27.8055239 ], [ 85.0035656, 27.8054658 ] ] ] } },
{ "type": "Feature", "properties": { "id": "way/1019056654", "name": null, "name_en": null, "name_ne": null, "status": "Standing", "amenity": "parking", "man_made": null, "shop": null, "tourism": null, "opening_hours": null, "beds": null, "rooms": null, "addr_full": null, "addr_housenumber": null, "addr_street": null, "addr_city": null, "source": null, "adm0_pcode": "NPL", "adm0_name": "Nepal", "adm1_pcode": "NP03", "adm1_name": "Bagmati", "adm2_pcode": "NP0335", "adm2_name": "Chitawan", "adm3_pcode": "NP0335101", "adm3_name": "Bharatpur", "adm4_pcode": null, "adm4_name": null, "name_latin": null }, "geometry": { "type": "Polygon", "coordinates": [ [ [ 84.4734411, 27.7608196 ], [ 84.4734438, 27.7607626 ], [ 84.4734974, 27.7606986 ], [ 84.4735591, 27.7606167 ], [ 84.4737361, 27.7605407 ], [ 84.4737898, 27.7605146 ], [ 84.4738568, 27.7604576 ], [ 84.4739534, 27.7604594 ], [ 84.4740312, 27.7605282 ], [ 84.4740707, 27.7606125 ], [ 84.4740781, 27.7606617 ], [ 84.4741492, 27.7607175 ], [ 84.4742444, 27.7607128 ], [ 84.4743329, 27.760797 ], [ 84.4743289, 27.7608492 ], [ 84.4743001, 27.7608599 ], [ 84.4742002, 27.7608682 ], [ 84.4741572, 27.7609199 ], [ 84.4741304, 27.7609305 ], [ 84.4740996, 27.7609228 ], [ 84.4740868, 27.7609015 ], [ 84.4740412, 27.7608659 ], [ 84.4739232, 27.76087 ], [ 84.4739085, 27.7608492 ], [ 84.4738072, 27.7608095 ], [ 84.4737388, 27.7608688 ], [ 84.4736141, 27.7608665 ], [ 84.4735732, 27.7608498 ], [ 84.4735316, 27.760813 ], [ 84.4734411, 27.7608196 ] ] ] } },
{ "type": "Feature", "properties": { "id": "way/516998502", "name": "Shree Ramchandra Ni Ma Vi", "name_en": null, "name_ne": null, "status": "Standing", "amenity": "school", "man_made": null, "shop": null, "tourism": null, "opening_hours": null, "beds": null, "rooms": null, "addr_full": null, "addr_housenumber": null, "addr_street": null, "addr_city": null, "source": null, "adm0_pcode": "NPL", "adm0_name": "Nepal", "adm1_pcode": "NP03", "adm1_name": "Bagmati", "adm2_pcode": "NP0328", "adm2_name": "Nuwakot", "adm3_pcode": "NP0328301", "adm3_name": "Bidur", "adm4_pcode": null, "adm4_name": null, "name_latin": "Shree Ramchandra Ni Ma Vi" }, "geometry": { "type": "Polygon", "coordinates": [ [ [ 85.1843371, 27.9708074 ], [ 85.1843512, 27.9707293 ], [ 85.1844612, 27.9707411 ], [ 85.1846295, 27.9706795 ], [ 85.1848481, 27.9711095 ], [ 85.1847998, 27.9711427 ], [ 85.1847153, 27.9710337 ], [ 85.1845691, 27.9711035 ], [ 85.1843371, 27.9708074 ] ] ] } }
]
}
