{
 "type": "FeatureCollection",
 "name": "nepal_flood_2026_damage_edits",
 "features": [
  {
   "type": "Feature",
   "id": "overture:xy:85.14915,27.92311",
   "geometry": {
    "type": "Polygon",
    "coordinates": [
     [
      [
       85.14920353889465,
       27.92316565914527
      ],
      [
       85.14914989471436,
       27.92304479231649
      ],
      [
       85.14909356832504,
       27.923063751827982
      ],
      [
       85.14914721250534,
       27.92318461863556
      ],
      [
       85.14920353889465,
       27.92316565914527
      ]
     ]
    ]
   },
   "properties": {
    "id": "overture:xy:85.14915,27.92311",
    "status": "destroyed",
    "source": "overture",
    "src_id": "xy:85.14915,27.92311",
    "name": "",
    "note": "",
    "created_at": "2026-09-06T12:24:54.419Z",
    "updated_at": "2026-09-06T18:44:46.626Z"
   }
  },
  {
   "type": "Feature",
   "id": "overture:xy:85.14942,27.92343",
   "geometry": {
    "type": "Polygon",
    "coordinates": [
     [
      [
       85.14935374259949,
       27.923476120380172
      ],
      [
       85.1494288444519,
       27.923454791010855
      ],
      [
       85.14944225549698,
       27.923499819674447
      ],
      [
       85.14952003955841,
       27.923478490309805
      ],
      [
       85.14947712421417,
       27.92335288396616
      ],
      [
       85.14932423830032,
       27.92339554274075
      ],
      [
       85.14935374259949,
       27.923476120380172
      ]
     ]
    ]
   },
   "properties": {
    "id": "overture:xy:85.14942,27.92343",
    "status": "destroyed",
    "source": "overture",
    "src_id": "xy:85.14942,27.92343",
    "name": "",
    "note": "",
    "created_at": "2026-09-06T12:25:14.426Z",
    "updated_at": "2026-09-06T18:44:46.626Z"
   }
  },
  {
   "type": "Feature",
   "id": "overture:xy:85.14930,27.92208",
   "geometry": {
    "type": "Polygon",
    "coordinates": [
     [
      [
       85.14936715364456,
       27.9220612630981
      ],
      [
       85.14926791191101,
       27.92202808364314
      ],
      [
       85.14923572540283,
       27.922103922382348
      ],
      [
       85.14933496713638,
       27.92213710181403
      ],
      [
       85.14936715364456,
       27.9220612630981
      ]
     ]
    ]
   },
   "properties": {
    "id": "overture:xy:85.14930,27.92208",
    "status": "destroyed",
    "source": "overture",
    "src_id": "xy:85.14930,27.92208",
    "name": "",
    "note": "",
    "created_at": "2026-09-06T12:25:30.306Z"
   }
  },
  {
   "type": "Feature",
   "id": "overture:xy:85.14946,27.92222",
   "geometry": {
    "type": "Polygon",
    "coordinates": [
     [
      [
       85.14949589967728,
       27.92228640913055
      ],
      [
       85.14954149723053,
       27.922201090689214
      ],
      [
       85.14942079782486,
       27.9221465816498
      ],
      [
       85.14937251806259,
       27.922231900134136
      ],
      [
       85.14949589967728,
       27.92228640913055
      ]
     ]
    ]
   },
   "properties": {
    "id": "overture:xy:85.14946,27.92222",
    "status": "destroyed",
    "source": "overture",
    "src_id": "xy:85.14946,27.92222",
    "name": "",
    "note": "",
    "created_at": "2026-09-06T12:25:33.433Z"
   }
  },
  {
   "type": "Feature",
   "id": "overture:xy:85.14956,27.92230",
   "geometry": {
    "type": "Polygon",
    "coordinates": [
     [
      [
       85.14964610338211,
       27.922243749918294
      ],
      [
       85.14956295490265,
       27.92220820056191
      ],
      [
       85.1494824886322,
       27.922355137826003
      ],
      [
       85.14956563711166,
       27.922390687134083
      ],
      [
       85.14964610338211,
       27.922243749918294
      ]
     ]
    ]
   },
   "properties": {
    "id": "overture:xy:85.14956,27.92230",
    "status": "destroyed",
    "source": "overture",
    "src_id": "xy:85.14956,27.92230",
    "name": "",
    "note": "",
    "created_at": "2026-09-06T12:25:36.575Z"
   }
  },
  {
   "type": "Feature",
   "id": "overture:xy:85.14971,27.92231",
   "geometry": {
    "type": "Polygon",
    "coordinates": [
     [
      [
       85.1497533917427,
       27.92237646741225
      ],
      [
       85.14979094266891,
       27.922314848596045
      ],
      [
       85.14966487884521,
       27.922250859788193
      ],
      [
       85.14962464570999,
       27.922314848596045
      ],
      [
       85.1497533917427,
       27.92237646741225
      ]
     ]
    ]
   },
   "properties": {
    "id": "overture:xy:85.14971,27.92231",
    "status": "destroyed",
    "source": "overture",
    "src_id": "xy:85.14971,27.92231",
    "name": "",
    "note": "",
    "created_at": "2026-09-06T12:25:39.710Z"
   }
  },
  {
   "type": "Feature",
   "id": "overture:xy:85.14986,27.92240",
   "geometry": {
    "type": "Polygon",
    "coordinates": [
     [
      [
       85.14992237091064,
       27.922355137826003
      ],
      [
       85.14988213777542,
       27.922333808235535
      ],
      [
       85.149807035923,
       27.92243571624087
      ],
      [
       85.14984726905823,
       27.922459415763228
      ],
      [
       85.14992237091064,
       27.922355137826003
      ]
     ]
    ]
   },
   "properties": {
    "id": "overture:xy:85.14986,27.92240",
    "status": "destroyed",
    "source": "overture",
    "src_id": "xy:85.14986,27.92240",
    "name": "",
    "note": "",
    "created_at": "2026-09-06T12:25:41.908Z"
   }
  },
  {
   "type": "Feature",
   "id": "overture:xy:85.15012,27.92246",
   "geometry": {
    "type": "Polygon",
    "coordinates": [
     [
      [
       85.15019327402115,
       27.922480745328926
      ],
      [
       85.15017449855804,
       27.922412016713324
      ],
      [
       85.15004307031631,
       27.922438086193353
      ],
      [
       85.15006184577942,
       27.92250681479237
      ],
      [
       85.15019327402115,
       27.922480745328926
      ]
     ]
    ]
   },
   "properties": {
    "id": "overture:xy:85.15012,27.92246",
    "status": "destroyed",
    "source": "overture",
    "src_id": "xy:85.15012,27.92246",
    "name": "",
    "note": "",
    "created_at": "2026-09-06T12:25:44.841Z"
   }
  },
  {
   "type": "Feature",
   "id": "overture:xy:85.15034,27.92236",
   "geometry": {
    "type": "Polygon",
    "coordinates": [
     [
      [
       85.15034884214401,
       27.92237883736601
      ],
      [
       85.15037298202515,
       27.922412016713324
      ],
      [
       85.15044540166855,
       27.92236935755062
      ],
      [
       85.1504373550415,
       27.92234802796297
      ],
      [
       85.15041321516037,
       27.92234802796297
      ],
      [
       85.15039712190628,
       27.922300628864235
      ],
      [
       85.15035152435303,
       27.922312478640862
      ],
      [
       85.15030860900879,
       27.922284039174755
      ],
      [
       85.15026032924652,
       27.922312478640862
      ],
      [
       85.1502925157547,
       27.922355137826003
      ],
      [
       85.15022814273834,
       27.922393057087532
      ],
      [
       85.1502576470375,
       27.922433346288358
      ],
      [
       85.15034884214401,
       27.92237883736601
      ]
     ]
    ]
   },
   "properties": {
    "id": "overture:xy:85.15034,27.92236",
    "status": "destroyed",
    "source": "overture",
    "src_id": "xy:85.15034,27.92236",
    "name": "",
    "note": "",
    "created_at": "2026-09-06T12:25:48.771Z"
   }
  },
  {
   "type": "Feature",
   "id": "overture:xy:85.15032,27.92246",
   "geometry": {
    "type": "Polygon",
    "coordinates": [
     [
      [
       85.15033274888992,
       27.92243571624087
      ],
      [
       85.1502925157547,
       27.92246178571517
      ],
      [
       85.15031397342682,
       27.922487855183192
      ],
      [
       85.15035420656204,
       27.92246178571517
      ],
      [
       85.15033274888992,
       27.92243571624087
      ]
     ]
    ]
   },
   "properties": {
    "id": "overture:xy:85.15032,27.92246",
    "status": "destroyed",
    "source": "overture",
    "src_id": "xy:85.15032,27.92246",
    "name": "",
    "note": "",
    "created_at": "2026-09-06T12:25:55.055Z"
   }
  },
  {
   "type": "Feature",
   "id": "overture:xy:85.15011,27.92267",
   "geometry": {
    "type": "Polygon",
    "coordinates": [
     [
      [
       85.150166451931,
       27.922672711230675
      ],
      [
       85.15010744333267,
       27.922620572377483
      ],
      [
       85.15005111694336,
       27.922670341283336
      ],
      [
       85.15011012554169,
       27.922722480112512
      ],
      [
       85.150166451931,
       27.922672711230675
      ]
     ]
    ]
   },
   "properties": {
    "id": "overture:xy:85.15011,27.92267",
    "status": "destroyed",
    "source": "overture",
    "src_id": "xy:85.15011,27.92267",
    "name": "",
    "note": "",
    "created_at": "2026-09-06T18:38:13.926Z"
   }
  },
  {
   "type": "Feature",
   "id": "overture:xy:85.15027,27.92258",
   "geometry": {
    "type": "Polygon",
    "coordinates": [
     [
      [
       85.15026837587357,
       27.92251392464493
      ],
      [
       85.15019863843918,
       27.922551843850783
      ],
      [
       85.15026837587357,
       27.922653751650614
      ],
      [
       85.15033811330795,
       27.922613462531928
      ],
      [
       85.15026837587357,
       27.92251392464493
      ]
     ]
    ]
   },
   "properties": {
    "id": "overture:xy:85.15027,27.92258",
    "status": "destroyed",
    "source": "overture",
    "src_id": "xy:85.15027,27.92258",
    "name": "",
    "note": "",
    "created_at": "2026-09-06T18:38:17.752Z"
   }
  },
  {
   "type": "Feature",
   "id": "manual:mtq5qhsywdp2r",
   "geometry": {
    "type": "Polygon",
    "coordinates": [
     [
      [
       85.14962962544143,
       27.922591844148386
      ],
      [
       85.14959524903867,
       27.922642468032947
      ],
      [
       85.14965636264276,
       27.92268296712382
      ],
      [
       85.14970983704643,
       27.922632343258158
      ],
      [
       85.1496487234424,
       27.922645842958715
      ],
      [
       85.14962962544143,
       27.922591844148386
      ]
     ]
    ]
   },
   "properties": {
    "id": "manual:mtq5qhsywdp2r",
    "status": "destroyed",
    "source": "manual",
    "src_id": "",
    "name": "",
    "note": "",
    "created_at": "2026-09-06T18:41:01.317Z"
   }
  },
  {
   "type": "Feature",
   "id": "manual:mtq5r1q2oa0uq",
   "geometry": {
    "type": "Polygon",
    "coordinates": [
     [
      [
       85.14974421344743,
       27.922676217288227
      ],
      [
       85.14971365664479,
       27.922652592818523
      ],
      [
       85.14964872344052,
       27.922703216675657
      ],
      [
       85.14966400184124,
       27.922720091288824
      ],
      [
       85.14974421344743,
       27.922676217288227
      ]
     ]
    ]
   },
   "properties": {
    "id": "manual:mtq5r1q2oa0uq",
    "status": "destroyed",
    "source": "manual",
    "src_id": "",
    "name": "",
    "note": "",
    "created_at": "2026-09-06T18:41:21.400Z"
   }
  },
  {
   "type": "Feature",
   "id": "manual:mtq5r9n96pq9n",
   "geometry": {
    "type": "Polygon",
    "coordinates": [
     [
      [
       85.14990463665868,
       27.92260534386466
      ],
      [
       85.14999248746523,
       27.922672842364435
      ],
      [
       85.1499084562588,
       27.92278421479567
      ],
      [
       85.14981678585212,
       27.922693091905543
      ],
      [
       85.14990463665868,
       27.92260534386466
      ]
     ]
    ]
   },
   "properties": {
    "id": "manual:mtq5r9n96pq9n",
    "status": "destroyed",
    "source": "manual",
    "src_id": "",
    "name": "",
    "note": "",
    "created_at": "2026-09-06T18:41:31.292Z"
   }
  },
  {
   "type": "Feature",
   "id": "manual:mtq5rhew7qnuz",
   "geometry": {
    "type": "Polygon",
    "coordinates": [
     [
      [
       85.15001922466644,
       27.922693091905543
      ],
      [
       85.14995429146222,
       27.922632343269825
      ],
      [
       85.15001158546613,
       27.922598594012513
      ],
      [
       85.1500459618689,
       27.922595219086332
      ],
      [
       85.15008797747208,
       27.922618843568557
      ],
      [
       85.15001922466644,
       27.922693091905543
      ]
     ]
    ]
   },
   "properties": {
    "id": "manual:mtq5rhew7qnuz",
    "status": "destroyed",
    "source": "manual",
    "src_id": "",
    "name": "",
    "note": "",
    "created_at": "2026-09-06T18:41:41.780Z"
   }
  },
  {
   "type": "Feature",
   "id": "manual:mtq5rsewcsum9",
   "geometry": {
    "type": "Polygon",
    "coordinates": [
     [
      [
       85.14992869592476,
       27.92298667853983
      ],
      [
       85.14992395232298,
       27.923062122659758
      ],
      [
       85.15005202957371,
       27.923062122659758
      ],
      [
       85.15005202957371,
       27.922999252563798
      ],
      [
       85.14992869592476,
       27.92298667853983
      ]
     ]
    ]
   },
   "properties": {
    "id": "manual:mtq5rsewcsum9",
    "status": "destroyed",
    "source": "manual",
    "src_id": "",
    "name": "",
    "note": "",
    "created_at": "2026-09-06T18:41:56.117Z"
   }
  },
  {
   "type": "Feature",
   "id": "overture:ae2c8e8e-3b4b-439a-905c-77076f6f96c0",
   "geometry": {
    "type": "Polygon",
    "coordinates": [
     [
      [
       85.14888972043991,
       27.922383577273393
      ],
      [
       85.14886289834976,
       27.922298258908754
      ],
      [
       85.14882266521454,
       27.92217028123551
      ],
      [
       85.14865100383759,
       27.92221294047677
      ],
      [
       85.1486724615097,
       27.922276929307074
      ],
      [
       85.14876365661621,
       27.922253229744697
      ],
      [
       85.14878243207932,
       27.922307738730368
      ],
      [
       85.14870196580887,
       27.92232669837111
      ],
      [
       85.14873415231705,
       27.922423866477757
      ],
      [
       85.14888972043991,
       27.922383577273393
      ]
     ]
    ]
   },
   "properties": {
    "id": "overture:ae2c8e8e-3b4b-439a-905c-77076f6f96c0",
    "status": "destroyed",
    "source": "overture",
    "src_id": "ae2c8e8e-3b4b-439a-905c-77076f6f96c0",
    "name": "",
    "note": "",
    "created_at": "2026-09-06T18:42:14.757Z"
   }
  },
  {
   "type": "Feature",
   "id": "overture:5b7626c6-5da2-470b-8fa8-c76ff363164e",
   "geometry": {
    "type": "Polygon",
    "coordinates": [
     [
      [
       85.14845252037048,
       27.922487855183192
      ],
      [
       85.1484203338623,
       27.922407276807178
      ],
      [
       85.14837741851807,
       27.922419126572123
      ],
      [
       85.14841228723526,
       27.922502074890403
      ],
      [
       85.14845252037048,
       27.922487855183192
      ]
     ]
    ]
   },
   "properties": {
    "id": "overture:5b7626c6-5da2-470b-8fa8-c76ff363164e",
    "status": "destroyed",
    "source": "overture",
    "src_id": "5b7626c6-5da2-470b-8fa8-c76ff363164e",
    "name": "",
    "note": "",
    "created_at": "2026-09-06T18:42:24.805Z"
   }
  },
  {
   "type": "Feature",
   "id": "overture:64c276ea-bcda-4c4f-b441-6326123134f4",
   "geometry": {
    "type": "Polygon",
    "coordinates": [
     [
      [
       85.14778465032578,
       27.92217028123551
      ],
      [
       85.14770954847336,
       27.922255599701174
      ],
      [
       85.14788120985031,
       27.922374097458416
      ],
      [
       85.14795631170273,
       27.922288779086287
      ],
      [
       85.14778465032578,
       27.92217028123551
      ]
     ]
    ]
   },
   "properties": {
    "id": "overture:64c276ea-bcda-4c4f-b441-6326123134f4",
    "status": "destroyed",
    "source": "overture",
    "src_id": "64c276ea-bcda-4c4f-b441-6326123134f4",
    "name": "",
    "note": "",
    "created_at": "2026-09-06T18:42:29.968Z"
   }
  },
  {
   "type": "Feature",
   "id": "overture:76a3fd05-0a26-4094-b8dc-38e336bef568",
   "geometry": {
    "type": "Polygon",
    "coordinates": [
     [
      [
       85.14809846878052,
       27.921620449508467
      ],
      [
       85.14796435832977,
       27.921589639889305
      ],
      [
       85.14791339635849,
       27.921750797800073
      ],
      [
       85.14804750680923,
       27.921783977340127
      ],
      [
       85.14809846878052,
       27.921620449508467
      ]
     ]
    ]
   },
   "properties": {
    "id": "overture:76a3fd05-0a26-4094-b8dc-38e336bef568",
    "status": "destroyed",
    "source": "overture",
    "src_id": "76a3fd05-0a26-4094-b8dc-38e336bef568",
    "name": "",
    "note": "",
    "created_at": "2026-09-06T18:42:36.600Z"
   }
  },
  {
   "type": "Feature",
   "id": "overture:7ad6cebb-6aa8-4276-b186-dc0a0c2c0f5d",
   "geometry": {
    "type": "Polygon",
    "coordinates": [
     [
      [
       85.14819771051407,
       27.921814786903894
      ],
      [
       85.14823794364929,
       27.921677328782323
      ],
      [
       85.1481145620346,
       27.921648889149125
      ],
      [
       85.14807164669037,
       27.921783977340127
      ],
      [
       85.14819771051407,
       27.921814786903894
      ]
     ]
    ]
   },
   "properties": {
    "id": "overture:7ad6cebb-6aa8-4276-b186-dc0a0c2c0f5d",
    "status": "destroyed",
    "source": "overture",
    "src_id": "7ad6cebb-6aa8-4276-b186-dc0a0c2c0f5d",
    "name": "",
    "note": "",
    "created_at": "2026-09-06T18:42:39.871Z"
   }
  },
  {
   "type": "Feature",
   "id": "overture:c2981feb-50cd-4658-a018-606e266b7b64",
   "geometry": {
    "type": "Polygon",
    "coordinates": [
     [
      [
       85.14883607625961,
       27.921883515899182
      ],
      [
       85.14875292778015,
       27.921855076320227
      ],
      [
       85.14871269464493,
       27.921954614813828
      ],
      [
       85.14879584312439,
       27.921980684404133
      ],
      [
       85.14883607625961,
       27.921883515899182
      ]
     ]
    ]
   },
   "properties": {
    "id": "overture:c2981feb-50cd-4658-a018-606e266b7b64",
    "status": "destroyed",
    "source": "overture",
    "src_id": "c2981feb-50cd-4658-a018-606e266b7b64",
    "name": "",
    "note": "",
    "created_at": "2026-09-06T18:43:32.763Z"
   }
  },
  {
   "type": "Feature",
   "id": "overture:08c00c2e-41c4-4e8b-9e6d-63303925fe98",
   "geometry": {
    "type": "Polygon",
    "coordinates": [
     [
      [
       85.14829695224762,
       27.921821896801987
      ],
      [
       85.14833986759186,
       27.921710508344916
      ],
      [
       85.1482567191124,
       27.921686808658393
      ],
      [
       85.14821380376816,
       27.921795827173383
      ],
      [
       85.14829695224762,
       27.921821896801987
      ]
     ]
    ]
   },
   "properties": {
    "id": "overture:08c00c2e-41c4-4e8b-9e6d-63303925fe98",
    "status": "destroyed",
    "source": "overture",
    "src_id": "08c00c2e-41c4-4e8b-9e6d-63303925fe98",
    "name": "",
    "note": "",
    "created_at": "2026-09-06T18:43:32.763Z"
   }
  },
  {
   "type": "Feature",
   "id": "overture:b8884a35-091f-4bf1-92dd-ba6870bf8310",
   "geometry": {
    "type": "Polygon",
    "coordinates": [
     [
      [
       85.1483827829361,
       27.921843226493465
      ],
      [
       85.14842569828033,
       27.921731838058335
      ],
      [
       85.14835327863693,
       27.921710508344916
      ],
      [
       85.1483103632927,
       27.921821896801987
      ],
      [
       85.1483827829361,
       27.921843226493465
      ]
     ]
    ]
   },
   "properties": {
    "id": "overture:b8884a35-091f-4bf1-92dd-ba6870bf8310",
    "status": "destroyed",
    "source": "overture",
    "src_id": "b8884a35-091f-4bf1-92dd-ba6870bf8310",
    "name": "",
    "note": "",
    "created_at": "2026-09-06T18:43:32.763Z"
   }
  },
  {
   "type": "Feature",
   "id": "overture:f91f46f2-3c36-426c-86ae-365041b11a53",
   "geometry": {
    "type": "Polygon",
    "coordinates": [
     [
      [
       85.14849811792374,
       27.921776867439547
      ],
      [
       85.14842838048935,
       27.921755537734995
      ],
      [
       85.14838814735413,
       27.921857446285415
      ],
      [
       85.14846056699753,
       27.92187877596986
      ],
      [
       85.14849811792374,
       27.921776867439547
      ]
     ]
    ]
   },
   "properties": {
    "id": "overture:f91f46f2-3c36-426c-86ae-365041b11a53",
    "status": "destroyed",
    "source": "overture",
    "src_id": "f91f46f2-3c36-426c-86ae-365041b11a53",
    "name": "",
    "note": "",
    "created_at": "2026-09-06T18:43:32.763Z"
   }
  },
  {
   "type": "Feature",
   "id": "overture:cefac450-5fe0-4d6d-8e0e-3be4381f093b",
   "geometry": {
    "type": "Polygon",
    "coordinates": [
     [
      [
       85.14862149953842,
       27.921800567106345
      ],
      [
       85.14851957559586,
       27.9217697575385
      ],
      [
       85.14848470687866,
       27.921866926145682
      ],
      [
       85.14858394861221,
       27.921897735685846
      ],
      [
       85.14862149953842,
       27.921800567106345
      ]
     ]
    ]
   },
   "properties": {
    "id": "overture:cefac450-5fe0-4d6d-8e0e-3be4381f093b",
    "status": "destroyed",
    "source": "overture",
    "src_id": "cefac450-5fe0-4d6d-8e0e-3be4381f093b",
    "name": "",
    "note": "",
    "created_at": "2026-09-06T18:43:32.763Z"
   }
  },
  {
   "type": "Feature",
   "id": "overture:1800a022-9006-4ca2-a688-830610fd5fc0",
   "geometry": {
    "type": "Polygon",
    "coordinates": [
     [
      [
       85.14875024557114,
       27.921843226493465
      ],
      [
       85.14863222837448,
       27.921807677005347
      ],
      [
       85.14859199523926,
       27.921914325434585
      ],
      [
       85.14871001243591,
       27.92194987488763
      ],
      [
       85.14875024557114,
       27.921843226493465
      ]
     ]
    ]
   },
   "properties": {
    "id": "overture:1800a022-9006-4ca2-a688-830610fd5fc0",
    "status": "destroyed",
    "source": "overture",
    "src_id": "1800a022-9006-4ca2-a688-830610fd5fc0",
    "name": "",
    "note": "",
    "created_at": "2026-09-06T18:43:32.763Z"
   }
  },
  {
   "type": "Feature",
   "id": "overture:e55809a4-7fcb-486c-ae5d-f0a8dde7b136",
   "geometry": {
    "type": "Polygon",
    "coordinates": [
     [
      [
       85.14894336462021,
       27.9219285452172
      ],
      [
       85.14884144067764,
       27.921895365721525
      ],
      [
       85.14880120754242,
       27.92199490417802
      ],
      [
       85.14890313148499,
       27.92202808364314
      ],
      [
       85.14894336462021,
       27.9219285452172
      ]
     ]
    ]
   },
   "properties": {
    "id": "overture:e55809a4-7fcb-486c-ae5d-f0a8dde7b136",
    "status": "destroyed",
    "source": "overture",
    "src_id": "e55809a4-7fcb-486c-ae5d-f0a8dde7b136",
    "name": "",
    "note": "",
    "created_at": "2026-09-06T18:43:32.763Z"
   }
  },
  {
   "type": "Feature",
   "id": "overture:aad67756-cadb-4031-ab0e-72f5d46db6f9",
   "geometry": {
    "type": "Polygon",
    "coordinates": [
     [
      [
       85.14897286891937,
       27.922051783254858
      ],
      [
       85.1490131020546,
       27.921954614813828
      ],
      [
       85.14895677566528,
       27.921935655107816
      ],
      [
       85.14891654253006,
       27.9220328235659
      ],
      [
       85.14897286891937,
       27.922051783254858
      ]
     ]
    ]
   },
   "properties": {
    "id": "overture:aad67756-cadb-4031-ab0e-72f5d46db6f9",
    "status": "destroyed",
    "source": "overture",
    "src_id": "aad67756-cadb-4031-ab0e-72f5d46db6f9",
    "name": "",
    "note": "",
    "created_at": "2026-09-06T18:43:32.763Z"
   }
  },
  {
   "type": "Feature",
   "id": "overture:d2e42fc9-c220-489c-8777-163d8fdb59bb",
   "geometry": {
    "type": "Polygon",
    "coordinates": [
     [
      [
       85.14909088611603,
       27.922089702622813
      ],
      [
       85.14913648366928,
       27.921978314441617
      ],
      [
       85.14902919530869,
       27.921942764997937
      ],
      [
       85.14898091554642,
       27.92205415321574
      ],
      [
       85.14909088611603,
       27.922089702622813
      ]
     ]
    ]
   },
   "properties": {
    "id": "overture:d2e42fc9-c220-489c-8777-163d8fdb59bb",
    "status": "destroyed",
    "source": "overture",
    "src_id": "d2e42fc9-c220-489c-8777-163d8fdb59bb",
    "name": "",
    "note": "",
    "created_at": "2026-09-06T18:43:32.763Z"
   }
  },
  {
   "type": "Feature",
   "id": "overture:b0d1b695-a428-4f11-b5c5-83e127c7f108",
   "geometry": {
    "type": "Polygon",
    "coordinates": [
     [
      [
       85.14925181865692,
       27.92202808364314
      ],
      [
       85.14914721250534,
       27.92199490417802
      ],
      [
       85.1491042971611,
       27.92209207258287
      ],
      [
       85.1492115855217,
       27.922127621977452
      ],
      [
       85.14925181865692,
       27.92202808364314
      ]
     ]
    ]
   },
   "properties": {
    "id": "overture:b0d1b695-a428-4f11-b5c5-83e127c7f108",
    "status": "destroyed",
    "source": "overture",
    "src_id": "b0d1b695-a428-4f11-b5c5-83e127c7f108",
    "name": "",
    "note": "",
    "created_at": "2026-09-06T18:43:32.763Z"
   }
  },
  {
   "type": "Feature",
   "id": "overture:1d743291-ad3b-4484-aee9-59ba51bdd165",
   "geometry": {
    "type": "Polygon",
    "coordinates": [
     [
      [
       85.14932960271835,
       27.922184500984457
      ],
      [
       85.14924645423889,
       27.922236640047956
      ],
      [
       85.14934837818146,
       27.92236224768854
      ],
      [
       85.14940738677979,
       27.92232432841621
      ],
      [
       85.14943152666092,
       27.92231010868565
      ],
      [
       85.14932960271835,
       27.922184500984457
      ]
     ]
    ]
   },
   "properties": {
    "id": "overture:1d743291-ad3b-4484-aee9-59ba51bdd165",
    "status": "destroyed",
    "source": "overture",
    "src_id": "1d743291-ad3b-4484-aee9-59ba51bdd165",
    "name": "",
    "note": "",
    "created_at": "2026-09-06T18:43:32.763Z"
   }
  },
  {
   "type": "Feature",
   "id": "overture:f1c95fcb-214f-45eb-baad-c357775dabe3",
   "geometry": {
    "type": "Polygon",
    "coordinates": [
     [
      [
       85.1493188738823,
       27.922343288054023
      ],
      [
       85.1491928100586,
       27.92221294047677
      ],
      [
       85.14914721250534,
       27.922248489831603
      ],
      [
       85.14927327632904,
       27.92237646741225
      ],
      [
       85.1493188738823,
       27.922343288054023
      ]
     ]
    ]
   },
   "properties": {
    "id": "overture:f1c95fcb-214f-45eb-baad-c357775dabe3",
    "status": "destroyed",
    "source": "overture",
    "src_id": "f1c95fcb-214f-45eb-baad-c357775dabe3",
    "name": "",
    "note": "",
    "created_at": "2026-09-06T18:43:32.763Z"
   }
  },
  {
   "type": "Feature",
   "id": "overture:8fa433e4-d00b-4abe-9759-3bff26abd99b",
   "geometry": {
    "type": "Polygon",
    "coordinates": [
     [
      [
       85.1492303609848,
       27.92236935755062
      ],
      [
       85.1491391658783,
       27.922279299263025
      ],
      [
       85.14907747507095,
       27.92232669837111
      ],
      [
       85.14916867017746,
       27.922419126572123
      ],
      [
       85.1492303609848,
       27.92236935755062
      ]
     ]
    ]
   },
   "properties": {
    "id": "overture:8fa433e4-d00b-4abe-9759-3bff26abd99b",
    "status": "destroyed",
    "source": "overture",
    "src_id": "8fa433e4-d00b-4abe-9759-3bff26abd99b",
    "name": "",
    "note": "",
    "created_at": "2026-09-06T18:43:32.763Z"
   }
  },
  {
   "type": "Feature",
   "id": "overture:84e87a17-44dd-4319-bb59-70d851b16f17",
   "geometry": {
    "type": "Polygon",
    "coordinates": [
     [
      [
       85.14906942844391,
       27.922224790263016
      ],
      [
       85.14912575483322,
       27.922248489831603
      ],
      [
       85.14914721250534,
       27.922210570519354
      ],
      [
       85.14916062355042,
       27.922217680391412
      ],
      [
       85.14917939901352,
       27.92218213102646
      ],
      [
       85.14911234378815,
       27.92215369152605
      ],
      [
       85.14906942844391,
       27.922224790263016
      ]
     ]
    ]
   },
   "properties": {
    "id": "overture:84e87a17-44dd-4319-bb59-70d851b16f17",
    "status": "destroyed",
    "source": "overture",
    "src_id": "84e87a17-44dd-4319-bb59-70d851b16f17",
    "name": "",
    "note": "",
    "created_at": "2026-09-06T18:43:32.763Z"
   }
  },
  {
   "type": "Feature",
   "id": "overture:ad6bc074-716c-4fc4-a5e7-33be728c3c2a",
   "geometry": {
    "type": "Polygon",
    "coordinates": [
     [
      [
       85.14908283948898,
       27.92218213102646
      ],
      [
       85.14903724193573,
       27.92216317136034
      ],
      [
       85.1490131020546,
       27.922205830604383
      ],
      [
       85.14905869960785,
       27.922227160220103
      ],
      [
       85.14908283948898,
       27.92218213102646
      ]
     ]
    ]
   },
   "properties": {
    "id": "overture:ad6bc074-716c-4fc4-a5e7-33be728c3c2a",
    "status": "destroyed",
    "source": "overture",
    "src_id": "ad6bc074-716c-4fc4-a5e7-33be728c3c2a",
    "name": "",
    "note": "",
    "created_at": "2026-09-06T18:43:32.763Z"
   }
  },
  {
   "type": "Feature",
   "id": "overture:94e4937b-0b18-4486-a214-4948e1f08bef",
   "geometry": {
    "type": "Polygon",
    "coordinates": [
     [
      [
       85.14903455972672,
       27.92215132156734
      ],
      [
       85.14896214008331,
       27.922120512099454
      ],
      [
       85.14893531799316,
       27.922165541318776
      ],
      [
       85.14900773763657,
       27.922198720731558
      ],
      [
       85.14903455972672,
       27.92215132156734
      ]
     ]
    ]
   },
   "properties": {
    "id": "overture:94e4937b-0b18-4486-a214-4948e1f08bef",
    "status": "destroyed",
    "source": "overture",
    "src_id": "94e4937b-0b18-4486-a214-4948e1f08bef",
    "name": "",
    "note": "",
    "created_at": "2026-09-06T18:43:32.763Z"
   }
  },
  {
   "type": "Feature",
   "id": "overture:c918ed81-62ce-4d5e-8fd8-700fe4fe7059",
   "geometry": {
    "type": "Polygon",
    "coordinates": [
     [
      [
       85.14894604682922,
       27.922122882058844
      ],
      [
       85.14889776706696,
       27.922106292342107
      ],
      [
       85.14886558055878,
       27.92217739111024
      ],
      [
       85.14891386032104,
       27.922193980816076
      ],
      [
       85.14894604682922,
       27.922122882058844
      ]
     ]
    ]
   },
   "properties": {
    "id": "overture:c918ed81-62ce-4d5e-8fd8-700fe4fe7059",
    "status": "destroyed",
    "source": "overture",
    "src_id": "c918ed81-62ce-4d5e-8fd8-700fe4fe7059",
    "name": "",
    "note": "",
    "created_at": "2026-09-06T18:43:32.763Z"
   }
  },
  {
   "type": "Feature",
   "id": "overture:d012b77e-d58b-4d7b-b9f8-185a4f9fc050",
   "geometry": {
    "type": "Polygon",
    "coordinates": [
     [
      [
       85.14890849590302,
       27.92206600301941
      ],
      [
       85.14886558055878,
       27.922051783254858
      ],
      [
       85.14882266521454,
       27.922158431443307
      ],
      [
       85.14886558055878,
       27.92217265119382
      ],
      [
       85.14890849590302,
       27.92206600301941
      ]
     ]
    ]
   },
   "properties": {
    "id": "overture:d012b77e-d58b-4d7b-b9f8-185a4f9fc050",
    "status": "destroyed",
    "source": "overture",
    "src_id": "d012b77e-d58b-4d7b-b9f8-185a4f9fc050",
    "name": "",
    "note": "",
    "created_at": "2026-09-06T18:43:32.763Z"
   }
  },
  {
   "type": "Feature",
   "id": "overture:a342ec35-b82a-4e3e-865a-913ed885f0d0",
   "geometry": {
    "type": "Polygon",
    "coordinates": [
     [
      [
       85.14846324920654,
       27.92204941329392
      ],
      [
       85.14849811792374,
       27.92196409466557
      ],
      [
       85.14845788478851,
       27.921952244850758
      ],
      [
       85.14842301607132,
       27.922037563488445
      ],
      [
       85.14846324920654,
       27.92204941329392
      ]
     ]
    ]
   },
   "properties": {
    "id": "overture:a342ec35-b82a-4e3e-865a-913ed885f0d0",
    "status": "destroyed",
    "source": "overture",
    "src_id": "a342ec35-b82a-4e3e-865a-913ed885f0d0",
    "name": "",
    "note": "",
    "created_at": "2026-09-06T18:43:32.763Z"
   }
  },
  {
   "type": "Feature",
   "id": "overture:db717bce-7ef5-475b-9e96-5ebecdbaef50",
   "geometry": {
    "type": "Polygon",
    "coordinates": [
     [
      [
       85.14855176210403,
       27.921978314441617
      ],
      [
       85.14850616455078,
       27.92196409466557
      ],
      [
       85.1484739780426,
       27.922047043332938
      ],
      [
       85.14851957559586,
       27.9220612630981
      ],
      [
       85.14855176210403,
       27.921978314441617
      ]
     ]
    ]
   },
   "properties": {
    "id": "overture:db717bce-7ef5-475b-9e96-5ebecdbaef50",
    "status": "destroyed",
    "source": "overture",
    "src_id": "db717bce-7ef5-475b-9e96-5ebecdbaef50",
    "name": "",
    "note": "",
    "created_at": "2026-09-06T18:43:32.763Z"
   }
  },
  {
   "type": "Feature",
   "id": "overture:5d839373-0e09-4239-b8ed-5713a93c9940",
   "geometry": {
    "type": "Polygon",
    "coordinates": [
     [
      [
       85.14855444431305,
       27.92212999193667
      ],
      [
       85.14860808849335,
       27.921997274140153
      ],
      [
       85.14855980873108,
       27.921983054366564
      ],
      [
       85.1485088467598,
       27.922113402221015
      ],
      [
       85.14855444431305,
       27.92212999193667
      ]
     ]
    ]
   },
   "properties": {
    "id": "overture:5d839373-0e09-4239-b8ed-5713a93c9940",
    "status": "destroyed",
    "source": "overture",
    "src_id": "5d839373-0e09-4239-b8ed-5713a93c9940",
    "name": "",
    "note": "",
    "created_at": "2026-09-06T18:43:32.763Z"
   }
  },
  {
   "type": "Feature",
   "id": "overture:cc8d24ce-7c57-4b4f-ba44-0f4157dbabbd",
   "geometry": {
    "type": "Polygon",
    "coordinates": [
     [
      [
       85.14862418174744,
       27.922115772180547
      ],
      [
       85.14866441488266,
       27.92201386387363
      ],
      [
       85.14861613512039,
       27.921997274140153
      ],
      [
       85.14857590198517,
       27.922099182462716
      ],
      [
       85.14862418174744,
       27.922115772180547
      ]
     ]
    ]
   },
   "properties": {
    "id": "overture:cc8d24ce-7c57-4b4f-ba44-0f4157dbabbd",
    "status": "destroyed",
    "source": "overture",
    "src_id": "cc8d24ce-7c57-4b4f-ba44-0f4157dbabbd",
    "name": "",
    "note": "",
    "created_at": "2026-09-06T18:43:32.763Z"
   }
  },
  {
   "type": "Feature",
   "id": "overture:bf5c80c9-9436-4a2f-9362-2a4a2ebc0327",
   "geometry": {
    "type": "Polygon",
    "coordinates": [
     [
      [
       85.1486724615097,
       27.92213947177305
      ],
      [
       85.14871805906296,
       27.92203045360455
      ],
      [
       85.1486724615097,
       27.92201623383535
      ],
      [
       85.14862954616547,
       27.922125252018176
      ],
      [
       85.1486724615097,
       27.92213947177305
      ]
     ]
    ]
   },
   "properties": {
    "id": "overture:bf5c80c9-9436-4a2f-9362-2a4a2ebc0327",
    "status": "destroyed",
    "source": "overture",
    "src_id": "bf5c80c9-9436-4a2f-9362-2a4a2ebc0327",
    "name": "",
    "note": "",
    "created_at": "2026-09-06T18:43:32.763Z"
   }
  },
  {
   "type": "Feature",
   "id": "overture:c838f47e-0796-44a3-a135-480ef0eca923",
   "geometry": {
    "type": "Polygon",
    "coordinates": [
     [
      [
       85.14880388975143,
       27.92203045360455
      ],
      [
       85.14873415231705,
       27.922006753988157
      ],
      [
       85.14868587255478,
       27.922127621977452
      ],
      [
       85.14875560998917,
       27.92214895160859
      ],
      [
       85.14880388975143,
       27.92203045360455
      ]
     ]
    ]
   },
   "properties": {
    "id": "overture:c838f47e-0796-44a3-a135-480ef0eca923",
    "status": "destroyed",
    "source": "overture",
    "src_id": "c838f47e-0796-44a3-a135-480ef0eca923",
    "name": "",
    "note": "",
    "created_at": "2026-09-06T18:43:32.763Z"
   }
  },
  {
   "type": "Feature",
   "id": "overture:43adea20-689b-4245-97b1-1c2ce90a12af",
   "geometry": {
    "type": "Polygon",
    "coordinates": [
     [
      [
       85.14886021614075,
       27.92205415321574
      ],
      [
       85.14880657196045,
       27.922037563488445
      ],
      [
       85.14876633882523,
       27.92213947177305
      ],
      [
       85.14881730079651,
       27.9221560614847
      ],
      [
       85.14886021614075,
       27.92205415321574
      ]
     ]
    ]
   },
   "properties": {
    "id": "overture:43adea20-689b-4245-97b1-1c2ce90a12af",
    "status": "destroyed",
    "source": "overture",
    "src_id": "43adea20-689b-4245-97b1-1c2ce90a12af",
    "name": "",
    "note": "",
    "created_at": "2026-09-06T18:43:32.763Z"
   }
  },
  {
   "type": "Feature",
   "id": "overture:717c67b9-769f-4674-a7b8-be117962b928",
   "geometry": {
    "type": "Polygon",
    "coordinates": [
     [
      [
       85.1481306552887,
       27.92197357451647
      ],
      [
       85.14824330806732,
       27.92198542432898
      ],
      [
       85.14825403690338,
       27.921904845578467
      ],
      [
       85.14814138412476,
       27.92189299575716
      ],
      [
       85.1481306552887,
       27.92197357451647
      ]
     ]
    ]
   },
   "properties": {
    "id": "overture:717c67b9-769f-4674-a7b8-be117962b928",
    "status": "destroyed",
    "source": "overture",
    "src_id": "717c67b9-769f-4674-a7b8-be117962b928",
    "name": "",
    "note": "",
    "created_at": "2026-09-06T18:43:47.610Z"
   }
  },
  {
   "type": "Feature",
   "id": "overture:19affac6-1c8f-47b7-b527-caf07da4aef0",
   "geometry": {
    "type": "Polygon",
    "coordinates": [
     [
      [
       85.15003502368927,
       27.922798318364613
      ],
      [
       85.14996260404587,
       27.922741439680536
      ],
      [
       85.14990091323853,
       27.922803058253592
      ],
      [
       85.14997333288193,
       27.922859936905283
      ],
      [
       85.15003502368927,
       27.922798318364613
      ]
     ]
    ]
   },
   "properties": {
    "id": "overture:19affac6-1c8f-47b7-b527-caf07da4aef0",
    "status": "destroyed",
    "source": "overture",
    "src_id": "19affac6-1c8f-47b7-b527-caf07da4aef0",
    "name": "",
    "note": "",
    "created_at": "2026-09-06T18:44:46.626Z"
   }
  },
  {
   "type": "Feature",
   "id": "overture:28ed6562-1b6f-4873-816c-a70d3481075b",
   "geometry": {
    "type": "Polygon",
    "coordinates": [
     [
      [
       85.15004575252533,
       27.922928665236114
      ],
      [
       85.15015035867691,
       27.92284097735805
      ],
      [
       85.15008330345154,
       27.92277935880658
      ],
      [
       85.14998137950897,
       27.922869416677642
      ],
      [
       85.15004575252533,
       27.922928665236114
      ]
     ]
    ]
   },
   "properties": {
    "id": "overture:28ed6562-1b6f-4873-816c-a70d3481075b",
    "status": "destroyed",
    "source": "overture",
    "src_id": "28ed6562-1b6f-4873-816c-a70d3481075b",
    "name": "",
    "note": "",
    "created_at": "2026-09-06T18:44:46.626Z"
   }
  },
  {
   "type": "Feature",
   "id": "overture:fc980afe-3942-4812-aef5-fd69a2c2486d",
   "geometry": {
    "type": "Polygon",
    "coordinates": [
     [
      [
       85.1502737402916,
       27.92286230684843
      ],
      [
       85.1503112912178,
       27.92283149758316
      ],
      [
       85.1502737402916,
       27.922798318364613
      ],
      [
       85.15023618936539,
       27.922829127639332
      ],
      [
       85.1502737402916,
       27.92286230684843
      ]
     ]
    ]
   },
   "properties": {
    "id": "overture:fc980afe-3942-4812-aef5-fd69a2c2486d",
    "status": "destroyed",
    "source": "overture",
    "src_id": "fc980afe-3942-4812-aef5-fd69a2c2486d",
    "name": "",
    "note": "",
    "created_at": "2026-09-06T18:44:46.626Z"
   }
  },
  {
   "type": "Feature",
   "id": "overture:2bc4f59a-e770-426d-a99b-e90a2aa7d8f2",
   "geometry": {
    "type": "Polygon",
    "coordinates": [
     [
      [
       85.15028446912766,
       27.922964214355574
      ],
      [
       85.15022546052933,
       27.922997393523247
      ],
      [
       85.15025496482849,
       27.92303768249883
      ],
      [
       85.15031397342682,
       27.923002133403514
      ],
      [
       85.15028446912766,
       27.922964214355574
      ]
     ]
    ]
   },
   "properties": {
    "id": "overture:2bc4f59a-e770-426d-a99b-e90a2aa7d8f2",
    "status": "destroyed",
    "source": "overture",
    "src_id": "2bc4f59a-e770-426d-a99b-e90a2aa7d8f2",
    "name": "",
    "note": "",
    "created_at": "2026-09-06T18:44:46.626Z"
   }
  },
  {
   "type": "Feature",
   "id": "overture:20e03b74-da17-414d-99f2-f85dd4a1bd10",
   "geometry": {
    "type": "Polygon",
    "coordinates": [
     [
      [
       85.15053927898407,
       27.922928665236114
      ],
      [
       85.15048295259476,
       27.922959474473657
      ],
      [
       85.15052318572998,
       27.923016353043025
      ],
      [
       85.1505795121193,
       27.922987913762086
      ],
      [
       85.15053927898407,
       27.922928665236114
      ]
     ]
    ]
   },
   "properties": {
    "id": "overture:20e03b74-da17-414d-99f2-f85dd4a1bd10",
    "status": "destroyed",
    "source": "overture",
    "src_id": "20e03b74-da17-414d-99f2-f85dd4a1bd10",
    "name": "",
    "note": "",
    "created_at": "2026-09-06T18:44:46.626Z"
   }
  },
  {
   "type": "Feature",
   "id": "overture:a5969b25-9250-41e6-85e4-def74a78b48a",
   "geometry": {
    "type": "Polygon",
    "coordinates": [
     [
      [
       85.1505634188652,
       27.92266086149351
      ],
      [
       85.15059292316437,
       27.922637162015334
      ],
      [
       85.1505446434021,
       27.922589763043334
      ],
      [
       85.15051513910294,
       27.922615832480503
      ],
      [
       85.1505634188652,
       27.92266086149351
      ]
     ]
    ]
   },
   "properties": {
    "id": "overture:a5969b25-9250-41e6-85e4-def74a78b48a",
    "status": "destroyed",
    "source": "overture",
    "src_id": "a5969b25-9250-41e6-85e4-def74a78b48a",
    "name": "",
    "note": "",
    "created_at": "2026-09-06T18:44:46.626Z"
   }
  },
  {
   "type": "Feature",
   "id": "overture:80081b83-db67-412e-90e0-432bf04bba01",
   "geometry": {
    "type": "Polygon",
    "coordinates": [
     [
      [
       85.15075117349625,
       27.922805428198018
      ],
      [
       85.15069216489792,
       27.92272722000483
      ],
      [
       85.1506358385086,
       27.922762769190555
      ],
      [
       85.15069484710693,
       27.92284097735805
      ],
      [
       85.15075117349625,
       27.922805428198018
      ]
     ]
    ]
   },
   "properties": {
    "id": "overture:80081b83-db67-412e-90e0-432bf04bba01",
    "status": "destroyed",
    "source": "overture",
    "src_id": "80081b83-db67-412e-90e0-432bf04bba01",
    "name": "",
    "note": "",
    "created_at": "2026-09-06T18:44:46.626Z"
   }
  },
  {
   "type": "Feature",
   "id": "overture:f40e21d8-f9ec-4d6f-b76a-648dd4101e66",
   "geometry": {
    "type": "Polygon",
    "coordinates": [
     [
      [
       85.15092551708221,
       27.922613462531928
      ],
      [
       85.15089333057404,
       27.92261109258331
      ],
      [
       85.15089064836502,
       27.922649011755055
      ],
      [
       85.15092551708221,
       27.922651381702863
      ],
      [
       85.15092551708221,
       27.922613462531928
      ]
     ]
    ]
   },
   "properties": {
    "id": "overture:f40e21d8-f9ec-4d6f-b76a-648dd4101e66",
    "status": "destroyed",
    "source": "overture",
    "src_id": "f40e21d8-f9ec-4d6f-b76a-648dd4101e66",
    "name": "",
    "note": "",
    "created_at": "2026-09-06T18:44:46.626Z"
   }
  },
  {
   "type": "Feature",
   "id": "overture:ab4e6e1a-4497-454f-81da-e074acaebdb5",
   "geometry": {
    "type": "Polygon",
    "coordinates": [
     [
      [
       85.1498231291771,
       27.922961844414672
      ],
      [
       85.14978021383286,
       27.92283149758316
      ],
      [
       85.14968633651733,
       27.922855197018762
      ],
      [
       85.14973193407059,
       27.92298554382168
      ],
      [
       85.1498231291771,
       27.922961844414672
      ]
     ]
    ]
   },
   "properties": {
    "id": "overture:ab4e6e1a-4497-454f-81da-e074acaebdb5",
    "status": "destroyed",
    "source": "overture",
    "src_id": "ab4e6e1a-4497-454f-81da-e074acaebdb5",
    "name": "",
    "note": "",
    "created_at": "2026-09-06T18:44:46.626Z"
   }
  },
  {
   "type": "Feature",
   "id": "overture:e63a882e-1547-4af7-ae7c-02753afeaa53",
   "geometry": {
    "type": "Polygon",
    "coordinates": [
     [
      [
       85.14982849359512,
       27.923073231582478
      ],
      [
       85.14980971813202,
       27.92300687328354
      ],
      [
       85.14973193407059,
       27.923009243223518
      ],
      [
       85.14972925186157,
       27.923063751827982
      ],
      [
       85.14982849359512,
       27.923073231582478
      ]
     ]
    ]
   },
   "properties": {
    "id": "overture:e63a882e-1547-4af7-ae7c-02753afeaa53",
    "status": "destroyed",
    "source": "overture",
    "src_id": "e63a882e-1547-4af7-ae7c-02753afeaa53",
    "name": "",
    "note": "",
    "created_at": "2026-09-06T18:44:46.626Z"
   }
  },
  {
   "type": "Feature",
   "id": "overture:7e231d15-3d30-4c2c-b9cc-3921e81deaf8",
   "geometry": {
    "type": "Polygon",
    "coordinates": [
     [
      [
       85.1498231291771,
       27.92316328920873
      ],
      [
       85.14983117580414,
       27.923104040778867
      ],
      [
       85.1497158408165,
       27.92308982115084
      ],
      [
       85.14970779418945,
       27.92315143952537
      ],
      [
       85.1498231291771,
       27.92316328920873
      ]
     ]
    ]
   },
   "properties": {
    "id": "overture:7e231d15-3d30-4c2c-b9cc-3921e81deaf8",
    "status": "destroyed",
    "source": "overture",
    "src_id": "7e231d15-3d30-4c2c-b9cc-3921e81deaf8",
    "name": "",
    "note": "",
    "created_at": "2026-09-06T18:44:46.626Z"
   }
  },
  {
   "type": "Feature",
   "id": "overture:56b78912-f037-4a4f-900d-5569ab28cf6d",
   "geometry": {
    "type": "Polygon",
    "coordinates": [
     [
      [
       85.14989823102951,
       27.92337658328745
      ],
      [
       85.15020668506622,
       27.92335288396616
      ],
      [
       85.15019863843918,
       27.923265196432183
      ],
      [
       85.14989018440247,
       27.923288895772686
      ],
      [
       85.14989823102951,
       27.92337658328745
      ]
     ]
    ]
   },
   "properties": {
    "id": "overture:56b78912-f037-4a4f-900d-5569ab28cf6d",
    "status": "destroyed",
    "source": "overture",
    "src_id": "56b78912-f037-4a4f-900d-5569ab28cf6d",
    "name": "",
    "note": "",
    "created_at": "2026-09-06T18:44:46.626Z"
   }
  },
  {
   "type": "Feature",
   "id": "overture:9b7aef30-e34c-4a32-90e7-5de3b2b4f5ee",
   "geometry": {
    "type": "Polygon",
    "coordinates": [
     [
      [
       85.15022546052933,
       27.923092191088983
      ],
      [
       85.15013694763184,
       27.923099300903075
      ],
      [
       85.15014499425888,
       27.9231727689545
      ],
      [
       85.15025496482849,
       27.92316328920873
      ],
      [
       85.15024960041046,
       27.923113520529824
      ],
      [
       85.15022814273834,
       27.923115890467415
      ],
      [
       85.15022546052933,
       27.923092191088983
      ]
     ]
    ]
   },
   "properties": {
    "id": "overture:9b7aef30-e34c-4a32-90e7-5de3b2b4f5ee",
    "status": "destroyed",
    "source": "overture",
    "src_id": "9b7aef30-e34c-4a32-90e7-5de3b2b4f5ee",
    "name": "",
    "note": "",
    "created_at": "2026-09-06T18:44:46.626Z"
   }
  },
  {
   "type": "Feature",
   "id": "overture:5f1fb6d6-cd63-4a9b-9491-85a456687cbb",
   "geometry": {
    "type": "Polygon",
    "coordinates": [
     [
      [
       85.15019059181213,
       27.923210687929256
      ],
      [
       85.15018790960312,
       27.9232557166945
      ],
      [
       85.15029519796371,
       27.92326045656344
      ],
      [
       85.15029788017273,
       27.92321542780016
      ],
      [
       85.15019059181213,
       27.923210687929256
      ]
     ]
    ]
   },
   "properties": {
    "id": "overture:5f1fb6d6-cd63-4a9b-9491-85a456687cbb",
    "status": "destroyed",
    "source": "overture",
    "src_id": "5f1fb6d6-cd63-4a9b-9491-85a456687cbb",
    "name": "",
    "note": "",
    "created_at": "2026-09-06T18:44:46.626Z"
   }
  },
  {
   "type": "Feature",
   "id": "overture:4fce5fda-45da-4219-808c-ec054802a345",
   "geometry": {
    "type": "Polygon",
    "coordinates": [
     [
      [
       85.1500403881073,
       27.92296658429649
      ],
      [
       85.15001624822617,
       27.92300687328354
      ],
      [
       85.1500752568245,
       27.923032942620125
      ],
      [
       85.15009671449661,
       27.92299265364278
      ],
      [
       85.1500403881073,
       27.92296658429649
      ]
     ]
    ]
   },
   "properties": {
    "id": "overture:4fce5fda-45da-4219-808c-ec054802a345",
    "status": "destroyed",
    "source": "overture",
    "src_id": "4fce5fda-45da-4219-808c-ec054802a345",
    "name": "",
    "note": "",
    "created_at": "2026-09-06T18:44:46.626Z"
   }
  },
  {
   "type": "Feature",
   "id": "overture:b8e5f2ab-1f77-4241-abb5-90cc39bda846",
   "geometry": {
    "type": "Polygon",
    "coordinates": [
     [
      [
       85.14947444200516,
       27.923066121766695
      ],
      [
       85.14945834875107,
       27.923002133403514
      ],
      [
       85.14934301376343,
       27.9230258328017
      ],
      [
       85.14935910701752,
       27.923092191088983
      ],
      [
       85.14947444200516,
       27.923066121766695
      ]
     ]
    ]
   },
   "properties": {
    "id": "overture:b8e5f2ab-1f77-4241-abb5-90cc39bda846",
    "status": "destroyed",
    "source": "overture",
    "src_id": "b8e5f2ab-1f77-4241-abb5-90cc39bda846",
    "name": "",
    "note": "",
    "created_at": "2026-09-06T18:44:46.626Z"
   }
  },
  {
   "type": "Feature",
   "id": "overture:3ae232bc-0fc2-4a68-ba91-d48d00d24e2f",
   "geometry": {
    "type": "Polygon",
    "coordinates": [
     [
      [
       85.14927864074707,
       27.923047162255628
      ],
      [
       85.14928668737411,
       27.923134849966445
      ],
      [
       85.14934569597244,
       27.923130110092004
      ],
      [
       85.14934033155441,
       27.923042422377335
      ],
      [
       85.14927864074707,
       27.923047162255628
      ]
     ]
    ]
   },
   "properties": {
    "id": "overture:3ae232bc-0fc2-4a68-ba91-d48d00d24e2f",
    "status": "destroyed",
    "source": "overture",
    "src_id": "3ae232bc-0fc2-4a68-ba91-d48d00d24e2f",
    "name": "",
    "note": "",
    "created_at": "2026-09-06T18:44:46.626Z"
   }
  },
  {
   "type": "Feature",
   "id": "overture:6de1ccdd-c807-4a08-a1c7-425b61b4222e",
   "geometry": {
    "type": "Polygon",
    "coordinates": [
     [
      [
       85.14916598796844,
       27.923075601520964
      ],
      [
       85.1492491364479,
       27.923063751827982
      ],
      [
       85.14924108982086,
       27.923013983103246
      ],
      [
       85.1491579413414,
       27.9230258328017
      ],
      [
       85.14916598796844,
       27.923075601520964
      ]
     ]
    ]
   },
   "properties": {
    "id": "overture:6de1ccdd-c807-4a08-a1c7-425b61b4222e",
    "status": "destroyed",
    "source": "overture",
    "src_id": "6de1ccdd-c807-4a08-a1c7-425b61b4222e",
    "name": "",
    "note": "",
    "created_at": "2026-09-06T18:44:46.626Z"
   }
  },
  {
   "type": "Feature",
   "id": "overture:9f264ebe-0a1d-4863-8c20-60a1e315403a",
   "geometry": {
    "type": "Polygon",
    "coordinates": [
     [
      [
       85.1492491364479,
       27.92284097735805
      ],
      [
       85.14928668737411,
       27.92282438775149
      ],
      [
       85.14926254749298,
       27.92277935880658
      ],
      [
       85.14922231435776,
       27.922798318364613
      ],
      [
       85.1492491364479,
       27.92284097735805
      ]
     ]
    ]
   },
   "properties": {
    "id": "overture:9f264ebe-0a1d-4863-8c20-60a1e315403a",
    "status": "destroyed",
    "source": "overture",
    "src_id": "9f264ebe-0a1d-4863-8c20-60a1e315403a",
    "name": "",
    "note": "",
    "created_at": "2026-09-06T18:44:46.626Z"
   }
  },
  {
   "type": "Feature",
   "id": "overture:520b6bcb-0857-422b-a9ad-84d957fd4ced",
   "geometry": {
    "type": "Polygon",
    "coordinates": [
     [
      [
       85.14936983585358,
       27.922649011755055
      ],
      [
       85.1492840051651,
       27.92270115059452
      ],
      [
       85.1493188738823,
       27.922748549517664
      ],
      [
       85.14940470457077,
       27.92269641070108
      ],
      [
       85.14936983585358,
       27.922649011755055
      ]
     ]
    ]
   },
   "properties": {
    "id": "overture:520b6bcb-0857-422b-a9ad-84d957fd4ced",
    "status": "destroyed",
    "source": "overture",
    "src_id": "520b6bcb-0857-422b-a9ad-84d957fd4ced",
    "name": "",
    "note": "",
    "created_at": "2026-09-06T18:44:46.626Z"
   }
  },
  {
   "type": "Feature",
   "id": "overture:39919214-8cd2-4e42-b311-283aefc33b7f",
   "geometry": {
    "type": "Polygon",
    "coordinates": [
     [
      [
       85.14945298433304,
       27.922613462531928
      ],
      [
       85.14940470457077,
       27.922580283246447
      ],
      [
       85.14936178922653,
       27.92263005217086
      ],
      [
       85.14940738677979,
       27.922663231441035
      ],
      [
       85.14945298433304,
       27.922613462531928
      ]
     ]
    ]
   },
   "properties": {
    "id": "overture:39919214-8cd2-4e42-b311-283aefc33b7f",
    "status": "destroyed",
    "source": "overture",
    "src_id": "39919214-8cd2-4e42-b311-283aefc33b7f",
    "name": "",
    "note": "",
    "created_at": "2026-09-06T18:44:46.626Z"
   }
  },
  {
   "type": "Feature",
   "id": "overture:4f84f1d0-84f5-44c7-a9bc-2be363b562c4",
   "geometry": {
    "type": "Polygon",
    "coordinates": [
     [
      [
       85.14941275119781,
       27.922497334988208
      ],
      [
       85.14936983585358,
       27.922554213800723
      ],
      [
       85.14944225549698,
       27.922596872890466
      ],
      [
       85.14948517084122,
       27.922537624150138
      ],
      [
       85.14941275119781,
       27.922497334988208
      ]
     ]
    ]
   },
   "properties": {
    "id": "overture:4f84f1d0-84f5-44c7-a9bc-2be363b562c4",
    "status": "destroyed",
    "source": "overture",
    "src_id": "4f84f1d0-84f5-44c7-a9bc-2be363b562c4",
    "name": "",
    "note": "",
    "created_at": "2026-09-06T18:44:46.626Z"
   }
  },
  {
   "type": "Feature",
   "id": "overture:9a63604e-e5bc-4c5c-9da1-e64d6f448cba",
   "geometry": {
    "type": "Polygon",
    "coordinates": [
     [
      [
       85.1495012640953,
       27.922551843850783
      ],
      [
       85.14946907758713,
       27.922592132992435
      ],
      [
       85.14952808618546,
       27.92263005217086
      ],
      [
       85.14956027269363,
       27.922589763043334
      ],
      [
       85.1495012640953,
       27.922551843850783
      ]
     ]
    ]
   },
   "properties": {
    "id": "overture:9a63604e-e5bc-4c5c-9da1-e64d6f448cba",
    "status": "destroyed",
    "source": "overture",
    "src_id": "9a63604e-e5bc-4c5c-9da1-e64d6f448cba",
    "name": "",
    "note": "",
    "created_at": "2026-09-06T18:44:46.626Z"
   }
  },
  {
   "type": "Feature",
   "id": "overture:b86f48c1-7726-4e87-9301-269dc52b72f1",
   "geometry": {
    "type": "Polygon",
    "coordinates": [
     [
      [
       85.14973998069763,
       27.922769879026305
      ],
      [
       85.1497158408165,
       27.922729589950904
      ],
      [
       85.149627327919,
       27.922746179572016
      ],
      [
       85.1496621966362,
       27.922807798142387
      ],
      [
       85.14973998069763,
       27.922769879026305
      ]
     ]
    ]
   },
   "properties": {
    "id": "overture:b86f48c1-7726-4e87-9301-269dc52b72f1",
    "status": "destroyed",
    "source": "overture",
    "src_id": "b86f48c1-7726-4e87-9301-269dc52b72f1",
    "name": "",
    "note": "",
    "created_at": "2026-09-06T18:44:46.626Z"
   }
  },
  {
   "type": "Feature",
   "id": "overture:2f3eb446-a9a9-4741-970d-cf10859670ab",
   "geometry": {
    "type": "Polygon",
    "coordinates": [
     [
      [
       85.14967292547226,
       27.92289785598976
      ],
      [
       85.14959245920181,
       27.92292629529439
      ],
      [
       85.14961123466492,
       27.92296658429649
      ],
      [
       85.14969170093536,
       27.922940514943903
      ],
      [
       85.14967292547226,
       27.92289785598976
      ]
     ]
    ]
   },
   "properties": {
    "id": "overture:2f3eb446-a9a9-4741-970d-cf10859670ab",
    "status": "destroyed",
    "source": "overture",
    "src_id": "2f3eb446-a9a9-4741-970d-cf10859670ab",
    "name": "",
    "note": "",
    "created_at": "2026-09-06T18:44:46.626Z"
   }
  },
  {
   "type": "Feature",
   "id": "overture:bab219ee-2c3c-471a-a5b3-7a36c03ce80b",
   "geometry": {
    "type": "Polygon",
    "coordinates": [
     [
      [
       85.14957636594772,
       27.922973694118824
      ],
      [
       85.14953345060349,
       27.92299028370246
      ],
      [
       85.14954417943954,
       27.923016353043025
      ],
      [
       85.14958709478378,
       27.923002133403514
      ],
      [
       85.14957636594772,
       27.922973694118824
      ]
     ]
    ]
   },
   "properties": {
    "id": "overture:bab219ee-2c3c-471a-a5b3-7a36c03ce80b",
    "status": "destroyed",
    "source": "overture",
    "src_id": "bab219ee-2c3c-471a-a5b3-7a36c03ce80b",
    "name": "",
    "note": "",
    "created_at": "2026-09-06T18:44:46.626Z"
   }
  },
  {
   "type": "Feature",
   "id": "overture:90659a0c-57f9-4c90-bb06-2a1d52761b80",
   "geometry": {
    "type": "Polygon",
    "coordinates": [
     [
      [
       85.14946103096008,
       27.92300687328354
      ],
      [
       85.1494824886322,
       27.92306849170535
      ],
      [
       85.14953076839447,
       27.923056642011574
      ],
      [
       85.14950931072235,
       27.92299265364278
      ],
      [
       85.14946103096008,
       27.92300687328354
      ]
     ]
    ]
   },
   "properties": {
    "id": "overture:90659a0c-57f9-4c90-bb06-2a1d52761b80",
    "status": "destroyed",
    "source": "overture",
    "src_id": "90659a0c-57f9-4c90-bb06-2a1d52761b80",
    "name": "",
    "note": "",
    "created_at": "2026-09-06T18:44:46.626Z"
   }
  },
  {
   "type": "Feature",
   "id": "overture:e1f95b34-5824-428b-911e-6b61c32c74bc",
   "geometry": {
    "type": "Polygon",
    "coordinates": [
     [
      [
       85.14944225549698,
       27.92310167084098
      ],
      [
       85.14940202236176,
       27.92310167084098
      ],
      [
       85.14939934015274,
       27.923125370217363
      ],
      [
       85.14944225549698,
       27.923125370217363
      ],
      [
       85.14944225549698,
       27.92310167084098
      ]
     ]
    ]
   },
   "properties": {
    "id": "overture:e1f95b34-5824-428b-911e-6b61c32c74bc",
    "status": "destroyed",
    "source": "overture",
    "src_id": "e1f95b34-5824-428b-911e-6b61c32c74bc",
    "name": "",
    "note": "",
    "created_at": "2026-09-06T18:44:46.626Z"
   }
  },
  {
   "type": "Feature",
   "id": "overture:56f9a0e2-cf80-4783-ab0f-ef534ac3a7c6",
   "geometry": {
    "type": "Polygon",
    "coordinates": [
     [
      [
       85.1495012640953,
       27.9233197049076
      ],
      [
       85.14949321746826,
       27.923274676169015
      ],
      [
       85.149444937706,
       27.923281785971085
      ],
      [
       85.14945298433304,
       27.923326814706726
      ],
      [
       85.1495012640953,
       27.9233197049076
      ]
     ]
    ]
   },
   "properties": {
    "id": "overture:56f9a0e2-cf80-4783-ab0f-ef534ac3a7c6",
    "status": "destroyed",
    "source": "overture",
    "src_id": "56f9a0e2-cf80-4783-ab0f-ef534ac3a7c6",
    "name": "",
    "note": "",
    "created_at": "2026-09-06T18:44:46.626Z"
   }
  },
  {
   "type": "Feature",
   "id": "overture:1eaf9155-a030-4b49-80ee-383c68397fb4",
   "geometry": {
    "type": "Polygon",
    "coordinates": [
     [
      [
       85.14954417943954,
       27.923499819674447
      ],
      [
       85.14966487884521,
       27.92348086023945
      ],
      [
       85.14964878559113,
       27.923409762328532
      ],
      [
       85.14952808618546,
       27.923428721776006
      ],
      [
       85.14954417943954,
       27.923499819674447
      ]
     ]
    ]
   },
   "properties": {
    "id": "overture:1eaf9155-a030-4b49-80ee-383c68397fb4",
    "status": "destroyed",
    "source": "overture",
    "src_id": "1eaf9155-a030-4b49-80ee-383c68397fb4",
    "name": "",
    "note": "",
    "created_at": "2026-09-06T18:44:46.626Z"
   }
  },
  {
   "type": "Feature",
   "id": "overture:55fb95b8-005c-4dea-a7aa-abb8f9045e18",
   "geometry": {
    "type": "Polygon",
    "coordinates": [
     [
      [
       85.1496809720993,
       27.92331022517473
      ],
      [
       85.14961123466492,
       27.92331496504127
      ],
      [
       85.14961928129196,
       27.92340739239738
      ],
      [
       85.14964878559113,
       27.92340502246614
      ],
      [
       85.14964610338211,
       27.923374213355558
      ],
      [
       85.14968365430832,
       27.923371843423595
      ],
      [
       85.1496809720993,
       27.92331022517473
      ]
     ]
    ]
   },
   "properties": {
    "id": "overture:55fb95b8-005c-4dea-a7aa-abb8f9045e18",
    "status": "destroyed",
    "source": "overture",
    "src_id": "55fb95b8-005c-4dea-a7aa-abb8f9045e18",
    "name": "",
    "note": "",
    "created_at": "2026-09-06T18:44:46.626Z"
   }
  },
  {
   "type": "Feature",
   "id": "overture:34e48a74-70b4-4756-ac2c-c7f6641eec42",
   "geometry": {
    "type": "Polygon",
    "coordinates": [
     [
      [
       85.14968365430832,
       27.923303115374523
      ],
      [
       85.14969170093536,
       27.92339554274075
      ],
      [
       85.14974266290665,
       27.923393172809256
      ],
      [
       85.1497346162796,
       27.92330074544101
      ],
      [
       85.14968365430832,
       27.923303115374523
      ]
     ]
    ]
   },
   "properties": {
    "id": "overture:34e48a74-70b4-4756-ac2c-c7f6641eec42",
    "status": "destroyed",
    "source": "overture",
    "src_id": "34e48a74-70b4-4756-ac2c-c7f6641eec42",
    "name": "",
    "note": "",
    "created_at": "2026-09-06T18:44:46.626Z"
   }
  },
  {
   "type": "Feature",
   "id": "overture:0efe750b-3918-413c-bc1e-4c74ebe32b30",
   "geometry": {
    "type": "Polygon",
    "coordinates": [
     [
      [
       85.14947175979614,
       27.923653864960627
      ],
      [
       85.1495012640953,
       27.92366334466338
      ],
      [
       85.14959782361984,
       27.92364438525705
      ],
      [
       85.14958709478378,
       27.923592246872488
      ],
      [
       85.1494637131691,
       27.923613576214663
      ],
      [
       85.14947175979614,
       27.923653864960627
      ]
     ]
    ]
   },
   "properties": {
    "id": "overture:0efe750b-3918-413c-bc1e-4c74ebe32b30",
    "status": "destroyed",
    "source": "overture",
    "src_id": "0efe750b-3918-413c-bc1e-4c74ebe32b30",
    "name": "",
    "note": "",
    "created_at": "2026-09-06T18:44:46.626Z"
   }
  },
  {
   "type": "Feature",
   "id": "overture:2d828335-dfad-46ad-ba6e-7d1bf7677f37",
   "geometry": {
    "type": "Polygon",
    "coordinates": [
     [
      [
       85.14968633651733,
       27.923715483013638
      ],
      [
       85.14967292547226,
       27.923649125108952
      ],
      [
       85.14960050582886,
       27.92365860481209
      ],
      [
       85.1495897769928,
       27.9236870439166
      ],
      [
       85.14952272176743,
       27.92369415369157
      ],
      [
       85.14954686164856,
       27.923736812331512
      ],
      [
       85.14968633651733,
       27.923715483013638
      ]
     ]
    ]
   },
   "properties": {
    "id": "overture:2d828335-dfad-46ad-ba6e-7d1bf7677f37",
    "status": "destroyed",
    "source": "overture",
    "src_id": "2d828335-dfad-46ad-ba6e-7d1bf7677f37",
    "name": "",
    "note": "",
    "created_at": "2026-09-06T18:44:46.626Z"
   }
  },
  {
   "type": "Feature",
   "id": "overture:9beacc60-74b8-4edd-bcc3-599298ad9bbf",
   "geometry": {
    "type": "Polygon",
    "coordinates": [
     [
      [
       85.14941275119781,
       27.923469010590864
      ],
      [
       85.1493376493454,
       27.923490339957354
      ],
      [
       85.149265229702,
       27.923511669319623
      ],
      [
       85.14929741621017,
       27.92360409650756
      ],
      [
       85.149444937706,
       27.923563807743037
      ],
      [
       85.1494288444519,
       27.923514039248516
      ],
      [
       85.14941275119781,
       27.923469010590864
      ]
     ]
    ]
   },
   "properties": {
    "id": "overture:9beacc60-74b8-4edd-bcc3-599298ad9bbf",
    "status": "destroyed",
    "source": "overture",
    "src_id": "9beacc60-74b8-4edd-bcc3-599298ad9bbf",
    "name": "",
    "note": "",
    "created_at": "2026-09-06T18:44:46.626Z"
   }
  },
  {
   "type": "Feature",
   "id": "overture:dd279080-6dc1-41a0-ada4-32ea3354cc78",
   "geometry": {
    "type": "Polygon",
    "coordinates": [
     [
      [
       85.14925450086594,
       27.923537738534478
      ],
      [
       85.14913648366928,
       27.92332444477374
      ],
      [
       85.14902651309967,
       27.923371843423595
      ],
      [
       85.14914453029633,
       27.92358513709084
      ],
      [
       85.14925450086594,
       27.923537738534478
      ]
     ]
    ]
   },
   "properties": {
    "id": "overture:dd279080-6dc1-41a0-ada4-32ea3354cc78",
    "status": "destroyed",
    "source": "overture",
    "src_id": "dd279080-6dc1-41a0-ada4-32ea3354cc78",
    "name": "",
    "note": "",
    "created_at": "2026-09-06T18:44:46.626Z"
   }
  },
  {
   "type": "Feature",
   "id": "overture:bf6daee8-56be-4168-a9fd-0099620180c8",
   "geometry": {
    "type": "Polygon",
    "coordinates": [
     [
      [
       85.14914989471436,
       27.92283860741442
      ],
      [
       85.14918476343155,
       27.922864676791548
      ],
      [
       85.14920622110367,
       27.922843347301622
      ],
      [
       85.14917135238647,
       27.92281727791932
      ],
      [
       85.14914989471436,
       27.92283860741442
      ]
     ]
    ]
   },
   "properties": {
    "id": "overture:bf6daee8-56be-4168-a9fd-0099620180c8",
    "status": "destroyed",
    "source": "overture",
    "src_id": "bf6daee8-56be-4168-a9fd-0099620180c8",
    "name": "",
    "note": "",
    "created_at": "2026-09-06T18:44:46.626Z"
   }
  },
  {
   "type": "Feature",
   "id": "overture:5b07ab52-6672-4b58-9da7-48441b673181",
   "geometry": {
    "type": "Polygon",
    "coordinates": [
     [
      [
       85.14919549226761,
       27.922651381702863
      ],
      [
       85.14913111925125,
       27.922594502941465
      ],
      [
       85.149085521698,
       27.922634792067228
      ],
      [
       85.14914989471436,
       27.922691670807396
      ],
      [
       85.14919549226761,
       27.922651381702863
      ]
     ]
    ]
   },
   "properties": {
    "id": "overture:5b07ab52-6672-4b58-9da7-48441b673181",
    "status": "destroyed",
    "source": "overture",
    "src_id": "5b07ab52-6672-4b58-9da7-48441b673181",
    "name": "",
    "note": "",
    "created_at": "2026-09-06T18:44:46.626Z"
   }
  },
  {
   "type": "Feature",
   "id": "overture:6a06817c-3e00-4148-8d58-8a5b8a44db37",
   "geometry": {
    "type": "Polygon",
    "coordinates": [
     [
      [
       85.14922767877579,
       27.922589763043334
      ],
      [
       85.14919012784958,
       27.922558953700403
      ],
      [
       85.14914989471436,
       27.922594502941465
      ],
      [
       85.14918476343155,
       27.922627682222597
      ],
      [
       85.14922767877579,
       27.922589763043334
      ]
     ]
    ]
   },
   "properties": {
    "id": "overture:6a06817c-3e00-4148-8d58-8a5b8a44db37",
    "status": "destroyed",
    "source": "overture",
    "src_id": "6a06817c-3e00-4148-8d58-8a5b8a44db37",
    "name": "",
    "note": "",
    "created_at": "2026-09-06T18:44:46.626Z"
   }
  },
  {
   "type": "Feature",
   "id": "overture:dc3ab93b-f086-4ea3-a570-1ca6143056c3",
   "geometry": {
    "type": "Polygon",
    "coordinates": [
     [
      [
       85.14919012784958,
       27.922551843850783
      ],
      [
       85.14913380146027,
       27.922504444841408
      ],
      [
       85.149085521698,
       27.92254710395079
      ],
      [
       85.14914184808731,
       27.922594502941465
      ],
      [
       85.14919012784958,
       27.922551843850783
      ]
     ]
    ]
   },
   "properties": {
    "id": "overture:dc3ab93b-f086-4ea3-a570-1ca6143056c3",
    "status": "destroyed",
    "source": "overture",
    "src_id": "dc3ab93b-f086-4ea3-a570-1ca6143056c3",
    "name": "",
    "note": "",
    "created_at": "2026-09-06T18:44:46.626Z"
   }
  },
  {
   "type": "Feature",
   "id": "overture:f487e60f-3d4a-42a4-9851-12496a481cd0",
   "geometry": {
    "type": "Polygon",
    "coordinates": [
     [
      [
       85.14914184808731,
       27.92249022513454
      ],
      [
       85.14907211065292,
       27.922428606383164
      ],
      [
       85.1490131020546,
       27.922483115280386
      ],
      [
       85.14908283948898,
       27.922544734000695
      ],
      [
       85.14914184808731,
       27.92249022513454
      ]
     ]
    ]
   },
   "properties": {
    "id": "overture:f487e60f-3d4a-42a4-9851-12496a481cd0",
    "status": "destroyed",
    "source": "overture",
    "src_id": "f487e60f-3d4a-42a4-9851-12496a481cd0",
    "name": "",
    "note": "",
    "created_at": "2026-09-06T18:44:46.626Z"
   }
  },
  {
   "type": "Feature",
   "id": "overture:7960bc91-40cd-4009-b45b-8486c31c0678",
   "geometry": {
    "type": "Polygon",
    "coordinates": [
     [
      [
       85.14925986528397,
       27.922511554694125
      ],
      [
       85.14919549226761,
       27.922452305907072
      ],
      [
       85.14914184808731,
       27.922502074890403
      ],
      [
       85.14920622110367,
       27.922558953700403
      ],
      [
       85.14925986528397,
       27.922511554694125
      ]
     ]
    ]
   },
   "properties": {
    "id": "overture:7960bc91-40cd-4009-b45b-8486c31c0678",
    "status": "destroyed",
    "source": "overture",
    "src_id": "7960bc91-40cd-4009-b45b-8486c31c0678",
    "name": "",
    "note": "",
    "created_at": "2026-09-06T18:44:46.626Z"
   }
  },
  {
   "type": "Feature",
   "id": "overture:96238cc6-1ab6-427a-99c5-db20e2725651",
   "geometry": {
    "type": "Polygon",
    "coordinates": [
     [
      [
       85.1493027806282,
       27.922549473900816
      ],
      [
       85.14926791191101,
       27.922518664546388
      ],
      [
       85.1492115855217,
       27.922568433499166
      ],
      [
       85.14924645423889,
       27.922599242839382
      ],
      [
       85.1493027806282,
       27.922549473900816
      ]
     ]
    ]
   },
   "properties": {
    "id": "overture:96238cc6-1ab6-427a-99c5-db20e2725651",
    "status": "destroyed",
    "source": "overture",
    "src_id": "96238cc6-1ab6-427a-99c5-db20e2725651",
    "name": "",
    "note": "",
    "created_at": "2026-09-06T18:44:46.626Z"
   }
  },
  {
   "type": "Feature",
   "id": "overture:839207b8-9b00-48f3-b2d0-bd642e0babc5",
   "geometry": {
    "type": "Polygon",
    "coordinates": [
     [
      [
       85.14932692050934,
       27.9224925950858
      ],
      [
       85.14927864074707,
       27.922428606383164
      ],
      [
       85.14923572540283,
       27.922452305907072
      ],
      [
       85.1492840051651,
       27.922518664546388
      ],
      [
       85.14932692050934,
       27.9224925950858
      ]
     ]
    ]
   },
   "properties": {
    "id": "overture:839207b8-9b00-48f3-b2d0-bd642e0babc5",
    "status": "destroyed",
    "source": "overture",
    "src_id": "839207b8-9b00-48f3-b2d0-bd642e0babc5",
    "name": "",
    "note": "",
    "created_at": "2026-09-06T18:44:46.626Z"
   }
  },
  {
   "type": "Feature",
   "id": "overture:cdb608cb-8f72-4b5b-93f2-732c8a847509",
   "geometry": {
    "type": "Polygon",
    "coordinates": [
     [
      [
       85.14929205179214,
       27.92244282609812
      ],
      [
       85.14933496713638,
       27.922497334988208
      ],
      [
       85.14937788248062,
       27.922473635474162
      ],
      [
       85.14933496713638,
       27.922416756619256
      ],
      [
       85.14929205179214,
       27.92244282609812
      ]
     ]
    ]
   },
   "properties": {
    "id": "overture:cdb608cb-8f72-4b5b-93f2-732c8a847509",
    "status": "destroyed",
    "source": "overture",
    "src_id": "cdb608cb-8f72-4b5b-93f2-732c8a847509",
    "name": "",
    "note": "",
    "created_at": "2026-09-06T18:44:46.626Z"
   }
  },
  {
   "type": "Feature",
   "id": "overture:9c06db21-ab6e-47c5-a43c-c8caa90ac992",
   "geometry": {
    "type": "Polygon",
    "coordinates": [
     [
      [
       85.14966756105423,
       27.922423866477757
      ],
      [
       85.14959782361984,
       27.92240016694761
      ],
      [
       85.14954954385757,
       27.922504444841408
      ],
      [
       85.14961928129196,
       27.922528144348703
      ],
      [
       85.14966756105423,
       27.922423866477757
      ]
     ]
    ]
   },
   "properties": {
    "id": "overture:9c06db21-ab6e-47c5-a43c-c8caa90ac992",
    "status": "destroyed",
    "source": "overture",
    "src_id": "9c06db21-ab6e-47c5-a43c-c8caa90ac992",
    "name": "",
    "note": "",
    "created_at": "2026-09-06T18:44:46.626Z"
   }
  },
  {
   "type": "Feature",
   "id": "osm:way/1553137996",
   "geometry": {
    "type": "Polygon",
    "coordinates": [
     [
      [
       85.14972925186157,
       27.922449935954916
      ],
      [
       85.14984726905823,
       27.922504444841408
      ],
      [
       85.14991968870163,
       27.922383577273393
      ],
      [
       85.14980167150497,
       27.92232669837111
      ],
      [
       85.14972925186157,
       27.922449935954916
      ]
     ]
    ]
   },
   "properties": {
    "id": "osm:way/1553137996",
    "status": "destroyed",
    "source": "osm",
    "src_id": "way/1553137996",
    "name": "",
    "note": "",
    "created_at": "2026-09-06T18:45:46.960Z"
   }
  },
  {
   "type": "Feature",
   "id": "osm:way/1553137994",
   "geometry": {
    "type": "Polygon",
    "coordinates": [
     [
      [
       85.14965683221817,
       27.92236461764263
      ],
      [
       85.14972120523453,
       27.92240253690086
      ],
      [
       85.14975607395172,
       27.922355137826003
      ],
      [
       85.14969170093536,
       27.922317218551143
      ],
      [
       85.14965683221817,
       27.92236461764263
      ]
     ]
    ]
   },
   "properties": {
    "id": "osm:way/1553137994",
    "status": "destroyed",
    "source": "osm",
    "src_id": "way/1553137994",
    "name": "",
    "note": "",
    "created_at": "2026-09-06T18:45:46.960Z"
   }
  },
  {
   "type": "Feature",
   "id": "osm:way/1553137995",
   "geometry": {
    "type": "Polygon",
    "coordinates": [
     [
      [
       85.1496085524559,
       27.922412016713324
      ],
      [
       85.1496970653534,
       27.92245704581123
      ],
      [
       85.14972388744354,
       27.922419126572123
      ],
      [
       85.14963269233704,
       27.922374097458416
      ],
      [
       85.1496085524559,
       27.922412016713324
      ]
     ]
    ]
   },
   "properties": {
    "id": "osm:way/1553137995",
    "status": "destroyed",
    "source": "osm",
    "src_id": "way/1553137995",
    "name": "",
    "note": "",
    "created_at": "2026-09-06T18:45:46.960Z"
   }
  },
  {
   "type": "Feature",
   "id": "osm:way/341695306",
   "geometry": {
    "type": "Polygon",
    "coordinates": [
     [
      [
       85.14960318803787,
       27.922521034497052
      ],
      [
       85.14964610338211,
       27.922551843850783
      ],
      [
       85.14970242977142,
       27.92249022513454
      ],
      [
       85.1496621966362,
       27.922459415763228
      ],
      [
       85.14960318803787,
       27.922521034497052
      ]
     ]
    ]
   },
   "properties": {
    "id": "osm:way/341695306",
    "status": "destroyed",
    "source": "osm",
    "src_id": "way/341695306",
    "name": "",
    "note": "",
    "created_at": "2026-09-06T18:45:46.960Z"
   }
  },
  {
   "type": "Feature",
   "id": "osm:way/1553137997",
   "geometry": {
    "type": "Polygon",
    "coordinates": [
     [
      [
       85.14953345060349,
       27.92246178571517
      ],
      [
       85.14958173036575,
       27.922497334988208
      ],
      [
       85.14962196350098,
       27.92245467585917
      ],
      [
       85.14957368373871,
       27.922419126572123
      ],
      [
       85.14953345060349,
       27.92246178571517
      ]
     ]
    ]
   },
   "properties": {
    "id": "osm:way/1553137997",
    "status": "destroyed",
    "source": "osm",
    "src_id": "way/1553137997",
    "name": "",
    "note": "",
    "created_at": "2026-09-06T18:45:46.960Z"
   }
  },
  {
   "type": "Feature",
   "id": "osm:way/1553176645",
   "geometry": {
    "type": "Polygon",
    "coordinates": [
     [
      [
       85.14947980642319,
       27.92240016694761
      ],
      [
       85.14951467514038,
       27.922419126572123
      ],
      [
       85.1495549082756,
       27.92236698759666
      ],
      [
       85.14952003955841,
       27.922345658008524
      ],
      [
       85.14947980642319,
       27.92240016694761
      ]
     ]
    ]
   },
   "properties": {
    "id": "osm:way/1553176645",
    "status": "destroyed",
    "source": "osm",
    "src_id": "way/1553176645",
    "name": "",
    "note": "",
    "created_at": "2026-09-06T18:45:46.960Z"
   }
  },
  {
   "type": "Feature",
   "id": "osm:way/1553176644",
   "geometry": {
    "type": "Polygon",
    "coordinates": [
     [
      [
       85.149444937706,
       27.922355137826003
      ],
      [
       85.14947444200516,
       27.922381207319745
      ],
      [
       85.14949589967728,
       27.922359877734422
      ],
      [
       85.14946639537811,
       27.922336178190236
      ],
      [
       85.149444937706,
       27.922355137826003
      ]
     ]
    ]
   },
   "properties": {
    "id": "osm:way/1553176644",
    "status": "destroyed",
    "source": "osm",
    "src_id": "way/1553176644",
    "name": "",
    "note": "",
    "created_at": "2026-09-06T18:45:46.960Z"
   }
  },
  {
   "type": "Feature",
   "id": "osm:way/1553137999",
   "geometry": {
    "type": "Polygon",
    "coordinates": [
     [
      [
       85.1501852273941,
       27.922625312274278
      ],
      [
       85.15024423599243,
       27.92273195989692
      ],
      [
       85.15056610107422,
       27.922589763043334
      ],
      [
       85.15050709247589,
       27.922483115280386
      ],
      [
       85.1501852273941,
       27.922625312274278
      ]
     ]
    ]
   },
   "properties": {
    "id": "osm:way/1553137999",
    "status": "destroyed",
    "source": "osm",
    "src_id": "way/1553137999",
    "name": "",
    "note": "",
    "created_at": "2026-09-06T18:45:46.960Z"
   }
  },
  {
   "type": "Feature",
   "id": "osm:way/888538433",
   "geometry": {
    "type": "Polygon",
    "coordinates": [
     [
      [
       85.15023618936539,
       27.92249022513454
      ],
      [
       85.15026569366455,
       27.922528144348703
      ],
      [
       85.15035688877106,
       27.92247600542578
      ],
      [
       85.15038102865219,
       27.922509184743276
      ],
      [
       85.1504534482956,
       27.92246652561893
      ],
      [
       85.15044540166855,
       27.92244282609812
      ],
      [
       85.15042126178741,
       27.92244282609812
      ],
      [
       85.15040516853333,
       27.92239779699429
      ],
      [
       85.15035957098007,
       27.922409646760272
      ],
      [
       85.15031665563583,
       27.922381207319745
      ],
      [
       85.15026837587357,
       27.922407276807178
      ],
      [
       85.15030056238174,
       27.922452305907072
      ],
      [
       85.15023618936539,
       27.92249022513454
      ]
     ]
    ]
   },
   "properties": {
    "id": "osm:way/888538433",
    "status": "destroyed",
    "source": "osm",
    "src_id": "way/888538433",
    "name": "",
    "note": "",
    "created_at": "2026-09-06T18:45:46.960Z"
   }
  },
  {
   "type": "Feature",
   "id": "osm:way/1553137998",
   "geometry": {
    "type": "Polygon",
    "coordinates": [
     [
      [
       85.1501315832138,
       27.922480745328926
      ],
      [
       85.15013426542282,
       27.922556583750577
      ],
      [
       85.1502200961113,
       27.922551843850783
      ],
      [
       85.15021473169327,
       27.92247837537738
      ],
      [
       85.1501315832138,
       27.922480745328926
      ]
     ]
    ]
   },
   "properties": {
    "id": "osm:way/1553137998",
    "status": "destroyed",
    "source": "osm",
    "src_id": "way/1553137998",
    "name": "",
    "note": "",
    "created_at": "2026-09-06T18:45:46.960Z"
   }
  },
  {
   "type": "Feature",
   "id": "overture:66458d46-a4cd-4ea3-ae58-801e6ae7fdfc",
   "geometry": {
    "type": "Polygon",
    "coordinates": [
     [
      [
       85.15015304088593,
       27.922627682222597
      ],
      [
       85.15019595623016,
       27.922599242839382
      ],
      [
       85.15016913414001,
       27.922568433499166
      ],
      [
       85.15012621879578,
       27.922599242839382
      ],
      [
       85.15015304088593,
       27.922627682222597
      ]
     ]
    ]
   },
   "properties": {
    "id": "overture:66458d46-a4cd-4ea3-ae58-801e6ae7fdfc",
    "status": "destroyed",
    "source": "overture",
    "src_id": "66458d46-a4cd-4ea3-ae58-801e6ae7fdfc",
    "name": "",
    "note": "",
    "created_at": "2026-09-06T18:45:46.960Z"
   }
  },
  {
   "type": "Feature",
   "id": "osm:way/1553138009",
   "geometry": {
    "type": "Polygon",
    "coordinates": [
     [
      [
       85.15003770589828,
       27.92277935880658
      ],
      [
       85.15006989240646,
       27.92281727791932
      ],
      [
       85.15017181634903,
       27.922748549517664
      ],
      [
       85.15013694763184,
       27.92271063038082
      ],
      [
       85.15003770589828,
       27.92277935880658
      ]
     ]
    ]
   },
   "properties": {
    "id": "osm:way/1553138009",
    "status": "destroyed",
    "source": "osm",
    "src_id": "way/1553138009",
    "name": "",
    "note": "",
    "created_at": "2026-09-06T18:45:46.960Z"
   }
  },
  {
   "type": "Feature",
   "id": "osm:way/1553138000",
   "geometry": {
    "type": "Polygon",
    "coordinates": [
     [
      [
       85.14995187520981,
       27.922689300860483
      ],
      [
       85.15001356601715,
       27.922748549517664
      ],
      [
       85.15005648136139,
       27.922713000327278
      ],
      [
       85.14999479055405,
       27.922653751650614
      ],
      [
       85.14995187520981,
       27.922689300860483
      ]
     ]
    ]
   },
   "properties": {
    "id": "osm:way/1553138000",
    "status": "destroyed",
    "source": "osm",
    "src_id": "way/1553138000",
    "name": "",
    "note": "",
    "created_at": "2026-09-06T18:45:46.960Z"
   }
  },
  {
   "type": "Feature",
   "id": "osm:way/1553138010",
   "geometry": {
    "type": "Polygon",
    "coordinates": [
     [
      [
       85.15008598566055,
       27.922928665236114
      ],
      [
       85.1501852273941,
       27.92302346286212
      ],
      [
       85.15023618936539,
       27.922983173881207
      ],
      [
       85.15013962984085,
       27.92288600627728
      ],
      [
       85.15008598566055,
       27.922928665236114
      ]
     ]
    ]
   },
   "properties": {
    "id": "osm:way/1553138010",
    "status": "destroyed",
    "source": "osm",
    "src_id": "way/1553138010",
    "name": "",
    "note": "",
    "created_at": "2026-09-06T18:45:46.960Z"
   }
  },
  {
   "type": "Feature",
   "id": "osm:way/341730967",
   "geometry": {
    "type": "Polygon",
    "coordinates": [
     [
      [
       85.1498955488205,
       27.92284097735805
      ],
      [
       85.14999479055405,
       27.922919185468942
      ],
      [
       85.15008062124252,
       27.922833867526975
      ],
      [
       85.14998137950897,
       27.92275565935435
      ],
      [
       85.1498955488205,
       27.92284097735805
      ]
     ]
    ]
   },
   "properties": {
    "id": "osm:way/341730967",
    "status": "destroyed",
    "source": "osm",
    "src_id": "way/341730967",
    "name": "",
    "note": "",
    "created_at": "2026-09-06T18:45:46.960Z"
   }
  },
  {
   "type": "Feature",
   "id": "osm:way/341956139",
   "geometry": {
    "type": "Polygon",
    "coordinates": [
     [
      [
       85.15001624822617,
       27.922900225932082
      ],
      [
       85.15006452798843,
       27.922942884885302
      ],
      [
       85.15013426542282,
       27.922878896449177
      ],
      [
       85.15008598566055,
       27.92283860741442
      ],
      [
       85.15001624822617,
       27.922900225932082
      ]
     ]
    ]
   },
   "properties": {
    "id": "osm:way/341956139",
    "status": "destroyed",
    "source": "osm",
    "src_id": "way/341956139",
    "name": "",
    "note": "",
    "created_at": "2026-09-06T18:45:46.960Z"
   }
  },
  {
   "type": "Feature",
   "id": "osm:way/1553138001",
   "geometry": {
    "type": "Polygon",
    "coordinates": [
     [
      [
       85.14981240034103,
       27.922729589950904
      ],
      [
       85.14990091323853,
       27.922807798142387
      ],
      [
       85.14997333288193,
       27.922743809626297
      ],
      [
       85.14988481998444,
       27.922665601388545
      ],
      [
       85.14981240034103,
       27.922729589950904
      ]
     ]
    ]
   },
   "properties": {
    "id": "osm:way/1553138001",
    "status": "destroyed",
    "source": "osm",
    "src_id": "way/1553138001",
    "name": "",
    "note": "",
    "created_at": "2026-09-06T18:45:46.960Z"
   }
  },
  {
   "type": "Feature",
   "id": "osm:way/1553138013",
   "geometry": {
    "type": "Polygon",
    "coordinates": [
     [
      [
       85.14990895986557,
       27.923130110092004
      ],
      [
       85.15003770589828,
       27.92312774015471
      ],
      [
       85.15003770589828,
       27.923196468315282
      ],
      [
       85.15009671449661,
       27.923196468315282
      ],
      [
       85.15009939670563,
       27.92308745121268
      ],
      [
       85.15014231204987,
       27.923054272072676
      ],
      [
       85.15008330345154,
       27.923021092922482
      ],
      [
       85.15004307031631,
       27.923054272072676
      ],
      [
       85.1499143242836,
       27.92306138188924
      ],
      [
       85.14990895986557,
       27.923130110092004
      ]
     ]
    ]
   },
   "properties": {
    "id": "osm:way/1553138013",
    "status": "destroyed",
    "source": "osm",
    "src_id": "way/1553138013",
    "name": "",
    "note": "",
    "created_at": "2026-09-06T18:45:46.960Z"
   }
  },
  {
   "type": "Feature",
   "id": "osm:way/1553138014",
   "geometry": {
    "type": "Polygon",
    "coordinates": [
     [
      [
       85.15012353658676,
       27.92320357812251
      ],
      [
       85.1501852273941,
       27.923205948058154
      ],
      [
       85.1501852273941,
       27.923104040778867
      ],
      [
       85.15012353658676,
       27.92310167084098
      ],
      [
       85.15012353658676,
       27.92320357812251
      ]
     ]
    ]
   },
   "properties": {
    "id": "osm:way/1553138014",
    "status": "destroyed",
    "source": "osm",
    "src_id": "way/1553138014",
    "name": "",
    "note": "",
    "created_at": "2026-09-06T18:45:46.960Z"
   }
  },
  {
   "type": "Feature",
   "id": "osm:way/1553138011",
   "geometry": {
    "type": "Polygon",
    "coordinates": [
     [
      [
       85.1499330997467,
       27.92296658429649
      ],
      [
       85.1499330997467,
       27.9230258328017
      ],
      [
       85.15000820159912,
       27.9230258328017
      ],
      [
       85.15000820159912,
       27.92296658429649
      ],
      [
       85.1499330997467,
       27.92296658429649
      ]
     ]
    ]
   },
   "properties": {
    "id": "osm:way/1553138011",
    "status": "destroyed",
    "source": "osm",
    "src_id": "way/1553138011",
    "name": "",
    "note": "",
    "created_at": "2026-09-06T18:45:46.960Z"
   }
  },
  {
   "type": "Feature",
   "id": "osm:way/888538436",
   "geometry": {
    "type": "Polygon",
    "coordinates": [
     [
      [
       85.14965415000916,
       27.922798318364613
      ],
      [
       85.14969170093536,
       27.922845717245153
      ],
      [
       85.14976412057877,
       27.922800688309124
      ],
      [
       85.14972656965256,
       27.92275328940883
      ],
      [
       85.14965415000916,
       27.922798318364613
      ]
     ]
    ]
   },
   "properties": {
    "id": "osm:way/888538436",
    "status": "destroyed",
    "source": "osm",
    "src_id": "way/888538436",
    "name": "",
    "note": "",
    "created_at": "2026-09-06T18:45:46.960Z"
   }
  },
  {
   "type": "Feature",
   "id": "osm:way/1553137992",
   "geometry": {
    "type": "Polygon",
    "coordinates": [
     [
      [
       85.1495173573494,
       27.922651381702863
      ],
      [
       85.14956027269363,
       27.922675081177943
      ],
      [
       85.1495897769928,
       27.922632422119065
      ],
      [
       85.14954686164856,
       27.92260872263462
      ],
      [
       85.1495173573494,
       27.922651381702863
      ]
     ]
    ]
   },
   "properties": {
    "id": "osm:way/1553137992",
    "status": "destroyed",
    "source": "osm",
    "src_id": "way/1553137992",
    "name": "",
    "note": "",
    "created_at": "2026-09-06T18:45:46.960Z"
   }
  },
  {
   "type": "Feature",
   "id": "osm:way/1553137993",
   "geometry": {
    "type": "Polygon",
    "coordinates": [
     [
      [
       85.1495897769928,
       27.922691670807396
      ],
      [
       85.14965951442719,
       27.922739069734718
      ],
      [
       85.1497158408165,
       27.922675081177943
      ],
      [
       85.14964610338211,
       27.922627682222597
      ],
      [
       85.1495897769928,
       27.922691670807396
      ]
     ]
    ]
   },
   "properties": {
    "id": "osm:way/1553137993",
    "status": "destroyed",
    "source": "osm",
    "src_id": "way/1553137993",
    "name": "",
    "note": "",
    "created_at": "2026-09-06T18:45:46.960Z"
   }
  },
  {
   "type": "Feature",
   "id": "overture:a3d6e0fb-0bc1-4510-be53-5a54abbcca1b",
   "geometry": {
    "type": "Polygon",
    "coordinates": [
     [
      [
       85.1490131020546,
       27.92237883736601
      ],
      [
       85.14899164438248,
       27.922243749918294
      ],
      [
       85.14891386032104,
       27.922253229744697
      ],
      [
       85.14893531799316,
       27.922388317180577
      ],
      [
       85.1490131020546,
       27.92237883736601
      ]
     ]
    ]
   },
   "properties": {
    "id": "overture:a3d6e0fb-0bc1-4510-be53-5a54abbcca1b",
    "status": "destroyed",
    "source": "overture",
    "src_id": "a3d6e0fb-0bc1-4510-be53-5a54abbcca1b",
    "name": "",
    "note": "",
    "created_at": "2026-09-06T18:45:46.960Z"
   }
  },
  {
   "type": "Feature",
   "id": "overture:7ee5aeb2-8110-443f-89ac-e8dbd54c6320",
   "geometry": {
    "type": "Polygon",
    "coordinates": [
     [
      [
       85.14906942844391,
       27.92229351899762
      ],
      [
       85.14901041984558,
       27.922300628864235
      ],
      [
       85.14902383089066,
       27.922385947227
      ],
      [
       85.14908283948898,
       27.92237883736601
      ],
      [
       85.14906942844391,
       27.92229351899762
      ]
     ]
    ]
   },
   "properties": {
    "id": "overture:7ee5aeb2-8110-443f-89ac-e8dbd54c6320",
    "status": "destroyed",
    "source": "overture",
    "src_id": "7ee5aeb2-8110-443f-89ac-e8dbd54c6320",
    "name": "",
    "note": "",
    "created_at": "2026-09-06T18:45:46.960Z"
   }
  },
  {
   "type": "Feature",
   "id": "overture:c92a3b1b-9c15-44d2-b7bf-5486f1d56382",
   "geometry": {
    "type": "Polygon",
    "coordinates": [
     [
      [
       85.14907479286194,
       27.922544734000695
      ],
      [
       85.14898896217346,
       27.922468895570717
      ],
      [
       85.14891654253006,
       27.92253525419987
      ],
      [
       85.14900237321854,
       27.92260872263462
      ],
      [
       85.14907479286194,
       27.922544734000695
      ]
     ]
    ]
   },
   "properties": {
    "id": "overture:c92a3b1b-9c15-44d2-b7bf-5486f1d56382",
    "status": "destroyed",
    "source": "overture",
    "src_id": "c92a3b1b-9c15-44d2-b7bf-5486f1d56382",
    "name": "",
    "note": "",
    "created_at": "2026-09-06T18:45:46.960Z"
   }
  },
  {
   "type": "Feature",
   "id": "overture:f338f7c4-b7dc-4ef4-bcbb-fd463e807822",
   "geometry": {
    "type": "Polygon",
    "coordinates": [
     [
      [
       85.1489782333374,
       27.92246652561893
      ],
      [
       85.14892727136612,
       27.92242149652496
      ],
      [
       85.14888972043991,
       27.92245704581123
      ],
      [
       85.14893800020218,
       27.922499704939312
      ],
      [
       85.1489782333374,
       27.92246652561893
      ]
     ]
    ]
   },
   "properties": {
    "id": "overture:f338f7c4-b7dc-4ef4-bcbb-fd463e807822",
    "status": "destroyed",
    "source": "overture",
    "src_id": "f338f7c4-b7dc-4ef4-bcbb-fd463e807822",
    "name": "",
    "note": "",
    "created_at": "2026-09-06T18:45:46.960Z"
   }
  },
  {
   "type": "Feature",
   "id": "overture:b1b9e1cc-9a9b-46f5-a907-a4dd171491d8",
   "geometry": {
    "type": "Polygon",
    "coordinates": [
     [
      [
       85.1489406824112,
       27.922504444841408
      ],
      [
       85.14886826276779,
       27.92244282609812
      ],
      [
       85.14882534742355,
       27.922483115280386
      ],
      [
       85.14889508485794,
       27.922544734000695
      ],
      [
       85.1489406824112,
       27.922504444841408
      ]
     ]
    ]
   },
   "properties": {
    "id": "overture:b1b9e1cc-9a9b-46f5-a907-a4dd171491d8",
    "status": "destroyed",
    "source": "overture",
    "src_id": "b1b9e1cc-9a9b-46f5-a907-a4dd171491d8",
    "name": "",
    "note": "",
    "created_at": "2026-09-06T18:45:46.960Z"
   }
  },
  {
   "type": "Feature",
   "id": "overture:bf8e1e83-d95b-4dc9-b749-2b0271529688",
   "geometry": {
    "type": "Polygon",
    "coordinates": [
     [
      [
       85.14911502599716,
       27.9226039827371
      ],
      [
       85.1490667462349,
       27.922563693599898
      ],
      [
       85.14900505542755,
       27.922620572377483
      ],
      [
       85.1490506529808,
       27.92266086149351
      ],
      [
       85.14911502599716,
       27.9226039827371
      ]
     ]
    ]
   },
   "properties": {
    "id": "overture:bf8e1e83-d95b-4dc9-b749-2b0271529688",
    "status": "destroyed",
    "source": "overture",
    "src_id": "bf8e1e83-d95b-4dc9-b749-2b0271529688",
    "name": "",
    "note": "",
    "created_at": "2026-09-06T18:45:46.960Z"
   }
  },
  {
   "type": "Feature",
   "id": "overture:9d3a5c5b-97c5-4630-9e34-58f1ec24f7ec",
   "geometry": {
    "type": "Polygon",
    "coordinates": [
     [
      [
       85.14877170324326,
       27.92104691515833
      ],
      [
       85.14871805906296,
       27.92101610537574
      ],
      [
       85.14866709709167,
       27.921084834878712
      ],
      [
       85.14872074127197,
       27.921115644641716
      ],
      [
       85.14877170324326,
       27.92104691515833
      ]
     ]
    ]
   },
   "properties": {
    "id": "overture:9d3a5c5b-97c5-4630-9e34-58f1ec24f7ec",
    "status": "destroyed",
    "source": "overture",
    "src_id": "9d3a5c5b-97c5-4630-9e34-58f1ec24f7ec",
    "name": "",
    "note": "",
    "created_at": "2026-09-06T18:46:36.821Z"
   }
  },
  {
   "type": "Feature",
   "id": "overture:e51e118c-c6c2-4814-9c82-5cc6a6248401",
   "geometry": {
    "type": "Polygon",
    "coordinates": [
     [
      [
       85.14890044927597,
       27.921179634121486
      ],
      [
       85.14894336462021,
       27.921120384604492
      ],
      [
       85.14882266521454,
       27.921054025106898
      ],
      [
       85.1487797498703,
       27.921115644641716
      ],
      [
       85.14890044927597,
       27.921179634121486
      ]
     ]
    ]
   },
   "properties": {
    "id": "overture:e51e118c-c6c2-4814-9c82-5cc6a6248401",
    "status": "destroyed",
    "source": "overture",
    "src_id": "e51e118c-c6c2-4814-9c82-5cc6a6248401",
    "name": "",
    "note": "",
    "created_at": "2026-09-06T18:46:36.821Z"
   }
  },
  {
   "type": "Feature",
   "id": "overture:9826b75b-ee25-48f4-95a0-f66050e9caba",
   "geometry": {
    "type": "Polygon",
    "coordinates": [
     [
      [
       85.14873415231705,
       27.920805176628235
      ],
      [
       85.14869391918182,
       27.920892866157516
      ],
      [
       85.14885485172272,
       27.92095211579918
      ],
      [
       85.14891386032104,
       27.920831246495737
      ],
      [
       85.1488146185875,
       27.920795696674887
      ],
      [
       85.14880925416946,
       27.920809916604625
      ],
      [
       85.14883607625961,
       27.920819396556723
      ],
      [
       85.14882802963257,
       27.920838356458503
      ],
      [
       85.14873415231705,
       27.920805176628235
      ]
     ]
    ]
   },
   "properties": {
    "id": "overture:9826b75b-ee25-48f4-95a0-f66050e9caba",
    "status": "destroyed",
    "source": "overture",
    "src_id": "9826b75b-ee25-48f4-95a0-f66050e9caba",
    "name": "",
    "note": "",
    "created_at": "2026-09-06T18:46:36.821Z"
   }
  },
  {
   "type": "Feature",
   "id": "osm:way/1553137991",
   "geometry": {
    "type": "Polygon",
    "coordinates": [
     [
      [
       85.14960050582886,
       27.921546980402113
      ],
      [
       85.14964878559113,
       27.921592009860305
      ],
      [
       85.14969438314438,
       27.92155172034596
      ],
      [
       85.14964610338211,
       27.92150669087097
      ],
      [
       85.14960050582886,
       27.921546980402113
      ]
     ]
    ]
   },
   "properties": {
    "id": "osm:way/1553137991",
    "status": "destroyed",
    "source": "osm",
    "src_id": "way/1553137991",
    "name": "",
    "note": "",
    "created_at": "2026-09-06T18:46:36.821Z"
   }
  },
  {
   "type": "Feature",
   "id": "osm:way/1553925118",
   "geometry": {
    "type": "Polygon",
    "coordinates": [
     [
      [
       85.1496621966362,
       27.921471141272207
      ],
      [
       85.14971315860748,
       27.921513800789313
      ],
      [
       85.14977753162384,
       27.921452181481442
      ],
      [
       85.14972656965256,
       27.921409521940006
      ],
      [
       85.1496621966362,
       27.921471141272207
      ]
     ]
    ]
   },
   "properties": {
    "id": "osm:way/1553925118",
    "status": "destroyed",
    "source": "osm",
    "src_id": "way/1553925118",
    "name": "",
    "note": "",
    "created_at": "2026-09-06T18:46:36.821Z"
   }
  },
  {
   "type": "Feature",
   "id": "overture:4ab8968e-eba4-41ce-9b9b-236bd0df132f",
   "geometry": {
    "type": "Polygon",
    "coordinates": [
     [
      [
       85.14962464570999,
       27.92121755379533
      ],
      [
       85.14953881502151,
       27.92128865314791
      ],
      [
       85.14963001012802,
       27.921378712260747
      ],
      [
       85.14966756105423,
       27.92134790257269
      ],
      [
       85.14968365430832,
       27.921364492405814
      ],
      [
       85.14970242977142,
       27.92135027254899
      ],
      [
       85.14961928129196,
       27.921269693325115
      ],
      [
       85.14965146780014,
       27.92124362356337
      ],
      [
       85.14962464570999,
       27.92121755379533
      ]
     ]
    ]
   },
   "properties": {
    "id": "overture:4ab8968e-eba4-41ce-9b9b-236bd0df132f",
    "status": "destroyed",
    "source": "overture",
    "src_id": "4ab8968e-eba4-41ce-9b9b-236bd0df132f",
    "name": "",
    "note": "",
    "created_at": "2026-09-06T18:46:36.821Z"
   }
  },
  {
   "type": "Feature",
   "id": "overture:21eda78d-3b8d-4310-96cb-22f308e747e4",
   "geometry": {
    "type": "Polygon",
    "coordinates": [
     [
      [
       85.14950394630432,
       27.921179634121486
      ],
      [
       85.14946907758713,
       27.92124599354196
      ],
      [
       85.14952808618546,
       27.921269693325115
      ],
      [
       85.14956295490265,
       27.921203333919195
      ],
      [
       85.14950394630432,
       27.921179634121486
      ]
     ]
    ]
   },
   "properties": {
    "id": "overture:21eda78d-3b8d-4310-96cb-22f308e747e4",
    "status": "destroyed",
    "source": "overture",
    "src_id": "21eda78d-3b8d-4310-96cb-22f308e747e4",
    "name": "",
    "note": "",
    "created_at": "2026-09-06T18:46:36.821Z"
   }
  },
  {
   "type": "Feature",
   "id": "overture:4416697e-6df0-4210-a9f7-9f69032b588e",
   "geometry": {
    "type": "Polygon",
    "coordinates": [
     [
      [
       85.14946639537811,
       27.921118014623133
      ],
      [
       85.1494288444519,
       27.921179634121486
      ],
      [
       85.14947712421417,
       27.921203333919195
      ],
      [
       85.1495173573494,
       27.92114408441519
      ],
      [
       85.14946639537811,
       27.921118014623133
      ]
     ]
    ]
   },
   "properties": {
    "id": "overture:4416697e-6df0-4210-a9f7-9f69032b588e",
    "status": "destroyed",
    "source": "overture",
    "src_id": "4416697e-6df0-4210-a9f7-9f69032b588e",
    "name": "",
    "note": "",
    "created_at": "2026-09-06T18:46:36.821Z"
   }
  },
  {
   "type": "Feature",
   "id": "overture:00cdd6ec-7b7a-4e03-ba11-ff1bad2ee9b8",
   "geometry": {
    "type": "Polygon",
    "coordinates": [
     [
      [
       85.14941543340683,
       27.92119622398043
      ],
      [
       85.14946639537811,
       27.921108534697197
      ],
      [
       85.14932692050934,
       27.921044545175363
      ],
      [
       85.14927595853806,
       27.92113223451048
      ],
      [
       85.14941543340683,
       27.92119622398043
      ]
     ]
    ]
   },
   "properties": {
    "id": "overture:00cdd6ec-7b7a-4e03-ba11-ff1bad2ee9b8",
    "status": "destroyed",
    "source": "overture",
    "src_id": "00cdd6ec-7b7a-4e03-ba11-ff1bad2ee9b8",
    "name": "",
    "note": "",
    "created_at": "2026-09-06T18:46:36.821Z"
   }
  },
  {
   "type": "Feature",
   "id": "overture:83a3b4dc-7ea8-43b5-90a9-39698a8aef52",
   "geometry": {
    "type": "Polygon",
    "coordinates": [
     [
      [
       85.14925450086594,
       27.921115644641716
      ],
      [
       85.1493027806282,
       27.921025585309764
      ],
      [
       85.14917403459549,
       27.920966335708357
      ],
      [
       85.14912039041519,
       27.921058765072388
      ],
      [
       85.14925450086594,
       27.921115644641716
      ]
     ]
    ]
   },
   "properties": {
    "id": "overture:83a3b4dc-7ea8-43b5-90a9-39698a8aef52",
    "status": "destroyed",
    "source": "overture",
    "src_id": "83a3b4dc-7ea8-43b5-90a9-39698a8aef52",
    "name": "",
    "note": "",
    "created_at": "2026-09-06T18:46:36.821Z"
   }
  },
  {
   "type": "Feature",
   "id": "overture:322fe955-483e-43d7-932c-6924fdd65242",
   "geometry": {
    "type": "Polygon",
    "coordinates": [
     [
      [
       85.14912843704224,
       27.920935525902777
      ],
      [
       85.14902919530869,
       27.92087627625203
      ],
      [
       85.14897018671036,
       27.92095448578418
      ],
      [
       85.14906942844391,
       27.92101373539208
      ],
      [
       85.14912843704224,
       27.920935525902777
      ]
     ]
    ]
   },
   "properties": {
    "id": "overture:322fe955-483e-43d7-932c-6924fdd65242",
    "status": "destroyed",
    "source": "overture",
    "src_id": "322fe955-483e-43d7-932c-6924fdd65242",
    "name": "",
    "note": "",
    "created_at": "2026-09-06T18:46:36.821Z"
   }
  },
  {
   "type": "Feature",
   "id": "overture:25a85a3a-59cd-487b-b774-bbea1ad1d65d",
   "geometry": {
    "type": "Polygon",
    "coordinates": [
     [
      [
       85.14906138181686,
       27.921300503035454
      ],
      [
       85.14913380146027,
       27.92119622398043
      ],
      [
       85.1490131020546,
       27.92113223451048
      ],
      [
       85.14898091554642,
       27.92117726414142
      ],
      [
       85.14900237321854,
       27.921189114041198
      ],
      [
       85.14898091554642,
       27.921219923774473
      ],
      [
       85.14901041984558,
       27.921236513627264
      ],
      [
       85.14899164438248,
       27.921264953368905
      ],
      [
       85.14906138181686,
       27.921300503035454
      ]
     ]
    ]
   },
   "properties": {
    "id": "overture:25a85a3a-59cd-487b-b774-bbea1ad1d65d",
    "status": "destroyed",
    "source": "overture",
    "src_id": "25a85a3a-59cd-487b-b774-bbea1ad1d65d",
    "name": "",
    "note": "",
    "created_at": "2026-09-06T18:46:36.821Z"
   }
  },
  {
   "type": "Feature",
   "id": "overture:13ec3eb5-73d9-419c-8309-12f17d7bfe23",
   "geometry": {
    "type": "Polygon",
    "coordinates": [
     [
      [
       85.14926254749298,
       27.921227033711702
      ],
      [
       85.14923840761185,
       27.921269693325115
      ],
      [
       85.14927864074707,
       27.92128865314791
      ],
      [
       85.1493027806282,
       27.92124599354196
      ],
      [
       85.14926254749298,
       27.921227033711702
      ]
     ]
    ]
   },
   "properties": {
    "id": "overture:13ec3eb5-73d9-419c-8309-12f17d7bfe23",
    "status": "destroyed",
    "source": "overture",
    "src_id": "13ec3eb5-73d9-419c-8309-12f17d7bfe23",
    "name": "",
    "note": "",
    "created_at": "2026-09-06T18:46:36.821Z"
   }
  },
  {
   "type": "Feature",
   "id": "overture:e839261a-a657-419c-b501-89831ff3b205",
   "geometry": {
    "type": "Polygon",
    "coordinates": [
     [
      [
       85.14943689107895,
       27.921326572783514
      ],
      [
       85.1493564248085,
       27.921293393103085
      ],
      [
       85.14933496713638,
       27.921333682713694
      ],
      [
       85.14941543340683,
       27.92136686238176
      ],
      [
       85.14943689107895,
       27.921326572783514
      ]
     ]
    ]
   },
   "properties": {
    "id": "overture:e839261a-a657-419c-b501-89831ff3b205",
    "status": "destroyed",
    "source": "overture",
    "src_id": "e839261a-a657-419c-b501-89831ff3b205",
    "name": "",
    "note": "",
    "created_at": "2026-09-06T18:46:36.821Z"
   }
  },
  {
   "type": "Feature",
   "id": "overture:65c8b515-0bfc-46a7-a6eb-cd47e7531ebc",
   "geometry": {
    "type": "Polygon",
    "coordinates": [
     [
      [
       85.14940202236176,
       27.921385822187503
      ],
      [
       85.14932960271835,
       27.92134790257269
      ],
      [
       85.14930546283722,
       27.92138345221197
      ],
      [
       85.14938056468964,
       27.921419001839567
      ],
      [
       85.14940202236176,
       27.921385822187503
      ]
     ]
    ]
   },
   "properties": {
    "id": "overture:65c8b515-0bfc-46a7-a6eb-cd47e7531ebc",
    "status": "destroyed",
    "source": "overture",
    "src_id": "65c8b515-0bfc-46a7-a6eb-cd47e7531ebc",
    "name": "",
    "note": "",
    "created_at": "2026-09-06T18:46:36.821Z"
   }
  },
  {
   "type": "Feature",
   "id": "overture:d12b9029-46e3-43fa-ad29-bf1354c07386",
   "geometry": {
    "type": "Polygon",
    "coordinates": [
     [
      [
       85.1489970088005,
       27.92124599354196
      ],
      [
       85.1489245891571,
       27.92120570389868
      ],
      [
       85.14888435602188,
       27.921262583390714
      ],
      [
       85.14895677566528,
       27.921300503035454
      ],
      [
       85.1489970088005,
       27.92124599354196
      ]
     ]
    ]
   },
   "properties": {
    "id": "overture:d12b9029-46e3-43fa-ad29-bf1354c07386",
    "status": "destroyed",
    "source": "overture",
    "src_id": "d12b9029-46e3-43fa-ad29-bf1354c07386",
    "name": "",
    "note": "",
    "created_at": "2026-09-06T18:46:36.821Z"
   }
  },
  {
   "type": "Feature",
   "id": "overture:b64fb1fd-ca41-4591-bf48-e67a9bb27bb0",
   "geometry": {
    "type": "Polygon",
    "coordinates": [
     [
      [
       85.14754056930542,
       27.920684307160514
      ],
      [
       85.14756739139557,
       27.92061794739527
      ],
      [
       85.14737963676453,
       27.920561067564094
      ],
      [
       85.14735281467438,
       27.920625057372064
      ],
      [
       85.14754056930542,
       27.920684307160514
      ]
     ]
    ]
   },
   "properties": {
    "id": "overture:b64fb1fd-ca41-4591-bf48-e67a9bb27bb0",
    "status": "destroyed",
    "source": "overture",
    "src_id": "b64fb1fd-ca41-4591-bf48-e67a9bb27bb0",
    "name": "",
    "note": "",
    "created_at": "2026-09-06T18:46:36.821Z"
   }
  },
  {
   "type": "Feature",
   "id": "overture:dbf48210-792c-444e-89b9-bd7a686b6c98",
   "geometry": {
    "type": "Polygon",
    "coordinates": [
     [
      [
       85.14731794595718,
       27.920608467425495
      ],
      [
       85.14734745025635,
       27.92053025764305
      ],
      [
       85.14725625514984,
       27.92050181770813
      ],
      [
       85.14722675085068,
       27.920582397504305
      ],
      [
       85.14731794595718,
       27.920608467425495
      ]
     ]
    ]
   },
   "properties": {
    "id": "overture:dbf48210-792c-444e-89b9-bd7a686b6c98",
    "status": "destroyed",
    "source": "overture",
    "src_id": "dbf48210-792c-444e-89b9-bd7a686b6c98",
    "name": "",
    "note": "",
    "created_at": "2026-09-06T18:46:36.821Z"
   }
  },
  {
   "type": "Feature",
   "id": "overture:0b858b0d-ea36-4e41-a507-005db1ccfa0d",
   "geometry": {
    "type": "Polygon",
    "coordinates": [
     [
      [
       85.14777392148972,
       27.920708007066807
      ],
      [
       85.1477363705635,
       27.920712747047446
      ],
      [
       85.14774173498154,
       27.920755406863776
      ],
      [
       85.14777928590775,
       27.920750666885027
      ],
      [
       85.14777392148972,
       27.920708007066807
      ]
     ]
    ]
   },
   "properties": {
    "id": "overture:0b858b0d-ea36-4e41-a507-005db1ccfa0d",
    "status": "destroyed",
    "source": "overture",
    "src_id": "0b858b0d-ea36-4e41-a507-005db1ccfa0d",
    "name": "",
    "note": "",
    "created_at": "2026-09-06T18:46:36.821Z"
   }
  },
  {
   "type": "Feature",
   "id": "overture:ba338150-5132-453e-ad7d-2610ad1a8b7f",
   "geometry": {
    "type": "Polygon",
    "coordinates": [
     [
      [
       85.1476639509201,
       27.920480487752016
      ],
      [
       85.14759957790375,
       27.920421237851883
      ],
      [
       85.14755129814148,
       27.92046389778325
      ],
      [
       85.14761835336685,
       27.92052077766556
      ],
      [
       85.1476639509201,
       27.920480487752016
      ]
     ]
    ]
   },
   "properties": {
    "id": "overture:ba338150-5132-453e-ad7d-2610ad1a8b7f",
    "status": "destroyed",
    "source": "overture",
    "src_id": "ba338150-5132-453e-ad7d-2610ad1a8b7f",
    "name": "",
    "note": "",
    "created_at": "2026-09-06T18:46:36.821Z"
   }
  },
  {
   "type": "Feature",
   "id": "overture:e72fc62c-fd3a-40df-9468-0cb062079940",
   "geometry": {
    "type": "Polygon",
    "coordinates": [
     [
      [
       85.14717310667038,
       27.920553957583095
      ],
      [
       85.14720529317856,
       27.920480487752016
      ],
      [
       85.14710336923599,
       27.92044493781583
      ],
      [
       85.14707118272781,
       27.920518407671068
      ],
      [
       85.14717310667038,
       27.920553957583095
      ]
     ]
    ]
   },
   "properties": {
    "id": "overture:e72fc62c-fd3a-40df-9468-0cb062079940",
    "status": "destroyed",
    "source": "overture",
    "src_id": "e72fc62c-fd3a-40df-9468-0cb062079940",
    "name": "",
    "note": "",
    "created_at": "2026-09-06T18:46:36.821Z"
   }
  },
  {
   "type": "Feature",
   "id": "overture:ab8a8720-6485-4ff5-917d-67bff8bd811a",
   "geometry": {
    "type": "Polygon",
    "coordinates": [
     [
      [
       85.14700680971146,
       27.920537367625585
      ],
      [
       85.14707118272781,
       27.920449677807994
      ],
      [
       85.14699339866638,
       27.920407017871028
      ],
      [
       85.14692902565002,
       27.92049233772815
      ],
      [
       85.14700680971146,
       27.920537367625585
      ]
     ]
    ]
   },
   "properties": {
    "id": "overture:ab8a8720-6485-4ff5-917d-67bff8bd811a",
    "status": "destroyed",
    "source": "overture",
    "src_id": "ab8a8720-6485-4ff5-917d-67bff8bd811a",
    "name": "",
    "note": "",
    "created_at": "2026-09-06T18:46:36.821Z"
   }
  },
  {
   "type": "Feature",
   "id": "overture:a40fe4a4-5b68-4f00-962f-44f966832c19",
   "geometry": {
    "type": "Polygon",
    "coordinates": [
     [
      [
       85.14691025018692,
       27.920361987919293
      ],
      [
       85.1468163728714,
       27.920312217950794
      ],
      [
       85.14676809310913,
       27.920383317898768
      ],
      [
       85.14685928821564,
       27.92043308783451
      ],
      [
       85.14691025018692,
       27.920361987919293
      ]
     ]
    ]
   },
   "properties": {
    "id": "overture:a40fe4a4-5b68-4f00-962f-44f966832c19",
    "status": "destroyed",
    "source": "overture",
    "src_id": "a40fe4a4-5b68-4f00-962f-44f966832c19",
    "name": "",
    "note": "",
    "created_at": "2026-09-06T18:46:36.821Z"
   }
  },
  {
   "type": "Feature",
   "id": "overture:99805ada-89b3-4d84-9862-aeba0f031e5e",
   "geometry": {
    "type": "Polygon",
    "coordinates": [
     [
      [
       85.14677345752716,
       27.920295627956236
      ],
      [
       85.14671176671982,
       27.92026481795952
      ],
      [
       85.14666080474854,
       27.920335917938658
      ],
      [
       85.14672249555588,
       27.920369097912925
      ],
      [
       85.14677345752716,
       27.920295627956236
      ]
     ]
    ]
   },
   "properties": {
    "id": "overture:99805ada-89b3-4d84-9862-aeba0f031e5e",
    "status": "destroyed",
    "source": "overture",
    "src_id": "99805ada-89b3-4d84-9862-aeba0f031e5e",
    "name": "",
    "note": "",
    "created_at": "2026-09-06T18:46:36.821Z"
   }
  },
  {
   "type": "Feature",
   "id": "overture:6ddf3562-0ea0-4195-9dcf-ad6864525081",
   "geometry": {
    "type": "Polygon",
    "coordinates": [
     [
      [
       85.14667689800262,
       27.92022689795155
      ],
      [
       85.14652401208878,
       27.92014394788771
      ],
      [
       85.14645159244537,
       27.920245857957212
      ],
      [
       85.14660716056824,
       27.920328807942838
      ],
      [
       85.14667689800262,
       27.92022689795155
      ]
     ]
    ]
   },
   "properties": {
    "id": "overture:6ddf3562-0ea0-4195-9dcf-ad6864525081",
    "status": "destroyed",
    "source": "overture",
    "src_id": "6ddf3562-0ea0-4195-9dcf-ad6864525081",
    "name": "",
    "note": "",
    "created_at": "2026-09-06T18:46:36.821Z"
   }
  },
  {
   "type": "Feature",
   "id": "overture:5e56bd05-c146-41d0-be3b-3d1a1cebc572",
   "geometry": {
    "type": "Polygon",
    "coordinates": [
     [
      [
       85.1461860537529,
       27.919982787581773
      ],
      [
       85.14614045619965,
       27.920037297712142
      ],
      [
       85.14635503292084,
       27.920177127920894
      ],
      [
       85.14640063047409,
       27.92012261786104
      ],
      [
       85.1461860537529,
       27.919982787581773
      ]
     ]
    ]
   },
   "properties": {
    "id": "overture:5e56bd05-c146-41d0-be3b-3d1a1cebc572",
    "status": "destroyed",
    "source": "overture",
    "src_id": "5e56bd05-c146-41d0-be3b-3d1a1cebc572",
    "name": "",
    "note": "",
    "created_at": "2026-09-06T18:46:36.821Z"
   }
  },
  {
   "type": "Feature",
   "id": "overture:f7bcbb3c-1917-430a-93b7-6470e8d825f1",
   "geometry": {
    "type": "Polygon",
    "coordinates": [
     [
      [
       85.14634162187576,
       27.91993064743137
      ],
      [
       85.14640867710114,
       27.919871397229926
      ],
      [
       85.14635235071182,
       27.919821627035617
      ],
      [
       85.14628529548645,
       27.919880877264333
      ],
      [
       85.14634162187576,
       27.91993064743137
      ]
     ]
    ]
   },
   "properties": {
    "id": "overture:f7bcbb3c-1917-430a-93b7-6470e8d825f1",
    "status": "destroyed",
    "source": "overture",
    "src_id": "f7bcbb3c-1917-430a-93b7-6470e8d825f1",
    "name": "",
    "note": "",
    "created_at": "2026-09-06T18:46:36.821Z"
   }
  },
  {
   "type": "Feature",
   "id": "overture:c2a5cf66-9c2c-4ecc-8a02-162e9886336b",
   "geometry": {
    "type": "Polygon",
    "coordinates": [
     [
      [
       85.14645159244537,
       27.919980417575474
      ],
      [
       85.14652132987976,
       27.919918797393677
      ],
      [
       85.14646500349045,
       27.91986902722121
      ],
      [
       85.14639526605606,
       27.91993064743137
      ],
      [
       85.14645159244537,
       27.919980417575474
      ]
     ]
    ]
   },
   "properties": {
    "id": "overture:c2a5cf66-9c2c-4ecc-8a02-162e9886336b",
    "status": "destroyed",
    "source": "overture",
    "src_id": "c2a5cf66-9c2c-4ecc-8a02-162e9886336b",
    "name": "",
    "note": "",
    "created_at": "2026-09-06T18:46:36.821Z"
   }
  },
  {
   "type": "Feature",
   "id": "overture:7fdd0acd-32db-4fc1-b8d8-58bee7e94d08",
   "geometry": {
    "type": "Polygon",
    "coordinates": [
     [
      [
       85.14655351638794,
       27.92004203772217
      ],
      [
       85.14664471149445,
       27.919963827529998
      ],
      [
       85.14658033847809,
       27.919906947354676
      ],
      [
       85.1464918255806,
       27.919985157588016
      ],
      [
       85.14655351638794,
       27.92004203772217
      ]
     ]
    ]
   },
   "properties": {
    "id": "overture:7fdd0acd-32db-4fc1-b8d8-58bee7e94d08",
    "status": "destroyed",
    "source": "overture",
    "src_id": "7fdd0acd-32db-4fc1-b8d8-58bee7e94d08",
    "name": "",
    "note": "",
    "created_at": "2026-09-06T18:46:36.821Z"
   }
  },
  {
   "type": "Feature",
   "id": "overture:10cf0b6c-4400-4429-8083-456675e73019",
   "geometry": {
    "type": "Polygon",
    "coordinates": [
     [
      [
       85.14664471149445,
       27.920106027837335
      ],
      [
       85.14674663543701,
       27.920015967664398
      ],
      [
       85.14668494462967,
       27.91995908751653
      ],
      [
       85.14658033847809,
       27.920049147736847
      ],
      [
       85.14664471149445,
       27.920106027837335
      ]
     ]
    ]
   },
   "properties": {
    "id": "overture:10cf0b6c-4400-4429-8083-456675e73019",
    "status": "destroyed",
    "source": "overture",
    "src_id": "10cf0b6c-4400-4429-8083-456675e73019",
    "name": "",
    "note": "",
    "created_at": "2026-09-06T18:46:36.821Z"
   }
  },
  {
   "type": "Feature",
   "id": "overture:31408db8-e0b7-4315-ab4d-3d9ff87927bd",
   "geometry": {
    "type": "Polygon",
    "coordinates": [
     [
      [
       85.14692634344101,
       27.920056257751042
      ],
      [
       85.14680564403534,
       27.919989897600345
      ],
      [
       85.14673054218292,
       27.920096547822666
      ],
      [
       85.14685124158859,
       27.920162907907937
      ],
      [
       85.14692634344101,
       27.920056257751042
      ]
     ]
    ]
   },
   "properties": {
    "id": "overture:31408db8-e0b7-4315-ab4d-3d9ff87927bd",
    "status": "destroyed",
    "source": "overture",
    "src_id": "31408db8-e0b7-4315-ab4d-3d9ff87927bd",
    "name": "",
    "note": "",
    "created_at": "2026-09-06T18:46:36.821Z"
   }
  },
  {
   "type": "Feature",
   "id": "overture:51fa9e04-5f1d-41d2-ab2c-8d58d49b313d",
   "geometry": {
    "type": "Polygon",
    "coordinates": [
     [
      [
       85.14682978391647,
       27.919923537408906
      ],
      [
       85.14680564403534,
       27.919873767238585
      ],
      [
       85.14674931764603,
       27.919895097314395
      ],
      [
       85.14677345752716,
       27.919944867474896
      ],
      [
       85.14682978391647,
       27.919923537408906
      ]
     ]
    ]
   },
   "properties": {
    "id": "overture:51fa9e04-5f1d-41d2-ab2c-8d58d49b313d",
    "status": "destroyed",
    "source": "overture",
    "src_id": "51fa9e04-5f1d-41d2-ab2c-8d58d49b313d",
    "name": "",
    "note": "",
    "created_at": "2026-09-06T18:46:36.821Z"
   }
  },
  {
   "type": "Feature",
   "id": "overture:09f2a3bd-cda3-4948-ac47-95e1285350b5",
   "geometry": {
    "type": "Polygon",
    "coordinates": [
     [
      [
       85.14700144529343,
       27.91993064743137
      ],
      [
       85.14695584774017,
       27.920013597658837
      ],
      [
       85.1470148563385,
       27.92003966771719
      ],
      [
       85.14706045389175,
       27.91995671750972
      ],
      [
       85.14700144529343,
       27.91993064743137
      ]
     ]
    ]
   },
   "properties": {
    "id": "overture:09f2a3bd-cda3-4948-ac47-95e1285350b5",
    "status": "destroyed",
    "source": "overture",
    "src_id": "09f2a3bd-cda3-4948-ac47-95e1285350b5",
    "name": "",
    "note": "",
    "created_at": "2026-09-06T18:46:36.821Z"
   }
  },
  {
   "type": "Feature",
   "id": "overture:9cb19a6c-4a4d-4eb8-b51d-fa8b4ef27e55",
   "geometry": {
    "type": "Polygon",
    "coordinates": [
     [
      [
       85.14709800481796,
       27.9201249878642
      ],
      [
       85.14713019132614,
       27.920063367764783
      ],
      [
       85.14704704284668,
       27.92003018769671
      ],
      [
       85.14701753854752,
       27.92009180781504
      ],
      [
       85.14709800481796,
       27.9201249878642
      ]
     ]
    ]
   },
   "properties": {
    "id": "overture:9cb19a6c-4a4d-4eb8-b51d-fa8b4ef27e55",
    "status": "destroyed",
    "source": "overture",
    "src_id": "9cb19a6c-4a4d-4eb8-b51d-fa8b4ef27e55",
    "name": "",
    "note": "",
    "created_at": "2026-09-06T18:46:36.821Z"
   }
  },
  {
   "type": "Feature",
   "id": "overture:947e83b3-5cb6-40df-82f0-f35d1d39a042",
   "geometry": {
    "type": "Polygon",
    "coordinates": [
     [
      [
       85.14714628458023,
       27.92031932794771
      ],
      [
       85.14718651771545,
       27.920243487956697
      ],
      [
       85.14694780111313,
       27.920141577884976
      ],
      [
       85.1469075679779,
       27.920219787948582
      ],
      [
       85.14714628458023,
       27.92031932794771
      ]
     ]
    ]
   },
   "properties": {
    "id": "overture:947e83b3-5cb6-40df-82f0-f35d1d39a042",
    "status": "destroyed",
    "source": "overture",
    "src_id": "947e83b3-5cb6-40df-82f0-f35d1d39a042",
    "name": "",
    "note": "",
    "created_at": "2026-09-06T18:46:36.821Z"
   }
  },
  {
   "type": "Feature",
   "id": "overture:153d5172-03ad-4a3c-8fa3-3e2e8d4875de",
   "geometry": {
    "type": "Polygon",
    "coordinates": [
     [
      [
       85.14714896678925,
       27.91993775745334
      ],
      [
       85.14712482690811,
       27.919989897600345
      ],
      [
       85.14721065759659,
       27.92002307768078
      ],
      [
       85.14723479747772,
       27.91997093754979
      ],
      [
       85.14714896678925,
       27.91993775745334
      ]
     ]
    ]
   },
   "properties": {
    "id": "overture:153d5172-03ad-4a3c-8fa3-3e2e8d4875de",
    "status": "destroyed",
    "source": "overture",
    "src_id": "153d5172-03ad-4a3c-8fa3-3e2e8d4875de",
    "name": "",
    "note": "",
    "created_at": "2026-09-06T18:46:36.821Z"
   }
  },
  {
   "type": "Feature",
   "id": "overture:e8881ebb-77a6-44ef-9421-b41a38c7fa8a",
   "geometry": {
    "type": "Polygon",
    "coordinates": [
     [
      [
       85.14723747968674,
       27.920248227957686
      ],
      [
       85.147285759449,
       27.920162907907937
      ],
      [
       85.14724552631378,
       27.92014394788771
      ],
      [
       85.14719724655151,
       27.92022926795245
      ],
      [
       85.14723747968674,
       27.920248227957686
      ]
     ]
    ]
   },
   "properties": {
    "id": "overture:e8881ebb-77a6-44ef-9421-b41a38c7fa8a",
    "status": "destroyed",
    "source": "overture",
    "src_id": "e8881ebb-77a6-44ef-9421-b41a38c7fa8a",
    "name": "",
    "note": "",
    "created_at": "2026-09-06T18:46:36.821Z"
   }
  },
  {
   "type": "Feature",
   "id": "overture:524ad882-4e35-44a5-aa12-5c5ab5f872f6",
   "geometry": {
    "type": "Polygon",
    "coordinates": [
     [
      [
       85.1471945643425,
       27.9203738379084
      ],
      [
       85.14728307723999,
       27.92041412786169
      ],
      [
       85.14733135700226,
       27.920328807942838
      ],
      [
       85.14724284410477,
       27.920288517957772
      ],
      [
       85.1471945643425,
       27.9203738379084
      ]
     ]
    ]
   },
   "properties": {
    "id": "overture:524ad882-4e35-44a5-aa12-5c5ab5f872f6",
    "status": "destroyed",
    "source": "overture",
    "src_id": "524ad882-4e35-44a5-aa12-5c5ab5f872f6",
    "name": "",
    "note": "",
    "created_at": "2026-09-06T18:46:36.821Z"
   }
  },
  {
   "type": "Feature",
   "id": "overture:d22980d3-0cec-4278-b763-db2e926d62fd",
   "geometry": {
    "type": "Polygon",
    "coordinates": [
     [
      [
       85.14727234840393,
       27.920245857957212
      ],
      [
       85.14726161956787,
       27.920274297959466
      ],
      [
       85.14732599258423,
       27.920295627956236
      ],
      [
       85.14733672142029,
       27.92026481795952
      ],
      [
       85.14727234840393,
       27.920245857957212
      ]
     ]
    ]
   },
   "properties": {
    "id": "overture:d22980d3-0cec-4278-b763-db2e926d62fd",
    "status": "destroyed",
    "source": "overture",
    "src_id": "d22980d3-0cec-4278-b763-db2e926d62fd",
    "name": "",
    "note": "",
    "created_at": "2026-09-06T18:46:36.821Z"
   }
  },
  {
   "type": "Feature",
   "id": "overture:04035f6e-db2a-4556-b978-f5f2910bc33e",
   "geometry": {
    "type": "Polygon",
    "coordinates": [
     [
      [
       85.14743059873581,
       27.92043308783451
      ],
      [
       85.14746010303497,
       27.920324067945373
      ],
      [
       85.14735549688339,
       27.920302737954216
      ],
      [
       85.14732867479324,
       27.920411757864855
      ],
      [
       85.14743059873581,
       27.92043308783451
      ]
     ]
    ]
   },
   "properties": {
    "id": "overture:04035f6e-db2a-4556-b978-f5f2910bc33e",
    "status": "destroyed",
    "source": "overture",
    "src_id": "04035f6e-db2a-4556-b978-f5f2910bc33e",
    "name": "",
    "note": "",
    "created_at": "2026-09-06T18:46:36.821Z"
   }
  },
  {
   "type": "Feature",
   "id": "overture:f44cc204-b5dc-4019-af84-816b5be56afd",
   "geometry": {
    "type": "Polygon",
    "coordinates": [
     [
      [
       85.14730989933014,
       27.920132097873406
      ],
      [
       85.14739573001862,
       27.920219787948582
      ],
      [
       85.14748692512512,
       27.920148687893075
      ],
      [
       85.14740109443665,
       27.92006099776026
      ],
      [
       85.14730989933014,
       27.920132097873406
      ]
     ]
    ]
   },
   "properties": {
    "id": "overture:f44cc204-b5dc-4019-af84-816b5be56afd",
    "status": "destroyed",
    "source": "overture",
    "src_id": "f44cc204-b5dc-4019-af84-816b5be56afd",
    "name": "",
    "note": "",
    "created_at": "2026-09-06T18:46:36.821Z"
   }
  },
  {
   "type": "Feature",
   "id": "overture:5da00949-5d54-4fe4-a24e-14da23799b4a",
   "geometry": {
    "type": "Polygon",
    "coordinates": [
     [
      [
       85.14758080244064,
       27.92022215794961
      ],
      [
       85.14751106500626,
       27.92022926795245
      ],
      [
       85.14751642942429,
       27.9202766679593
      ],
      [
       85.14758616685867,
       27.920269557959614
      ],
      [
       85.14758080244064,
       27.92022215794961
      ]
     ]
    ]
   },
   "properties": {
    "id": "overture:5da00949-5d54-4fe4-a24e-14da23799b4a",
    "status": "destroyed",
    "source": "overture",
    "src_id": "5da00949-5d54-4fe4-a24e-14da23799b4a",
    "name": "",
    "note": "",
    "created_at": "2026-09-06T18:46:36.821Z"
   }
  },
  {
   "type": "Feature",
   "id": "overture:62ce55c7-2072-4b37-bec4-ccce17516725",
   "geometry": {
    "type": "Polygon",
    "coordinates": [
     [
      [
       85.14762371778488,
       27.92032643794414
      ],
      [
       85.14762103557587,
       27.920376207906074
      ],
      [
       85.1476639509201,
       27.920376207906074
      ],
      [
       85.14766663312912,
       27.92032643794414
      ],
      [
       85.14762371778488,
       27.92032643794414
      ]
     ]
    ]
   },
   "properties": {
    "id": "overture:62ce55c7-2072-4b37-bec4-ccce17516725",
    "status": "destroyed",
    "source": "overture",
    "src_id": "62ce55c7-2072-4b37-bec4-ccce17516725",
    "name": "",
    "note": "",
    "created_at": "2026-09-06T18:46:36.821Z"
   }
  },
  {
   "type": "Feature",
   "id": "overture:849dc946-9d64-4164-aa68-772ec182d3c8",
   "geometry": {
    "type": "Polygon",
    "coordinates": [
     [
      [
       85.14768540859222,
       27.920383317898768
      ],
      [
       85.1476800441742,
       27.9204378278272
      ],
      [
       85.14772295951843,
       27.920442567819677
      ],
      [
       85.14772832393646,
       27.920388057893632
      ],
      [
       85.14768540859222,
       27.920383317898768
      ]
     ]
    ]
   },
   "properties": {
    "id": "overture:849dc946-9d64-4164-aa68-772ec182d3c8",
    "status": "destroyed",
    "source": "overture",
    "src_id": "849dc946-9d64-4164-aa68-772ec182d3c8",
    "name": "",
    "note": "",
    "created_at": "2026-09-06T18:46:36.821Z"
   }
  },
  {
   "type": "Feature",
   "id": "overture:9f83fb7c-97c7-46e8-bf0b-52858bfd7e78",
   "geometry": {
    "type": "Polygon",
    "coordinates": [
     [
      [
       85.14752984046936,
       27.92049233772815
      ],
      [
       85.14755666255951,
       27.92042834784162
      ],
      [
       85.14746010303497,
       27.920399907879883
      ],
      [
       85.14743596315384,
       27.92046152778751
      ],
      [
       85.14752984046936,
       27.92049233772815
      ]
     ]
    ]
   },
   "properties": {
    "id": "overture:9f83fb7c-97c7-46e8-bf0b-52858bfd7e78",
    "status": "destroyed",
    "source": "overture",
    "src_id": "9f83fb7c-97c7-46e8-bf0b-52858bfd7e78",
    "name": "",
    "note": "",
    "created_at": "2026-09-06T18:46:36.821Z"
   }
  },
  {
   "type": "Feature",
   "id": "overture:b1502818-91db-450f-adf0-33faf0fae94c",
   "geometry": {
    "type": "Polygon",
    "coordinates": [
     [
      [
       85.14710068702698,
       27.921428481738275
      ],
      [
       85.1469612121582,
       27.921400042039636
      ],
      [
       85.14694511890411,
       27.92146877129855
      ],
      [
       85.14708191156387,
       27.921494841006037
      ],
      [
       85.14710068702698,
       27.921428481738275
      ]
     ]
    ]
   },
   "properties": {
    "id": "overture:b1502818-91db-450f-adf0-33faf0fae94c",
    "status": "destroyed",
    "source": "overture",
    "src_id": "b1502818-91db-450f-adf0-33faf0fae94c",
    "name": "",
    "note": "",
    "created_at": "2026-09-06T18:46:52.901Z"
   }
  },
  {
   "type": "Feature",
   "id": "overture:0d153e70-aba5-4418-b859-339c4bbc26d6",
   "geometry": {
    "type": "Polygon",
    "coordinates": [
     [
      [
       85.14634430408478,
       27.921648889149125
      ],
      [
       85.14638721942902,
       27.921542240458066
      ],
      [
       85.14564424753189,
       27.921307612967382
      ],
      [
       85.14560133218765,
       27.921414261889893
      ],
      [
       85.14634430408478,
       27.921648889149125
      ]
     ]
    ]
   },
   "properties": {
    "id": "overture:0d153e70-aba5-4418-b859-339c4bbc26d6",
    "status": "destroyed",
    "source": "overture",
    "src_id": "0d153e70-aba5-4418-b859-339c4bbc26d6",
    "name": "Trishuli",
    "note": "",
    "created_at": "2026-09-06T18:46:52.901Z"
   }
  },
  {
   "type": "Feature",
   "id": "overture:d4bc4c33-7f48-4d1c-80e7-336ddb53d516",
   "geometry": {
    "type": "Polygon",
    "coordinates": [
     [
      [
       85.14763712882996,
       27.92167969875139
      ],
      [
       85.14766931533813,
       27.921584899947106
      ],
      [
       85.14755666255951,
       27.921554090317812
      ],
      [
       85.14752447605133,
       27.921648889149125
      ],
      [
       85.14763712882996,
       27.92167969875139
      ]
     ]
    ]
   },
   "properties": {
    "id": "overture:d4bc4c33-7f48-4d1c-80e7-336ddb53d516",
    "status": "destroyed",
    "source": "overture",
    "src_id": "d4bc4c33-7f48-4d1c-80e7-336ddb53d516",
    "name": "",
    "note": "",
    "created_at": "2026-09-06T18:46:52.901Z"
   }
  },
  {
   "type": "Feature",
   "id": "overture:2bf9b8a7-799c-4261-94d1-495149dc591e",
   "geometry": {
    "type": "Polygon",
    "coordinates": [
     [
      [
       85.14747619628906,
       27.921447441533218
      ],
      [
       85.14733403921127,
       27.921409521940006
      ],
      [
       85.14730989933014,
       27.92148299113977
      ],
      [
       85.14745473861694,
       27.92151854073464
      ],
      [
       85.14747619628906,
       27.921447441533218
      ]
     ]
    ]
   },
   "properties": {
    "id": "overture:2bf9b8a7-799c-4261-94d1-495149dc591e",
    "status": "destroyed",
    "source": "overture",
    "src_id": "2bf9b8a7-799c-4261-94d1-495149dc591e",
    "name": "",
    "note": "",
    "created_at": "2026-09-06T18:46:52.901Z"
   }
  },
  {
   "type": "Feature",
   "id": "overture:e777a056-968d-4f3c-b521-a2fae522ac54",
   "geometry": {
    "type": "Polygon",
    "coordinates": [
     [
      [
       85.14741450548172,
       27.921563570204697
      ],
      [
       85.14739841222763,
       27.92161096962657
      ],
      [
       85.14743864536285,
       27.921622819478785
      ],
      [
       85.14745473861694,
       27.921575420062098
      ],
      [
       85.14741450548172,
       27.921563570204697
      ]
     ]
    ]
   },
   "properties": {
    "id": "overture:e777a056-968d-4f3c-b521-a2fae522ac54",
    "status": "destroyed",
    "source": "overture",
    "src_id": "e777a056-968d-4f3c-b521-a2fae522ac54",
    "name": "",
    "note": "",
    "created_at": "2026-09-06T18:46:52.901Z"
   }
  },
  {
   "type": "Feature",
   "id": "overture:3e4aad68-14aa-4bc0-bd4c-55fde2dafb68",
   "geometry": {
    "type": "Polygon",
    "coordinates": [
     [
      [
       85.14794558286667,
       27.922596872890466
      ],
      [
       85.1479160785675,
       27.922521034497052
      ],
      [
       85.1477712392807,
       27.922566063549553
      ],
      [
       85.14780074357986,
       27.922641901911376
      ],
      [
       85.14794558286667,
       27.922596872890466
      ]
     ]
    ]
   },
   "properties": {
    "id": "overture:3e4aad68-14aa-4bc0-bd4c-55fde2dafb68",
    "status": "damaged",
    "source": "overture",
    "src_id": "3e4aad68-14aa-4bc0-bd4c-55fde2dafb68",
    "name": "",
    "note": "",
    "created_at": "2026-09-06T18:47:41.183Z"
   }
  },
  {
   "type": "Feature",
   "id": "overture:0aad2aca-a3c9-4da8-b034-88eba97fa463",
   "geometry": {
    "type": "Polygon",
    "coordinates": [
     [
      [
       85.1477524638176,
       27.922554213800723
      ],
      [
       85.1476800441742,
       27.92257554334769
      ],
      [
       85.14770418405533,
       27.922634792067228
      ],
      [
       85.14777660369873,
       27.922613462531928
      ],
      [
       85.1477524638176,
       27.922554213800723
      ]
     ]
    ]
   },
   "properties": {
    "id": "overture:0aad2aca-a3c9-4da8-b034-88eba97fa463",
    "status": "damaged",
    "source": "overture",
    "src_id": "0aad2aca-a3c9-4da8-b034-88eba97fa463",
    "name": "",
    "note": "",
    "created_at": "2026-09-06T18:47:41.183Z"
   }
  },
  {
   "type": "Feature",
   "id": "overture:a8379d76-b7e3-4764-810b-be32c0bdd5e0",
   "geometry": {
    "type": "Polygon",
    "coordinates": [
     [
      [
       85.1476800441742,
       27.922592132992435
      ],
      [
       85.14759689569473,
       27.922618202429007
      ],
      [
       85.14762103557587,
       27.922679821072336
      ],
      [
       85.14770418405533,
       27.922653751650614
      ],
      [
       85.1476800441742,
       27.922592132992435
      ]
     ]
    ]
   },
   "properties": {
    "id": "overture:a8379d76-b7e3-4764-810b-be32c0bdd5e0",
    "status": "damaged",
    "source": "overture",
    "src_id": "a8379d76-b7e3-4764-810b-be32c0bdd5e0",
    "name": "",
    "note": "",
    "created_at": "2026-09-06T18:47:41.183Z"
   }
  },
  {
   "type": "Feature",
   "id": "overture:201ccfd6-a8ec-4ff4-b703-7a2611effed5",
   "geometry": {
    "type": "Polygon",
    "coordinates": [
     [
      [
       85.14760762453079,
       27.922665601388545
      ],
      [
       85.14757007360458,
       27.922573173398234
      ],
      [
       85.14756470918655,
       27.922558953700403
      ],
      [
       85.14749765396118,
       27.922580283246447
      ],
      [
       85.14754056930542,
       27.922686930913528
      ],
      [
       85.14760762453079,
       27.922665601388545
      ]
     ]
    ]
   },
   "properties": {
    "id": "overture:201ccfd6-a8ec-4ff4-b703-7a2611effed5",
    "status": "damaged",
    "source": "overture",
    "src_id": "201ccfd6-a8ec-4ff4-b703-7a2611effed5",
    "name": "",
    "note": "",
    "created_at": "2026-09-06T18:47:41.183Z"
   }
  },
  {
   "type": "Feature",
   "id": "overture:2e9c9f3b-0252-47c8-b947-0f9ae9583f1d",
   "geometry": {
    "type": "Polygon",
    "coordinates": [
     [
      [
       85.14769613742828,
       27.922855197018762
      ],
      [
       85.147645175457,
       27.922736699788842
      ],
      [
       85.14758348464966,
       27.922758029299814
      ],
      [
       85.14763176441193,
       27.92287652650637
      ],
      [
       85.14769613742828,
       27.922855197018762
      ]
     ]
    ]
   },
   "properties": {
    "id": "overture:2e9c9f3b-0252-47c8-b947-0f9ae9583f1d",
    "status": "damaged",
    "source": "overture",
    "src_id": "2e9c9f3b-0252-47c8-b947-0f9ae9583f1d",
    "name": "",
    "note": "",
    "created_at": "2026-09-06T18:47:41.183Z"
   }
  },
  {
   "type": "Feature",
   "id": "overture:e7a85d1b-d523-4aa8-98f9-f1fdf1413357",
   "geometry": {
    "type": "Polygon",
    "coordinates": [
     [
      [
       85.14771223068237,
       27.92273195989692
      ],
      [
       85.14766663312912,
       27.922743809626297
      ],
      [
       85.14768540859222,
       27.922805428198018
      ],
      [
       85.14773368835449,
       27.922793578475407
      ],
      [
       85.14771223068237,
       27.92273195989692
      ]
     ]
    ]
   },
   "properties": {
    "id": "overture:e7a85d1b-d523-4aa8-98f9-f1fdf1413357",
    "status": "damaged",
    "source": "overture",
    "src_id": "e7a85d1b-d523-4aa8-98f9-f1fdf1413357",
    "name": "",
    "note": "",
    "created_at": "2026-09-06T18:47:41.183Z"
   }
  },
  {
   "type": "Feature",
   "id": "overture:6b6a8034-1d5d-4feb-b59a-f23644b1d437",
   "geometry": {
    "type": "Polygon",
    "coordinates": [
     [
      [
       85.1478785276413,
       27.92292155541081
      ],
      [
       85.1478436589241,
       27.92285282707543
      ],
      [
       85.14774709939957,
       27.922893116104916
      ],
      [
       85.14778196811676,
       27.922961844414672
      ],
      [
       85.1478785276413,
       27.92292155541081
      ]
     ]
    ]
   },
   "properties": {
    "id": "overture:6b6a8034-1d5d-4feb-b59a-f23644b1d437",
    "status": "damaged",
    "source": "overture",
    "src_id": "6b6a8034-1d5d-4feb-b59a-f23644b1d437",
    "name": "",
    "note": "",
    "created_at": "2026-09-06T18:47:41.183Z"
   }
  },
  {
   "type": "Feature",
   "id": "overture:823c9531-cd53-40dc-9713-57c18c4f1137",
   "geometry": {
    "type": "Polygon",
    "coordinates": [
     [
      [
       85.14784097671509,
       27.922758029299814
      ],
      [
       85.14781147241592,
       27.922675081177943
      ],
      [
       85.14772564172745,
       27.92270115059452
      ],
      [
       85.14775782823563,
       27.922781728751517
      ],
      [
       85.14784097671509,
       27.922758029299814
      ]
     ]
    ]
   },
   "properties": {
    "id": "overture:823c9531-cd53-40dc-9713-57c18c4f1137",
    "status": "damaged",
    "source": "overture",
    "src_id": "823c9531-cd53-40dc-9713-57c18c4f1137",
    "name": "",
    "note": "",
    "created_at": "2026-09-06T18:47:41.183Z"
   }
  },
  {
   "type": "Feature",
   "id": "overture:72a961f2-a5ec-4d1a-a28d-0182dd340936",
   "geometry": {
    "type": "Polygon",
    "coordinates": [
     [
      [
       85.14758884906769,
       27.922568433499166
      ],
      [
       85.14768809080124,
       27.92253999410039
      ],
      [
       85.14763176441193,
       27.922390687134083
      ],
      [
       85.14758348464966,
       27.922404906854027
      ],
      [
       85.14760762453079,
       27.922468895570717
      ],
      [
       85.14755666255951,
       27.922483115280386
      ],
      [
       85.14758884906769,
       27.922568433499166
      ]
     ]
    ]
   },
   "properties": {
    "id": "overture:72a961f2-a5ec-4d1a-a28d-0182dd340936",
    "status": "damaged",
    "source": "overture",
    "src_id": "72a961f2-a5ec-4d1a-a28d-0182dd340936",
    "name": "",
    "note": "",
    "created_at": "2026-09-06T18:47:41.183Z"
   }
  },
  {
   "type": "Feature",
   "id": "overture:f389c45e-f2a2-4e0e-9f99-a9085d4ad34c",
   "geometry": {
    "type": "Polygon",
    "coordinates": [
     [
      [
       85.14755934476852,
       27.92250681479237
      ],
      [
       85.1475378870964,
       27.922447566002703
      ],
      [
       85.14749765396118,
       27.92245704581123
      ],
      [
       85.1475191116333,
       27.922518664546388
      ],
      [
       85.14755934476852,
       27.92250681479237
      ]
     ]
    ]
   },
   "properties": {
    "id": "overture:f389c45e-f2a2-4e0e-9f99-a9085d4ad34c",
    "status": "damaged",
    "source": "overture",
    "src_id": "f389c45e-f2a2-4e0e-9f99-a9085d4ad34c",
    "name": "",
    "note": "",
    "created_at": "2026-09-06T18:47:41.183Z"
   }
  },
  {
   "type": "Feature",
   "id": "overture:05978b2a-a7f7-4b76-9d4b-5c400f1a4387",
   "geometry": {
    "type": "Polygon",
    "coordinates": [
     [
      [
       85.14750838279724,
       27.922521034497052
      ],
      [
       85.14748960733414,
       27.922464155667072
      ],
      [
       85.1474466919899,
       27.922473635474162
      ],
      [
       85.147465467453,
       27.922530514299126
      ],
      [
       85.14750838279724,
       27.922521034497052
      ]
     ]
    ]
   },
   "properties": {
    "id": "overture:05978b2a-a7f7-4b76-9d4b-5c400f1a4387",
    "status": "damaged",
    "source": "overture",
    "src_id": "05978b2a-a7f7-4b76-9d4b-5c400f1a4387",
    "name": "",
    "note": "",
    "created_at": "2026-09-06T18:47:41.183Z"
   }
  },
  {
   "type": "Feature",
   "id": "overture:3bac6c1d-4ee3-4d0e-8271-3b6dbfed0abf",
   "geometry": {
    "type": "Polygon",
    "coordinates": [
     [
      [
       85.1475539803505,
       27.921975944479087
      ],
      [
       85.14759689569473,
       27.921881145934563
      ],
      [
       85.14733672142029,
       27.921788717273586
      ],
      [
       85.14729380607605,
       27.921883515899182
      ],
      [
       85.1475539803505,
       27.921975944479087
      ]
     ]
    ]
   },
   "properties": {
    "id": "overture:3bac6c1d-4ee3-4d0e-8271-3b6dbfed0abf",
    "status": "damaged",
    "source": "overture",
    "src_id": "3bac6c1d-4ee3-4d0e-8271-3b6dbfed0abf",
    "name": "",
    "note": "",
    "created_at": "2026-09-06T18:47:41.183Z"
   }
  },
  {
   "type": "Feature",
   "id": "overture:aaa1cb09-5af1-4fd5-b038-e996006261b0",
   "geometry": {
    "type": "Polygon",
    "coordinates": [
     [
      [
       85.14764249324799,
       27.922011493911853
      ],
      [
       85.14781683683395,
       27.92202808364314
      ],
      [
       85.14783024787903,
       27.92192143532614
      ],
      [
       85.14765590429306,
       27.921904845578467
      ],
      [
       85.14764249324799,
       27.922011493911853
      ]
     ]
    ]
   },
   "properties": {
    "id": "overture:aaa1cb09-5af1-4fd5-b038-e996006261b0",
    "status": "damaged",
    "source": "overture",
    "src_id": "aaa1cb09-5af1-4fd5-b038-e996006261b0",
    "name": "",
    "note": "",
    "created_at": "2026-09-06T18:47:41.183Z"
   }
  },
  {
   "type": "Feature",
   "id": "overture:9ddd0ed7-d4b8-4974-955a-06544fd23062",
   "geometry": {
    "type": "Polygon",
    "coordinates": [
     [
      [
       85.14757812023163,
       27.92202808364314
      ],
      [
       85.14754861593246,
       27.922106292342107
      ],
      [
       85.14764249324799,
       27.922132361895848
      ],
      [
       85.14766931533813,
       27.92205415321574
      ],
      [
       85.14757812023163,
       27.92202808364314
      ]
     ]
    ]
   },
   "properties": {
    "id": "overture:9ddd0ed7-d4b8-4974-955a-06544fd23062",
    "status": "damaged",
    "source": "overture",
    "src_id": "9ddd0ed7-d4b8-4974-955a-06544fd23062",
    "name": "",
    "note": "",
    "created_at": "2026-09-06T18:47:41.183Z"
   }
  },
  {
   "type": "Feature",
   "id": "overture:4b416d54-f001-435b-b531-af5db8e3b6b8",
   "geometry": {
    "type": "Polygon",
    "coordinates": [
     [
      [
       85.14769613742828,
       27.92237646741225
      ],
      [
       85.14773905277252,
       27.92232195846124
      ],
      [
       85.14764785766602,
       27.92226744948273
      ],
      [
       85.14760494232178,
       27.92232195846124
      ],
      [
       85.14769613742828,
       27.92237646741225
      ]
     ]
    ]
   },
   "properties": {
    "id": "overture:4b416d54-f001-435b-b531-af5db8e3b6b8",
    "status": "damaged",
    "source": "overture",
    "src_id": "4b416d54-f001-435b-b531-af5db8e3b6b8",
    "name": "",
    "note": "",
    "created_at": "2026-09-06T18:47:41.183Z"
   }
  },
  {
   "type": "Feature",
   "id": "overture:a103473e-c700-43d6-a5e0-ac5da2bb7457",
   "geometry": {
    "type": "Polygon",
    "coordinates": [
     [
      [
       85.1475003361702,
       27.922220050348656
      ],
      [
       85.14739841222763,
       27.92220346064684
      ],
      [
       85.14739841222763,
       27.92220820056191
      ],
      [
       85.14738231897354,
       27.922295888953215
      ],
      [
       85.147465467453,
       27.92231010868565
      ],
      [
       85.14746010303497,
       27.922343288054023
      ],
      [
       85.14756739139557,
       27.922359877734422
      ],
      [
       85.1475727558136,
       27.92232195846124
      ],
      [
       85.1475915312767,
       27.922231900134136
      ],
      [
       85.1475003361702,
       27.922220050348656
      ]
     ]
    ]
   },
   "properties": {
    "id": "overture:a103473e-c700-43d6-a5e0-ac5da2bb7457",
    "status": "damaged",
    "source": "overture",
    "src_id": "a103473e-c700-43d6-a5e0-ac5da2bb7457",
    "name": "",
    "note": "",
    "created_at": "2026-09-06T18:47:41.183Z"
   }
  },
  {
   "type": "Feature",
   "id": "overture:70534ab9-4b31-4451-8c19-62193d2bb276",
   "geometry": {
    "type": "Polygon",
    "coordinates": [
     [
      [
       85.14770418405533,
       27.922447566002703
      ],
      [
       85.1476988196373,
       27.922419126572123
      ],
      [
       85.1476800441742,
       27.92237646741225
      ],
      [
       85.14764249324799,
       27.922385947227
      ],
      [
       85.14766663312912,
       27.92245704581123
      ],
      [
       85.14770418405533,
       27.922447566002703
      ]
     ]
    ]
   },
   "properties": {
    "id": "overture:70534ab9-4b31-4451-8c19-62193d2bb276",
    "status": "damaged",
    "source": "overture",
    "src_id": "70534ab9-4b31-4451-8c19-62193d2bb276",
    "name": "",
    "note": "",
    "created_at": "2026-09-06T18:47:41.183Z"
   }
  },
  {
   "type": "Feature",
   "id": "overture:f235b633-d583-4f90-802f-05920ac07d1a",
   "geometry": {
    "type": "Polygon",
    "coordinates": [
     [
      [
       85.14777928590775,
       27.922487855183192
      ],
      [
       85.14774441719055,
       27.922404906854027
      ],
      [
       85.14770954847336,
       27.922416756619256
      ],
      [
       85.14774173498154,
       27.922497334988208
      ],
      [
       85.14777928590775,
       27.922487855183192
      ]
     ]
    ]
   },
   "properties": {
    "id": "overture:f235b633-d583-4f90-802f-05920ac07d1a",
    "status": "damaged",
    "source": "overture",
    "src_id": "f235b633-d583-4f90-802f-05920ac07d1a",
    "name": "",
    "note": "",
    "created_at": "2026-09-06T18:47:41.183Z"
   }
  },
  {
   "type": "Feature",
   "id": "overture:e829db56-ea8d-4122-b75b-b92fcc47b805",
   "geometry": {
    "type": "Polygon",
    "coordinates": [
     [
      [
       85.14806896448135,
       27.92258265319576
      ],
      [
       85.14803409576416,
       27.92247837537738
      ],
      [
       85.14797240495682,
       27.9224925950858
      ],
      [
       85.14800727367401,
       27.922599242839382
      ],
      [
       85.14806896448135,
       27.92258265319576
      ]
     ]
    ]
   },
   "properties": {
    "id": "overture:e829db56-ea8d-4122-b75b-b92fcc47b805",
    "status": "damaged",
    "source": "overture",
    "src_id": "e829db56-ea8d-4122-b75b-b92fcc47b805",
    "name": "",
    "note": "",
    "created_at": "2026-09-06T18:47:41.183Z"
   }
  },
  {
   "type": "Feature",
   "id": "overture:adb48e1c-90c6-474c-9ada-892590d26bcd",
   "geometry": {
    "type": "Polygon",
    "coordinates": [
     [
      [
       85.14818161725998,
       27.92271063038082
      ],
      [
       85.14816015958786,
       27.92263005217086
      ],
      [
       85.14804482460022,
       27.922651381702863
      ],
      [
       85.14806628227234,
       27.922734329842925
      ],
      [
       85.14818161725998,
       27.92271063038082
      ]
     ]
    ]
   },
   "properties": {
    "id": "overture:adb48e1c-90c6-474c-9ada-892590d26bcd",
    "status": "damaged",
    "source": "overture",
    "src_id": "adb48e1c-90c6-474c-9ada-892590d26bcd",
    "name": "",
    "note": "",
    "created_at": "2026-09-06T18:47:41.183Z"
   }
  },
  {
   "type": "Feature",
   "id": "overture:d8731938-cf11-49fa-a7a7-39e03a9fd5b4",
   "geometry": {
    "type": "Polygon",
    "coordinates": [
     [
      [
       85.14799386262894,
       27.922746179572016
      ],
      [
       85.14795631170273,
       27.922646641807205
      ],
      [
       85.14788925647736,
       27.922667971335954
      ],
      [
       85.14792680740356,
       27.922767509081126
      ],
      [
       85.14799386262894,
       27.922746179572016
      ]
     ]
    ]
   },
   "properties": {
    "id": "overture:d8731938-cf11-49fa-a7a7-39e03a9fd5b4",
    "status": "damaged",
    "source": "overture",
    "src_id": "d8731938-cf11-49fa-a7a7-39e03a9fd5b4",
    "name": "",
    "note": "",
    "created_at": "2026-09-06T18:47:41.183Z"
   }
  },
  {
   "type": "Feature",
   "id": "overture:b533172b-f7ca-48da-a78f-b74d9a2c80c7",
   "geometry": {
    "type": "Polygon",
    "coordinates": [
     [
      [
       85.14792144298553,
       27.922769879026305
      ],
      [
       85.14788120985031,
       27.922665601388545
      ],
      [
       85.14782220125198,
       27.922684560966516
      ],
      [
       85.14785975217819,
       27.922786468641235
      ],
      [
       85.14792144298553,
       27.922769879026305
      ]
     ]
    ]
   },
   "properties": {
    "id": "overture:b533172b-f7ca-48da-a78f-b74d9a2c80c7",
    "status": "damaged",
    "source": "overture",
    "src_id": "b533172b-f7ca-48da-a78f-b74d9a2c80c7",
    "name": "",
    "note": "",
    "created_at": "2026-09-06T18:47:41.183Z"
   }
  },
  {
   "type": "Feature",
   "id": "overture:50342cd1-fe1e-438e-8a81-4188a0b692d3",
   "geometry": {
    "type": "Polygon",
    "coordinates": [
     [
      [
       85.14760762453079,
       27.922826757695418
      ],
      [
       85.14756739139557,
       27.922736699788842
      ],
      [
       85.14751642942429,
       27.92275328940883
      ],
      [
       85.1475539803505,
       27.922843347301622
      ],
      [
       85.14760762453079,
       27.922826757695418
      ]
     ]
    ]
   },
   "properties": {
    "id": "overture:50342cd1-fe1e-438e-8a81-4188a0b692d3",
    "status": "damaged",
    "source": "overture",
    "src_id": "50342cd1-fe1e-438e-8a81-4188a0b692d3",
    "name": "",
    "note": "",
    "created_at": "2026-09-06T18:47:41.183Z"
   }
  },
  {
   "type": "Feature",
   "id": "overture:1d972be9-837d-4a86-9f4e-bf5a82fefc54",
   "geometry": {
    "type": "Polygon",
    "coordinates": [
     [
      [
       85.14748156070709,
       27.922561323650157
      ],
      [
       85.14743059873581,
       27.922580283246447
      ],
      [
       85.14748424291611,
       27.92271063038082
      ],
      [
       85.14753520488739,
       27.922694040754266
      ],
      [
       85.14748156070709,
       27.922561323650157
      ]
     ]
    ]
   },
   "properties": {
    "id": "overture:1d972be9-837d-4a86-9f4e-bf5a82fefc54",
    "status": "damaged",
    "source": "overture",
    "src_id": "1d972be9-837d-4a86-9f4e-bf5a82fefc54",
    "name": "",
    "note": "",
    "created_at": "2026-09-06T18:47:41.183Z"
   }
  },
  {
   "type": "Feature",
   "id": "overture:e341399d-a96c-4553-ab85-bacfdc99f0b7",
   "geometry": {
    "type": "Polygon",
    "coordinates": [
     [
      [
       85.14774709939957,
       27.922912075643012
      ],
      [
       85.14770686626434,
       27.922855197018762
      ],
      [
       85.14764785766602,
       27.922888376219888
      ],
      [
       85.14769077301025,
       27.92294525482663
      ],
      [
       85.14774709939957,
       27.922912075643012
      ]
     ]
    ]
   },
   "properties": {
    "id": "overture:e341399d-a96c-4553-ab85-bacfdc99f0b7",
    "status": "damaged",
    "source": "overture",
    "src_id": "e341399d-a96c-4553-ab85-bacfdc99f0b7",
    "name": "",
    "note": "",
    "created_at": "2026-09-06T18:47:41.183Z"
   }
  },
  {
   "type": "Feature",
   "id": "overture:44bcbab3-84a2-4d47-9892-18974ebfdc84",
   "geometry": {
    "type": "Polygon",
    "coordinates": [
     [
      [
       85.14763444662094,
       27.922893116104916
      ],
      [
       85.14759689569473,
       27.92283860741442
      ],
      [
       85.14753252267838,
       27.922871786620576
      ],
      [
       85.14757007360458,
       27.922928665236114
      ],
      [
       85.14763444662094,
       27.922893116104916
      ]
     ]
    ]
   },
   "properties": {
    "id": "overture:44bcbab3-84a2-4d47-9892-18974ebfdc84",
    "status": "damaged",
    "source": "overture",
    "src_id": "44bcbab3-84a2-4d47-9892-18974ebfdc84",
    "name": "",
    "note": "",
    "created_at": "2026-09-06T18:47:41.183Z"
   }
  },
  {
   "type": "Feature",
   "id": "overture:4f188190-0a27-4162-be65-f013995f9ef9",
   "geometry": {
    "type": "Polygon",
    "coordinates": [
     [
      [
       85.14786511659622,
       27.92308034139782
      ],
      [
       85.14782220125198,
       27.923021092922482
      ],
      [
       85.14779269695282,
       27.92304005243811
      ],
      [
       85.14783561229706,
       27.923096930965073
      ],
      [
       85.14786511659622,
       27.92308034139782
      ]
     ]
    ]
   },
   "properties": {
    "id": "overture:4f188190-0a27-4162-be65-f013995f9ef9",
    "status": "damaged",
    "source": "overture",
    "src_id": "4f188190-0a27-4162-be65-f013995f9ef9",
    "name": "",
    "note": "",
    "created_at": "2026-09-06T18:47:41.183Z"
   }
  },
  {
   "type": "Feature",
   "id": "overture:aada3655-4916-46d8-a5fa-091c6c59781d",
   "geometry": {
    "type": "Polygon",
    "coordinates": [
     [
      [
       85.14805555343628,
       27.92306138188924
      ],
      [
       85.14792680740356,
       27.922893116104916
      ],
      [
       85.14788389205933,
       27.922919185468942
      ],
      [
       85.14801263809204,
       27.92308745121268
      ],
      [
       85.14805555343628,
       27.92306138188924
      ]
     ]
    ]
   },
   "properties": {
    "id": "overture:aada3655-4916-46d8-a5fa-091c6c59781d",
    "status": "damaged",
    "source": "overture",
    "src_id": "aada3655-4916-46d8-a5fa-091c6c59781d",
    "name": "",
    "note": "",
    "created_at": "2026-09-06T18:47:41.183Z"
   }
  },
  {
   "type": "Feature",
   "id": "overture:434efeaf-0e1a-4751-8490-cabfc74b7b4a",
   "geometry": {
    "type": "Polygon",
    "coordinates": [
     [
      [
       85.14798045158386,
       27.922843347301622
      ],
      [
       85.1479321718216,
       27.922867046734623
      ],
      [
       85.14800727367401,
       27.92298080394069
      ],
      [
       85.14807969331741,
       27.92308982115084
      ],
      [
       85.14812797307968,
       27.923063751827982
      ],
      [
       85.14805555343628,
       27.922954734591542
      ],
      [
       85.14805287122726,
       27.922957104532628
      ],
      [
       85.14798045158386,
       27.922843347301622
      ]
     ]
    ]
   },
   "properties": {
    "id": "overture:434efeaf-0e1a-4751-8490-cabfc74b7b4a",
    "status": "damaged",
    "source": "overture",
    "src_id": "434efeaf-0e1a-4751-8490-cabfc74b7b4a",
    "name": "",
    "note": "",
    "created_at": "2026-09-06T18:47:41.183Z"
   }
  },
  {
   "type": "Feature",
   "id": "overture:e16d2273-eabc-4e8b-bff3-f2fe53bec7a8",
   "geometry": {
    "type": "Polygon",
    "coordinates": [
     [
      [
       85.1481306552887,
       27.92299028370246
      ],
      [
       85.14805555343628,
       27.922878896449177
      ],
      [
       85.14803677797318,
       27.922888376219888
      ],
      [
       85.14810651540756,
       27.922995023583027
      ],
      [
       85.1481306552887,
       27.92299028370246
      ]
     ]
    ]
   },
   "properties": {
    "id": "overture:e16d2273-eabc-4e8b-bff3-f2fe53bec7a8",
    "status": "damaged",
    "source": "overture",
    "src_id": "e16d2273-eabc-4e8b-bff3-f2fe53bec7a8",
    "name": "",
    "note": "",
    "created_at": "2026-09-06T18:47:41.183Z"
   }
  },
  {
   "type": "Feature",
   "id": "overture:e145fe49-ebdc-419a-902a-349c0be5445f",
   "geometry": {
    "type": "Polygon",
    "coordinates": [
     [
      [
       85.14804482460022,
       27.92285282707543
      ],
      [
       85.14799654483795,
       27.9227769888616
      ],
      [
       85.14796704053879,
       27.92279120853074
      ],
      [
       85.14801800251007,
       27.922864676791548
      ],
      [
       85.14804482460022,
       27.92285282707543
      ]
     ]
    ]
   },
   "properties": {
    "id": "overture:e145fe49-ebdc-419a-902a-349c0be5445f",
    "status": "damaged",
    "source": "overture",
    "src_id": "e145fe49-ebdc-419a-902a-349c0be5445f",
    "name": "",
    "note": "",
    "created_at": "2026-09-06T18:47:41.183Z"
   }
  },
  {
   "type": "Feature",
   "id": "overture:36e39cca-1ba0-4324-8e43-af06fde3e257",
   "geometry": {
    "type": "Polygon",
    "coordinates": [
     [
      [
       85.14818698167801,
       27.923168029081722
      ],
      [
       85.14813870191574,
       27.923096930965073
      ],
      [
       85.14811187982559,
       27.923111150592163
      ],
      [
       85.14816015958786,
       27.923182248699433
      ],
      [
       85.14818698167801,
       27.923168029081722
      ]
     ]
    ]
   },
   "properties": {
    "id": "overture:36e39cca-1ba0-4324-8e43-af06fde3e257",
    "status": "damaged",
    "source": "overture",
    "src_id": "36e39cca-1ba0-4324-8e43-af06fde3e257",
    "name": "",
    "note": "",
    "created_at": "2026-09-06T18:47:41.183Z"
   }
  },
  {
   "type": "Feature",
   "id": "overture:6021a983-dcde-42de-937f-9d16039c2f6d",
   "geometry": {
    "type": "Polygon",
    "coordinates": [
     [
      [
       85.14803409576416,
       27.923149069588533
      ],
      [
       85.14808237552643,
       27.923224907541368
      ],
      [
       85.14813601970673,
       27.923196468315282
      ],
      [
       85.14809042215347,
       27.923123000279944
      ],
      [
       85.14803409576416,
       27.923149069588533
      ]
     ]
    ]
   },
   "properties": {
    "id": "overture:6021a983-dcde-42de-937f-9d16039c2f6d",
    "status": "damaged",
    "source": "overture",
    "src_id": "6021a983-dcde-42de-937f-9d16039c2f6d",
    "name": "",
    "note": "",
    "created_at": "2026-09-06T18:47:41.183Z"
   }
  },
  {
   "type": "Feature",
   "id": "overture:bb62ad48-36ba-490e-8892-d0f8bec5cbb3",
   "geometry": {
    "type": "Polygon",
    "coordinates": [
     [
      [
       85.14833182096481,
       27.923077971459406
      ],
      [
       85.1482754945755,
       27.922995023583027
      ],
      [
       85.1482218503952,
       27.92302346286212
      ],
      [
       85.14828085899353,
       27.92310641071667
      ],
      [
       85.14833182096481,
       27.923077971459406
      ]
     ]
    ]
   },
   "properties": {
    "id": "overture:bb62ad48-36ba-490e-8892-d0f8bec5cbb3",
    "status": "damaged",
    "source": "overture",
    "src_id": "bb62ad48-36ba-490e-8892-d0f8bec5cbb3",
    "name": "",
    "note": "",
    "created_at": "2026-09-06T18:47:41.183Z"
   }
  },
  {
   "type": "Feature",
   "id": "overture:e0adaf4b-e5f8-4e63-9bbe-07bd86e40012",
   "geometry": {
    "type": "Polygon",
    "coordinates": [
     [
      [
       85.14823526144028,
       27.9229523646504
      ],
      [
       85.14821380376816,
       27.922893116104916
      ],
      [
       85.14816015958786,
       27.92290970570093
      ],
      [
       85.14818161725998,
       27.92296895423732
      ],
      [
       85.14823526144028,
       27.9229523646504
      ]
     ]
    ]
   },
   "properties": {
    "id": "overture:e0adaf4b-e5f8-4e63-9bbe-07bd86e40012",
    "status": "damaged",
    "source": "overture",
    "src_id": "e0adaf4b-e5f8-4e63-9bbe-07bd86e40012",
    "name": "",
    "note": "",
    "created_at": "2026-09-06T18:47:41.183Z"
   }
  },
  {
   "type": "Feature",
   "id": "overture:a253f66c-0762-4c07-863e-72fac99236b0",
   "geometry": {
    "type": "Polygon",
    "coordinates": [
     [
      [
       85.1481306552887,
       27.922859936905283
      ],
      [
       85.14818161725998,
       27.92284097735805
      ],
      [
       85.14815211296082,
       27.922765139135862
      ],
      [
       85.14809846878052,
       27.922781728751517
      ],
      [
       85.1481306552887,
       27.922859936905283
      ]
     ]
    ]
   },
   "properties": {
    "id": "overture:a253f66c-0762-4c07-863e-72fac99236b0",
    "status": "damaged",
    "source": "overture",
    "src_id": "a253f66c-0762-4c07-863e-72fac99236b0",
    "name": "",
    "note": "",
    "created_at": "2026-09-06T18:47:41.183Z"
   }
  },
  {
   "type": "Feature",
   "id": "overture:c5001eae-3dba-4a7e-b3b1-a1add47aaa5a",
   "geometry": {
    "type": "Polygon",
    "coordinates": [
     [
      [
       85.14835864305496,
       27.923208317993726
      ],
      [
       85.14838814735413,
       27.92319172844354
      ],
      [
       85.14838010072708,
       27.92317987876328
      ],
      [
       85.14835059642792,
       27.923139589840673
      ],
      [
       85.14832109212875,
       27.92315854933554
      ],
      [
       85.14835864305496,
       27.923208317993726
      ]
     ]
    ]
   },
   "properties": {
    "id": "overture:c5001eae-3dba-4a7e-b3b1-a1add47aaa5a",
    "status": "damaged",
    "source": "overture",
    "src_id": "c5001eae-3dba-4a7e-b3b1-a1add47aaa5a",
    "name": "",
    "note": "",
    "created_at": "2026-09-06T18:47:41.183Z"
   }
  },
  {
   "type": "Feature",
   "id": "overture:0f5e296e-d78a-404d-8726-5b5a9b0ffa0f",
   "geometry": {
    "type": "Polygon",
    "coordinates": [
     [
      [
       85.14812529087067,
       27.92202808364314
      ],
      [
       85.14812797307968,
       27.921916695398494
      ],
      [
       85.14803677797318,
       27.921914325434585
      ],
      [
       85.14803409576416,
       27.922025713681705
      ],
      [
       85.14812529087067,
       27.92202808364314
      ]
     ]
    ]
   },
   "properties": {
    "id": "overture:0f5e296e-d78a-404d-8726-5b5a9b0ffa0f",
    "status": "destroyed",
    "source": "overture",
    "src_id": "0f5e296e-d78a-404d-8726-5b5a9b0ffa0f",
    "name": "",
    "note": "",
    "created_at": "2026-09-06T18:58:28.233Z"
   }
  },
  {
   "type": "Feature",
   "id": "overture:b7fea9cf-e380-4efa-bd6d-a5d32faf6de4",
   "geometry": {
    "type": "Polygon",
    "coordinates": [
     [
      [
       85.14798313379288,
       27.9221560614847
      ],
      [
       85.14801800251007,
       27.9219285452172
      ],
      [
       85.14785170555115,
       27.921907215542575
      ],
      [
       85.14781683683395,
       27.92213710181403
      ],
      [
       85.14798313379288,
       27.9221560614847
      ]
     ]
    ]
   },
   "properties": {
    "id": "overture:b7fea9cf-e380-4efa-bd6d-a5d32faf6de4",
    "status": "destroyed",
    "source": "overture",
    "src_id": "b7fea9cf-e380-4efa-bd6d-a5d32faf6de4",
    "name": "",
    "note": "",
    "created_at": "2026-09-06T18:58:28.233Z"
   }
  },
  {
   "type": "Feature",
   "id": "overture:e8a54e35-4698-4d93-bec3-8d5e89ade4c1",
   "geometry": {
    "type": "Polygon",
    "coordinates": [
     [
      [
       85.14744937419891,
       27.922530514299126
      ],
      [
       85.14741450548172,
       27.922471265522475
      ],
      [
       85.14736890792847,
       27.9224925950858
      ],
      [
       85.14740109443665,
       27.922551843850783
      ],
      [
       85.14744937419891,
       27.922530514299126
      ]
     ]
    ]
   },
   "properties": {
    "id": "overture:e8a54e35-4698-4d93-bec3-8d5e89ade4c1",
    "status": "possible",
    "source": "overture",
    "src_id": "e8a54e35-4698-4d93-bec3-8d5e89ade4c1",
    "name": "",
    "note": "",
    "created_at": "2026-09-06T18:59:15.912Z"
   }
  },
  {
   "type": "Feature",
   "id": "overture:bb5d2d83-027d-4e4c-ade6-00f6120d5335",
   "geometry": {
    "type": "Polygon",
    "coordinates": [
     [
      [
       85.14738231897354,
       27.922554213800723
      ],
      [
       85.14735281467438,
       27.922480745328926
      ],
      [
       85.14730989933014,
       27.9224925950858
      ],
      [
       85.1473394036293,
       27.922568433499166
      ],
      [
       85.14738231897354,
       27.922554213800723
      ]
     ]
    ]
   },
   "properties": {
    "id": "overture:bb5d2d83-027d-4e4c-ade6-00f6120d5335",
    "status": "possible",
    "source": "overture",
    "src_id": "bb5d2d83-027d-4e4c-ade6-00f6120d5335",
    "name": "",
    "note": "",
    "created_at": "2026-09-06T18:59:15.912Z"
   }
  },
  {
   "type": "Feature",
   "id": "overture:17a3f070-70fc-4576-b1ef-2c572916da92",
   "geometry": {
    "type": "Polygon",
    "coordinates": [
     [
      [
       85.14740109443665,
       27.922653751650614
      ],
      [
       85.14735549688339,
       27.92257554334769
      ],
      [
       85.14731526374817,
       27.922594502941465
      ],
      [
       85.14736086130142,
       27.922672711230675
      ],
      [
       85.14740109443665,
       27.922653751650614
      ]
     ]
    ]
   },
   "properties": {
    "id": "overture:17a3f070-70fc-4576-b1ef-2c572916da92",
    "status": "possible",
    "source": "overture",
    "src_id": "17a3f070-70fc-4576-b1ef-2c572916da92",
    "name": "",
    "note": "",
    "created_at": "2026-09-06T18:59:15.912Z"
   }
  },
  {
   "type": "Feature",
   "id": "overture:0207981b-eccc-439e-9871-8605176b902e",
   "geometry": {
    "type": "Polygon",
    "coordinates": [
     [
      [
       85.14745742082596,
       27.922649011755055
      ],
      [
       85.14738768339157,
       27.922672711230675
      ],
      [
       85.14741450548172,
       27.922734329842925
      ],
      [
       85.14748156070709,
       27.922713000327278
      ],
      [
       85.14745742082596,
       27.922649011755055
      ]
     ]
    ]
   },
   "properties": {
    "id": "overture:0207981b-eccc-439e-9871-8605176b902e",
    "status": "possible",
    "source": "overture",
    "src_id": "0207981b-eccc-439e-9871-8605176b902e",
    "name": "",
    "note": "",
    "created_at": "2026-09-06T18:59:15.912Z"
   }
  },
  {
   "type": "Feature",
   "id": "overture:577f898b-bc6d-4baa-96b8-7c125b7a1078",
   "geometry": {
    "type": "Polygon",
    "coordinates": [
     [
      [
       85.14739841222763,
       27.922736699788842
      ],
      [
       85.1473742723465,
       27.922679821072336
      ],
      [
       85.14730989933014,
       27.92270115059452
      ],
      [
       85.14733403921127,
       27.922758029299814
      ],
      [
       85.14739841222763,
       27.922736699788842
      ]
     ]
    ]
   },
   "properties": {
    "id": "overture:577f898b-bc6d-4baa-96b8-7c125b7a1078",
    "status": "possible",
    "source": "overture",
    "src_id": "577f898b-bc6d-4baa-96b8-7c125b7a1078",
    "name": "",
    "note": "",
    "created_at": "2026-09-06T18:59:15.912Z"
   }
  },
  {
   "type": "Feature",
   "id": "overture:747b9b33-1199-4e08-bede-ae113eef64e6",
   "geometry": {
    "type": "Polygon",
    "coordinates": [
     [
      [
       85.14741450548172,
       27.92281490797515
      ],
      [
       85.14732867479324,
       27.92284097735805
      ],
      [
       85.14736086130142,
       27.922919185468942
      ],
      [
       85.14744400978088,
       27.922893116104916
      ],
      [
       85.14741450548172,
       27.92281490797515
      ]
     ]
    ]
   },
   "properties": {
    "id": "overture:747b9b33-1199-4e08-bede-ae113eef64e6",
    "status": "possible",
    "source": "overture",
    "src_id": "747b9b33-1199-4e08-bede-ae113eef64e6",
    "name": "",
    "note": "",
    "created_at": "2026-09-06T18:59:15.912Z"
   }
  },
  {
   "type": "Feature",
   "id": "overture:49b9bfd4-ff81-487d-b632-747b251d58b4",
   "geometry": {
    "type": "Polygon",
    "coordinates": [
     [
      [
       85.14745205640793,
       27.922997393523247
      ],
      [
       85.14748692512512,
       27.92297606405951
      ],
      [
       85.14744132757187,
       27.922914445585036
      ],
      [
       85.14740645885468,
       27.922938145002433
      ],
      [
       85.14745205640793,
       27.922997393523247
      ]
     ]
    ]
   },
   "properties": {
    "id": "overture:49b9bfd4-ff81-487d-b632-747b251d58b4",
    "status": "possible",
    "source": "overture",
    "src_id": "49b9bfd4-ff81-487d-b632-747b251d58b4",
    "name": "",
    "note": "",
    "created_at": "2026-09-06T18:59:15.912Z"
   }
  },
  {
   "type": "Feature",
   "id": "overture:36ce118f-a192-4887-b862-adee8f9cab30",
   "geometry": {
    "type": "Polygon",
    "coordinates": [
     [
      [
       85.14754593372345,
       27.922997393523247
      ],
      [
       85.14751642942429,
       27.923016353043025
      ],
      [
       85.14754325151443,
       27.92304479231649
      ],
      [
       85.14757007360458,
       27.9230258328017
      ],
      [
       85.14754593372345,
       27.922997393523247
      ]
     ]
    ]
   },
   "properties": {
    "id": "overture:36ce118f-a192-4887-b862-adee8f9cab30",
    "status": "possible",
    "source": "overture",
    "src_id": "36ce118f-a192-4887-b862-adee8f9cab30",
    "name": "",
    "note": "",
    "created_at": "2026-09-06T18:59:15.912Z"
   }
  },
  {
   "type": "Feature",
   "id": "overture:12042173-63f3-4d0d-8987-dc205c234382",
   "geometry": {
    "type": "Polygon",
    "coordinates": [
     [
      [
       85.1475539803505,
       27.923054272072676
      ],
      [
       85.14752179384232,
       27.92306849170535
      ],
      [
       85.14754861593246,
       27.92311826040499
      ],
      [
       85.14758348464966,
       27.923104040778867
      ],
      [
       85.1475539803505,
       27.923054272072676
      ]
     ]
    ]
   },
   "properties": {
    "id": "overture:12042173-63f3-4d0d-8987-dc205c234382",
    "status": "possible",
    "source": "overture",
    "src_id": "12042173-63f3-4d0d-8987-dc205c234382",
    "name": "",
    "note": "",
    "created_at": "2026-09-06T18:59:15.912Z"
   }
  },
  {
   "type": "Feature",
   "id": "overture:49071ce9-d0d1-4e7b-84cc-9bc8c143bee2",
   "geometry": {
    "type": "Polygon",
    "coordinates": [
     [
      [
       85.14763981103897,
       27.92308745121268
      ],
      [
       85.14760762453079,
       27.923028202741236
      ],
      [
       85.1475727558136,
       27.923042422377335
      ],
      [
       85.14759957790375,
       27.923092191088983
      ],
      [
       85.14760494232178,
       27.92310167084098
      ],
      [
       85.14763981103897,
       27.92308745121268
      ]
     ]
    ]
   },
   "properties": {
    "id": "overture:49071ce9-d0d1-4e7b-84cc-9bc8c143bee2",
    "status": "possible",
    "source": "overture",
    "src_id": "49071ce9-d0d1-4e7b-84cc-9bc8c143bee2",
    "name": "",
    "note": "",
    "created_at": "2026-09-06T18:59:15.912Z"
   }
  },
  {
   "type": "Feature",
   "id": "overture:61107b6b-fc05-4169-b793-94eaa0e5798a",
   "geometry": {
    "type": "Polygon",
    "coordinates": [
     [
      [
       85.14765322208405,
       27.923357623830825
      ],
      [
       85.14768540859222,
       27.92333866437089
      ],
      [
       85.14762371778488,
       27.9232557166945
      ],
      [
       85.14758884906769,
       27.923274676169015
      ],
      [
       85.14765322208405,
       27.923357623830825
      ]
     ]
    ]
   },
   "properties": {
    "id": "overture:61107b6b-fc05-4169-b793-94eaa0e5798a",
    "status": "possible",
    "source": "overture",
    "src_id": "61107b6b-fc05-4169-b793-94eaa0e5798a",
    "name": "",
    "note": "",
    "created_at": "2026-09-06T18:59:15.912Z"
   }
  },
  {
   "type": "Feature",
   "id": "overture:bc285f5d-b4bd-4f5d-b6ea-3d675a47dd11",
   "geometry": {
    "type": "Polygon",
    "coordinates": [
     [
      [
       85.14775782823563,
       27.92344294135944
      ],
      [
       85.14783293008804,
       27.923402652534875
      ],
      [
       85.14777660369873,
       27.923322074840684
      ],
      [
       85.14770150184631,
       27.92336236369529
      ],
      [
       85.14775782823563,
       27.92344294135944
      ]
     ]
    ]
   },
   "properties": {
    "id": "overture:bc285f5d-b4bd-4f5d-b6ea-3d675a47dd11",
    "status": "possible",
    "source": "overture",
    "src_id": "bc285f5d-b4bd-4f5d-b6ea-3d675a47dd11",
    "name": "",
    "note": "",
    "created_at": "2026-09-06T18:59:15.912Z"
   }
  },
  {
   "type": "Feature",
   "id": "overture:59eb5c5d-9194-4f95-a418-595989c8dc3c",
   "geometry": {
    "type": "Polygon",
    "coordinates": [
     [
      [
       85.1480233669281,
       27.92358276716351
      ],
      [
       85.14794558286667,
       27.923492709886716
      ],
      [
       85.14788925647736,
       27.923530628749234
      ],
      [
       85.1479697227478,
       27.923620685994464
      ],
      [
       85.1480233669281,
       27.92358276716351
      ]
     ]
    ]
   },
   "properties": {
    "id": "overture:59eb5c5d-9194-4f95-a418-595989c8dc3c",
    "status": "possible",
    "source": "overture",
    "src_id": "59eb5c5d-9194-4f95-a418-595989c8dc3c",
    "name": "",
    "note": "",
    "created_at": "2026-09-06T18:59:15.912Z"
   }
  },
  {
   "type": "Feature",
   "id": "overture:76fce3e3-0928-43d2-9071-01c6fdc58e43",
   "geometry": {
    "type": "Polygon",
    "coordinates": [
     [
      [
       85.1479697227478,
       27.92374866195071
      ],
      [
       85.14803409576416,
       27.923708373240075
      ],
      [
       85.14796704053879,
       27.92362305592097
      ],
      [
       85.14790266752243,
       27.92366334466338
      ],
      [
       85.1479697227478,
       27.92374866195071
      ]
     ]
    ]
   },
   "properties": {
    "id": "overture:76fce3e3-0928-43d2-9071-01c6fdc58e43",
    "status": "possible",
    "source": "overture",
    "src_id": "76fce3e3-0928-43d2-9071-01c6fdc58e43",
    "name": "",
    "note": "",
    "created_at": "2026-09-06T18:59:15.912Z"
   }
  },
  {
   "type": "Feature",
   "id": "overture:b6cbab84-ff12-4a1d-bba8-0f806bc1c7c3",
   "geometry": {
    "type": "Polygon",
    "coordinates": [
     [
      [
       85.14808237552643,
       27.923400282603552
      ],
      [
       85.14800995588303,
       27.923445311289825
      ],
      [
       85.14807164669037,
       27.923521149034855
      ],
      [
       85.14814406633377,
       27.923476120380172
      ],
      [
       85.14808237552643,
       27.923400282603552
      ]
     ]
    ]
   },
   "properties": {
    "id": "overture:b6cbab84-ff12-4a1d-bba8-0f806bc1c7c3",
    "status": "possible",
    "source": "overture",
    "src_id": "b6cbab84-ff12-4a1d-bba8-0f806bc1c7c3",
    "name": "",
    "note": "",
    "created_at": "2026-09-06T18:59:15.912Z"
   }
  },
  {
   "type": "Feature",
   "id": "overture:97d01242-1f6c-4f01-b46a-1a5c0d3a47ed",
   "geometry": {
    "type": "Polygon",
    "coordinates": [
     [
      [
       85.1480957865715,
       27.923855308465207
      ],
      [
       85.1480582356453,
       27.92379369049189
      ],
      [
       85.14798581600189,
       27.923829239326935
      ],
      [
       85.1480233669281,
       27.92389085728
      ],
      [
       85.1480957865715,
       27.923855308465207
      ]
     ]
    ]
   },
   "properties": {
    "id": "overture:97d01242-1f6c-4f01-b46a-1a5c0d3a47ed",
    "status": "possible",
    "source": "overture",
    "src_id": "97d01242-1f6c-4f01-b46a-1a5c0d3a47ed",
    "name": "",
    "note": "",
    "created_at": "2026-09-06T18:59:15.912Z"
   }
  },
  {
   "type": "Feature",
   "id": "overture:38d35509-8dae-4cf5-a25f-2b9ffd03bbdb",
   "geometry": {
    "type": "Polygon",
    "coordinates": [
     [
      [
       85.14819502830505,
       27.9237036333908
      ],
      [
       85.14812260866165,
       27.92373207248346
      ],
      [
       85.14815479516983,
       27.92379369049189
      ],
      [
       85.14820039272308,
       27.923777101031533
      ],
      [
       85.148184299469,
       27.923746292026976
      ],
      [
       85.14821112155914,
       27.923736812331512
      ],
      [
       85.14819502830505,
       27.9237036333908
      ]
     ]
    ]
   },
   "properties": {
    "id": "overture:38d35509-8dae-4cf5-a25f-2b9ffd03bbdb",
    "status": "possible",
    "source": "overture",
    "src_id": "38d35509-8dae-4cf5-a25f-2b9ffd03bbdb",
    "name": "",
    "note": "",
    "created_at": "2026-09-06T18:59:15.912Z"
   }
  },
  {
   "type": "Feature",
   "id": "overture:2e8b24e2-44a2-4524-9c89-7639530ac39e",
   "geometry": {
    "type": "Polygon",
    "coordinates": [
     [
      [
       85.14824330806732,
       27.92421316600054
      ],
      [
       85.14819234609604,
       27.924120739333375
      ],
      [
       85.14812797307968,
       27.924149178316284
      ],
      [
       85.14817893505096,
       27.92424160495915
      ],
      [
       85.14824330806732,
       27.92421316600054
      ]
     ]
    ]
   },
   "properties": {
    "id": "overture:2e8b24e2-44a2-4524-9c89-7639530ac39e",
    "status": "possible",
    "source": "overture",
    "src_id": "2e8b24e2-44a2-4524-9c89-7639530ac39e",
    "name": "",
    "note": "",
    "created_at": "2026-09-06T18:59:15.912Z"
   }
  },
  {
   "type": "Feature",
   "id": "overture:b7154983-c7b7-4d7a-a177-eaef3ace8c51",
   "geometry": {
    "type": "Polygon",
    "coordinates": [
     [
      [
       85.1482406258583,
       27.924293743030518
      ],
      [
       85.14817088842392,
       27.924310332411594
      ],
      [
       85.14817893505096,
       27.92434114125541
      ],
      [
       85.14825135469437,
       27.924322181967938
      ],
      [
       85.1482406258583,
       27.924293743030518
      ]
     ]
    ]
   },
   "properties": {
    "id": "overture:b7154983-c7b7-4d7a-a177-eaef3ace8c51",
    "status": "possible",
    "source": "overture",
    "src_id": "b7154983-c7b7-4d7a-a177-eaef3ace8c51",
    "name": "",
    "note": "",
    "created_at": "2026-09-06T18:59:15.912Z"
   }
  },
  {
   "type": "Feature",
   "id": "overture:10e7d646-011a-4326-aab4-8d5cedbe8081",
   "geometry": {
    "type": "Polygon",
    "coordinates": [
     [
      [
       85.14818966388702,
       27.924343511166086
      ],
      [
       85.14821648597717,
       27.9244264580078
      ],
      [
       85.14826208353043,
       27.92441697837198
      ],
      [
       85.14823526144028,
       27.924331661612086
      ],
      [
       85.14818966388702,
       27.924343511166086
      ]
     ]
    ]
   },
   "properties": {
    "id": "overture:10e7d646-011a-4326-aab4-8d5cedbe8081",
    "status": "possible",
    "source": "overture",
    "src_id": "10e7d646-011a-4326-aab4-8d5cedbe8081",
    "name": "",
    "note": "",
    "created_at": "2026-09-06T18:59:15.912Z"
   }
  },
  {
   "type": "Feature",
   "id": "overture:1a94f6e9-cea5-44d3-a80e-6136af9c20af",
   "geometry": {
    "type": "Polygon",
    "coordinates": [
     [
      [
       85.14819502830505,
       27.924635009785774
      ],
      [
       85.14808237552643,
       27.924672928247645
      ],
      [
       85.14810919761658,
       27.924736915621864
      ],
      [
       85.14822453260422,
       27.92469662727956
      ],
      [
       85.14819502830505,
       27.924635009785774
      ]
     ]
    ]
   },
   "properties": {
    "id": "overture:1a94f6e9-cea5-44d3-a80e-6136af9c20af",
    "status": "possible",
    "source": "overture",
    "src_id": "1a94f6e9-cea5-44d3-a80e-6136af9c20af",
    "name": "",
    "note": "",
    "created_at": "2026-09-06T18:59:15.912Z"
   }
  },
  {
   "type": "Feature",
   "id": "overture:8a5fe8ed-08da-4a2a-be6b-b6f90b6ee67c",
   "geometry": {
    "type": "Polygon",
    "coordinates": [
     [
      [
       85.14822989702225,
       27.92445726681852
      ],
      [
       85.148184299469,
       27.924395649188327
      ],
      [
       85.14808505773544,
       27.924452527002074
      ],
      [
       85.14813333749771,
       27.924514144599854
      ],
      [
       85.14822989702225,
       27.92445726681852
      ]
     ]
    ]
   },
   "properties": {
    "id": "overture:8a5fe8ed-08da-4a2a-be6b-b6f90b6ee67c",
    "status": "possible",
    "source": "overture",
    "src_id": "8a5fe8ed-08da-4a2a-be6b-b6f90b6ee67c",
    "name": "",
    "note": "",
    "created_at": "2026-09-06T18:59:15.912Z"
   }
  },
  {
   "type": "Feature",
   "id": "overture:7c171b9c-770b-4127-9556-36a528c46b75",
   "geometry": {
    "type": "Polygon",
    "coordinates": [
     [
      [
       85.1481494307518,
       27.923950105278635
      ],
      [
       85.14811187982559,
       27.92389322720055
      ],
      [
       85.14803946018219,
       27.92392877600288
      ],
      [
       85.1480770111084,
       27.923988023980755
      ],
      [
       85.1481494307518,
       27.923950105278635
      ]
     ]
    ]
   },
   "properties": {
    "id": "overture:7c171b9c-770b-4127-9556-36a528c46b75",
    "status": "possible",
    "source": "overture",
    "src_id": "7c171b9c-770b-4127-9556-36a528c46b75",
    "name": "",
    "note": "",
    "created_at": "2026-09-06T18:59:15.912Z"
   }
  },
  {
   "type": "Feature",
   "id": "overture:c462bfc5-b6af-4f69-822c-726b62ce7a48",
   "geometry": {
    "type": "Polygon",
    "coordinates": [
     [
      [
       85.14811187982559,
       27.92397617438776
      ],
      [
       85.14812797307968,
       27.92400935324484
      ],
      [
       85.14815479516983,
       27.923999873572427
      ],
      [
       85.14813870191574,
       27.923966694712448
      ],
      [
       85.14811187982559,
       27.92397617438776
      ]
     ]
    ]
   },
   "properties": {
    "id": "overture:c462bfc5-b6af-4f69-822c-726b62ce7a48",
    "status": "possible",
    "source": "overture",
    "src_id": "c462bfc5-b6af-4f69-822c-726b62ce7a48",
    "name": "",
    "note": "",
    "created_at": "2026-09-06T18:59:15.912Z"
   }
  },
  {
   "type": "Feature",
   "id": "overture:60fb0696-ca47-4a47-bb96-7125647f9691",
   "geometry": {
    "type": "Polygon",
    "coordinates": [
     [
      [
       85.14845788478851,
       27.92237646741225
      ],
      [
       85.14839619398117,
       27.922248489831603
      ],
      [
       85.14832377433777,
       27.922276929307074
      ],
      [
       85.14838546514511,
       27.92240253690086
      ],
      [
       85.14845788478851,
       27.92237646741225
      ]
     ]
    ]
   },
   "properties": {
    "id": "overture:60fb0696-ca47-4a47-bb96-7125647f9691",
    "status": "damaged",
    "source": "overture",
    "src_id": "60fb0696-ca47-4a47-bb96-7125647f9691",
    "name": "",
    "note": "",
    "created_at": "2026-09-07T09:34:35.813Z"
   }
  },
  {
   "type": "Feature",
   "id": "overture:78a7b1ab-2567-4608-85ca-6003f56733c4",
   "geometry": {
    "type": "Polygon",
    "coordinates": [
     [
      [
       85.14819234609604,
       27.92247600542578
      ],
      [
       85.14812797307968,
       27.92249022513454
      ],
      [
       85.14815211296082,
       27.922566063549553
      ],
      [
       85.14821380376816,
       27.922549473900816
      ],
      [
       85.14819234609604,
       27.92247600542578
      ]
     ]
    ]
   },
   "properties": {
    "id": "overture:78a7b1ab-2567-4608-85ca-6003f56733c4",
    "status": "damaged",
    "source": "overture",
    "src_id": "78a7b1ab-2567-4608-85ca-6003f56733c4",
    "name": "",
    "note": "",
    "created_at": "2026-09-07T09:34:35.813Z"
   }
  },
  {
   "type": "Feature",
   "id": "overture:e2afe1d4-58b3-4c07-9dde-e5225bc4febd",
   "geometry": {
    "type": "Polygon",
    "coordinates": [
     [
      [
       85.14828085899353,
       27.92236224768854
      ],
      [
       85.14822989702225,
       27.922305368775028
      ],
      [
       85.14815747737885,
       27.9223527678717
      ],
      [
       85.14820843935013,
       27.922412016713324
      ],
      [
       85.14828085899353,
       27.92236224768854
      ]
     ]
    ]
   },
   "properties": {
    "id": "overture:e2afe1d4-58b3-4c07-9dde-e5225bc4febd",
    "status": "destroyed",
    "source": "overture",
    "src_id": "e2afe1d4-58b3-4c07-9dde-e5225bc4febd",
    "name": "",
    "note": "",
    "created_at": "2026-09-07T09:34:50.348Z"
   }
  },
  {
   "type": "Feature",
   "id": "overture:5e15d13b-5653-427a-a6fb-8a195fdafe12",
   "geometry": {
    "type": "Polygon",
    "coordinates": [
     [
      [
       85.1481494307518,
       27.922345658008524
      ],
      [
       85.14809846878052,
       27.922295888953215
      ],
      [
       85.14803141355515,
       27.9223527678717
      ],
      [
       85.14808237552643,
       27.92240253690086
      ],
      [
       85.1481494307518,
       27.922345658008524
      ]
     ]
    ]
   },
   "properties": {
    "id": "overture:5e15d13b-5653-427a-a6fb-8a195fdafe12",
    "status": "destroyed",
    "source": "overture",
    "src_id": "5e15d13b-5653-427a-a6fb-8a195fdafe12",
    "name": "",
    "note": "",
    "created_at": "2026-09-07T09:34:50.348Z"
   }
  },
  {
   "type": "Feature",
   "id": "overture:d3aa2eb9-d4cc-45de-83df-ee200c6307f9",
   "geometry": {
    "type": "Polygon",
    "coordinates": [
     [
      [
       85.14795631170273,
       27.922291149041982
      ],
      [
       85.14797776937485,
       27.922355137826003
      ],
      [
       85.14802068471909,
       27.922343288054023
      ],
      [
       85.14799654483795,
       27.922279299263025
      ],
      [
       85.14795631170273,
       27.922291149041982
      ]
     ]
    ]
   },
   "properties": {
    "id": "overture:d3aa2eb9-d4cc-45de-83df-ee200c6307f9",
    "status": "destroyed",
    "source": "overture",
    "src_id": "d3aa2eb9-d4cc-45de-83df-ee200c6307f9",
    "name": "",
    "note": "",
    "created_at": "2026-09-07T09:34:50.348Z"
   }
  },
  {
   "type": "Feature",
   "id": "overture:d13e5d3c-df30-497a-a0d6-a133848bdb0f",
   "geometry": {
    "type": "Polygon",
    "coordinates": [
     [
      [
       85.1481306552887,
       27.92240253690086
      ],
      [
       85.14812260866165,
       27.92245467585917
      ],
      [
       85.14815479516983,
       27.92245704581123
      ],
      [
       85.14816284179688,
       27.922407276807178
      ],
      [
       85.1481306552887,
       27.92240253690086
      ]
     ]
    ]
   },
   "properties": {
    "id": "overture:d13e5d3c-df30-497a-a0d6-a133848bdb0f",
    "status": "destroyed",
    "source": "overture",
    "src_id": "d13e5d3c-df30-497a-a0d6-a133848bdb0f",
    "name": "",
    "note": "",
    "created_at": "2026-09-07T09:34:50.348Z"
   }
  },
  {
   "type": "Feature",
   "id": "overture:87ce20d2-dcae-4d41-857c-47ebe5bc4e9e",
   "geometry": {
    "type": "Polygon",
    "coordinates": [
     [
      [
       85.14828085899353,
       27.922530514299126
      ],
      [
       85.14825135469437,
       27.92245467585917
      ],
      [
       85.14819771051407,
       27.922471265522475
      ],
      [
       85.14822721481323,
       27.92254710395079
      ],
      [
       85.14828085899353,
       27.922530514299126
      ]
     ]
    ]
   },
   "properties": {
    "id": "overture:87ce20d2-dcae-4d41-857c-47ebe5bc4e9e",
    "status": "destroyed",
    "source": "overture",
    "src_id": "87ce20d2-dcae-4d41-857c-47ebe5bc4e9e",
    "name": "",
    "note": "",
    "created_at": "2026-09-07T09:34:50.348Z"
   }
  },
  {
   "type": "Feature",
   "id": "overture:2edc4ad0-97d4-4480-b61a-bba257f2c4d7",
   "geometry": {
    "type": "Polygon",
    "coordinates": [
     [
      [
       85.14832377433777,
       27.922428606383164
      ],
      [
       85.14825940132141,
       27.922449935954916
      ],
      [
       85.14829158782959,
       27.92253525419987
      ],
      [
       85.14835864305496,
       27.92251392464493
      ],
      [
       85.14832377433777,
       27.922428606383164
      ]
     ]
    ]
   },
   "properties": {
    "id": "overture:2edc4ad0-97d4-4480-b61a-bba257f2c4d7",
    "status": "destroyed",
    "source": "overture",
    "src_id": "2edc4ad0-97d4-4480-b61a-bba257f2c4d7",
    "name": "",
    "note": "",
    "created_at": "2026-09-07T09:34:50.348Z"
   }
  },
  {
   "type": "Feature",
   "id": "overture:c1a4c789-de63-4769-8745-67550c682765",
   "geometry": {
    "type": "Polygon",
    "coordinates": [
     [
      [
       85.14837205410004,
       27.92242149652496
      ],
      [
       85.1483291387558,
       27.922433346288358
      ],
      [
       85.14836132526398,
       27.92251392464493
      ],
      [
       85.14840424060822,
       27.922502074890403
      ],
      [
       85.14837205410004,
       27.92242149652496
      ]
     ]
    ]
   },
   "properties": {
    "id": "overture:c1a4c789-de63-4769-8745-67550c682765",
    "status": "destroyed",
    "source": "overture",
    "src_id": "c1a4c789-de63-4769-8745-67550c682765",
    "name": "",
    "note": "",
    "created_at": "2026-09-07T09:34:50.348Z"
   }
  },
  {
   "type": "Feature",
   "id": "overture:9e6f12d2-636f-43d6-a611-3c0f7d409f39",
   "geometry": {
    "type": "Polygon",
    "coordinates": [
     [
      [
       85.14836132526398,
       27.92266086149351
      ],
      [
       85.14833986759186,
       27.92258265319576
      ],
      [
       85.1482567191124,
       27.922599242839382
      ],
      [
       85.1482754945755,
       27.922677451125168
      ],
      [
       85.14836132526398,
       27.92266086149351
      ]
     ]
    ]
   },
   "properties": {
    "id": "overture:9e6f12d2-636f-43d6-a611-3c0f7d409f39",
    "status": "destroyed",
    "source": "overture",
    "src_id": "9e6f12d2-636f-43d6-a611-3c0f7d409f39",
    "name": "",
    "note": "",
    "created_at": "2026-09-07T09:34:50.348Z"
   }
  },
  {
   "type": "Feature",
   "id": "overture:c024c24c-7242-45ee-b59e-f6b6b958ba31",
   "geometry": {
    "type": "Polygon",
    "coordinates": [
     [
      [
       85.1482406258583,
       27.922615832480503
      ],
      [
       85.14817893505096,
       27.922627682222597
      ],
      [
       85.14819771051407,
       27.922705890487777
      ],
      [
       85.14825940132141,
       27.922691670807396
      ],
      [
       85.1482406258583,
       27.922615832480503
      ]
     ]
    ]
   },
   "properties": {
    "id": "overture:c024c24c-7242-45ee-b59e-f6b6b958ba31",
    "status": "destroyed",
    "source": "overture",
    "src_id": "c024c24c-7242-45ee-b59e-f6b6b958ba31",
    "name": "",
    "note": "",
    "created_at": "2026-09-07T09:34:50.348Z"
   }
  },
  {
   "type": "Feature",
   "id": "overture:d26af7be-1ae8-4356-bc7d-70171648fc22",
   "geometry": {
    "type": "Polygon",
    "coordinates": [
     [
      [
       85.14842838048935,
       27.922651381702863
      ],
      [
       85.14840692281723,
       27.922568433499166
      ],
      [
       85.1483479142189,
       27.922580283246447
      ],
      [
       85.14836937189102,
       27.922663231441035
      ],
      [
       85.14842838048935,
       27.922651381702863
      ]
     ]
    ]
   },
   "properties": {
    "id": "overture:d26af7be-1ae8-4356-bc7d-70171648fc22",
    "status": "destroyed",
    "source": "overture",
    "src_id": "d26af7be-1ae8-4356-bc7d-70171648fc22",
    "name": "",
    "note": "",
    "created_at": "2026-09-07T09:34:50.348Z"
   }
  },
  {
   "type": "Feature",
   "id": "overture:5e207547-3d99-4cb8-9b97-8778659440da",
   "geometry": {
    "type": "Polygon",
    "coordinates": [
     [
      [
       85.14811187982559,
       27.923374213355558
      ],
      [
       85.14817088842392,
       27.923450051150468
      ],
      [
       85.14828622341156,
       27.9233789532193
      ],
      [
       85.14822453260422,
       27.923303115374523
      ],
      [
       85.14811187982559,
       27.923374213355558
      ]
     ]
    ]
   },
   "properties": {
    "id": "overture:5e207547-3d99-4cb8-9b97-8778659440da",
    "status": "damaged",
    "source": "overture",
    "src_id": "5e207547-3d99-4cb8-9b97-8778659440da",
    "name": "",
    "note": "",
    "created_at": "2026-09-07T09:35:18.136Z"
   }
  },
  {
   "type": "Feature",
   "id": "overture:ab309165-9f13-48de-80f8-b8912dd7753c",
   "geometry": {
    "type": "Polygon",
    "coordinates": [
     [
      [
       85.14846056699753,
       27.923208317993726
      ],
      [
       85.148366689682,
       27.92325808662899
      ],
      [
       85.14843910932541,
       27.923364733627437
      ],
      [
       85.14853298664093,
       27.92331496504127
      ],
      [
       85.14846056699753,
       27.923208317993726
      ]
     ]
    ]
   },
   "properties": {
    "id": "overture:ab309165-9f13-48de-80f8-b8912dd7753c",
    "status": "damaged",
    "source": "overture",
    "src_id": "ab309165-9f13-48de-80f8-b8912dd7753c",
    "name": "",
    "note": "",
    "created_at": "2026-09-07T09:35:18.136Z"
   }
  },
  {
   "type": "Feature",
   "id": "overture:ae272d61-2c8b-4664-a225-592442c61853",
   "geometry": {
    "type": "Polygon",
    "coordinates": [
     [
      [
       85.14865100383759,
       27.92338843294614
      ],
      [
       85.14861613512039,
       27.92340739239738
      ],
      [
       85.1485812664032,
       27.923367103559542
      ],
      [
       85.1484552025795,
       27.92342635184525
      ],
      [
       85.14854103326797,
       27.923530628749234
      ],
      [
       85.14869123697281,
       27.923452421080682
      ],
      [
       85.14865100383759,
       27.92338843294614
      ]
     ]
    ]
   },
   "properties": {
    "id": "overture:ae272d61-2c8b-4664-a225-592442c61853",
    "status": "damaged",
    "source": "overture",
    "src_id": "ae272d61-2c8b-4664-a225-592442c61853",
    "name": "",
    "note": "",
    "created_at": "2026-09-07T09:35:18.136Z"
   }
  },
  {
   "type": "Feature",
   "id": "overture:f4bea572-9c41-4d51-a9b3-0f77280ec1f1",
   "geometry": {
    "type": "Polygon",
    "coordinates": [
     [
      [
       85.1487797498703,
       27.92362779577377
      ],
      [
       85.14874219894409,
       27.923568547598464
      ],
      [
       85.14871269464493,
       27.923521149034855
      ],
      [
       85.14852494001389,
       27.92360883636121
      ],
      [
       85.14859199523926,
       27.923717852938054
      ],
      [
       85.1487797498703,
       27.92362779577377
      ]
     ]
    ]
   },
   "properties": {
    "id": "overture:f4bea572-9c41-4d51-a9b3-0f77280ec1f1",
    "status": "damaged",
    "source": "overture",
    "src_id": "f4bea572-9c41-4d51-a9b3-0f77280ec1f1",
    "name": "",
    "note": "",
    "created_at": "2026-09-07T09:35:18.136Z"
   }
  },
  {
   "type": "Feature",
   "id": "overture:2aa1ceb0-b308-4f7f-9225-d04636206715",
   "geometry": {
    "type": "Polygon",
    "coordinates": [
     [
      [
       85.14875024557114,
       27.92367756421595
      ],
      [
       85.14859735965729,
       27.923746292026976
      ],
      [
       85.14861345291138,
       27.923772361185257
      ],
      [
       85.14866709709167,
       27.923867158071417
      ],
      [
       85.14881998300552,
       27.923798430337243
      ],
      [
       85.14875024557114,
       27.92367756421595
      ]
     ]
    ]
   },
   "properties": {
    "id": "overture:2aa1ceb0-b308-4f7f-9225-d04636206715",
    "status": "damaged",
    "source": "overture",
    "src_id": "2aa1ceb0-b308-4f7f-9225-d04636206715",
    "name": "",
    "note": "",
    "created_at": "2026-09-07T09:35:18.136Z"
   }
  },
  {
   "type": "Feature",
   "id": "osm:way/1553168070",
   "geometry": {
    "type": "Polygon",
    "coordinates": [
     [
      [
       85.14872074127197,
       27.92396906463135
      ],
      [
       85.14875560998917,
       27.92403542233967
      ],
      [
       85.14885753393173,
       27.923997503654192
      ],
      [
       85.14882266521454,
       27.923931145922595
      ],
      [
       85.14872074127197,
       27.92396906463135
      ]
     ]
    ]
   },
   "properties": {
    "id": "osm:way/1553168070",
    "status": "damaged",
    "source": "osm",
    "src_id": "way/1553168070",
    "name": "",
    "note": "",
    "created_at": "2026-09-07T09:35:18.136Z"
   }
  },
  {
   "type": "Feature",
   "id": "overture:173e7dd4-3359-4a97-a469-f3d80f04b8b4",
   "geometry": {
    "type": "Polygon",
    "coordinates": [
     [
      [
       85.14887899160385,
       27.924033052422217
      ],
      [
       85.14875024557114,
       27.92408519059417
      ],
      [
       85.14882266521454,
       27.924222645654254
      ],
      [
       85.14895141124725,
       27.924168137634084
      ],
      [
       85.14887899160385,
       27.924033052422217
      ]
     ]
    ]
   },
   "properties": {
    "id": "overture:173e7dd4-3359-4a97-a469-f3d80f04b8b4",
    "status": "damaged",
    "source": "overture",
    "src_id": "173e7dd4-3359-4a97-a469-f3d80f04b8b4",
    "name": "",
    "note": "",
    "created_at": "2026-09-07T09:35:18.136Z"
   }
  },
  {
   "type": "Feature",
   "id": "overture:cba38f13-7539-4843-8eb0-a8f3720c7592",
   "geometry": {
    "type": "Polygon",
    "coordinates": [
     [
      [
       85.14855176210403,
       27.924286633294997
      ],
      [
       85.14857590198517,
       27.924409868644574
      ],
      [
       85.1487448811531,
       27.92438379964001
      ],
      [
       85.14872074127197,
       27.92426056426075
      ],
      [
       85.14855176210403,
       27.924286633294997
      ]
     ]
    ]
   },
   "properties": {
    "id": "overture:cba38f13-7539-4843-8eb0-a8f3720c7592",
    "status": "damaged",
    "source": "overture",
    "src_id": "cba38f13-7539-4843-8eb0-a8f3720c7592",
    "name": "",
    "note": "",
    "created_at": "2026-09-07T09:35:18.136Z",
    "updated_at": "2026-09-07T09:36:43.236Z"
   }
  },
  {
   "type": "Feature",
   "id": "overture:bce685a1-82c4-40b9-8ca7-c5f3f2263f20",
   "geometry": {
    "type": "Polygon",
    "coordinates": [
     [
      [
       85.14884412288666,
       27.92458761168976
      ],
      [
       85.14880120754242,
       27.92447148626667
      ],
      [
       85.14862686395645,
       27.92452125432041
      ],
      [
       85.14866977930069,
       27.92463737969004
      ],
      [
       85.14884412288666,
       27.92458761168976
      ]
     ]
    ]
   },
   "properties": {
    "id": "overture:bce685a1-82c4-40b9-8ca7-c5f3f2263f20",
    "status": "damaged",
    "source": "overture",
    "src_id": "bce685a1-82c4-40b9-8ca7-c5f3f2263f20",
    "name": "",
    "note": "",
    "created_at": "2026-09-07T09:35:18.136Z"
   }
  },
  {
   "type": "Feature",
   "id": "overture:6d488878-6c21-4d1c-9165-94284a4bf540",
   "geometry": {
    "type": "Polygon",
    "coordinates": [
     [
      [
       85.14886826276779,
       27.924774834047994
      ],
      [
       85.14883071184158,
       27.92469188747357
      ],
      [
       85.14875560998917,
       27.92472032630627
      ],
      [
       85.14879316091537,
       27.924800902958225
      ],
      [
       85.14886826276779,
       27.924774834047994
      ]
     ]
    ]
   },
   "properties": {
    "id": "overture:6d488878-6c21-4d1c-9165-94284a4bf540",
    "status": "damaged",
    "source": "overture",
    "src_id": "6d488878-6c21-4d1c-9165-94284a4bf540",
    "name": "",
    "note": "",
    "created_at": "2026-09-07T09:35:18.136Z"
   }
  },
  {
   "type": "Feature",
   "id": "overture:dd2eea10-c9f2-4062-81c4-7cef9697ba03",
   "geometry": {
    "type": "Polygon",
    "coordinates": [
     [
      [
       85.14892995357513,
       27.924933617312874
      ],
      [
       85.148905813694,
       27.924855410659305
      ],
      [
       85.14884144067764,
       27.924871999954192
      ],
      [
       85.14885485172272,
       27.924907548434646
      ],
      [
       85.14886826276779,
       27.924950206595753
      ],
      [
       85.14892995357513,
       27.924933617312874
      ]
     ]
    ]
   },
   "properties": {
    "id": "overture:dd2eea10-c9f2-4062-81c4-7cef9697ba03",
    "status": "damaged",
    "source": "overture",
    "src_id": "dd2eea10-c9f2-4062-81c4-7cef9697ba03",
    "name": "",
    "note": "",
    "created_at": "2026-09-07T09:35:18.136Z"
   }
  },
  {
   "type": "Feature",
   "id": "overture:1141c84b-1d60-4615-92c3-ae12b26b491f",
   "geometry": {
    "type": "Polygon",
    "coordinates": [
     [
      [
       85.14880388975143,
       27.925054482029807
      ],
      [
       85.14897018671036,
       27.925011823909855
      ],
      [
       85.14895141124725,
       27.92494783669835
      ],
      [
       85.14878243207932,
       27.924990494843556
      ],
      [
       85.14880388975143,
       27.925054482029807
      ]
     ]
    ]
   },
   "properties": {
    "id": "overture:1141c84b-1d60-4615-92c3-ae12b26b491f",
    "status": "damaged",
    "source": "overture",
    "src_id": "1141c84b-1d60-4615-92c3-ae12b26b491f",
    "name": "",
    "note": "",
    "created_at": "2026-09-07T09:35:18.136Z"
   }
  },
  {
   "type": "Feature",
   "id": "overture:a41a2a92-3142-4244-ae75-d1d23b9629d2",
   "geometry": {
    "type": "Polygon",
    "coordinates": [
     [
      [
       85.14920622110367,
       27.924862520357422
      ],
      [
       85.14909625053406,
       27.92489569894245
      ],
      [
       85.14913648366928,
       27.92500708411771
      ],
      [
       85.14924645423889,
       27.924973905566887
      ],
      [
       85.14920622110367,
       27.924862520357422
      ]
     ]
    ]
   },
   "properties": {
    "id": "overture:a41a2a92-3142-4244-ae75-d1d23b9629d2",
    "status": "damaged",
    "source": "overture",
    "src_id": "a41a2a92-3142-4244-ae75-d1d23b9629d2",
    "name": "",
    "note": "",
    "created_at": "2026-09-07T09:35:18.136Z"
   }
  },
  {
   "type": "Feature",
   "id": "overture:9d10a245-0192-4023-848c-1143922ba8a5",
   "geometry": {
    "type": "Polygon",
    "coordinates": [
     [
      [
       85.1494288444519,
       27.925419445256892
      ],
      [
       85.14925986528397,
       27.925452623670992
      ],
      [
       85.14921694993973,
       27.92523696379739
      ],
      [
       85.14919549226761,
       27.92524170357943
      ],
      [
       85.14919012784958,
       27.92521089499229
      ],
      [
       85.14912039041519,
       27.925234593906282
      ],
      [
       85.14919817447662,
       27.925530829892466
      ],
      [
       85.14944761991501,
       27.92548343218924
      ],
      [
       85.1494288444519,
       27.925419445256892
      ]
     ]
    ]
   },
   "properties": {
    "id": "overture:9d10a245-0192-4023-848c-1143922ba8a5",
    "status": "destroyed",
    "source": "overture",
    "src_id": "9d10a245-0192-4023-848c-1143922ba8a5",
    "name": "",
    "note": "",
    "created_at": "2026-09-07T09:35:36.006Z"
   }
  },
  {
   "type": "Feature",
   "id": "overture:bd94d225-56e7-4669-ad22-c9d8aa50e0cb",
   "geometry": {
    "type": "Polygon",
    "coordinates": [
     [
      [
       85.14953076839447,
       27.92571094097525
      ],
      [
       85.14938056468964,
       27.92573463977959
      ],
      [
       85.14939397573471,
       27.925810475918553
      ],
      [
       85.14954686164856,
       27.925786777130824
      ],
      [
       85.14953076839447,
       27.92571094097525
      ]
     ]
    ]
   },
   "properties": {
    "id": "overture:bd94d225-56e7-4669-ad22-c9d8aa50e0cb",
    "status": "destroyed",
    "source": "overture",
    "src_id": "bd94d225-56e7-4669-ad22-c9d8aa50e0cb",
    "name": "",
    "note": "",
    "created_at": "2026-09-07T09:35:36.006Z"
   }
  },
  {
   "type": "Feature",
   "id": "overture:c4b45f96-d50d-4eae-8255-cd2c0132c118",
   "geometry": {
    "type": "Polygon",
    "coordinates": [
     [
      [
       85.14902383089066,
       27.92338843294614
      ],
      [
       85.14891117811203,
       27.923431091706718
      ],
      [
       85.1489406824112,
       27.923490339957354
      ],
      [
       85.14905333518982,
       27.923447681220168
      ],
      [
       85.14902383089066,
       27.92338843294614
      ]
     ]
    ]
   },
   "properties": {
    "id": "overture:c4b45f96-d50d-4eae-8255-cd2c0132c118",
    "status": "destroyed",
    "source": "overture",
    "src_id": "c4b45f96-d50d-4eae-8255-cd2c0132c118",
    "name": "",
    "note": "",
    "created_at": "2026-09-07T09:35:56.865Z"
   }
  },
  {
   "type": "Feature",
   "id": "overture:78b76474-1cf7-4764-b6d2-0bb3daf58a86",
   "geometry": {
    "type": "Polygon",
    "coordinates": [
     [
      [
       85.14905869960785,
       27.923454791010855
      ],
      [
       85.14894336462021,
       27.92349744974524
      ],
      [
       85.14897286891937,
       27.92355906788741
      ],
      [
       85.14908820390701,
       27.923518779106146
      ],
      [
       85.14905869960785,
       27.923454791010855
      ]
     ]
    ]
   },
   "properties": {
    "id": "overture:78b76474-1cf7-4764-b6d2-0bb3daf58a86",
    "status": "destroyed",
    "source": "overture",
    "src_id": "78b76474-1cf7-4764-b6d2-0bb3daf58a86",
    "name": "",
    "note": "",
    "created_at": "2026-09-07T09:35:56.865Z"
   }
  },
  {
   "type": "Feature",
   "id": "overture:186c68a7-ed58-4003-8057-28416056390d",
   "geometry": {
    "type": "Polygon",
    "coordinates": [
     [
      [
       85.14912575483322,
       27.923634905552632
      ],
      [
       85.14908820390701,
       27.923573287453692
      ],
      [
       85.14900505542755,
       27.923613576214663
      ],
      [
       85.14904260635376,
       27.923675194290638
      ],
      [
       85.14912575483322,
       27.923634905552632
      ]
     ]
    ]
   },
   "properties": {
    "id": "overture:186c68a7-ed58-4003-8057-28416056390d",
    "status": "destroyed",
    "source": "overture",
    "src_id": "186c68a7-ed58-4003-8057-28416056390d",
    "name": "",
    "note": "",
    "created_at": "2026-09-07T09:35:56.865Z"
   }
  },
  {
   "type": "Feature",
   "id": "overture:278eb55c-494c-4f4d-8a84-32db5cfcd289",
   "geometry": {
    "type": "Polygon",
    "coordinates": [
     [
      [
       85.14922767877579,
       27.923907446722893
      ],
      [
       85.14920353889465,
       27.923845828779307
      ],
      [
       85.14909893274307,
       27.923879007676376
      ],
      [
       85.1491230726242,
       27.923940625601034
      ],
      [
       85.14922767877579,
       27.923907446722893
      ]
     ]
    ]
   },
   "properties": {
    "id": "overture:278eb55c-494c-4f4d-8a84-32db5cfcd289",
    "status": "destroyed",
    "source": "overture",
    "src_id": "278eb55c-494c-4f4d-8a84-32db5cfcd289",
    "name": "",
    "note": "",
    "created_at": "2026-09-07T09:35:56.865Z"
   }
  },
  {
   "type": "Feature",
   "id": "overture:3780f855-f3c8-4eeb-ae9f-30fdd58ede00",
   "geometry": {
    "type": "Polygon",
    "coordinates": [
     [
      [
       85.14933496713638,
       27.924056751594406
      ],
      [
       85.14931350946426,
       27.92400935324484
      ],
      [
       85.14914453029633,
       27.924063861345047
      ],
      [
       85.14916598796844,
       27.924111259670724
      ],
      [
       85.14933496713638,
       27.924056751594406
      ]
     ]
    ]
   },
   "properties": {
    "id": "overture:3780f855-f3c8-4eeb-ae9f-30fdd58ede00",
    "status": "destroyed",
    "source": "overture",
    "src_id": "3780f855-f3c8-4eeb-ae9f-30fdd58ede00",
    "name": "",
    "note": "",
    "created_at": "2026-09-07T09:35:56.865Z"
   }
  },
  {
   "type": "Feature",
   "id": "overture:266d8f98-689b-4555-9628-605cb991f950",
   "geometry": {
    "type": "Polygon",
    "coordinates": [
     [
      [
       85.14928132295609,
       27.92397380446903
      ],
      [
       85.14909893274307,
       27.92402831258717
      ],
      [
       85.14911234378815,
       27.924066231261804
      ],
      [
       85.14929473400116,
       27.92401409308073
      ],
      [
       85.14928132295609,
       27.92397380446903
      ]
     ]
    ]
   },
   "properties": {
    "id": "overture:266d8f98-689b-4555-9628-605cb991f950",
    "status": "destroyed",
    "source": "overture",
    "src_id": "266d8f98-689b-4555-9628-605cb991f950",
    "name": "",
    "note": "",
    "created_at": "2026-09-07T09:35:56.865Z"
   }
  },
  {
   "type": "Feature",
   "id": "overture:621e35a4-f0af-4143-b1b9-af84605c09b1",
   "geometry": {
    "type": "Polygon",
    "coordinates": [
     [
      [
       85.14942616224289,
       27.92383397917071
      ],
      [
       85.14940202236176,
       27.923758141645152
      ],
      [
       85.14932423830032,
       27.923777101031533
      ],
      [
       85.14934837818146,
       27.923852938543803
      ],
      [
       85.14942616224289,
       27.92383397917071
      ]
     ]
    ]
   },
   "properties": {
    "id": "overture:621e35a4-f0af-4143-b1b9-af84605c09b1",
    "status": "destroyed",
    "source": "overture",
    "src_id": "621e35a4-f0af-4143-b1b9-af84605c09b1",
    "name": "",
    "note": "",
    "created_at": "2026-09-07T09:35:56.865Z"
   }
  },
  {
   "type": "Feature",
   "id": "overture:520604f3-2ccd-4119-97f1-4580c65fa8ab",
   "geometry": {
    "type": "Polygon",
    "coordinates": [
     [
      [
       85.14966756105423,
       27.92347375045044
      ],
      [
       85.14970779418945,
       27.92347138052068
      ],
      [
       85.14970511198044,
       27.923431091706718
      ],
      [
       85.14966756105423,
       27.92343346163736
      ],
      [
       85.14966756105423,
       27.92347375045044
      ]
     ]
    ]
   },
   "properties": {
    "id": "overture:520604f3-2ccd-4119-97f1-4580c65fa8ab",
    "status": "destroyed",
    "source": "overture",
    "src_id": "520604f3-2ccd-4119-97f1-4580c65fa8ab",
    "name": "",
    "note": "",
    "created_at": "2026-09-07T09:35:56.865Z"
   }
  },
  {
   "type": "Feature",
   "id": "overture:ef27c0cb-f4fb-460e-885c-0e9c4b150d49",
   "geometry": {
    "type": "Polygon",
    "coordinates": [
     [
      [
       85.1489782333374,
       27.92319172844354
      ],
      [
       85.14893531799316,
       27.923115890467415
      ],
      [
       85.14883607625961,
       27.923160919272178
      ],
      [
       85.14887899160385,
       27.9232367572167
      ],
      [
       85.1489782333374,
       27.92319172844354
      ]
     ]
    ]
   },
   "properties": {
    "id": "overture:ef27c0cb-f4fb-460e-885c-0e9c4b150d49",
    "status": "destroyed",
    "source": "overture",
    "src_id": "ef27c0cb-f4fb-460e-885c-0e9c4b150d49",
    "name": "",
    "note": "",
    "created_at": "2026-09-07T09:35:56.865Z"
   }
  },
  {
   "type": "Feature",
   "id": "osm:way/1553176617",
   "geometry": {
    "type": "Polygon",
    "coordinates": [
     [
      [
       85.14878779649734,
       27.923092191088983
      ],
      [
       85.14882534742355,
       27.923144329714702
      ],
      [
       85.1489245891571,
       27.92308745121268
      ],
      [
       85.14888972043991,
       27.92303768249883
      ],
      [
       85.14878779649734,
       27.923092191088983
      ]
     ]
    ]
   },
   "properties": {
    "id": "osm:way/1553176617",
    "status": "destroyed",
    "source": "osm",
    "src_id": "way/1553176617",
    "name": "",
    "note": "",
    "created_at": "2026-09-07T09:35:56.865Z"
   }
  },
  {
   "type": "Feature",
   "id": "overture:b468d2ad-ead6-4786-a5e5-05615fb6cc14",
   "geometry": {
    "type": "Polygon",
    "coordinates": [
     [
      [
       85.14881998300552,
       27.92298554382168
      ],
      [
       85.14891654253006,
       27.922928665236114
      ],
      [
       85.14888435602188,
       27.92288600627728
      ],
      [
       85.14884680509567,
       27.922833867526975
      ],
      [
       85.14875024557114,
       27.922890746162423
      ],
      [
       85.14881998300552,
       27.92298554382168
      ]
     ]
    ]
   },
   "properties": {
    "id": "overture:b468d2ad-ead6-4786-a5e5-05615fb6cc14",
    "status": "destroyed",
    "source": "overture",
    "src_id": "b468d2ad-ead6-4786-a5e5-05615fb6cc14",
    "name": "",
    "note": "",
    "created_at": "2026-09-07T09:35:56.865Z"
   }
  },
  {
   "type": "Feature",
   "id": "overture:09169286-e13b-4ffd-aa31-33a4496347f9",
   "geometry": {
    "type": "Polygon",
    "coordinates": [
     [
      [
       85.14893531799316,
       27.922684560966516
      ],
      [
       85.1488709449768,
       27.92263005217086
      ],
      [
       85.14879316091537,
       27.922698780647835
      ],
      [
       85.14885753393173,
       27.92275328940883
      ],
      [
       85.14893531799316,
       27.922684560966516
      ]
     ]
    ]
   },
   "properties": {
    "id": "overture:09169286-e13b-4ffd-aa31-33a4496347f9",
    "status": "destroyed",
    "source": "overture",
    "src_id": "09169286-e13b-4ffd-aa31-33a4496347f9",
    "name": "",
    "note": "",
    "created_at": "2026-09-07T09:35:56.865Z"
   }
  },
  {
   "type": "Feature",
   "id": "overture:2abb2ab8-b256-48a9-b699-7586e502dc04",
   "geometry": {
    "type": "Polygon",
    "coordinates": [
     [
      [
       85.1488521695137,
       27.92263005217086
      ],
      [
       85.14879047870636,
       27.92257554334769
      ],
      [
       85.14872610569,
       27.922632422119065
      ],
      [
       85.14878779649734,
       27.922686930913528
      ],
      [
       85.1488521695137,
       27.92263005217086
      ]
     ]
    ]
   },
   "properties": {
    "id": "overture:2abb2ab8-b256-48a9-b699-7586e502dc04",
    "status": "destroyed",
    "source": "overture",
    "src_id": "2abb2ab8-b256-48a9-b699-7586e502dc04",
    "name": "",
    "note": "",
    "created_at": "2026-09-07T09:35:56.865Z"
   }
  },
  {
   "type": "Feature",
   "id": "overture:e42898f4-fecd-4026-af84-510698a9dbd7",
   "geometry": {
    "type": "Polygon",
    "coordinates": [
     [
      [
       85.14879316091537,
       27.922724850058714
      ],
      [
       85.14871805906296,
       27.922632422119065
      ],
      [
       85.14866441488266,
       27.922667971335954
      ],
      [
       85.14873951673508,
       27.922758029299814
      ],
      [
       85.14879316091537,
       27.922724850058714
      ]
     ]
    ]
   },
   "properties": {
    "id": "overture:e42898f4-fecd-4026-af84-510698a9dbd7",
    "status": "destroyed",
    "source": "overture",
    "src_id": "e42898f4-fecd-4026-af84-510698a9dbd7",
    "name": "",
    "note": "",
    "created_at": "2026-09-07T09:35:56.865Z"
   }
  },
  {
   "type": "Feature",
   "id": "overture:79d8a3cb-b3f9-44fc-98a7-f33819af1efd",
   "geometry": {
    "type": "Polygon",
    "coordinates": [
     [
      [
       85.14868050813675,
       27.922845717245153
      ],
      [
       85.14873147010803,
       27.922826757695418
      ],
      [
       85.14871001243591,
       27.922784098696383
      ],
      [
       85.14866173267365,
       27.922803058253592
      ],
      [
       85.14868050813675,
       27.922845717245153
      ]
     ]
    ]
   },
   "properties": {
    "id": "overture:79d8a3cb-b3f9-44fc-98a7-f33819af1efd",
    "status": "destroyed",
    "source": "overture",
    "src_id": "79d8a3cb-b3f9-44fc-98a7-f33819af1efd",
    "name": "",
    "note": "",
    "created_at": "2026-09-07T09:35:56.865Z"
   }
  },
  {
   "type": "Feature",
   "id": "overture:dc68dbf0-8ac0-4827-8fbd-1bea030400bc",
   "geometry": {
    "type": "Polygon",
    "coordinates": [
     [
      [
       85.14904797077179,
       27.92407808084492
      ],
      [
       85.14904260635376,
       27.924044902008973
      ],
      [
       85.14898091554642,
       27.924054381677422
      ],
      [
       85.14896482229233,
       27.92401646299861
      ],
      [
       85.14890849590302,
       27.924037792257067
      ],
      [
       85.14894604682922,
       27.924113629586444
      ],
      [
       85.14904797077179,
       27.92407808084492
      ]
     ]
    ]
   },
   "properties": {
    "id": "overture:dc68dbf0-8ac0-4827-8fbd-1bea030400bc",
    "status": "damaged",
    "source": "overture",
    "src_id": "dc68dbf0-8ac0-4827-8fbd-1bea030400bc",
    "name": "",
    "note": "",
    "created_at": "2026-09-07T09:36:29.970Z",
    "updated_at": "2026-09-07T09:37:16.193Z"
   }
  },
  {
   "type": "Feature",
   "id": "overture:7ef3ad99-72eb-45e0-9ac0-1498dbb4b065",
   "geometry": {
    "type": "Polygon",
    "coordinates": [
     [
      [
       85.14902383089066,
       27.92398328414373
      ],
      [
       85.14900773763657,
       27.923940625601034
      ],
      [
       85.14889776706696,
       27.92397380446903
      ],
      [
       85.14891386032104,
       27.92401646299861
      ],
      [
       85.14902383089066,
       27.92398328414373
      ]
     ]
    ]
   },
   "properties": {
    "id": "overture:7ef3ad99-72eb-45e0-9ac0-1498dbb4b065",
    "status": "damaged",
    "source": "overture",
    "src_id": "7ef3ad99-72eb-45e0-9ac0-1498dbb4b065",
    "name": "",
    "note": "",
    "created_at": "2026-09-07T09:36:29.970Z",
    "updated_at": "2026-09-07T09:37:16.193Z"
   }
  },
  {
   "type": "Feature",
   "id": "overture:ca08be65-7cfe-40e8-b3e2-abcb13a195ef",
   "geometry": {
    "type": "Polygon",
    "coordinates": [
     [
      [
       85.14894336462021,
       27.923668084514432
      ],
      [
       85.14886021614075,
       27.923708373240075
      ],
      [
       85.14890849590302,
       27.923786580723487
      ],
      [
       85.14899164438248,
       27.923746292026976
      ],
      [
       85.14894336462021,
       27.923668084514432
      ]
     ]
    ]
   },
   "properties": {
    "id": "overture:ca08be65-7cfe-40e8-b3e2-abcb13a195ef",
    "status": "damaged",
    "source": "overture",
    "src_id": "ca08be65-7cfe-40e8-b3e2-abcb13a195ef",
    "name": "",
    "note": "",
    "created_at": "2026-09-07T09:36:29.970Z",
    "updated_at": "2026-09-07T09:37:16.193Z"
   }
  },
  {
   "type": "Feature",
   "id": "overture:cc7f82bb-bb4a-4944-93c1-8bbfbf0e77ef",
   "geometry": {
    "type": "Polygon",
    "coordinates": [
     [
      [
       85.148905813694,
       27.923566177670793
      ],
      [
       85.1487797498703,
       27.92362542584739
      ],
      [
       85.14882266521454,
       27.92369415369157
      ],
      [
       85.14894604682922,
       27.92363253562641
      ],
      [
       85.148905813694,
       27.923566177670793
      ]
     ]
    ]
   },
   "properties": {
    "id": "overture:cc7f82bb-bb4a-4944-93c1-8bbfbf0e77ef",
    "status": "damaged",
    "source": "overture",
    "src_id": "cc7f82bb-bb4a-4944-93c1-8bbfbf0e77ef",
    "name": "",
    "note": "",
    "created_at": "2026-09-07T09:36:29.970Z",
    "updated_at": "2026-09-07T09:37:16.193Z"
   }
  },
  {
   "type": "Feature",
   "id": "overture:670fd32b-60ea-450d-8c11-560f82c2bfb7",
   "geometry": {
    "type": "Polygon",
    "coordinates": [
     [
      [
       85.14887630939484,
       27.923478490309805
      ],
      [
       85.1487448811531,
       27.923540108462788
      ],
      [
       85.14878243207932,
       27.923599356653682
      ],
      [
       85.14891117811203,
       27.923537738534478
      ],
      [
       85.14887630939484,
       27.923478490309805
      ]
     ]
    ]
   },
   "properties": {
    "id": "overture:670fd32b-60ea-450d-8c11-560f82c2bfb7",
    "status": "damaged",
    "source": "overture",
    "src_id": "670fd32b-60ea-450d-8c11-560f82c2bfb7",
    "name": "",
    "note": "",
    "created_at": "2026-09-07T09:36:29.970Z",
    "updated_at": "2026-09-07T09:37:16.193Z"
   }
  },
  {
   "type": "Feature",
   "id": "overture:77231c1e-64c7-4340-86ea-b458114269ec",
   "geometry": {
    "type": "Polygon",
    "coordinates": [
     [
      [
       85.14880657196045,
       27.923326814706726
      ],
      [
       85.14876902103424,
       27.923267566366476
      ],
      [
       85.14868050813675,
       27.92331259510803
      ],
      [
       85.14871805906296,
       27.923371843423595
      ],
      [
       85.14880657196045,
       27.923326814706726
      ]
     ]
    ]
   },
   "properties": {
    "id": "overture:77231c1e-64c7-4340-86ea-b458114269ec",
    "status": "damaged",
    "source": "overture",
    "src_id": "77231c1e-64c7-4340-86ea-b458114269ec",
    "name": "",
    "note": "",
    "created_at": "2026-09-07T09:36:29.970Z",
    "updated_at": "2026-09-07T09:37:16.193Z"
   }
  },
  {
   "type": "Feature",
   "id": "overture:b6fdf2a4-fc0a-405b-b1ee-03377b095581",
   "geometry": {
    "type": "Polygon",
    "coordinates": [
     [
      [
       85.14863759279251,
       27.923139589840673
      ],
      [
       85.14857590198517,
       27.923077971459406
      ],
      [
       85.14844715595245,
       27.92317750882708
      ],
      [
       85.14850616455078,
       27.923239127151604
      ],
      [
       85.14863759279251,
       27.923139589840673
      ]
     ]
    ]
   },
   "properties": {
    "id": "overture:b6fdf2a4-fc0a-405b-b1ee-03377b095581",
    "status": "damaged",
    "source": "overture",
    "src_id": "b6fdf2a4-fc0a-405b-b1ee-03377b095581",
    "name": "",
    "note": "",
    "created_at": "2026-09-07T09:36:29.970Z",
    "updated_at": "2026-09-07T09:37:16.193Z"
   }
  },
  {
   "type": "Feature",
   "id": "overture:e2073935-3fb5-4b0d-94d7-b4f8633b220d",
   "geometry": {
    "type": "Polygon",
    "coordinates": [
     [
      [
       85.1484203338623,
       27.923132480029253
      ],
      [
       85.14845252037048,
       27.92316565914527
      ],
      [
       85.14857858419418,
       27.923070861643936
      ],
      [
       85.148546397686,
       27.92303768249883
      ],
      [
       85.1484203338623,
       27.923132480029253
      ]
     ]
    ]
   },
   "properties": {
    "id": "overture:e2073935-3fb5-4b0d-94d7-b4f8633b220d",
    "status": "damaged",
    "source": "overture",
    "src_id": "e2073935-3fb5-4b0d-94d7-b4f8633b220d",
    "name": "",
    "note": "",
    "created_at": "2026-09-07T09:36:29.970Z",
    "updated_at": "2026-09-07T09:38:32.421Z"
   }
  },
  {
   "type": "Feature",
   "id": "overture:afdc2d2e-ce72-4602-998b-adec2bc948b7",
   "geometry": {
    "type": "Polygon",
    "coordinates": [
     [
      [
       85.1485276222229,
       27.923042422377335
      ],
      [
       85.1484364271164,
       27.922947624767957
      ],
      [
       85.14836132526398,
       27.92300450334355
      ],
      [
       85.1484552025795,
       27.923099300903075
      ],
      [
       85.1485276222229,
       27.923042422377335
      ]
     ]
    ]
   },
   "properties": {
    "id": "overture:afdc2d2e-ce72-4602-998b-adec2bc948b7",
    "status": "damaged",
    "source": "overture",
    "src_id": "afdc2d2e-ce72-4602-998b-adec2bc948b7",
    "name": "",
    "note": "",
    "created_at": "2026-09-07T09:36:29.970Z",
    "updated_at": "2026-09-07T09:38:32.421Z"
   }
  },
  {
   "type": "Feature",
   "id": "overture:1d178195-22ee-442f-ac69-ba4fdca75c65",
   "geometry": {
    "type": "Polygon",
    "coordinates": [
     [
      [
       85.14841228723526,
       27.92310167084098
      ],
      [
       85.14835596084595,
       27.92301872298279
      ],
      [
       85.14832109212875,
       27.92304005243811
      ],
      [
       85.14837473630905,
       27.923120630342495
      ],
      [
       85.14841228723526,
       27.92310167084098
      ]
     ]
    ]
   },
   "properties": {
    "id": "overture:1d178195-22ee-442f-ac69-ba4fdca75c65",
    "status": "damaged",
    "source": "overture",
    "src_id": "1d178195-22ee-442f-ac69-ba4fdca75c65",
    "name": "",
    "note": "",
    "created_at": "2026-09-07T09:36:29.970Z",
    "updated_at": "2026-09-07T09:38:32.421Z"
   }
  },
  {
   "type": "Feature",
   "id": "overture:d3555a59-c3d8-4ce3-9da0-1384035db5e0",
   "geometry": {
    "type": "Polygon",
    "coordinates": [
     [
      [
       85.14840424060822,
       27.922959474473657
      ],
      [
       85.14833986759186,
       27.92285282707543
      ],
      [
       85.14826476573944,
       27.922888376219888
      ],
      [
       85.14833182096481,
       27.92299265364278
      ],
      [
       85.14840424060822,
       27.922959474473657
      ]
     ]
    ]
   },
   "properties": {
    "id": "overture:d3555a59-c3d8-4ce3-9da0-1384035db5e0",
    "status": "damaged",
    "source": "overture",
    "src_id": "d3555a59-c3d8-4ce3-9da0-1384035db5e0",
    "name": "",
    "note": "",
    "created_at": "2026-09-07T09:36:29.970Z",
    "updated_at": "2026-09-07T09:38:32.421Z"
   }
  },
  {
   "type": "Feature",
   "id": "overture:8346a908-2fd0-4a06-b69e-2eb4e44f7fb0",
   "geometry": {
    "type": "Polygon",
    "coordinates": [
     [
      [
       85.1483291387558,
       27.92285282707543
      ],
      [
       85.14828890562057,
       27.922767509081126
      ],
      [
       85.1482218503952,
       27.922793578475407
      ],
      [
       85.14826208353043,
       27.92287652650637
      ],
      [
       85.1483291387558,
       27.92285282707543
      ]
     ]
    ]
   },
   "properties": {
    "id": "overture:8346a908-2fd0-4a06-b69e-2eb4e44f7fb0",
    "status": "damaged",
    "source": "overture",
    "src_id": "8346a908-2fd0-4a06-b69e-2eb4e44f7fb0",
    "name": "",
    "note": "",
    "created_at": "2026-09-07T09:36:29.970Z",
    "updated_at": "2026-09-07T09:38:32.421Z"
   }
  },
  {
   "type": "Feature",
   "id": "overture:59fef0f0-b5b4-4544-a565-7390be081471",
   "geometry": {
    "type": "Polygon",
    "coordinates": [
     [
      [
       85.14835059642792,
       27.922698780647835
      ],
      [
       85.14828354120255,
       27.922722480112512
      ],
      [
       85.14834523200989,
       27.92285756696205
      ],
      [
       85.14841496944427,
       27.92283149758316
      ],
      [
       85.14835059642792,
       27.922698780647835
      ]
     ]
    ]
   },
   "properties": {
    "id": "overture:59fef0f0-b5b4-4544-a565-7390be081471",
    "status": "damaged",
    "source": "overture",
    "src_id": "59fef0f0-b5b4-4544-a565-7390be081471",
    "name": "",
    "note": "",
    "created_at": "2026-09-07T09:36:29.970Z",
    "updated_at": "2026-09-07T09:37:16.193Z"
   }
  },
  {
   "type": "Feature",
   "id": "overture:aee17297-8329-4c40-9197-8d2d8a18d5a3",
   "geometry": {
    "type": "Polygon",
    "coordinates": [
     [
      [
       85.14851689338684,
       27.922786468641235
      ],
      [
       85.14846861362457,
       27.922807798142387
      ],
      [
       85.14851957559586,
       27.922900225932082
      ],
      [
       85.14857053756714,
       27.92287652650637
      ],
      [
       85.14851689338684,
       27.922786468641235
      ]
     ]
    ]
   },
   "properties": {
    "id": "overture:aee17297-8329-4c40-9197-8d2d8a18d5a3",
    "status": "damaged",
    "source": "overture",
    "src_id": "aee17297-8329-4c40-9197-8d2d8a18d5a3",
    "name": "",
    "note": "",
    "created_at": "2026-09-07T09:36:29.970Z",
    "updated_at": "2026-09-07T09:37:16.193Z"
   }
  },
  {
   "type": "Feature",
   "id": "overture:8ecc504c-af48-44a2-a3fe-5209b6d73076",
   "geometry": {
    "type": "Polygon",
    "coordinates": [
     [
      [
       85.14858931303024,
       27.922942884885302
      ],
      [
       85.148546397686,
       27.922900225932082
      ],
      [
       85.14850080013275,
       27.92293340511938
      ],
      [
       85.14854371547699,
       27.92297606405951
      ],
      [
       85.14858931303024,
       27.922942884885302
      ]
     ]
    ]
   },
   "properties": {
    "id": "overture:8ecc504c-af48-44a2-a3fe-5209b6d73076",
    "status": "damaged",
    "source": "overture",
    "src_id": "8ecc504c-af48-44a2-a3fe-5209b6d73076",
    "name": "",
    "note": "",
    "created_at": "2026-09-07T09:36:29.970Z",
    "updated_at": "2026-09-07T09:38:32.421Z"
   }
  },
  {
   "type": "Feature",
   "id": "overture:ea394209-2f2e-4b60-aa8a-c2e6342b7122",
   "geometry": {
    "type": "Polygon",
    "coordinates": [
     [
      [
       85.14866709709167,
       27.923016353043025
      ],
      [
       85.14860540628433,
       27.922954734591542
      ],
      [
       85.14857053756714,
       27.922983173881207
      ],
      [
       85.14863222837448,
       27.92304479231649
      ],
      [
       85.14866709709167,
       27.923016353043025
      ]
     ]
    ]
   },
   "properties": {
    "id": "overture:ea394209-2f2e-4b60-aa8a-c2e6342b7122",
    "status": "destroyed",
    "source": "overture",
    "src_id": "ea394209-2f2e-4b60-aa8a-c2e6342b7122",
    "name": "",
    "note": "",
    "created_at": "2026-09-07T09:36:29.970Z",
    "updated_at": "2026-09-07T09:37:43.027Z"
   }
  },
  {
   "type": "Feature",
   "id": "overture:f8596e59-398e-4a95-b5d9-366a4a003381",
   "geometry": {
    "type": "Polygon",
    "coordinates": [
     [
      [
       85.14872878789902,
       27.92306849170535
      ],
      [
       85.14867782592773,
       27.923013983103246
      ],
      [
       85.14864295721054,
       27.923042422377335
      ],
      [
       85.14869391918182,
       27.923094561027057
      ],
      [
       85.14872878789902,
       27.92306849170535
      ]
     ]
    ]
   },
   "properties": {
    "id": "overture:f8596e59-398e-4a95-b5d9-366a4a003381",
    "status": "destroyed",
    "source": "overture",
    "src_id": "f8596e59-398e-4a95-b5d9-366a4a003381",
    "name": "",
    "note": "",
    "created_at": "2026-09-07T09:36:29.970Z",
    "updated_at": "2026-09-07T09:37:43.027Z"
   }
  },
  {
   "type": "Feature",
   "id": "overture:bfe9c842-c1b1-496f-af22-d9ef30fce6fd",
   "geometry": {
    "type": "Polygon",
    "coordinates": [
     [
      [
       85.14855712652206,
       27.922895486047338
      ],
      [
       85.14859467744827,
       27.922947624767957
      ],
      [
       85.14868319034576,
       27.922900225932082
      ],
      [
       85.14864563941956,
       27.922848087188626
      ],
      [
       85.14855712652206,
       27.922895486047338
      ]
     ]
    ]
   },
   "properties": {
    "id": "overture:bfe9c842-c1b1-496f-af22-d9ef30fce6fd",
    "status": "destroyed",
    "source": "overture",
    "src_id": "bfe9c842-c1b1-496f-af22-d9ef30fce6fd",
    "name": "",
    "note": "",
    "created_at": "2026-09-07T09:36:29.970Z",
    "updated_at": "2026-09-07T09:37:43.027Z"
   }
  },
  {
   "type": "Feature",
   "id": "overture:ba33fa97-682e-4dcf-94d5-b56586a97924",
   "geometry": {
    "type": "Polygon",
    "coordinates": [
     [
      [
       85.14859735965729,
       27.922767509081126
      ],
      [
       85.14853835105896,
       27.922793578475407
      ],
      [
       85.14857590198517,
       27.922855197018762
      ],
      [
       85.14863222837448,
       27.922829127639332
      ],
      [
       85.14859735965729,
       27.922767509081126
      ]
     ]
    ]
   },
   "properties": {
    "id": "overture:ba33fa97-682e-4dcf-94d5-b56586a97924",
    "status": "destroyed",
    "source": "overture",
    "src_id": "ba33fa97-682e-4dcf-94d5-b56586a97924",
    "name": "",
    "note": "",
    "created_at": "2026-09-07T09:36:29.970Z",
    "updated_at": "2026-09-07T09:37:43.027Z"
   }
  },
  {
   "type": "Feature",
   "id": "overture:b21ea6d9-d482-4ae2-8a2b-0580e04aed5e",
   "geometry": {
    "type": "Polygon",
    "coordinates": [
     [
      [
       85.14845788478851,
       27.922803058253592
      ],
      [
       85.1485088467598,
       27.92277935880658
      ],
      [
       85.1484927535057,
       27.92275328940883
      ],
      [
       85.14844179153442,
       27.9227769888616
      ],
      [
       85.14845788478851,
       27.922803058253592
      ]
     ]
    ]
   },
   "properties": {
    "id": "overture:b21ea6d9-d482-4ae2-8a2b-0580e04aed5e",
    "status": "damaged",
    "source": "overture",
    "src_id": "b21ea6d9-d482-4ae2-8a2b-0580e04aed5e",
    "name": "",
    "note": "",
    "created_at": "2026-09-07T09:36:29.970Z",
    "updated_at": "2026-09-07T09:37:16.193Z"
   }
  },
  {
   "type": "Feature",
   "id": "overture:a1189e00-b989-494c-bad8-8069d98f4380",
   "geometry": {
    "type": "Polygon",
    "coordinates": [
     [
      [
       85.1485088467598,
       27.9237794709546
      ],
      [
       85.1484015583992,
       27.923829239326935
      ],
      [
       85.14842838048935,
       27.923876637755484
      ],
      [
       85.14846861362457,
       27.92394299552052
      ],
      [
       85.14857590198517,
       27.92389322720055
      ],
      [
       85.1485088467598,
       27.9237794709546
      ]
     ]
    ]
   },
   "properties": {
    "id": "overture:a1189e00-b989-494c-bad8-8069d98f4380",
    "status": "damaged",
    "source": "overture",
    "src_id": "a1189e00-b989-494c-bad8-8069d98f4380",
    "name": "",
    "note": "",
    "created_at": "2026-09-07T09:36:43.236Z"
   }
  },
  {
   "type": "Feature",
   "id": "overture:95f9f841-2547-4e1f-bad5-6ab40981f4e6",
   "geometry": {
    "type": "Polygon",
    "coordinates": [
     [
      [
       85.14864832162857,
       27.924120739333375
      ],
      [
       85.14851957559586,
       27.924163397804946
      ],
      [
       85.14856517314911,
       27.924267673997974
      ],
      [
       85.14869391918182,
       27.924222645654254
      ],
      [
       85.14864832162857,
       27.924120739333375
      ]
     ]
    ]
   },
   "properties": {
    "id": "overture:95f9f841-2547-4e1f-bad5-6ab40981f4e6",
    "status": "damaged",
    "source": "overture",
    "src_id": "95f9f841-2547-4e1f-bad5-6ab40981f4e6",
    "name": "",
    "note": "",
    "created_at": "2026-09-07T09:36:43.236Z"
   }
  },
  {
   "type": "Feature",
   "id": "overture:2cb9c056-ed10-4c1d-8bad-4d2eb2c9ad48",
   "geometry": {
    "type": "Polygon",
    "coordinates": [
     [
      [
       85.14860272407532,
       27.92445726681852
      ],
      [
       85.14862418174744,
       27.924509404785866
      ],
      [
       85.14877170324326,
       27.924466746450832
      ],
      [
       85.14875024557114,
       27.924412238553742
      ],
      [
       85.14860272407532,
       27.92445726681852
      ]
     ]
    ]
   },
   "properties": {
    "id": "overture:2cb9c056-ed10-4c1d-8bad-4d2eb2c9ad48",
    "status": "damaged",
    "source": "overture",
    "src_id": "2cb9c056-ed10-4c1d-8bad-4d2eb2c9ad48",
    "name": "",
    "note": "",
    "created_at": "2026-09-07T09:36:43.236Z"
   }
  },
  {
   "type": "Feature",
   "id": "osm:way/1554057545",
   "geometry": {
    "type": "Polygon",
    "coordinates": [
     [
      [
       85.14867782592773,
       27.92436484036004
      ],
      [
       85.14869391918182,
       27.924395649188327
      ],
      [
       85.1487609744072,
       27.924371950090432
      ],
      [
       85.14874756336212,
       27.92434114125541
      ],
      [
       85.14867782592773,
       27.92436484036004
      ]
     ]
    ]
   },
   "properties": {
    "id": "osm:way/1554057545",
    "status": "damaged",
    "source": "osm",
    "src_id": "way/1554057545",
    "name": "",
    "note": "",
    "created_at": "2026-09-07T09:36:43.236Z"
   }
  },
  {
   "type": "Feature",
   "id": "overture:214bedaf-97f1-4039-a078-466ac9a4a759",
   "geometry": {
    "type": "Polygon",
    "coordinates": [
     [
      [
       85.14847666025162,
       27.924113629586444
      ],
      [
       85.14834254980087,
       27.924172877463036
      ],
      [
       85.14841228723526,
       27.924300852765583
      ],
      [
       85.14854907989502,
       27.92423923504623
      ],
      [
       85.14847666025162,
       27.924113629586444
      ]
     ]
    ]
   },
   "properties": {
    "id": "overture:214bedaf-97f1-4039-a078-466ac9a4a759",
    "status": "damaged",
    "source": "overture",
    "src_id": "214bedaf-97f1-4039-a078-466ac9a4a759",
    "name": "",
    "note": "",
    "created_at": "2026-09-07T09:36:43.236Z"
   }
  },
  {
   "type": "Feature",
   "id": "overture:3bf80475-46c4-400a-9b07-19b73c0156a1",
   "geometry": {
    "type": "Polygon",
    "coordinates": [
     [
      [
       85.14835059642792,
       27.92376762133877
      ],
      [
       85.14825403690338,
       27.923817389716547
      ],
      [
       85.14828890562057,
       27.923867158071417
      ],
      [
       85.14821380376816,
       27.923905076802626
      ],
      [
       85.14828085899353,
       27.924006983326805
      ],
      [
       85.14844983816147,
       27.92391929632339
      ],
      [
       85.14835059642792,
       27.92376762133877
      ]
     ]
    ]
   },
   "properties": {
    "id": "overture:3bf80475-46c4-400a-9b07-19b73c0156a1",
    "status": "damaged",
    "source": "overture",
    "src_id": "3bf80475-46c4-400a-9b07-19b73c0156a1",
    "name": "",
    "note": "",
    "created_at": "2026-09-07T09:36:43.236Z"
   }
  },
  {
   "type": "Feature",
   "id": "overture:4bb17235-c6d2-409a-aff6-80d9513934e8",
   "geometry": {
    "type": "Polygon",
    "coordinates": [
     [
      [
       85.14825135469437,
       27.923620685994464
      ],
      [
       85.14817357063293,
       27.92367756421595
      ],
      [
       85.1482754945755,
       27.923784210800562
      ],
      [
       85.14835327863693,
       27.92372733263521
      ],
      [
       85.14825135469437,
       27.923620685994464
      ]
     ]
    ]
   },
   "properties": {
    "id": "overture:4bb17235-c6d2-409a-aff6-80d9513934e8",
    "status": "damaged",
    "source": "overture",
    "src_id": "4bb17235-c6d2-409a-aff6-80d9513934e8",
    "name": "",
    "note": "",
    "created_at": "2026-09-07T09:36:43.236Z"
   }
  },
  {
   "type": "Feature",
   "id": "overture:1e8e14bd-36eb-486a-abd0-a4bd59f938e9",
   "geometry": {
    "type": "Polygon",
    "coordinates": [
     [
      [
       85.1484927535057,
       27.923739182255446
      ],
      [
       85.14846056699753,
       27.92368467399153
      ],
      [
       85.14836937189102,
       27.923722592786717
      ],
      [
       85.1484015583992,
       27.9237794709546
      ],
      [
       85.1484927535057,
       27.923739182255446
      ]
     ]
    ]
   },
   "properties": {
    "id": "overture:1e8e14bd-36eb-486a-abd0-a4bd59f938e9",
    "status": "damaged",
    "source": "overture",
    "src_id": "1e8e14bd-36eb-486a-abd0-a4bd59f938e9",
    "name": "",
    "note": "",
    "created_at": "2026-09-07T09:36:43.236Z"
   }
  },
  {
   "type": "Feature",
   "id": "overture:5f47d804-360b-4270-8035-d969916a9b06",
   "geometry": {
    "type": "Polygon",
    "coordinates": [
     [
      [
       85.14853566884995,
       27.922606352685904
      ],
      [
       85.14850080013275,
       27.922537624150138
      ],
      [
       85.14841496944427,
       27.92257080344872
      ],
      [
       85.14844983816147,
       27.92263953196337
      ],
      [
       85.14853566884995,
       27.922606352685904
      ]
     ]
    ]
   },
   "properties": {
    "id": "overture:5f47d804-360b-4270-8035-d969916a9b06",
    "status": "destroyed",
    "source": "overture",
    "src_id": "5f47d804-360b-4270-8035-d969916a9b06",
    "name": "",
    "note": "",
    "created_at": "2026-09-07T09:37:16.193Z",
    "updated_at": "2026-09-07T09:37:58.183Z"
   }
  },
  {
   "type": "Feature",
   "id": "overture:7e8da843-ffa7-4de1-a231-7da6cb9e54be",
   "geometry": {
    "type": "Polygon",
    "coordinates": [
     [
      [
       85.14855980873108,
       27.922494965037032
      ],
      [
       85.14849811792374,
       27.922521034497052
      ],
      [
       85.14854103326797,
       27.92260872263462
      ],
      [
       85.14860540628433,
       27.92258502314499
      ],
      [
       85.14855980873108,
       27.922494965037032
      ]
     ]
    ]
   },
   "properties": {
    "id": "overture:7e8da843-ffa7-4de1-a231-7da6cb9e54be",
    "status": "destroyed",
    "source": "overture",
    "src_id": "7e8da843-ffa7-4de1-a231-7da6cb9e54be",
    "name": "",
    "note": "",
    "created_at": "2026-09-07T09:37:16.193Z",
    "updated_at": "2026-09-07T09:37:58.183Z"
   }
  },
  {
   "type": "Feature",
   "id": "overture:d5596b0c-81b4-4b4c-9c51-0a6f867c197c",
   "geometry": {
    "type": "Polygon",
    "coordinates": [
     [
      [
       85.14871537685394,
       27.92254710395079
      ],
      [
       85.14868319034576,
       27.922480745328926
      ],
      [
       85.14857858419418,
       27.922521034497052
      ],
      [
       85.14861345291138,
       27.92258739309419
      ],
      [
       85.14871537685394,
       27.92254710395079
      ]
     ]
    ]
   },
   "properties": {
    "id": "overture:d5596b0c-81b4-4b4c-9c51-0a6f867c197c",
    "status": "destroyed",
    "source": "overture",
    "src_id": "d5596b0c-81b4-4b4c-9c51-0a6f867c197c",
    "name": "",
    "note": "",
    "created_at": "2026-09-07T09:37:16.193Z",
    "updated_at": "2026-09-07T09:37:32.872Z"
   }
  },
  {
   "type": "Feature",
   "id": "overture:e9bf1bd3-828b-4d0d-ac72-1c21135c190a",
   "geometry": {
    "type": "Polygon",
    "coordinates": [
     [
      [
       85.14879584312439,
       27.922438086193353
      ],
      [
       85.14869391918182,
       27.92247600542578
      ],
      [
       85.14873951673508,
       27.922568433499166
      ],
      [
       85.14884144067764,
       27.922530514299126
      ],
      [
       85.14879584312439,
       27.922438086193353
      ]
     ]
    ]
   },
   "properties": {
    "id": "overture:e9bf1bd3-828b-4d0d-ac72-1c21135c190a",
    "status": "destroyed",
    "source": "overture",
    "src_id": "e9bf1bd3-828b-4d0d-ac72-1c21135c190a",
    "name": "",
    "note": "",
    "created_at": "2026-09-07T09:37:16.193Z",
    "updated_at": "2026-09-07T09:37:32.872Z"
   }
  },
  {
   "type": "Feature",
   "id": "overture:5f72ee2d-40c6-4143-8b50-05815c404d8b",
   "geometry": {
    "type": "Polygon",
    "coordinates": [
     [
      [
       85.14860540628433,
       27.922592132992435
      ],
      [
       85.148546397686,
       27.922615832480503
      ],
      [
       85.14857590198517,
       27.922672711230675
      ],
      [
       85.1486349105835,
       27.922649011755055
      ],
      [
       85.14860540628433,
       27.922592132992435
      ]
     ]
    ]
   },
   "properties": {
    "id": "overture:5f72ee2d-40c6-4143-8b50-05815c404d8b",
    "status": "destroyed",
    "source": "overture",
    "src_id": "5f72ee2d-40c6-4143-8b50-05815c404d8b",
    "name": "",
    "note": "",
    "created_at": "2026-09-07T09:37:16.193Z",
    "updated_at": "2026-09-07T09:37:58.183Z"
   }
  },
  {
   "type": "Feature",
   "id": "overture:e7cc831c-56d4-4095-9b6b-b6007e19efe2",
   "geometry": {
    "type": "Polygon",
    "coordinates": [
     [
      [
       85.148546397686,
       27.922468895570717
      ],
      [
       85.14851152896881,
       27.92236935755062
      ],
      [
       85.14842569828033,
       27.922393057087532
      ],
      [
       85.14846056699753,
       27.9224925950858
      ],
      [
       85.148546397686,
       27.922468895570717
      ]
     ]
    ]
   },
   "properties": {
    "id": "overture:e7cc831c-56d4-4095-9b6b-b6007e19efe2",
    "status": "damaged",
    "source": "overture",
    "src_id": "e7cc831c-56d4-4095-9b6b-b6007e19efe2",
    "name": "",
    "note": "",
    "created_at": "2026-09-07T09:37:16.193Z"
   }
  },
  {
   "type": "Feature",
   "id": "overture:557cbcbf-e570-4f58-baf8-ed9b98fcd4ed",
   "geometry": {
    "type": "Polygon",
    "coordinates": [
     [
      [
       85.14862954616547,
       27.922381207319745
      ],
      [
       85.14853835105896,
       27.922407276807178
      ],
      [
       85.14855980873108,
       27.92246652561893
      ],
      [
       85.14865100383759,
       27.922440456145765
      ],
      [
       85.14862954616547,
       27.922381207319745
      ]
     ]
    ]
   },
   "properties": {
    "id": "overture:557cbcbf-e570-4f58-baf8-ed9b98fcd4ed",
    "status": "destroyed",
    "source": "overture",
    "src_id": "557cbcbf-e570-4f58-baf8-ed9b98fcd4ed",
    "name": "",
    "note": "",
    "created_at": "2026-09-07T09:37:16.193Z",
    "updated_at": "2026-09-07T09:37:32.872Z"
   }
  },
  {
   "type": "Feature",
   "id": "overture:34ca7530-1b4a-40d7-92c1-67d628d5712c",
   "geometry": {
    "type": "Polygon",
    "coordinates": [
     [
      [
       85.14858931303024,
       27.922317218551143
      ],
      [
       85.14851152896881,
       27.922338548144893
      ],
      [
       85.14853030443192,
       27.922393057087532
      ],
      [
       85.14860808849335,
       27.922371727504554
      ],
      [
       85.14858931303024,
       27.922317218551143
      ]
     ]
    ]
   },
   "properties": {
    "id": "overture:34ca7530-1b4a-40d7-92c1-67d628d5712c",
    "status": "destroyed",
    "source": "overture",
    "src_id": "34ca7530-1b4a-40d7-92c1-67d628d5712c",
    "name": "",
    "note": "",
    "created_at": "2026-09-07T09:37:16.193Z",
    "updated_at": "2026-09-07T09:37:32.872Z"
   }
  },
  {
   "type": "Feature",
   "id": "overture:c90df6de-154f-4355-8b3c-eb14452b5aa7",
   "geometry": {
    "type": "Polygon",
    "coordinates": [
     [
      [
       85.14854907989502,
       27.92231010868565
      ],
      [
       85.14850080013275,
       27.922205830604383
      ],
      [
       85.14840424060822,
       27.922241379961577
      ],
      [
       85.1484552025795,
       27.922345658008524
      ],
      [
       85.14854907989502,
       27.92231010868565
      ]
     ]
    ]
   },
   "properties": {
    "id": "overture:c90df6de-154f-4355-8b3c-eb14452b5aa7",
    "status": "destroyed",
    "source": "overture",
    "src_id": "c90df6de-154f-4355-8b3c-eb14452b5aa7",
    "name": "",
    "note": "",
    "created_at": "2026-09-07T09:37:16.193Z",
    "updated_at": "2026-09-07T09:37:32.872Z"
   }
  },
  {
   "type": "Feature",
   "id": "osm:way/1553176646",
   "geometry": {
    "type": "Polygon",
    "coordinates": [
     [
      [
       85.14849811792374,
       27.9221560614847
      ],
      [
       85.14852494001389,
       27.922236640047956
      ],
      [
       85.14857053756714,
       27.922224790263016
      ],
      [
       85.14854371547699,
       27.92214421169092
      ],
      [
       85.14849811792374,
       27.9221560614847
      ]
     ]
    ]
   },
   "properties": {
    "id": "osm:way/1553176646",
    "status": "destroyed",
    "source": "osm",
    "src_id": "way/1553176646",
    "name": "",
    "note": "",
    "created_at": "2026-09-07T09:37:16.193Z",
    "updated_at": "2026-09-07T09:37:32.872Z"
   }
  },
  {
   "type": "Feature",
   "id": "overture:e25133c9-b512-4e21-8f39-6ea6110fff8f",
   "geometry": {
    "type": "Polygon",
    "coordinates": [
     [
      [
       85.14865100383759,
       27.92239779699429
      ],
      [
       85.14869928359985,
       27.922388317180577
      ],
      [
       85.14868319034576,
       27.92231010868565
      ],
      [
       85.14863222837448,
       27.922319588506227
      ],
      [
       85.14865100383759,
       27.92239779699429
      ]
     ]
    ]
   },
   "properties": {
    "id": "overture:e25133c9-b512-4e21-8f39-6ea6110fff8f",
    "status": "destroyed",
    "source": "overture",
    "src_id": "e25133c9-b512-4e21-8f39-6ea6110fff8f",
    "name": "",
    "note": "",
    "created_at": "2026-09-07T09:37:16.193Z",
    "updated_at": "2026-09-07T09:37:32.872Z"
   }
  },
  {
   "type": "Feature",
   "id": "overture:ae80369a-53c9-49ec-a3c7-a0f30fcce0d2",
   "geometry": {
    "type": "Polygon",
    "coordinates": [
     [
      [
       85.1486349105835,
       27.922184500984457
      ],
      [
       85.14859467744827,
       27.922193980816076
      ],
      [
       85.14861613512039,
       27.92226981943891
      ],
      [
       85.14865636825562,
       27.922260339613956
      ],
      [
       85.1486349105835,
       27.922184500984457
      ]
     ]
    ]
   },
   "properties": {
    "id": "overture:ae80369a-53c9-49ec-a3c7-a0f30fcce0d2",
    "status": "destroyed",
    "source": "overture",
    "src_id": "ae80369a-53c9-49ec-a3c7-a0f30fcce0d2",
    "name": "",
    "note": "",
    "created_at": "2026-09-07T09:37:16.193Z",
    "updated_at": "2026-09-07T09:37:32.872Z"
   }
  },
  {
   "type": "Feature",
   "id": "osm:way/1553176647",
   "geometry": {
    "type": "Polygon",
    "coordinates": [
     [
      [
       85.14830231666565,
       27.92204230341079
      ],
      [
       85.14830768108368,
       27.922113402221015
      ],
      [
       85.14836937189102,
       27.922108662301795
      ],
      [
       85.14836400747299,
       27.922037563488445
      ],
      [
       85.14830231666565,
       27.92204230341079
      ]
     ]
    ]
   },
   "properties": {
    "id": "osm:way/1553176647",
    "status": "destroyed",
    "source": "osm",
    "src_id": "way/1553176647",
    "name": "",
    "note": "",
    "created_at": "2026-09-07T09:37:16.193Z",
    "updated_at": "2026-09-07T09:37:32.872Z"
   }
  },
  {
   "type": "Feature",
   "id": "overture:6763ec19-3423-4636-adf8-575542439414",
   "geometry": {
    "type": "Polygon",
    "coordinates": [
     [
      [
       85.1482218503952,
       27.92201623383535
      ],
      [
       85.14813870191574,
       27.922018603797014
      ],
      [
       85.14814138412476,
       27.92206600301941
      ],
      [
       85.14822453260422,
       27.922063633058784
      ],
      [
       85.1482218503952,
       27.92201623383535
      ]
     ]
    ]
   },
   "properties": {
    "id": "overture:6763ec19-3423-4636-adf8-575542439414",
    "status": "destroyed",
    "source": "overture",
    "src_id": "6763ec19-3423-4636-adf8-575542439414",
    "name": "",
    "note": "",
    "created_at": "2026-09-07T09:37:16.193Z",
    "updated_at": "2026-09-07T09:37:32.872Z"
   }
  },
  {
   "type": "Feature",
   "id": "overture:47c753b0-7458-4e3d-9095-ed117362d018",
   "geometry": {
    "type": "Polygon",
    "coordinates": [
     [
      [
       85.14826476573944,
       27.92212999193667
      ],
      [
       85.14827281236649,
       27.9221679112772
      ],
      [
       85.14832645654678,
       27.922158431443307
      ],
      [
       85.14831840991974,
       27.922120512099454
      ],
      [
       85.14826476573944,
       27.92212999193667
      ]
     ]
    ]
   },
   "properties": {
    "id": "overture:47c753b0-7458-4e3d-9095-ed117362d018",
    "status": "destroyed",
    "source": "overture",
    "src_id": "47c753b0-7458-4e3d-9095-ed117362d018",
    "name": "",
    "note": "",
    "created_at": "2026-09-07T09:37:16.193Z",
    "updated_at": "2026-09-07T09:37:32.872Z"
   }
  },
  {
   "type": "Feature",
   "id": "overture:5c6a78a7-287d-49c1-a5b4-59414aa83ebc",
   "geometry": {
    "type": "Polygon",
    "coordinates": [
     [
      [
       85.1490318775177,
       27.92245704581123
      ],
      [
       85.14898627996445,
       27.922416756619256
      ],
      [
       85.1489594578743,
       27.922440456145765
      ],
      [
       85.14900773763657,
       27.922480745328926
      ],
      [
       85.1490318775177,
       27.92245704581123
      ]
     ]
    ]
   },
   "properties": {
    "id": "overture:5c6a78a7-287d-49c1-a5b4-59414aa83ebc",
    "status": "destroyed",
    "source": "overture",
    "src_id": "5c6a78a7-287d-49c1-a5b4-59414aa83ebc",
    "name": "",
    "note": "",
    "created_at": "2026-09-07T09:37:43.027Z"
   }
  },
  {
   "type": "Feature",
   "id": "overture:fcd6782e-656c-4dda-8218-886d8a0a9d90",
   "geometry": {
    "type": "Polygon",
    "coordinates": [
     [
      [
       85.14892727136612,
       27.922637162015334
      ],
      [
       85.14894604682922,
       27.922670341283336
      ],
      [
       85.14900237321854,
       27.922646641807205
      ],
      [
       85.14898359775543,
       27.92261109258331
      ],
      [
       85.14892727136612,
       27.922637162015334
      ]
     ]
    ]
   },
   "properties": {
    "id": "overture:fcd6782e-656c-4dda-8218-886d8a0a9d90",
    "status": "destroyed",
    "source": "overture",
    "src_id": "fcd6782e-656c-4dda-8218-886d8a0a9d90",
    "name": "",
    "note": "",
    "created_at": "2026-09-07T09:37:43.027Z"
   }
  },
  {
   "type": "Feature",
   "id": "overture:d98ff884-a752-46ed-ac10-d405ff7e2159",
   "geometry": {
    "type": "Polygon",
    "coordinates": [
     [
      [
       85.1481145620346,
       27.922468895570717
      ],
      [
       85.14804750680923,
       27.92248548523183
      ],
      [
       85.14807969331741,
       27.92258265319576
      ],
      [
       85.14814674854279,
       27.922566063549553
      ],
      [
       85.1481145620346,
       27.922468895570717
      ]
     ]
    ]
   },
   "properties": {
    "id": "overture:d98ff884-a752-46ed-ac10-d405ff7e2159",
    "status": "damaged",
    "source": "overture",
    "src_id": "d98ff884-a752-46ed-ac10-d405ff7e2159",
    "name": "",
    "note": "",
    "created_at": "2026-09-07T09:38:32.421Z"
   }
  },
  {
   "type": "Feature",
   "id": "overture:a196a766-15a7-4ea7-9c67-b2c9c62e3ca6",
   "geometry": {
    "type": "Polygon",
    "coordinates": [
     [
      [
       85.14824599027634,
       27.921997274140153
      ],
      [
       85.14841496944427,
       27.922035193527208
      ],
      [
       85.14844179153442,
       27.921942764997937
      ],
      [
       85.14827281236649,
       27.921904845578467
      ],
      [
       85.14824599027634,
       27.921997274140153
      ]
     ]
    ]
   },
   "properties": {
    "id": "overture:a196a766-15a7-4ea7-9c67-b2c9c62e3ca6",
    "status": "damaged",
    "source": "overture",
    "src_id": "a196a766-15a7-4ea7-9c67-b2c9c62e3ca6",
    "name": "",
    "note": "",
    "created_at": "2026-09-07T09:38:38.512Z"
   }
  },
  {
   "type": "Feature",
   "id": "overture:01bda9d8-cc04-40e5-8c26-245c82a656a9",
   "geometry": {
    "type": "Polygon",
    "coordinates": [
     [
      [
       85.14953881502151,
       27.92683899829923
      ],
      [
       85.14945566654205,
       27.926834258587206
      ],
      [
       85.14945030212402,
       27.92688165569811
      ],
      [
       85.14953345060349,
       27.926886395408076
      ],
      [
       85.14953881502151,
       27.92683899829923
      ]
     ]
    ]
   },
   "properties": {
    "id": "overture:01bda9d8-cc04-40e5-8c26-245c82a656a9",
    "status": "destroyed",
    "source": "overture",
    "src_id": "01bda9d8-cc04-40e5-8c26-245c82a656a9",
    "name": "",
    "note": "",
    "created_at": "2026-09-07T09:38:53.443Z"
   }
  },
  {
   "type": "Feature",
   "id": "overture:9762f0ab-46ac-4f63-a0e8-4adc5db8cb3c",
   "geometry": {
    "type": "Polygon",
    "coordinates": [
     [
      [
       85.14938324689865,
       27.926824779162516
      ],
      [
       85.1493752002716,
       27.926879285843057
      ],
      [
       85.14943957328796,
       27.926886395408076
      ],
      [
       85.14944761991501,
       27.9268318887311
      ],
      [
       85.14938324689865,
       27.926824779162516
      ]
     ]
    ]
   },
   "properties": {
    "id": "overture:9762f0ab-46ac-4f63-a0e8-4adc5db8cb3c",
    "status": "destroyed",
    "source": "overture",
    "src_id": "9762f0ab-46ac-4f63-a0e8-4adc5db8cb3c",
    "name": "",
    "note": "",
    "created_at": "2026-09-07T09:38:53.443Z"
   }
  }
 ]
}