{
"type": "FeatureCollection",
"name": "npl_admin1",
"crs": { "type": "name", "properties": { "name": "urn:ogc:def:crs:OGC:1.3:CRS84" } },
"xy_coordinate_resolution": 1e-06,
"features": [
{"type":"Feature","properties":{"adm1_name":"Bagmati","adm1_pcode":"NP03","adm0_name":"Nepal"},"geometry":{"type":"Polygon","coordinates":[[[85.71233,28.383087],[85.717638,28.375497],[85.720678,28.373516],[85.724206,28.373294],[85.718786,28.367268],[85.720443,28.362357],[85.719817,28.359401],[85.721919,28.353668],[85.726166,28.350602],[85.728365,28.342499],[85.732149,28.339277],[85.731832,28.336295],[85.728696,28.33313],[85.727417,28.328782],[85.735779,28.323564],[85.737127,28.319195],[85.736582,28.31268],[85.737571,28.309651],[85.735854,28.306569],[85.736233,28.299334],[85.732789,28.294473],[85.73294,28.291221],[85.738104,28.284667],[85.739323,28.276049],[85.742824,28.271656],[85.742913,28.256836],[85.748275,28.249031],[85.748741,28.238095],[85.754193,28.234855],[85.756903,28.228877],[85.763839,28.227289],[85.767739,28.222596],[85.773934,28.218034],[85.775729,28.215634],[85.774529,28.211243],[85.776259,28.208531],[85.782016,28.20842],[85.784208,28.205432],[85.790847,28.203723],[85.799075,28.198146],[85.799895,28.196344],[85.807183,28.198328],[85.811372,28.202594],[85.815572,28.203294],[85.817944,28.19388],[85.828821,28.184991],[85.843162,28.183347],[85.848401,28.184099],[85.851189,28.16712],[85.856308,28.161546],[85.859217,28.161259],[85.859611,28.154359],[85.86168,28.151232],[85.870146,28.146704],[85.871835,28.144372],[85.872238,28.142866],[85.869194,28.135316],[85.870306,28.13126],[85.869186,28.128268],[85.870011,28.123696],[85.878561,28.117339],[85.888749,28.116553],[85.889895,28.11395],[85.894218,28.112264],[85.897933,28.109002],[85.899631,28.103654],[85.898952,28.09797],[85.903194,28.089159],[85.900662,28.08511],[85.90059,28.078197],[85.896238,28.074234],[85.896528,28.067361],[85.900664,28.061574],[85.899892,28.057514],[85.900785,28.053819],[85.914785,28.049303],[85.928222,28.031528],[85.931173,28.029835],[85.93572,28.024092],[85.937949,28.024653],[85.941772,28.023025],[85.953737,28.014467],[85.964309,28.002085],[85.967509,28.000286],[85.974233,28.001009],[85.977023,27.99664],[85.978185,27.987821],[85.959654,27.9675],[85.957718,27.956706],[85.955728,27.954916],[85.951581,27.945479],[85.94816,27.941999],[85.950355,27.940013],[85.967477,27.932476],[85.974337,27.926082],[85.988272,27.917622],[85.997539,27.914502],[86.001302,27.91107],[86.013644,27.915046],[86.023077,27.907563],[86.027977,27.907823],[86.039532,27.904078],[86.043511,27.906285],[86.047264,27.906485],[86.050344,27.904072],[86.055534,27.904076],[86.064704,27.899678],[86.066852,27.903823],[86.069302,27.905597],[86.066385,27.911021],[86.074898,27.910761],[86.079474,27.914182],[86.087165,27.91681],[86.090333,27.91998],[86.101102,27.922884],[86.103917,27.924789],[86.108847,27.9243],[86.117888,27.927234],[86.123865,27.927568],[86.124354,27.931623],[86.126152,27.933636],[86.123547,27.941531],[86.11527,27.945433],[86.113061,27.949583],[86.107024,27.955798],[86.109018,27.957983],[86.109352,27.961421],[86.10668,27.967861],[86.103468,27.984142],[86.099241,27.992897],[86.09629,27.995885],[86.095704,27.998818],[86.093478,28.000168],[86.091362,28.005102],[86.088893,28.005995],[86.08554,28.011342],[86.082206,28.013585],[86.079272,28.020292],[86.079847,28.022428],[86.088026,28.028734],[86.090356,28.033122],[86.087305,28.040366],[86.088968,28.043761],[86.087393,28.04928],[86.089505,28.057533],[86.094737,28.061793],[86.091439,28.069274],[86.08752,28.073817],[86.084626,28.081696],[86.083975,28.090129],[86.082663,28.090857],[86.088891,28.094229],[86.092015,28.097751],[86.098818,28.096347],[86.104005,28.092948],[86.107912,28.093526],[86.110229,28.091578],[86.117734,28.091324],[86.124026,28.095247],[86.127575,28.099563],[86.13008,28.100064],[86.130915,28.104164],[86.132764,28.105967],[86.131564,28.107459],[86.13297,28.110864],[86.132241,28.11656],[86.136814,28.118378],[86.140375,28.117703],[86.14178,28.120358],[86.141898,28.126006],[86.152227,28.130401],[86.160157,28.13794],[86.16603,28.138041],[86.177987,28.143496],[86.178797,28.149254],[86.175739,28.154792],[86.176111,28.162507],[86.173735,28.168194],[86.186608,28.174101],[86.189267,28.17288],[86.189443,28.168299],[86.192463,28.166659],[86.191998,28.160337],[86.19719,28.156275],[86.197416,28.152893],[86.195445,28.15125],[86.197072,28.1382],[86.201062,28.133905],[86.205434,28.13301],[86.212089,28.123519],[86.213934,28.117948],[86.218107,28.114798],[86.219726,28.111583],[86.218372,28.108916],[86.222401,28.095696],[86.207627,28.094269],[86.207582,28.089332],[86.204059,28.083941],[86.206193,28.076357],[86.20951,28.072297],[86.209546,28.065347],[86.211685,28.05892],[86.216832,28.051065],[86.215264,28.046264],[86.21756,28.043791],[86.21746,28.04021],[86.219259,28.036599],[86.224707,28.032996],[86.225102,28.028576],[86.220912,28.023093],[86.219956,28.009975],[86.222313,28.004071],[86.222756,27.992622],[86.226334,27.981513],[86.23161,27.977333],[86.233077,27.974137],[86.23728,27.973008],[86.248686,27.976215],[86.248876,27.975023],[86.254668,27.978283],[86.266292,27.980385],[86.277981,27.978707],[86.280949,27.977056],[86.288663,27.978321],[86.296449,27.972951],[86.299641,27.967575],[86.299502,27.961136],[86.302855,27.958493],[86.303933,27.955518],[86.307305,27.956191],[86.312187,27.950185],[86.318653,27.947806],[86.335216,27.965019],[86.335377,27.959948],[86.339352,27.953511],[86.337509,27.949387],[86.347827,27.937499],[86.35817,27.941342],[86.370436,27.940903],[86.381199,27.937795],[86.387155,27.931773],[86.390753,27.92581],[86.396943,27.924118],[86.405292,27.916633],[86.406212,27.912664],[86.410638,27.90651],[86.429101,27.90948],[86.439215,27.907588],[86.442339,27.905649],[86.445622,27.911923],[86.45084,27.914464],[86.45549,27.915015],[86.456559,27.918902],[86.459328,27.922248],[86.469764,27.92997],[86.469831,27.934812],[86.466324,27.941256],[86.469266,27.946127],[86.474578,27.948257],[86.481412,27.947858],[86.486129,27.951495],[86.493365,27.952354],[86.493754,27.954768],[86.497595,27.957148],[86.515452,27.956547],[86.518103,27.953129],[86.519811,27.943986],[86.52204,27.939931],[86.533607,27.942042],[86.539546,27.934824],[86.547199,27.930838],[86.548601,27.928798],[86.549671,27.91906],[86.554564,27.907854],[86.554131,27.902631],[86.551544,27.898264],[86.554505,27.885463],[86.550909,27.876088],[86.554276,27.86006],[86.550024,27.848339],[86.546992,27.834794],[86.544262,27.829025],[86.543416,27.821433],[86.540344,27.817576],[86.540235,27.814803],[86.542309,27.811096],[86.548092,27.81093],[86.566965,27.803933],[86.565513,27.799545],[86.568697,27.795313],[86.568714,27.791044],[86.565568,27.785692],[86.566087,27.778462],[86.563869,27.769539],[86.565954,27.762547],[86.570243,27.75928],[86.572645,27.754524],[86.56277,27.749272],[86.563159,27.744863],[86.558142,27.738365],[86.556201,27.732382],[86.556878,27.728704],[86.553431,27.719506],[86.551206,27.717479],[86.550845,27.710804],[86.540138,27.701541],[86.538997,27.696549],[86.540665,27.692737],[86.538865,27.68897],[86.538869,27.68309],[86.536487,27.67854],[86.538693,27.674917],[86.538272,27.671019],[86.535365,27.668284],[86.532898,27.662748],[86.526999,27.660111],[86.528711,27.655543],[86.5261,27.65034],[86.517468,27.646917],[86.51342,27.648011],[86.511268,27.642361],[86.506843,27.640125],[86.506243,27.635639],[86.504115,27.633552],[86.503836,27.6293],[86.500601,27.625198],[86.499746,27.620296],[86.495361,27.618769],[86.492381,27.613675],[86.483981,27.61717],[86.476505,27.615759],[86.469577,27.617057],[86.434674,27.610214],[86.430108,27.604173],[86.420066,27.598608],[86.417843,27.591318],[86.413337,27.586733],[86.409905,27.586461],[86.407696,27.584414],[86.398383,27.583397],[86.392609,27.577025],[86.389243,27.575108],[86.388144,27.572707],[86.380672,27.571366],[86.376523,27.568344],[86.369121,27.558124],[86.368626,27.556064],[86.370553,27.552181],[86.369538,27.549588],[86.364706,27.546613],[86.358419,27.539709],[86.357536,27.529541],[86.354828,27.524786],[86.34642,27.523449],[86.33816,27.520007],[86.334301,27.515644],[86.333093,27.510796],[86.330685,27.509862],[86.326137,27.504973],[86.324528,27.499665],[86.319276,27.498699],[86.315431,27.492376],[86.312796,27.491607],[86.305276,27.482782],[86.294923,27.478894],[86.292832,27.476426],[86.291949,27.470328],[86.282443,27.46611],[86.28097,27.464236],[86.279022,27.46486],[86.272337,27.461937],[86.263632,27.456082],[86.257232,27.446109],[86.255945,27.442048],[86.254112,27.440908],[86.256428,27.437134],[86.255379,27.435134],[86.251143,27.432451],[86.25187,27.428491],[86.247846,27.424424],[86.248149,27.420549],[86.246965,27.419187],[86.24434,27.419933],[86.241797,27.41894],[86.237507,27.412811],[86.237255,27.40961],[86.234438,27.408345],[86.236171,27.404517],[86.22779,27.398169],[86.226469,27.39329],[86.227278,27.38945],[86.224805,27.387343],[86.225678,27.384171],[86.221884,27.38202],[86.223694,27.378472],[86.224606,27.370512],[86.218935,27.36215],[86.221717,27.359903],[86.217009,27.353004],[86.218296,27.350818],[86.216506,27.342386],[86.217932,27.336954],[86.215544,27.333506],[86.217116,27.328369],[86.222174,27.327278],[86.219103,27.324041],[86.219206,27.322528],[86.22148,27.321001],[86.228795,27.31986],[86.228866,27.315569],[86.231202,27.314528],[86.233702,27.307443],[86.237109,27.306054],[86.237773,27.302429],[86.235339,27.29618],[86.240488,27.28871],[86.233927,27.285426],[86.22664,27.277579],[86.223616,27.277424],[86.223061,27.274393],[86.218867,27.272615],[86.218723,27.270642],[86.216118,27.267985],[86.213698,27.268852],[86.213982,27.266807],[86.211254,27.263766],[86.211017,27.260872],[86.207594,27.258856],[86.20462,27.254895],[86.205005,27.250326],[86.203464,27.250195],[86.221463,27.239798],[86.230006,27.237354],[86.23955,27.241262],[86.243077,27.247094],[86.252688,27.250261],[86.256462,27.254756],[86.257336,27.258061],[86.261459,27.25742],[86.266186,27.261009],[86.266547,27.253575],[86.277005,27.250129],[86.281198,27.245803],[86.287769,27.245618],[86.294811,27.238366],[86.305998,27.237138],[86.308883,27.23328],[86.315765,27.231364],[86.327592,27.230045],[86.33308,27.230983],[86.340867,27.228949],[86.343032,27.219606],[86.340036,27.214091],[86.339793,27.210293],[86.343458,27.202794],[86.350503,27.200758],[86.357962,27.201388],[86.368622,27.192479],[86.375241,27.193941],[86.378906,27.193219],[86.384091,27.182398],[86.389746,27.179864],[86.384437,27.176118],[86.384792,27.173356],[86.383029,27.173145],[86.378022,27.165483],[86.378982,27.163912],[86.373643,27.158918],[86.373486,27.154605],[86.370344,27.15099],[86.374104,27.147649],[86.370375,27.146937],[86.367796,27.140563],[86.36341,27.142055],[86.359039,27.139303],[86.355449,27.143217],[86.350191,27.14268],[86.344852,27.143826],[86.342915,27.147274],[86.34111,27.145097],[86.340783,27.140843],[86.336477,27.137968],[86.336458,27.136073],[86.338109,27.135701],[86.337834,27.133784],[86.335012,27.134055],[86.33583,27.131909],[86.334164,27.130193],[86.336322,27.129163],[86.334601,27.127943],[86.336308,27.127917],[86.336533,27.126524],[86.334491,27.126277],[86.333686,27.122133],[86.331891,27.121247],[86.330722,27.117232],[86.326095,27.110887],[86.324131,27.109872],[86.313121,27.110809],[86.311779,27.109455],[86.306314,27.108824],[86.311078,27.102901],[86.317036,27.102066],[86.322966,27.099047],[86.327715,27.100475],[86.332241,27.099818],[86.341073,27.106425],[86.348016,27.106153],[86.349934,27.104686],[86.354789,27.104215],[86.356036,27.103257],[86.355996,27.100059],[86.362507,27.099475],[86.356911,27.09412],[86.358666,27.09177],[86.357513,27.089229],[86.358163,27.083954],[86.356543,27.081429],[86.355161,27.081506],[86.35349,27.076834],[86.355129,27.075231],[86.351369,27.073765],[86.35075,27.069798],[86.346873,27.070472],[86.345964,27.066003],[86.347538,27.064494],[86.350754,27.066718],[86.351045,27.061556],[86.363177,27.054008],[86.363911,27.042578],[86.366871,27.037496],[86.372962,27.036479],[86.374853,27.034772],[86.378057,27.035082],[86.382506,27.031415],[86.38188,27.030063],[86.379254,27.031371],[86.379501,27.029078],[86.373924,27.023247],[86.375266,27.020536],[86.371871,27.015812],[86.374031,27.012796],[86.372092,27.010729],[86.373975,27.007281],[86.372986,27.003508],[86.366547,27.000264],[86.368062,26.995386],[86.365034,26.979907],[86.352864,26.964535],[86.314918,26.963379],[86.3096,26.961484],[86.296466,26.952324],[86.283354,26.949117],[86.280877,26.946658],[86.280893,26.942748],[86.278252,26.934652],[86.262956,26.927032],[86.259767,26.922907],[86.259568,26.919068],[86.25713,26.921496],[86.256866,26.927181],[86.25781,26.928298],[86.2553,26.932376],[86.241293,26.939817],[86.235263,26.946687],[86.234069,26.950395],[86.226524,26.949494],[86.221574,26.95481],[86.218685,26.954225],[86.218345,26.957698],[86.210087,26.965491],[86.198494,26.970477],[86.192446,26.974974],[86.191404,26.978508],[86.187146,26.97738],[86.187461,26.982375],[86.178765,26.984369],[86.169996,26.989036],[86.167075,26.988734],[86.16297,26.991819],[86.154398,26.993713],[86.140262,26.999232],[86.125152,27.007269],[86.106285,27.015167],[86.089058,27.019064],[86.055148,27.018161],[86.048946,27.018943],[86.047415,27.021326],[86.042022,27.01951],[86.030224,27.020722],[86.020983,27.019155],[86.014847,27.020071],[86.012177,27.018615],[86.010758,27.020444],[86.005638,27.02196],[86.001752,27.020936],[85.991551,27.024773],[85.987511,27.028293],[85.985643,27.033128],[85.982519,27.034961],[85.982369,27.036792],[85.970785,27.050895],[85.969574,27.060965],[85.965952,27.067125],[85.966768,27.070341],[85.965368,27.073729],[85.963098,27.073155],[85.961896,27.079775],[85.955487,27.08417],[85.949829,27.083947],[85.950859,27.087755],[85.947962,27.088148],[85.944013,27.092006],[85.935781,27.110127],[85.93784,27.121493],[85.929144,27.125531],[85.921239,27.127258],[85.918936,27.129059],[85.913997,27.129661],[85.911954,27.132145],[85.901774,27.135349],[85.892938,27.141044],[85.890758,27.14125],[85.886455,27.145697],[85.882905,27.146334],[85.868184,27.133525],[85.863563,27.126997],[85.862351,27.127095],[85.858283,27.13257],[85.854782,27.133917],[85.853405,27.13797],[85.845423,27.140862],[85.835538,27.147016],[85.834532,27.149641],[85.839639,27.152519],[85.843433,27.159861],[85.831442,27.166674],[85.824454,27.168188],[85.815745,27.161232],[85.80888,27.161613],[85.798885,27.16718],[85.793576,27.168398],[85.787992,27.173717],[85.772798,27.178666],[85.769327,27.182098],[85.763026,27.182447],[85.757867,27.185009],[85.750207,27.185938],[85.747432,27.188278],[85.743071,27.187476],[85.738207,27.190219],[85.729497,27.192169],[85.724637,27.195053],[85.722531,27.194799],[85.720734,27.190977],[85.716739,27.187773],[85.703612,27.184717],[85.698833,27.1862],[85.694775,27.184023],[85.693621,27.180976],[85.690012,27.177691],[85.685747,27.17634],[85.681601,27.169278],[85.677417,27.167116],[85.67096,27.166394],[85.669499,27.163964],[85.665605,27.162172],[85.662328,27.156094],[85.655949,27.155004],[85.656216,27.152548],[85.653378,27.152827],[85.650171,27.150356],[85.646666,27.144549],[85.641621,27.142077],[85.639789,27.142873],[85.633342,27.141279],[85.629653,27.137354],[85.622688,27.140606],[85.619965,27.138748],[85.612668,27.141649],[85.604862,27.13955],[85.599932,27.143553],[85.594569,27.140565],[85.588945,27.142857],[85.583767,27.142547],[85.580591,27.143876],[85.578464,27.143385],[85.570968,27.136999],[85.568803,27.143429],[85.5619,27.144583],[85.558928,27.143813],[85.553438,27.14673],[85.54965,27.145644],[85.549077,27.142558],[85.551613,27.140493],[85.54667,27.140568],[85.54705,27.142375],[85.545832,27.143874],[85.542206,27.144463],[85.542133,27.146161],[85.536538,27.148783],[85.533048,27.146392],[85.530937,27.141133],[85.527978,27.140331],[85.520659,27.140816],[85.515846,27.142588],[85.512479,27.141902],[85.507964,27.143682],[85.500553,27.14358],[85.496108,27.145943],[85.491107,27.154014],[85.489403,27.154537],[85.49303,27.16211],[85.503841,27.163385],[85.503232,27.165794],[85.499446,27.167631],[85.50327,27.172513],[85.500826,27.175706],[85.495068,27.173603],[85.493939,27.169848],[85.486086,27.164341],[85.472152,27.161823],[85.469298,27.162566],[85.466735,27.166079],[85.457097,27.166071],[85.455354,27.167959],[85.452808,27.168353],[85.452115,27.173148],[85.453237,27.177659],[85.449367,27.180384],[85.450055,27.183621],[85.447987,27.186713],[85.436451,27.187271],[85.433572,27.190362],[85.428499,27.191373],[85.426515,27.193031],[85.418163,27.190059],[85.409163,27.196927],[85.403398,27.196305],[85.397168,27.197599],[85.39601,27.200706],[85.397155,27.206134],[85.393369,27.210348],[85.385047,27.207355],[85.376476,27.212026],[85.372699,27.209976],[85.369261,27.211912],[85.362441,27.212703],[85.359534,27.21073],[85.358351,27.213234],[85.356657,27.213133],[85.353607,27.215714],[85.348632,27.222109],[85.337492,27.219749],[85.332699,27.22294],[85.317295,27.22716],[85.312197,27.230479],[85.307278,27.231764],[85.303922,27.229855],[85.292911,27.232849],[85.288627,27.231075],[85.280515,27.231147],[85.27942,27.228703],[85.271832,27.229216],[85.26726,27.22621],[85.261796,27.226584],[85.257677,27.229148],[85.256833,27.231075],[85.257978,27.23414],[85.253288,27.238191],[85.251404,27.244906],[85.24545,27.246527],[85.242334,27.248723],[85.236557,27.247615],[85.231681,27.243324],[85.224597,27.245423],[85.219812,27.243955],[85.217103,27.244615],[85.215079,27.24674],[85.208286,27.245319],[85.206623,27.248273],[85.202337,27.25018],[85.199482,27.249142],[85.197801,27.245989],[85.192785,27.245019],[85.179026,27.248386],[85.177188,27.24957],[85.180843,27.254514],[85.174928,27.253578],[85.170834,27.254716],[85.167586,27.260119],[85.161325,27.262026],[85.155878,27.262064],[85.151678,27.265682],[85.150954,27.268542],[85.145162,27.272901],[85.144666,27.282913],[85.139262,27.285592],[85.136632,27.290164],[85.126521,27.292554],[85.127003,27.295551],[85.125417,27.301071],[85.120763,27.302101],[85.118903,27.314321],[85.116679,27.317841],[85.105971,27.318925],[85.103802,27.320172],[85.103114,27.323239],[85.094364,27.333327],[85.091975,27.340126],[85.092981,27.348551],[85.09219,27.35235],[85.090514,27.353324],[85.091223,27.356518],[85.08795,27.358139],[85.08645,27.361067],[85.0707,27.364339],[85.069306,27.36425],[85.069601,27.36242],[85.067199,27.360341],[85.065377,27.362561],[85.06136,27.360374],[85.059639,27.361362],[85.05995,27.363281],[85.056059,27.365599],[85.052259,27.36313],[85.044664,27.361553],[85.042925,27.359019],[85.039868,27.35927],[85.036371,27.357326],[85.031836,27.360482],[85.024446,27.358628],[85.020843,27.356667],[85.021379,27.352024],[85.013087,27.355331],[85.003861,27.352794],[85.000801,27.3557],[85.000524,27.362023],[84.998763,27.365515],[84.997358,27.364677],[84.994707,27.365415],[84.988209,27.361633],[84.981417,27.36213],[84.978502,27.359522],[84.977341,27.35606],[84.971796,27.355072],[84.965465,27.358496],[84.964077,27.363631],[84.956651,27.359104],[84.953668,27.361406],[84.956179,27.364184],[84.954266,27.366298],[84.951674,27.366936],[84.949299,27.362248],[84.944837,27.360166],[84.945319,27.362365],[84.940865,27.363131],[84.940768,27.365708],[84.935758,27.366432],[84.933284,27.364551],[84.93084,27.365705],[84.926119,27.364157],[84.921615,27.370594],[84.914034,27.37274],[84.908341,27.377188],[84.900702,27.374909],[84.897707,27.379217],[84.896584,27.385445],[84.891204,27.387226],[84.889774,27.389259],[84.881734,27.388001],[84.878413,27.393191],[84.878651,27.396046],[84.876611,27.397593],[84.871394,27.399212],[84.863981,27.396925],[84.858161,27.398547],[84.851777,27.398498],[84.850326,27.40264],[84.850982,27.404335],[84.847509,27.408548],[84.845494,27.409132],[84.844167,27.411847],[84.84076,27.411978],[84.840282,27.414734],[84.837592,27.41431],[84.833588,27.417671],[84.829648,27.416207],[84.825159,27.419546],[84.815554,27.418991],[84.810009,27.41591],[84.809126,27.424448],[84.799749,27.430086],[84.797306,27.432688],[84.797064,27.435203],[84.790827,27.437682],[84.786099,27.436795],[84.784354,27.43523],[84.779929,27.435018],[84.774325,27.438754],[84.770167,27.438833],[84.768238,27.437014],[84.758212,27.437514],[84.755198,27.435651],[84.748663,27.43768],[84.743205,27.441999],[84.739337,27.440413],[84.738011,27.442293],[84.734389,27.442039],[84.734578,27.444192],[84.725956,27.44461],[84.724609,27.441379],[84.720693,27.437668],[84.718816,27.431188],[84.704802,27.43295],[84.700634,27.43189],[84.690489,27.432453],[84.680741,27.429823],[84.670588,27.429008],[84.662643,27.429669],[84.661618,27.432961],[84.656324,27.432613],[84.647547,27.429065],[84.643396,27.436555],[84.642862,27.442838],[84.639629,27.444462],[84.634824,27.444401],[84.628164,27.4508],[84.622745,27.449712],[84.621665,27.451897],[84.620274,27.451079],[84.609912,27.451976],[84.60671,27.454248],[84.601156,27.451073],[84.597259,27.454388],[84.590938,27.453176],[84.584654,27.456416],[84.582319,27.456423],[84.581782,27.454316],[84.57574,27.453906],[84.573398,27.45619],[84.572968,27.458784],[84.567715,27.460464],[84.565151,27.463085],[84.561536,27.462959],[84.557669,27.458805],[84.558216,27.455083],[84.556482,27.451139],[84.557393,27.448953],[84.555918,27.441773],[84.551191,27.43713],[84.550729,27.432662],[84.547701,27.426686],[84.54824,27.417954],[84.543318,27.417895],[84.541604,27.419429],[84.538663,27.418308],[84.536572,27.415331],[84.532369,27.414347],[84.534247,27.412321],[84.544845,27.409917],[84.546119,27.408146],[84.546772,27.404598],[84.545757,27.403765],[84.537341,27.403766],[84.534612,27.401724],[84.535422,27.392395],[84.539551,27.385843],[84.532374,27.383925],[84.530337,27.380977],[84.519756,27.384014],[84.511544,27.382528],[84.509845,27.380724],[84.503965,27.381102],[84.502436,27.379925],[84.501605,27.376517],[84.495227,27.376619],[84.492516,27.372867],[84.487688,27.371347],[84.487336,27.369334],[84.483773,27.366065],[84.485774,27.358513],[84.475864,27.362451],[84.472855,27.358431],[84.472454,27.355901],[84.470729,27.354966],[84.466135,27.356638],[84.464643,27.359716],[84.46175,27.359326],[84.457639,27.362097],[84.446341,27.36372],[84.44457,27.365113],[84.443773,27.368588],[84.441079,27.370187],[84.435215,27.369522],[84.424137,27.371963],[84.420237,27.369852],[84.413924,27.37076],[84.41026,27.368487],[84.405971,27.370363],[84.398697,27.369428],[84.396938,27.370347],[84.391731,27.368155],[84.387508,27.372323],[84.372736,27.376616],[84.371587,27.375249],[84.356033,27.373429],[84.347957,27.374164],[84.337704,27.377804],[84.332484,27.377379],[84.328533,27.380211],[84.317433,27.382121],[84.313671,27.3852],[84.304558,27.38786],[84.300456,27.390405],[84.297552,27.388809],[84.294769,27.384404],[84.291748,27.384927],[84.285228,27.391475],[84.284377,27.394606],[84.282377,27.396508],[84.276302,27.395626],[84.275439,27.401048],[84.279048,27.406659],[84.277469,27.409749],[84.278059,27.415634],[84.273481,27.421318],[84.272504,27.428798],[84.258554,27.438736],[84.259378,27.445799],[84.25464,27.449362],[84.254148,27.452057],[84.250539,27.453442],[84.246022,27.453046],[84.24402,27.45467],[84.239064,27.452505],[84.231582,27.456282],[84.226898,27.451027],[84.223934,27.450369],[84.220824,27.44763],[84.220882,27.44275],[84.219435,27.44039],[84.208445,27.442584],[84.206517,27.446587],[84.208216,27.452898],[84.207685,27.456267],[84.203779,27.459572],[84.208739,27.465345],[84.205716,27.469659],[84.199494,27.472087],[84.195737,27.471919],[84.194376,27.473245],[84.191024,27.469224],[84.18862,27.472089],[84.18398,27.472454],[84.179809,27.474749],[84.175973,27.473802],[84.171465,27.475676],[84.170999,27.479088],[84.167425,27.479632],[84.167058,27.481805],[84.16353,27.483799],[84.153601,27.48402],[84.151823,27.486028],[84.148808,27.485925],[84.14873,27.488996],[84.145305,27.492861],[84.146131,27.495482],[84.144317,27.496898],[84.149843,27.500909],[84.148241,27.503011],[84.149305,27.50433],[84.149185,27.50933],[84.151178,27.510165],[84.149785,27.512481],[84.150995,27.516426],[84.147147,27.517254],[84.145705,27.518803],[84.143601,27.517086],[84.138224,27.51762],[84.129723,27.511899],[84.124075,27.511049],[84.117424,27.513665],[84.116549,27.519255],[84.11081,27.519411],[84.108541,27.521732],[84.09775,27.517212],[84.099647,27.510399],[84.098622,27.505573],[84.097094,27.50501],[84.098599,27.502504],[84.095361,27.489576],[84.091326,27.488843],[84.09079,27.486084],[84.083928,27.483243],[84.078039,27.484031],[84.072712,27.480501],[84.070647,27.481734],[84.068951,27.479352],[84.068331,27.473416],[84.066582,27.469635],[84.061977,27.46693],[84.060686,27.461966],[84.058423,27.461207],[84.061657,27.455892],[84.05459,27.449381],[84.051976,27.442737],[84.043556,27.443333],[84.043201,27.442318],[84.038787,27.442689],[84.035531,27.440856],[84.031608,27.441619],[84.030927,27.438998],[84.027732,27.439763],[84.025798,27.438435],[84.027105,27.433626],[84.022618,27.433045],[84.018524,27.436039],[84.01569,27.434756],[84.011821,27.438843],[84.009136,27.437618],[84.007504,27.440497],[84.005179,27.439676],[84.005134,27.442221],[84.003709,27.441311],[84.002288,27.442162],[84.001599,27.440319],[83.998693,27.442135],[83.998022,27.440637],[83.997286,27.445411],[83.996069,27.446151],[83.991531,27.444168],[83.983896,27.443853],[83.977464,27.439304],[83.977706,27.442442],[83.972536,27.442067],[83.965997,27.446585],[83.962482,27.443955],[83.945835,27.441148],[83.943091,27.443477],[83.944126,27.445966],[83.942089,27.447723],[83.931107,27.449557],[83.935326,27.450963],[83.939239,27.4551],[83.944486,27.46577],[83.943539,27.473505],[83.938431,27.488356],[83.938637,27.49151],[83.94103,27.493831],[83.957667,27.500344],[83.963416,27.503807],[83.967993,27.508226],[83.969382,27.51535],[83.964767,27.523182],[83.952925,27.52752],[83.950817,27.526439],[83.946217,27.518461],[83.941812,27.515711],[83.931104,27.513007],[83.925528,27.514708],[83.921623,27.518496],[83.92214,27.524325],[83.919824,27.526591],[83.918656,27.533007],[83.919642,27.540623],[83.924334,27.544565],[83.931646,27.545424],[83.940906,27.541525],[83.948359,27.540154],[83.954279,27.543003],[83.95764,27.548374],[83.970293,27.550526],[83.974533,27.549556],[83.985244,27.543874],[83.993043,27.543487],[83.998803,27.545511],[84.005444,27.544746],[84.018184,27.538441],[84.031058,27.537188],[84.038737,27.540505],[84.043917,27.552207],[84.050485,27.556467],[84.056452,27.555454],[84.06431,27.551322],[84.067454,27.552164],[84.070754,27.557359],[84.074545,27.559491],[84.083353,27.557609],[84.090153,27.554645],[84.100568,27.55383],[84.107186,27.551692],[84.114597,27.55327],[84.119283,27.556331],[84.11972,27.56004],[84.12553,27.566045],[84.127644,27.574759],[84.135151,27.584513],[84.141542,27.5888],[84.150991,27.598393],[84.164146,27.606921],[84.176301,27.619072],[84.196838,27.631257],[84.206562,27.638727],[84.218058,27.643529],[84.228757,27.64533],[84.240938,27.651778],[84.250218,27.654106],[84.254894,27.65137],[84.257801,27.651067],[84.262163,27.656527],[84.270856,27.662916],[84.292255,27.66829],[84.313852,27.680246],[84.322856,27.686496],[84.325244,27.693949],[84.343598,27.702239],[84.350185,27.702776],[84.359954,27.698254],[84.3625,27.695524],[84.36508,27.68853],[84.372795,27.682823],[84.378769,27.681268],[84.406735,27.695762],[84.429867,27.704988],[84.431226,27.708377],[84.430631,27.713119],[84.421925,27.741258],[84.426768,27.742464],[84.432948,27.741145],[84.436935,27.742771],[84.450443,27.759277],[84.457565,27.759281],[84.464633,27.753129],[84.4678,27.751914],[84.470562,27.752121],[84.471865,27.754021],[84.470443,27.760853],[84.467251,27.767125],[84.460479,27.773654],[84.448969,27.778299],[84.439219,27.7784],[84.431157,27.786812],[84.429772,27.792813],[84.432216,27.812667],[84.435223,27.815198],[84.440098,27.81652],[84.44498,27.82284],[84.46481,27.81886],[84.466062,27.819962],[84.465393,27.824172],[84.470085,27.824122],[84.492677,27.819344],[84.496325,27.820831],[84.502859,27.819629],[84.511301,27.815445],[84.516981,27.816083],[84.520249,27.821307],[84.520227,27.829768],[84.521844,27.832254],[84.527311,27.833585],[84.539054,27.833637],[84.545998,27.831717],[84.555058,27.835739],[84.557959,27.844991],[84.556743,27.85269],[84.55867,27.857889],[84.567311,27.85886],[84.576209,27.86353],[84.57726,27.865007],[84.57683,27.870855],[84.58042,27.874319],[84.590615,27.87976],[84.595923,27.876227],[84.603295,27.875389],[84.604848,27.87212],[84.608446,27.871549],[84.613633,27.873015],[84.614851,27.877087],[84.618571,27.880181],[84.620786,27.880462],[84.626719,27.878103],[84.62751,27.872014],[84.63369,27.868825],[84.633773,27.862395],[84.635379,27.860301],[84.648863,27.859669],[84.649817,27.858489],[84.646764,27.855059],[84.647188,27.853319],[84.655146,27.852305],[84.659882,27.849909],[84.663869,27.840518],[84.661044,27.828813],[84.667336,27.823007],[84.667916,27.818465],[84.677006,27.815677],[84.684942,27.810266],[84.707295,27.806614],[84.707844,27.802489],[84.711052,27.800428],[84.713709,27.80041],[84.718631,27.803674],[84.721433,27.801264],[84.727331,27.799847],[84.730724,27.795529],[84.736907,27.798991],[84.73867,27.803993],[84.753731,27.806393],[84.756141,27.808936],[84.756835,27.814442],[84.762525,27.818162],[84.764855,27.818431],[84.768873,27.815551],[84.768398,27.811628],[84.772967,27.808577],[84.775311,27.808748],[84.778965,27.812498],[84.781835,27.813413],[84.781819,27.815701],[84.776916,27.818822],[84.773601,27.824124],[84.772999,27.829398],[84.775841,27.835268],[84.770556,27.838829],[84.769815,27.842795],[84.767443,27.843715],[84.767922,27.851653],[84.765233,27.85371],[84.764977,27.859235],[84.759227,27.859316],[84.755916,27.861698],[84.754115,27.865284],[84.754998,27.869257],[84.753287,27.873494],[84.745837,27.880172],[84.749124,27.886036],[84.737401,27.890661],[84.735648,27.892802],[84.737509,27.896971],[84.733106,27.906977],[84.734982,27.915367],[84.733297,27.924669],[84.731893,27.925761],[84.732531,27.927258],[84.736316,27.928472],[84.736295,27.930721],[84.734021,27.931176],[84.733779,27.933092],[84.73926,27.936513],[84.740957,27.947333],[84.746419,27.955233],[84.745764,27.96002],[84.75709,27.963383],[84.760594,27.967147],[84.769033,27.967222],[84.774604,27.971317],[84.775042,27.973047],[84.771344,27.975912],[84.771513,27.977279],[84.776776,27.977529],[84.778459,27.981321],[84.783949,27.983223],[84.784898,27.986963],[84.787863,27.989276],[84.787951,27.995216],[84.790035,27.997916],[84.796789,27.998068],[84.797667,27.999295],[84.796327,28.001322],[84.797298,28.002293],[84.803735,28.000352],[84.811212,28.002868],[84.813166,28.009255],[84.809428,28.016787],[84.812707,28.021235],[84.812259,28.025016],[84.813452,28.02836],[84.812499,28.031447],[84.80935,28.034583],[84.809383,28.037913],[84.812013,28.042881],[84.81826,28.047625],[84.818368,28.054245],[84.821145,28.058181],[84.820808,28.063074],[84.824279,28.066636],[84.827758,28.075057],[84.829248,28.081426],[84.831517,28.084744],[84.831692,28.089492],[84.83715,28.094882],[84.837032,28.104067],[84.842341,28.11064],[84.842015,28.114502],[84.84362,28.116245],[84.84948,28.118463],[84.854575,28.122584],[84.858925,28.119997],[84.862214,28.121492],[84.86925,28.120394],[84.872683,28.116648],[84.880878,28.112692],[84.883813,28.109743],[84.885264,28.105436],[84.892332,28.099895],[84.900313,28.106615],[84.913465,28.102833],[84.918018,28.103346],[84.92145,28.106524],[84.920059,28.115235],[84.928699,28.126244],[84.939079,28.125677],[84.94266,28.122503],[84.948303,28.124826],[84.951713,28.124139],[84.956795,28.126685],[84.958202,28.136003],[84.954082,28.14342],[84.957773,28.147099],[84.957127,28.155473],[84.960683,28.159533],[84.961792,28.168883],[84.96555,28.174433],[84.963952,28.177856],[84.967347,28.184778],[84.973736,28.190205],[84.970748,28.194416],[84.970512,28.19904],[84.967413,28.201873],[84.967293,28.204357],[84.961963,28.212672],[84.96903,28.222198],[84.976944,28.226647],[84.991487,28.24463],[84.993997,28.243892],[84.997664,28.240396],[84.99855,28.24117],[84.999012,28.244397],[85.002573,28.248003],[85.000766,28.250421],[85.000947,28.252691],[85.004816,28.255241],[85.010873,28.256054],[85.027232,28.261603],[85.031119,28.272826],[85.031707,28.279188],[85.037875,28.291815],[85.032807,28.303344],[85.041089,28.311791],[85.042717,28.319629],[85.04654,28.325792],[85.052875,28.326938],[85.06826,28.339824],[85.080431,28.345807],[85.08825,28.346296],[85.092881,28.344596],[85.107837,28.346528],[85.120655,28.335695],[85.128535,28.337998],[85.132232,28.335888],[85.134933,28.332423],[85.140264,28.330396],[85.166711,28.331551],[85.170684,28.328476],[85.181168,28.324208],[85.193478,28.333133],[85.198207,28.339279],[85.202336,28.340594],[85.228505,28.325019],[85.23003,28.323011],[85.236247,28.321044],[85.241338,28.317752],[85.244495,28.312797],[85.246992,28.303169],[85.252952,28.298425],[85.25466,28.294396],[85.266673,28.29812],[85.270356,28.297325],[85.273457,28.293737],[85.272793,28.287716],[85.292378,28.287394],[85.29798,28.290691],[85.303453,28.28984],[85.31846,28.293998],[85.322784,28.29597],[85.325269,28.299075],[85.331468,28.300161],[85.340255,28.303894],[85.348079,28.301637],[85.348064,28.293019],[85.34703,28.291348],[85.348146,28.288427],[85.352548,28.286645],[85.370061,28.285699],[85.375444,28.282721],[85.377524,28.278509],[85.387361,28.286422],[85.391843,28.288458],[85.396637,28.294089],[85.397594,28.29823],[85.41192,28.308287],[85.414001,28.315987],[85.413028,28.32372],[85.415269,28.32706],[85.424489,28.330122],[85.430116,28.330201],[85.437252,28.334718],[85.451799,28.335212],[85.457885,28.336954],[85.475274,28.333293],[85.483454,28.333134],[85.48726,28.331121],[85.496424,28.332302],[85.497645,28.333563],[85.50641,28.333938],[85.525934,28.328277],[85.538702,28.319953],[85.543078,28.319046],[85.547663,28.315075],[85.561636,28.309755],[85.575804,28.310287],[85.580658,28.30623],[85.591834,28.308597],[85.600482,28.304288],[85.596518,28.298957],[85.598855,28.279188],[85.603503,28.26458],[85.606179,28.261048],[85.606879,28.256945],[85.608571,28.256807],[85.625493,28.266021],[85.630373,28.271042],[85.635315,28.273859],[85.642009,28.282549],[85.644994,28.289727],[85.660606,28.302897],[85.66121,28.305819],[85.65589,28.312394],[85.653642,28.3174],[85.657176,28.324468],[85.661223,28.326168],[85.664278,28.331671],[85.665631,28.347961],[85.676082,28.350628],[85.681408,28.349615],[85.683649,28.347245],[85.686076,28.346881],[85.683802,28.382402],[85.695203,28.385656],[85.700812,28.384548],[85.711891,28.385799],[85.71233,28.383087]]]}},
{"type":"Feature","properties":{"adm1_name":"Gandaki","adm1_pcode":"NP04","adm0_name":"Nepal"},"geometry":{"type":"Polygon","coordinates":[[[83.3,28.73189],[83.308468,28.732639],[83.312993,28.735592],[83.325453,28.737881],[83.349817,28.735986],[83.356145,28.733623],[83.361903,28.734108],[83.374231,28.744473],[83.377546,28.753949],[83.383248,28.756427],[83.3884,28.763029],[83.400168,28.760708],[83.410327,28.760595],[83.436318,28.768744],[83.442161,28.769634],[83.445989,28.768878],[83.456184,28.773723],[83.461069,28.780043],[83.483344,28.782812],[83.484276,28.786966],[83.486812,28.790511],[83.487929,28.802041],[83.485015,28.812189],[83.479987,28.817128],[83.479591,28.824156],[83.483466,28.832191],[83.480216,28.837752],[83.481535,28.844651],[83.491879,28.84643],[83.497853,28.842583],[83.50172,28.846123],[83.501949,28.851681],[83.506182,28.856943],[83.505915,28.865163],[83.499385,28.877192],[83.505999,28.884675],[83.514588,28.889508],[83.522804,28.897928],[83.527419,28.903839],[83.52851,28.908624],[83.535322,28.911361],[83.546108,28.921816],[83.54938,28.926872],[83.556398,28.933698],[83.557817,28.938393],[83.556909,28.941616],[83.558557,28.944826],[83.562119,28.945168],[83.566872,28.943325],[83.571167,28.947247],[83.574782,28.95388],[83.579954,28.956138],[83.58251,28.961268],[83.581548,28.96493],[83.585347,28.967684],[83.587292,28.972521],[83.586819,28.976964],[83.591968,28.98363],[83.599071,28.985621],[83.604433,28.980133],[83.60917,28.980236],[83.610109,28.98293],[83.614922,28.987677],[83.615395,28.994681],[83.61438,28.998623],[83.616867,29.00616],[83.611847,29.014723],[83.615265,29.016712],[83.616447,29.018883],[83.614014,29.02234],[83.61528,29.02757],[83.612457,29.035944],[83.618893,29.045751],[83.618073,29.055126],[83.619521,29.059684],[83.626485,29.062427],[83.630914,29.062428],[83.631413,29.064886],[83.629419,29.07156],[83.630627,29.081],[83.627746,29.082527],[83.6264,29.085677],[83.623311,29.088256],[83.616003,29.092576],[83.614883,29.094297],[83.615515,29.098301],[83.620513,29.097785],[83.628765,29.106831],[83.636213,29.107337],[83.646092,29.104101],[83.649804,29.10446],[83.652443,29.109197],[83.650506,29.113424],[83.651337,29.119061],[83.660133,29.124421],[83.680317,29.123433],[83.678739,29.125033],[83.679219,29.131653],[83.674833,29.13702],[83.675694,29.148949],[83.672086,29.15279],[83.662764,29.156681],[83.663,29.162921],[83.661966,29.164924],[83.66599,29.169682],[83.662359,29.173445],[83.657285,29.176094],[83.663464,29.184043],[83.658015,29.187437],[83.658406,29.196037],[83.655854,29.199981],[83.655789,29.203941],[83.660434,29.203987],[83.667837,29.207195],[83.674916,29.207695],[83.684124,29.213082],[83.696579,29.226306],[83.700768,29.23464],[83.707158,29.237807],[83.711163,29.244552],[83.721739,29.241536],[83.730499,29.244881],[83.738029,29.244054],[83.740527,29.245428],[83.746275,29.243391],[83.749388,29.244058],[83.756634,29.242524],[83.76198,29.239953],[83.767482,29.2408],[83.770439,29.243726],[83.771021,29.24679],[83.777971,29.247582],[83.781273,29.244362],[83.797186,29.250024],[83.797078,29.253475],[83.80218,29.256328],[83.793754,29.273436],[83.794401,29.277378],[83.797244,29.281799],[83.801799,29.281787],[83.807747,29.285843],[83.810801,29.290794],[83.807853,29.294638],[83.812482,29.298588],[83.812645,29.302023],[83.823021,29.302764],[83.829044,29.298299],[83.834917,29.300864],[83.838865,29.298115],[83.843935,29.298953],[83.847976,29.297573],[83.85405,29.301608],[83.856595,29.309837],[83.870404,29.31234],[83.88729,29.320101],[83.89792,29.318795],[83.90069,29.323518],[83.904664,29.325711],[83.911594,29.323115],[83.919691,29.323249],[83.927372,29.318446],[83.933508,29.319708],[83.940962,29.316332],[83.946636,29.316511],[83.949603,29.318285],[83.955609,29.326101],[83.960984,29.33049],[83.963808,29.33102],[83.975739,29.328617],[83.986782,29.322778],[83.988316,29.320856],[83.991619,29.320433],[83.995004,29.316772],[83.999078,29.314708],[84.000921,29.311766],[84.000848,29.309069],[83.997201,29.305004],[83.988912,29.302583],[83.987665,29.30046],[83.989871,29.298371],[83.989845,29.296348],[83.989872,29.298372],[83.996341,29.296594],[83.998409,29.294834],[84.004221,29.295875],[84.008715,29.294941],[84.011819,29.293484],[84.015634,29.288958],[84.023148,29.289162],[84.02629,29.285575],[84.030036,29.293206],[84.043751,29.300774],[84.052951,29.297377],[84.052997,29.29398],[84.056323,29.290317],[84.063189,29.289745],[84.068666,29.285267],[84.080452,29.288444],[84.08557,29.294475],[84.087676,29.294563],[84.099446,29.290537],[84.102155,29.286967],[84.108501,29.285046],[84.114444,29.280227],[84.120028,29.279685],[84.117419,29.276758],[84.121744,29.273523],[84.121546,29.270308],[84.118548,29.265109],[84.112263,29.262992],[84.114757,29.258582],[84.111714,29.253736],[84.113529,29.251823],[84.112217,29.248097],[84.116222,29.244145],[84.11935,29.245305],[84.127894,29.24311],[84.141068,29.236172],[84.151145,29.240707],[84.157293,29.241705],[84.16763,29.240995],[84.17924,29.237731],[84.182742,29.241537],[84.192521,29.244154],[84.200905,29.24004],[84.202827,29.236596],[84.198853,29.230951],[84.197709,29.225363],[84.197488,29.220717],[84.199616,29.213906],[84.194726,29.211749],[84.188204,29.205744],[84.181095,29.20782],[84.17741,29.206764],[84.172948,29.201042],[84.168424,29.19985],[84.164221,29.194825],[84.163725,29.194056],[84.1667,29.190289],[84.162169,29.18523],[84.166914,29.177431],[84.1668,29.174025],[84.169142,29.172108],[84.165824,29.164104],[84.167494,29.157389],[84.173277,29.149779],[84.173887,29.144206],[84.172705,29.14061],[84.174688,29.130841],[84.186413,29.126315],[84.200846,29.123953],[84.199794,29.112677],[84.201594,29.103758],[84.198009,29.099528],[84.195896,29.099085],[84.195698,29.092973],[84.190633,29.08468],[84.186018,29.080723],[84.187757,29.077759],[84.186155,29.073796],[84.186399,29.068242],[84.188604,29.0647],[84.189566,29.04692],[84.196324,29.046542],[84.208903,29.053643],[84.221452,29.053449],[84.226967,29.051351],[84.235847,29.044563],[84.242171,29.044243],[84.247747,29.037238],[84.246527,29.029167],[84.247748,29.027733],[84.247748,29.012639],[84.242622,29.006887],[84.23938,28.997364],[84.240951,28.992243],[84.238162,28.987673],[84.239162,28.98473],[84.238514,28.981929],[84.241688,28.976101],[84.238921,28.971416],[84.239215,28.96902],[84.235295,28.968384],[84.235186,28.9642],[84.231357,28.959652],[84.229226,28.94665],[84.227103,28.942235],[84.225486,28.941732],[84.224489,28.925907],[84.222459,28.923397],[84.222917,28.920263],[84.220363,28.915614],[84.220787,28.912089],[84.225348,28.903516],[84.224605,28.897348],[84.225649,28.89421],[84.228343,28.892435],[84.253707,28.890222],[84.25814,28.895526],[84.265445,28.897743],[84.271978,28.892744],[84.273906,28.886676],[84.28385,28.882647],[84.286064,28.880978],[84.2877,28.876916],[84.308555,28.869356],[84.315503,28.869773],[84.320726,28.867417],[84.323502,28.862652],[84.327033,28.862468],[84.333192,28.864652],[84.334662,28.865892],[84.335003,28.868532],[84.343021,28.872931],[84.354476,28.862913],[84.356892,28.85934],[84.360728,28.859535],[84.365259,28.86167],[84.369103,28.860828],[84.37514,28.864377],[84.382298,28.861666],[84.392164,28.860435],[84.403839,28.854274],[84.408832,28.853539],[84.408998,28.846726],[84.407559,28.842927],[84.399227,28.837279],[84.400507,28.830214],[84.408309,28.828681],[84.418771,28.831546],[84.427376,28.823535],[84.435207,28.820858],[84.429504,28.81328],[84.431941,28.801422],[84.438738,28.796016],[84.445178,28.793324],[84.443832,28.786617],[84.445882,28.783197],[84.439677,28.776425],[84.436428,28.769436],[84.451793,28.764749],[84.453701,28.761003],[84.457489,28.757547],[84.460295,28.751278],[84.466146,28.751743],[84.475508,28.746929],[84.480188,28.747116],[84.483224,28.741454],[84.486393,28.739916],[84.489433,28.735374],[84.491764,28.734706],[84.494204,28.735726],[84.499777,28.742816],[84.50216,28.74423],[84.510054,28.74525],[84.514609,28.748544],[84.524785,28.742171],[84.533585,28.745346],[84.54029,28.744205],[84.551407,28.750511],[84.556597,28.752138],[84.557134,28.746934],[84.567234,28.741467],[84.571563,28.735148],[84.586693,28.734553],[84.592256,28.73657],[84.605657,28.733405],[84.61524,28.736657],[84.61765,28.735805],[84.626223,28.736451],[84.629298,28.732645],[84.638896,28.728787],[84.643431,28.725213],[84.644353,28.719921],[84.647617,28.718669],[84.650629,28.714398],[84.650515,28.702381],[84.661396,28.69874],[84.664194,28.694708],[84.666391,28.694217],[84.668778,28.689966],[84.667607,28.686417],[84.66823,28.683375],[84.675931,28.679013],[84.688096,28.678796],[84.696323,28.671767],[84.704838,28.671069],[84.701339,28.665132],[84.700462,28.659077],[84.697116,28.653464],[84.701649,28.647363],[84.697977,28.639518],[84.694669,28.636411],[84.700687,28.63444],[84.713676,28.632948],[84.72148,28.62743],[84.725071,28.620596],[84.730808,28.62017],[84.736679,28.616858],[84.746767,28.618281],[84.755197,28.613535],[84.763696,28.612691],[84.767637,28.61049],[84.780576,28.609466],[84.856966,28.570572],[84.857238,28.572547],[84.861438,28.577237],[84.86694,28.581603],[84.86909,28.582456],[84.875205,28.580677],[84.879398,28.582466],[84.885946,28.582626],[84.890169,28.588662],[84.899042,28.589876],[84.900854,28.593243],[84.906856,28.588137],[84.912632,28.589641],[84.919558,28.595225],[84.931897,28.593746],[84.938683,28.595664],[84.944779,28.594785],[84.947339,28.590224],[84.948766,28.580147],[84.964658,28.586757],[84.971801,28.586719],[84.974422,28.589669],[84.983286,28.591369],[84.98831,28.59473],[84.992728,28.599775],[84.992692,28.600958],[84.985967,28.605076],[84.988715,28.61287],[85.000094,28.622841],[85.008801,28.637053],[85.017007,28.639416],[85.022888,28.648903],[85.026135,28.650631],[85.030754,28.656061],[85.040221,28.657963],[85.041067,28.668403],[85.051921,28.670013],[85.054419,28.676993],[85.053591,28.680376],[85.058475,28.682393],[85.06166,28.680431],[85.071176,28.678486],[85.080305,28.671508],[85.083818,28.670923],[85.088689,28.671603],[85.094332,28.6783],[85.101765,28.681759],[85.110456,28.683382],[85.11526,28.686512],[85.13229,28.675888],[85.134927,28.666534],[85.139688,28.665635],[85.145545,28.660954],[85.145023,28.656479],[85.154248,28.648718],[85.157086,28.644746],[85.157066,28.642935],[85.163432,28.642765],[85.177838,28.645043],[85.181055,28.644424],[85.188371,28.641017],[85.184694,28.632228],[85.186678,28.630852],[85.191157,28.630766],[85.197898,28.626668],[85.197213,28.620801],[85.194928,28.618164],[85.193091,28.612214],[85.189591,28.609181],[85.188846,28.604963],[85.183755,28.603033],[85.178488,28.598936],[85.173546,28.597411],[85.175111,28.592128],[85.181226,28.587421],[85.18245,28.583359],[85.181414,28.578922],[85.191439,28.568982],[85.187529,28.563165],[85.184609,28.561345],[85.188253,28.553863],[85.188828,28.547217],[85.186298,28.540147],[85.186394,28.533544],[85.178175,28.532546],[85.168814,28.533428],[85.166006,28.532049],[85.164917,28.526254],[85.165984,28.521269],[85.163221,28.519298],[85.161993,28.514955],[85.156882,28.509486],[85.156907,28.497878],[85.152774,28.490505],[85.14439,28.485561],[85.130607,28.485837],[85.126465,28.487802],[85.118383,28.485516],[85.116564,28.481234],[85.113185,28.479588],[85.112506,28.471323],[85.104186,28.46002],[85.099391,28.456826],[85.100138,28.451589],[85.102694,28.447788],[85.114182,28.443144],[85.112558,28.433288],[85.117356,28.415742],[85.115712,28.40878],[85.118838,28.402123],[85.124761,28.396843],[85.126518,28.392362],[85.121874,28.385883],[85.121761,28.372638],[85.116221,28.369122],[85.115073,28.367105],[85.112897,28.357134],[85.107837,28.346528],[85.092881,28.344596],[85.08825,28.346296],[85.080431,28.345807],[85.067253,28.339209],[85.052875,28.326938],[85.04654,28.325792],[85.042717,28.319629],[85.041089,28.311791],[85.032601,28.302768],[85.037875,28.291815],[85.031707,28.279188],[85.031119,28.272826],[85.027826,28.26233],[85.010873,28.256054],[85.004816,28.255241],[85.00163,28.253178],[85.000536,28.251584],[85.002573,28.248003],[84.999012,28.244397],[84.99855,28.24117],[84.997664,28.240396],[84.993997,28.243892],[84.991487,28.24463],[84.976944,28.226647],[84.970307,28.22336],[84.964615,28.217289],[84.962144,28.2121],[84.967293,28.204357],[84.967413,28.201873],[84.970512,28.19904],[84.970748,28.194416],[84.973736,28.190205],[84.967347,28.184778],[84.963952,28.177856],[84.96555,28.174433],[84.961792,28.168883],[84.960683,28.159533],[84.957127,28.155473],[84.957773,28.147099],[84.954082,28.14342],[84.958202,28.136003],[84.956795,28.126685],[84.951713,28.124139],[84.948303,28.124826],[84.94266,28.122503],[84.939079,28.125677],[84.928699,28.126244],[84.920059,28.115235],[84.92145,28.106524],[84.918018,28.103346],[84.913465,28.102833],[84.900313,28.106615],[84.892332,28.099895],[84.885264,28.105436],[84.883813,28.109743],[84.880878,28.112692],[84.872683,28.116648],[84.86925,28.120394],[84.862214,28.121492],[84.858925,28.119997],[84.854575,28.122584],[84.84948,28.118463],[84.84362,28.116245],[84.842015,28.114502],[84.842341,28.11064],[84.837032,28.104067],[84.83715,28.094882],[84.831692,28.089492],[84.831517,28.084744],[84.829248,28.081426],[84.827758,28.075057],[84.824279,28.066636],[84.820808,28.063074],[84.821145,28.058181],[84.818368,28.054245],[84.81826,28.047625],[84.812013,28.042881],[84.809383,28.037913],[84.80935,28.034583],[84.812499,28.031447],[84.813452,28.02836],[84.812259,28.025016],[84.812707,28.021235],[84.809428,28.016787],[84.813166,28.009255],[84.811212,28.002868],[84.803735,28.000352],[84.797298,28.002293],[84.796327,28.001322],[84.797667,27.999295],[84.796789,27.998068],[84.790035,27.997916],[84.787951,27.995216],[84.787863,27.989276],[84.784898,27.986963],[84.783949,27.983223],[84.778459,27.981321],[84.776776,27.977529],[84.771513,27.977279],[84.771344,27.975912],[84.775042,27.973047],[84.774604,27.971317],[84.769033,27.967222],[84.760594,27.967147],[84.75709,27.963383],[84.745764,27.96002],[84.746419,27.955233],[84.740957,27.947333],[84.73926,27.936513],[84.733779,27.933092],[84.734021,27.931176],[84.736295,27.930721],[84.736316,27.928472],[84.732531,27.927258],[84.731893,27.925761],[84.733297,27.924669],[84.734982,27.915367],[84.733106,27.906977],[84.737509,27.896971],[84.735648,27.892802],[84.737401,27.890661],[84.749124,27.886036],[84.745837,27.880172],[84.753287,27.873494],[84.754998,27.869257],[84.754115,27.865284],[84.755916,27.861698],[84.759227,27.859316],[84.764977,27.859235],[84.765233,27.85371],[84.767922,27.851653],[84.767443,27.843715],[84.769815,27.842795],[84.770556,27.838829],[84.775841,27.835268],[84.772999,27.829398],[84.773601,27.824124],[84.776916,27.818822],[84.781819,27.815701],[84.782265,27.813797],[84.778965,27.812498],[84.775311,27.808748],[84.772967,27.808577],[84.768398,27.811628],[84.768873,27.815551],[84.764855,27.818431],[84.762525,27.818162],[84.756835,27.814442],[84.756141,27.808936],[84.753731,27.806393],[84.73867,27.803993],[84.736907,27.798991],[84.730724,27.795529],[84.727331,27.799847],[84.721433,27.801264],[84.718631,27.803674],[84.713709,27.80041],[84.711052,27.800428],[84.707844,27.802489],[84.707295,27.806614],[84.684942,27.810266],[84.677006,27.815677],[84.667916,27.818465],[84.667336,27.823007],[84.661044,27.828813],[84.663869,27.840518],[84.659882,27.849909],[84.655146,27.852305],[84.647188,27.853319],[84.646764,27.855059],[84.649817,27.858489],[84.648863,27.859669],[84.635379,27.860301],[84.633773,27.862395],[84.63369,27.868825],[84.62751,27.872014],[84.626719,27.878103],[84.620786,27.880462],[84.618571,27.880181],[84.614851,27.877087],[84.613633,27.873015],[84.608446,27.871549],[84.604848,27.87212],[84.603295,27.875389],[84.595923,27.876227],[84.590615,27.87976],[84.58042,27.874319],[84.57683,27.870855],[84.57726,27.865007],[84.576209,27.86353],[84.567311,27.85886],[84.55867,27.857889],[84.556743,27.85269],[84.557959,27.844991],[84.555058,27.835739],[84.545998,27.831717],[84.539054,27.833637],[84.527311,27.833585],[84.521844,27.832254],[84.520227,27.829768],[84.520249,27.821307],[84.516981,27.816083],[84.511301,27.815445],[84.502859,27.819629],[84.496325,27.820831],[84.492677,27.819344],[84.470085,27.824122],[84.465393,27.824172],[84.466062,27.819962],[84.46481,27.81886],[84.44498,27.82284],[84.440098,27.81652],[84.435223,27.815198],[84.432216,27.812667],[84.429772,27.792813],[84.431157,27.786812],[84.439219,27.7784],[84.448969,27.778299],[84.460479,27.773654],[84.467251,27.767125],[84.470443,27.760853],[84.471865,27.754021],[84.470562,27.752121],[84.4678,27.751914],[84.464633,27.753129],[84.457565,27.759281],[84.450443,27.759277],[84.436935,27.742771],[84.432948,27.741145],[84.426768,27.742464],[84.421925,27.741258],[84.431002,27.71136],[84.431141,27.707917],[84.429355,27.704624],[84.408082,27.696381],[84.380372,27.681521],[84.377999,27.681246],[84.372795,27.682823],[84.36508,27.68853],[84.3625,27.695524],[84.359954,27.698254],[84.350185,27.702776],[84.343598,27.702239],[84.325244,27.693949],[84.322856,27.686496],[84.313852,27.680246],[84.292255,27.66829],[84.270856,27.662916],[84.262163,27.656527],[84.257801,27.651067],[84.254894,27.65137],[84.250218,27.654106],[84.240938,27.651778],[84.228757,27.64533],[84.218058,27.643529],[84.206562,27.638727],[84.196838,27.631257],[84.176301,27.619072],[84.164146,27.606921],[84.150991,27.598393],[84.141542,27.5888],[84.135151,27.584513],[84.127644,27.574759],[84.12553,27.566045],[84.11972,27.56004],[84.119283,27.556331],[84.114597,27.55327],[84.107186,27.551692],[84.100568,27.55383],[84.090153,27.554645],[84.083353,27.557609],[84.074545,27.559491],[84.070754,27.557359],[84.067454,27.552164],[84.06431,27.551322],[84.056452,27.555454],[84.050485,27.556467],[84.043917,27.552207],[84.038737,27.540505],[84.031058,27.537188],[84.018184,27.538441],[84.005444,27.544746],[83.998803,27.545511],[83.993043,27.543487],[83.985244,27.543874],[83.974533,27.549556],[83.970293,27.550526],[83.95764,27.548374],[83.954279,27.543003],[83.948359,27.540154],[83.940906,27.541525],[83.931646,27.545424],[83.924334,27.544565],[83.919642,27.540623],[83.918656,27.533007],[83.919824,27.526591],[83.92214,27.524325],[83.921623,27.518496],[83.925528,27.514708],[83.931104,27.513007],[83.941812,27.515711],[83.946799,27.519088],[83.95117,27.526849],[83.954175,27.527534],[83.966024,27.521969],[83.969278,27.516033],[83.968902,27.510611],[83.967118,27.506852],[83.961725,27.502622],[83.94103,27.493831],[83.938637,27.49151],[83.938431,27.488356],[83.943539,27.473505],[83.944486,27.46577],[83.939239,27.4551],[83.936262,27.451748],[83.915755,27.44224],[83.895441,27.437746],[83.888983,27.443478],[83.887631,27.446496],[83.887064,27.455722],[83.889686,27.46164],[83.883573,27.464129],[83.886553,27.47236],[83.88549,27.473544],[83.884982,27.481104],[83.877582,27.48515],[83.874609,27.489299],[83.881796,27.493665],[83.88354,27.496121],[83.8867,27.495677],[83.891576,27.499316],[83.897586,27.498763],[83.893826,27.504159],[83.887029,27.508355],[83.880726,27.507673],[83.875635,27.510392],[83.8782,27.520325],[83.881421,27.521415],[83.882626,27.523302],[83.882316,27.527857],[83.870364,27.54126],[83.858725,27.545532],[83.855138,27.548475],[83.850577,27.558977],[83.847091,27.560298],[83.841503,27.556215],[83.841756,27.549223],[83.839088,27.547721],[83.838047,27.545498],[83.835999,27.545022],[83.837266,27.551273],[83.8327,27.559149],[83.833146,27.561169],[83.831515,27.565646],[83.841399,27.572584],[83.836067,27.585725],[83.821432,27.592648],[83.814972,27.589532],[83.808002,27.588692],[83.809856,27.593578],[83.809297,27.595373],[83.806101,27.596887],[83.800953,27.596126],[83.795978,27.599481],[83.78982,27.606335],[83.793927,27.60964],[83.797786,27.609952],[83.799564,27.611884],[83.797188,27.620242],[83.805105,27.62084],[83.804852,27.623329],[83.800906,27.62955],[83.802351,27.63224],[83.809746,27.635427],[83.810225,27.639918],[83.807727,27.643095],[83.808466,27.645833],[83.806645,27.64616],[83.806424,27.647527],[83.810062,27.648525],[83.80956,27.649664],[83.812518,27.653262],[83.809752,27.655442],[83.811738,27.662338],[83.806142,27.662838],[83.799603,27.665482],[83.783091,27.66698],[83.768155,27.666575],[83.762641,27.661166],[83.759061,27.663567],[83.758176,27.667392],[83.744675,27.666795],[83.74073,27.669642],[83.733047,27.669246],[83.72957,27.67129],[83.726333,27.671056],[83.725072,27.672427],[83.720342,27.669864],[83.715113,27.662676],[83.710281,27.661511],[83.707995,27.659099],[83.705788,27.658873],[83.703216,27.662132],[83.698255,27.662537],[83.695266,27.661463],[83.69874,27.66994],[83.699258,27.676385],[83.70216,27.679262],[83.701587,27.681413],[83.704502,27.682809],[83.70057,27.688694],[83.689657,27.698148],[83.689499,27.707726],[83.682677,27.718157],[83.676957,27.718572],[83.682124,27.72087],[83.691464,27.718774],[83.695038,27.715987],[83.700396,27.716772],[83.7059,27.715304],[83.714184,27.715613],[83.718634,27.711985],[83.72116,27.711965],[83.721459,27.710646],[83.728479,27.7091],[83.732206,27.714146],[83.739313,27.715006],[83.744047,27.717365],[83.74509,27.719102],[83.751026,27.720952],[83.756259,27.720142],[83.759716,27.722495],[83.763684,27.721622],[83.782215,27.725018],[83.786513,27.724666],[83.792224,27.721837],[83.801323,27.721288],[83.810814,27.714278],[83.815591,27.713463],[83.820331,27.710597],[83.824835,27.713987],[83.833492,27.713962],[83.838449,27.710908],[83.846166,27.709462],[83.848733,27.712003],[83.84441,27.716256],[83.844,27.727263],[83.841716,27.73041],[83.844852,27.73499],[83.851595,27.733235],[83.868978,27.734647],[83.875467,27.733157],[83.876673,27.735834],[83.880008,27.733421],[83.883522,27.735003],[83.888645,27.730176],[83.89299,27.731258],[83.896353,27.730016],[83.898761,27.731973],[83.900504,27.730404],[83.903007,27.730636],[83.904402,27.735639],[83.908094,27.734173],[83.90602,27.732473],[83.906522,27.731487],[83.913015,27.731049],[83.915862,27.728393],[83.918896,27.729521],[83.921361,27.72672],[83.924061,27.726787],[83.924871,27.730623],[83.92826,27.734253],[83.944665,27.744109],[83.94639,27.743728],[83.950392,27.747473],[83.958174,27.746462],[83.960391,27.748272],[83.96557,27.746915],[83.970627,27.749784],[83.972246,27.747851],[83.975962,27.747495],[83.980469,27.749375],[83.985284,27.748011],[83.989833,27.749203],[83.994222,27.751461],[83.992234,27.75356],[83.992757,27.761452],[83.994049,27.766434],[83.999425,27.775748],[84.000235,27.788581],[84.006695,27.797466],[84.01226,27.801179],[84.014966,27.811655],[84.019997,27.815257],[84.020014,27.817917],[84.021635,27.819079],[84.024894,27.818284],[84.026637,27.820558],[84.025186,27.828568],[84.02651,27.82961],[84.024907,27.835206],[84.020151,27.840816],[84.022206,27.84348],[84.022357,27.848421],[84.028423,27.85638],[84.022685,27.861092],[84.019968,27.86188],[84.017252,27.861278],[84.015239,27.858083],[84.021531,27.854615],[84.022484,27.852496],[84.02123,27.851181],[84.016982,27.851138],[84.006521,27.854736],[84.00025,27.854668],[83.997806,27.856033],[83.99665,27.864086],[83.994164,27.866197],[83.978336,27.866051],[83.974224,27.867952],[83.971432,27.872579],[83.967987,27.870234],[83.958166,27.872975],[83.952651,27.869849],[83.948347,27.869412],[83.939091,27.878036],[83.936716,27.877651],[83.932084,27.872428],[83.924654,27.868194],[83.920263,27.871483],[83.913708,27.871064],[83.910624,27.872662],[83.910203,27.873749],[83.91367,27.87772],[83.910017,27.880213],[83.899206,27.882807],[83.892264,27.886073],[83.88413,27.882497],[83.880881,27.882296],[83.880281,27.887342],[83.877436,27.888319],[83.87319,27.885565],[83.861006,27.882291],[83.859951,27.879925],[83.861105,27.876341],[83.860276,27.874328],[83.858269,27.873509],[83.851481,27.87454],[83.850911,27.881231],[83.845088,27.881577],[83.843544,27.879468],[83.847339,27.872557],[83.845393,27.868448],[83.840852,27.86824],[83.835825,27.869777],[83.8208,27.877716],[83.815939,27.874118],[83.807107,27.873185],[83.804012,27.874862],[83.797278,27.882437],[83.788479,27.885434],[83.780637,27.897228],[83.774949,27.903284],[83.762154,27.909916],[83.756065,27.909145],[83.758098,27.904618],[83.756995,27.903064],[83.750597,27.907034],[83.744627,27.907906],[83.742414,27.904599],[83.74585,27.903373],[83.747395,27.901359],[83.746176,27.899807],[83.742898,27.900035],[83.735007,27.904458],[83.733475,27.908627],[83.72302,27.913782],[83.718997,27.920163],[83.710926,27.916539],[83.701327,27.918454],[83.698217,27.916931],[83.689319,27.923861],[83.687604,27.922846],[83.685936,27.918093],[83.682939,27.916362],[83.679446,27.920059],[83.681884,27.924105],[83.67615,27.927386],[83.670183,27.924459],[83.665748,27.919738],[83.65486,27.902435],[83.648928,27.902296],[83.644654,27.89849],[83.640908,27.902345],[83.634199,27.899302],[83.632386,27.901953],[83.631359,27.910165],[83.633391,27.914103],[83.626877,27.914595],[83.620898,27.917607],[83.626629,27.924729],[83.626034,27.926018],[83.620273,27.926431],[83.618957,27.929259],[83.616324,27.930544],[83.610672,27.925125],[83.600587,27.923332],[83.592846,27.93114],[83.57451,27.930189],[83.573332,27.931632],[83.576175,27.935034],[83.576292,27.937182],[83.570909,27.942986],[83.567511,27.940322],[83.567054,27.936587],[83.565508,27.934608],[83.559751,27.934822],[83.552676,27.929513],[83.54835,27.928066],[83.545106,27.929211],[83.537812,27.928038],[83.536219,27.931218],[83.536693,27.937041],[83.530896,27.939126],[83.529891,27.937943],[83.530513,27.932083],[83.52397,27.924081],[83.521785,27.925856],[83.522855,27.929911],[83.516253,27.937332],[83.508601,27.940743],[83.505759,27.940175],[83.502801,27.937076],[83.50492,27.934394],[83.509697,27.932907],[83.505813,27.928507],[83.497871,27.926924],[83.490371,27.929118],[83.486102,27.923676],[83.483761,27.922659],[83.468145,27.928222],[83.460385,27.934356],[83.452547,27.932655],[83.448807,27.928419],[83.440177,27.932678],[83.440184,27.935089],[83.445301,27.939295],[83.442805,27.943053],[83.443375,27.944779],[83.455815,27.949774],[83.461487,27.953817],[83.466538,27.964167],[83.474904,27.974092],[83.478164,27.975258],[83.480843,27.98041],[83.482771,27.981624],[83.486298,27.981811],[83.491461,27.978552],[83.50029,27.97684],[83.511083,27.967433],[83.521738,27.963862],[83.52665,27.966422],[83.530916,27.964715],[83.534035,27.96839],[83.538395,27.969307],[83.541035,27.971364],[83.546128,27.971314],[83.549858,27.97675],[83.554215,27.976412],[83.556034,27.974171],[83.558614,27.973651],[83.570025,27.975973],[83.577489,27.974349],[83.578844,27.975722],[83.578994,27.979312],[83.585101,27.978857],[83.584026,27.987432],[83.593287,27.989386],[83.603203,27.997224],[83.603984,28.000127],[83.603031,28.002514],[83.605155,28.007416],[83.604803,28.01199],[83.603158,28.01389],[83.598703,28.015095],[83.596275,28.020667],[83.591035,28.021534],[83.589655,28.026073],[83.584178,28.026001],[83.578315,28.033924],[83.570332,28.032659],[83.561443,28.035692],[83.56393,28.040634],[83.55985,28.04214],[83.559049,28.043563],[83.563909,28.058026],[83.560845,28.064275],[83.567328,28.064903],[83.572426,28.073598],[83.58056,28.077481],[83.576294,28.081684],[83.575044,28.087533],[83.571492,28.089338],[83.567047,28.089676],[83.562527,28.092746],[83.562105,28.094633],[83.564982,28.098877],[83.564927,28.100711],[83.560242,28.104468],[83.555075,28.106554],[83.554174,28.117089],[83.544181,28.120826],[83.53804,28.120088],[83.531871,28.116516],[83.525226,28.120811],[83.520804,28.119961],[83.516916,28.121412],[83.510233,28.126943],[83.505367,28.125655],[83.499558,28.117458],[83.494432,28.11632],[83.489889,28.113594],[83.48566,28.113294],[83.482348,28.117186],[83.474009,28.118971],[83.476458,28.122599],[83.478136,28.130077],[83.473591,28.132269],[83.466608,28.13205],[83.462495,28.1299],[83.457393,28.132314],[83.451029,28.126375],[83.445903,28.125015],[83.443501,28.12586],[83.43864,28.130964],[83.436092,28.129378],[83.431797,28.129352],[83.426918,28.126087],[83.423198,28.125169],[83.419717,28.128746],[83.418103,28.137071],[83.413497,28.137744],[83.411254,28.140978],[83.411132,28.144033],[83.406689,28.14578],[83.406019,28.148426],[83.399658,28.150794],[83.394667,28.155861],[83.390012,28.167317],[83.384106,28.163771],[83.375217,28.174375],[83.370374,28.176469],[83.369783,28.182698],[83.364281,28.186065],[83.362404,28.192351],[83.355722,28.195663],[83.355418,28.197423],[83.352435,28.197694],[83.350211,28.194437],[83.344191,28.193359],[83.338052,28.190008],[83.330117,28.188997],[83.324882,28.190445],[83.316405,28.190328],[83.306186,28.19783],[83.3,28.194067],[83.3,28.73189]]]}},
{"type":"Feature","properties":{"adm1_name":"Karnali","adm1_pcode":"NP06","adm0_name":"Nepal"},"geometry":{"type":"Polygon","coordinates":[[[83.3,29.5],[83.301613,29.5],[83.302238,29.499669],[83.303009,29.5],[83.331961,29.5],[83.331993,29.499959],[83.344378,29.494757],[83.34719,29.492231],[83.345335,29.489208],[83.347828,29.484723],[83.347581,29.478532],[83.341966,29.474999],[83.343398,29.473168],[83.343973,29.468412],[83.342267,29.465798],[83.35147,29.458806],[83.353708,29.451371],[83.356614,29.450645],[83.361865,29.451794],[83.366122,29.450016],[83.363018,29.446192],[83.364328,29.439718],[83.370631,29.434338],[83.371332,29.428511],[83.377034,29.427309],[83.381048,29.423148],[83.396708,29.421447],[83.412657,29.421942],[83.414219,29.42081],[83.41588,29.410371],[83.420622,29.405299],[83.426121,29.402401],[83.420364,29.39743],[83.421212,29.391666],[83.423488,29.387074],[83.422581,29.384636],[83.411719,29.380265],[83.415382,29.376022],[83.415063,29.371022],[83.413094,29.366861],[83.41728,29.363586],[83.415041,29.359013],[83.417201,29.356246],[83.423405,29.356287],[83.42859,29.349774],[83.437871,29.350105],[83.442247,29.344912],[83.444869,29.340202],[83.442343,29.335683],[83.446454,29.329073],[83.443059,29.32062],[83.439291,29.316889],[83.439872,29.312647],[83.438158,29.308829],[83.444147,29.306461],[83.443594,29.299766],[83.448259,29.299258],[83.451316,29.297511],[83.450431,29.293858],[83.455636,29.290877],[83.454799,29.286522],[83.459886,29.286132],[83.462077,29.282464],[83.462545,29.27662],[83.466739,29.273729],[83.469304,29.273541],[83.471804,29.274383],[83.473628,29.277525],[83.478694,29.28101],[83.487569,29.279973],[83.487196,29.276148],[83.491877,29.275214],[83.493378,29.273778],[83.493065,29.269981],[83.490909,29.266562],[83.491461,29.264805],[83.493945,29.262698],[83.496615,29.262733],[83.502646,29.259469],[83.504098,29.255552],[83.508336,29.256968],[83.514723,29.255807],[83.514213,29.252593],[83.51598,29.248064],[83.519427,29.245047],[83.517682,29.240563],[83.522701,29.238244],[83.521369,29.235338],[83.51638,29.231382],[83.51505,29.227994],[83.518075,29.226644],[83.517763,29.220438],[83.520148,29.21713],[83.530362,29.213357],[83.530185,29.209187],[83.53595,29.20381],[83.551227,29.200016],[83.553598,29.201129],[83.555403,29.203991],[83.563104,29.206053],[83.565263,29.204253],[83.571963,29.202502],[83.57216,29.199175],[83.569343,29.196725],[83.569193,29.193443],[83.569854,29.190452],[83.575961,29.187385],[83.576837,29.183578],[83.575965,29.180167],[83.590072,29.174165],[83.596045,29.174921],[83.604311,29.178077],[83.607389,29.181034],[83.610106,29.180742],[83.614307,29.174779],[83.614621,29.171326],[83.622707,29.168288],[83.62658,29.165477],[83.629503,29.160523],[83.633282,29.158437],[83.641562,29.161189],[83.644281,29.163764],[83.643857,29.167008],[83.646022,29.168801],[83.649519,29.168429],[83.657285,29.176094],[83.662359,29.173445],[83.66599,29.169682],[83.661966,29.164924],[83.663206,29.155687],[83.672665,29.152433],[83.67636,29.147242],[83.675084,29.145282],[83.674833,29.13702],[83.679219,29.131653],[83.678739,29.125033],[83.680317,29.123433],[83.660133,29.124421],[83.651337,29.119061],[83.650506,29.113424],[83.652443,29.109197],[83.649804,29.10446],[83.646092,29.104101],[83.636213,29.107337],[83.628765,29.106831],[83.620513,29.097785],[83.615515,29.098301],[83.614883,29.094297],[83.616003,29.092576],[83.623311,29.088256],[83.6264,29.085677],[83.627746,29.082527],[83.630627,29.081],[83.629419,29.07156],[83.631413,29.064886],[83.630914,29.062428],[83.626485,29.062427],[83.619521,29.059684],[83.618073,29.055126],[83.618893,29.045751],[83.612457,29.035944],[83.61528,29.02757],[83.614014,29.02234],[83.616447,29.018883],[83.615265,29.016712],[83.611847,29.014723],[83.616867,29.00616],[83.61438,28.998623],[83.615395,28.994681],[83.614922,28.987677],[83.610109,28.98293],[83.60917,28.980236],[83.604433,28.980133],[83.599071,28.985621],[83.591968,28.98363],[83.586819,28.976964],[83.587292,28.972521],[83.585347,28.967684],[83.581548,28.96493],[83.58251,28.961268],[83.579954,28.956138],[83.574782,28.95388],[83.571167,28.947247],[83.566872,28.943325],[83.562119,28.945168],[83.558557,28.944826],[83.556909,28.941616],[83.557817,28.938393],[83.556398,28.933698],[83.54938,28.926872],[83.546108,28.921816],[83.535322,28.911361],[83.52851,28.908624],[83.527419,28.903839],[83.522804,28.897928],[83.514588,28.889508],[83.505999,28.884675],[83.499385,28.877192],[83.505915,28.865163],[83.506182,28.856943],[83.501949,28.851681],[83.50172,28.846123],[83.497853,28.842583],[83.491879,28.84643],[83.481535,28.844651],[83.480216,28.837752],[83.483466,28.832191],[83.479591,28.824156],[83.479987,28.817128],[83.485015,28.812189],[83.487929,28.802041],[83.486812,28.790511],[83.484276,28.786966],[83.483344,28.782812],[83.461069,28.780043],[83.456184,28.773723],[83.445989,28.768878],[83.442161,28.769634],[83.436318,28.768744],[83.410327,28.760595],[83.400168,28.760708],[83.3884,28.763029],[83.383248,28.756427],[83.377546,28.753949],[83.374231,28.744473],[83.361903,28.734108],[83.356145,28.733623],[83.349817,28.735986],[83.325453,28.737881],[83.312993,28.735592],[83.308468,28.732639],[83.3,28.73189],[83.3,29.5]]]}},
{"type":"Feature","properties":{"adm1_name":"Koshi","adm1_pcode":"NP01","adm0_name":"Nepal"},"geometry":{"type":"Polygon","coordinates":[[[86.8,26.712601],[86.799839,26.712598],[86.797387,26.710414],[86.794738,26.71042],[86.792366,26.708137],[86.783719,26.704478],[86.781286,26.701619],[86.77568,26.702583],[86.772996,26.7],[86.744796,26.7],[86.742166,26.70177],[86.74194,26.704961],[86.739379,26.70582],[86.739883,26.709829],[86.736834,26.712258],[86.733266,26.712017],[86.731654,26.710308],[86.7295,26.71124],[86.727359,26.709629],[86.722244,26.70957],[86.721186,26.707819],[86.717845,26.706752],[86.714547,26.708207],[86.706155,26.707098],[86.705884,26.705188],[86.703628,26.703918],[86.702785,26.7],[86.669573,26.7],[86.668885,26.701462],[86.664794,26.704413],[86.661964,26.7],[86.585968,26.7],[86.585936,26.700367],[86.58294,26.701757],[86.581087,26.708077],[86.583209,26.712134],[86.58011,26.713185],[86.579735,26.716618],[86.571964,26.722282],[86.572804,26.730701],[86.571589,26.733417],[86.573808,26.739507],[86.56384,26.74401],[86.556002,26.744509],[86.553064,26.745901],[86.561231,26.757961],[86.5677,26.764188],[86.568734,26.767985],[86.572596,26.768159],[86.572676,26.769969],[86.577109,26.775685],[86.577754,26.784363],[86.571396,26.784601],[86.566478,26.780894],[86.564905,26.782835],[86.565331,26.787692],[86.563775,26.791015],[86.561948,26.789428],[86.557446,26.790172],[86.556056,26.787963],[86.551256,26.786628],[86.548051,26.781872],[86.543345,26.783114],[86.543047,26.784183],[86.538443,26.783031],[86.536194,26.784321],[86.538087,26.787694],[86.534355,26.787232],[86.531159,26.788756],[86.530011,26.791135],[86.535587,26.795834],[86.536044,26.796968],[86.534287,26.798066],[86.535537,26.800225],[86.536823,26.800701],[86.540494,26.798206],[86.545742,26.803338],[86.544699,26.80623],[86.546985,26.807636],[86.550353,26.813532],[86.553355,26.814803],[86.551468,26.824337],[86.554517,26.830595],[86.551393,26.831598],[86.551903,26.835163],[86.54341,26.836454],[86.53955,26.835378],[86.537139,26.833342],[86.537089,26.83151],[86.524993,26.832404],[86.519519,26.831487],[86.520695,26.83481],[86.517638,26.843212],[86.51499,26.84337],[86.51471,26.841654],[86.512413,26.840374],[86.510855,26.843047],[86.511578,26.846517],[86.507127,26.846552],[86.505319,26.848159],[86.504649,26.856007],[86.500324,26.857555],[86.495978,26.856563],[86.493115,26.859554],[86.494219,26.860742],[86.492854,26.861387],[86.492761,26.86391],[86.488556,26.86686],[86.488037,26.869324],[86.482393,26.869497],[86.479832,26.87098],[86.479358,26.872792],[86.481141,26.874441],[86.479121,26.876158],[86.477277,26.883184],[86.480009,26.886633],[86.479439,26.888482],[86.476,26.887144],[86.457013,26.887316],[86.444816,26.891592],[86.433141,26.898212],[86.428127,26.902456],[86.422608,26.903095],[86.418327,26.90627],[86.407328,26.907107],[86.403343,26.909741],[86.401608,26.908242],[86.396412,26.909588],[86.393662,26.907969],[86.386282,26.907919],[86.38433,26.909305],[86.382563,26.908151],[86.383418,26.906564],[86.38268,26.902314],[86.376689,26.896498],[86.377115,26.892334],[86.37465,26.889765],[86.373926,26.883696],[86.369375,26.880111],[86.368534,26.877108],[86.369536,26.875233],[86.365926,26.872489],[86.362143,26.874823],[86.357887,26.874953],[86.35145,26.877818],[86.346182,26.877379],[86.340684,26.880104],[86.321228,26.878647],[86.317146,26.880486],[86.31415,26.878969],[86.310285,26.882689],[86.307081,26.881663],[86.298477,26.88577],[86.294071,26.885035],[86.287415,26.886631],[86.271102,26.882461],[86.268087,26.87807],[86.256825,26.872643],[86.254862,26.869627],[86.250116,26.867723],[86.246749,26.863772],[86.240684,26.866569],[86.234061,26.874713],[86.232225,26.875247],[86.227328,26.88061],[86.222773,26.882111],[86.218826,26.881766],[86.207673,26.887255],[86.200128,26.889051],[86.198256,26.892243],[86.19444,26.893999],[86.186933,26.894619],[86.185391,26.899924],[86.177881,26.900328],[86.173825,26.908104],[86.169066,26.910445],[86.168398,26.91354],[86.1611,26.914169],[86.156786,26.917356],[86.155874,26.919318],[86.157696,26.921782],[86.156122,26.926163],[86.157372,26.929912],[86.158413,26.925922],[86.170959,26.91989],[86.18674,26.90641],[86.191829,26.904122],[86.19985,26.905461],[86.203574,26.900005],[86.215783,26.89617],[86.217675,26.890558],[86.221319,26.888527],[86.223927,26.89098],[86.221997,26.899084],[86.224085,26.903768],[86.235995,26.903285],[86.24168,26.905457],[86.24613,26.915041],[86.252285,26.911497],[86.257885,26.912793],[86.259136,26.914379],[86.259632,26.922444],[86.261001,26.92493],[86.266081,26.929183],[86.278027,26.934378],[86.280893,26.942748],[86.280877,26.946658],[86.283354,26.949117],[86.296466,26.952324],[86.3096,26.961484],[86.314918,26.963379],[86.352864,26.964535],[86.365034,26.979907],[86.368062,26.995386],[86.366547,27.000264],[86.372986,27.003508],[86.373975,27.007281],[86.372092,27.010729],[86.374031,27.012796],[86.371871,27.015812],[86.375266,27.020536],[86.373924,27.023247],[86.379501,27.029078],[86.379254,27.031371],[86.38188,27.030063],[86.382506,27.031415],[86.378057,27.035082],[86.374853,27.034772],[86.372962,27.036479],[86.366871,27.037496],[86.363911,27.042578],[86.363177,27.054008],[86.351045,27.061556],[86.350754,27.066718],[86.347538,27.064494],[86.345964,27.066003],[86.346873,27.070472],[86.35075,27.069798],[86.351369,27.073765],[86.355129,27.075231],[86.35349,27.076834],[86.355161,27.081506],[86.356543,27.081429],[86.358163,27.083954],[86.357513,27.089229],[86.358666,27.09177],[86.356911,27.09412],[86.362507,27.099475],[86.355996,27.100059],[86.356036,27.103257],[86.354789,27.104215],[86.349934,27.104686],[86.348016,27.106153],[86.341073,27.106425],[86.332241,27.099818],[86.327715,27.100475],[86.322966,27.099047],[86.317036,27.102066],[86.311078,27.102901],[86.306314,27.108824],[86.311779,27.109455],[86.313121,27.110809],[86.324131,27.109872],[86.326095,27.110887],[86.330722,27.117232],[86.331891,27.121247],[86.333686,27.122133],[86.334491,27.126277],[86.336533,27.126524],[86.336308,27.127917],[86.334601,27.127943],[86.336322,27.129163],[86.334164,27.130193],[86.33583,27.131909],[86.335012,27.134055],[86.337834,27.133784],[86.338109,27.135701],[86.336458,27.136073],[86.336477,27.137968],[86.340783,27.140843],[86.34111,27.145097],[86.342915,27.147274],[86.344852,27.143826],[86.350191,27.14268],[86.355449,27.143217],[86.359039,27.139303],[86.36341,27.142055],[86.367796,27.140563],[86.370375,27.146937],[86.374104,27.147649],[86.370344,27.15099],[86.373486,27.154605],[86.373643,27.158918],[86.378982,27.163912],[86.378022,27.165483],[86.383029,27.173145],[86.384792,27.173356],[86.384437,27.176118],[86.389746,27.179864],[86.384091,27.182398],[86.378906,27.193219],[86.375241,27.193941],[86.368622,27.192479],[86.357962,27.201388],[86.350503,27.200758],[86.343458,27.202794],[86.339793,27.210293],[86.340036,27.214091],[86.343032,27.219606],[86.340867,27.228949],[86.33308,27.230983],[86.327592,27.230045],[86.315765,27.231364],[86.308883,27.23328],[86.305998,27.237138],[86.294811,27.238366],[86.287769,27.245618],[86.281198,27.245803],[86.277005,27.250129],[86.266547,27.253575],[86.266186,27.261009],[86.261459,27.25742],[86.257336,27.258061],[86.256462,27.254756],[86.252688,27.250261],[86.243077,27.247094],[86.23955,27.241262],[86.230006,27.237354],[86.221463,27.239798],[86.203464,27.250195],[86.205005,27.250326],[86.20462,27.254895],[86.207594,27.258856],[86.211017,27.260872],[86.211254,27.263766],[86.213982,27.266807],[86.213698,27.268852],[86.216118,27.267985],[86.218723,27.270642],[86.218867,27.272615],[86.223061,27.274393],[86.223616,27.277424],[86.22664,27.277579],[86.233927,27.285426],[86.240488,27.28871],[86.235339,27.29618],[86.237773,27.302429],[86.237109,27.306054],[86.233702,27.307443],[86.231202,27.314528],[86.228866,27.315569],[86.228795,27.31986],[86.22148,27.321001],[86.219206,27.322528],[86.219103,27.324041],[86.222174,27.327278],[86.217116,27.328369],[86.215544,27.333506],[86.217932,27.336954],[86.216506,27.342386],[86.218296,27.350818],[86.217009,27.353004],[86.221717,27.359903],[86.218935,27.36215],[86.224606,27.370512],[86.223694,27.378472],[86.221884,27.38202],[86.225678,27.384171],[86.224805,27.387343],[86.227278,27.38945],[86.226469,27.39329],[86.22779,27.398169],[86.236171,27.404517],[86.234438,27.408345],[86.237255,27.40961],[86.237507,27.412811],[86.241797,27.41894],[86.24434,27.419933],[86.246965,27.419187],[86.248149,27.420549],[86.247846,27.424424],[86.25187,27.428491],[86.251143,27.432451],[86.255379,27.435134],[86.256428,27.437134],[86.254112,27.440908],[86.255945,27.442048],[86.257232,27.446109],[86.263632,27.456082],[86.272337,27.461937],[86.279022,27.46486],[86.28097,27.464236],[86.282443,27.46611],[86.291949,27.470328],[86.292832,27.476426],[86.294923,27.478894],[86.305276,27.482782],[86.312796,27.491607],[86.315431,27.492376],[86.319276,27.498699],[86.324528,27.499665],[86.326137,27.504973],[86.330685,27.509862],[86.333093,27.510796],[86.334301,27.515644],[86.33816,27.520007],[86.34642,27.523449],[86.354828,27.524786],[86.357536,27.529541],[86.358419,27.539709],[86.364706,27.546613],[86.369538,27.549588],[86.370553,27.552181],[86.368626,27.556064],[86.369121,27.558124],[86.376523,27.568344],[86.380672,27.571366],[86.388144,27.572707],[86.389243,27.575108],[86.392609,27.577025],[86.398383,27.583397],[86.407696,27.584414],[86.409905,27.586461],[86.413337,27.586733],[86.417843,27.591318],[86.420066,27.598608],[86.430108,27.604173],[86.434674,27.610214],[86.469577,27.617057],[86.476505,27.615759],[86.483981,27.61717],[86.492381,27.613675],[86.495361,27.618769],[86.499746,27.620296],[86.500375,27.624667],[86.503836,27.6293],[86.504115,27.633552],[86.506243,27.635639],[86.50706,27.640527],[86.511268,27.642361],[86.513589,27.648129],[86.516699,27.646777],[86.5261,27.65034],[86.528711,27.655543],[86.526999,27.660111],[86.532898,27.662748],[86.535365,27.668284],[86.537916,27.670237],[86.538693,27.674917],[86.536487,27.67854],[86.538869,27.68309],[86.538865,27.68897],[86.540665,27.692737],[86.538997,27.696549],[86.540138,27.701541],[86.550845,27.710804],[86.551206,27.717479],[86.553431,27.719506],[86.556878,27.728704],[86.556201,27.732382],[86.558142,27.738365],[86.563159,27.744863],[86.56277,27.749272],[86.572645,27.754524],[86.570243,27.75928],[86.565954,27.762547],[86.563869,27.769539],[86.566087,27.778462],[86.565568,27.785692],[86.568714,27.791044],[86.568697,27.795313],[86.565513,27.799545],[86.566965,27.803933],[86.548092,27.81093],[86.542309,27.811096],[86.540235,27.814803],[86.540344,27.817576],[86.543416,27.821433],[86.543725,27.827007],[86.548755,27.840371],[86.550024,27.848339],[86.553985,27.857072],[86.554022,27.862884],[86.550909,27.876088],[86.554505,27.885463],[86.551545,27.897996],[86.554131,27.902631],[86.554318,27.90885],[86.549671,27.91906],[86.547685,27.930384],[86.539546,27.934824],[86.533607,27.942042],[86.523677,27.939747],[86.521614,27.94036],[86.518103,27.953129],[86.513293,27.960248],[86.512048,27.967179],[86.512366,27.968888],[86.518578,27.971455],[86.520032,27.974296],[86.515325,27.977664],[86.512719,27.984685],[86.515661,27.989931],[86.516341,27.998263],[86.514922,28.001421],[86.519673,28.005136],[86.519898,28.010152],[86.522111,28.016772],[86.52104,28.019278],[86.531338,28.027088],[86.530293,28.03191],[86.533252,28.038032],[86.533548,28.047125],[86.536394,28.050769],[86.548778,28.050686],[86.555679,28.056694],[86.558107,28.06338],[86.565223,28.068919],[86.565018,28.07152],[86.55849,28.0778],[86.559584,28.08263],[86.564198,28.086407],[86.566739,28.091774],[86.566446,28.094345],[86.561733,28.101633],[86.562223,28.107087],[86.568144,28.111747],[86.572107,28.110597],[86.57429,28.112987],[86.588256,28.108014],[86.58995,28.104102],[86.601162,28.102254],[86.604246,28.10007],[86.607898,28.092087],[86.602489,28.087494],[86.60371,28.082419],[86.608239,28.075943],[86.613867,28.073453],[86.621055,28.074727],[86.625403,28.074175],[86.634692,28.070658],[86.638853,28.073333],[86.649857,28.074772],[86.657831,28.081028],[86.661062,28.094965],[86.6635,28.097913],[86.672609,28.10226],[86.680327,28.103542],[86.68898,28.108593],[86.704949,28.107805],[86.707873,28.105943],[86.715341,28.107856],[86.726566,28.103612],[86.738161,28.10371],[86.741997,28.098422],[86.745746,28.098266],[86.748192,28.094887],[86.747263,28.086014],[86.750729,28.081273],[86.753261,28.079281],[86.760766,28.077645],[86.764813,28.074555],[86.755098,28.068119],[86.752581,28.063616],[86.750833,28.053598],[86.746748,28.050492],[86.747075,28.045604],[86.749214,28.044417],[86.7528,28.03786],[86.758549,28.034949],[86.77322,28.037997],[86.77999,28.03156],[86.779182,28.027276],[86.786088,28.023643],[86.789979,28.018862],[86.8,28.022591],[86.8,26.712601]]]}},
{"type":"Feature","properties":{"adm1_name":"Lumbini","adm1_pcode":"NP05","adm0_name":"Nepal"},"geometry":{"type":"Polygon","coordinates":[[[83.3,28.194067],[83.306186,28.19783],[83.316405,28.190328],[83.324882,28.190445],[83.330117,28.188997],[83.338052,28.190008],[83.344191,28.193359],[83.350211,28.194437],[83.352435,28.197694],[83.355418,28.197423],[83.355722,28.195663],[83.362404,28.192351],[83.364281,28.186065],[83.369783,28.182698],[83.370374,28.176469],[83.375217,28.174375],[83.384106,28.163771],[83.390012,28.167317],[83.394667,28.155861],[83.399658,28.150794],[83.406019,28.148426],[83.406689,28.14578],[83.411132,28.144033],[83.411254,28.140978],[83.413497,28.137744],[83.418103,28.137071],[83.419717,28.128746],[83.423198,28.125169],[83.426918,28.126087],[83.431797,28.129352],[83.436092,28.129378],[83.43864,28.130964],[83.443501,28.12586],[83.445903,28.125015],[83.451029,28.126375],[83.457393,28.132314],[83.462495,28.1299],[83.466608,28.13205],[83.473591,28.132269],[83.478136,28.130077],[83.476458,28.122599],[83.474009,28.118971],[83.482348,28.117186],[83.48566,28.113294],[83.489889,28.113594],[83.494432,28.11632],[83.499558,28.117458],[83.505367,28.125655],[83.510233,28.126943],[83.516916,28.121412],[83.520804,28.119961],[83.525226,28.120811],[83.531871,28.116516],[83.53804,28.120088],[83.544181,28.120826],[83.554174,28.117089],[83.555075,28.106554],[83.560242,28.104468],[83.564927,28.100711],[83.564982,28.098877],[83.562105,28.094633],[83.562527,28.092746],[83.567047,28.089676],[83.571492,28.089338],[83.575044,28.087533],[83.576294,28.081684],[83.58056,28.077481],[83.572426,28.073598],[83.567328,28.064903],[83.560845,28.064275],[83.563909,28.058026],[83.559049,28.043563],[83.55985,28.04214],[83.56393,28.040634],[83.561443,28.035692],[83.570332,28.032659],[83.578315,28.033924],[83.584178,28.026001],[83.589655,28.026073],[83.591035,28.021534],[83.596275,28.020667],[83.598703,28.015095],[83.603158,28.01389],[83.604803,28.01199],[83.605155,28.007416],[83.603031,28.002514],[83.603984,28.000127],[83.603203,27.997224],[83.593287,27.989386],[83.584026,27.987432],[83.585101,27.978857],[83.578994,27.979312],[83.578844,27.975722],[83.577489,27.974349],[83.570025,27.975973],[83.558614,27.973651],[83.556034,27.974171],[83.554215,27.976412],[83.549858,27.97675],[83.546128,27.971314],[83.541035,27.971364],[83.538395,27.969307],[83.534035,27.96839],[83.530916,27.964715],[83.52665,27.966422],[83.521738,27.963862],[83.511083,27.967433],[83.50029,27.97684],[83.491461,27.978552],[83.486298,27.981811],[83.482771,27.981624],[83.480843,27.98041],[83.478164,27.975258],[83.474904,27.974092],[83.466538,27.964167],[83.461487,27.953817],[83.455815,27.949774],[83.443375,27.944779],[83.442805,27.943053],[83.445301,27.939295],[83.440184,27.935089],[83.440177,27.932678],[83.448807,27.928419],[83.452547,27.932655],[83.460385,27.934356],[83.468145,27.928222],[83.483761,27.922659],[83.486102,27.923676],[83.490371,27.929118],[83.497871,27.926924],[83.505813,27.928507],[83.509697,27.932907],[83.50492,27.934394],[83.502801,27.937076],[83.505759,27.940175],[83.508601,27.940743],[83.516253,27.937332],[83.522855,27.929911],[83.521785,27.925856],[83.52397,27.924081],[83.530513,27.932083],[83.529891,27.937943],[83.530896,27.939126],[83.536693,27.937041],[83.536219,27.931218],[83.537812,27.928038],[83.545106,27.929211],[83.54835,27.928066],[83.552676,27.929513],[83.559751,27.934822],[83.565508,27.934608],[83.567054,27.936587],[83.567511,27.940322],[83.570909,27.942986],[83.576292,27.937182],[83.576175,27.935034],[83.573332,27.931632],[83.57451,27.930189],[83.592846,27.93114],[83.600587,27.923332],[83.610672,27.925125],[83.616324,27.930544],[83.618957,27.929259],[83.620273,27.926431],[83.626034,27.926018],[83.626629,27.924729],[83.620898,27.917607],[83.626877,27.914595],[83.633391,27.914103],[83.631359,27.910165],[83.632386,27.901953],[83.634199,27.899302],[83.640908,27.902345],[83.644654,27.89849],[83.648928,27.902296],[83.65486,27.902435],[83.665748,27.919738],[83.670183,27.924459],[83.67615,27.927386],[83.681884,27.924105],[83.679446,27.920059],[83.682939,27.916362],[83.685936,27.918093],[83.687604,27.922846],[83.689319,27.923861],[83.698217,27.916931],[83.701327,27.918454],[83.710926,27.916539],[83.718997,27.920163],[83.72302,27.913782],[83.733475,27.908627],[83.735007,27.904458],[83.742898,27.900035],[83.746176,27.899807],[83.747395,27.901359],[83.74585,27.903373],[83.742414,27.904599],[83.744627,27.907906],[83.750597,27.907034],[83.756995,27.903064],[83.758098,27.904618],[83.756065,27.909145],[83.762154,27.909916],[83.774949,27.903284],[83.780637,27.897228],[83.788479,27.885434],[83.797278,27.882437],[83.804012,27.874862],[83.807107,27.873185],[83.815939,27.874118],[83.8208,27.877716],[83.835825,27.869777],[83.840852,27.86824],[83.845393,27.868448],[83.847339,27.872557],[83.843544,27.879468],[83.845088,27.881577],[83.850911,27.881231],[83.851481,27.87454],[83.858269,27.873509],[83.860276,27.874328],[83.861105,27.876341],[83.859951,27.879925],[83.861006,27.882291],[83.87319,27.885565],[83.877436,27.888319],[83.880281,27.887342],[83.880881,27.882296],[83.88413,27.882497],[83.892264,27.886073],[83.899206,27.882807],[83.910017,27.880213],[83.91367,27.87772],[83.910203,27.873749],[83.910624,27.872662],[83.913708,27.871064],[83.920263,27.871483],[83.924654,27.868194],[83.932084,27.872428],[83.936716,27.877651],[83.939091,27.878036],[83.948347,27.869412],[83.952651,27.869849],[83.958166,27.872975],[83.967987,27.870234],[83.971432,27.872579],[83.974224,27.867952],[83.978336,27.866051],[83.994164,27.866197],[83.99665,27.864086],[83.997806,27.856033],[84.00025,27.854668],[84.006521,27.854736],[84.016982,27.851138],[84.02123,27.851181],[84.022484,27.852496],[84.021531,27.854615],[84.015239,27.858083],[84.017252,27.861278],[84.019968,27.86188],[84.022685,27.861092],[84.028423,27.85638],[84.022357,27.848421],[84.022206,27.84348],[84.020151,27.840816],[84.024907,27.835206],[84.02651,27.82961],[84.025186,27.828568],[84.026637,27.820558],[84.024894,27.818284],[84.021635,27.819079],[84.020014,27.817917],[84.019997,27.815257],[84.014966,27.811655],[84.01226,27.801179],[84.006695,27.797466],[84.000235,27.788581],[83.999425,27.775748],[83.994049,27.766434],[83.992757,27.761452],[83.992234,27.75356],[83.994222,27.751461],[83.989833,27.749203],[83.985284,27.748011],[83.980469,27.749375],[83.975962,27.747495],[83.972246,27.747851],[83.970627,27.749784],[83.96557,27.746915],[83.960391,27.748272],[83.958174,27.746462],[83.950392,27.747473],[83.94639,27.743728],[83.944665,27.744109],[83.92826,27.734253],[83.924871,27.730623],[83.924061,27.726787],[83.921361,27.72672],[83.918896,27.729521],[83.915862,27.728393],[83.913015,27.731049],[83.906522,27.731487],[83.90602,27.732473],[83.908094,27.734173],[83.904402,27.735639],[83.903007,27.730636],[83.900504,27.730404],[83.898761,27.731973],[83.896353,27.730016],[83.89299,27.731258],[83.888645,27.730176],[83.883522,27.735003],[83.880008,27.733421],[83.876673,27.735834],[83.875467,27.733157],[83.868978,27.734647],[83.851595,27.733235],[83.844852,27.73499],[83.841716,27.73041],[83.844,27.727263],[83.84441,27.716256],[83.848733,27.712003],[83.846166,27.709462],[83.838449,27.710908],[83.833492,27.713962],[83.824835,27.713987],[83.820331,27.710597],[83.815591,27.713463],[83.810814,27.714278],[83.801323,27.721288],[83.792224,27.721837],[83.786513,27.724666],[83.782215,27.725018],[83.763684,27.721622],[83.759716,27.722495],[83.756259,27.720142],[83.751026,27.720952],[83.74509,27.719102],[83.744047,27.717365],[83.739313,27.715006],[83.732206,27.714146],[83.728479,27.7091],[83.721459,27.710646],[83.72116,27.711965],[83.718634,27.711985],[83.714184,27.715613],[83.7059,27.715304],[83.700396,27.716772],[83.695038,27.715987],[83.691464,27.718774],[83.682124,27.72087],[83.676957,27.718572],[83.682677,27.718157],[83.689499,27.707726],[83.689657,27.698148],[83.70057,27.688694],[83.704502,27.682809],[83.701587,27.681413],[83.70216,27.679262],[83.699258,27.676385],[83.69874,27.66994],[83.695266,27.661463],[83.698255,27.662537],[83.703216,27.662132],[83.705788,27.658873],[83.707995,27.659099],[83.710281,27.661511],[83.715113,27.662676],[83.720342,27.669864],[83.725072,27.672427],[83.726333,27.671056],[83.72957,27.67129],[83.733047,27.669246],[83.74073,27.669642],[83.744675,27.666795],[83.758176,27.667392],[83.759061,27.663567],[83.762641,27.661166],[83.768155,27.666575],[83.783091,27.66698],[83.799603,27.665482],[83.806142,27.662838],[83.811738,27.662338],[83.809752,27.655442],[83.812518,27.653262],[83.80956,27.649664],[83.810062,27.648525],[83.806424,27.647527],[83.806645,27.64616],[83.808466,27.645833],[83.807727,27.643095],[83.810225,27.639918],[83.809746,27.635427],[83.802351,27.63224],[83.800906,27.62955],[83.804852,27.623329],[83.805105,27.62084],[83.797188,27.620242],[83.799849,27.612491],[83.797937,27.610029],[83.793927,27.60964],[83.790365,27.607168],[83.790449,27.605034],[83.800953,27.596126],[83.806101,27.596887],[83.809297,27.595373],[83.809856,27.593578],[83.808002,27.588692],[83.814972,27.589532],[83.821004,27.59269],[83.827656,27.589986],[83.830689,27.587388],[83.833329,27.587902],[83.835813,27.585993],[83.841399,27.572584],[83.831515,27.565646],[83.833146,27.561169],[83.8327,27.559149],[83.837266,27.551273],[83.835999,27.545022],[83.838047,27.545498],[83.839088,27.547721],[83.841756,27.549223],[83.842396,27.551171],[83.841083,27.554023],[83.843216,27.558141],[83.846919,27.560334],[83.850577,27.558977],[83.855138,27.548475],[83.858725,27.545532],[83.870364,27.54126],[83.882316,27.527857],[83.882626,27.523302],[83.881421,27.521415],[83.8782,27.520325],[83.875791,27.510167],[83.880726,27.507673],[83.887029,27.508355],[83.893826,27.504159],[83.897586,27.498763],[83.891576,27.499316],[83.8867,27.495677],[83.88354,27.496121],[83.881796,27.493665],[83.874609,27.489299],[83.877582,27.48515],[83.884982,27.481104],[83.88549,27.473544],[83.886553,27.47236],[83.883573,27.464129],[83.889686,27.46164],[83.887064,27.455722],[83.887631,27.446496],[83.888983,27.443478],[83.895441,27.437746],[83.87826,27.43383],[83.869261,27.429639],[83.867239,27.427207],[83.871156,27.412951],[83.875447,27.405897],[83.87273,27.392345],[83.893534,27.389731],[83.905151,27.389722],[83.905625,27.38858],[83.906263,27.382917],[83.904182,27.377724],[83.897237,27.370144],[83.892018,27.367713],[83.891273,27.362714],[83.887717,27.358361],[83.871318,27.351769],[83.86592,27.347685],[83.862507,27.346659],[83.829888,27.370288],[83.614731,27.469527],[83.388794,27.479666],[83.392301,27.476434],[83.388902,27.473134],[83.388554,27.470673],[83.395502,27.469668],[83.395453,27.466766],[83.397923,27.465556],[83.40128,27.46729],[83.402485,27.466339],[83.399733,27.463594],[83.399858,27.459956],[83.401875,27.457624],[83.398643,27.449039],[83.395961,27.446665],[83.391542,27.446756],[83.38993,27.444881],[83.383864,27.44237],[83.384032,27.440859],[83.386316,27.439304],[83.384175,27.436178],[83.38695,27.432682],[83.391732,27.429749],[83.393168,27.424686],[83.395736,27.422511],[83.401028,27.420925],[83.399704,27.41911],[83.405506,27.418801],[83.40707,27.415287],[83.40932,27.414954],[83.409534,27.41264],[83.406348,27.411893],[83.405478,27.405493],[83.402376,27.400897],[83.397453,27.398001],[83.396549,27.396039],[83.392561,27.39569],[83.388254,27.391637],[83.384756,27.390358],[83.385002,27.385941],[83.387991,27.383719],[83.386391,27.380526],[83.388045,27.375874],[83.382779,27.370957],[83.374723,27.369953],[83.37229,27.364928],[83.373998,27.360211],[83.373702,27.357295],[83.369633,27.35815],[83.367982,27.355748],[83.364513,27.355767],[83.357887,27.350757],[83.359185,27.34815],[83.359143,27.343247],[83.35587,27.344615],[83.351086,27.342607],[83.352368,27.339984],[83.343978,27.338212],[83.343159,27.335059],[83.337498,27.332796],[83.334924,27.333686],[83.331678,27.332701],[83.328853,27.334431],[83.326941,27.334068],[83.324451,27.336811],[83.318147,27.337401],[83.318558,27.335916],[83.315432,27.332839],[83.317484,27.330148],[83.308037,27.333547],[83.304699,27.331391],[83.300429,27.334447],[83.3,27.334367],[83.3,28.194067]]]}},
{"type":"Feature","properties":{"adm1_name":"Madhesh","adm1_pcode":"NP02","adm0_name":"Nepal"},"geometry":{"type":"MultiPolygon","coordinates":[[[[86.8,26.7],[86.772996,26.7],[86.77568,26.702583],[86.781286,26.701619],[86.783719,26.704478],[86.792366,26.708137],[86.794738,26.71042],[86.797387,26.710414],[86.799839,26.712598],[86.8,26.712601],[86.8,26.7]]],[[[86.702785,26.7],[86.703628,26.703918],[86.705884,26.705188],[86.706155,26.707098],[86.714547,26.708207],[86.717845,26.706752],[86.721186,26.707819],[86.722244,26.70957],[86.727359,26.709629],[86.7295,26.71124],[86.731654,26.710308],[86.733266,26.712017],[86.736834,26.712258],[86.739883,26.709829],[86.739379,26.70582],[86.74194,26.704961],[86.742166,26.70177],[86.744796,26.7],[86.702785,26.7]]],[[[86.661964,26.7],[86.664794,26.704413],[86.668885,26.701462],[86.669573,26.7],[86.661964,26.7]]],[[[85.723996,26.7],[85.724808,26.700347],[85.724372,26.703213],[85.726291,26.706473],[85.72478,26.709616],[85.727763,26.717783],[85.725881,26.721295],[85.727936,26.725054],[85.729383,26.725169],[85.728129,26.729715],[85.731306,26.730597],[85.729749,26.734527],[85.733967,26.737425],[85.728608,26.749983],[85.734892,26.777432],[85.734317,26.795854],[85.728439,26.802797],[85.728589,26.808108],[85.720583,26.820528],[85.70416,26.832183],[85.679286,26.843676],[85.642244,26.853217],[85.634285,26.872211],[85.62335,26.873565],[85.606805,26.85724],[85.585064,26.847173],[85.584648,26.85038],[85.58625,26.852589],[85.583643,26.858135],[85.581633,26.858535],[85.580032,26.856326],[85.578058,26.85636],[85.578049,26.859516],[85.575211,26.861033],[85.571942,26.856919],[85.565588,26.840933],[85.557521,26.843998],[85.553286,26.834299],[85.542872,26.838366],[85.519686,26.814395],[85.507374,26.816791],[85.497639,26.812036],[85.498762,26.810563],[85.496669,26.809293],[85.497852,26.807761],[85.496865,26.802918],[85.49537,26.801386],[85.496808,26.799482],[85.495741,26.796985],[85.479689,26.802336],[85.478734,26.794334],[85.477485,26.792448],[85.473195,26.790026],[85.465343,26.787942],[85.464107,26.788882],[85.458132,26.784835],[85.459138,26.784123],[85.454623,26.781853],[85.453394,26.781518],[85.453613,26.782526],[85.451887,26.781272],[85.432464,26.790099],[85.429624,26.786586],[85.425369,26.7859],[85.417695,26.79037],[85.407596,26.791217],[85.402656,26.782862],[85.397659,26.778482],[85.392282,26.775393],[85.384113,26.774144],[85.375128,26.760645],[85.369268,26.758231],[85.363497,26.760367],[85.36149,26.763078],[85.355181,26.760252],[85.334404,26.741509],[85.324001,26.745354],[85.322728,26.744851],[85.319144,26.748993],[85.306554,26.752176],[85.260189,26.755204],[85.251345,26.759224],[85.240118,26.761877],[85.23134,26.762233],[85.211667,26.757877],[85.205786,26.761494],[85.20039,26.768852],[85.197019,26.769919],[85.191538,26.78211],[85.194707,26.784333],[85.193259,26.790552],[85.191295,26.791474],[85.186495,26.790889],[85.186776,26.795027],[85.182276,26.794652],[85.180239,26.795736],[85.179391,26.798351],[85.182325,26.800831],[85.176643,26.809655],[85.176893,26.815125],[85.184759,26.822265],[85.191065,26.831206],[85.192621,26.838805],[85.190585,26.847105],[85.192725,26.862946],[85.192476,26.86671],[85.189756,26.870069],[85.167125,26.868473],[85.153619,26.870608],[85.139903,26.871121],[85.134049,26.86777],[85.123319,26.871398],[85.111037,26.872434],[85.109447,26.870872],[85.099386,26.871054],[85.095982,26.867037],[85.090167,26.869088],[85.089692,26.867887],[85.088486,26.868343],[85.088923,26.867329],[85.086586,26.867362],[85.085585,26.864516],[85.089244,26.859549],[85.08692,26.859194],[85.087335,26.856725],[85.08424,26.855436],[85.087322,26.854065],[85.087102,26.852864],[85.083566,26.853762],[85.083339,26.856591],[85.081016,26.855562],[85.081416,26.857102],[85.079816,26.856505],[85.078164,26.858774],[85.076678,26.857894],[85.078112,26.855783],[85.076311,26.856956],[85.075976,26.855695],[85.066342,26.853965],[85.065782,26.850966],[85.063842,26.849645],[85.062541,26.850039],[85.061457,26.853837],[85.064544,26.856826],[85.062392,26.856398],[85.063407,26.857719],[85.062594,26.858188],[85.060814,26.856741],[85.062373,26.855559],[85.060672,26.853895],[85.057805,26.856069],[85.05663,26.852558],[85.05835,26.850059],[85.057303,26.849146],[85.021909,26.854853],[85.022351,26.856465],[85.028646,26.859287],[85.028789,26.862384],[85.027246,26.86286],[85.026494,26.866501],[85.030061,26.867666],[85.02779,26.870614],[85.029168,26.875252],[85.035995,26.87508],[85.03725,26.87582],[85.037338,26.87806],[85.039382,26.875251],[85.041579,26.874563],[85.041252,26.877446],[85.043029,26.879635],[85.045789,26.878543],[85.052121,26.881244],[85.051998,26.882599],[85.04972,26.882311],[85.048261,26.88519],[85.05054,26.883194],[85.051996,26.884819],[85.05373,26.884707],[85.055074,26.881423],[85.060126,26.88692],[85.059318,26.887289],[85.058556,26.885316],[85.054179,26.886944],[85.051648,26.886176],[85.051075,26.887554],[85.053081,26.889031],[85.035725,26.891404],[85.022414,26.891742],[85.019565,26.893096],[85.003768,26.895069],[84.992617,26.902882],[84.993032,26.905587],[84.995721,26.90661],[85.002096,26.903384],[85.000524,26.906524],[85.000446,26.908813],[85.00164,26.909815],[84.999403,26.912155],[84.967506,26.916233],[84.970572,26.917061],[84.970069,26.920329],[84.971751,26.92196],[84.969299,26.924958],[84.971786,26.926159],[84.97006,26.928959],[84.973709,26.931924],[84.976472,26.93204],[84.978096,26.935851],[84.974704,26.939548],[84.978159,26.940266],[84.965685,26.956517],[84.965776,26.958294],[84.963335,26.958642],[84.962205,26.960464],[84.956532,26.961004],[84.953224,26.959704],[84.929301,26.968659],[84.92392,26.967541],[84.917132,26.968944],[84.90983,26.967953],[84.901814,26.970195],[84.899303,26.969812],[84.895508,26.972916],[84.891963,26.972264],[84.892731,26.969545],[84.891333,26.969793],[84.890059,26.971319],[84.890544,26.974692],[84.888756,26.975696],[84.888452,26.977489],[84.871362,26.981892],[84.868837,26.98276],[84.868927,26.983951],[84.867498,26.983123],[84.864654,26.984174],[84.861784,26.987079],[84.858749,26.987949],[84.858903,26.989096],[84.855968,26.986524],[84.855254,26.988211],[84.857257,26.990645],[84.85477,26.992515],[84.857564,26.992575],[84.857909,26.995237],[84.856672,26.996384],[84.857693,26.997682],[84.854261,26.998818],[84.849988,26.998356],[84.851723,26.999402],[84.852528,27.00177],[84.851103,27.003006],[84.852742,27.006036],[84.855232,27.007183],[84.854583,27.008195],[84.838347,27.014042],[84.825471,27.020892],[84.816636,27.020776],[84.813353,27.018182],[84.811941,27.020756],[84.812314,27.015839],[84.810774,27.016155],[84.810486,27.018285],[84.808937,27.018208],[84.806814,27.014659],[84.807474,27.013744],[84.810003,27.015045],[84.810785,27.013829],[84.809745,27.010893],[84.808002,27.012125],[84.806641,27.010506],[84.806805,27.008184],[84.808197,27.007765],[84.801255,27.004371],[84.800146,27.000706],[84.798957,27.003488],[84.797006,27.004149],[84.793459,26.995784],[84.790463,26.997367],[84.791857,26.997989],[84.790806,26.999606],[84.789384,26.997138],[84.788301,26.997239],[84.788325,26.9988],[84.786191,26.998501],[84.787671,27.003082],[84.786846,27.005406],[84.78868,27.008916],[84.786681,27.008905],[84.785702,27.010961],[84.78516,27.007999],[84.784111,27.00801],[84.782526,27.014126],[84.77296,27.017803],[84.764595,27.012943],[84.760456,27.005138],[84.756646,27.002821],[84.729557,27.014941],[84.727493,27.013487],[84.721279,27.014302],[84.713943,27.021467],[84.709484,27.021436],[84.70132,27.026994],[84.679803,27.032212],[84.642666,27.046444],[84.642645,27.048502],[84.644301,27.049027],[84.643122,27.051],[84.646221,27.051344],[84.644496,27.056221],[84.645653,27.058592],[84.642862,27.059665],[84.645214,27.063912],[84.643355,27.065961],[84.64731,27.071107],[84.646211,27.075555],[84.64746,27.076542],[84.648571,27.074705],[84.649541,27.077246],[84.651994,27.07839],[84.652974,27.07767],[84.6529,27.0807],[84.655933,27.079132],[84.657787,27.080389],[84.658161,27.079568],[84.658239,27.081097],[84.654018,27.08192],[84.65505,27.08431],[84.657696,27.082551],[84.658552,27.084399],[84.662829,27.086827],[84.664685,27.086372],[84.66312,27.089186],[84.665942,27.087659],[84.666403,27.090488],[84.668509,27.089835],[84.670236,27.090942],[84.666751,27.092946],[84.664361,27.092536],[84.664678,27.094623],[84.667472,27.093559],[84.669821,27.098135],[84.673714,27.095765],[84.674543,27.09644],[84.675467,27.103225],[84.673584,27.107005],[84.674705,27.108732],[84.670896,27.107207],[84.669795,27.110382],[84.672544,27.114043],[84.676875,27.115168],[84.676899,27.119126],[84.675153,27.120797],[84.675495,27.123446],[84.677401,27.124423],[84.678794,27.127409],[84.677707,27.129307],[84.679077,27.132703],[84.677259,27.133341],[84.679937,27.135932],[84.683462,27.143605],[84.68312,27.149953],[84.680259,27.151975],[84.682354,27.152656],[84.682222,27.154224],[84.686645,27.158503],[84.684246,27.160823],[84.681407,27.159262],[84.67682,27.162545],[84.677257,27.166462],[84.680116,27.167371],[84.680801,27.168785],[84.679754,27.170216],[84.675988,27.169609],[84.675159,27.170892],[84.683587,27.177903],[84.681387,27.180032],[84.685276,27.180812],[84.683464,27.182073],[84.683699,27.18422],[84.681264,27.183437],[84.681471,27.185833],[84.679125,27.185645],[84.68178,27.188385],[84.683453,27.196568],[84.680426,27.200648],[84.687172,27.209074],[84.684594,27.213008],[84.686707,27.213264],[84.687555,27.215067],[84.690856,27.214968],[84.68937,27.218197],[84.689452,27.223472],[84.686931,27.223974],[84.685124,27.226426],[84.685585,27.22899],[84.681828,27.236627],[84.647901,27.297847],[84.622258,27.336291],[84.618305,27.337802],[84.60765,27.335374],[84.601483,27.338681],[84.58637,27.341291],[84.564921,27.347521],[84.533487,27.350108],[84.52069,27.353647],[84.515299,27.352758],[84.510272,27.354527],[84.503617,27.354655],[84.502302,27.355759],[84.485774,27.358513],[84.484007,27.363723],[84.483829,27.366354],[84.487048,27.368944],[84.487813,27.371464],[84.492516,27.372867],[84.495227,27.376619],[84.501605,27.376517],[84.502436,27.379925],[84.503965,27.381102],[84.509845,27.380724],[84.511544,27.382528],[84.519756,27.384014],[84.530337,27.380977],[84.532374,27.383925],[84.539551,27.385843],[84.535422,27.392395],[84.534612,27.401724],[84.537341,27.403766],[84.545757,27.403765],[84.546772,27.404598],[84.546119,27.408146],[84.544845,27.409917],[84.534247,27.412321],[84.532369,27.414347],[84.536572,27.415331],[84.538663,27.418308],[84.541604,27.419429],[84.543318,27.417895],[84.54824,27.417954],[84.547701,27.426686],[84.550729,27.432662],[84.551191,27.43713],[84.556098,27.442293],[84.558123,27.460017],[84.561536,27.462959],[84.565151,27.463085],[84.567715,27.460464],[84.573066,27.4587],[84.573398,27.45619],[84.57574,27.453906],[84.581782,27.454316],[84.582319,27.456423],[84.584654,27.456416],[84.590938,27.453176],[84.597259,27.454388],[84.601156,27.451073],[84.60671,27.454248],[84.609912,27.451976],[84.620274,27.451079],[84.621665,27.451897],[84.622745,27.449712],[84.628164,27.4508],[84.634824,27.444401],[84.639629,27.444462],[84.642862,27.442838],[84.643396,27.436555],[84.647547,27.429065],[84.656324,27.432613],[84.661618,27.432961],[84.662643,27.429669],[84.670588,27.429008],[84.680741,27.429823],[84.690489,27.432453],[84.700634,27.43189],[84.704802,27.43295],[84.718816,27.431188],[84.720693,27.437668],[84.724609,27.441379],[84.725956,27.44461],[84.734578,27.444192],[84.734389,27.442039],[84.738011,27.442293],[84.739337,27.440413],[84.743205,27.441999],[84.748663,27.43768],[84.755198,27.435651],[84.758212,27.437514],[84.768238,27.437014],[84.770167,27.438833],[84.774325,27.438754],[84.779929,27.435018],[84.784354,27.43523],[84.786099,27.436795],[84.790827,27.437682],[84.797064,27.435203],[84.797306,27.432688],[84.799749,27.430086],[84.809126,27.424448],[84.810009,27.41591],[84.815363,27.418932],[84.819275,27.419418],[84.825501,27.419517],[84.829648,27.416207],[84.833588,27.417671],[84.837592,27.41431],[84.840282,27.414734],[84.84076,27.411978],[84.844014,27.411958],[84.845494,27.409132],[84.847509,27.408548],[84.851227,27.403921],[84.850298,27.402871],[84.851777,27.398498],[84.858161,27.398547],[84.863981,27.396925],[84.871394,27.399212],[84.876611,27.397593],[84.878651,27.396046],[84.878413,27.393191],[84.881734,27.388001],[84.889774,27.389259],[84.891204,27.387226],[84.896584,27.385445],[84.897707,27.379217],[84.901151,27.374642],[84.906319,27.377339],[84.908341,27.377188],[84.914034,27.37274],[84.921615,27.370594],[84.926054,27.364175],[84.93084,27.365705],[84.933284,27.364551],[84.935758,27.366432],[84.940768,27.365708],[84.940865,27.363131],[84.945319,27.362365],[84.944837,27.360166],[84.949299,27.362248],[84.951674,27.366936],[84.954266,27.366298],[84.956179,27.364184],[84.953668,27.361406],[84.956651,27.359104],[84.964077,27.363631],[84.965465,27.358496],[84.972223,27.355112],[84.977341,27.35606],[84.978502,27.359522],[84.981417,27.36213],[84.988209,27.361633],[84.994707,27.365415],[84.997358,27.364677],[84.998763,27.365515],[85.000524,27.362023],[85.000801,27.3557],[85.003861,27.352794],[85.013087,27.355331],[85.021379,27.352024],[85.020843,27.356667],[85.024446,27.358628],[85.031836,27.360482],[85.036371,27.357326],[85.039868,27.35927],[85.042925,27.359019],[85.044664,27.361553],[85.052259,27.36313],[85.056059,27.365599],[85.05995,27.363281],[85.059639,27.361362],[85.06136,27.360374],[85.065377,27.362561],[85.067199,27.360341],[85.069601,27.36242],[85.069306,27.36425],[85.0707,27.364339],[85.084999,27.361665],[85.086945,27.360854],[85.08795,27.358139],[85.091223,27.356518],[85.090514,27.353324],[85.09219,27.35235],[85.092981,27.348551],[85.091975,27.340126],[85.094784,27.332399],[85.103114,27.323239],[85.103959,27.31999],[85.117042,27.317409],[85.118903,27.314321],[85.120763,27.302101],[85.125417,27.301071],[85.127003,27.295551],[85.126278,27.292842],[85.136632,27.290164],[85.139262,27.285592],[85.144666,27.282913],[85.145162,27.272901],[85.150954,27.268542],[85.151678,27.265682],[85.155878,27.262064],[85.161325,27.262026],[85.167586,27.260119],[85.170834,27.254716],[85.174928,27.253578],[85.180843,27.254514],[85.177188,27.24957],[85.179026,27.248386],[85.192785,27.245019],[85.197801,27.245989],[85.199482,27.249142],[85.202337,27.25018],[85.206623,27.248273],[85.208286,27.245319],[85.215079,27.24674],[85.217103,27.244615],[85.219812,27.243955],[85.224597,27.245423],[85.231681,27.243324],[85.236557,27.247615],[85.242334,27.248723],[85.24545,27.246527],[85.251404,27.244906],[85.253288,27.238191],[85.257978,27.23414],[85.256833,27.231075],[85.257677,27.229148],[85.261796,27.226584],[85.26726,27.22621],[85.271832,27.229216],[85.27942,27.228703],[85.280515,27.231147],[85.288627,27.231075],[85.292911,27.232849],[85.303922,27.229855],[85.307278,27.231764],[85.312197,27.230479],[85.317295,27.22716],[85.332699,27.22294],[85.337492,27.219749],[85.348632,27.222109],[85.353607,27.215714],[85.356657,27.213133],[85.358351,27.213234],[85.359534,27.21073],[85.362441,27.212703],[85.369261,27.211912],[85.372699,27.209976],[85.376476,27.212026],[85.385047,27.207355],[85.393369,27.210348],[85.397155,27.206134],[85.39601,27.200706],[85.397168,27.197599],[85.403398,27.196305],[85.409163,27.196927],[85.418163,27.190059],[85.426515,27.193031],[85.428499,27.191373],[85.433572,27.190362],[85.436451,27.187271],[85.447987,27.186713],[85.450055,27.183621],[85.449367,27.180384],[85.453237,27.177659],[85.452115,27.173148],[85.452808,27.168353],[85.455354,27.167959],[85.457097,27.166071],[85.466735,27.166079],[85.469298,27.162566],[85.472152,27.161823],[85.486086,27.164341],[85.493939,27.169848],[85.495068,27.173603],[85.500826,27.175706],[85.50327,27.172513],[85.499446,27.167631],[85.503232,27.165794],[85.503841,27.163385],[85.49303,27.16211],[85.489403,27.154537],[85.491107,27.154014],[85.496108,27.145943],[85.50092,27.143476],[85.507964,27.143682],[85.512479,27.141902],[85.515846,27.142588],[85.520659,27.140816],[85.527978,27.140331],[85.530937,27.141133],[85.533048,27.146392],[85.536538,27.148783],[85.542133,27.146161],[85.542206,27.144463],[85.545832,27.143874],[85.54705,27.142375],[85.54667,27.140568],[85.551613,27.140493],[85.549077,27.142558],[85.54965,27.145644],[85.553438,27.14673],[85.558928,27.143813],[85.5619,27.144583],[85.568803,27.143429],[85.570968,27.136999],[85.578464,27.143385],[85.580591,27.143876],[85.583767,27.142547],[85.588945,27.142857],[85.594569,27.140565],[85.599932,27.143553],[85.604862,27.13955],[85.612668,27.141649],[85.619965,27.138748],[85.622688,27.140606],[85.629653,27.137354],[85.633342,27.141279],[85.639789,27.142873],[85.641621,27.142077],[85.646666,27.144549],[85.650171,27.150356],[85.653378,27.152827],[85.656216,27.152548],[85.655949,27.155004],[85.662328,27.156094],[85.665605,27.162172],[85.669499,27.163964],[85.67096,27.166394],[85.677417,27.167116],[85.681601,27.169278],[85.685747,27.17634],[85.690012,27.177691],[85.693621,27.180976],[85.694775,27.184023],[85.698833,27.1862],[85.703612,27.184717],[85.716739,27.187773],[85.723537,27.195167],[85.743071,27.187476],[85.747432,27.188278],[85.750207,27.185938],[85.757867,27.185009],[85.763026,27.182447],[85.769327,27.182098],[85.772798,27.178666],[85.787992,27.173717],[85.793576,27.168398],[85.798885,27.16718],[85.80888,27.161613],[85.815745,27.161232],[85.824454,27.168188],[85.830572,27.1671],[85.843433,27.159861],[85.839639,27.152519],[85.834532,27.149641],[85.835538,27.147016],[85.845423,27.140862],[85.853405,27.13797],[85.854782,27.133917],[85.858283,27.13257],[85.862351,27.127095],[85.863563,27.126997],[85.868184,27.133525],[85.882905,27.146334],[85.886455,27.145697],[85.890758,27.14125],[85.892938,27.141044],[85.901774,27.135349],[85.911954,27.132145],[85.913997,27.129661],[85.929144,27.125531],[85.938012,27.121362],[85.935781,27.110127],[85.944013,27.092006],[85.947962,27.088148],[85.950859,27.087755],[85.949829,27.083947],[85.955487,27.08417],[85.961896,27.079775],[85.963098,27.073155],[85.965368,27.073729],[85.966768,27.070341],[85.965952,27.067125],[85.969574,27.060965],[85.970785,27.050895],[85.982369,27.036792],[85.982519,27.034961],[85.985643,27.033128],[85.987511,27.028293],[85.991551,27.024773],[86.001752,27.020936],[86.005638,27.02196],[86.010758,27.020444],[86.012177,27.018615],[86.014847,27.020071],[86.020983,27.019155],[86.030224,27.020722],[86.042022,27.01951],[86.047415,27.021326],[86.048946,27.018943],[86.055148,27.018161],[86.088378,27.019098],[86.099954,27.017214],[86.125152,27.007269],[86.140262,26.999232],[86.154398,26.993713],[86.16297,26.991819],[86.167075,26.988734],[86.169996,26.989036],[86.178765,26.984369],[86.187461,26.982375],[86.187146,26.97738],[86.191404,26.978508],[86.192446,26.974974],[86.198494,26.970477],[86.210087,26.965491],[86.218345,26.957698],[86.218884,26.954055],[86.221574,26.95481],[86.227669,26.949096],[86.234474,26.950122],[86.235263,26.946687],[86.241293,26.939817],[86.2553,26.932376],[86.25781,26.928298],[86.256714,26.923211],[86.259568,26.919068],[86.259136,26.914379],[86.256343,26.911679],[86.253376,26.911314],[86.24613,26.915041],[86.24168,26.905457],[86.235995,26.903285],[86.224085,26.903768],[86.222043,26.900219],[86.223948,26.89205],[86.222306,26.888914],[86.220493,26.888509],[86.217985,26.890201],[86.215783,26.89617],[86.203574,26.900005],[86.19985,26.905461],[86.191829,26.904122],[86.18674,26.90641],[86.170959,26.91989],[86.158413,26.925922],[86.157372,26.929912],[86.15613,26.925895],[86.157696,26.921782],[86.155808,26.918898],[86.160653,26.914317],[86.168398,26.91354],[86.169066,26.910445],[86.173825,26.908104],[86.177881,26.900328],[86.185391,26.899924],[86.186933,26.894619],[86.19444,26.893999],[86.198256,26.892243],[86.200128,26.889051],[86.207673,26.887255],[86.218826,26.881766],[86.222773,26.882111],[86.227328,26.88061],[86.232225,26.875247],[86.234061,26.874713],[86.240684,26.866569],[86.243883,26.86463],[86.246861,26.86382],[86.250116,26.867723],[86.254862,26.869627],[86.256825,26.872643],[86.268087,26.87807],[86.271102,26.882461],[86.287415,26.886631],[86.294071,26.885035],[86.298477,26.88577],[86.307081,26.881663],[86.310285,26.882689],[86.31415,26.878969],[86.317146,26.880486],[86.321228,26.878647],[86.340684,26.880104],[86.346182,26.877379],[86.35145,26.877818],[86.357887,26.874953],[86.362143,26.874823],[86.365926,26.872489],[86.369536,26.875233],[86.368534,26.877108],[86.369375,26.880111],[86.373926,26.883696],[86.37465,26.889765],[86.377115,26.892334],[86.376689,26.896498],[86.38268,26.902314],[86.383418,26.906564],[86.382563,26.908151],[86.38433,26.909305],[86.386282,26.907919],[86.393662,26.907969],[86.396412,26.909588],[86.401608,26.908242],[86.403343,26.909741],[86.407328,26.907107],[86.418327,26.90627],[86.422608,26.903095],[86.428127,26.902456],[86.433141,26.898212],[86.444816,26.891592],[86.457013,26.887316],[86.476,26.887144],[86.479439,26.888482],[86.480009,26.886633],[86.477277,26.883184],[86.479121,26.876158],[86.481141,26.874441],[86.479358,26.872792],[86.479832,26.87098],[86.482393,26.869497],[86.488037,26.869324],[86.488556,26.86686],[86.492761,26.86391],[86.492854,26.861387],[86.494219,26.860742],[86.493115,26.859554],[86.495978,26.856563],[86.500324,26.857555],[86.504649,26.856007],[86.505319,26.848159],[86.507127,26.846552],[86.511578,26.846517],[86.510855,26.843047],[86.512413,26.840374],[86.51471,26.841654],[86.51499,26.84337],[86.517638,26.843212],[86.520695,26.83481],[86.519519,26.831487],[86.524993,26.832404],[86.537089,26.83151],[86.537139,26.833342],[86.540353,26.835823],[86.546577,26.836692],[86.551668,26.83542],[86.551393,26.831598],[86.554396,26.830845],[86.553785,26.82742],[86.551468,26.824337],[86.553355,26.814803],[86.550353,26.813532],[86.546985,26.807636],[86.544699,26.80623],[86.545742,26.803338],[86.540494,26.798206],[86.536823,26.800701],[86.535537,26.800225],[86.534287,26.798066],[86.536044,26.796968],[86.535587,26.795834],[86.530011,26.791135],[86.531159,26.788756],[86.534355,26.787232],[86.538087,26.787694],[86.536194,26.784321],[86.538443,26.783031],[86.543047,26.784183],[86.543345,26.783114],[86.548051,26.781872],[86.551256,26.786628],[86.556056,26.787963],[86.557446,26.790172],[86.561948,26.789428],[86.563775,26.791015],[86.565331,26.787692],[86.564905,26.782835],[86.566478,26.780894],[86.571396,26.784601],[86.577754,26.784363],[86.577109,26.775685],[86.572676,26.769969],[86.572596,26.768159],[86.568734,26.767985],[86.5677,26.764188],[86.561231,26.757961],[86.553019,26.746055],[86.556002,26.744509],[86.56384,26.74401],[86.573808,26.739507],[86.571589,26.733417],[86.572804,26.730701],[86.571964,26.722282],[86.579735,26.716618],[86.58011,26.713185],[86.583209,26.712134],[86.581087,26.708077],[86.58294,26.701757],[86.585936,26.700367],[86.586,26.7],[85.723996,26.7]]]]}}
]
}
