{
"type": "FeatureCollection",
"name": "npl_admin2",
"crs": { "type": "name", "properties": { "name": "urn:ogc:def:crs:OGC:1.3:CRS84" } },
"xy_coordinate_resolution": 1e-06,
"features": [
{"type":"Feature","properties":{"adm2_name":"Solukhumbu","adm2_pcode":"NP0111","adm1_name":"Koshi","adm1_pcode":"NP01"},"geometry":{"type":"Polygon","coordinates":[[[86.8,27.413541],[86.798405,27.412769],[86.794672,27.412389],[86.791179,27.410901],[86.788486,27.407393],[86.787,27.407497],[86.781722,27.410781],[86.770443,27.411431],[86.767311,27.408519],[86.765466,27.408618],[86.761444,27.402392],[86.760013,27.401731],[86.759436,27.40002],[86.75741,27.398529],[86.756493,27.400497],[86.753348,27.397387],[86.751636,27.394415],[86.747439,27.395463],[86.746508,27.396333],[86.741038,27.397464],[86.737201,27.396708],[86.734023,27.394518],[86.724373,27.395284],[86.720917,27.394837],[86.718315,27.395638],[86.714873,27.395188],[86.709641,27.395536],[86.696196,27.393292],[86.687844,27.393384],[86.684181,27.392546],[86.680797,27.390153],[86.681221,27.385111],[86.683274,27.382067],[86.683379,27.380962],[86.682244,27.378626],[86.682158,27.372886],[86.678648,27.365942],[86.679806,27.364302],[86.678958,27.360112],[86.679862,27.357357],[86.678468,27.353475],[86.670514,27.352554],[86.657133,27.339719],[86.644014,27.338951],[86.641704,27.338234],[86.639616,27.338755],[86.634844,27.337995],[86.63089,27.338396],[86.606861,27.343373],[86.600507,27.342491],[86.598212,27.34134],[86.589548,27.343639],[86.581805,27.341937],[86.573999,27.341948],[86.570652,27.340703],[86.566562,27.346022],[86.563779,27.353322],[86.564095,27.361434],[86.56492,27.364377],[86.56432,27.365506],[86.561077,27.367316],[86.560409,27.369038],[86.55631,27.373418],[86.552657,27.374783],[86.547875,27.378283],[86.542114,27.384873],[86.540209,27.386108],[86.53597,27.387391],[86.531894,27.396736],[86.526375,27.398225],[86.525299,27.399259],[86.524297,27.402679],[86.509661,27.410703],[86.505132,27.417659],[86.50503,27.421231],[86.502476,27.425351],[86.499739,27.426778],[86.497926,27.426553],[86.497484,27.425919],[86.491227,27.427487],[86.488206,27.426766],[86.486073,27.423114],[86.484809,27.422383],[86.47713,27.422753],[86.473319,27.421252],[86.469697,27.422847],[86.467188,27.426976],[86.4645,27.428391],[86.460214,27.434329],[86.465942,27.440714],[86.467236,27.443587],[86.467301,27.445498],[86.463578,27.447898],[86.460727,27.450811],[86.454395,27.454433],[86.453875,27.455482],[86.454399,27.458377],[86.453649,27.46146],[86.450442,27.465225],[86.439767,27.485583],[86.437685,27.486022],[86.435958,27.485611],[86.43205,27.486484],[86.42869,27.484622],[86.425263,27.485714],[86.42301,27.487383],[86.421628,27.489528],[86.41791,27.492156],[86.41515,27.495295],[86.413687,27.498894],[86.411378,27.500288],[86.410675,27.502475],[86.410639,27.50676],[86.408683,27.507927],[86.407054,27.511462],[86.401378,27.516952],[86.398137,27.518132],[86.392341,27.516963],[86.390032,27.517215],[86.38595,27.515992],[86.382964,27.517016],[86.375243,27.515906],[86.370514,27.518093],[86.368565,27.519948],[86.364167,27.521176],[86.360704,27.525609],[86.357606,27.524261],[86.355486,27.526194],[86.357536,27.529541],[86.357274,27.533025],[86.358276,27.534508],[86.35783,27.536807],[86.358419,27.539709],[86.364706,27.546613],[86.369538,27.549588],[86.370553,27.552181],[86.368626,27.556064],[86.369121,27.558124],[86.371522,27.562004],[86.375033,27.56549],[86.376176,27.568004],[86.380672,27.571366],[86.388144,27.572707],[86.389243,27.575108],[86.392609,27.577025],[86.398383,27.583397],[86.400951,27.583065],[86.403624,27.584455],[86.407696,27.584414],[86.409905,27.586461],[86.413337,27.586733],[86.417843,27.591318],[86.420066,27.598608],[86.424558,27.601932],[86.428651,27.604111],[86.430108,27.604173],[86.434674,27.610214],[86.443425,27.611506],[86.447811,27.612992],[86.463522,27.616012],[86.466735,27.615977],[86.469577,27.617057],[86.472791,27.616907],[86.476505,27.615759],[86.48025,27.61698],[86.483981,27.61717],[86.492381,27.613675],[86.495361,27.618769],[86.49748,27.618788],[86.499746,27.620296],[86.500375,27.624667],[86.503836,27.6293],[86.504115,27.633552],[86.506243,27.635639],[86.50706,27.640527],[86.511268,27.642361],[86.5122,27.643508],[86.512879,27.647172],[86.513589,27.648129],[86.516699,27.646777],[86.519085,27.647422],[86.522015,27.649291],[86.5261,27.65034],[86.526828,27.653053],[86.528038,27.653919],[86.528711,27.655543],[86.526999,27.660111],[86.529213,27.661878],[86.532898,27.662748],[86.535365,27.668284],[86.537916,27.670237],[86.538693,27.674917],[86.536487,27.67854],[86.538869,27.68309],[86.538865,27.68897],[86.540665,27.692737],[86.538997,27.696549],[86.540138,27.701541],[86.541528,27.703414],[86.547793,27.707951],[86.548672,27.709603],[86.550845,27.710804],[86.551361,27.712112],[86.551206,27.717479],[86.553431,27.719506],[86.554252,27.723944],[86.556878,27.728704],[86.556201,27.732382],[86.558142,27.738365],[86.563159,27.744863],[86.56277,27.749272],[86.569065,27.751842],[86.572645,27.754524],[86.570243,27.75928],[86.565954,27.762547],[86.563869,27.769539],[86.566087,27.778462],[86.565568,27.785692],[86.568714,27.791044],[86.568697,27.795313],[86.565513,27.799545],[86.566965,27.803933],[86.562057,27.806386],[86.559901,27.806323],[86.548092,27.81093],[86.546262,27.811389],[86.542309,27.811096],[86.540235,27.814803],[86.540344,27.817576],[86.543416,27.821433],[86.543725,27.827007],[86.548755,27.840371],[86.550024,27.848339],[86.553985,27.857072],[86.554022,27.862884],[86.552397,27.867804],[86.551828,27.87356],[86.550909,27.876088],[86.551142,27.878187],[86.554505,27.885463],[86.552145,27.892129],[86.551545,27.897996],[86.551632,27.899018],[86.554131,27.902631],[86.554318,27.90885],[86.549671,27.91906],[86.549001,27.927293],[86.547685,27.930384],[86.539546,27.934824],[86.533607,27.942042],[86.528337,27.941324],[86.523677,27.939747],[86.521614,27.94036],[86.519441,27.94533],[86.518103,27.953129],[86.515697,27.955893],[86.515452,27.956547],[86.516132,27.957445],[86.513293,27.960248],[86.512906,27.964782],[86.512048,27.967179],[86.512366,27.968888],[86.516174,27.969827],[86.518578,27.971455],[86.520032,27.974296],[86.515325,27.977664],[86.512719,27.984685],[86.515661,27.989931],[86.516341,27.998263],[86.514922,28.001421],[86.515482,28.002394],[86.517915,28.003311],[86.519673,28.005136],[86.519898,28.010152],[86.522111,28.016772],[86.521009,28.018337],[86.521321,28.019779],[86.524769,28.022833],[86.528648,28.024224],[86.529576,28.026204],[86.531338,28.027088],[86.530293,28.03191],[86.5317,28.033325],[86.533252,28.038032],[86.533232,28.046558],[86.536394,28.050769],[86.54353,28.051201],[86.548778,28.050686],[86.551068,28.052481],[86.552401,28.054804],[86.555679,28.056694],[86.558107,28.06338],[86.562549,28.066088],[86.565223,28.068919],[86.565018,28.07152],[86.562326,28.073048],[86.561077,28.076114],[86.55849,28.0778],[86.559584,28.08263],[86.564198,28.086407],[86.566739,28.091774],[86.566446,28.094345],[86.561733,28.101633],[86.562223,28.107087],[86.563561,28.108565],[86.567512,28.110554],[86.568144,28.111747],[86.572107,28.110597],[86.57429,28.112987],[86.576306,28.112806],[86.579903,28.110653],[86.588256,28.108014],[86.589001,28.107202],[86.589294,28.104507],[86.58995,28.104102],[86.601162,28.102254],[86.604246,28.10007],[86.604517,28.098471],[86.606719,28.095531],[86.607898,28.092087],[86.606861,28.09036],[86.602489,28.087494],[86.603773,28.084459],[86.60371,28.082419],[86.608239,28.075943],[86.613867,28.073453],[86.621055,28.074727],[86.625403,28.074175],[86.634692,28.070658],[86.635434,28.070628],[86.638853,28.073333],[86.649857,28.074772],[86.657831,28.081028],[86.657709,28.082778],[86.659282,28.086194],[86.661062,28.094965],[86.6635,28.097913],[86.668525,28.100867],[86.672609,28.10226],[86.678115,28.102758],[86.680327,28.103542],[86.68898,28.108593],[86.703706,28.107213],[86.704949,28.107805],[86.705931,28.106528],[86.707873,28.105943],[86.711248,28.106097],[86.715341,28.107856],[86.720844,28.106514],[86.726566,28.103612],[86.734039,28.103643],[86.7354,28.103057],[86.738161,28.10371],[86.741997,28.098422],[86.745746,28.098266],[86.748192,28.094887],[86.747263,28.086014],[86.750729,28.081273],[86.753261,28.079281],[86.760766,28.077645],[86.764813,28.074555],[86.763304,28.072743],[86.756523,28.069541],[86.755098,28.068119],[86.752581,28.063616],[86.751885,28.056731],[86.750833,28.053598],[86.749589,28.052059],[86.747563,28.051575],[86.746748,28.050492],[86.746452,28.048746],[86.747075,28.045604],[86.749214,28.044417],[86.750631,28.04029],[86.7528,28.03786],[86.758549,28.034949],[86.76702,28.036919],[86.771294,28.037179],[86.77322,28.037997],[86.775326,28.036344],[86.7776,28.03316],[86.77999,28.03156],[86.779182,28.027276],[86.786088,28.023643],[86.789979,28.018862],[86.8,28.022591],[86.8,27.413541]]]}},
{"type":"Feature","properties":{"adm2_name":"Khotang","adm2_pcode":"NP0112","adm1_name":"Koshi","adm1_pcode":"NP01"},"geometry":{"type":"Polygon","coordinates":[[[86.8,26.87645],[86.798959,26.877839],[86.784529,26.880801],[86.782451,26.885545],[86.779644,26.887723],[86.777551,26.887422],[86.772934,26.88484],[86.771536,26.885232],[86.771378,26.886564],[86.773599,26.892752],[86.773458,26.896872],[86.772463,26.898387],[86.768358,26.900506],[86.765991,26.91387],[86.763767,26.918903],[86.761441,26.921658],[86.760767,26.924108],[86.760935,26.925721],[86.763183,26.930103],[86.763998,26.934631],[86.763563,26.93852],[86.761374,26.941053],[86.761229,26.942025],[86.763752,26.949149],[86.764376,26.95747],[86.760742,26.966798],[86.760729,26.970305],[86.758698,26.972059],[86.755789,26.972887],[86.754815,26.97433],[86.754623,26.975915],[86.75635,26.980111],[86.756379,26.985725],[86.755732,26.98697],[86.753058,26.987766],[86.752225,26.988888],[86.752491,26.993898],[86.754181,26.998883],[86.753406,27.005512],[86.752526,27.007509],[86.749087,27.010035],[86.748098,27.012206],[86.747079,27.024304],[86.744538,27.025727],[86.74404,27.027996],[86.738792,27.032965],[86.736431,27.034221],[86.732038,27.034563],[86.726614,27.039411],[86.726608,27.044916],[86.725621,27.048096],[86.722391,27.05156],[86.71955,27.0566],[86.718759,27.060008],[86.719881,27.062082],[86.716521,27.064015],[86.712836,27.064899],[86.710158,27.067577],[86.709651,27.069595],[86.710871,27.072567],[86.709904,27.074492],[86.707642,27.077166],[86.701355,27.082367],[86.698429,27.086344],[86.698443,27.087569],[86.70002,27.089416],[86.699152,27.092961],[86.697884,27.094563],[86.69016,27.102254],[86.683188,27.103315],[86.678312,27.107052],[86.675443,27.111224],[86.671313,27.113696],[86.669083,27.117062],[86.668697,27.119979],[86.655085,27.125025],[86.65216,27.128748],[86.651036,27.12928],[86.64376,27.131184],[86.640218,27.132987],[86.629639,27.134049],[86.620067,27.138151],[86.613379,27.140019],[86.610976,27.139302],[86.605381,27.139651],[86.599885,27.143618],[86.59721,27.144258],[86.58896,27.149869],[86.58522,27.151717],[86.581149,27.15238],[86.575881,27.151258],[86.572631,27.148475],[86.570028,27.147368],[86.561467,27.145422],[86.554936,27.140622],[86.553688,27.140553],[86.552375,27.141516],[86.550508,27.140978],[86.546168,27.137408],[86.542323,27.137614],[86.533073,27.135048],[86.528286,27.129221],[86.524249,27.125455],[86.522796,27.121292],[86.520712,27.118133],[86.5144,27.114169],[86.507299,27.112614],[86.502291,27.114494],[86.494045,27.105827],[86.492239,27.104709],[86.489893,27.10493],[86.484942,27.109416],[86.483704,27.109565],[86.481672,27.109088],[86.479132,27.107495],[86.476908,27.104115],[86.474904,27.102379],[86.472864,27.102245],[86.469778,27.104287],[86.465652,27.102302],[86.459326,27.105558],[86.459449,27.109661],[86.45848,27.112123],[86.460156,27.114253],[86.459551,27.117599],[86.457975,27.118656],[86.454145,27.119521],[86.451401,27.12327],[86.448805,27.125058],[86.447384,27.128222],[86.447189,27.130589],[86.445533,27.132556],[86.441766,27.133764],[86.433592,27.130864],[86.42995,27.130639],[86.427484,27.131841],[86.426164,27.134008],[86.427531,27.137714],[86.435103,27.1415],[86.437656,27.144775],[86.438028,27.145972],[86.437436,27.147258],[86.43336,27.149024],[86.434161,27.152496],[86.441118,27.158442],[86.442649,27.16093],[86.446816,27.162903],[86.447103,27.164118],[86.45157,27.165212],[86.455117,27.16491],[86.45967,27.166437],[86.463585,27.16638],[86.467747,27.168162],[86.470918,27.171254],[86.473329,27.176521],[86.484075,27.180311],[86.487601,27.182876],[86.491094,27.186679],[86.49749,27.186835],[86.500266,27.185796],[86.511148,27.186762],[86.516471,27.189179],[86.520944,27.192116],[86.52514,27.192667],[86.526452,27.193556],[86.526942,27.196121],[86.528991,27.197793],[86.531106,27.201812],[86.537052,27.204398],[86.537994,27.207426],[86.539225,27.208399],[86.541168,27.207951],[86.542176,27.208681],[86.54387,27.213111],[86.546351,27.214532],[86.547418,27.218279],[86.549534,27.219709],[86.55096,27.219694],[86.553491,27.218411],[86.555455,27.218869],[86.556377,27.220237],[86.555919,27.221262],[86.55298,27.220932],[86.552222,27.221697],[86.556851,27.226775],[86.558559,27.226176],[86.561148,27.223514],[86.565268,27.223333],[86.568098,27.225686],[86.571994,27.227158],[86.573389,27.226867],[86.574756,27.224572],[86.583417,27.225363],[86.586474,27.223901],[86.58927,27.224913],[86.590693,27.226131],[86.59374,27.231912],[86.597368,27.234515],[86.598971,27.234501],[86.600419,27.233125],[86.601717,27.232821],[86.607231,27.2332],[86.608374,27.233801],[86.609156,27.235791],[86.610458,27.236774],[86.61617,27.234649],[86.61862,27.234962],[86.620503,27.236491],[86.619521,27.241779],[86.621037,27.246027],[86.622995,27.247066],[86.625994,27.247004],[86.628276,27.248378],[86.630891,27.248193],[86.631684,27.248978],[86.632311,27.25196],[86.634419,27.256384],[86.637139,27.257469],[86.643762,27.258423],[86.649921,27.263885],[86.6534,27.26358],[86.65663,27.262243],[86.65751,27.262841],[86.658624,27.266869],[86.660339,27.268699],[86.667843,27.268424],[86.668848,27.269412],[86.670603,27.272027],[86.670177,27.273698],[86.66661,27.276975],[86.669747,27.280452],[86.66859,27.282936],[86.668688,27.284216],[86.671766,27.286919],[86.672757,27.288652],[86.671183,27.291501],[86.667983,27.292811],[86.667132,27.297475],[86.670731,27.299347],[86.676057,27.298417],[86.676982,27.299861],[86.676987,27.302607],[86.679076,27.303782],[86.682188,27.307334],[86.686023,27.310111],[86.685655,27.312672],[86.682494,27.314312],[86.683849,27.319969],[86.683439,27.320909],[86.680543,27.322978],[86.67985,27.32455],[86.680035,27.325701],[86.682459,27.328211],[86.682776,27.329509],[86.681567,27.334364],[86.67926,27.335749],[86.678608,27.336812],[86.679512,27.339601],[86.678149,27.343104],[86.680588,27.345188],[86.679178,27.348946],[86.678468,27.353475],[86.679862,27.357357],[86.678958,27.360112],[86.679806,27.364302],[86.678648,27.365942],[86.682158,27.372886],[86.682244,27.378626],[86.683379,27.380962],[86.683274,27.382067],[86.681221,27.385111],[86.681072,27.390607],[86.684181,27.392546],[86.687844,27.393384],[86.696196,27.393292],[86.709641,27.395536],[86.714873,27.395188],[86.718315,27.395638],[86.720917,27.394837],[86.724373,27.395284],[86.734023,27.394518],[86.737201,27.396708],[86.741038,27.397464],[86.746508,27.396333],[86.747439,27.395463],[86.751636,27.394415],[86.753348,27.397387],[86.756493,27.400497],[86.75741,27.398529],[86.759436,27.40002],[86.760013,27.401731],[86.761444,27.402392],[86.765466,27.408618],[86.767311,27.408519],[86.770443,27.411431],[86.781722,27.410781],[86.787,27.407497],[86.788486,27.407393],[86.791179,27.410901],[86.794672,27.412389],[86.798405,27.412769],[86.8,27.413541],[86.8,26.87645]]]}},
{"type":"Feature","properties":{"adm2_name":"Okhaldhunga","adm2_pcode":"NP0113","adm1_name":"Koshi","adm1_pcode":"NP01"},"geometry":{"type":"Polygon","coordinates":[[[86.358635,27.524404],[86.360704,27.525609],[86.364167,27.521176],[86.368565,27.519948],[86.370514,27.518093],[86.375243,27.515906],[86.382964,27.517016],[86.38595,27.515992],[86.390032,27.517215],[86.392341,27.516963],[86.398137,27.518132],[86.401378,27.516952],[86.407054,27.511462],[86.408683,27.507927],[86.410639,27.50676],[86.410675,27.502475],[86.411378,27.500288],[86.413687,27.498894],[86.41515,27.495295],[86.41791,27.492156],[86.421628,27.489528],[86.42301,27.487383],[86.425263,27.485714],[86.42869,27.484622],[86.43205,27.486484],[86.435958,27.485611],[86.437685,27.486022],[86.439767,27.485583],[86.450442,27.465225],[86.453649,27.46146],[86.454399,27.458377],[86.453875,27.455482],[86.454395,27.454433],[86.460727,27.450811],[86.463578,27.447898],[86.467301,27.445498],[86.467236,27.443587],[86.465942,27.440714],[86.460214,27.434329],[86.4645,27.428391],[86.467188,27.426976],[86.469697,27.422847],[86.473319,27.421252],[86.47713,27.422753],[86.484809,27.422383],[86.486073,27.423114],[86.488206,27.426766],[86.491227,27.427487],[86.497484,27.425919],[86.497926,27.426553],[86.499739,27.426778],[86.502476,27.425351],[86.50503,27.421231],[86.505132,27.417659],[86.509661,27.410703],[86.524297,27.402679],[86.525299,27.399259],[86.526375,27.398225],[86.531894,27.396736],[86.53597,27.387391],[86.540209,27.386108],[86.542114,27.384873],[86.547875,27.378283],[86.552657,27.374783],[86.55631,27.373418],[86.560409,27.369038],[86.561077,27.367316],[86.56432,27.365506],[86.56492,27.364377],[86.564095,27.361434],[86.563779,27.353322],[86.566562,27.346022],[86.570652,27.340703],[86.573999,27.341948],[86.581805,27.341937],[86.589548,27.343639],[86.598212,27.34134],[86.600507,27.342491],[86.606861,27.343373],[86.618377,27.341372],[86.625927,27.33926],[86.634844,27.337995],[86.657133,27.339719],[86.670514,27.352554],[86.678468,27.353475],[86.679178,27.348946],[86.680588,27.345188],[86.678149,27.343104],[86.679512,27.339601],[86.678608,27.336812],[86.67926,27.335749],[86.681567,27.334364],[86.682776,27.329509],[86.682459,27.328211],[86.680035,27.325701],[86.67985,27.32455],[86.680543,27.322978],[86.683439,27.320909],[86.683849,27.319969],[86.682494,27.314312],[86.685655,27.312672],[86.686023,27.310111],[86.682188,27.307334],[86.679076,27.303782],[86.676987,27.302607],[86.676982,27.299861],[86.676057,27.298417],[86.670731,27.299347],[86.667132,27.297475],[86.667983,27.292811],[86.671183,27.291501],[86.672757,27.288652],[86.671766,27.286919],[86.668688,27.284216],[86.66859,27.282936],[86.669747,27.280452],[86.66661,27.276975],[86.670177,27.273698],[86.670603,27.272027],[86.668848,27.269412],[86.667843,27.268424],[86.660339,27.268699],[86.658624,27.266869],[86.65751,27.262841],[86.65663,27.262243],[86.6534,27.26358],[86.649921,27.263885],[86.643762,27.258423],[86.637139,27.257469],[86.634419,27.256384],[86.632311,27.25196],[86.631684,27.248978],[86.630891,27.248193],[86.628276,27.248378],[86.625994,27.247004],[86.622995,27.247066],[86.621037,27.246027],[86.619521,27.241779],[86.620503,27.236491],[86.61862,27.234962],[86.61617,27.234649],[86.610458,27.236774],[86.609156,27.235791],[86.608374,27.233801],[86.607231,27.2332],[86.601717,27.232821],[86.600419,27.233125],[86.598971,27.234501],[86.597368,27.234515],[86.59374,27.231912],[86.590693,27.226131],[86.58927,27.224913],[86.586474,27.223901],[86.583417,27.225363],[86.574756,27.224572],[86.573389,27.226867],[86.571994,27.227158],[86.568098,27.225686],[86.565268,27.223333],[86.561148,27.223514],[86.558559,27.226176],[86.556851,27.226775],[86.552222,27.221697],[86.55298,27.220932],[86.555919,27.221262],[86.556377,27.220237],[86.555455,27.218869],[86.553491,27.218411],[86.55096,27.219694],[86.549534,27.219709],[86.547418,27.218279],[86.546351,27.214532],[86.54387,27.213111],[86.542176,27.208681],[86.541168,27.207951],[86.539225,27.208399],[86.537994,27.207426],[86.537052,27.204398],[86.531106,27.201812],[86.528991,27.197793],[86.526942,27.196121],[86.526452,27.193556],[86.52514,27.192667],[86.520944,27.192116],[86.516471,27.189179],[86.511148,27.186762],[86.500266,27.185796],[86.49749,27.186835],[86.49059,27.186458],[86.487601,27.182876],[86.484075,27.180311],[86.473329,27.176521],[86.470918,27.171254],[86.467747,27.168162],[86.463585,27.16638],[86.45967,27.166437],[86.455117,27.16491],[86.45157,27.165212],[86.447103,27.164118],[86.446816,27.162903],[86.442649,27.16093],[86.441118,27.158442],[86.434161,27.152496],[86.43336,27.149024],[86.430941,27.148645],[86.427947,27.146717],[86.420642,27.149722],[86.419482,27.150865],[86.41918,27.159662],[86.416708,27.165938],[86.411395,27.169305],[86.406993,27.168941],[86.402095,27.170366],[86.400829,27.171446],[86.399498,27.174056],[86.400111,27.175789],[86.399725,27.17664],[86.385581,27.180922],[86.383604,27.183019],[86.379939,27.192114],[86.378906,27.193219],[86.375241,27.193941],[86.37167,27.192646],[86.368622,27.192479],[86.365062,27.196113],[86.357962,27.201388],[86.350503,27.200758],[86.343458,27.202794],[86.341384,27.208461],[86.339793,27.210293],[86.340036,27.214091],[86.343032,27.219606],[86.342812,27.221959],[86.341204,27.225261],[86.341712,27.227396],[86.340867,27.228949],[86.33308,27.230983],[86.327592,27.230045],[86.3189,27.231664],[86.315765,27.231364],[86.308883,27.23328],[86.307255,27.236334],[86.305998,27.237138],[86.294811,27.238366],[86.290829,27.243449],[86.287769,27.245618],[86.285194,27.246374],[86.281198,27.245803],[86.279124,27.247031],[86.277005,27.250129],[86.273112,27.251871],[86.268521,27.252565],[86.266547,27.253575],[86.266189,27.254426],[86.266961,27.259879],[86.266186,27.261009],[86.264507,27.260594],[86.261459,27.25742],[86.258846,27.25852],[86.257336,27.258061],[86.256226,27.256713],[86.256462,27.254756],[86.255476,27.253288],[86.252989,27.25163],[86.252688,27.250261],[86.25094,27.24988],[86.248251,27.248153],[86.243077,27.247094],[86.241022,27.245016],[86.23955,27.241262],[86.230006,27.237354],[86.226995,27.237771],[86.221463,27.239798],[86.213831,27.245089],[86.20914,27.246516],[86.203464,27.250195],[86.205005,27.250326],[86.205203,27.252969],[86.204167,27.253741],[86.20462,27.254895],[86.207594,27.258856],[86.211017,27.260872],[86.211254,27.263766],[86.213982,27.266807],[86.213698,27.268852],[86.216118,27.267985],[86.218723,27.270642],[86.218867,27.272615],[86.223061,27.274393],[86.223616,27.277424],[86.22664,27.277579],[86.228855,27.280727],[86.231651,27.28197],[86.233927,27.285426],[86.240488,27.28871],[86.240195,27.289855],[86.237832,27.291259],[86.235339,27.29618],[86.235544,27.298478],[86.237773,27.302429],[86.237109,27.306054],[86.233702,27.307443],[86.233004,27.310343],[86.231313,27.312462],[86.231202,27.314528],[86.228866,27.315569],[86.228795,27.31986],[86.22148,27.321001],[86.219206,27.322528],[86.219103,27.324041],[86.222174,27.327278],[86.220567,27.328122],[86.217116,27.328369],[86.21639,27.332193],[86.215544,27.333506],[86.217932,27.336954],[86.21678,27.339023],[86.217783,27.340603],[86.216506,27.342386],[86.218296,27.350818],[86.217009,27.353004],[86.219405,27.355671],[86.221717,27.359903],[86.221409,27.360589],[86.219034,27.361138],[86.218935,27.36215],[86.221685,27.367134],[86.224606,27.370512],[86.223649,27.375094],[86.223694,27.378472],[86.221884,27.38202],[86.222204,27.382709],[86.22393,27.382868],[86.225678,27.384171],[86.224805,27.387343],[86.227278,27.38945],[86.227385,27.391229],[86.226469,27.39329],[86.227664,27.395873],[86.22779,27.398169],[86.230755,27.399532],[86.232268,27.402309],[86.235915,27.404057],[86.236214,27.406008],[86.234332,27.408116],[86.237255,27.40961],[86.237507,27.412811],[86.240195,27.415513],[86.241797,27.41894],[86.24434,27.419933],[86.246965,27.419187],[86.248149,27.420549],[86.247846,27.424424],[86.25187,27.428491],[86.251143,27.432451],[86.255379,27.435134],[86.256428,27.437134],[86.255778,27.439524],[86.254112,27.440908],[86.255945,27.442048],[86.257232,27.446109],[86.259634,27.448915],[86.263632,27.456082],[86.267497,27.459157],[86.271138,27.460591],[86.272337,27.461937],[86.274091,27.461931],[86.276643,27.464083],[86.279022,27.46486],[86.28097,27.464236],[86.282443,27.46611],[86.28502,27.466423],[86.291949,27.470328],[86.291821,27.472972],[86.292832,27.476426],[86.294574,27.477374],[86.294923,27.478894],[86.298163,27.479838],[86.301831,27.48211],[86.305276,27.482782],[86.306648,27.485501],[86.309976,27.487819],[86.310713,27.489406],[86.312579,27.490198],[86.312796,27.491607],[86.315431,27.492376],[86.319276,27.498699],[86.324528,27.499665],[86.326137,27.504973],[86.328901,27.507202],[86.329171,27.5085],[86.330685,27.509862],[86.333093,27.510796],[86.334301,27.515644],[86.33816,27.520007],[86.341263,27.521814],[86.34642,27.523449],[86.347873,27.523244],[86.354828,27.524786],[86.355486,27.526194],[86.357094,27.524458],[86.358635,27.524404]]]}},
{"type":"Feature","properties":{"adm2_name":"Udayapur","adm2_pcode":"NP0114","adm1_name":"Koshi","adm1_pcode":"NP01"},"geometry":{"type":"Polygon","coordinates":[[[86.8,26.712628],[86.799839,26.712598],[86.799048,26.711419],[86.797903,26.711575],[86.797387,26.710414],[86.794738,26.71042],[86.792366,26.708137],[86.789385,26.707706],[86.786812,26.705507],[86.783719,26.704478],[86.781935,26.703078],[86.781286,26.701619],[86.78004,26.702373],[86.7792,26.701677],[86.778761,26.702714],[86.77568,26.702583],[86.774126,26.700315],[86.773628,26.7],[86.743703,26.7],[86.742166,26.70177],[86.742517,26.703007],[86.74194,26.704961],[86.739379,26.70582],[86.739883,26.709829],[86.738146,26.711924],[86.736834,26.712258],[86.735809,26.711712],[86.733266,26.712017],[86.731654,26.710308],[86.7295,26.71124],[86.727359,26.709629],[86.722244,26.70957],[86.721186,26.707819],[86.719085,26.707794],[86.717845,26.706752],[86.714547,26.708207],[86.712777,26.707206],[86.710291,26.70684],[86.706155,26.707098],[86.705555,26.706357],[86.705884,26.705188],[86.703628,26.703918],[86.702785,26.7],[86.66894,26.7],[86.668885,26.701462],[86.666422,26.703887],[86.664794,26.704413],[86.663781,26.702182],[86.662026,26.7],[86.585968,26.7],[86.585936,26.700367],[86.58294,26.701757],[86.58309,26.704053],[86.581087,26.708077],[86.581399,26.709743],[86.583266,26.711256],[86.583209,26.712134],[86.58011,26.713185],[86.579735,26.716618],[86.576887,26.719101],[86.573612,26.720335],[86.571964,26.722282],[86.571629,26.724569],[86.572804,26.730701],[86.571589,26.733417],[86.573569,26.737211],[86.573808,26.739507],[86.56962,26.740596],[86.567824,26.742422],[86.56384,26.74401],[86.556002,26.744509],[86.553064,26.745901],[86.553981,26.748303],[86.557413,26.751058],[86.558068,26.753693],[86.561231,26.757961],[86.564994,26.76128],[86.565601,26.763015],[86.5677,26.764188],[86.567678,26.766003],[86.568734,26.767985],[86.570381,26.767651],[86.572596,26.768159],[86.572676,26.769969],[86.577109,26.775685],[86.57707,26.778834],[86.577714,26.779904],[86.576865,26.781846],[86.577754,26.784363],[86.576613,26.783946],[86.573114,26.784947],[86.571396,26.784601],[86.569589,26.783359],[86.568366,26.781532],[86.566478,26.780894],[86.56617,26.782024],[86.564905,26.782835],[86.565549,26.785319],[86.565331,26.787692],[86.563775,26.791015],[86.561948,26.789428],[86.557446,26.790172],[86.556056,26.787963],[86.554528,26.787843],[86.552331,26.786338],[86.551256,26.786628],[86.550221,26.784668],[86.54957,26.78519],[86.549149,26.784823],[86.548383,26.78367],[86.548691,26.782335],[86.548051,26.781872],[86.544672,26.782667],[86.544294,26.783454],[86.543345,26.783114],[86.543047,26.784183],[86.54136,26.783473],[86.540383,26.784093],[86.538443,26.783031],[86.536194,26.784321],[86.536628,26.786552],[86.538087,26.787694],[86.534355,26.787232],[86.531159,26.788756],[86.530966,26.790484],[86.530011,26.791135],[86.535587,26.795834],[86.536044,26.796968],[86.534287,26.798066],[86.535537,26.800225],[86.536823,26.800701],[86.540494,26.798206],[86.540665,26.799413],[86.541727,26.799539],[86.542178,26.800662],[86.545742,26.803338],[86.544699,26.80623],[86.546985,26.807636],[86.548311,26.810975],[86.550353,26.813532],[86.553355,26.814803],[86.553009,26.817261],[86.5515,26.820285],[86.552212,26.822424],[86.551468,26.824337],[86.553785,26.82742],[86.554517,26.830595],[86.553283,26.831435],[86.551393,26.831598],[86.552318,26.833657],[86.551903,26.835163],[86.547392,26.836615],[86.54341,26.836454],[86.53955,26.835378],[86.537927,26.833399],[86.537139,26.833342],[86.537089,26.83151],[86.529076,26.831359],[86.524993,26.832404],[86.522471,26.831553],[86.519519,26.831487],[86.520695,26.83481],[86.519616,26.8373],[86.519837,26.838853],[86.517638,26.843212],[86.51499,26.84337],[86.51471,26.841654],[86.512413,26.840374],[86.510855,26.843047],[86.511957,26.845052],[86.511578,26.846517],[86.507127,26.846552],[86.505319,26.848159],[86.505611,26.852661],[86.504649,26.856007],[86.500324,26.857555],[86.495978,26.856563],[86.494737,26.858603],[86.493115,26.859554],[86.494219,26.860742],[86.492854,26.861387],[86.493405,26.862136],[86.492761,26.86391],[86.490649,26.864859],[86.490752,26.866082],[86.488556,26.86686],[86.487679,26.868118],[86.488037,26.869324],[86.484971,26.869047],[86.483306,26.870092],[86.483074,26.869441],[86.482393,26.869497],[86.479832,26.87098],[86.480041,26.872183],[86.479358,26.872792],[86.481141,26.874441],[86.48091,26.87532],[86.479121,26.876158],[86.477277,26.883184],[86.480009,26.886633],[86.479439,26.888482],[86.476,26.887144],[86.47082,26.887739],[86.467473,26.886842],[86.462572,26.886774],[86.459615,26.887613],[86.457013,26.887316],[86.455199,26.888223],[86.451803,26.888668],[86.450705,26.889706],[86.448728,26.889692],[86.446807,26.891205],[86.444816,26.891592],[86.440176,26.894923],[86.438298,26.8951],[86.433141,26.898212],[86.428127,26.902456],[86.42572,26.903367],[86.422608,26.903095],[86.419179,26.9048],[86.418327,26.90627],[86.416411,26.905741],[86.413276,26.906881],[86.407328,26.907107],[86.403343,26.909741],[86.401608,26.908242],[86.398096,26.908615],[86.396412,26.909588],[86.393662,26.907969],[86.391292,26.908485],[86.390036,26.907936],[86.386282,26.907919],[86.385245,26.909214],[86.38433,26.909305],[86.382563,26.908151],[86.383418,26.906564],[86.3826,26.904918],[86.38268,26.902314],[86.380611,26.899947],[86.378475,26.89909],[86.376689,26.896498],[86.376393,26.894423],[86.377115,26.892334],[86.37465,26.889765],[86.373926,26.883696],[86.369375,26.880111],[86.368534,26.877108],[86.369536,26.875233],[86.365926,26.872489],[86.365227,26.872364],[86.362143,26.874823],[86.357887,26.874953],[86.354976,26.876833],[86.35145,26.877818],[86.346182,26.877379],[86.340684,26.880104],[86.321228,26.878647],[86.317146,26.880486],[86.31415,26.878969],[86.310285,26.882689],[86.307081,26.881663],[86.301866,26.884313],[86.299363,26.884684],[86.298477,26.88577],[86.294071,26.885035],[86.291437,26.88615],[86.287415,26.886631],[86.282046,26.884451],[86.278288,26.884538],[86.271102,26.882461],[86.269343,26.880805],[86.268087,26.87807],[86.264075,26.876811],[86.262574,26.875275],[86.256825,26.872643],[86.254862,26.869627],[86.250116,26.867723],[86.249239,26.865778],[86.246749,26.863772],[86.242143,26.865422],[86.240684,26.866569],[86.234106,26.873917],[86.234061,26.874713],[86.232225,26.875247],[86.227328,26.88061],[86.222773,26.882111],[86.218826,26.881766],[86.207673,26.887255],[86.200928,26.889584],[86.200128,26.889051],[86.198256,26.892243],[86.194985,26.892978],[86.19444,26.893999],[86.190837,26.894707],[86.186933,26.894619],[86.187138,26.89632],[86.186588,26.896705],[86.18635,26.898881],[86.185391,26.899924],[86.182992,26.900689],[86.179976,26.899471],[86.177881,26.900328],[86.173825,26.908104],[86.169066,26.910445],[86.168398,26.91354],[86.1611,26.914169],[86.156786,26.917356],[86.155874,26.919318],[86.157696,26.921782],[86.156286,26.923899],[86.156122,26.926163],[86.157372,26.929912],[86.158413,26.925922],[86.16307,26.924429],[86.170959,26.91989],[86.178416,26.91441],[86.181114,26.911012],[86.18674,26.90641],[86.191829,26.904122],[86.19985,26.905461],[86.201273,26.9043],[86.203574,26.900005],[86.210852,26.89844],[86.215783,26.89617],[86.216213,26.89277],[86.217675,26.890558],[86.219903,26.88879],[86.221319,26.888527],[86.223124,26.889507],[86.223927,26.89098],[86.221997,26.899084],[86.222267,26.900739],[86.223783,26.902447],[86.224085,26.903768],[86.235995,26.903285],[86.24168,26.905457],[86.244642,26.912919],[86.24613,26.915041],[86.248347,26.914426],[86.252285,26.911497],[86.256049,26.911576],[86.257885,26.912793],[86.259136,26.914379],[86.259632,26.922444],[86.261001,26.92493],[86.266081,26.929183],[86.275376,26.932717],[86.278027,26.934378],[86.279612,26.937446],[86.279452,26.940507],[86.280893,26.942748],[86.280877,26.946658],[86.283354,26.949117],[86.29105,26.950232],[86.296466,26.952324],[86.303189,26.956324],[86.3096,26.961484],[86.314918,26.963379],[86.330472,26.963855],[86.332937,26.964702],[86.337115,26.96374],[86.341873,26.964572],[86.346833,26.963611],[86.350142,26.963852],[86.353593,26.965032],[86.358026,26.971804],[86.362614,26.976209],[86.365603,26.981529],[86.366726,26.991659],[86.368062,26.995386],[86.367746,26.998056],[86.366547,27.000264],[86.372986,27.003508],[86.373975,27.007281],[86.373943,27.008583],[86.372092,27.010729],[86.374031,27.012796],[86.371871,27.015812],[86.373639,27.019279],[86.375266,27.020536],[86.373924,27.023247],[86.377139,27.026544],[86.377863,27.028244],[86.379501,27.029078],[86.379254,27.031371],[86.380462,27.031528],[86.38188,27.030063],[86.382506,27.031415],[86.382013,27.032439],[86.378057,27.035082],[86.374853,27.034772],[86.372962,27.036479],[86.366871,27.037496],[86.363911,27.042578],[86.364377,27.044038],[86.364116,27.049774],[86.363177,27.054008],[86.360784,27.054762],[86.357971,27.057842],[86.351045,27.061556],[86.35017,27.063226],[86.350754,27.066718],[86.347538,27.064494],[86.346537,27.064633],[86.345964,27.066003],[86.345654,27.068217],[86.346703,27.069131],[86.346873,27.070472],[86.348145,27.070699],[86.34986,27.069613],[86.35075,27.069798],[86.350844,27.07196],[86.351723,27.072871],[86.351369,27.073765],[86.352586,27.074795],[86.353419,27.074519],[86.355129,27.075231],[86.353372,27.076202],[86.35349,27.076834],[86.354393,27.077515],[86.355161,27.081506],[86.356543,27.081429],[86.358163,27.083954],[86.357513,27.089229],[86.358666,27.09177],[86.356911,27.09412],[86.35925,27.095471],[86.360033,27.097147],[86.362507,27.099475],[86.360398,27.099831],[86.358093,27.099092],[86.355996,27.100059],[86.356036,27.103257],[86.354789,27.104215],[86.349934,27.104686],[86.348016,27.106153],[86.344109,27.105584],[86.341073,27.106425],[86.332241,27.099818],[86.327715,27.100475],[86.324819,27.099123],[86.322966,27.099047],[86.317036,27.102066],[86.311078,27.102901],[86.306314,27.108824],[86.307897,27.109682],[86.311779,27.109455],[86.313121,27.110809],[86.318947,27.110219],[86.320666,27.11062],[86.324131,27.109872],[86.326095,27.110887],[86.326744,27.112923],[86.330722,27.117232],[86.331891,27.121247],[86.333686,27.122133],[86.333488,27.123815],[86.334491,27.126277],[86.336533,27.126524],[86.336308,27.127917],[86.334601,27.127943],[86.336322,27.129163],[86.334164,27.130193],[86.33583,27.131909],[86.335893,27.132886],[86.335012,27.134055],[86.337834,27.133784],[86.33747,27.134771],[86.338109,27.135701],[86.336458,27.136073],[86.336477,27.137968],[86.340783,27.140843],[86.34111,27.145097],[86.342915,27.147274],[86.343817,27.147041],[86.344852,27.143826],[86.34848,27.143778],[86.350191,27.14268],[86.351544,27.143242],[86.355449,27.143217],[86.357614,27.141839],[86.359039,27.139303],[86.361202,27.139836],[86.36341,27.142055],[86.367796,27.140563],[86.368512,27.143635],[86.370375,27.146937],[86.373377,27.146982],[86.374104,27.147649],[86.373886,27.148582],[86.370656,27.150384],[86.3705,27.151586],[86.373486,27.154605],[86.373643,27.158918],[86.3756,27.16135],[86.377276,27.16163],[86.378982,27.163912],[86.379138,27.164432],[86.378022,27.165483],[86.379353,27.166682],[86.379556,27.167814],[86.381107,27.168745],[86.38107,27.170045],[86.382655,27.171302],[86.383029,27.173145],[86.384792,27.173356],[86.384437,27.176118],[86.386802,27.176934],[86.389746,27.179864],[86.399725,27.17664],[86.400111,27.175789],[86.399498,27.174056],[86.40151,27.170716],[86.406993,27.168941],[86.411395,27.169305],[86.417126,27.165486],[86.41918,27.159662],[86.419289,27.151724],[86.420188,27.149997],[86.427242,27.146779],[86.428646,27.146869],[86.430941,27.148645],[86.43272,27.149067],[86.437436,27.147258],[86.438028,27.145972],[86.436167,27.142386],[86.43309,27.140264],[86.427531,27.137714],[86.426523,27.135623],[86.426357,27.13321],[86.42827,27.13121],[86.42995,27.130639],[86.433592,27.130864],[86.441766,27.133764],[86.445533,27.132556],[86.447189,27.130589],[86.447384,27.128222],[86.448805,27.125058],[86.451401,27.12327],[86.454145,27.119521],[86.457975,27.118656],[86.459551,27.117599],[86.460156,27.114253],[86.45848,27.112123],[86.459449,27.109661],[86.459126,27.105916],[86.465225,27.10235],[86.469778,27.104287],[86.472864,27.102245],[86.474904,27.102379],[86.476908,27.104115],[86.479132,27.107495],[86.481672,27.109088],[86.483704,27.109565],[86.484942,27.109416],[86.489893,27.10493],[86.492239,27.104709],[86.494045,27.105827],[86.502291,27.114494],[86.507299,27.112614],[86.5144,27.114169],[86.520712,27.118133],[86.522796,27.121292],[86.524249,27.125455],[86.528286,27.129221],[86.533073,27.135048],[86.542323,27.137614],[86.546168,27.137408],[86.550508,27.140978],[86.552375,27.141516],[86.553688,27.140553],[86.554936,27.140622],[86.561467,27.145422],[86.570028,27.147368],[86.572631,27.148475],[86.575881,27.151258],[86.581149,27.15238],[86.58522,27.151717],[86.58896,27.149869],[86.59721,27.144258],[86.599885,27.143618],[86.605381,27.139651],[86.610976,27.139302],[86.613379,27.140019],[86.620067,27.138151],[86.629639,27.134049],[86.640218,27.132987],[86.64376,27.131184],[86.651036,27.12928],[86.65216,27.128748],[86.655085,27.125025],[86.668697,27.119979],[86.669083,27.117062],[86.671313,27.113696],[86.675443,27.111224],[86.678312,27.107052],[86.683188,27.103315],[86.69016,27.102254],[86.697884,27.094563],[86.699152,27.092961],[86.70002,27.089416],[86.698443,27.087569],[86.698429,27.086344],[86.701355,27.082367],[86.707642,27.077166],[86.709904,27.074492],[86.710871,27.072567],[86.709651,27.069595],[86.710158,27.067577],[86.712836,27.064899],[86.716521,27.064015],[86.719881,27.062082],[86.718759,27.060008],[86.71955,27.0566],[86.722391,27.05156],[86.725621,27.048096],[86.726608,27.044916],[86.726614,27.039411],[86.732038,27.034563],[86.736431,27.034221],[86.738792,27.032965],[86.74404,27.027996],[86.744538,27.025727],[86.747079,27.024304],[86.748098,27.012206],[86.749087,27.010035],[86.752526,27.007509],[86.753406,27.005512],[86.754181,26.998883],[86.752491,26.993898],[86.752225,26.988888],[86.753058,26.987766],[86.755732,26.98697],[86.756379,26.985725],[86.75635,26.980111],[86.754623,26.975915],[86.754815,26.97433],[86.755789,26.972887],[86.758698,26.972059],[86.760729,26.970305],[86.760742,26.966798],[86.764376,26.95747],[86.763752,26.949149],[86.761229,26.942025],[86.761374,26.941053],[86.763563,26.93852],[86.763998,26.934631],[86.763183,26.930103],[86.760935,26.925721],[86.760767,26.924108],[86.761441,26.921658],[86.763767,26.918903],[86.765991,26.91387],[86.768358,26.900506],[86.772463,26.898387],[86.773458,26.896872],[86.773599,26.892752],[86.771378,26.886564],[86.771536,26.885232],[86.772934,26.88484],[86.777551,26.887422],[86.779644,26.887723],[86.782451,26.885545],[86.784529,26.880801],[86.798959,26.877839],[86.8,26.876601],[86.8,26.712628]]]}},
{"type":"Feature","properties":{"adm2_name":"Saptari","adm2_pcode":"NP0215","adm1_name":"Madhesh","adm1_pcode":"NP02"},"geometry":{"type":"MultiPolygon","coordinates":[[[[86.8,26.7],[86.773628,26.7],[86.774126,26.700315],[86.77568,26.702583],[86.778761,26.702714],[86.7792,26.701677],[86.78004,26.702373],[86.781286,26.701619],[86.781935,26.703078],[86.783719,26.704478],[86.786812,26.705507],[86.789385,26.707706],[86.792366,26.708137],[86.794738,26.71042],[86.797387,26.710414],[86.797903,26.711575],[86.799048,26.711419],[86.799839,26.712598],[86.8,26.712628],[86.8,26.7]]],[[[86.702785,26.7],[86.703628,26.703918],[86.705884,26.705188],[86.705555,26.706357],[86.706155,26.707098],[86.710291,26.70684],[86.712777,26.707206],[86.714547,26.708207],[86.717845,26.706752],[86.719085,26.707794],[86.721186,26.707819],[86.722244,26.70957],[86.727359,26.709629],[86.7295,26.71124],[86.731654,26.710308],[86.733266,26.712017],[86.735809,26.711712],[86.736834,26.712258],[86.738146,26.711924],[86.739883,26.709829],[86.739379,26.70582],[86.74194,26.704961],[86.742517,26.703007],[86.742166,26.70177],[86.743703,26.7],[86.702785,26.7]]],[[[86.662026,26.7],[86.663781,26.702182],[86.664794,26.704413],[86.666422,26.703887],[86.668885,26.701462],[86.66894,26.7],[86.662026,26.7]]],[[[86.509487,26.7],[86.509397,26.700306],[86.505911,26.704983],[86.505546,26.708479],[86.506541,26.710913],[86.506651,26.714082],[86.503824,26.717664],[86.502583,26.723825],[86.50557,26.726385],[86.5053,26.728358],[86.506357,26.730849],[86.510639,26.736825],[86.512045,26.737913],[86.521322,26.741264],[86.523866,26.742992],[86.526842,26.743045],[86.52841,26.744648],[86.527679,26.751208],[86.52504,26.752943],[86.520035,26.760535],[86.520184,26.761441],[86.522639,26.763437],[86.523289,26.764949],[86.523297,26.767587],[86.524644,26.771572],[86.523297,26.773235],[86.52415,26.775726],[86.522916,26.778863],[86.525311,26.783285],[86.525216,26.785349],[86.529385,26.786309],[86.529907,26.787922],[86.531159,26.788756],[86.534793,26.78713],[86.537823,26.787855],[86.537979,26.787393],[86.536628,26.786552],[86.536459,26.783956],[86.538443,26.783031],[86.540383,26.784093],[86.54136,26.783473],[86.543047,26.784183],[86.543345,26.783114],[86.544294,26.783454],[86.544672,26.782667],[86.54756,26.781803],[86.548691,26.782335],[86.548383,26.78367],[86.549443,26.785192],[86.550221,26.784668],[86.551256,26.786628],[86.552331,26.786338],[86.554528,26.787843],[86.556216,26.788059],[86.557446,26.790172],[86.561948,26.789428],[86.563775,26.791015],[86.564355,26.790616],[86.564056,26.789525],[86.565331,26.787692],[86.565549,26.785319],[86.564905,26.782835],[86.56617,26.782024],[86.566478,26.780894],[86.568366,26.781532],[86.569589,26.783359],[86.571396,26.784601],[86.573114,26.784947],[86.576613,26.783946],[86.577754,26.784363],[86.576865,26.781846],[86.577714,26.779904],[86.57707,26.778834],[86.577109,26.775685],[86.572676,26.769969],[86.572596,26.768159],[86.570381,26.767651],[86.568734,26.767985],[86.567678,26.766003],[86.5677,26.764188],[86.565601,26.763015],[86.564994,26.76128],[86.561231,26.757961],[86.558068,26.753693],[86.557413,26.751058],[86.553981,26.748303],[86.553064,26.745901],[86.556002,26.744509],[86.56384,26.74401],[86.567824,26.742422],[86.56962,26.740596],[86.573808,26.739507],[86.573569,26.737211],[86.571589,26.733417],[86.572804,26.730701],[86.571629,26.724569],[86.571964,26.722282],[86.573612,26.720335],[86.576887,26.719101],[86.579735,26.716618],[86.58011,26.713185],[86.583209,26.712134],[86.583266,26.711256],[86.581399,26.709743],[86.581087,26.708077],[86.58309,26.704053],[86.58294,26.701757],[86.585936,26.700367],[86.585968,26.7],[86.509487,26.7]]]]}},
{"type":"Feature","properties":{"adm2_name":"Siraha","adm2_pcode":"NP0216","adm1_name":"Madhesh","adm1_pcode":"NP02"},"geometry":{"type":"Polygon","coordinates":[[[86.193909,26.7],[86.194312,26.700594],[86.193761,26.702985],[86.191804,26.706455],[86.192846,26.712308],[86.188931,26.715006],[86.188068,26.71831],[86.186824,26.720085],[86.184089,26.721464],[86.183302,26.72249],[86.180359,26.732248],[86.17747,26.736726],[86.176441,26.739482],[86.176251,26.743529],[86.174888,26.747651],[86.173573,26.749116],[86.171432,26.749964],[86.16245,26.750076],[86.159842,26.751601],[86.157158,26.754708],[86.156916,26.758177],[86.154401,26.763034],[86.149385,26.767866],[86.147673,26.770465],[86.14839,26.773644],[86.147895,26.779796],[86.144406,26.787124],[86.145356,26.789792],[86.150424,26.794916],[86.152281,26.801513],[86.151555,26.809952],[86.15408,26.816134],[86.154823,26.820868],[86.149242,26.830955],[86.149884,26.836663],[86.15347,26.840206],[86.155046,26.844866],[86.15357,26.847066],[86.15285,26.851927],[86.144859,26.855387],[86.142246,26.861696],[86.139722,26.864],[86.139942,26.866475],[86.141443,26.870697],[86.135526,26.88081],[86.134313,26.885906],[86.134877,26.887232],[86.1317,26.889498],[86.130946,26.891407],[86.131058,26.893251],[86.134207,26.898101],[86.131855,26.905145],[86.132394,26.914916],[86.133642,26.916963],[86.13625,26.918132],[86.137007,26.920032],[86.139433,26.921099],[86.140542,26.923777],[86.143426,26.927075],[86.147005,26.928922],[86.149592,26.932151],[86.152123,26.934098],[86.156126,26.935286],[86.158038,26.93476],[86.158713,26.933914],[86.156122,26.926163],[86.156286,26.923899],[86.157655,26.922075],[86.157595,26.921199],[86.155808,26.918898],[86.156786,26.917356],[86.160653,26.914317],[86.168398,26.91354],[86.169066,26.910445],[86.173825,26.908104],[86.177881,26.900328],[86.179976,26.899471],[86.182992,26.900689],[86.185391,26.899924],[86.18635,26.898881],[86.186588,26.896705],[86.187138,26.89632],[86.186933,26.894619],[86.190837,26.894707],[86.19444,26.893999],[86.194985,26.892978],[86.198256,26.892243],[86.200128,26.889051],[86.200928,26.889584],[86.207673,26.887255],[86.218826,26.881766],[86.222773,26.882111],[86.227328,26.88061],[86.232225,26.875247],[86.234061,26.874713],[86.234106,26.873917],[86.240684,26.866569],[86.242143,26.865422],[86.246749,26.863772],[86.249239,26.865778],[86.250116,26.867723],[86.254862,26.869627],[86.256825,26.872643],[86.262574,26.875275],[86.264075,26.876811],[86.268087,26.87807],[86.269343,26.880805],[86.271102,26.882461],[86.278288,26.884538],[86.282046,26.884451],[86.287415,26.886631],[86.291437,26.88615],[86.294071,26.885035],[86.298477,26.88577],[86.299363,26.884684],[86.301866,26.884313],[86.307081,26.881663],[86.310285,26.882689],[86.31415,26.878969],[86.317146,26.880486],[86.321228,26.878647],[86.340684,26.880104],[86.346182,26.877379],[86.35145,26.877818],[86.354976,26.876833],[86.357887,26.874953],[86.362143,26.874823],[86.365227,26.872364],[86.365926,26.872489],[86.369536,26.875233],[86.368534,26.877108],[86.369375,26.880111],[86.373926,26.883696],[86.37465,26.889765],[86.377115,26.892334],[86.376393,26.894423],[86.376948,26.897041],[86.378475,26.89909],[86.380611,26.899947],[86.38268,26.902314],[86.3826,26.904918],[86.383418,26.906564],[86.382766,26.908443],[86.384775,26.909337],[86.386282,26.907919],[86.390036,26.907936],[86.391292,26.908485],[86.393662,26.907969],[86.396412,26.909588],[86.398096,26.908615],[86.401038,26.908152],[86.403663,26.909691],[86.406815,26.907226],[86.413276,26.906881],[86.415517,26.905814],[86.418327,26.90627],[86.419179,26.9048],[86.422608,26.903095],[86.42572,26.903367],[86.428127,26.902456],[86.433141,26.898212],[86.438298,26.8951],[86.440176,26.894923],[86.444816,26.891592],[86.446807,26.891205],[86.448728,26.889692],[86.450964,26.889599],[86.451803,26.888668],[86.455199,26.888223],[86.457013,26.887316],[86.460125,26.887588],[86.462827,26.886761],[86.467473,26.886842],[86.47082,26.887739],[86.476,26.887144],[86.479439,26.888482],[86.480009,26.886633],[86.477277,26.883184],[86.479121,26.876158],[86.48091,26.87532],[86.481141,26.874441],[86.479358,26.872792],[86.480041,26.872183],[86.479832,26.87098],[86.482393,26.869497],[86.483074,26.869441],[86.483306,26.870092],[86.484971,26.869047],[86.488037,26.869324],[86.487679,26.868118],[86.488556,26.86686],[86.490752,26.866082],[86.490649,26.864859],[86.492761,26.86391],[86.493405,26.862136],[86.492854,26.861387],[86.494219,26.860742],[86.493115,26.859554],[86.494737,26.858603],[86.495978,26.856563],[86.500324,26.857555],[86.504649,26.856007],[86.505611,26.852661],[86.505319,26.848159],[86.507127,26.846552],[86.511578,26.846517],[86.511957,26.845052],[86.510855,26.843047],[86.512413,26.840374],[86.51471,26.841654],[86.51499,26.84337],[86.517638,26.843212],[86.519837,26.838853],[86.519616,26.8373],[86.520695,26.83481],[86.519519,26.831487],[86.522471,26.831553],[86.524993,26.832404],[86.529076,26.831359],[86.537089,26.83151],[86.537139,26.833342],[86.537927,26.833399],[86.53955,26.835378],[86.54341,26.836454],[86.547392,26.836615],[86.551903,26.835163],[86.552318,26.833657],[86.551393,26.831598],[86.553283,26.831435],[86.554517,26.830595],[86.553785,26.82742],[86.551468,26.824337],[86.552212,26.822424],[86.5515,26.820285],[86.553009,26.817261],[86.553355,26.814803],[86.550353,26.813532],[86.548311,26.810975],[86.546985,26.807636],[86.544699,26.80623],[86.545742,26.803338],[86.542178,26.800662],[86.541727,26.799539],[86.540665,26.799413],[86.540494,26.798206],[86.536823,26.800701],[86.535254,26.799901],[86.534287,26.798066],[86.536044,26.796968],[86.535587,26.795834],[86.530091,26.791449],[86.530966,26.790484],[86.531159,26.788756],[86.529907,26.787922],[86.529513,26.786393],[86.525216,26.785349],[86.525311,26.783285],[86.523122,26.779764],[86.523019,26.777762],[86.52415,26.775726],[86.523297,26.773235],[86.524644,26.771572],[86.523297,26.767587],[86.522992,26.764187],[86.520184,26.761441],[86.520035,26.760535],[86.52504,26.752943],[86.527679,26.751208],[86.52841,26.744648],[86.526842,26.743045],[86.523866,26.742992],[86.521322,26.741264],[86.512045,26.737913],[86.510639,26.736825],[86.506357,26.730849],[86.5053,26.728358],[86.50557,26.726385],[86.502443,26.723364],[86.503824,26.717664],[86.506651,26.714082],[86.506541,26.710913],[86.505546,26.708479],[86.505911,26.704983],[86.509397,26.700306],[86.509487,26.7],[86.193909,26.7]]]}},
{"type":"Feature","properties":{"adm2_name":"Dhanusa","adm2_pcode":"NP0217","adm1_name":"Madhesh","adm1_pcode":"NP02"},"geometry":{"type":"Polygon","coordinates":[[[85.888453,26.7],[85.889488,26.701348],[85.887336,26.702858],[85.88699,26.704796],[85.889066,26.707567],[85.888841,26.711929],[85.890754,26.712224],[85.890686,26.713722],[85.891833,26.714092],[85.891292,26.717531],[85.893056,26.717883],[85.893451,26.721036],[85.892703,26.721919],[85.892544,26.725609],[85.89084,26.726451],[85.888296,26.730711],[85.888116,26.734191],[85.888686,26.73571],[85.888235,26.737033],[85.888786,26.737744],[85.887057,26.739968],[85.885503,26.740466],[85.885178,26.742269],[85.881601,26.743359],[85.88132,26.744646],[85.879252,26.746121],[85.880228,26.747293],[85.880774,26.749826],[85.879725,26.752203],[85.881052,26.754828],[85.880933,26.757524],[85.882371,26.759943],[85.888271,26.759396],[85.89233,26.762489],[85.897627,26.768514],[85.897693,26.775654],[85.899579,26.777983],[85.900563,26.78076],[85.901956,26.78128],[85.902396,26.782608],[85.903792,26.782019],[85.904997,26.782346],[85.904546,26.783563],[85.905456,26.784766],[85.907609,26.784573],[85.908551,26.785316],[85.90903,26.790841],[85.90997,26.792655],[85.909781,26.793475],[85.907966,26.794747],[85.908765,26.798072],[85.910645,26.801893],[85.909673,26.804557],[85.908657,26.805267],[85.909713,26.806701],[85.912192,26.806357],[85.911058,26.811621],[85.915458,26.819385],[85.916276,26.824145],[85.915349,26.828646],[85.91554,26.830717],[85.915944,26.832791],[85.917588,26.833736],[85.915922,26.837207],[85.91738,26.840268],[85.918933,26.841729],[85.918589,26.845088],[85.919698,26.846328],[85.918445,26.849216],[85.918899,26.850045],[85.918118,26.850644],[85.918483,26.852734],[85.919592,26.853974],[85.917922,26.855191],[85.918195,26.856533],[85.91748,26.85704],[85.917917,26.860965],[85.916535,26.862759],[85.916699,26.865344],[85.915001,26.866886],[85.916598,26.871268],[85.911948,26.870107],[85.908282,26.870893],[85.90637,26.870366],[85.896849,26.873487],[85.89546,26.874649],[85.894978,26.877556],[85.896135,26.880383],[85.900229,26.885217],[85.900241,26.885925],[85.899035,26.887003],[85.899525,26.890455],[85.89875,26.892743],[85.901762,26.900743],[85.901709,26.904934],[85.903705,26.907218],[85.904582,26.912091],[85.905628,26.913597],[85.90471,26.915425],[85.905081,26.916425],[85.90711,26.917578],[85.908229,26.920944],[85.912782,26.922777],[85.913599,26.926315],[85.912681,26.931804],[85.914448,26.934622],[85.914943,26.938382],[85.913725,26.942527],[85.915388,26.946666],[85.916832,26.948408],[85.917145,26.950233],[85.91669,26.951992],[85.917798,26.958902],[85.907761,26.958674],[85.906131,26.960868],[85.908876,26.971092],[85.908476,26.977891],[85.913561,26.991207],[85.9141,27.000256],[85.912167,27.002317],[85.911367,27.008024],[85.915065,27.016326],[85.924078,27.024511],[85.92689,27.028938],[85.926607,27.031075],[85.922865,27.035873],[85.920661,27.036903],[85.915769,27.03534],[85.914292,27.036107],[85.913867,27.037613],[85.915029,27.041449],[85.917074,27.042924],[85.927043,27.041559],[85.930481,27.042111],[85.931897,27.042929],[85.933622,27.044551],[85.936311,27.049336],[85.940434,27.053316],[85.94445,27.05926],[85.94519,27.06156],[85.943512,27.066967],[85.935637,27.074617],[85.934761,27.07681],[85.934778,27.079028],[85.937919,27.085672],[85.938513,27.088273],[85.938346,27.092699],[85.936757,27.09673],[85.932876,27.100053],[85.922246,27.104324],[85.919802,27.105871],[85.916784,27.109307],[85.916031,27.112054],[85.915061,27.113192],[85.913365,27.114553],[85.909542,27.11597],[85.907032,27.118049],[85.900747,27.126887],[85.902117,27.128351],[85.903573,27.132398],[85.905478,27.133776],[85.911631,27.132312],[85.913997,27.129661],[85.918936,27.129059],[85.921561,27.127132],[85.929144,27.125531],[85.938012,27.121362],[85.938061,27.118591],[85.936053,27.112746],[85.935781,27.110127],[85.937034,27.106314],[85.944013,27.092006],[85.94626,27.090576],[85.946631,27.089453],[85.947739,27.089293],[85.947962,27.088148],[85.950859,27.087755],[85.950956,27.08644],[85.949829,27.083947],[85.953259,27.083463],[85.955487,27.08417],[85.961896,27.079775],[85.961676,27.076639],[85.963098,27.073155],[85.965368,27.073729],[85.966768,27.070341],[85.965952,27.067125],[85.967889,27.065135],[85.969574,27.060965],[85.969322,27.058747],[85.970582,27.056428],[85.969698,27.053373],[85.970785,27.050895],[85.973921,27.047547],[85.974751,27.045159],[85.977702,27.041313],[85.982369,27.036792],[85.982519,27.034961],[85.985643,27.033128],[85.987511,27.028293],[85.991551,27.024773],[85.998202,27.023095],[86.001752,27.020936],[86.005638,27.02196],[86.009165,27.020088],[86.010758,27.020444],[86.011452,27.018897],[86.012177,27.018615],[86.014847,27.020071],[86.020983,27.019155],[86.0234,27.020221],[86.028017,27.020115],[86.030224,27.020722],[86.042022,27.01951],[86.044915,27.019836],[86.047415,27.021326],[86.048463,27.020815],[86.048946,27.018943],[86.055148,27.018161],[86.068851,27.019101],[86.082561,27.018313],[86.085063,27.019076],[86.089058,27.019064],[86.092381,27.018074],[86.099614,27.017306],[86.10096,27.016419],[86.106285,27.015167],[86.11173,27.012252],[86.125152,27.007269],[86.136561,27.001795],[86.140262,26.999232],[86.147272,26.997221],[86.154398,26.993713],[86.16297,26.991819],[86.167075,26.988734],[86.169996,26.989036],[86.174136,26.986833],[86.176272,26.986597],[86.178765,26.984369],[86.180899,26.984372],[86.185216,26.98224],[86.187461,26.982375],[86.188016,26.980095],[86.186898,26.978387],[86.187146,26.97738],[86.191404,26.978508],[86.192446,26.974974],[86.198494,26.970477],[86.202051,26.969681],[86.205118,26.96748],[86.210087,26.965491],[86.213581,26.962825],[86.21455,26.960782],[86.216165,26.960276],[86.218345,26.957698],[86.218899,26.956483],[86.218685,26.954225],[86.220569,26.955077],[86.221574,26.95481],[86.222973,26.952464],[86.224429,26.952461],[86.224931,26.950683],[86.226524,26.949494],[86.228046,26.949078],[86.232469,26.950445],[86.234474,26.950122],[86.235263,26.946687],[86.237054,26.944199],[86.239665,26.942207],[86.240734,26.940315],[86.242961,26.939607],[86.247704,26.936535],[86.25056,26.935688],[86.252886,26.933408],[86.255126,26.932506],[86.25781,26.928298],[86.256866,26.927181],[86.256714,26.923211],[86.257339,26.920926],[86.259568,26.919068],[86.259621,26.918073],[86.258466,26.913306],[86.256343,26.911679],[86.253376,26.911314],[86.251056,26.912039],[86.248023,26.914609],[86.24613,26.915041],[86.244642,26.912919],[86.24168,26.905457],[86.235995,26.903285],[86.224085,26.903768],[86.223783,26.902447],[86.222267,26.900739],[86.221997,26.899084],[86.223927,26.89098],[86.222777,26.8892],[86.220881,26.888432],[86.217985,26.890201],[86.21648,26.892261],[86.215783,26.89617],[86.210852,26.89844],[86.203574,26.900005],[86.201273,26.9043],[86.19985,26.905461],[86.191829,26.904122],[86.188708,26.905289],[86.181114,26.911012],[86.178416,26.91441],[86.170959,26.91989],[86.16307,26.924429],[86.158413,26.925922],[86.157359,26.92986],[86.158713,26.933914],[86.157,26.935244],[86.152123,26.934098],[86.149592,26.932151],[86.147005,26.928922],[86.143426,26.927075],[86.140542,26.923777],[86.139433,26.921099],[86.137007,26.920032],[86.13625,26.918132],[86.133642,26.916963],[86.132394,26.914916],[86.131855,26.905145],[86.134207,26.898101],[86.131058,26.893251],[86.130946,26.891407],[86.1317,26.889498],[86.134877,26.887232],[86.134313,26.885906],[86.135526,26.88081],[86.141443,26.870697],[86.139942,26.866475],[86.139722,26.864],[86.142246,26.861696],[86.144859,26.855387],[86.15285,26.851927],[86.15357,26.847066],[86.155046,26.844866],[86.15347,26.840206],[86.149884,26.836663],[86.149242,26.830955],[86.154823,26.820868],[86.15408,26.816134],[86.151555,26.809952],[86.152281,26.801513],[86.150424,26.794916],[86.145356,26.789792],[86.14445,26.787578],[86.147895,26.779796],[86.14839,26.773644],[86.147567,26.770787],[86.149385,26.767866],[86.154401,26.763034],[86.156916,26.758177],[86.15692,26.755079],[86.159842,26.751601],[86.162796,26.749969],[86.170148,26.750152],[86.174431,26.74842],[86.176251,26.743529],[86.176441,26.739482],[86.17747,26.736726],[86.180359,26.732248],[86.183302,26.72249],[86.184089,26.721464],[86.186824,26.720085],[86.188068,26.71831],[86.188931,26.715006],[86.192846,26.712308],[86.191804,26.706455],[86.193761,26.702985],[86.194312,26.700594],[86.193909,26.7],[85.888453,26.7]]]}},
{"type":"Feature","properties":{"adm2_name":"Mahottari","adm2_pcode":"NP0218","adm1_name":"Madhesh","adm1_pcode":"NP02"},"geometry":{"type":"Polygon","coordinates":[[[85.723996,26.7],[85.724808,26.700347],[85.724372,26.703213],[85.726291,26.706473],[85.725068,26.707392],[85.72478,26.709616],[85.726078,26.711182],[85.727763,26.717783],[85.726159,26.719152],[85.725881,26.721295],[85.727936,26.725054],[85.729383,26.725169],[85.728129,26.729715],[85.7294,26.729557],[85.731306,26.730597],[85.730988,26.731345],[85.730217,26.731365],[85.730531,26.732643],[85.729441,26.733502],[85.729749,26.734527],[85.730506,26.735808],[85.732298,26.736178],[85.732784,26.73723],[85.733967,26.737425],[85.728608,26.749983],[85.734892,26.777432],[85.734317,26.795854],[85.728439,26.802797],[85.728589,26.808108],[85.720583,26.820528],[85.70416,26.832183],[85.680138,26.843235],[85.680385,26.847707],[85.677864,26.851287],[85.676213,26.855499],[85.676524,26.856648],[85.678367,26.858134],[85.677675,26.85943],[85.677568,26.862355],[85.676081,26.86439],[85.680662,26.867596],[85.681287,26.869512],[85.683281,26.870788],[85.683373,26.872797],[85.685203,26.873229],[85.688176,26.872027],[85.688855,26.872412],[85.690018,26.878939],[85.689485,26.879322],[85.688439,26.878789],[85.687825,26.881619],[85.688893,26.882306],[85.691582,26.88211],[85.694725,26.884668],[85.696361,26.89195],[85.697904,26.894949],[85.697609,26.896575],[85.703439,26.89806],[85.704167,26.898881],[85.704083,26.899855],[85.705408,26.900388],[85.704216,26.902322],[85.706886,26.903695],[85.708293,26.903521],[85.709594,26.904171],[85.709362,26.904916],[85.705077,26.905667],[85.707114,26.910883],[85.708459,26.911609],[85.709799,26.910364],[85.711316,26.911759],[85.71053,26.913081],[85.707314,26.914784],[85.706958,26.917842],[85.707687,26.919239],[85.705514,26.919993],[85.707588,26.921614],[85.710463,26.920744],[85.711508,26.921049],[85.710726,26.923253],[85.707145,26.923072],[85.706913,26.924069],[85.708796,26.92636],[85.711414,26.925184],[85.713333,26.925389],[85.711,26.929036],[85.712111,26.929915],[85.711222,26.931928],[85.71549,26.933429],[85.717455,26.934801],[85.716332,26.93695],[85.719303,26.939623],[85.717861,26.941907],[85.719188,26.943415],[85.719327,26.94694],[85.723025,26.950299],[85.723802,26.952978],[85.726385,26.954082],[85.72745,26.959784],[85.72902,26.962546],[85.730518,26.963649],[85.729468,26.966879],[85.731586,26.968399],[85.732511,26.97],[85.732665,26.975193],[85.735203,26.979559],[85.733745,26.986666],[85.736271,26.988318],[85.738978,26.99253],[85.739035,26.99635],[85.737837,27.000254],[85.739385,27.004545],[85.7395,27.009261],[85.740458,27.012708],[85.744028,27.018252],[85.747331,27.026799],[85.746891,27.031578],[85.747606,27.03449],[85.751593,27.039442],[85.756874,27.049285],[85.765015,27.053839],[85.767775,27.057938],[85.780764,27.072342],[85.781735,27.074178],[85.780899,27.077004],[85.782419,27.080363],[85.781771,27.0821],[85.783758,27.083105],[85.784623,27.086567],[85.785979,27.08714],[85.786577,27.08847],[85.787697,27.089156],[85.787316,27.090396],[85.785625,27.090833],[85.786432,27.092473],[85.787972,27.092207],[85.788486,27.093459],[85.789632,27.093857],[85.790041,27.095146],[85.793393,27.095245],[85.79513,27.093428],[85.797606,27.095031],[85.796427,27.09676],[85.797611,27.09756],[85.795117,27.098639],[85.79437,27.100012],[85.795711,27.100352],[85.797071,27.099412],[85.798736,27.099489],[85.800778,27.1045],[85.800582,27.106183],[85.799584,27.107186],[85.796047,27.107947],[85.79449,27.106316],[85.79262,27.105641],[85.791794,27.10799],[85.793367,27.109982],[85.796496,27.112283],[85.797598,27.114309],[85.796339,27.115616],[85.794002,27.116124],[85.790744,27.11821],[85.791179,27.120592],[85.793298,27.120389],[85.797456,27.123328],[85.796993,27.124243],[85.794823,27.125097],[85.792302,27.129572],[85.793235,27.137526],[85.794304,27.138287],[85.799224,27.139389],[85.801164,27.142919],[85.803984,27.144646],[85.806968,27.148266],[85.81009,27.150564],[85.810586,27.151326],[85.810236,27.15554],[85.81071,27.156379],[85.81234,27.15815],[85.815158,27.15953],[85.816967,27.162487],[85.820147,27.163868],[85.823857,27.167962],[85.82522,27.168357],[85.830572,27.1671],[85.835174,27.163996],[85.84337,27.159957],[85.84049,27.155805],[85.839639,27.152519],[85.837526,27.151784],[85.836217,27.150072],[85.834532,27.149641],[85.835504,27.148354],[85.835538,27.147016],[85.838228,27.144688],[85.8411,27.144233],[85.845423,27.140862],[85.848824,27.140105],[85.853405,27.13797],[85.853861,27.136135],[85.854941,27.135426],[85.854782,27.133917],[85.858283,27.13257],[85.859118,27.130275],[85.862351,27.127095],[85.863563,27.126997],[85.863891,27.128159],[85.868184,27.133525],[85.871034,27.136301],[85.873695,27.137899],[85.875383,27.140325],[85.88078,27.143477],[85.882777,27.146331],[85.884841,27.145513],[85.886455,27.145697],[85.890758,27.14125],[85.892938,27.141044],[85.897694,27.137467],[85.900283,27.137041],[85.901515,27.135478],[85.905478,27.133776],[85.903573,27.132398],[85.902117,27.128351],[85.90072,27.127117],[85.905674,27.119473],[85.909542,27.11597],[85.913365,27.114553],[85.915061,27.113192],[85.916031,27.112054],[85.916784,27.109307],[85.919802,27.105871],[85.922246,27.104324],[85.932876,27.100053],[85.937059,27.096274],[85.938526,27.091707],[85.938414,27.087431],[85.935641,27.081618],[85.934761,27.07681],[85.935637,27.074617],[85.943512,27.066967],[85.94519,27.06156],[85.94445,27.05926],[85.940434,27.053316],[85.936311,27.049336],[85.933622,27.044551],[85.931897,27.042929],[85.930481,27.042111],[85.927043,27.041559],[85.917074,27.042924],[85.915029,27.041449],[85.913867,27.037613],[85.914292,27.036107],[85.915769,27.03534],[85.920661,27.036903],[85.922865,27.035873],[85.926607,27.031075],[85.92689,27.028938],[85.924078,27.024511],[85.915065,27.016326],[85.911367,27.008024],[85.912167,27.002317],[85.9141,27.000256],[85.913561,26.991207],[85.908476,26.977891],[85.908876,26.971092],[85.906131,26.960868],[85.907761,26.958674],[85.917798,26.958902],[85.91669,26.951992],[85.917145,26.950233],[85.916832,26.948408],[85.915388,26.946666],[85.913725,26.942527],[85.914943,26.938382],[85.914448,26.934622],[85.912681,26.931804],[85.913599,26.926315],[85.912782,26.922777],[85.908229,26.920944],[85.90711,26.917578],[85.905081,26.916425],[85.90471,26.915425],[85.905628,26.913597],[85.904582,26.912091],[85.903705,26.907218],[85.901709,26.904934],[85.901762,26.900743],[85.89875,26.892743],[85.899525,26.890455],[85.899035,26.887003],[85.900241,26.885925],[85.900229,26.885217],[85.896135,26.880383],[85.894978,26.877556],[85.89546,26.874649],[85.896849,26.873487],[85.90637,26.870366],[85.908282,26.870893],[85.911948,26.870107],[85.916598,26.871268],[85.915001,26.866886],[85.916699,26.865344],[85.916535,26.862759],[85.917917,26.860965],[85.91748,26.85704],[85.918195,26.856533],[85.917922,26.855191],[85.919592,26.853974],[85.918483,26.852734],[85.918118,26.850644],[85.918899,26.850045],[85.918445,26.849216],[85.919698,26.846328],[85.918589,26.845088],[85.918933,26.841729],[85.91738,26.840268],[85.915922,26.837207],[85.917588,26.833736],[85.915944,26.832791],[85.91554,26.830717],[85.915349,26.828646],[85.916276,26.824145],[85.915458,26.819385],[85.911058,26.811621],[85.912192,26.806357],[85.909713,26.806701],[85.908657,26.805267],[85.909673,26.804557],[85.910645,26.801893],[85.908765,26.798072],[85.907966,26.794747],[85.909781,26.793475],[85.90997,26.792655],[85.90903,26.790841],[85.908551,26.785316],[85.907609,26.784573],[85.905456,26.784766],[85.904546,26.783563],[85.904997,26.782346],[85.903792,26.782019],[85.902396,26.782608],[85.901956,26.78128],[85.900563,26.78076],[85.899579,26.777983],[85.897693,26.775654],[85.897627,26.768514],[85.89233,26.762489],[85.888271,26.759396],[85.882371,26.759943],[85.880933,26.757524],[85.881052,26.754828],[85.879725,26.752203],[85.880774,26.749826],[85.880228,26.747293],[85.879252,26.746121],[85.88132,26.744646],[85.881601,26.743359],[85.885178,26.742269],[85.885503,26.740466],[85.887057,26.739968],[85.888786,26.737744],[85.888235,26.737033],[85.888686,26.73571],[85.888116,26.734191],[85.888296,26.730711],[85.89084,26.726451],[85.892544,26.725609],[85.892703,26.721919],[85.893451,26.721036],[85.893056,26.717883],[85.891292,26.717531],[85.891833,26.714092],[85.890686,26.713722],[85.890754,26.712224],[85.888841,26.711929],[85.889066,26.707567],[85.88699,26.704796],[85.887336,26.702858],[85.889488,26.701348],[85.888453,26.7],[85.723996,26.7]]]}},
{"type":"Feature","properties":{"adm2_name":"Sarlahi","adm2_pcode":"NP0219","adm1_name":"Madhesh","adm1_pcode":"NP02"},"geometry":{"type":"Polygon","coordinates":[[[85.738207,27.190219],[85.743071,27.187476],[85.747432,27.188278],[85.748317,27.186851],[85.750207,27.185938],[85.757867,27.185009],[85.763026,27.182447],[85.769327,27.182098],[85.770063,27.180618],[85.773308,27.178431],[85.775778,27.178455],[85.776537,27.177279],[85.781549,27.175062],[85.783318,27.175319],[85.787992,27.173717],[85.789934,27.17106],[85.793915,27.16824],[85.796164,27.167328],[85.798885,27.16718],[85.805581,27.163966],[85.80888,27.161613],[85.812519,27.162032],[85.814085,27.16101],[85.815745,27.161232],[85.815699,27.160733],[85.815158,27.15953],[85.81234,27.15815],[85.810236,27.15554],[85.810727,27.153087],[85.81009,27.150564],[85.806968,27.148266],[85.803984,27.144646],[85.801164,27.142919],[85.799224,27.139389],[85.794304,27.138287],[85.793126,27.137221],[85.792302,27.129572],[85.794823,27.125097],[85.796993,27.124243],[85.797456,27.123328],[85.793298,27.120389],[85.791179,27.120592],[85.790744,27.11821],[85.794002,27.116124],[85.796339,27.115616],[85.797598,27.114309],[85.796496,27.112283],[85.791957,27.108546],[85.792056,27.106153],[85.79262,27.105641],[85.793556,27.105902],[85.796304,27.107931],[85.799584,27.107186],[85.800834,27.105035],[85.798736,27.099489],[85.797071,27.099412],[85.795711,27.100352],[85.79437,27.100012],[85.795117,27.098639],[85.797655,27.097483],[85.796427,27.09676],[85.797555,27.095567],[85.797419,27.094645],[85.79513,27.093428],[85.793393,27.095245],[85.790041,27.095146],[85.789632,27.093857],[85.788486,27.093459],[85.787972,27.092207],[85.786432,27.092473],[85.785625,27.090833],[85.787316,27.090396],[85.787697,27.089156],[85.786577,27.08847],[85.785979,27.08714],[85.784623,27.086567],[85.783758,27.083105],[85.781771,27.0821],[85.782419,27.080363],[85.780899,27.077004],[85.781735,27.074178],[85.780764,27.072342],[85.767775,27.057938],[85.765015,27.053839],[85.756874,27.049285],[85.751593,27.039442],[85.747606,27.03449],[85.746891,27.031578],[85.747331,27.026799],[85.744028,27.018252],[85.740458,27.012708],[85.7395,27.009261],[85.739385,27.004545],[85.737837,27.000254],[85.739035,26.99635],[85.738978,26.99253],[85.736271,26.988318],[85.733745,26.986666],[85.735203,26.979559],[85.732665,26.975193],[85.732511,26.97],[85.731586,26.968399],[85.729468,26.966879],[85.730518,26.963649],[85.72902,26.962546],[85.72745,26.959784],[85.726385,26.954082],[85.723802,26.952978],[85.723025,26.950299],[85.719327,26.94694],[85.719188,26.943415],[85.717861,26.941907],[85.719303,26.939623],[85.716332,26.93695],[85.717455,26.934801],[85.71549,26.933429],[85.711222,26.931928],[85.712111,26.929915],[85.711,26.929036],[85.713333,26.925389],[85.711414,26.925184],[85.708796,26.92636],[85.706913,26.924069],[85.707145,26.923072],[85.710726,26.923253],[85.711508,26.921049],[85.710463,26.920744],[85.707588,26.921614],[85.705514,26.919993],[85.707687,26.919239],[85.706958,26.917842],[85.707314,26.914784],[85.71053,26.913081],[85.711316,26.911759],[85.709799,26.910364],[85.708459,26.911609],[85.707114,26.910883],[85.705077,26.905667],[85.709362,26.904916],[85.709594,26.904171],[85.708293,26.903521],[85.706886,26.903695],[85.704216,26.902322],[85.705408,26.900388],[85.704083,26.899855],[85.704167,26.898881],[85.703439,26.89806],[85.697609,26.896575],[85.697904,26.894949],[85.696361,26.89195],[85.694725,26.884668],[85.691582,26.88211],[85.688893,26.882306],[85.687825,26.881619],[85.688439,26.878789],[85.689485,26.879322],[85.690018,26.878939],[85.688855,26.872412],[85.688176,26.872027],[85.685203,26.873229],[85.683373,26.872797],[85.683281,26.870788],[85.681287,26.869512],[85.680662,26.867596],[85.676081,26.86439],[85.677568,26.862355],[85.677675,26.85943],[85.678367,26.858134],[85.676524,26.856648],[85.676213,26.855499],[85.677864,26.851287],[85.680385,26.847707],[85.680332,26.843442],[85.642244,26.853217],[85.634285,26.872211],[85.62335,26.873565],[85.606805,26.85724],[85.585064,26.847173],[85.584648,26.85038],[85.58625,26.852589],[85.583564,26.856925],[85.583643,26.858135],[85.581633,26.858535],[85.580329,26.857565],[85.580032,26.856326],[85.578058,26.85636],[85.578049,26.859516],[85.576547,26.859442],[85.575211,26.861033],[85.571942,26.856919],[85.565588,26.840933],[85.557521,26.843998],[85.553286,26.834299],[85.542872,26.838366],[85.519686,26.814395],[85.507374,26.816791],[85.501817,26.814747],[85.500927,26.813566],[85.499706,26.813452],[85.499056,26.812382],[85.497639,26.812036],[85.498762,26.810563],[85.496669,26.809293],[85.497852,26.807761],[85.496865,26.802918],[85.49537,26.801386],[85.496808,26.799482],[85.495741,26.796985],[85.479689,26.802336],[85.478817,26.801634],[85.478734,26.794334],[85.477148,26.792185],[85.473554,26.79014],[85.46652,26.788826],[85.465343,26.787942],[85.464107,26.788882],[85.462131,26.786917],[85.458349,26.785047],[85.45821,26.784408],[85.459244,26.784355],[85.458306,26.783523],[85.455741,26.782985],[85.453539,26.781471],[85.453135,26.782085],[85.453794,26.782459],[85.453151,26.782412],[85.451887,26.781272],[85.432464,26.790099],[85.429624,26.786586],[85.425369,26.7859],[85.423219,26.786467],[85.417695,26.79037],[85.407596,26.791217],[85.402656,26.782862],[85.397659,26.778482],[85.392282,26.775393],[85.384113,26.774144],[85.376956,26.762276],[85.375128,26.760645],[85.373801,26.76059],[85.370989,26.758629],[85.369268,26.758231],[85.363497,26.760367],[85.36149,26.763078],[85.355181,26.760252],[85.334404,26.741509],[85.326048,26.744613],[85.331834,26.750948],[85.333429,26.756206],[85.332897,26.757352],[85.333109,26.760256],[85.334682,26.759707],[85.338587,26.760257],[85.341524,26.759469],[85.3461,26.759673],[85.351151,26.76166],[85.351026,26.763749],[85.350206,26.764661],[85.345612,26.76665],[85.346398,26.771534],[85.345693,26.775365],[85.339545,26.776427],[85.329607,26.777078],[85.337251,26.780072],[85.340376,26.783761],[85.341062,26.78678],[85.340266,26.789276],[85.331634,26.79812],[85.325818,26.7984],[85.321728,26.804312],[85.323828,26.805882],[85.324932,26.808115],[85.324826,26.80944],[85.323427,26.811434],[85.32387,26.812897],[85.325051,26.814564],[85.32697,26.815699],[85.326759,26.816705],[85.328456,26.819712],[85.330234,26.820208],[85.33242,26.822538],[85.332225,26.826797],[85.335487,26.833707],[85.336782,26.835181],[85.33908,26.836094],[85.341367,26.835251],[85.349131,26.83677],[85.351212,26.838591],[85.35257,26.841159],[85.352935,26.847331],[85.352319,26.849342],[85.350823,26.850873],[85.343344,26.854786],[85.342142,26.858069],[85.342357,26.859172],[85.343551,26.860679],[85.345103,26.860232],[85.346655,26.861142],[85.34842,26.864042],[85.360192,26.870766],[85.36418,26.871095],[85.369918,26.872713],[85.372694,26.875838],[85.376775,26.87798],[85.379141,26.880486],[85.382546,26.881279],[85.387083,26.881191],[85.388457,26.880158],[85.390301,26.880605],[85.392702,26.883562],[85.39271,26.886905],[85.395399,26.892329],[85.393754,26.89679],[85.391349,26.899011],[85.391415,26.902235],[85.389751,26.908033],[85.38942,26.914097],[85.386896,26.916407],[85.38602,26.919236],[85.38721,26.923705],[85.389337,26.92501],[85.391098,26.92884],[85.396064,26.934645],[85.397458,26.936775],[85.398597,26.940443],[85.398845,26.942345],[85.397447,26.950397],[85.400735,26.954565],[85.398939,26.955858],[85.397998,26.957769],[85.398151,26.95927],[85.399426,26.960808],[85.396093,26.968031],[85.395831,26.97001],[85.397665,26.974456],[85.401396,26.977878],[85.400796,26.981155],[85.401229,26.983745],[85.400721,26.985781],[85.397724,26.989639],[85.397342,26.992957],[85.396502,26.994353],[85.392872,26.997751],[85.389798,26.999302],[85.388588,27.001026],[85.388362,27.005671],[85.385993,27.008914],[85.388389,27.014585],[85.391438,27.017296],[85.394432,27.018595],[85.39635,27.021184],[85.396573,27.023961],[85.399783,27.025739],[85.400421,27.027142],[85.400581,27.0315],[85.402295,27.034242],[85.408283,27.034967],[85.410943,27.036438],[85.411939,27.038371],[85.411512,27.042289],[85.412,27.044656],[85.41535,27.049484],[85.419099,27.051675],[85.421905,27.051832],[85.423576,27.052848],[85.424111,27.057195],[85.423771,27.061142],[85.424325,27.062264],[85.430955,27.065145],[85.433703,27.067184],[85.434329,27.069612],[85.432282,27.074181],[85.431384,27.079388],[85.43192,27.0856],[85.433798,27.088638],[85.435696,27.09025],[85.440263,27.089673],[85.442707,27.09046],[85.447667,27.095857],[85.44794,27.098952],[85.449226,27.100931],[85.454742,27.103414],[85.457389,27.106613],[85.461147,27.107824],[85.464062,27.110045],[85.468579,27.114758],[85.47162,27.118994],[85.470762,27.12375],[85.473687,27.128971],[85.484493,27.13496],[85.488132,27.138806],[85.489084,27.143236],[85.49089,27.147523],[85.489196,27.152421],[85.489403,27.154537],[85.491107,27.154014],[85.496108,27.145943],[85.497622,27.145602],[85.500553,27.14358],[85.507964,27.143682],[85.512479,27.141902],[85.515846,27.142588],[85.520659,27.140816],[85.527978,27.140331],[85.530672,27.140932],[85.53286,27.143901],[85.533048,27.146392],[85.534564,27.148052],[85.536538,27.148783],[85.542133,27.146161],[85.542206,27.144463],[85.544558,27.144637],[85.545832,27.143874],[85.54705,27.142375],[85.54667,27.140568],[85.551613,27.140493],[85.549077,27.142558],[85.54965,27.145644],[85.553438,27.14673],[85.554511,27.146657],[85.555316,27.145517],[85.556336,27.145575],[85.558928,27.143813],[85.5619,27.144583],[85.565882,27.14339],[85.568803,27.143429],[85.56991,27.138213],[85.570968,27.136999],[85.575157,27.139701],[85.578464,27.143385],[85.580591,27.143876],[85.583767,27.142547],[85.585418,27.143439],[85.588945,27.142857],[85.592261,27.141038],[85.594569,27.140565],[85.597073,27.142846],[85.599932,27.143553],[85.602917,27.14169],[85.603469,27.140453],[85.604862,27.13955],[85.607551,27.139503],[85.612668,27.141649],[85.614117,27.140684],[85.618639,27.140023],[85.619965,27.138748],[85.621361,27.140194],[85.622688,27.140606],[85.626469,27.13818],[85.629653,27.137354],[85.63106,27.137859],[85.633342,27.141279],[85.63854,27.142106],[85.639789,27.142873],[85.641621,27.142077],[85.646666,27.144549],[85.648471,27.146407],[85.650171,27.150356],[85.651817,27.150947],[85.653378,27.152827],[85.656216,27.152548],[85.656402,27.153247],[85.655484,27.154192],[85.655949,27.155004],[85.662328,27.156094],[85.665071,27.159841],[85.665605,27.162172],[85.669499,27.163964],[85.67096,27.166394],[85.673638,27.167173],[85.677417,27.167116],[85.681601,27.169278],[85.685229,27.173917],[85.685747,27.17634],[85.68741,27.176277],[85.690012,27.177691],[85.693621,27.180976],[85.694775,27.184023],[85.698242,27.185989],[85.703612,27.184717],[85.714434,27.187724],[85.716739,27.187773],[85.720734,27.190977],[85.722166,27.194345],[85.723537,27.195167],[85.725403,27.194812],[85.729497,27.192169],[85.735077,27.190254],[85.738207,27.190219]]]}},
{"type":"Feature","properties":{"adm2_name":"Rautahat","adm2_pcode":"NP0232","adm1_name":"Madhesh","adm1_pcode":"NP02"},"geometry":{"type":"Polygon","coordinates":[[[85.303922,27.229855],[85.306903,27.231788],[85.309756,27.230441],[85.311391,27.230717],[85.317295,27.22716],[85.320844,27.226691],[85.323082,27.225332],[85.330603,27.222962],[85.332699,27.22294],[85.338708,27.219515],[85.341887,27.220932],[85.348632,27.222109],[85.353607,27.215714],[85.356657,27.213133],[85.358351,27.213234],[85.359534,27.21073],[85.362441,27.212703],[85.369261,27.211912],[85.372699,27.209976],[85.376476,27.212026],[85.382496,27.207947],[85.385047,27.207355],[85.387061,27.207947],[85.389198,27.209642],[85.391503,27.208855],[85.393369,27.210348],[85.39707,27.206363],[85.396192,27.199439],[85.397168,27.197599],[85.398708,27.196697],[85.403398,27.196305],[85.405658,27.19702],[85.409163,27.196927],[85.413042,27.194706],[85.415821,27.191359],[85.418163,27.190059],[85.421895,27.191163],[85.424176,27.192881],[85.426515,27.193031],[85.428499,27.191373],[85.433572,27.190362],[85.436451,27.187271],[85.441656,27.186814],[85.443778,27.18741],[85.447987,27.186713],[85.450055,27.183621],[85.449367,27.180384],[85.451406,27.179627],[85.453237,27.177659],[85.452159,27.173659],[85.452431,27.168824],[85.455354,27.167959],[85.456027,27.166511],[85.457097,27.166071],[85.461556,27.166545],[85.466608,27.166116],[85.469298,27.162566],[85.472462,27.161777],[85.474155,27.162657],[85.480089,27.162859],[85.484819,27.164445],[85.486086,27.164341],[85.488934,27.165845],[85.493939,27.169848],[85.495068,27.173603],[85.497621,27.173957],[85.500607,27.175735],[85.503023,27.173577],[85.50327,27.172513],[85.50204,27.170278],[85.499551,27.168358],[85.499446,27.167631],[85.500271,27.16662],[85.503232,27.165794],[85.503794,27.164553],[85.503462,27.162731],[85.494764,27.163051],[85.49303,27.16211],[85.492012,27.160702],[85.489058,27.153296],[85.49089,27.147523],[85.489084,27.143236],[85.488132,27.138806],[85.484493,27.13496],[85.473687,27.128971],[85.470762,27.12375],[85.47162,27.118994],[85.468579,27.114758],[85.462191,27.108449],[85.458278,27.107149],[85.454742,27.103414],[85.449226,27.100931],[85.44794,27.098952],[85.447667,27.095857],[85.442707,27.09046],[85.440263,27.089673],[85.435696,27.09025],[85.433798,27.088638],[85.43192,27.0856],[85.431384,27.079388],[85.432282,27.074181],[85.434329,27.069612],[85.433703,27.067184],[85.430955,27.065145],[85.424325,27.062264],[85.423771,27.061142],[85.424004,27.054407],[85.423334,27.052519],[85.419099,27.051675],[85.41535,27.049484],[85.411599,27.043444],[85.411939,27.038371],[85.411249,27.036828],[85.408283,27.034967],[85.402295,27.034242],[85.400581,27.0315],[85.400282,27.026632],[85.399783,27.025739],[85.396573,27.023961],[85.39635,27.021184],[85.395581,27.019727],[85.391438,27.017296],[85.388119,27.014102],[85.385853,27.008557],[85.388362,27.005671],[85.388588,27.001026],[85.389798,26.999302],[85.392872,26.997751],[85.396723,26.994021],[85.397724,26.989639],[85.400902,26.985299],[85.400854,26.980518],[85.40162,26.978629],[85.401196,26.977532],[85.397665,26.974456],[85.395831,26.97001],[85.396093,26.968031],[85.399426,26.960808],[85.398151,26.95927],[85.397998,26.957769],[85.398939,26.955858],[85.400735,26.954565],[85.397447,26.950397],[85.398845,26.942345],[85.398597,26.940443],[85.397458,26.936775],[85.396064,26.934645],[85.391098,26.92884],[85.389337,26.92501],[85.38721,26.923705],[85.38602,26.919236],[85.386896,26.916407],[85.38942,26.914097],[85.389751,26.908033],[85.391415,26.902235],[85.391349,26.899011],[85.393754,26.89679],[85.395399,26.892329],[85.39271,26.886905],[85.392702,26.883562],[85.390301,26.880605],[85.388457,26.880158],[85.387083,26.881191],[85.382546,26.881279],[85.379141,26.880486],[85.376775,26.87798],[85.372694,26.875838],[85.369918,26.872713],[85.36418,26.871095],[85.360192,26.870766],[85.34842,26.864042],[85.346655,26.861142],[85.345103,26.860232],[85.343551,26.860679],[85.342357,26.859172],[85.342142,26.858069],[85.343344,26.854786],[85.350823,26.850873],[85.352319,26.849342],[85.352935,26.847331],[85.35257,26.841159],[85.351212,26.838591],[85.349131,26.83677],[85.341367,26.835251],[85.33908,26.836094],[85.336782,26.835181],[85.335487,26.833707],[85.332225,26.826797],[85.33242,26.822538],[85.330234,26.820208],[85.328456,26.819712],[85.326759,26.816705],[85.32697,26.815699],[85.325051,26.814564],[85.32387,26.812897],[85.323427,26.811434],[85.324826,26.80944],[85.324932,26.808115],[85.323828,26.805882],[85.321728,26.804312],[85.325818,26.7984],[85.331634,26.79812],[85.340266,26.789276],[85.341062,26.78678],[85.340376,26.783761],[85.337251,26.780072],[85.329607,26.777078],[85.339545,26.776427],[85.345693,26.775365],[85.346398,26.771534],[85.345612,26.76665],[85.350206,26.764661],[85.351026,26.763749],[85.351151,26.76166],[85.3461,26.759673],[85.341524,26.759469],[85.338587,26.760257],[85.334682,26.759707],[85.333109,26.760256],[85.332897,26.757352],[85.333429,26.756206],[85.331834,26.750948],[85.326048,26.744613],[85.324001,26.745354],[85.322913,26.744768],[85.32216,26.745134],[85.321744,26.746623],[85.319144,26.748993],[85.315161,26.749321],[85.313825,26.75011],[85.307564,26.751348],[85.306554,26.752176],[85.279257,26.753411],[85.260189,26.755204],[85.251345,26.759224],[85.240118,26.761877],[85.234281,26.762582],[85.23134,26.762233],[85.222402,26.760126],[85.219034,26.758745],[85.211667,26.757877],[85.205786,26.761494],[85.20039,26.768852],[85.197019,26.769919],[85.191609,26.781789],[85.193456,26.782521],[85.194707,26.784333],[85.194648,26.785746],[85.192985,26.788544],[85.193259,26.790552],[85.191295,26.791474],[85.186495,26.790889],[85.185988,26.792012],[85.186776,26.795027],[85.185877,26.795567],[85.182276,26.794652],[85.180239,26.795736],[85.179391,26.798351],[85.18236,26.799926],[85.182325,26.800831],[85.176643,26.809655],[85.176893,26.815125],[85.184759,26.822265],[85.18677,26.825791],[85.188878,26.827265],[85.191065,26.831206],[85.191473,26.835512],[85.192621,26.838805],[85.190585,26.847105],[85.192725,26.862946],[85.192476,26.86671],[85.191436,26.868871],[85.189756,26.870069],[85.176255,26.86919],[85.175238,26.872034],[85.171427,26.872474],[85.168649,26.874151],[85.165591,26.878438],[85.165653,26.879358],[85.167402,26.879858],[85.16886,26.878141],[85.170465,26.877478],[85.172494,26.877885],[85.172938,26.879208],[85.171676,26.879643],[85.171218,26.882126],[85.16983,26.882334],[85.170532,26.883907],[85.169401,26.883734],[85.168713,26.885994],[85.167281,26.887007],[85.168453,26.888044],[85.168108,26.889633],[85.166828,26.889191],[85.166847,26.890494],[85.164647,26.890605],[85.16429,26.888133],[85.163092,26.888955],[85.163513,26.891698],[85.164216,26.892445],[85.169876,26.891726],[85.170643,26.89209],[85.171521,26.891171],[85.174359,26.891809],[85.175402,26.893553],[85.174903,26.896964],[85.172939,26.897326],[85.170628,26.899506],[85.171308,26.901366],[85.172162,26.901599],[85.174512,26.900566],[85.17466,26.901314],[85.175686,26.90078],[85.176154,26.901739],[85.175384,26.902389],[85.176898,26.90333],[85.175872,26.903826],[85.176382,26.90534],[85.175783,26.905763],[85.176934,26.907048],[85.175927,26.908255],[85.176481,26.90906],[85.175129,26.912564],[85.173462,26.913386],[85.171172,26.915796],[85.172342,26.917524],[85.172251,26.91879],[85.170992,26.918634],[85.171969,26.919882],[85.169855,26.920053],[85.171323,26.921264],[85.173589,26.920729],[85.17444,26.921689],[85.178021,26.923133],[85.179101,26.925398],[85.178769,26.928296],[85.179235,26.929217],[85.178497,26.932303],[85.17666,26.93232],[85.175214,26.930706],[85.174314,26.931473],[85.172777,26.931432],[85.171233,26.932925],[85.170167,26.93258],[85.169946,26.934247],[85.169052,26.933401],[85.168705,26.934859],[85.166823,26.935509],[85.166519,26.936775],[85.165708,26.936581],[85.165533,26.937539],[85.163864,26.938248],[85.163513,26.940471],[85.164233,26.942141],[85.169071,26.944642],[85.16963,26.943761],[85.173862,26.943038],[85.175032,26.944287],[85.175512,26.947108],[85.175123,26.948122],[85.169746,26.951799],[85.169849,26.952796],[85.168823,26.953082],[85.168348,26.954462],[85.169004,26.956726],[85.170922,26.958933],[85.170039,26.961463],[85.171112,26.968597],[85.172072,26.969631],[85.171491,26.970609],[85.17279,26.972931],[85.17225,26.97527],[85.171008,26.975996],[85.172182,26.976803],[85.169075,26.978717],[85.16452,26.978425],[85.163513,26.979496],[85.163552,26.980762],[85.165505,26.986113],[85.168448,26.989627],[85.169256,26.991716],[85.17133,26.992026],[85.170899,26.993482],[85.171941,26.996066],[85.173928,26.997424],[85.176238,26.99786],[85.176363,26.999066],[85.175271,26.999355],[85.175141,27.000024],[85.177234,27.002057],[85.177455,27.003145],[85.179501,27.004547],[85.184167,27.005914],[85.186887,27.007502],[85.186135,27.008156],[85.187175,27.008943],[85.186176,27.010811],[85.187251,27.012131],[85.185531,27.01178],[85.183756,27.012769],[85.182911,27.012485],[85.181335,27.015903],[85.182656,27.01857],[85.184096,27.019828],[85.185039,27.01915],[85.185869,27.020292],[85.192013,27.020691],[85.192529,27.021497],[85.194871,27.021711],[85.195837,27.023768],[85.197051,27.024418],[85.196811,27.027076],[85.19776,27.027023],[85.198075,27.027805],[85.197327,27.029815],[85.191254,27.033386],[85.186052,27.034231],[85.183145,27.032958],[85.179205,27.033359],[85.177583,27.034672],[85.177133,27.037528],[85.17735,27.038092],[85.179968,27.038725],[85.190155,27.037897],[85.198885,27.038118],[85.200067,27.038539],[85.200908,27.040404],[85.20036,27.042007],[85.196814,27.041723],[85.194557,27.042868],[85.194605,27.043772],[85.197176,27.045932],[85.197884,27.047334],[85.197257,27.049681],[85.196336,27.050465],[85.194093,27.050766],[85.192645,27.050278],[85.190129,27.047878],[85.18817,27.047067],[85.184478,27.048303],[85.183031,27.049709],[85.183909,27.051683],[85.186784,27.054012],[85.187859,27.056769],[85.189727,27.057155],[85.192071,27.060496],[85.192297,27.062243],[85.191669,27.063938],[85.19216,27.064859],[85.193931,27.065656],[85.197094,27.063127],[85.198291,27.063442],[85.200377,27.065712],[85.20022,27.068655],[85.199188,27.071146],[85.197989,27.072774],[85.195084,27.074574],[85.194143,27.077411],[85.196561,27.080159],[85.198707,27.079559],[85.199715,27.083248],[85.201636,27.081959],[85.202342,27.08358],[85.202034,27.086263],[85.201169,27.087581],[85.201818,27.089292],[85.200174,27.089609],[85.200414,27.091015],[85.201393,27.091534],[85.200331,27.093294],[85.200918,27.093792],[85.199742,27.0953],[85.19838,27.095589],[85.198839,27.096923],[85.197741,27.096538],[85.197148,27.097854],[85.196145,27.103385],[85.197079,27.107421],[85.201052,27.112939],[85.20446,27.116001],[85.220216,27.125668],[85.231125,27.134128],[85.230687,27.137333],[85.231701,27.145376],[85.234497,27.147355],[85.240193,27.153505],[85.24599,27.158455],[85.246958,27.162422],[85.247181,27.167765],[85.249931,27.175197],[85.249705,27.179221],[85.250798,27.183246],[85.251278,27.190044],[85.254645,27.194505],[85.254885,27.196035],[85.256814,27.199325],[85.258564,27.201033],[85.259524,27.204416],[85.261767,27.206338],[85.26252,27.210642],[85.265214,27.213296],[85.264759,27.214832],[85.262371,27.217214],[85.261996,27.220224],[85.26263,27.221857],[85.268124,27.223971],[85.270619,27.225647],[85.270894,27.226396],[85.269225,27.228001],[85.271832,27.229216],[85.274111,27.229574],[85.27942,27.228703],[85.280007,27.229022],[85.280515,27.231147],[85.288627,27.231075],[85.292911,27.232849],[85.295185,27.232573],[85.297998,27.23107],[85.303922,27.229855]]]}},
{"type":"Feature","properties":{"adm2_name":"Bara","adm2_pcode":"NP0233","adm1_name":"Madhesh","adm1_pcode":"NP02"},"geometry":{"type":"Polygon","coordinates":[[[84.999107,27.365345],[85.001164,27.358625],[85.000801,27.3557],[85.003055,27.354305],[85.003861,27.352794],[85.008364,27.354652],[85.009801,27.354432],[85.013087,27.355331],[85.021379,27.352024],[85.021986,27.35373],[85.020843,27.356667],[85.024446,27.358628],[85.029183,27.359275],[85.030563,27.360343],[85.031836,27.360482],[85.032817,27.360089],[85.033206,27.358737],[85.036371,27.357326],[85.039868,27.35927],[85.042925,27.359019],[85.044664,27.361553],[85.046347,27.362256],[85.048186,27.361701],[85.050335,27.363361],[85.052259,27.36313],[85.053363,27.364726],[85.056059,27.365599],[85.05995,27.363281],[85.059639,27.361362],[85.06136,27.360374],[85.065377,27.362561],[85.067199,27.360341],[85.068117,27.362084],[85.069601,27.36242],[85.069306,27.36425],[85.0707,27.364339],[85.083099,27.362215],[85.086945,27.360854],[85.087873,27.35952],[85.08795,27.358139],[85.091223,27.356518],[85.090514,27.353324],[85.09219,27.35235],[85.092981,27.348551],[85.092976,27.343437],[85.091844,27.342175],[85.091975,27.340126],[85.094784,27.332399],[85.098756,27.328569],[85.100067,27.325824],[85.103114,27.323239],[85.103959,27.31999],[85.106249,27.318878],[85.109798,27.318304],[85.11274,27.318644],[85.116679,27.317841],[85.118903,27.314321],[85.118941,27.3092],[85.120487,27.305963],[85.120763,27.302101],[85.125417,27.301071],[85.127003,27.295551],[85.126278,27.292842],[85.127518,27.292262],[85.131689,27.292084],[85.136632,27.290164],[85.139262,27.285592],[85.141946,27.285031],[85.144666,27.282913],[85.144111,27.280014],[85.145162,27.272901],[85.147883,27.270259],[85.150954,27.268542],[85.151678,27.265682],[85.154739,27.263948],[85.155519,27.262324],[85.157448,27.261625],[85.161325,27.262026],[85.164794,27.260431],[85.167586,27.260119],[85.170834,27.254716],[85.174928,27.253578],[85.180843,27.254514],[85.179818,27.252089],[85.177188,27.24957],[85.182031,27.247267],[85.189654,27.246117],[85.192356,27.245047],[85.197801,27.245989],[85.199482,27.249142],[85.201459,27.250222],[85.206623,27.248273],[85.207056,27.24653],[85.208286,27.245319],[85.209486,27.245157],[85.215079,27.24674],[85.217103,27.244615],[85.219812,27.243955],[85.224597,27.245423],[85.231681,27.243324],[85.232638,27.244967],[85.236557,27.247615],[85.238838,27.248526],[85.24285,27.248622],[85.24545,27.246527],[85.248922,27.246332],[85.251404,27.244906],[85.251521,27.242548],[85.253288,27.238191],[85.257978,27.23414],[85.256833,27.231075],[85.257677,27.229148],[85.259974,27.228243],[85.260383,27.227192],[85.261796,27.226584],[85.263732,27.227083],[85.26726,27.22621],[85.268453,27.226641],[85.269225,27.228001],[85.270894,27.226396],[85.268124,27.223971],[85.262452,27.22161],[85.261996,27.220224],[85.262371,27.217214],[85.264759,27.214832],[85.265214,27.213296],[85.26252,27.210642],[85.261767,27.206338],[85.259524,27.204416],[85.258564,27.201033],[85.256814,27.199325],[85.254885,27.196035],[85.254645,27.194505],[85.251278,27.190044],[85.250798,27.183246],[85.249705,27.179221],[85.249931,27.175197],[85.247181,27.167765],[85.246273,27.158976],[85.234497,27.147355],[85.231701,27.145376],[85.230687,27.137333],[85.231125,27.134128],[85.220216,27.125668],[85.20446,27.116001],[85.201052,27.112939],[85.197079,27.107421],[85.196145,27.103385],[85.197148,27.097854],[85.197741,27.096538],[85.198839,27.096923],[85.19838,27.095589],[85.199742,27.0953],[85.200918,27.093792],[85.200331,27.093294],[85.201393,27.091534],[85.200414,27.091015],[85.200174,27.089609],[85.201818,27.089292],[85.201169,27.087581],[85.202034,27.086263],[85.202342,27.08358],[85.201636,27.081959],[85.199715,27.083248],[85.198707,27.079559],[85.196561,27.080159],[85.194143,27.077411],[85.195084,27.074574],[85.197989,27.072774],[85.199188,27.071146],[85.20022,27.068655],[85.200377,27.065712],[85.198291,27.063442],[85.197094,27.063127],[85.193931,27.065656],[85.19216,27.064859],[85.191669,27.063938],[85.192297,27.062243],[85.192071,27.060496],[85.189727,27.057155],[85.187859,27.056769],[85.186784,27.054012],[85.183909,27.051683],[85.183031,27.049709],[85.184478,27.048303],[85.18817,27.047067],[85.190129,27.047878],[85.192645,27.050278],[85.194093,27.050766],[85.196336,27.050465],[85.197257,27.049681],[85.197884,27.047334],[85.194486,27.043065],[85.196814,27.041723],[85.20036,27.042007],[85.200911,27.040781],[85.200438,27.039111],[85.198885,27.038118],[85.193828,27.037931],[85.179968,27.038725],[85.17735,27.038092],[85.177133,27.037528],[85.177583,27.034672],[85.179205,27.033359],[85.183145,27.032958],[85.186052,27.034231],[85.191254,27.033386],[85.197327,27.029815],[85.198075,27.027805],[85.19776,27.027023],[85.196811,27.027076],[85.197051,27.024418],[85.195837,27.023768],[85.194871,27.021711],[85.192529,27.021497],[85.192013,27.020691],[85.185869,27.020292],[85.185039,27.01915],[85.184096,27.019828],[85.182656,27.01857],[85.181335,27.015903],[85.182911,27.012485],[85.183756,27.012769],[85.185531,27.01178],[85.187251,27.012131],[85.186176,27.010811],[85.187175,27.008943],[85.186135,27.008156],[85.186887,27.007502],[85.184167,27.005914],[85.179501,27.004547],[85.177455,27.003145],[85.177234,27.002057],[85.175141,27.000024],[85.175271,26.999355],[85.176363,26.999066],[85.176238,26.99786],[85.173928,26.997424],[85.171941,26.996066],[85.170899,26.993482],[85.17133,26.992026],[85.169256,26.991716],[85.168448,26.989627],[85.165505,26.986113],[85.163489,26.980417],[85.163642,26.979191],[85.16452,26.978425],[85.169075,26.978717],[85.172182,26.976803],[85.171008,26.975996],[85.17225,26.97527],[85.17279,26.972931],[85.171491,26.970609],[85.172072,26.969631],[85.171112,26.968597],[85.170039,26.961463],[85.170922,26.958933],[85.169004,26.956726],[85.168348,26.954462],[85.168823,26.953082],[85.169849,26.952796],[85.169746,26.951799],[85.175123,26.948122],[85.175512,26.947108],[85.175032,26.944287],[85.173862,26.943038],[85.16963,26.943761],[85.169071,26.944642],[85.164233,26.942141],[85.163513,26.940471],[85.163864,26.938248],[85.165533,26.937539],[85.165708,26.936581],[85.166519,26.936775],[85.166823,26.935509],[85.168705,26.934859],[85.169052,26.933401],[85.169946,26.934247],[85.170167,26.93258],[85.171233,26.932925],[85.172777,26.931432],[85.174314,26.931473],[85.175214,26.930706],[85.17666,26.93232],[85.178497,26.932303],[85.179235,26.929217],[85.178769,26.928296],[85.179101,26.925398],[85.178021,26.923133],[85.17444,26.921689],[85.173589,26.920729],[85.171323,26.921264],[85.169855,26.920053],[85.171969,26.919882],[85.170992,26.918634],[85.172251,26.91879],[85.172342,26.917524],[85.171172,26.915796],[85.173462,26.913386],[85.175129,26.912564],[85.176481,26.90906],[85.175927,26.908255],[85.176934,26.907048],[85.175783,26.905763],[85.176382,26.90534],[85.175872,26.903826],[85.176898,26.90333],[85.175384,26.902389],[85.176154,26.901739],[85.175686,26.90078],[85.17466,26.901314],[85.174512,26.900566],[85.172162,26.901599],[85.171308,26.901366],[85.170628,26.899506],[85.172939,26.897326],[85.174903,26.896964],[85.175402,26.893553],[85.174359,26.891809],[85.171521,26.891171],[85.170643,26.89209],[85.169876,26.891726],[85.164216,26.892445],[85.163513,26.891698],[85.163092,26.888955],[85.16429,26.888133],[85.164647,26.890605],[85.166847,26.890494],[85.166828,26.889191],[85.167702,26.889729],[85.1683,26.889404],[85.167939,26.888694],[85.168453,26.888044],[85.167281,26.887007],[85.168713,26.885994],[85.169401,26.883734],[85.170532,26.883907],[85.16983,26.882334],[85.171218,26.882126],[85.171676,26.879643],[85.172723,26.879589],[85.172898,26.878728],[85.172345,26.877789],[85.170208,26.877514],[85.166975,26.879916],[85.165653,26.879358],[85.165591,26.878438],[85.168649,26.874151],[85.170589,26.872772],[85.175238,26.872034],[85.176255,26.86919],[85.165388,26.868528],[85.153619,26.870608],[85.139903,26.871121],[85.136174,26.869459],[85.13503,26.867817],[85.134049,26.86777],[85.12608,26.869765],[85.123319,26.871398],[85.111037,26.872434],[85.110695,26.871338],[85.109447,26.870872],[85.105392,26.871513],[85.104705,26.870819],[85.099386,26.871054],[85.095982,26.867037],[85.091564,26.867843],[85.090167,26.869088],[85.089692,26.867887],[85.088486,26.868343],[85.088923,26.867329],[85.086586,26.867362],[85.085717,26.866505],[85.085585,26.864516],[85.086971,26.862481],[85.088865,26.861278],[85.089244,26.859549],[85.08692,26.859194],[85.086558,26.858762],[85.087358,26.857896],[85.087335,26.856725],[85.08424,26.855436],[85.087322,26.854065],[85.087102,26.852864],[85.083566,26.853762],[85.082744,26.854721],[85.083339,26.856591],[85.08222,26.856663],[85.082535,26.855862],[85.081016,26.855562],[85.081416,26.857102],[85.079816,26.856505],[85.078499,26.857528],[85.078164,26.858774],[85.076961,26.858567],[85.076678,26.857894],[85.078443,26.856577],[85.078112,26.855783],[85.077003,26.855687],[85.076957,26.856951],[85.076311,26.856956],[85.075976,26.855695],[85.074316,26.855988],[85.072345,26.855163],[85.071194,26.855555],[85.070835,26.854222],[85.066342,26.853965],[85.065562,26.853256],[85.065782,26.850966],[85.063842,26.849645],[85.062541,26.850039],[85.061457,26.853837],[85.064793,26.856215],[85.064544,26.856826],[85.063542,26.857114],[85.062392,26.856398],[85.063407,26.857719],[85.062594,26.858188],[85.060814,26.856741],[85.062373,26.855559],[85.060672,26.853895],[85.058989,26.854197],[85.057805,26.856069],[85.057315,26.855473],[85.057673,26.854186],[85.05663,26.852558],[85.05835,26.850059],[85.057303,26.849146],[85.043372,26.850978],[85.021909,26.854853],[85.022351,26.856465],[85.025848,26.857663],[85.026423,26.858857],[85.028646,26.859287],[85.028789,26.862384],[85.027246,26.86286],[85.026494,26.866501],[85.026929,26.867348],[85.030061,26.867666],[85.02779,26.870614],[85.029168,26.875252],[85.029993,26.875388],[85.031427,26.87443],[85.035995,26.87508],[85.03725,26.87582],[85.036656,26.877379],[85.037338,26.87806],[85.038168,26.87767],[85.039382,26.875251],[85.041579,26.874563],[85.041984,26.875169],[85.041252,26.877446],[85.043029,26.879635],[85.044315,26.879888],[85.045789,26.878543],[85.052121,26.881244],[85.051998,26.882599],[85.04972,26.882311],[85.048049,26.884264],[85.048261,26.88519],[85.049185,26.885264],[85.049466,26.88399],[85.05054,26.883194],[85.051996,26.884819],[85.05373,26.884707],[85.055074,26.881423],[85.059751,26.885348],[85.060126,26.88692],[85.059318,26.887289],[85.059213,26.885715],[85.058556,26.885316],[85.054179,26.886944],[85.051648,26.886176],[85.051075,26.887554],[85.053081,26.889031],[85.035725,26.891404],[85.022414,26.891742],[85.019565,26.893096],[85.003768,26.895069],[85.001243,26.89739],[84.992617,26.902882],[84.993032,26.905587],[84.995721,26.90661],[84.996666,26.906308],[84.997693,26.904798],[85.000262,26.9045],[85.002096,26.903384],[85.001909,26.905407],[85.000524,26.906524],[85.001006,26.907615],[85.000446,26.908813],[85.00164,26.909815],[84.999403,26.912155],[84.967506,26.916233],[84.970572,26.917061],[84.970835,26.918329],[84.970069,26.920329],[84.971751,26.92196],[84.969299,26.924958],[84.969438,26.925523],[84.971786,26.926159],[84.97006,26.928959],[84.971959,26.92963],[84.973709,26.931924],[84.976472,26.93204],[84.976898,26.934228],[84.978096,26.935851],[84.974704,26.939548],[84.978159,26.940266],[84.967922,26.954665],[84.965685,26.956517],[84.965776,26.958294],[84.964793,26.957901],[84.963335,26.958642],[84.962205,26.960464],[84.956532,26.961004],[84.955797,26.959892],[84.953224,26.959704],[84.934218,26.967507],[84.929301,26.968659],[84.927423,26.967838],[84.92465,26.968163],[84.92392,26.967541],[84.917132,26.968944],[84.90983,26.967953],[84.901814,26.970195],[84.899303,26.969812],[84.896461,26.972657],[84.895508,26.972916],[84.891963,26.972264],[84.891739,26.971227],[84.892731,26.969545],[84.89212,26.969515],[84.890133,26.971091],[84.890705,26.974097],[84.890368,26.975002],[84.888618,26.975902],[84.888541,26.977443],[84.871362,26.981892],[84.868837,26.98276],[84.868927,26.983951],[84.867472,26.984019],[84.867498,26.983123],[84.8661,26.983736],[84.868273,26.988032],[84.867316,26.988063],[84.867087,26.988868],[84.870561,26.988919],[84.873966,26.986734],[84.877083,26.988091],[84.878953,26.989647],[84.88046,26.989293],[84.879823,26.991178],[84.880144,26.991891],[84.886479,26.993964],[84.887592,26.996642],[84.88854,26.996807],[84.88869,26.998142],[84.890987,26.999355],[84.889923,27.000242],[84.890448,27.001166],[84.893454,27.002164],[84.89478,27.004374],[84.897623,27.004507],[84.898594,27.005834],[84.899061,27.008268],[84.901196,27.010829],[84.902826,27.010419],[84.903386,27.012164],[84.905565,27.012389],[84.906166,27.014326],[84.908468,27.015223],[84.911177,27.01817],[84.911225,27.019796],[84.909941,27.022066],[84.912171,27.023669],[84.911905,27.024643],[84.913249,27.025034],[84.91473,27.031091],[84.916563,27.032063],[84.917184,27.034365],[84.910263,27.032783],[84.901549,27.032208],[84.899064,27.033336],[84.898803,27.034023],[84.902024,27.039996],[84.901686,27.042308],[84.899985,27.046053],[84.917443,27.072526],[84.923454,27.071404],[84.927652,27.069407],[84.931172,27.068589],[84.93232,27.069416],[84.9345,27.069698],[84.935729,27.070966],[84.935885,27.074657],[84.928628,27.07683],[84.927775,27.078639],[84.928033,27.080629],[84.925813,27.082126],[84.927362,27.08351],[84.924105,27.083778],[84.928215,27.089628],[84.933283,27.090328],[84.934339,27.092264],[84.935582,27.092138],[84.936037,27.091375],[84.939273,27.093783],[84.940156,27.093082],[84.940234,27.094208],[84.938946,27.094679],[84.939669,27.095274],[84.938545,27.096662],[84.938744,27.098728],[84.93959,27.100146],[84.938451,27.103919],[84.939005,27.104475],[84.940037,27.10406],[84.941589,27.105976],[84.941534,27.108001],[84.940654,27.10811],[84.941614,27.108898],[84.941183,27.109257],[84.941714,27.109967],[84.941513,27.111358],[84.946127,27.113901],[84.947142,27.116273],[84.949259,27.117066],[84.951263,27.118928],[84.952055,27.122595],[84.953721,27.123518],[84.954919,27.126797],[84.954665,27.129249],[84.953451,27.130837],[84.955055,27.134878],[84.948978,27.138491],[84.947871,27.140426],[84.946698,27.141113],[84.947191,27.143296],[84.949689,27.145443],[84.950865,27.148047],[84.950483,27.150114],[84.95091,27.151111],[84.952383,27.151764],[84.950509,27.155552],[84.949059,27.156854],[84.950515,27.161411],[84.950023,27.162103],[84.948485,27.161757],[84.946413,27.159918],[84.945024,27.161566],[84.944596,27.163942],[84.948807,27.172817],[84.948575,27.179968],[84.952189,27.186277],[84.95311,27.190955],[84.953922,27.19199],[84.958319,27.193751],[84.95979,27.196453],[84.960155,27.201227],[84.958857,27.204735],[84.960101,27.210408],[84.962948,27.214411],[84.963766,27.218776],[84.964474,27.224502],[84.963429,27.227871],[84.96341,27.231912],[84.965106,27.24428],[84.969555,27.252642],[84.972775,27.263858],[84.973076,27.266945],[84.972938,27.26906],[84.971492,27.272545],[84.967774,27.278635],[84.962973,27.283632],[84.960018,27.290258],[84.95749,27.300246],[84.958704,27.304231],[84.958305,27.306887],[84.962596,27.309852],[84.962051,27.311936],[84.962559,27.312722],[84.966655,27.312375],[84.96759,27.313086],[84.967451,27.318768],[84.968916,27.319902],[84.967769,27.323109],[84.964651,27.327627],[84.963883,27.336046],[84.964343,27.337938],[84.966912,27.340657],[84.966045,27.343617],[84.967376,27.346484],[84.9676,27.349007],[84.966737,27.350953],[84.9689,27.35388],[84.969359,27.356212],[84.971796,27.355072],[84.975483,27.356285],[84.977277,27.356022],[84.978502,27.359522],[84.979862,27.361303],[84.981417,27.36213],[84.98526,27.36233],[84.988209,27.361633],[84.990231,27.363376],[84.99324,27.363747],[84.994707,27.365415],[84.995795,27.365667],[84.99693,27.36479],[84.999107,27.365345]]]}},
{"type":"Feature","properties":{"adm2_name":"Parsa","adm2_pcode":"NP0234","adm1_name":"Madhesh","adm1_pcode":"NP02"},"geometry":{"type":"Polygon","coordinates":[[[84.566507,27.462364],[84.567715,27.460464],[84.573066,27.4587],[84.573398,27.45619],[84.57465,27.455702],[84.57574,27.453906],[84.581782,27.454316],[84.582461,27.454778],[84.582319,27.456423],[84.584654,27.456416],[84.587145,27.454409],[84.590938,27.453176],[84.594921,27.454434],[84.597259,27.454388],[84.601156,27.451073],[84.60322,27.453113],[84.60671,27.454248],[84.609912,27.451976],[84.620274,27.451079],[84.621665,27.451897],[84.621915,27.450336],[84.622745,27.449712],[84.628164,27.4508],[84.628962,27.449039],[84.630582,27.448513],[84.634824,27.444401],[84.638472,27.443763],[84.639629,27.444462],[84.640371,27.443655],[84.641482,27.443993],[84.642862,27.442838],[84.643396,27.436555],[84.645324,27.434366],[84.646545,27.42934],[84.647547,27.429065],[84.652491,27.430405],[84.656324,27.432613],[84.658518,27.432008],[84.661618,27.432961],[84.662673,27.431139],[84.662643,27.429669],[84.670588,27.429008],[84.680741,27.429823],[84.684244,27.430487],[84.68579,27.431662],[84.690489,27.432453],[84.700634,27.43189],[84.704802,27.43295],[84.708423,27.432467],[84.709438,27.431582],[84.713199,27.432472],[84.714812,27.431638],[84.718816,27.431188],[84.71931,27.431549],[84.718863,27.433747],[84.72063,27.435664],[84.720693,27.437668],[84.724609,27.441379],[84.725162,27.443872],[84.725956,27.44461],[84.728867,27.443821],[84.734578,27.444192],[84.734389,27.442039],[84.738011,27.442293],[84.738299,27.441032],[84.739337,27.440413],[84.741672,27.441993],[84.743205,27.441999],[84.748663,27.43768],[84.751767,27.437158],[84.755198,27.435651],[84.758212,27.437514],[84.761215,27.43678],[84.765166,27.437938],[84.768238,27.437014],[84.768948,27.438272],[84.770167,27.438833],[84.772888,27.43832],[84.774325,27.438754],[84.775082,27.437586],[84.779359,27.436305],[84.779929,27.435018],[84.784354,27.43523],[84.786099,27.436795],[84.790827,27.437682],[84.797064,27.435203],[84.797529,27.434603],[84.797306,27.432688],[84.799247,27.43124],[84.799749,27.430086],[84.801298,27.429662],[84.806076,27.425928],[84.809126,27.424448],[84.808509,27.423671],[84.810009,27.41591],[84.813143,27.41676],[84.815363,27.418932],[84.819275,27.419418],[84.82234,27.418913],[84.825501,27.419517],[84.829648,27.416207],[84.833588,27.417671],[84.834704,27.416531],[84.836158,27.416241],[84.837592,27.41431],[84.840282,27.414734],[84.840916,27.41408],[84.84076,27.411978],[84.844014,27.411958],[84.845494,27.409132],[84.847509,27.408548],[84.848826,27.40625],[84.851227,27.403921],[84.850298,27.402871],[84.851777,27.398498],[84.858161,27.398547],[84.860749,27.397482],[84.862613,27.397847],[84.863981,27.396925],[84.867993,27.397455],[84.871394,27.399212],[84.872573,27.398171],[84.876611,27.397593],[84.878499,27.396254],[84.87792,27.395062],[84.878413,27.393191],[84.881734,27.388001],[84.889774,27.389259],[84.891204,27.387226],[84.893563,27.387251],[84.896584,27.385445],[84.897692,27.382031],[84.897707,27.379217],[84.898711,27.377216],[84.901151,27.374642],[84.902344,27.374628],[84.906319,27.377339],[84.908341,27.377188],[84.910576,27.37526],[84.911697,27.37512],[84.914034,27.37274],[84.916984,27.372542],[84.918981,27.37106],[84.921615,27.370594],[84.926054,27.364175],[84.928791,27.364608],[84.93084,27.365705],[84.933284,27.364551],[84.935758,27.366432],[84.937045,27.365654],[84.940768,27.365708],[84.940865,27.363131],[84.941958,27.362866],[84.94311,27.363463],[84.945319,27.362365],[84.944535,27.360814],[84.944837,27.360166],[84.949299,27.362248],[84.951225,27.366878],[84.953537,27.366562],[84.956287,27.363899],[84.953668,27.361406],[84.95551,27.360974],[84.956586,27.359143],[84.964077,27.363631],[84.964784,27.363022],[84.964605,27.360155],[84.965465,27.358496],[84.967393,27.356876],[84.969359,27.356212],[84.9689,27.35388],[84.966737,27.350953],[84.9676,27.349007],[84.967376,27.346484],[84.966045,27.343617],[84.966912,27.340657],[84.964343,27.337938],[84.963883,27.336046],[84.964651,27.327627],[84.967769,27.323109],[84.968916,27.319902],[84.967451,27.318768],[84.96759,27.313086],[84.966655,27.312375],[84.963667,27.312899],[84.962156,27.312336],[84.962596,27.309852],[84.958452,27.30729],[84.958704,27.304231],[84.95749,27.300246],[84.960018,27.290258],[84.962543,27.284316],[84.967774,27.278635],[84.972051,27.271519],[84.972938,27.26906],[84.972816,27.264086],[84.969954,27.253844],[84.96829,27.250255],[84.968695,27.250218],[84.967759,27.249735],[84.967223,27.247514],[84.965106,27.24428],[84.96341,27.231912],[84.963429,27.227871],[84.964474,27.224502],[84.963766,27.218776],[84.962948,27.214411],[84.960101,27.210408],[84.958857,27.204735],[84.960155,27.201227],[84.95979,27.196453],[84.958319,27.193751],[84.953922,27.19199],[84.95311,27.190955],[84.952189,27.186277],[84.948575,27.179968],[84.948807,27.172817],[84.944596,27.163942],[84.945024,27.161566],[84.946413,27.159918],[84.948485,27.161757],[84.950023,27.162103],[84.950515,27.161411],[84.949059,27.156854],[84.950509,27.155552],[84.952383,27.151764],[84.95091,27.151111],[84.950483,27.150114],[84.950865,27.148047],[84.949689,27.145443],[84.947191,27.143296],[84.946698,27.141113],[84.947871,27.140426],[84.948978,27.138491],[84.955055,27.134878],[84.953451,27.130837],[84.954665,27.129249],[84.954919,27.126797],[84.953721,27.123518],[84.952055,27.122595],[84.951263,27.118928],[84.949259,27.117066],[84.947142,27.116273],[84.946127,27.113901],[84.941513,27.111358],[84.941714,27.109967],[84.941183,27.109257],[84.941614,27.108898],[84.940654,27.10811],[84.941534,27.108001],[84.941589,27.105976],[84.940037,27.10406],[84.939005,27.104475],[84.938451,27.103919],[84.93959,27.100146],[84.938744,27.098728],[84.938545,27.096662],[84.939669,27.095274],[84.938946,27.094679],[84.940234,27.094208],[84.940156,27.093082],[84.939273,27.093783],[84.936037,27.091375],[84.935582,27.092138],[84.934339,27.092264],[84.933283,27.090328],[84.928215,27.089628],[84.924105,27.083778],[84.927362,27.08351],[84.925813,27.082126],[84.928033,27.080629],[84.927775,27.078639],[84.928628,27.07683],[84.935885,27.074657],[84.935729,27.070966],[84.9345,27.069698],[84.93232,27.069416],[84.931172,27.068589],[84.927652,27.069407],[84.923454,27.071404],[84.917443,27.072526],[84.899985,27.046053],[84.901686,27.042308],[84.902024,27.039996],[84.898803,27.034023],[84.899064,27.033336],[84.901549,27.032208],[84.910263,27.032783],[84.917184,27.034365],[84.916563,27.032063],[84.91473,27.031091],[84.913249,27.025034],[84.911905,27.024643],[84.912171,27.023669],[84.909941,27.022066],[84.911225,27.019796],[84.911177,27.01817],[84.908468,27.015223],[84.906166,27.014326],[84.905565,27.012389],[84.903386,27.012164],[84.902826,27.010419],[84.901196,27.010829],[84.899061,27.008268],[84.898594,27.005834],[84.897623,27.004507],[84.89478,27.004374],[84.893454,27.002164],[84.890448,27.001166],[84.889923,27.000242],[84.890987,26.999355],[84.88869,26.998142],[84.88854,26.996807],[84.887592,26.996642],[84.886479,26.993964],[84.880144,26.991891],[84.880326,26.989194],[84.878953,26.989647],[84.877083,26.988091],[84.873966,26.986734],[84.870561,26.988919],[84.867087,26.988868],[84.867316,26.988063],[84.868273,26.988032],[84.8661,26.983736],[84.864654,26.984174],[84.861784,26.987079],[84.858749,26.987949],[84.858903,26.989096],[84.856759,26.987361],[84.856529,26.986432],[84.855968,26.986524],[84.855254,26.988211],[84.857257,26.990645],[84.85477,26.992515],[84.855382,26.993215],[84.857564,26.992575],[84.857909,26.995237],[84.856672,26.996384],[84.857693,26.997682],[84.854261,26.998818],[84.85305,26.998083],[84.849988,26.998356],[84.851723,26.999402],[84.851629,27.000686],[84.852528,27.00177],[84.851423,27.001863],[84.851718,27.002497],[84.851103,27.003006],[84.852742,27.006036],[84.855232,27.007183],[84.854583,27.008195],[84.838347,27.014042],[84.83237,27.017189],[84.82961,27.019486],[84.825471,27.020892],[84.823933,27.020691],[84.8225,27.02129],[84.819535,27.020504],[84.816636,27.020776],[84.813353,27.018182],[84.812758,27.020361],[84.811941,27.020756],[84.811493,27.020172],[84.812314,27.015839],[84.810774,27.016155],[84.810486,27.018285],[84.808937,27.018208],[84.806814,27.014659],[84.807474,27.013744],[84.810003,27.015045],[84.810785,27.013829],[84.809745,27.010893],[84.808002,27.012125],[84.806641,27.010506],[84.806805,27.008184],[84.808197,27.007765],[84.801255,27.004371],[84.801225,27.002735],[84.800146,27.000706],[84.799439,27.00106],[84.798957,27.003488],[84.797006,27.004149],[84.796559,27.002687],[84.795694,27.002518],[84.796482,27.001566],[84.796283,27.000486],[84.794648,26.999045],[84.793459,26.995784],[84.790463,26.997367],[84.790833,26.998367],[84.791857,26.997989],[84.790806,26.999606],[84.789744,26.998973],[84.789384,26.997138],[84.788301,26.997239],[84.788325,26.9988],[84.786191,26.998501],[84.787671,27.003082],[84.786846,27.005406],[84.787981,27.005996],[84.78868,27.008916],[84.786681,27.008905],[84.785702,27.010961],[84.78516,27.007999],[84.784111,27.00801],[84.782406,27.011543],[84.782526,27.014126],[84.77296,27.017803],[84.770855,27.01718],[84.767149,27.013904],[84.764595,27.012943],[84.760456,27.005138],[84.756646,27.002821],[84.729557,27.014941],[84.727493,27.013487],[84.721279,27.014302],[84.719232,27.015448],[84.719326,27.016959],[84.718796,27.017514],[84.717029,27.017557],[84.716467,27.019778],[84.714427,27.019913],[84.713943,27.021467],[84.709484,27.021436],[84.70132,27.026994],[84.679803,27.032212],[84.642666,27.046444],[84.642645,27.048502],[84.644301,27.049027],[84.643117,27.050038],[84.643122,27.051],[84.646221,27.051344],[84.645348,27.055322],[84.644496,27.056221],[84.645653,27.058592],[84.644243,27.058506],[84.642862,27.059665],[84.644445,27.061614],[84.644136,27.062749],[84.645214,27.063912],[84.643355,27.065961],[84.644605,27.06653],[84.645935,27.070277],[84.64731,27.071107],[84.646168,27.072965],[84.646737,27.074847],[84.646211,27.075555],[84.64746,27.076542],[84.647516,27.075561],[84.648571,27.074705],[84.648616,27.076293],[84.649541,27.077246],[84.650772,27.077224],[84.651994,27.07839],[84.652974,27.07767],[84.653272,27.078621],[84.652297,27.08011],[84.6529,27.0807],[84.655933,27.079132],[84.657787,27.080389],[84.658161,27.079568],[84.658649,27.080385],[84.658239,27.081097],[84.654018,27.08192],[84.653832,27.082707],[84.65505,27.08431],[84.6568,27.082632],[84.657696,27.082551],[84.658552,27.084399],[84.661375,27.085097],[84.662829,27.086827],[84.663906,27.086053],[84.664685,27.086372],[84.663525,27.087422],[84.66312,27.089186],[84.663925,27.089259],[84.665942,27.087659],[84.666403,27.090488],[84.668509,27.089835],[84.670236,27.090942],[84.670157,27.091664],[84.666751,27.092946],[84.664361,27.092536],[84.664032,27.093207],[84.664678,27.094623],[84.667472,27.093559],[84.669504,27.095805],[84.669821,27.098135],[84.673714,27.095765],[84.674543,27.09644],[84.674258,27.099528],[84.675311,27.101407],[84.675467,27.103225],[84.675059,27.104339],[84.673677,27.105255],[84.673584,27.107005],[84.674705,27.108732],[84.673881,27.109014],[84.670896,27.107207],[84.669795,27.110382],[84.671546,27.111622],[84.672544,27.114043],[84.675074,27.114123],[84.676875,27.115168],[84.676899,27.119126],[84.675153,27.120797],[84.675495,27.123446],[84.677401,27.124423],[84.676996,27.125298],[84.678794,27.127409],[84.677707,27.129307],[84.679077,27.132703],[84.67765,27.132473],[84.677259,27.133341],[84.678131,27.134874],[84.679937,27.135932],[84.681209,27.139708],[84.683462,27.143605],[84.682625,27.146515],[84.68312,27.149953],[84.680605,27.151141],[84.680259,27.151975],[84.682354,27.152656],[84.682222,27.154224],[84.686645,27.158503],[84.684246,27.160823],[84.681407,27.159262],[84.679295,27.161281],[84.67682,27.162545],[84.677257,27.166462],[84.680116,27.167371],[84.680801,27.168785],[84.679754,27.170216],[84.675988,27.169609],[84.675159,27.170892],[84.675996,27.172231],[84.680695,27.175232],[84.68221,27.177487],[84.683587,27.177903],[84.681636,27.178814],[84.681387,27.180032],[84.682675,27.18056],[84.684485,27.180087],[84.685276,27.180812],[84.683464,27.182073],[84.684312,27.18303],[84.683699,27.18422],[84.681264,27.183437],[84.680681,27.18434],[84.681471,27.185833],[84.679594,27.184948],[84.679125,27.185645],[84.68178,27.188385],[84.683453,27.196568],[84.682871,27.198238],[84.681019,27.199343],[84.680426,27.200648],[84.683386,27.203562],[84.684053,27.205737],[84.685643,27.206345],[84.685671,27.208389],[84.687172,27.209074],[84.686894,27.210544],[84.685949,27.210621],[84.684594,27.213008],[84.686707,27.213264],[84.687555,27.215067],[84.690856,27.214968],[84.68937,27.218197],[84.689452,27.223472],[84.686931,27.223974],[84.685124,27.226426],[84.685585,27.22899],[84.683482,27.232048],[84.681828,27.236627],[84.681047,27.236938],[84.6718,27.254936],[84.647901,27.297847],[84.632007,27.323086],[84.622258,27.336291],[84.618305,27.337802],[84.609604,27.336627],[84.60765,27.335374],[84.601483,27.338681],[84.599678,27.338502],[84.59374,27.340454],[84.58637,27.341291],[84.584781,27.342326],[84.581213,27.342691],[84.577913,27.344106],[84.573993,27.344659],[84.564921,27.347521],[84.562266,27.347414],[84.553383,27.349085],[84.547589,27.348605],[84.541473,27.349364],[84.538183,27.35044],[84.533487,27.350108],[84.529741,27.351302],[84.527281,27.351124],[84.526161,27.352074],[84.522906,27.352274],[84.52069,27.353647],[84.518031,27.352605],[84.515299,27.352758],[84.512568,27.353187],[84.510272,27.354527],[84.503617,27.354655],[84.502302,27.355759],[84.498758,27.355805],[84.485774,27.358513],[84.484007,27.363723],[84.483829,27.366354],[84.485181,27.366918],[84.487048,27.368944],[84.487813,27.371464],[84.492516,27.372867],[84.493554,27.373942],[84.493721,27.375279],[84.495227,27.376619],[84.501605,27.376517],[84.502297,27.377394],[84.502436,27.379925],[84.503965,27.381102],[84.509845,27.380724],[84.511544,27.382528],[84.519756,27.384014],[84.524042,27.383305],[84.530337,27.380977],[84.532374,27.383925],[84.538331,27.385098],[84.539551,27.385843],[84.539354,27.387585],[84.535422,27.392395],[84.534417,27.398177],[84.534612,27.401724],[84.535706,27.403342],[84.537341,27.403766],[84.545757,27.403765],[84.546772,27.404598],[84.546119,27.408146],[84.544845,27.409917],[84.541648,27.410252],[84.539145,27.411638],[84.534247,27.412321],[84.532369,27.414347],[84.536572,27.415331],[84.538663,27.418308],[84.541604,27.419429],[84.543318,27.417895],[84.54824,27.417954],[84.547701,27.426686],[84.549816,27.429967],[84.550729,27.432662],[84.551191,27.43713],[84.556098,27.442293],[84.557393,27.448953],[84.556464,27.449889],[84.556482,27.451139],[84.558216,27.455083],[84.557563,27.45833],[84.558123,27.460017],[84.561536,27.462959],[84.565151,27.463085],[84.566507,27.462364]]]}},
{"type":"Feature","properties":{"adm2_name":"Sindhuli","adm2_pcode":"NP0320","adm1_name":"Bagmati","adm1_pcode":"NP03"},"geometry":{"type":"Polygon","coordinates":[[[85.825814,27.448411],[85.827328,27.448826],[85.829035,27.447599],[85.828924,27.445248],[85.826684,27.441759],[85.828828,27.440762],[85.829861,27.437562],[85.835135,27.435003],[85.839116,27.434237],[85.84522,27.428427],[85.848575,27.427836],[85.852099,27.425027],[85.856702,27.424668],[85.862022,27.422988],[85.866874,27.419097],[85.873545,27.419359],[85.878391,27.416632],[85.885722,27.419861],[85.889427,27.414954],[85.891277,27.413473],[85.892488,27.41355],[85.894618,27.415792],[85.896034,27.416216],[85.899629,27.414947],[85.903126,27.41224],[85.910055,27.409442],[85.914943,27.408668],[85.917783,27.408973],[85.925269,27.404236],[85.927422,27.397541],[85.931517,27.396627],[85.933452,27.395412],[85.93326,27.390578],[85.933885,27.389001],[85.940888,27.385598],[85.942669,27.382153],[85.945186,27.380381],[85.94778,27.38149],[85.951894,27.381392],[85.953015,27.387801],[85.955584,27.389217],[85.959173,27.388522],[85.965842,27.384436],[85.967436,27.38235],[85.970055,27.375093],[85.975203,27.372412],[85.977268,27.370516],[85.977067,27.365842],[85.977894,27.360867],[85.979394,27.357385],[85.978497,27.354461],[85.979663,27.352827],[85.982881,27.350805],[85.982993,27.347313],[85.981451,27.339976],[85.983385,27.335674],[85.98627,27.335212],[85.992073,27.338149],[85.997551,27.337403],[86.00758,27.329346],[86.011798,27.324825],[86.018386,27.320287],[86.020494,27.316452],[86.022238,27.315384],[86.022997,27.314053],[86.020906,27.311169],[86.021381,27.3089],[86.02381,27.308231],[86.025541,27.308487],[86.027685,27.309779],[86.030713,27.30922],[86.035624,27.303329],[86.038089,27.298741],[86.042307,27.297162],[86.04756,27.296785],[86.051782,27.292671],[86.054766,27.28824],[86.058926,27.287275],[86.060248,27.290318],[86.06286,27.291241],[86.0741,27.291501],[86.075205,27.290592],[86.075622,27.288959],[86.076,27.284684],[86.075342,27.278924],[86.076054,27.276794],[86.078052,27.275235],[86.081683,27.275353],[86.084864,27.272409],[86.087928,27.27113],[86.09107,27.268664],[86.095416,27.267683],[86.097404,27.268134],[86.105723,27.267881],[86.10752,27.26858],[86.109523,27.271309],[86.112264,27.272597],[86.117249,27.268646],[86.127796,27.26457],[86.129437,27.262999],[86.128822,27.26121],[86.129215,27.259051],[86.131272,27.25695],[86.134777,27.251353],[86.135974,27.250255],[86.142387,27.247968],[86.148215,27.242693],[86.151228,27.24216],[86.154272,27.249146],[86.156776,27.25244],[86.161904,27.252218],[86.165221,27.253102],[86.173663,27.253447],[86.182048,27.252014],[86.19128,27.255123],[86.19721,27.252341],[86.202289,27.250791],[86.209913,27.246161],[86.213831,27.245089],[86.221463,27.239798],[86.226995,27.237771],[86.230006,27.237354],[86.23955,27.241262],[86.241022,27.245016],[86.243077,27.247094],[86.248251,27.248153],[86.25094,27.24988],[86.252688,27.250261],[86.252989,27.25163],[86.255476,27.253288],[86.256462,27.254756],[86.256226,27.256713],[86.257336,27.258061],[86.258846,27.25852],[86.261459,27.25742],[86.264507,27.260594],[86.265846,27.261057],[86.266961,27.259879],[86.266189,27.254426],[86.266547,27.253575],[86.268521,27.252565],[86.273112,27.251871],[86.277005,27.250129],[86.279124,27.247031],[86.281198,27.245803],[86.285194,27.246374],[86.287769,27.245618],[86.290829,27.243449],[86.294811,27.238366],[86.305998,27.237138],[86.307255,27.236334],[86.308883,27.23328],[86.315765,27.231364],[86.3189,27.231664],[86.327592,27.230045],[86.33308,27.230983],[86.340867,27.228949],[86.341712,27.227396],[86.341204,27.225261],[86.342812,27.221959],[86.343032,27.219606],[86.340036,27.214091],[86.339793,27.210293],[86.341384,27.208461],[86.343458,27.202794],[86.350503,27.200758],[86.357962,27.201388],[86.365062,27.196113],[86.368622,27.192479],[86.37167,27.192646],[86.375241,27.193941],[86.378906,27.193219],[86.379939,27.192114],[86.384091,27.182398],[86.38636,27.180517],[86.389746,27.179864],[86.386802,27.176934],[86.384437,27.176118],[86.384792,27.173356],[86.383029,27.173145],[86.382655,27.171302],[86.38107,27.170045],[86.381107,27.168745],[86.379556,27.167814],[86.379353,27.166682],[86.378022,27.165483],[86.379138,27.164432],[86.378982,27.163912],[86.377276,27.16163],[86.3756,27.16135],[86.373643,27.158918],[86.373486,27.154605],[86.370344,27.15099],[86.373886,27.148582],[86.374104,27.147649],[86.373377,27.146982],[86.370375,27.146937],[86.368512,27.143635],[86.367796,27.140563],[86.36341,27.142055],[86.361202,27.139836],[86.359039,27.139303],[86.357614,27.141839],[86.355449,27.143217],[86.351544,27.143242],[86.350191,27.14268],[86.34848,27.143778],[86.344852,27.143826],[86.343817,27.147041],[86.342915,27.147274],[86.34111,27.145097],[86.340783,27.140843],[86.336477,27.137968],[86.336458,27.136073],[86.338109,27.135701],[86.33747,27.134771],[86.337834,27.133784],[86.335012,27.134055],[86.335893,27.132886],[86.33583,27.131909],[86.334164,27.130193],[86.336322,27.129163],[86.334601,27.127943],[86.336308,27.127917],[86.336533,27.126524],[86.334491,27.126277],[86.333488,27.123815],[86.333686,27.122133],[86.331891,27.121247],[86.330722,27.117232],[86.326744,27.112923],[86.326095,27.110887],[86.324131,27.109872],[86.320666,27.11062],[86.318947,27.110219],[86.313121,27.110809],[86.311779,27.109455],[86.307897,27.109682],[86.306314,27.108824],[86.311078,27.102901],[86.317036,27.102066],[86.322966,27.099047],[86.324819,27.099123],[86.327715,27.100475],[86.332241,27.099818],[86.341073,27.106425],[86.344109,27.105584],[86.348016,27.106153],[86.349934,27.104686],[86.354789,27.104215],[86.356036,27.103257],[86.355996,27.100059],[86.358093,27.099092],[86.360398,27.099831],[86.362507,27.099475],[86.360033,27.097147],[86.35925,27.095471],[86.356911,27.09412],[86.358666,27.09177],[86.357513,27.089229],[86.358163,27.083954],[86.356543,27.081429],[86.355161,27.081506],[86.354393,27.077515],[86.35349,27.076834],[86.353372,27.076202],[86.355129,27.075231],[86.353419,27.074519],[86.352586,27.074795],[86.351369,27.073765],[86.351723,27.072871],[86.350844,27.07196],[86.35075,27.069798],[86.34986,27.069613],[86.348145,27.070699],[86.346873,27.070472],[86.346703,27.069131],[86.345654,27.068217],[86.345964,27.066003],[86.346537,27.064633],[86.347538,27.064494],[86.350754,27.066718],[86.35017,27.063226],[86.351045,27.061556],[86.357971,27.057842],[86.360784,27.054762],[86.363177,27.054008],[86.364116,27.049774],[86.364377,27.044038],[86.363911,27.042578],[86.366871,27.037496],[86.372962,27.036479],[86.374853,27.034772],[86.378057,27.035082],[86.382013,27.032439],[86.382506,27.031415],[86.38188,27.030063],[86.380462,27.031528],[86.379254,27.031371],[86.379501,27.029078],[86.377863,27.028244],[86.377139,27.026544],[86.373924,27.023247],[86.375266,27.020536],[86.373639,27.019279],[86.371871,27.015812],[86.374031,27.012796],[86.372092,27.010729],[86.373943,27.008583],[86.373975,27.007281],[86.372986,27.003508],[86.366547,27.000264],[86.367746,26.998056],[86.368062,26.995386],[86.366726,26.991659],[86.365603,26.981529],[86.362614,26.976209],[86.358026,26.971804],[86.353593,26.965032],[86.350142,26.963852],[86.346833,26.963611],[86.341873,26.964572],[86.337115,26.96374],[86.332937,26.964702],[86.330472,26.963855],[86.314918,26.963379],[86.3096,26.961484],[86.303189,26.956324],[86.296466,26.952324],[86.29105,26.950232],[86.283354,26.949117],[86.280877,26.946658],[86.280893,26.942748],[86.279452,26.940507],[86.279612,26.937446],[86.278252,26.934652],[86.275376,26.932717],[86.26696,26.929646],[86.262956,26.927032],[86.259767,26.922907],[86.259568,26.919068],[86.25713,26.921496],[86.256866,26.927181],[86.25781,26.928298],[86.2553,26.932376],[86.252886,26.933408],[86.25056,26.935688],[86.244918,26.937926],[86.242961,26.939607],[86.241293,26.939817],[86.235263,26.946687],[86.235042,26.949172],[86.234069,26.950395],[86.228046,26.949078],[86.226524,26.949494],[86.224931,26.950683],[86.224429,26.952461],[86.222973,26.952464],[86.221574,26.95481],[86.220569,26.955077],[86.218685,26.954225],[86.218899,26.956483],[86.218345,26.957698],[86.216165,26.960276],[86.21455,26.960782],[86.213581,26.962825],[86.210087,26.965491],[86.205118,26.96748],[86.202051,26.969681],[86.198494,26.970477],[86.192446,26.974974],[86.191404,26.978508],[86.187146,26.97738],[86.186898,26.978387],[86.188016,26.980095],[86.187461,26.982375],[86.185216,26.98224],[86.180899,26.984372],[86.178765,26.984369],[86.176272,26.986597],[86.174136,26.986833],[86.169996,26.989036],[86.167075,26.988734],[86.16297,26.991819],[86.154398,26.993713],[86.147272,26.997221],[86.140262,26.999232],[86.136561,27.001795],[86.125152,27.007269],[86.11173,27.012252],[86.106285,27.015167],[86.10096,27.016419],[86.099614,27.017306],[86.092381,27.018074],[86.089058,27.019064],[86.085063,27.019076],[86.082561,27.018313],[86.068851,27.019101],[86.055148,27.018161],[86.048946,27.018943],[86.048463,27.020815],[86.047415,27.021326],[86.044915,27.019836],[86.042022,27.01951],[86.030224,27.020722],[86.028017,27.020115],[86.0234,27.020221],[86.020983,27.019155],[86.014847,27.020071],[86.012177,27.018615],[86.011452,27.018897],[86.010758,27.020444],[86.009165,27.020088],[86.005638,27.02196],[86.001752,27.020936],[85.998202,27.023095],[85.991551,27.024773],[85.987511,27.028293],[85.985643,27.033128],[85.982519,27.034961],[85.982369,27.036792],[85.977702,27.041313],[85.974751,27.045159],[85.973921,27.047547],[85.970785,27.050895],[85.969698,27.053373],[85.970582,27.056428],[85.969322,27.058747],[85.969574,27.060965],[85.967889,27.065135],[85.965952,27.067125],[85.966768,27.070341],[85.965368,27.073729],[85.963098,27.073155],[85.961676,27.076639],[85.961896,27.079775],[85.955487,27.08417],[85.953259,27.083463],[85.949829,27.083947],[85.950956,27.08644],[85.950859,27.087755],[85.947962,27.088148],[85.947739,27.089293],[85.946631,27.089453],[85.94626,27.090576],[85.944013,27.092006],[85.937034,27.106314],[85.935781,27.110127],[85.936053,27.112746],[85.938061,27.118591],[85.93784,27.121493],[85.929144,27.125531],[85.921239,27.127258],[85.918936,27.129059],[85.913997,27.129661],[85.911954,27.132145],[85.908423,27.132745],[85.901774,27.135349],[85.900283,27.137041],[85.897953,27.137318],[85.892938,27.141044],[85.890758,27.14125],[85.886455,27.145697],[85.884841,27.145513],[85.882905,27.146334],[85.88078,27.143477],[85.875383,27.140325],[85.873695,27.137899],[85.871034,27.136301],[85.868184,27.133525],[85.863891,27.128159],[85.863563,27.126997],[85.862351,27.127095],[85.859118,27.130275],[85.858283,27.13257],[85.854782,27.133917],[85.854941,27.135426],[85.853861,27.136135],[85.853405,27.13797],[85.848824,27.140105],[85.845423,27.140862],[85.8411,27.144233],[85.838228,27.144688],[85.835538,27.147016],[85.835504,27.148354],[85.834532,27.149641],[85.836217,27.150072],[85.837526,27.151784],[85.839639,27.152519],[85.84049,27.155805],[85.843433,27.159861],[85.835174,27.163996],[85.831442,27.166674],[85.824454,27.168188],[85.822468,27.167012],[85.820147,27.163868],[85.81731,27.162734],[85.815745,27.161232],[85.814085,27.16101],[85.812519,27.162032],[85.80888,27.161613],[85.805581,27.163966],[85.798885,27.16718],[85.796164,27.167328],[85.793576,27.168398],[85.789934,27.17106],[85.787992,27.173717],[85.783318,27.175319],[85.781549,27.175062],[85.776537,27.177279],[85.775778,27.178455],[85.772798,27.178666],[85.770063,27.180618],[85.769327,27.182098],[85.763026,27.182447],[85.757867,27.185009],[85.750207,27.185938],[85.748317,27.186851],[85.747432,27.188278],[85.743071,27.187476],[85.738207,27.190219],[85.734049,27.190403],[85.729497,27.192169],[85.724637,27.195053],[85.722531,27.194799],[85.720734,27.190977],[85.716739,27.187773],[85.714434,27.187724],[85.703612,27.184717],[85.698833,27.1862],[85.694775,27.184023],[85.693621,27.180976],[85.690012,27.177691],[85.68741,27.176277],[85.685747,27.17634],[85.685229,27.173917],[85.681601,27.169278],[85.677417,27.167116],[85.673638,27.167173],[85.67096,27.166394],[85.669499,27.163964],[85.665605,27.162172],[85.665071,27.159841],[85.662328,27.156094],[85.655949,27.155004],[85.655484,27.154192],[85.656402,27.153247],[85.656216,27.152548],[85.653378,27.152827],[85.651817,27.150947],[85.650171,27.150356],[85.648471,27.146407],[85.646666,27.144549],[85.641621,27.142077],[85.639789,27.142873],[85.63854,27.142106],[85.633342,27.141279],[85.63106,27.137859],[85.629653,27.137354],[85.626469,27.13818],[85.622688,27.140606],[85.621361,27.140194],[85.619965,27.138748],[85.618639,27.140023],[85.614117,27.140684],[85.612668,27.141649],[85.607551,27.139503],[85.604862,27.13955],[85.603469,27.140453],[85.602917,27.14169],[85.599932,27.143553],[85.597073,27.142846],[85.594569,27.140565],[85.592261,27.141038],[85.588945,27.142857],[85.585418,27.143439],[85.583767,27.142547],[85.580591,27.143876],[85.578464,27.143385],[85.575157,27.139701],[85.570968,27.136999],[85.56991,27.138213],[85.568803,27.143429],[85.565882,27.14339],[85.5619,27.144583],[85.558928,27.143813],[85.556336,27.145575],[85.555316,27.145517],[85.554511,27.146657],[85.553438,27.14673],[85.54965,27.145644],[85.549077,27.142558],[85.551613,27.140493],[85.54667,27.140568],[85.54705,27.142375],[85.545832,27.143874],[85.544558,27.144637],[85.542206,27.144463],[85.542133,27.146161],[85.536538,27.148783],[85.534564,27.148052],[85.533048,27.146392],[85.53286,27.143901],[85.530937,27.141133],[85.527978,27.140331],[85.520659,27.140816],[85.515846,27.142588],[85.512479,27.141902],[85.507964,27.143682],[85.50092,27.143476],[85.495588,27.146469],[85.491107,27.154014],[85.489403,27.154537],[85.492012,27.160702],[85.494426,27.162948],[85.503462,27.162731],[85.503624,27.165379],[85.500271,27.16662],[85.499377,27.167962],[85.50204,27.170278],[85.503259,27.173056],[85.500607,27.175735],[85.497621,27.173957],[85.494343,27.173584],[85.491551,27.17145],[85.489807,27.171426],[85.487596,27.176151],[85.483547,27.175384],[85.482595,27.175716],[85.482201,27.178495],[85.480358,27.180737],[85.482361,27.184003],[85.485491,27.182964],[85.488027,27.183562],[85.492341,27.187062],[85.490961,27.189475],[85.486978,27.192786],[85.488553,27.198463],[85.49402,27.197699],[85.497621,27.19533],[85.503718,27.193983],[85.505045,27.194358],[85.507929,27.196945],[85.510089,27.19762],[85.510245,27.198549],[85.508935,27.20066],[85.503877,27.204261],[85.501336,27.208121],[85.501314,27.211579],[85.502331,27.215168],[85.504348,27.218815],[85.504013,27.221627],[85.502907,27.22284],[85.501523,27.223163],[85.496357,27.220762],[85.488482,27.220099],[85.487645,27.220685],[85.487967,27.22371],[85.487134,27.226617],[85.487163,27.229193],[85.488484,27.235625],[85.488342,27.236686],[85.487188,27.237714],[85.487066,27.239565],[85.48862,27.24716],[85.488606,27.250084],[85.485333,27.25374],[85.482653,27.258914],[85.482551,27.26342],[85.479972,27.268729],[85.476394,27.269935],[85.473751,27.269212],[85.47203,27.269679],[85.469572,27.272511],[85.468364,27.272918],[85.466601,27.275351],[85.462861,27.276908],[85.459845,27.2798],[85.456173,27.281226],[85.452298,27.28079],[85.450205,27.283402],[85.448011,27.284485],[85.443252,27.284945],[85.440421,27.283241],[85.438495,27.283302],[85.432095,27.288816],[85.430214,27.293387],[85.431512,27.296715],[85.431484,27.300731],[85.42663,27.302069],[85.424119,27.304258],[85.422089,27.31518],[85.421365,27.317037],[85.418045,27.321086],[85.419257,27.322574],[85.419931,27.325428],[85.421871,27.328794],[85.424474,27.332138],[85.425903,27.332904],[85.431535,27.333208],[85.438681,27.336527],[85.446182,27.336612],[85.447637,27.340863],[85.446688,27.348275],[85.448361,27.350989],[85.454171,27.354728],[85.461343,27.354973],[85.464822,27.356494],[85.467369,27.358488],[85.470771,27.363343],[85.47281,27.367344],[85.472743,27.370354],[85.47481,27.371248],[85.478733,27.37152],[85.481194,27.372805],[85.483761,27.375171],[85.487114,27.376399],[85.491142,27.374513],[85.492138,27.374807],[85.493199,27.376273],[85.494997,27.376003],[85.495909,27.37524],[85.496231,27.372929],[85.497276,27.371526],[85.501006,27.372808],[85.503069,27.369963],[85.504541,27.369268],[85.505328,27.368153],[85.505855,27.364312],[85.506835,27.363754],[85.508375,27.365612],[85.50987,27.365452],[85.509499,27.363381],[85.503631,27.357237],[85.504652,27.355968],[85.511809,27.352131],[85.513385,27.350591],[85.519906,27.349593],[85.523061,27.349911],[85.527052,27.354081],[85.533089,27.356649],[85.535838,27.354436],[85.539233,27.35381],[85.540209,27.352137],[85.540139,27.350585],[85.539346,27.350069],[85.539919,27.349242],[85.547622,27.347209],[85.550234,27.343347],[85.551496,27.343518],[85.55283,27.346063],[85.555138,27.345829],[85.555234,27.342552],[85.558942,27.339288],[85.562644,27.340355],[85.563074,27.341178],[85.562632,27.343191],[85.564476,27.344701],[85.566481,27.343336],[85.564786,27.34171],[85.564955,27.341022],[85.570597,27.340455],[85.573829,27.341751],[85.576886,27.341611],[85.578029,27.344598],[85.585375,27.34347],[85.586919,27.345094],[85.593169,27.343585],[85.598102,27.344668],[85.599481,27.343057],[85.605972,27.34404],[85.608595,27.343902],[85.61115,27.342883],[85.612474,27.34311],[85.613974,27.344465],[85.617626,27.345341],[85.622805,27.344774],[85.629185,27.347544],[85.631342,27.347553],[85.631867,27.349248],[85.633533,27.349251],[85.634605,27.350225],[85.634758,27.351206],[85.633174,27.352582],[85.635079,27.353548],[85.637835,27.352339],[85.639179,27.348736],[85.640306,27.348943],[85.640819,27.350175],[85.641679,27.349748],[85.64177,27.348025],[85.641056,27.347346],[85.639129,27.347873],[85.63922,27.346171],[85.640383,27.345478],[85.643342,27.345771],[85.643513,27.344415],[85.641561,27.34251],[85.645364,27.34067],[85.650532,27.333545],[85.65667,27.334997],[85.660874,27.334789],[85.662622,27.337495],[85.664632,27.33852],[85.667367,27.338576],[85.668986,27.340321],[85.671966,27.341108],[85.6714,27.34311],[85.6723,27.34429],[85.674775,27.343251],[85.679,27.345089],[85.680503,27.344668],[85.680899,27.342607],[85.684119,27.341748],[85.685813,27.338728],[85.689153,27.337011],[85.689953,27.337806],[85.692406,27.338126],[85.694839,27.339785],[85.699097,27.340914],[85.700338,27.343622],[85.702893,27.344264],[85.704002,27.345824],[85.704215,27.348693],[85.705479,27.351286],[85.704177,27.353909],[85.704255,27.357179],[85.703356,27.358639],[85.700711,27.359605],[85.695321,27.363823],[85.695134,27.364796],[85.697456,27.368168],[85.696232,27.372625],[85.698027,27.374059],[85.697835,27.378238],[85.699031,27.379422],[85.700423,27.38521],[85.702312,27.388278],[85.704215,27.389358],[85.706809,27.393545],[85.711497,27.397223],[85.712491,27.403614],[85.714297,27.406372],[85.720627,27.410053],[85.724369,27.410606],[85.727074,27.411962],[85.728576,27.411432],[85.729991,27.409771],[85.734268,27.407829],[85.738317,27.409149],[85.743858,27.408306],[85.746775,27.406297],[85.754396,27.403595],[85.758205,27.400523],[85.767459,27.400147],[85.773377,27.398141],[85.775804,27.404536],[85.776484,27.410342],[85.778751,27.412927],[85.777716,27.414852],[85.778872,27.418289],[85.781848,27.419682],[85.783919,27.421205],[85.784426,27.422346],[85.783162,27.424873],[85.783639,27.427186],[85.784887,27.428949],[85.784446,27.432821],[85.784865,27.435156],[85.786015,27.43605],[85.786109,27.438122],[85.788789,27.439244],[85.790691,27.443281],[85.794978,27.441689],[85.797648,27.439253],[85.802984,27.438638],[85.807472,27.441612],[85.809475,27.444767],[85.817438,27.447634],[85.820745,27.450758],[85.8214,27.450955],[85.82409,27.448916],[85.825814,27.448411]]]}},
{"type":"Feature","properties":{"adm2_name":"Ramechhap","adm2_pcode":"NP0321","adm1_name":"Bagmati","adm1_pcode":"NP03"},"geometry":{"type":"Polygon","coordinates":[[[86.464675,27.823896],[86.470313,27.826081],[86.470859,27.824362],[86.47362,27.82134],[86.478807,27.820918],[86.480124,27.815084],[86.480053,27.811482],[86.486555,27.808815],[86.494236,27.811443],[86.496382,27.813215],[86.498411,27.813696],[86.500002,27.813366],[86.501301,27.810509],[86.503162,27.808903],[86.510551,27.806339],[86.519171,27.807446],[86.52042,27.807315],[86.522811,27.80571],[86.524627,27.805682],[86.538011,27.807375],[86.540617,27.808561],[86.542309,27.811096],[86.546262,27.811389],[86.559901,27.806323],[86.562057,27.806386],[86.566965,27.803933],[86.565513,27.799545],[86.568697,27.795313],[86.568714,27.791044],[86.565568,27.785692],[86.566087,27.778462],[86.563869,27.769539],[86.565954,27.762547],[86.570243,27.75928],[86.572645,27.754524],[86.569065,27.751842],[86.56277,27.749272],[86.563159,27.744863],[86.558142,27.738365],[86.556201,27.732382],[86.556878,27.728704],[86.554252,27.723944],[86.553431,27.719506],[86.551206,27.717479],[86.551361,27.712112],[86.550845,27.710804],[86.548672,27.709603],[86.547793,27.707951],[86.541528,27.703414],[86.540138,27.701541],[86.538997,27.696549],[86.540665,27.692737],[86.538865,27.68897],[86.538869,27.68309],[86.536487,27.67854],[86.538693,27.674917],[86.538272,27.671019],[86.535365,27.668284],[86.532898,27.662748],[86.529213,27.661878],[86.526999,27.660111],[86.528711,27.655543],[86.528038,27.653919],[86.526828,27.653053],[86.5261,27.65034],[86.522015,27.649291],[86.519085,27.647422],[86.516699,27.646777],[86.513589,27.648129],[86.512879,27.647172],[86.5122,27.643508],[86.511268,27.642361],[86.50706,27.640527],[86.506243,27.635639],[86.504115,27.633552],[86.503836,27.6293],[86.500375,27.624667],[86.499746,27.620296],[86.49748,27.618788],[86.495361,27.618769],[86.492381,27.613675],[86.483981,27.61717],[86.48025,27.61698],[86.476505,27.615759],[86.472791,27.616907],[86.469577,27.617057],[86.466735,27.615977],[86.463522,27.616012],[86.447811,27.612992],[86.443425,27.611506],[86.434674,27.610214],[86.430108,27.604173],[86.428651,27.604111],[86.424558,27.601932],[86.420066,27.598608],[86.417843,27.591318],[86.413337,27.586733],[86.409905,27.586461],[86.407696,27.584414],[86.403624,27.584455],[86.400951,27.583065],[86.398383,27.583397],[86.392609,27.577025],[86.389243,27.575108],[86.388144,27.572707],[86.380672,27.571366],[86.376523,27.568344],[86.375033,27.56549],[86.371522,27.562004],[86.369121,27.558124],[86.368626,27.556064],[86.370553,27.552181],[86.369538,27.549588],[86.364706,27.546613],[86.358419,27.539709],[86.35783,27.536807],[86.358276,27.534508],[86.357274,27.533025],[86.357536,27.529541],[86.354828,27.524786],[86.347873,27.523244],[86.34642,27.523449],[86.341263,27.521814],[86.33816,27.520007],[86.334301,27.515644],[86.333093,27.510796],[86.330685,27.509862],[86.329171,27.5085],[86.328901,27.507202],[86.326137,27.504973],[86.324528,27.499665],[86.319276,27.498699],[86.315431,27.492376],[86.312796,27.491607],[86.312579,27.490198],[86.310713,27.489406],[86.309976,27.487819],[86.306648,27.485501],[86.305276,27.482782],[86.301831,27.48211],[86.298163,27.479838],[86.294923,27.478894],[86.294574,27.477374],[86.292832,27.476426],[86.291821,27.472972],[86.291949,27.470328],[86.28502,27.466423],[86.282443,27.46611],[86.28097,27.464236],[86.279022,27.46486],[86.276643,27.464083],[86.274091,27.461931],[86.272337,27.461937],[86.270526,27.460186],[86.267497,27.459157],[86.263364,27.455744],[86.259634,27.448915],[86.257232,27.446109],[86.255945,27.442048],[86.254112,27.440908],[86.255778,27.439524],[86.256428,27.437134],[86.255379,27.435134],[86.251143,27.432451],[86.25187,27.428491],[86.247846,27.424424],[86.248149,27.420549],[86.246965,27.419187],[86.24434,27.419933],[86.241797,27.41894],[86.240195,27.415513],[86.237507,27.412811],[86.237255,27.40961],[86.234332,27.408116],[86.236214,27.406008],[86.235915,27.404057],[86.232268,27.402309],[86.230755,27.399532],[86.227599,27.397825],[86.227664,27.395873],[86.226469,27.39329],[86.227385,27.391229],[86.227278,27.38945],[86.224805,27.387343],[86.225678,27.384171],[86.22393,27.382868],[86.222204,27.382709],[86.221884,27.38202],[86.223694,27.378472],[86.223649,27.375094],[86.224606,27.370512],[86.221685,27.367134],[86.218935,27.36215],[86.219034,27.361138],[86.221409,27.360589],[86.221717,27.359903],[86.219405,27.355671],[86.217009,27.353004],[86.218296,27.350818],[86.216506,27.342386],[86.217783,27.340603],[86.21678,27.339023],[86.217932,27.336954],[86.215544,27.333506],[86.21639,27.332193],[86.217116,27.328369],[86.220567,27.328122],[86.222196,27.327201],[86.21925,27.324272],[86.21886,27.323042],[86.221053,27.321132],[86.228903,27.319727],[86.228866,27.315569],[86.231202,27.314528],[86.231313,27.312462],[86.233004,27.310343],[86.23381,27.307311],[86.236354,27.306695],[86.237373,27.305388],[86.237773,27.302429],[86.235544,27.298478],[86.235339,27.29618],[86.237832,27.291259],[86.240195,27.289855],[86.240488,27.28871],[86.233927,27.285426],[86.231651,27.28197],[86.228855,27.280727],[86.22664,27.277579],[86.223616,27.277424],[86.223061,27.274393],[86.218867,27.272615],[86.218723,27.270642],[86.216118,27.267985],[86.213698,27.268852],[86.213982,27.266807],[86.211254,27.263766],[86.211017,27.260872],[86.207594,27.258856],[86.204266,27.254277],[86.20421,27.253665],[86.205203,27.252969],[86.205005,27.250326],[86.203321,27.250208],[86.198111,27.251988],[86.19128,27.255123],[86.182048,27.252014],[86.173663,27.253447],[86.165221,27.253102],[86.161904,27.252218],[86.157862,27.252663],[86.155659,27.251488],[86.151457,27.242451],[86.15059,27.242114],[86.147051,27.243423],[86.141935,27.24825],[86.136277,27.250122],[86.134777,27.251353],[86.129017,27.259451],[86.128822,27.26121],[86.129464,27.262654],[86.12872,27.263967],[86.122367,27.267079],[86.117249,27.268646],[86.114679,27.270191],[86.112583,27.2725],[86.111559,27.272543],[86.109523,27.271309],[86.106621,27.268107],[86.095416,27.267683],[86.090432,27.269012],[86.088247,27.270936],[86.084864,27.272409],[86.081193,27.275585],[86.077604,27.27541],[86.075443,27.278022],[86.075763,27.287635],[86.075205,27.290592],[86.0741,27.291501],[86.06286,27.291241],[86.060248,27.290318],[86.058926,27.287275],[86.054766,27.28824],[86.051782,27.292671],[86.04756,27.296785],[86.042307,27.297162],[86.038089,27.298741],[86.035624,27.303329],[86.030713,27.30922],[86.027685,27.309779],[86.025541,27.308487],[86.02381,27.308231],[86.021381,27.3089],[86.020906,27.311169],[86.022997,27.314053],[86.022238,27.315384],[86.020494,27.316452],[86.018386,27.320287],[86.011798,27.324825],[86.00758,27.329346],[85.997551,27.337403],[85.992073,27.338149],[85.98627,27.335212],[85.984348,27.335221],[85.983083,27.335958],[85.981451,27.339976],[85.982993,27.347313],[85.982881,27.350805],[85.979663,27.352827],[85.978497,27.354461],[85.979394,27.357385],[85.977894,27.360867],[85.977067,27.365842],[85.977268,27.370516],[85.975203,27.372412],[85.970055,27.375093],[85.967436,27.38235],[85.965842,27.384436],[85.959173,27.388522],[85.955584,27.389217],[85.953015,27.387801],[85.951894,27.381392],[85.94778,27.38149],[85.945186,27.380381],[85.942669,27.382153],[85.940888,27.385598],[85.933885,27.389001],[85.93326,27.390578],[85.933452,27.395412],[85.931517,27.396627],[85.927422,27.397541],[85.925269,27.404236],[85.917783,27.408973],[85.914943,27.408668],[85.910055,27.409442],[85.903126,27.41224],[85.899629,27.414947],[85.896034,27.416216],[85.894618,27.415792],[85.892488,27.41355],[85.891277,27.413473],[85.889427,27.414954],[85.885722,27.419861],[85.878391,27.416632],[85.873545,27.419359],[85.866874,27.419097],[85.862022,27.422988],[85.856702,27.424668],[85.852099,27.425027],[85.848575,27.427836],[85.84522,27.428427],[85.839116,27.434237],[85.835135,27.435003],[85.829861,27.437562],[85.828828,27.440762],[85.826684,27.441759],[85.828924,27.445248],[85.828771,27.448055],[85.827328,27.448826],[85.825814,27.448411],[85.82409,27.448916],[85.8214,27.450955],[85.817958,27.452419],[85.814316,27.45189],[85.812254,27.453684],[85.809157,27.455081],[85.809284,27.462243],[85.810756,27.463309],[85.813507,27.463033],[85.814561,27.463957],[85.813247,27.468959],[85.814047,27.471879],[85.813869,27.473898],[85.809836,27.475895],[85.807037,27.479537],[85.808395,27.482743],[85.80821,27.484607],[85.802761,27.491353],[85.801773,27.497614],[85.797399,27.500212],[85.799678,27.502327],[85.800623,27.506362],[85.803323,27.506557],[85.804603,27.507786],[85.805014,27.511185],[85.808087,27.509723],[85.809206,27.50996],[85.812223,27.511985],[85.814774,27.51544],[85.818784,27.517784],[85.818336,27.522397],[85.815729,27.523732],[85.816179,27.524409],[85.819337,27.52555],[85.819126,27.52824],[85.824745,27.536635],[85.82484,27.539546],[85.826667,27.541797],[85.828451,27.546653],[85.825632,27.555891],[85.824715,27.561818],[85.823136,27.565846],[85.824595,27.571212],[85.826798,27.573184],[85.826543,27.575835],[85.8278,27.576337],[85.829185,27.574231],[85.830622,27.575035],[85.832098,27.576989],[85.837276,27.575738],[85.839561,27.577553],[85.841342,27.577044],[85.842484,27.577931],[85.846413,27.57897],[85.845335,27.581337],[85.846342,27.583299],[85.846399,27.585023],[85.850916,27.587082],[85.850671,27.588736],[85.852555,27.591405],[85.855376,27.591288],[85.857099,27.592965],[85.858806,27.592801],[85.863065,27.594792],[85.86596,27.598235],[85.871101,27.608863],[85.873349,27.61083],[85.874088,27.612497],[85.878526,27.61337],[85.880449,27.614581],[85.882195,27.612998],[85.882973,27.610637],[85.884943,27.61066],[85.885653,27.611406],[85.885417,27.612065],[85.88971,27.612327],[85.89328,27.611462],[85.896635,27.609337],[85.899701,27.60879],[85.901264,27.6094],[85.904462,27.6077],[85.905614,27.606288],[85.908202,27.605563],[85.90906,27.604311],[85.912947,27.603974],[85.914952,27.60503],[85.91662,27.603757],[85.918667,27.603586],[85.920441,27.600391],[85.924917,27.598655],[85.927079,27.599324],[85.930028,27.595484],[85.933779,27.595073],[85.935678,27.593064],[85.940747,27.593689],[85.941934,27.590858],[85.943309,27.591049],[85.946041,27.58963],[85.948073,27.590264],[85.952136,27.589],[85.952433,27.586421],[85.955045,27.582745],[85.958832,27.580953],[85.959647,27.579779],[85.961354,27.579654],[85.961764,27.577918],[85.964617,27.576306],[85.966033,27.572738],[85.973748,27.565815],[85.976996,27.560817],[85.982183,27.554998],[85.991958,27.54836],[85.993996,27.545502],[85.997547,27.545925],[86.000474,27.541163],[85.999573,27.539474],[85.998602,27.539097],[85.998739,27.53699],[85.995864,27.532841],[85.996327,27.53141],[85.992913,27.526676],[85.991551,27.523151],[85.989992,27.52258],[85.987663,27.519543],[85.987814,27.512832],[85.98695,27.510096],[85.987978,27.507691],[85.990421,27.507889],[85.992579,27.507253],[85.993543,27.507955],[85.993773,27.504728],[85.994542,27.503479],[85.995487,27.503606],[85.999161,27.506764],[86.000193,27.504136],[85.99951,27.503005],[86.000529,27.502306],[86.002323,27.502992],[86.005153,27.502184],[86.006087,27.503192],[86.007322,27.503197],[86.008947,27.501103],[86.016087,27.50214],[86.021491,27.500752],[86.024493,27.502136],[86.031702,27.50289],[86.03873,27.500416],[86.040704,27.499024],[86.042624,27.499791],[86.044384,27.497895],[86.045857,27.498352],[86.046076,27.499732],[86.048154,27.498185],[86.053607,27.499354],[86.054887,27.499902],[86.055527,27.50101],[86.056526,27.5005],[86.056803,27.501855],[86.057964,27.498978],[86.059778,27.501704],[86.060178,27.501129],[86.059476,27.498074],[86.06013,27.497201],[86.061593,27.496814],[86.062253,27.497148],[86.062553,27.49895],[86.064651,27.49926],[86.064084,27.500781],[86.064938,27.502159],[86.067667,27.501554],[86.067729,27.500704],[86.068574,27.500216],[86.072448,27.50063],[86.072929,27.501729],[86.073885,27.501921],[86.07616,27.497888],[86.077674,27.496772],[86.080301,27.497412],[86.083435,27.496486],[86.088451,27.49792],[86.09341,27.500215],[86.096006,27.498091],[86.098487,27.498357],[86.101081,27.495834],[86.103733,27.491781],[86.106717,27.488801],[86.107038,27.486662],[86.10915,27.485243],[86.110229,27.482134],[86.113599,27.481242],[86.114984,27.479703],[86.115044,27.477944],[86.112401,27.474617],[86.114012,27.474036],[86.116064,27.474318],[86.117651,27.476223],[86.122522,27.478111],[86.12574,27.48517],[86.128087,27.486778],[86.129301,27.489919],[86.131947,27.490166],[86.1331,27.492443],[86.135513,27.493701],[86.136709,27.495229],[86.141791,27.495849],[86.143012,27.502339],[86.142107,27.505217],[86.142264,27.509437],[86.144292,27.510555],[86.144377,27.51174],[86.145808,27.512928],[86.14741,27.513356],[86.147276,27.515586],[86.149225,27.515005],[86.150699,27.515837],[86.149686,27.517749],[86.152483,27.524607],[86.151903,27.527489],[86.153297,27.528249],[86.152216,27.531457],[86.154355,27.533122],[86.153963,27.534989],[86.154785,27.536463],[86.158153,27.538614],[86.158095,27.541244],[86.160514,27.541597],[86.163738,27.546242],[86.167376,27.548208],[86.170016,27.550909],[86.172641,27.550681],[86.173756,27.552756],[86.175532,27.553527],[86.176359,27.555287],[86.180435,27.556704],[86.184273,27.559066],[86.188224,27.565077],[86.188571,27.567141],[86.190332,27.568313],[86.191795,27.571907],[86.196178,27.574193],[86.198219,27.576775],[86.200475,27.577891],[86.202709,27.580347],[86.20819,27.58094],[86.210166,27.582199],[86.215368,27.581744],[86.217782,27.583411],[86.219978,27.582762],[86.221667,27.583142],[86.224378,27.585021],[86.228915,27.584861],[86.235624,27.58631],[86.238282,27.589086],[86.246753,27.590784],[86.248424,27.59295],[86.258429,27.595188],[86.259121,27.595792],[86.259224,27.597399],[86.260646,27.598228],[86.261845,27.598216],[86.268796,27.595047],[86.272677,27.597418],[86.275427,27.598195],[86.278795,27.600649],[86.281359,27.604108],[86.283458,27.604049],[86.286144,27.602797],[86.288721,27.603345],[86.294779,27.608948],[86.298522,27.610326],[86.300283,27.614709],[86.302907,27.61572],[86.302038,27.618637],[86.303064,27.622534],[86.305856,27.627216],[86.305341,27.631203],[86.306282,27.635099],[86.307208,27.63762],[86.31095,27.642981],[86.311582,27.645962],[86.31671,27.64863],[86.322131,27.654703],[86.326786,27.657185],[86.330045,27.661289],[86.332891,27.666735],[86.332533,27.669114],[86.333418,27.67148],[86.333137,27.67309],[86.335914,27.67582],[86.337385,27.680515],[86.339134,27.683256],[86.344874,27.686263],[86.348039,27.689065],[86.348879,27.691239],[86.351785,27.69389],[86.354573,27.693901],[86.35807,27.692144],[86.362352,27.691604],[86.366652,27.692517],[86.369003,27.691804],[86.370683,27.6924],[86.375657,27.692312],[86.37812,27.693742],[86.381472,27.701176],[86.384233,27.702373],[86.386621,27.704646],[86.390639,27.706787],[86.396501,27.712241],[86.399443,27.71405],[86.406471,27.716695],[86.408946,27.71893],[86.410219,27.717844],[86.418997,27.716412],[86.420488,27.715554],[86.423844,27.719656],[86.425259,27.722859],[86.426341,27.730199],[86.427452,27.733175],[86.426986,27.73697],[86.42292,27.741109],[86.417061,27.742625],[86.412298,27.746005],[86.410415,27.746523],[86.410967,27.749964],[86.412497,27.751364],[86.410203,27.760691],[86.41389,27.767112],[86.413723,27.768131],[86.411751,27.770151],[86.413007,27.774838],[86.416053,27.778032],[86.419334,27.783309],[86.42203,27.785647],[86.422076,27.786421],[86.414739,27.78847],[86.410618,27.790623],[86.414824,27.791947],[86.417336,27.794155],[86.417735,27.798175],[86.416379,27.801172],[86.419161,27.803499],[86.419949,27.808743],[86.419608,27.813464],[86.422742,27.814723],[86.429732,27.815266],[86.431726,27.819744],[86.437162,27.825289],[86.438568,27.828282],[86.443225,27.830631],[86.449865,27.832452],[86.452821,27.829388],[86.454834,27.823929],[86.457869,27.823037],[86.464675,27.823896]]]}},
{"type":"Feature","properties":{"adm2_name":"Dolakha","adm2_pcode":"NP0322","adm1_name":"Bagmati","adm1_pcode":"NP03"},"geometry":{"type":"Polygon","coordinates":[[[86.201062,28.133905],[86.205434,28.13301],[86.207492,28.128758],[86.209528,28.12761],[86.212089,28.123519],[86.213934,28.117948],[86.218107,28.114798],[86.219726,28.111583],[86.218372,28.108916],[86.221861,28.099695],[86.222401,28.095696],[86.220089,28.095195],[86.209624,28.095201],[86.207627,28.094269],[86.206882,28.092606],[86.207582,28.089332],[86.204303,28.085047],[86.204059,28.083941],[86.206193,28.076357],[86.207961,28.075038],[86.20951,28.072297],[86.210123,28.068653],[86.209546,28.065347],[86.211685,28.05892],[86.213247,28.055389],[86.216273,28.052417],[86.216832,28.051065],[86.216778,28.049341],[86.215264,28.046264],[86.21756,28.043791],[86.21746,28.04021],[86.219259,28.036599],[86.22418,28.034139],[86.224707,28.032996],[86.225102,28.028576],[86.220912,28.023093],[86.220924,28.016562],[86.219956,28.009975],[86.222313,28.004071],[86.222733,28.000175],[86.222133,27.99676],[86.222756,27.992622],[86.225102,27.987232],[86.225068,27.985294],[86.226334,27.981513],[86.227913,27.979401],[86.23161,27.977333],[86.233077,27.974137],[86.23728,27.973008],[86.243585,27.974229],[86.248686,27.976215],[86.248876,27.975023],[86.254668,27.978283],[86.262914,27.979054],[86.266292,27.980385],[86.27128,27.979879],[86.275575,27.978501],[86.277981,27.978707],[86.280949,27.977056],[86.286171,27.977349],[86.288663,27.978321],[86.296449,27.972951],[86.29679,27.971249],[86.299641,27.967575],[86.299502,27.961136],[86.302855,27.958493],[86.303933,27.955518],[86.307305,27.956191],[86.309915,27.952516],[86.311337,27.951866],[86.312187,27.950185],[86.318653,27.947806],[86.335216,27.965019],[86.335377,27.959948],[86.337209,27.956002],[86.339352,27.953511],[86.337509,27.949387],[86.33861,27.949074],[86.340992,27.946529],[86.341978,27.943786],[86.347827,27.937499],[86.35445,27.940616],[86.35817,27.941342],[86.362255,27.941203],[86.363917,27.940536],[86.370436,27.940903],[86.381199,27.937795],[86.383453,27.934737],[86.387155,27.931773],[86.390753,27.92581],[86.39289,27.925838],[86.396943,27.924118],[86.40015,27.920211],[86.405292,27.916633],[86.406331,27.914546],[86.406212,27.912664],[86.408821,27.910139],[86.409292,27.908138],[86.410638,27.90651],[86.421227,27.909021],[86.429101,27.90948],[86.439215,27.907588],[86.442339,27.905649],[86.443411,27.908776],[86.445622,27.911923],[86.45084,27.914464],[86.45549,27.915015],[86.456559,27.918902],[86.459328,27.922248],[86.469764,27.92997],[86.469831,27.934812],[86.466324,27.941256],[86.469266,27.946127],[86.474578,27.948257],[86.481412,27.947858],[86.483902,27.950311],[86.486129,27.951495],[86.491168,27.952506],[86.493365,27.952354],[86.493754,27.954768],[86.497595,27.957148],[86.500888,27.95658],[86.510822,27.957223],[86.515452,27.956547],[86.518103,27.953129],[86.519811,27.943986],[86.52204,27.939931],[86.523677,27.939747],[86.528337,27.941324],[86.533607,27.942042],[86.539546,27.934824],[86.547199,27.930838],[86.548601,27.928798],[86.549671,27.91906],[86.553306,27.911753],[86.554564,27.907854],[86.554131,27.902631],[86.551544,27.898264],[86.552145,27.892129],[86.554505,27.885463],[86.551142,27.878187],[86.550909,27.876088],[86.551828,27.87356],[86.552397,27.867804],[86.554022,27.862884],[86.553985,27.857072],[86.550024,27.848339],[86.548755,27.840371],[86.547224,27.837297],[86.546992,27.834794],[86.544262,27.829025],[86.543416,27.821433],[86.540344,27.817576],[86.540235,27.814803],[86.542355,27.810823],[86.540617,27.808561],[86.538011,27.807375],[86.524627,27.805682],[86.522811,27.80571],[86.52042,27.807315],[86.519171,27.807446],[86.510551,27.806339],[86.503162,27.808903],[86.501301,27.810509],[86.500002,27.813366],[86.498411,27.813696],[86.496382,27.813215],[86.494236,27.811443],[86.486555,27.808815],[86.480053,27.811482],[86.480124,27.815084],[86.478807,27.820918],[86.47362,27.82134],[86.470859,27.824362],[86.470313,27.826081],[86.461248,27.82312],[86.455837,27.823428],[86.454697,27.824121],[86.452393,27.830063],[86.449865,27.832452],[86.443225,27.830631],[86.438568,27.828282],[86.437162,27.825289],[86.431726,27.819744],[86.429164,27.81488],[86.422742,27.814723],[86.419608,27.813464],[86.419949,27.808743],[86.419161,27.803499],[86.416379,27.801172],[86.417735,27.798175],[86.417336,27.794155],[86.414824,27.791947],[86.410618,27.790623],[86.414739,27.78847],[86.422076,27.786421],[86.42203,27.785647],[86.419334,27.783309],[86.416053,27.778032],[86.413007,27.774838],[86.411751,27.770151],[86.413723,27.768131],[86.41389,27.767112],[86.410203,27.760691],[86.412497,27.751364],[86.410967,27.749964],[86.410415,27.746523],[86.412298,27.746005],[86.417061,27.742625],[86.42292,27.741109],[86.426986,27.73697],[86.427452,27.733175],[86.426341,27.730199],[86.425259,27.722859],[86.423844,27.719656],[86.420488,27.715554],[86.418997,27.716412],[86.410219,27.717844],[86.408946,27.71893],[86.406471,27.716695],[86.399443,27.71405],[86.396501,27.712241],[86.390639,27.706787],[86.386621,27.704646],[86.384233,27.702373],[86.381472,27.701176],[86.37812,27.693742],[86.375657,27.692312],[86.370683,27.6924],[86.369003,27.691804],[86.366652,27.692517],[86.362352,27.691604],[86.35807,27.692144],[86.354573,27.693901],[86.351785,27.69389],[86.348879,27.691239],[86.348039,27.689065],[86.344874,27.686263],[86.339134,27.683256],[86.337385,27.680515],[86.335914,27.67582],[86.333137,27.67309],[86.333418,27.67148],[86.332533,27.669114],[86.332891,27.666735],[86.330045,27.661289],[86.326786,27.657185],[86.322131,27.654703],[86.31671,27.64863],[86.311582,27.645962],[86.31095,27.642981],[86.307208,27.63762],[86.306282,27.635099],[86.305341,27.631203],[86.305856,27.627216],[86.303064,27.622534],[86.302038,27.618637],[86.302907,27.61572],[86.300283,27.614709],[86.298522,27.610326],[86.294779,27.608948],[86.288721,27.603345],[86.286144,27.602797],[86.283458,27.604049],[86.281359,27.604108],[86.278795,27.600649],[86.275427,27.598195],[86.272677,27.597418],[86.268796,27.595047],[86.261845,27.598216],[86.260646,27.598228],[86.259224,27.597399],[86.259121,27.595792],[86.258429,27.595188],[86.248424,27.59295],[86.246753,27.590784],[86.238282,27.589086],[86.235624,27.58631],[86.228915,27.584861],[86.224378,27.585021],[86.221667,27.583142],[86.219978,27.582762],[86.217782,27.583411],[86.215368,27.581744],[86.210166,27.582199],[86.20819,27.58094],[86.202709,27.580347],[86.200475,27.577891],[86.198219,27.576775],[86.196178,27.574193],[86.191795,27.571907],[86.190332,27.568313],[86.188571,27.567141],[86.188224,27.565077],[86.184273,27.559066],[86.180435,27.556704],[86.176359,27.555287],[86.175532,27.553527],[86.173756,27.552756],[86.172641,27.550681],[86.170016,27.550909],[86.167376,27.548208],[86.164214,27.546666],[86.160514,27.541597],[86.158095,27.541244],[86.158153,27.538614],[86.154461,27.536064],[86.153963,27.534989],[86.154355,27.533122],[86.152216,27.531457],[86.153297,27.528249],[86.151903,27.527489],[86.152483,27.524607],[86.149686,27.517749],[86.150699,27.515837],[86.149225,27.515005],[86.147276,27.515586],[86.14741,27.513356],[86.145808,27.512928],[86.144377,27.51174],[86.144292,27.510555],[86.142264,27.509437],[86.142107,27.505217],[86.143012,27.502339],[86.141685,27.495695],[86.140233,27.496025],[86.136709,27.495229],[86.135513,27.493701],[86.1331,27.492443],[86.131947,27.490166],[86.129301,27.489919],[86.128087,27.486778],[86.12574,27.48517],[86.122522,27.478111],[86.117651,27.476223],[86.115638,27.474105],[86.113862,27.474053],[86.112358,27.474711],[86.115044,27.477944],[86.114745,27.480083],[86.113599,27.481242],[86.110229,27.482134],[86.10915,27.485243],[86.107038,27.486662],[86.106717,27.488801],[86.098487,27.498357],[86.096006,27.498091],[86.09341,27.500215],[86.088451,27.49792],[86.083435,27.496486],[86.080301,27.497412],[86.077674,27.496772],[86.07616,27.497888],[86.073885,27.501921],[86.072929,27.501729],[86.072448,27.50063],[86.068574,27.500216],[86.067729,27.500704],[86.067667,27.501554],[86.064938,27.502159],[86.064084,27.500781],[86.064651,27.49926],[86.062553,27.49895],[86.062253,27.497148],[86.061593,27.496814],[86.06013,27.497201],[86.059476,27.498074],[86.060178,27.501129],[86.059778,27.501704],[86.057964,27.498978],[86.056803,27.501855],[86.056526,27.5005],[86.055527,27.50101],[86.054887,27.499902],[86.053607,27.499354],[86.048154,27.498185],[86.046076,27.499732],[86.045857,27.498352],[86.044384,27.497895],[86.042624,27.499791],[86.040704,27.499024],[86.03873,27.500416],[86.031702,27.50289],[86.024493,27.502136],[86.021491,27.500752],[86.016087,27.50214],[86.008947,27.501103],[86.007322,27.503197],[86.006087,27.503192],[86.005153,27.502184],[86.002323,27.502992],[86.000529,27.502306],[85.99951,27.503005],[86.000193,27.504136],[85.999161,27.506764],[85.995487,27.503606],[85.994542,27.503479],[85.993773,27.504728],[85.993543,27.507955],[85.992579,27.507253],[85.990421,27.507889],[85.987978,27.507691],[85.98695,27.510096],[85.987814,27.512832],[85.987663,27.519543],[85.989992,27.52258],[85.991551,27.523151],[85.992913,27.526676],[85.996327,27.53141],[85.995864,27.532841],[85.998739,27.53699],[85.998602,27.539097],[85.999573,27.539474],[86.000474,27.541163],[85.997547,27.545925],[85.993996,27.545502],[85.991958,27.54836],[85.982183,27.554998],[85.976996,27.560817],[85.973748,27.565815],[85.966033,27.572738],[85.964617,27.576306],[85.961764,27.577918],[85.961354,27.579654],[85.959647,27.579779],[85.958832,27.580953],[85.955045,27.582745],[85.952433,27.586421],[85.952136,27.589],[85.948073,27.590264],[85.946041,27.58963],[85.943309,27.591049],[85.941934,27.590858],[85.940747,27.593689],[85.936186,27.592896],[85.933779,27.595073],[85.930446,27.595205],[85.927079,27.599324],[85.924917,27.598655],[85.920777,27.600191],[85.918959,27.603346],[85.91662,27.603757],[85.914952,27.60503],[85.912947,27.603974],[85.909611,27.604144],[85.908202,27.605563],[85.905614,27.606288],[85.904462,27.6077],[85.901772,27.609233],[85.899701,27.60879],[85.896635,27.609337],[85.891075,27.612137],[85.885417,27.612065],[85.884618,27.612469],[85.884283,27.614012],[85.886381,27.617789],[85.887637,27.618176],[85.888936,27.619865],[85.891017,27.62441],[85.894537,27.627149],[85.897144,27.628226],[85.898624,27.63018],[85.900641,27.630277],[85.903775,27.631724],[85.904731,27.633385],[85.906987,27.634204],[85.91051,27.63702],[85.909439,27.642072],[85.910176,27.643587],[85.914101,27.645585],[85.914956,27.646828],[85.914869,27.653119],[85.915727,27.655702],[85.915932,27.659223],[85.91813,27.663457],[85.926008,27.663584],[85.927595,27.664959],[85.930803,27.664907],[85.932281,27.666861],[85.934242,27.667918],[85.939033,27.669126],[85.938065,27.677245],[85.935554,27.681494],[85.934086,27.687479],[85.938156,27.691429],[85.938779,27.693406],[85.939057,27.697848],[85.938713,27.699084],[85.937291,27.700081],[85.936391,27.702599],[85.936217,27.708894],[85.937229,27.710973],[85.943464,27.714328],[85.94562,27.71607],[85.948486,27.719821],[85.95174,27.722413],[85.952758,27.724684],[85.952364,27.726993],[85.953131,27.729424],[85.955491,27.732156],[85.957356,27.73287],[85.960837,27.735835],[85.961287,27.739042],[85.960919,27.742119],[85.965254,27.742418],[85.969697,27.740872],[85.974404,27.738247],[85.97713,27.735294],[85.982577,27.736861],[85.98954,27.740188],[85.995125,27.74202],[85.997543,27.741796],[85.998297,27.742905],[86.001554,27.743237],[86.004497,27.74516],[86.011244,27.744002],[86.012821,27.744604],[86.015899,27.743225],[86.018448,27.742882],[86.023016,27.740636],[86.025692,27.740941],[86.027788,27.739336],[86.027875,27.740406],[86.030177,27.742229],[86.033976,27.756553],[86.027865,27.763265],[86.023168,27.766191],[86.019673,27.772391],[86.021941,27.775509],[86.025982,27.784961],[86.025664,27.786227],[86.021701,27.790989],[86.021486,27.793451],[86.022451,27.800684],[86.021062,27.80249],[86.019651,27.809487],[86.014663,27.814002],[86.012714,27.817641],[86.009623,27.819029],[86.006565,27.824886],[86.002396,27.830121],[86.003895,27.832404],[86.006687,27.834087],[86.007763,27.836633],[86.010405,27.839449],[86.014801,27.840895],[86.018132,27.843195],[86.02482,27.846067],[86.025384,27.85029],[86.027718,27.854746],[86.028564,27.859208],[86.03034,27.862706],[86.033956,27.865608],[86.038784,27.86616],[86.042369,27.867749],[86.043819,27.871682],[86.044136,27.874599],[86.048443,27.881336],[86.047676,27.886046],[86.052532,27.890311],[86.056186,27.895236],[86.064843,27.899198],[86.065458,27.900004],[86.065371,27.901769],[86.066852,27.903823],[86.069302,27.905597],[86.066295,27.909602],[86.066385,27.911021],[86.074898,27.910761],[86.076142,27.912278],[86.079474,27.914182],[86.087165,27.91681],[86.090333,27.91998],[86.093181,27.920301],[86.09859,27.922611],[86.101102,27.922884],[86.103917,27.924789],[86.108847,27.9243],[86.117888,27.927234],[86.122876,27.926941],[86.123865,27.927568],[86.124354,27.931623],[86.126152,27.933636],[86.125624,27.936809],[86.124381,27.938251],[86.123547,27.941531],[86.12136,27.942106],[86.11527,27.945433],[86.113061,27.949583],[86.107024,27.955798],[86.109018,27.957983],[86.109352,27.961421],[86.108627,27.96525],[86.10668,27.967861],[86.103468,27.984142],[86.101781,27.986685],[86.099241,27.992897],[86.09629,27.995885],[86.095704,27.998818],[86.093478,28.000168],[86.091362,28.005102],[86.088893,28.005995],[86.08649,28.008664],[86.08554,28.011342],[86.083247,28.012394],[86.082206,28.013585],[86.079272,28.020292],[86.079847,28.022428],[86.088026,28.028734],[86.090356,28.033122],[86.090018,28.035344],[86.087305,28.040366],[86.088968,28.043761],[86.088784,28.047065],[86.087393,28.04928],[86.089505,28.057533],[86.094737,28.061793],[86.091439,28.069274],[86.089663,28.07137],[86.0894,28.072645],[86.08752,28.073817],[86.084626,28.081696],[86.084999,28.083173],[86.083951,28.086905],[86.083975,28.090129],[86.082663,28.090857],[86.085798,28.093155],[86.088891,28.094229],[86.092015,28.097751],[86.098818,28.096347],[86.101613,28.09505],[86.104005,28.092948],[86.107912,28.093526],[86.110229,28.091578],[86.113735,28.092036],[86.117734,28.091324],[86.12044,28.093528],[86.124026,28.095247],[86.127575,28.099563],[86.13008,28.100064],[86.130915,28.104164],[86.132764,28.105967],[86.131564,28.107459],[86.13297,28.110864],[86.132241,28.11656],[86.134205,28.117809],[86.136814,28.118378],[86.140375,28.117703],[86.14178,28.120358],[86.141327,28.123987],[86.141898,28.126006],[86.145428,28.128331],[86.152227,28.130401],[86.160157,28.13794],[86.162959,28.138562],[86.16603,28.138041],[86.177987,28.143496],[86.178791,28.145134],[86.178797,28.149254],[86.177471,28.15263],[86.175739,28.154792],[86.175547,28.156686],[86.176484,28.159311],[86.176111,28.162507],[86.17366,28.167429],[86.173938,28.168879],[86.177178,28.170649],[86.182183,28.171733],[86.186608,28.174101],[86.189267,28.17288],[86.188652,28.171679],[86.188887,28.169178],[86.19019,28.167713],[86.192463,28.166659],[86.19156,28.164364],[86.191998,28.160337],[86.193653,28.159584],[86.194832,28.157814],[86.19719,28.156275],[86.197416,28.152893],[86.195445,28.15125],[86.196823,28.145781],[86.197072,28.1382],[86.201062,28.133905]]]}},
{"type":"Feature","properties":{"adm2_name":"Sindhupalchok","adm2_pcode":"NP0323","adm1_name":"Bagmati","adm1_pcode":"NP03"},"geometry":{"type":"Polygon","coordinates":[[[85.817944,28.19388],[85.821672,28.190039],[85.828821,28.184991],[85.840196,28.184183],[85.843162,28.183347],[85.848401,28.184099],[85.849798,28.171237],[85.851189,28.16712],[85.853699,28.163554],[85.856308,28.161546],[85.859217,28.161259],[85.859611,28.154359],[85.86168,28.151232],[85.870146,28.146704],[85.871835,28.144372],[85.872238,28.142866],[85.869194,28.135316],[85.869139,28.133111],[85.870306,28.13126],[85.869186,28.128268],[85.870011,28.123696],[85.872277,28.121328],[85.878561,28.117339],[85.886042,28.117316],[85.888749,28.116553],[85.889895,28.11395],[85.894218,28.112264],[85.897933,28.109002],[85.899631,28.103654],[85.898952,28.09797],[85.903194,28.089159],[85.900662,28.08511],[85.901243,28.080984],[85.90059,28.078197],[85.898629,28.075781],[85.896238,28.074234],[85.896528,28.067361],[85.900664,28.061574],[85.899892,28.057514],[85.900785,28.053819],[85.909221,28.050489],[85.91299,28.050216],[85.914785,28.049303],[85.923629,28.038903],[85.928222,28.031528],[85.931173,28.029835],[85.93572,28.024092],[85.937949,28.024653],[85.941772,28.023025],[85.950123,28.016456],[85.953737,28.014467],[85.95622,28.012365],[85.957952,28.009529],[85.960838,28.007248],[85.964309,28.002085],[85.967509,28.000286],[85.974233,28.001009],[85.974406,27.999722],[85.977023,27.99664],[85.976973,27.993781],[85.978524,27.99125],[85.978185,27.987821],[85.97559,27.984429],[85.97128,27.981013],[85.968754,27.977441],[85.965476,27.97465],[85.959654,27.9675],[85.957872,27.961204],[85.958371,27.958924],[85.957532,27.957835],[85.957718,27.956706],[85.955728,27.954916],[85.951581,27.945479],[85.94816,27.941999],[85.948648,27.940961],[85.952131,27.939234],[85.95418,27.939139],[85.960252,27.935819],[85.960934,27.934891],[85.967477,27.932476],[85.97273,27.928459],[85.974337,27.926082],[85.977387,27.924995],[85.982398,27.921111],[85.987274,27.918729],[85.988272,27.917622],[85.997539,27.914502],[85.999191,27.911926],[86.00051,27.911261],[86.002893,27.911269],[86.007606,27.913537],[86.010214,27.913154],[86.011864,27.91477],[86.013644,27.915046],[86.021153,27.908461],[86.023077,27.907563],[86.027977,27.907823],[86.033414,27.905617],[86.039532,27.904078],[86.043511,27.906285],[86.047264,27.906485],[86.050344,27.904072],[86.055534,27.904076],[86.057736,27.902392],[86.060373,27.902081],[86.064929,27.899422],[86.056186,27.895236],[86.052532,27.890311],[86.047676,27.886046],[86.048443,27.881336],[86.044136,27.874599],[86.043819,27.871682],[86.042369,27.867749],[86.038784,27.86616],[86.033956,27.865608],[86.03034,27.862706],[86.028564,27.859208],[86.027718,27.854746],[86.025384,27.85029],[86.02482,27.846067],[86.018132,27.843195],[86.014801,27.840895],[86.010405,27.839449],[86.007763,27.836633],[86.006687,27.834087],[86.003895,27.832404],[86.002396,27.830121],[86.006565,27.824886],[86.009623,27.819029],[86.012714,27.817641],[86.014663,27.814002],[86.019651,27.809487],[86.021062,27.80249],[86.022451,27.800684],[86.021486,27.793451],[86.021701,27.790989],[86.025664,27.786227],[86.025982,27.784961],[86.021941,27.775509],[86.019673,27.772391],[86.023168,27.766191],[86.027865,27.763265],[86.033976,27.756553],[86.030177,27.742229],[86.027875,27.740406],[86.027788,27.739336],[86.025692,27.740941],[86.023016,27.740636],[86.018448,27.742882],[86.015899,27.743225],[86.012821,27.744604],[86.011244,27.744002],[86.004497,27.74516],[86.001554,27.743237],[85.998297,27.742905],[85.997543,27.741796],[85.995125,27.74202],[85.98954,27.740188],[85.982577,27.736861],[85.97713,27.735294],[85.974404,27.738247],[85.969697,27.740872],[85.965254,27.742418],[85.960919,27.742119],[85.961287,27.739042],[85.960837,27.735835],[85.957356,27.73287],[85.955491,27.732156],[85.953131,27.729424],[85.952364,27.726993],[85.952758,27.724684],[85.95174,27.722413],[85.948486,27.719821],[85.94562,27.71607],[85.943464,27.714328],[85.937229,27.710973],[85.936217,27.708894],[85.936391,27.702599],[85.937291,27.700081],[85.938713,27.699084],[85.939057,27.697848],[85.938779,27.693406],[85.938156,27.691429],[85.934086,27.687479],[85.935554,27.681494],[85.938065,27.677245],[85.939033,27.669126],[85.934242,27.667918],[85.932281,27.666861],[85.930803,27.664907],[85.927595,27.664959],[85.926008,27.663584],[85.91813,27.663457],[85.915932,27.659223],[85.915727,27.655702],[85.914869,27.653119],[85.914956,27.646828],[85.914101,27.645585],[85.910176,27.643587],[85.909439,27.642072],[85.91051,27.63702],[85.906987,27.634204],[85.904731,27.633385],[85.903775,27.631724],[85.900641,27.630277],[85.898624,27.63018],[85.897144,27.628226],[85.894537,27.627149],[85.891017,27.62441],[85.888936,27.619865],[85.885033,27.615908],[85.884283,27.614012],[85.884618,27.612469],[85.885653,27.611406],[85.883908,27.610419],[85.8826,27.610993],[85.882195,27.612998],[85.880041,27.616509],[85.875196,27.61626],[85.874931,27.619948],[85.871749,27.620802],[85.870932,27.623318],[85.868461,27.624997],[85.866877,27.62895],[85.864706,27.628014],[85.862371,27.629919],[85.859641,27.630226],[85.858208,27.63222],[85.857021,27.632598],[85.850039,27.627237],[85.842123,27.626038],[85.831211,27.635463],[85.827601,27.63767],[85.823586,27.64192],[85.819901,27.643132],[85.818653,27.642936],[85.817275,27.644008],[85.815681,27.646351],[85.815777,27.647997],[85.819165,27.653501],[85.821758,27.655576],[85.818524,27.662831],[85.812473,27.668976],[85.809728,27.66882],[85.807108,27.667322],[85.802438,27.665914],[85.79766,27.666466],[85.794051,27.666067],[85.791874,27.664938],[85.786461,27.665697],[85.779833,27.668598],[85.777827,27.668806],[85.772896,27.667292],[85.768884,27.667667],[85.766569,27.671483],[85.762816,27.67193],[85.760191,27.671542],[85.75897,27.67345],[85.75426,27.674766],[85.752977,27.6748],[85.752116,27.673366],[85.751294,27.67312],[85.750041,27.674074],[85.749816,27.676339],[85.747727,27.675878],[85.745692,27.67792],[85.744158,27.677001],[85.739542,27.676702],[85.737435,27.675223],[85.734605,27.676603],[85.7312,27.674668],[85.731318,27.670096],[85.729788,27.6689],[85.72561,27.667478],[85.72459,27.662296],[85.720216,27.66118],[85.722787,27.66408],[85.721861,27.665544],[85.720554,27.666148],[85.719404,27.66549],[85.718217,27.663575],[85.715216,27.661494],[85.713269,27.661959],[85.71275,27.659035],[85.70946,27.654777],[85.708629,27.654562],[85.705179,27.656316],[85.707474,27.654765],[85.707864,27.653564],[85.707383,27.647471],[85.705897,27.641637],[85.706231,27.642996],[85.705385,27.649482],[85.706162,27.652235],[85.703968,27.654705],[85.700428,27.656705],[85.698657,27.659788],[85.693858,27.663436],[85.692872,27.666776],[85.694439,27.669331],[85.694216,27.670633],[85.692682,27.672599],[85.692624,27.674686],[85.688613,27.675471],[85.686621,27.678468],[85.688568,27.681925],[85.68722,27.684734],[85.685588,27.685301],[85.683151,27.684484],[85.680936,27.685755],[85.680456,27.689931],[85.682153,27.692332],[85.679368,27.695267],[85.680092,27.698696],[85.679675,27.700091],[85.678404,27.701004],[85.675637,27.701586],[85.671309,27.704649],[85.669908,27.708642],[85.667783,27.709761],[85.665693,27.712355],[85.662612,27.712172],[85.657642,27.714339],[85.656052,27.715865],[85.656109,27.717472],[85.654793,27.719956],[85.652674,27.720639],[85.649104,27.720108],[85.644043,27.718234],[85.639305,27.720858],[85.636222,27.721362],[85.630487,27.72674],[85.62558,27.72858],[85.623627,27.730027],[85.615686,27.731675],[85.612738,27.733841],[85.611722,27.737778],[85.611815,27.739995],[85.610519,27.743417],[85.603812,27.748721],[85.597892,27.744677],[85.595493,27.744089],[85.590617,27.745909],[85.588375,27.747996],[85.583709,27.748232],[85.5817,27.749667],[85.578616,27.749599],[85.576472,27.748711],[85.573838,27.748968],[85.572723,27.747903],[85.572461,27.745728],[85.569718,27.744725],[85.567148,27.74477],[85.567,27.745746],[85.564003,27.746804],[85.561672,27.74874],[85.557473,27.748275],[85.553983,27.749089],[85.549354,27.754445],[85.5499,27.75686],[85.551083,27.757452],[85.558178,27.756505],[85.560034,27.757458],[85.562938,27.754989],[85.563968,27.754893],[85.564597,27.758642],[85.565657,27.760634],[85.565534,27.764438],[85.559463,27.767166],[85.558815,27.768898],[85.554974,27.773992],[85.554441,27.776795],[85.552345,27.779568],[85.5515,27.779751],[85.551093,27.780936],[85.548354,27.781859],[85.548068,27.78283],[85.547029,27.78281],[85.546761,27.78401],[85.54524,27.78357],[85.544507,27.784983],[85.541621,27.786176],[85.540332,27.786087],[85.539876,27.787163],[85.538981,27.787005],[85.538364,27.788088],[85.537254,27.788232],[85.533372,27.791838],[85.530966,27.792013],[85.530184,27.790573],[85.528809,27.789866],[85.523661,27.789567],[85.522673,27.790021],[85.521767,27.78915],[85.515207,27.786661],[85.511575,27.786886],[85.509142,27.786136],[85.506102,27.786213],[85.502988,27.784526],[85.497608,27.786345],[85.493053,27.784197],[85.488358,27.779688],[85.48073,27.780833],[85.475713,27.778103],[85.472929,27.777952],[85.471415,27.779078],[85.47072,27.781109],[85.467694,27.783697],[85.468521,27.787496],[85.467767,27.790078],[85.467579,27.797168],[85.462473,27.804251],[85.45832,27.805389],[85.457231,27.806203],[85.456411,27.808224],[85.452831,27.809245],[85.451219,27.811317],[85.450033,27.81685],[85.448476,27.817577],[85.44918,27.820818],[85.447997,27.823548],[85.4487,27.829512],[85.452594,27.836555],[85.452817,27.839947],[85.454627,27.846012],[85.451141,27.85042],[85.453281,27.851884],[85.457062,27.856309],[85.459881,27.858205],[85.460845,27.860419],[85.460761,27.863177],[85.464988,27.865343],[85.465772,27.867791],[85.468799,27.867817],[85.470074,27.869132],[85.469013,27.873127],[85.469888,27.875202],[85.469781,27.876875],[85.467983,27.879759],[85.468272,27.88166],[85.471123,27.882561],[85.47307,27.882243],[85.475036,27.8845],[85.476475,27.890399],[85.476444,27.893986],[85.478861,27.897942],[85.479504,27.904348],[85.481503,27.908116],[85.483871,27.910947],[85.483843,27.914899],[85.487421,27.91976],[85.486774,27.926834],[85.482363,27.935395],[85.48229,27.939075],[85.481718,27.940236],[85.482781,27.945225],[85.481938,27.94749],[85.482377,27.952482],[85.481382,27.953918],[85.48097,27.956582],[85.478366,27.959335],[85.480393,27.962799],[85.481347,27.96672],[85.48369,27.970331],[85.48519,27.971308],[85.490116,27.971151],[85.491802,27.971845],[85.491646,27.974231],[85.49225,27.976016],[85.489341,27.983062],[85.489412,27.985667],[85.487115,27.99245],[85.490202,27.997122],[85.49125,28.00016],[85.494213,28.002711],[85.492594,28.007897],[85.493702,28.012455],[85.49684,28.019535],[85.497014,28.02937],[85.495714,28.035285],[85.494311,28.037577],[85.487537,28.042453],[85.483909,28.044312],[85.482236,28.046981],[85.481632,28.051235],[85.478337,28.056265],[85.473587,28.059625],[85.469532,28.06418],[85.462231,28.069308],[85.444189,28.076594],[85.44228,28.078493],[85.441681,28.082517],[85.445217,28.090016],[85.451405,28.091958],[85.455535,28.092052],[85.457067,28.092699],[85.472663,28.104803],[85.475054,28.105544],[85.486775,28.105086],[85.489126,28.105713],[85.48945,28.108055],[85.488785,28.11198],[85.492337,28.115962],[85.495223,28.122264],[85.494802,28.125124],[85.490828,28.133604],[85.490219,28.138641],[85.495088,28.141696],[85.502784,28.151819],[85.519297,28.154746],[85.523216,28.15692],[85.526721,28.157333],[85.531433,28.162341],[85.532847,28.1674],[85.543818,28.167777],[85.547333,28.168516],[85.552074,28.167907],[85.554407,28.168232],[85.557857,28.166955],[85.563823,28.162919],[85.56752,28.161751],[85.570503,28.161582],[85.575805,28.156683],[85.578822,28.157197],[85.583851,28.153379],[85.587405,28.15404],[85.588925,28.153695],[85.596671,28.156398],[85.5987,28.157871],[85.601501,28.158044],[85.604943,28.155458],[85.607131,28.152641],[85.611316,28.151517],[85.612897,28.150423],[85.613692,28.146217],[85.615521,28.143346],[85.61419,28.139793],[85.614836,28.134055],[85.616392,28.132667],[85.621541,28.131433],[85.625485,28.129486],[85.631307,28.129794],[85.632477,28.130284],[85.633716,28.133243],[85.635551,28.135329],[85.635214,28.138013],[85.637466,28.141268],[85.642364,28.145133],[85.648342,28.146219],[85.650749,28.151088],[85.65249,28.151933],[85.654279,28.151977],[85.658558,28.153864],[85.665942,28.154029],[85.677169,28.158158],[85.681306,28.157634],[85.683294,28.155936],[85.688439,28.155997],[85.698042,28.158962],[85.701735,28.16317],[85.70328,28.16395],[85.707149,28.16206],[85.712227,28.162018],[85.713157,28.162538],[85.713237,28.165817],[85.712469,28.169525],[85.713546,28.170873],[85.719125,28.174013],[85.723366,28.173566],[85.724405,28.170264],[85.725244,28.16968],[85.727564,28.169628],[85.736596,28.171297],[85.737613,28.17197],[85.743124,28.171562],[85.747516,28.174569],[85.749573,28.175208],[85.754778,28.174716],[85.766519,28.176341],[85.771515,28.175069],[85.774964,28.175494],[85.778665,28.174302],[85.780217,28.17807],[85.79216,28.183477],[85.793926,28.184968],[85.793563,28.188127],[85.798469,28.189411],[85.799565,28.192277],[85.799895,28.196344],[85.804196,28.198148],[85.807183,28.198328],[85.810397,28.201889],[85.812546,28.203184],[85.815572,28.203294],[85.816497,28.202521],[85.81644,28.199417],[85.817944,28.19388]]]}},
{"type":"Feature","properties":{"adm2_name":"Kavrepalanchok","adm2_pcode":"NP0324","adm1_name":"Bagmati","adm1_pcode":"NP03"},"geometry":{"type":"Polygon","coordinates":[[[85.553983,27.749089],[85.557473,27.748275],[85.561672,27.74874],[85.564003,27.746804],[85.567,27.745746],[85.567297,27.744713],[85.569889,27.744742],[85.572461,27.745728],[85.572723,27.747903],[85.573838,27.748968],[85.576472,27.748711],[85.580159,27.749766],[85.582235,27.749553],[85.583709,27.748232],[85.588375,27.747996],[85.590617,27.745909],[85.595493,27.744089],[85.597892,27.744677],[85.603812,27.748721],[85.610519,27.743417],[85.611815,27.739995],[85.611722,27.737778],[85.612738,27.733841],[85.614489,27.732365],[85.617567,27.730986],[85.623627,27.730027],[85.62558,27.72858],[85.630487,27.72674],[85.636222,27.721362],[85.639305,27.720858],[85.644043,27.718234],[85.649104,27.720108],[85.653529,27.720526],[85.65533,27.71946],[85.656052,27.715865],[85.657856,27.714186],[85.662612,27.712172],[85.665693,27.712355],[85.667783,27.709761],[85.669908,27.708642],[85.671309,27.704649],[85.675637,27.701586],[85.678404,27.701004],[85.679675,27.700091],[85.680092,27.698696],[85.679368,27.695267],[85.682153,27.692332],[85.680456,27.689931],[85.680936,27.685755],[85.683151,27.684484],[85.685588,27.685301],[85.68722,27.684734],[85.688568,27.681925],[85.686621,27.678468],[85.688613,27.675471],[85.692624,27.674686],[85.692682,27.672599],[85.694216,27.670633],[85.694439,27.669331],[85.692872,27.666776],[85.693858,27.663436],[85.698657,27.659788],[85.700428,27.656705],[85.703968,27.654705],[85.706162,27.652235],[85.705385,27.649482],[85.706231,27.642996],[85.705897,27.641637],[85.706343,27.64204],[85.707383,27.647471],[85.707864,27.653564],[85.707474,27.654765],[85.705179,27.656316],[85.707469,27.655586],[85.708629,27.654562],[85.70946,27.654777],[85.71275,27.659035],[85.713269,27.661959],[85.715216,27.661494],[85.718217,27.663575],[85.719404,27.66549],[85.720554,27.666148],[85.721861,27.665544],[85.722787,27.66408],[85.720216,27.66118],[85.72459,27.662296],[85.72561,27.667478],[85.729788,27.6689],[85.731318,27.670096],[85.7312,27.674668],[85.734605,27.676603],[85.737435,27.675223],[85.739542,27.676702],[85.744158,27.677001],[85.745692,27.67792],[85.747727,27.675878],[85.749816,27.676339],[85.750041,27.674074],[85.751294,27.67312],[85.752116,27.673366],[85.752977,27.6748],[85.75426,27.674766],[85.75897,27.67345],[85.760191,27.671542],[85.762816,27.67193],[85.766569,27.671483],[85.768884,27.667667],[85.772896,27.667292],[85.777827,27.668806],[85.779833,27.668598],[85.786461,27.665697],[85.791874,27.664938],[85.794051,27.666067],[85.79766,27.666466],[85.802438,27.665914],[85.807108,27.667322],[85.809728,27.66882],[85.812473,27.668976],[85.818524,27.662831],[85.821758,27.655576],[85.819165,27.653501],[85.815777,27.647997],[85.815681,27.646351],[85.817275,27.644008],[85.818653,27.642936],[85.819901,27.643132],[85.823586,27.64192],[85.827601,27.63767],[85.831211,27.635463],[85.842123,27.626038],[85.850039,27.627237],[85.857021,27.632598],[85.858208,27.63222],[85.859641,27.630226],[85.862371,27.629919],[85.864706,27.628014],[85.866877,27.62895],[85.868461,27.624997],[85.870932,27.623318],[85.871749,27.620802],[85.874931,27.619948],[85.875196,27.61626],[85.879534,27.616715],[85.880874,27.614492],[85.876147,27.612631],[85.874088,27.612497],[85.873349,27.61083],[85.871101,27.608863],[85.86596,27.598235],[85.863065,27.594792],[85.858806,27.592801],[85.857099,27.592965],[85.855376,27.591288],[85.852555,27.591405],[85.850671,27.588736],[85.850916,27.587082],[85.846399,27.585023],[85.846342,27.583299],[85.845335,27.581337],[85.846413,27.57897],[85.842484,27.577931],[85.841342,27.577044],[85.839561,27.577553],[85.837276,27.575738],[85.832098,27.576989],[85.830622,27.575035],[85.829185,27.574231],[85.8278,27.576337],[85.826543,27.575835],[85.826798,27.573184],[85.824595,27.571212],[85.823136,27.565846],[85.824715,27.561818],[85.825632,27.555891],[85.828451,27.546653],[85.826667,27.541797],[85.82484,27.539546],[85.824745,27.536635],[85.819126,27.52824],[85.819337,27.52555],[85.816179,27.524409],[85.815729,27.523732],[85.818336,27.522397],[85.818784,27.517784],[85.814774,27.51544],[85.812223,27.511985],[85.809206,27.50996],[85.808087,27.509723],[85.805014,27.511185],[85.804603,27.507786],[85.803323,27.506557],[85.800623,27.506362],[85.799678,27.502327],[85.797399,27.500212],[85.801773,27.497614],[85.802761,27.491353],[85.80821,27.484607],[85.808395,27.482743],[85.807037,27.479537],[85.809836,27.475895],[85.813869,27.473898],[85.814047,27.471879],[85.813247,27.468959],[85.814561,27.463957],[85.813507,27.463033],[85.810756,27.463309],[85.809284,27.462243],[85.809157,27.455081],[85.812254,27.453684],[85.814316,27.45189],[85.817614,27.452493],[85.8214,27.450955],[85.815667,27.446703],[85.809475,27.444767],[85.807472,27.441612],[85.802984,27.438638],[85.797648,27.439253],[85.794978,27.441689],[85.790691,27.443281],[85.788789,27.439244],[85.786109,27.438122],[85.786015,27.43605],[85.784865,27.435156],[85.784446,27.432821],[85.784887,27.428949],[85.783639,27.427186],[85.783162,27.424873],[85.784426,27.422346],[85.783919,27.421205],[85.781848,27.419682],[85.778872,27.418289],[85.777716,27.414852],[85.778751,27.412927],[85.776484,27.410342],[85.775804,27.404536],[85.773377,27.398141],[85.767459,27.400147],[85.758205,27.400523],[85.754396,27.403595],[85.746775,27.406297],[85.743858,27.408306],[85.738317,27.409149],[85.734268,27.407829],[85.729991,27.409771],[85.728576,27.411432],[85.727074,27.411962],[85.724369,27.410606],[85.720627,27.410053],[85.714297,27.406372],[85.712491,27.403614],[85.711497,27.397223],[85.706809,27.393545],[85.704215,27.389358],[85.702312,27.388278],[85.700423,27.38521],[85.699031,27.379422],[85.697835,27.378238],[85.698027,27.374059],[85.696232,27.372625],[85.697456,27.368168],[85.695134,27.364796],[85.695321,27.363823],[85.700711,27.359605],[85.703356,27.358639],[85.704255,27.357179],[85.704177,27.353909],[85.705479,27.351286],[85.704215,27.348693],[85.704002,27.345824],[85.702893,27.344264],[85.700338,27.343622],[85.699097,27.340914],[85.694839,27.339785],[85.692406,27.338126],[85.689953,27.337806],[85.689153,27.337011],[85.685813,27.338728],[85.684119,27.341748],[85.680899,27.342607],[85.680503,27.344668],[85.679,27.345089],[85.674775,27.343251],[85.6723,27.34429],[85.6714,27.34311],[85.671966,27.341108],[85.668986,27.340321],[85.667367,27.338576],[85.664632,27.33852],[85.662622,27.337495],[85.660874,27.334789],[85.65667,27.334997],[85.650532,27.333545],[85.645364,27.34067],[85.641561,27.34251],[85.643513,27.344415],[85.643342,27.345771],[85.640383,27.345478],[85.63922,27.346171],[85.639129,27.347873],[85.641056,27.347346],[85.64177,27.348025],[85.641679,27.349748],[85.640819,27.350175],[85.640306,27.348943],[85.639179,27.348736],[85.637835,27.352339],[85.635079,27.353548],[85.633174,27.352582],[85.634758,27.351206],[85.634605,27.350225],[85.633533,27.349251],[85.631867,27.349248],[85.631342,27.347553],[85.629185,27.347544],[85.622805,27.344774],[85.617626,27.345341],[85.613974,27.344465],[85.612474,27.34311],[85.61115,27.342883],[85.608595,27.343902],[85.605972,27.34404],[85.599481,27.343057],[85.598102,27.344668],[85.593169,27.343585],[85.586919,27.345094],[85.585375,27.34347],[85.578029,27.344598],[85.576886,27.341611],[85.573829,27.341751],[85.570597,27.340455],[85.564955,27.341022],[85.564786,27.34171],[85.566481,27.343336],[85.564476,27.344701],[85.562632,27.343191],[85.562837,27.340564],[85.559926,27.339305],[85.558579,27.339442],[85.55617,27.341247],[85.55517,27.342782],[85.555138,27.345829],[85.55283,27.346063],[85.551496,27.343518],[85.550234,27.343347],[85.547622,27.347209],[85.539919,27.349242],[85.539346,27.350069],[85.540139,27.350585],[85.540209,27.352137],[85.539233,27.35381],[85.535838,27.354436],[85.533089,27.356649],[85.527052,27.354081],[85.523061,27.349911],[85.519906,27.349593],[85.514152,27.350281],[85.503737,27.357008],[85.503972,27.35787],[85.506148,27.359303],[85.509499,27.363381],[85.510146,27.364819],[85.509679,27.365608],[85.50876,27.365706],[85.506899,27.363773],[85.505855,27.364312],[85.505328,27.368153],[85.502963,27.370077],[85.501518,27.372518],[85.497276,27.371526],[85.496231,27.372929],[85.495909,27.37524],[85.494997,27.376003],[85.493199,27.376273],[85.492138,27.374807],[85.491142,27.374513],[85.487114,27.376399],[85.483761,27.375171],[85.481194,27.372805],[85.478733,27.37152],[85.474215,27.371117],[85.472495,27.370061],[85.471892,27.371647],[85.472351,27.372765],[85.475167,27.372896],[85.477024,27.373688],[85.478838,27.376137],[85.477754,27.378025],[85.474689,27.376549],[85.473483,27.377078],[85.472404,27.382939],[85.470481,27.385134],[85.469646,27.388421],[85.468614,27.388763],[85.466767,27.388234],[85.463869,27.385847],[85.46263,27.385844],[85.461119,27.387655],[85.460797,27.39079],[85.459266,27.394497],[85.458487,27.395001],[85.455277,27.394254],[85.45328,27.392664],[85.450261,27.387917],[85.448408,27.387614],[85.447002,27.389427],[85.447217,27.391403],[85.446294,27.39261],[85.446627,27.397058],[85.442326,27.402397],[85.432539,27.403355],[85.432355,27.404943],[85.433667,27.407535],[85.432632,27.409971],[85.431639,27.410414],[85.429339,27.410048],[85.427611,27.40787],[85.42736,27.405603],[85.422486,27.404674],[85.419537,27.402647],[85.419043,27.403789],[85.419267,27.407245],[85.417127,27.412345],[85.414711,27.414373],[85.411616,27.414242],[85.409323,27.416877],[85.41061,27.422242],[85.411559,27.422871],[85.411916,27.424354],[85.413777,27.425208],[85.412305,27.427542],[85.412299,27.428982],[85.410428,27.433283],[85.412388,27.43458],[85.414314,27.434267],[85.415282,27.435049],[85.415218,27.43618],[85.41428,27.437259],[85.41176,27.437388],[85.411142,27.438473],[85.413573,27.439759],[85.415433,27.441917],[85.417537,27.442469],[85.41816,27.443457],[85.417298,27.445052],[85.409314,27.443867],[85.407592,27.446985],[85.406581,27.447428],[85.407779,27.449575],[85.411479,27.451419],[85.412636,27.454622],[85.416093,27.455904],[85.417828,27.459056],[85.418636,27.459224],[85.420946,27.458072],[85.422122,27.461115],[85.425934,27.463778],[85.429527,27.464601],[85.432009,27.467493],[85.435626,27.470286],[85.437748,27.474088],[85.44137,27.476052],[85.441735,27.478462],[85.44333,27.480392],[85.442754,27.481416],[85.440828,27.48244],[85.440619,27.485814],[85.438883,27.488233],[85.439235,27.497399],[85.43871,27.499167],[85.439489,27.500663],[85.439208,27.504817],[85.44016,27.507207],[85.440643,27.511714],[85.442686,27.515916],[85.441129,27.51808],[85.441252,27.520858],[85.438655,27.527643],[85.440362,27.532083],[85.436831,27.541514],[85.434481,27.539282],[85.432705,27.538614],[85.431308,27.538737],[85.42891,27.540973],[85.424769,27.540501],[85.422839,27.541748],[85.420462,27.544813],[85.418675,27.54586],[85.416513,27.546189],[85.4157,27.548191],[85.41174,27.54806],[85.410423,27.544969],[85.406202,27.545878],[85.403528,27.545147],[85.401746,27.547367],[85.398861,27.554317],[85.397726,27.554582],[85.396208,27.556501],[85.393968,27.55711],[85.387246,27.562005],[85.386803,27.562975],[85.389427,27.565331],[85.394102,27.566665],[85.396026,27.568504],[85.396457,27.570106],[85.398804,27.570741],[85.401619,27.573375],[85.401385,27.576905],[85.402821,27.579571],[85.402521,27.581433],[85.404639,27.583857],[85.405681,27.587176],[85.404101,27.588545],[85.405567,27.590859],[85.405592,27.591977],[85.403174,27.594104],[85.404303,27.595943],[85.404382,27.599597],[85.402411,27.602017],[85.411473,27.603089],[85.413434,27.605226],[85.413031,27.60708],[85.414665,27.606007],[85.41695,27.606444],[85.417018,27.604043],[85.414874,27.599571],[85.415817,27.59745],[85.417996,27.596444],[85.42116,27.592766],[85.425322,27.5934],[85.427191,27.59469],[85.428759,27.597092],[85.427825,27.598933],[85.425733,27.600408],[85.425831,27.60194],[85.426806,27.602995],[85.43309,27.600404],[85.432614,27.603693],[85.435469,27.606263],[85.435553,27.608238],[85.431033,27.612517],[85.429591,27.615392],[85.427011,27.615031],[85.42107,27.61686],[85.419988,27.618577],[85.420363,27.620116],[85.422818,27.620163],[85.42586,27.621585],[85.428027,27.62463],[85.433847,27.622883],[85.436132,27.623229],[85.438026,27.624834],[85.439695,27.628408],[85.447683,27.630071],[85.449737,27.633169],[85.45393,27.637044],[85.455738,27.63298],[85.45932,27.629044],[85.459191,27.627872],[85.460318,27.625338],[85.463231,27.625468],[85.464907,27.626921],[85.46763,27.631607],[85.469276,27.632602],[85.46978,27.634266],[85.472762,27.635739],[85.473391,27.637285],[85.477526,27.641836],[85.476808,27.642347],[85.477075,27.645033],[85.47847,27.6453],[85.479241,27.643115],[85.481257,27.642317],[85.485493,27.647478],[85.493313,27.652337],[85.493503,27.653411],[85.49143,27.655768],[85.491556,27.658014],[85.492194,27.66029],[85.494829,27.663074],[85.494554,27.665615],[85.497316,27.6703],[85.497211,27.673624],[85.500779,27.678574],[85.5015,27.682658],[85.502269,27.683156],[85.503014,27.685476],[85.503072,27.689465],[85.506319,27.692818],[85.507667,27.692912],[85.510235,27.691719],[85.512995,27.691832],[85.516971,27.692933],[85.519815,27.692792],[85.521181,27.694243],[85.521563,27.695966],[85.520382,27.698478],[85.521512,27.700353],[85.522127,27.703187],[85.521074,27.706331],[85.52163,27.706328],[85.521263,27.708627],[85.520024,27.710353],[85.521266,27.712492],[85.521075,27.714709],[85.519366,27.718461],[85.522534,27.721474],[85.523948,27.723878],[85.52395,27.72497],[85.524893,27.725255],[85.525344,27.726192],[85.523252,27.729526],[85.524542,27.732279],[85.525064,27.736489],[85.530236,27.742048],[85.531806,27.745183],[85.537052,27.750445],[85.53697,27.752733],[85.538152,27.754693],[85.539348,27.755078],[85.541306,27.754458],[85.544372,27.756328],[85.546746,27.755765],[85.5499,27.75686],[85.549354,27.754445],[85.553983,27.749089]]]}},
{"type":"Feature","properties":{"adm2_name":"Lalitpur","adm2_pcode":"NP0325","adm1_name":"Bagmati","adm1_pcode":"NP03"},"geometry":{"type":"Polygon","coordinates":[[[85.330979,27.679618],[85.339463,27.674952],[85.3476,27.669132],[85.351917,27.667901],[85.355997,27.66776],[85.358892,27.669017],[85.36091,27.669052],[85.362126,27.667097],[85.363274,27.666583],[85.362897,27.666117],[85.362289,27.666489],[85.362192,27.665971],[85.363436,27.664941],[85.36295,27.663444],[85.361683,27.663479],[85.36074,27.661248],[85.361598,27.661262],[85.363006,27.662757],[85.363329,27.661635],[85.364945,27.660268],[85.36702,27.659657],[85.369146,27.660782],[85.36988,27.659669],[85.36967,27.654458],[85.371048,27.653377],[85.372573,27.653761],[85.374295,27.651536],[85.378713,27.650959],[85.384428,27.648978],[85.385138,27.646083],[85.387207,27.643744],[85.389437,27.644971],[85.390685,27.640244],[85.393009,27.635785],[85.396286,27.632885],[85.399222,27.632066],[85.404216,27.632437],[85.405636,27.62982],[85.4118,27.62587],[85.414482,27.622477],[85.418069,27.62004],[85.420111,27.620416],[85.419988,27.618577],[85.42107,27.61686],[85.427011,27.615031],[85.429591,27.615392],[85.431033,27.612517],[85.435553,27.608238],[85.435469,27.606263],[85.432614,27.603693],[85.43309,27.600404],[85.426806,27.602995],[85.425831,27.60194],[85.425733,27.600408],[85.427825,27.598933],[85.428759,27.597092],[85.427191,27.59469],[85.424081,27.592953],[85.42116,27.592766],[85.418461,27.596006],[85.415817,27.59745],[85.415156,27.598639],[85.414874,27.599571],[85.417018,27.604043],[85.41695,27.606444],[85.414665,27.606007],[85.413031,27.60708],[85.413434,27.605226],[85.411473,27.603089],[85.402411,27.602017],[85.404382,27.599597],[85.404303,27.595943],[85.403174,27.594104],[85.405592,27.591977],[85.405567,27.590859],[85.404101,27.588545],[85.405681,27.587176],[85.404639,27.583857],[85.402521,27.581433],[85.402821,27.579571],[85.401385,27.576905],[85.401619,27.573375],[85.398804,27.570741],[85.396457,27.570106],[85.396026,27.568504],[85.394102,27.566665],[85.389427,27.565331],[85.386803,27.562975],[85.387903,27.56133],[85.393968,27.55711],[85.396208,27.556501],[85.397154,27.555039],[85.398861,27.554317],[85.401746,27.547367],[85.403528,27.545147],[85.406202,27.545878],[85.410423,27.544969],[85.41174,27.54806],[85.4157,27.548191],[85.416513,27.546189],[85.418675,27.54586],[85.420462,27.544813],[85.422839,27.541748],[85.424769,27.540501],[85.42891,27.540973],[85.431308,27.538737],[85.432705,27.538614],[85.434481,27.539282],[85.436831,27.541514],[85.440421,27.531758],[85.438655,27.527643],[85.441252,27.520858],[85.441129,27.51808],[85.442686,27.515916],[85.440643,27.511714],[85.44016,27.507207],[85.439208,27.504817],[85.439633,27.502304],[85.43871,27.499167],[85.439235,27.497399],[85.438734,27.489376],[85.439039,27.487834],[85.440619,27.485814],[85.440828,27.48244],[85.442754,27.481416],[85.443292,27.480106],[85.441735,27.478462],[85.44137,27.476052],[85.437748,27.474088],[85.435626,27.470286],[85.432009,27.467493],[85.429527,27.464601],[85.425934,27.463778],[85.422437,27.461389],[85.420946,27.458072],[85.418636,27.459224],[85.417828,27.459056],[85.416093,27.455904],[85.412636,27.454622],[85.411479,27.451419],[85.407779,27.449575],[85.406581,27.447428],[85.407592,27.446985],[85.409314,27.443867],[85.417298,27.445052],[85.418062,27.444144],[85.417537,27.442469],[85.415433,27.441917],[85.413573,27.439759],[85.411142,27.438473],[85.41176,27.437388],[85.414519,27.437031],[85.415263,27.436067],[85.415077,27.434587],[85.412388,27.43458],[85.410368,27.433053],[85.412299,27.428982],[85.412305,27.427542],[85.413777,27.425208],[85.411916,27.424354],[85.411559,27.422871],[85.41061,27.422242],[85.409323,27.416877],[85.41181,27.414131],[85.414949,27.414244],[85.417127,27.412345],[85.41849,27.409608],[85.418541,27.408209],[85.417102,27.408548],[85.415048,27.407669],[85.414041,27.404814],[85.409965,27.406602],[85.408714,27.406179],[85.407002,27.403367],[85.405815,27.402964],[85.405037,27.403353],[85.405339,27.40518],[85.404561,27.405589],[85.398444,27.404238],[85.397039,27.405175],[85.39642,27.409386],[85.394422,27.411175],[85.388767,27.408107],[85.384158,27.408184],[85.38366,27.409595],[85.384454,27.41145],[85.383776,27.413341],[85.379183,27.415739],[85.377455,27.417936],[85.371414,27.419326],[85.368814,27.4221],[85.369193,27.423131],[85.368657,27.424269],[85.364661,27.425179],[85.357189,27.428758],[85.35321,27.429419],[85.349676,27.431245],[85.348209,27.430208],[85.34735,27.428492],[85.344259,27.431216],[85.340371,27.43292],[85.335223,27.431973],[85.333885,27.433375],[85.332846,27.436041],[85.329067,27.438184],[85.325266,27.438364],[85.318988,27.436236],[85.315736,27.436007],[85.314808,27.436652],[85.314448,27.43804],[85.316057,27.440843],[85.313195,27.444854],[85.310369,27.446216],[85.305411,27.445356],[85.301744,27.446266],[85.297023,27.450932],[85.294795,27.452171],[85.29266,27.452484],[85.289994,27.451787],[85.281528,27.451357],[85.27247,27.454342],[85.268053,27.452961],[85.263414,27.454925],[85.258064,27.458917],[85.258389,27.461926],[85.256017,27.465658],[85.257223,27.467752],[85.257045,27.468598],[85.254559,27.470587],[85.253375,27.472617],[85.247148,27.476942],[85.246848,27.479223],[85.247501,27.483138],[85.244289,27.486776],[85.246992,27.490784],[85.247647,27.496526],[85.243949,27.497741],[85.24204,27.500405],[85.239802,27.500429],[85.238935,27.499738],[85.237096,27.500201],[85.233892,27.504886],[85.236965,27.510846],[85.2413,27.512515],[85.240227,27.516312],[85.240638,27.517608],[85.243076,27.519375],[85.248246,27.520071],[85.250366,27.521383],[85.251033,27.528118],[85.250235,27.528646],[85.245566,27.52854],[85.245728,27.531706],[85.244687,27.53266],[85.240425,27.53351],[85.237906,27.532964],[85.231449,27.537137],[85.239617,27.547918],[85.244244,27.54803],[85.246857,27.550325],[85.247224,27.551087],[85.245954,27.553118],[85.247201,27.554889],[85.248178,27.55818],[85.250734,27.560761],[85.250069,27.564173],[85.253944,27.569271],[85.257937,27.571473],[85.261005,27.569958],[85.262944,27.570807],[85.266525,27.570587],[85.268662,27.574236],[85.271455,27.576353],[85.27295,27.579171],[85.277106,27.582871],[85.279324,27.583139],[85.280983,27.585249],[85.28477,27.585521],[85.285022,27.586335],[85.283542,27.587702],[85.279283,27.588552],[85.279379,27.589528],[85.281621,27.591709],[85.279823,27.595364],[85.28202,27.596165],[85.283502,27.595984],[85.284438,27.595272],[85.28391,27.593788],[85.284846,27.593236],[85.28541,27.593562],[85.286603,27.596899],[85.287637,27.597949],[85.291704,27.597442],[85.291166,27.601479],[85.294369,27.604134],[85.293721,27.608349],[85.290014,27.611824],[85.290425,27.61242],[85.292805,27.612001],[85.293567,27.61256],[85.291633,27.619319],[85.293015,27.621398],[85.29265,27.625726],[85.295082,27.626684],[85.29307,27.629342],[85.292952,27.633905],[85.289608,27.635263],[85.286464,27.637446],[85.283285,27.641313],[85.282241,27.643836],[85.283504,27.645176],[85.286191,27.644244],[85.287282,27.644565],[85.286738,27.648875],[85.287264,27.650487],[85.288645,27.652286],[85.293288,27.65567],[85.294176,27.659449],[85.296798,27.660697],[85.296265,27.664528],[85.297596,27.666747],[85.297464,27.667971],[85.293352,27.669069],[85.291657,27.671091],[85.291562,27.672813],[85.298718,27.677765],[85.299535,27.680212],[85.2994,27.684118],[85.300491,27.685611],[85.302474,27.691315],[85.303553,27.69237],[85.306695,27.693439],[85.308052,27.693273],[85.313619,27.691052],[85.31868,27.687649],[85.326441,27.686095],[85.330979,27.679618]]]}},
{"type":"Feature","properties":{"adm2_name":"Bhaktapur","adm2_pcode":"NP0326","adm1_name":"Bagmati","adm1_pcode":"NP03"},"geometry":{"type":"Polygon","coordinates":[[[85.525021,27.725561],[85.52395,27.72497],[85.523948,27.723878],[85.522534,27.721474],[85.519366,27.718461],[85.521075,27.714709],[85.521266,27.712492],[85.520024,27.710353],[85.521263,27.708627],[85.52163,27.706328],[85.521074,27.706331],[85.522127,27.703187],[85.521512,27.700353],[85.520382,27.698478],[85.521563,27.695966],[85.521181,27.694243],[85.519815,27.692792],[85.516971,27.692933],[85.512995,27.691832],[85.510235,27.691719],[85.507667,27.692912],[85.506319,27.692818],[85.503072,27.689465],[85.503014,27.685476],[85.502269,27.683156],[85.5015,27.682658],[85.500779,27.678574],[85.497211,27.673624],[85.497316,27.6703],[85.494554,27.665615],[85.494829,27.663074],[85.492194,27.66029],[85.491556,27.658014],[85.49143,27.655768],[85.493532,27.652659],[85.48443,27.646592],[85.481257,27.642317],[85.479241,27.643115],[85.47847,27.6453],[85.477075,27.645033],[85.476808,27.642347],[85.477526,27.641836],[85.473391,27.637285],[85.472762,27.635739],[85.46978,27.634266],[85.469276,27.632602],[85.46763,27.631607],[85.464907,27.626921],[85.463231,27.625468],[85.460318,27.625338],[85.459191,27.627872],[85.45932,27.629044],[85.455738,27.63298],[85.45393,27.637044],[85.449737,27.633169],[85.447683,27.630071],[85.439695,27.628408],[85.438026,27.624834],[85.436132,27.623229],[85.433847,27.622883],[85.428027,27.62463],[85.42586,27.621585],[85.4234,27.620428],[85.418069,27.62004],[85.413812,27.622989],[85.4118,27.62587],[85.405636,27.62982],[85.404216,27.632437],[85.397768,27.632166],[85.393322,27.635414],[85.390685,27.640244],[85.389437,27.644971],[85.387207,27.643744],[85.385138,27.646083],[85.384513,27.648919],[85.378713,27.650959],[85.374295,27.651536],[85.372573,27.653761],[85.370721,27.653581],[85.369445,27.654931],[85.36988,27.659669],[85.369146,27.660782],[85.36702,27.659657],[85.364945,27.660268],[85.363329,27.661635],[85.363006,27.662757],[85.361598,27.661262],[85.36074,27.661248],[85.361683,27.663479],[85.36295,27.663444],[85.363436,27.664941],[85.362192,27.665971],[85.362289,27.666489],[85.362897,27.666117],[85.363274,27.666583],[85.362126,27.667097],[85.36091,27.669052],[85.358892,27.669017],[85.35619,27.667765],[85.351917,27.667901],[85.352981,27.669531],[85.353367,27.671778],[85.355929,27.675963],[85.355909,27.677055],[85.354831,27.678435],[85.357155,27.68271],[85.359431,27.681541],[85.361154,27.682433],[85.362108,27.684172],[85.367588,27.688502],[85.370831,27.689573],[85.371486,27.69242],[85.372809,27.692256],[85.374257,27.690676],[85.375697,27.690959],[85.375422,27.694519],[85.376772,27.694592],[85.377499,27.693407],[85.378563,27.693024],[85.381157,27.694307],[85.383184,27.692773],[85.384744,27.692611],[85.384945,27.696432],[85.388088,27.696441],[85.389559,27.697361],[85.388147,27.700962],[85.388485,27.70194],[85.39248,27.702876],[85.395525,27.700962],[85.396534,27.703602],[85.398397,27.704919],[85.40092,27.70488],[85.402217,27.70565],[85.403421,27.708401],[85.406936,27.71107],[85.40821,27.711759],[85.41161,27.711724],[85.412133,27.713402],[85.40987,27.715969],[85.410084,27.717136],[85.411654,27.717627],[85.413959,27.716228],[85.414884,27.716444],[85.41559,27.718674],[85.41467,27.719954],[85.415794,27.720434],[85.417197,27.719797],[85.41858,27.720313],[85.420225,27.71998],[85.420737,27.723343],[85.421347,27.723833],[85.424167,27.723251],[85.426792,27.723727],[85.42736,27.725461],[85.429049,27.725166],[85.433369,27.72684],[85.439201,27.727973],[85.438256,27.726686],[85.438822,27.725967],[85.440286,27.726308],[85.443425,27.724493],[85.445821,27.725393],[85.450984,27.722914],[85.450965,27.721861],[85.453049,27.722135],[85.456241,27.719782],[85.458951,27.720735],[85.463038,27.718713],[85.464609,27.720488],[85.468563,27.720538],[85.469445,27.719737],[85.469364,27.71769],[85.474925,27.715681],[85.475984,27.716295],[85.476218,27.717423],[85.479898,27.718836],[85.486628,27.718802],[85.487552,27.719956],[85.492779,27.720791],[85.496522,27.722341],[85.497609,27.723814],[85.499884,27.723159],[85.501745,27.723538],[85.503521,27.723991],[85.505061,27.725289],[85.509318,27.725869],[85.512122,27.727812],[85.519888,27.728613],[85.525021,27.725561]]]}},
{"type":"Feature","properties":{"adm2_name":"Kathmandu","adm2_pcode":"NP0327","adm1_name":"Bagmati","adm1_pcode":"NP03"},"geometry":{"type":"Polygon","coordinates":[[[85.453124,27.808997],[85.456411,27.808224],[85.457231,27.806203],[85.45832,27.805389],[85.462473,27.804251],[85.467579,27.797168],[85.467767,27.790078],[85.468521,27.787496],[85.467694,27.783697],[85.47072,27.781109],[85.471415,27.779078],[85.472929,27.777952],[85.475713,27.778103],[85.48073,27.780833],[85.488358,27.779688],[85.493053,27.784197],[85.497608,27.786345],[85.502988,27.784526],[85.506102,27.786213],[85.509142,27.786136],[85.511575,27.786886],[85.515207,27.786661],[85.521767,27.78915],[85.522673,27.790021],[85.523661,27.789567],[85.528809,27.789866],[85.530184,27.790573],[85.530966,27.792013],[85.533372,27.791838],[85.537254,27.788232],[85.538364,27.788088],[85.538981,27.787005],[85.539876,27.787163],[85.540332,27.786087],[85.541621,27.786176],[85.544507,27.784983],[85.54524,27.78357],[85.546761,27.78401],[85.547029,27.78281],[85.548068,27.78283],[85.548354,27.781859],[85.551093,27.780936],[85.5515,27.779751],[85.552345,27.779568],[85.554441,27.776795],[85.554974,27.773992],[85.558815,27.768898],[85.559463,27.767166],[85.565534,27.764438],[85.565657,27.760634],[85.564597,27.758642],[85.564064,27.755014],[85.562938,27.754989],[85.560034,27.757458],[85.557938,27.7565],[85.551083,27.757452],[85.546746,27.755765],[85.544372,27.756328],[85.541306,27.754458],[85.539348,27.755078],[85.538152,27.754693],[85.53697,27.752733],[85.537052,27.750445],[85.531806,27.745183],[85.530236,27.742048],[85.525064,27.736489],[85.524542,27.732279],[85.523252,27.729526],[85.523763,27.728185],[85.525068,27.727265],[85.525021,27.725561],[85.519888,27.728613],[85.512122,27.727812],[85.509318,27.725869],[85.505061,27.725289],[85.503157,27.723878],[85.499884,27.723159],[85.497609,27.723814],[85.496522,27.722341],[85.492779,27.720791],[85.487552,27.719956],[85.486628,27.718802],[85.479898,27.718836],[85.476218,27.717423],[85.475984,27.716295],[85.474925,27.715681],[85.469364,27.71769],[85.469445,27.719737],[85.468563,27.720538],[85.464609,27.720488],[85.463038,27.718713],[85.458951,27.720735],[85.456241,27.719782],[85.453049,27.722135],[85.450965,27.721861],[85.450984,27.722914],[85.445821,27.725393],[85.443425,27.724493],[85.440286,27.726308],[85.438822,27.725967],[85.438256,27.726686],[85.439201,27.727973],[85.433369,27.72684],[85.429049,27.725166],[85.42736,27.725461],[85.426792,27.723727],[85.424167,27.723251],[85.421347,27.723833],[85.420737,27.723343],[85.420225,27.71998],[85.41858,27.720313],[85.417197,27.719797],[85.415794,27.720434],[85.41467,27.719954],[85.41559,27.718674],[85.414884,27.716444],[85.413959,27.716228],[85.411654,27.717627],[85.410084,27.717136],[85.40987,27.715969],[85.412133,27.713402],[85.41161,27.711724],[85.40821,27.711759],[85.406936,27.71107],[85.403421,27.708401],[85.402217,27.70565],[85.40092,27.70488],[85.398397,27.704919],[85.396534,27.703602],[85.395525,27.700962],[85.39248,27.702876],[85.388485,27.70194],[85.388147,27.700962],[85.389559,27.697361],[85.388088,27.696441],[85.384945,27.696432],[85.384744,27.692611],[85.383184,27.692773],[85.381157,27.694307],[85.378563,27.693024],[85.377499,27.693407],[85.376772,27.694592],[85.375422,27.694519],[85.375697,27.690959],[85.374257,27.690676],[85.372809,27.692256],[85.371486,27.69242],[85.370831,27.689573],[85.367588,27.688502],[85.362108,27.684172],[85.361154,27.682433],[85.359431,27.681541],[85.357155,27.68271],[85.354831,27.678435],[85.355909,27.677055],[85.355929,27.675963],[85.353367,27.671778],[85.352981,27.669531],[85.351917,27.667901],[85.34708,27.669372],[85.339463,27.674952],[85.330979,27.679618],[85.326441,27.686095],[85.31868,27.687649],[85.314076,27.690811],[85.308052,27.693273],[85.306695,27.693439],[85.303553,27.69237],[85.302474,27.691315],[85.300491,27.685611],[85.2994,27.684118],[85.299535,27.680212],[85.298718,27.677765],[85.291562,27.672813],[85.291657,27.671091],[85.293352,27.669069],[85.297464,27.667971],[85.297596,27.666747],[85.296265,27.664528],[85.296798,27.660697],[85.294176,27.659449],[85.293288,27.65567],[85.288645,27.652286],[85.287264,27.650487],[85.286738,27.648875],[85.287282,27.644565],[85.286191,27.644244],[85.283504,27.645176],[85.282241,27.643836],[85.283285,27.641313],[85.286464,27.637446],[85.289608,27.635263],[85.292952,27.633905],[85.29307,27.629342],[85.295082,27.626684],[85.29265,27.625726],[85.293015,27.621398],[85.291633,27.619319],[85.293496,27.612351],[85.290042,27.612131],[85.293721,27.608349],[85.294509,27.605127],[85.293858,27.6032],[85.291166,27.601479],[85.291704,27.597442],[85.287637,27.597949],[85.286603,27.596899],[85.285788,27.594012],[85.284846,27.593236],[85.28391,27.593788],[85.284438,27.595272],[85.283633,27.595931],[85.28202,27.596165],[85.279823,27.595364],[85.281621,27.591709],[85.279379,27.589528],[85.279283,27.588552],[85.283542,27.587702],[85.285037,27.5859],[85.280983,27.585249],[85.279324,27.583139],[85.277106,27.582871],[85.27295,27.579171],[85.271455,27.576353],[85.268662,27.574236],[85.266525,27.570587],[85.262992,27.570754],[85.260706,27.573798],[85.259317,27.577402],[85.255995,27.577714],[85.25292,27.578857],[85.251541,27.578113],[85.243798,27.577914],[85.241797,27.578611],[85.239633,27.581047],[85.238647,27.584241],[85.238835,27.587524],[85.23973,27.591299],[85.241275,27.592114],[85.242877,27.594606],[85.241405,27.59826],[85.237392,27.601718],[85.238074,27.6079],[85.23701,27.611438],[85.237584,27.614109],[85.235744,27.619521],[85.232207,27.621507],[85.231321,27.623288],[85.228084,27.624965],[85.224811,27.624579],[85.223159,27.625514],[85.221772,27.628825],[85.222394,27.631499],[85.225362,27.63638],[85.226223,27.64021],[85.227537,27.642599],[85.230945,27.645788],[85.231146,27.647496],[85.232446,27.648296],[85.233085,27.649728],[85.231252,27.652185],[85.227725,27.654563],[85.226148,27.654962],[85.222773,27.654069],[85.221369,27.654416],[85.219963,27.656752],[85.21298,27.660626],[85.209948,27.664832],[85.20521,27.666162],[85.203107,27.670018],[85.197746,27.672336],[85.190054,27.677564],[85.188527,27.680862],[85.19171,27.685279],[85.192216,27.690666],[85.194456,27.694256],[85.192868,27.697437],[85.19525,27.701302],[85.196929,27.706316],[85.196233,27.709117],[85.197585,27.709135],[85.199921,27.708009],[85.198586,27.710712],[85.200875,27.712901],[85.198809,27.713667],[85.197091,27.716265],[85.200012,27.716991],[85.201333,27.720028],[85.204912,27.718397],[85.206107,27.718675],[85.20704,27.720305],[85.207178,27.7227],[85.212521,27.721076],[85.217285,27.722153],[85.218614,27.724826],[85.221431,27.727883],[85.220058,27.731999],[85.217807,27.734065],[85.215323,27.734691],[85.213408,27.736957],[85.220606,27.735646],[85.223034,27.737484],[85.22542,27.737905],[85.229779,27.740343],[85.235067,27.741178],[85.235736,27.743755],[85.236893,27.745121],[85.246555,27.744513],[85.249499,27.746747],[85.250978,27.748877],[85.252678,27.747779],[85.253217,27.745721],[85.255041,27.744815],[85.256751,27.745208],[85.258032,27.744599],[85.267055,27.745633],[85.26874,27.748223],[85.268463,27.754617],[85.270125,27.758308],[85.26944,27.760742],[85.267933,27.763442],[85.265339,27.763899],[85.262905,27.766398],[85.263457,27.768054],[85.262898,27.770755],[85.257722,27.771668],[85.257321,27.772073],[85.257741,27.773288],[85.253866,27.773068],[85.253091,27.774343],[85.251915,27.773738],[85.25146,27.77494],[85.256298,27.780206],[85.25733,27.780131],[85.259015,27.778596],[85.260588,27.778633],[85.268229,27.782049],[85.279921,27.794606],[85.284185,27.800964],[85.290799,27.804396],[85.291646,27.805706],[85.291624,27.80891],[85.297357,27.812156],[85.299891,27.81271],[85.30268,27.81117],[85.306039,27.810455],[85.310057,27.813342],[85.317802,27.813503],[85.324098,27.814643],[85.332159,27.815114],[85.33913,27.81296],[85.34386,27.809018],[85.345193,27.808658],[85.353184,27.810102],[85.361591,27.813967],[85.369961,27.809553],[85.372583,27.809049],[85.381604,27.812013],[85.385825,27.812305],[85.387529,27.814573],[85.391649,27.817185],[85.394414,27.81519],[85.402052,27.813269],[85.404611,27.811517],[85.406954,27.811751],[85.412583,27.809805],[85.421695,27.809658],[85.428968,27.811798],[85.430947,27.813149],[85.436075,27.810998],[85.43945,27.813396],[85.443174,27.813619],[85.446442,27.814645],[85.448476,27.817577],[85.450246,27.816408],[85.451219,27.811317],[85.453124,27.808997]]]}},
{"type":"Feature","properties":{"adm2_name":"Nuwakot","adm2_pcode":"NP0328","adm1_name":"Bagmati","adm1_pcode":"NP03"},"geometry":{"type":"Polygon","coordinates":[[[85.140666,28.085976],[85.15446,28.088372],[85.163673,28.085767],[85.168953,28.083771],[85.17039,28.082642],[85.170323,28.081264],[85.166939,28.077359],[85.163263,28.075741],[85.160887,28.073379],[85.158492,28.072468],[85.157526,28.070811],[85.154584,28.069013],[85.148071,28.061357],[85.14196,28.052709],[85.137757,28.048907],[85.133244,28.039939],[85.132928,28.038098],[85.13846,28.030407],[85.14362,28.027493],[85.15649,28.026667],[85.161557,28.024249],[85.165943,28.024192],[85.170458,28.021191],[85.173166,28.021227],[85.175801,28.020381],[85.178631,28.020916],[85.187047,28.01908],[85.187148,28.018163],[85.184301,28.01308],[85.183669,28.009558],[85.183769,28.006006],[85.184532,28.004143],[85.183827,28.002414],[85.184587,28.000706],[85.183436,28.000155],[85.185814,27.997847],[85.186061,27.996818],[85.182303,27.993243],[85.182684,27.989816],[85.180135,27.987548],[85.180229,27.981181],[85.181385,27.979472],[85.183409,27.973177],[85.18412,27.972898],[85.18839,27.976177],[85.194506,27.97588],[85.196894,27.975194],[85.204466,27.975139],[85.210471,27.973959],[85.212719,27.972754],[85.219587,27.975525],[85.222291,27.973922],[85.226946,27.974638],[85.233603,27.973004],[85.23623,27.974438],[85.247911,27.972595],[85.252321,27.971297],[85.253624,27.971628],[85.255365,27.974551],[85.257262,27.971233],[85.25924,27.972111],[85.260945,27.971739],[85.261811,27.970434],[85.265876,27.96815],[85.26889,27.966845],[85.270766,27.967473],[85.276058,27.965076],[85.27983,27.96842],[85.28051,27.972578],[85.282552,27.975306],[85.289807,27.983091],[85.292947,27.982383],[85.295282,27.983015],[85.29839,27.982783],[85.30595,27.986835],[85.317643,27.9892],[85.321806,27.988946],[85.324625,27.987042],[85.329505,27.988484],[85.331898,27.990319],[85.333639,27.993465],[85.336548,28.002248],[85.341924,28.009881],[85.345542,28.01154],[85.350213,28.011194],[85.35486,28.011654],[85.358788,28.013052],[85.363532,28.015998],[85.367628,28.017552],[85.371591,28.02209],[85.372784,28.022579],[85.375045,28.022021],[85.376414,28.022436],[85.380123,28.025397],[85.38972,28.030473],[85.391445,28.033257],[85.391757,28.035742],[85.394545,28.037633],[85.395183,28.037952],[85.397287,28.03685],[85.399013,28.03681],[85.401627,28.038773],[85.403343,28.039075],[85.403909,28.040308],[85.402501,28.044056],[85.404714,28.054861],[85.407989,28.057791],[85.40976,28.060536],[85.412176,28.06196],[85.414587,28.062088],[85.418312,28.059968],[85.419695,28.059809],[85.422437,28.060259],[85.425447,28.06182],[85.427019,28.063958],[85.427656,28.067062],[85.425597,28.072468],[85.42786,28.075797],[85.432744,28.080672],[85.435021,28.080802],[85.439013,28.082531],[85.441681,28.082517],[85.44228,28.078493],[85.444189,28.076594],[85.460305,28.070333],[85.470106,28.063698],[85.473587,28.059625],[85.479099,28.055253],[85.481632,28.051235],[85.482236,28.046981],[85.483909,28.044312],[85.487537,28.042453],[85.494311,28.037577],[85.495714,28.035285],[85.49699,28.030131],[85.496989,28.020303],[85.492699,28.00866],[85.492673,28.006678],[85.494213,28.002711],[85.49125,28.00016],[85.490202,27.997122],[85.487115,27.99245],[85.489412,27.985667],[85.489341,27.983062],[85.49225,27.976016],[85.491646,27.974231],[85.491802,27.971845],[85.490116,27.971151],[85.48519,27.971308],[85.48369,27.970331],[85.481347,27.96672],[85.480393,27.962799],[85.478366,27.959335],[85.48097,27.956582],[85.481382,27.953918],[85.482377,27.952482],[85.481938,27.94749],[85.482781,27.945225],[85.481718,27.940236],[85.48229,27.939075],[85.482363,27.935395],[85.486774,27.926834],[85.487421,27.91976],[85.483843,27.914899],[85.483871,27.910947],[85.481503,27.908116],[85.479504,27.904348],[85.478861,27.897942],[85.476444,27.893986],[85.476475,27.890399],[85.475036,27.8845],[85.47307,27.882243],[85.471123,27.882561],[85.468272,27.88166],[85.467983,27.879759],[85.469781,27.876875],[85.469888,27.875202],[85.469013,27.873127],[85.470074,27.869132],[85.468799,27.867817],[85.465772,27.867791],[85.464988,27.865343],[85.460761,27.863177],[85.460845,27.860419],[85.459881,27.858205],[85.457062,27.856309],[85.453281,27.851884],[85.451141,27.85042],[85.454627,27.846012],[85.452817,27.839947],[85.452594,27.836555],[85.4487,27.829512],[85.447997,27.823548],[85.44918,27.820818],[85.448141,27.816608],[85.447205,27.815145],[85.443879,27.813768],[85.43875,27.813142],[85.436075,27.810998],[85.430947,27.813149],[85.428968,27.811798],[85.420595,27.809484],[85.411315,27.809917],[85.406954,27.811751],[85.404611,27.811517],[85.402052,27.813269],[85.394414,27.81519],[85.391649,27.817185],[85.387529,27.814573],[85.385825,27.812305],[85.381604,27.812013],[85.372583,27.809049],[85.369961,27.809553],[85.361591,27.813967],[85.353184,27.810102],[85.345193,27.808658],[85.34386,27.809018],[85.33913,27.81296],[85.332579,27.815083],[85.324098,27.814643],[85.317802,27.813503],[85.310057,27.813342],[85.306039,27.810455],[85.30268,27.81117],[85.299891,27.81271],[85.297357,27.812156],[85.291624,27.80891],[85.291646,27.805706],[85.290799,27.804396],[85.284185,27.800964],[85.279921,27.794606],[85.267128,27.781204],[85.260588,27.778633],[85.259015,27.778596],[85.25733,27.780131],[85.256298,27.780206],[85.254396,27.778487],[85.252676,27.775675],[85.250254,27.775424],[85.249377,27.774092],[85.247511,27.773595],[85.246753,27.772492],[85.245757,27.773074],[85.245739,27.77468],[85.242353,27.775354],[85.239986,27.773265],[85.239002,27.774727],[85.23662,27.77413],[85.235429,27.77473],[85.233107,27.774475],[85.231893,27.771386],[85.230918,27.773938],[85.230155,27.772785],[85.229094,27.773403],[85.22995,27.775918],[85.2296,27.776431],[85.228151,27.773089],[85.22693,27.772581],[85.224088,27.772726],[85.223298,27.774192],[85.221219,27.775397],[85.217102,27.774134],[85.21543,27.775534],[85.215148,27.773791],[85.213059,27.773944],[85.212302,27.77237],[85.21089,27.771552],[85.209995,27.772748],[85.207649,27.770815],[85.207529,27.772057],[85.206047,27.773744],[85.205161,27.770045],[85.204354,27.768985],[85.204026,27.771488],[85.202131,27.773458],[85.201402,27.773164],[85.200972,27.771131],[85.201401,27.769318],[85.199366,27.770312],[85.197724,27.768804],[85.196909,27.770536],[85.193501,27.76903],[85.193935,27.770716],[85.1921,27.773071],[85.191698,27.770408],[85.189729,27.769335],[85.188307,27.769456],[85.185893,27.771572],[85.181186,27.771301],[85.178555,27.772043],[85.177619,27.770964],[85.17696,27.768046],[85.175978,27.767271],[85.174333,27.768386],[85.171919,27.766794],[85.169211,27.766559],[85.166235,27.767491],[85.164247,27.766267],[85.159427,27.765545],[85.154543,27.766892],[85.151696,27.766251],[85.150085,27.764241],[85.148545,27.763707],[85.143045,27.764454],[85.139492,27.765815],[85.134384,27.761661],[85.131804,27.762465],[85.130804,27.764091],[85.127961,27.760784],[85.126071,27.761248],[85.124662,27.760603],[85.124151,27.762559],[85.121775,27.763036],[85.121354,27.765072],[85.119862,27.767117],[85.11855,27.767389],[85.117475,27.766288],[85.116562,27.768281],[85.115309,27.768839],[85.114347,27.771254],[85.115073,27.772635],[85.114872,27.77439],[85.112695,27.772551],[85.110715,27.775545],[85.109237,27.775394],[85.108103,27.774043],[85.10572,27.774245],[85.101911,27.776317],[85.100034,27.778242],[85.097716,27.778426],[85.096558,27.779691],[85.096296,27.781178],[85.094524,27.782015],[85.093468,27.783549],[85.087714,27.787738],[85.085918,27.787448],[85.084486,27.788405],[85.082878,27.788307],[85.081759,27.789764],[85.079762,27.789626],[85.075016,27.791924],[85.069924,27.791521],[85.067433,27.792679],[85.063583,27.792693],[85.056812,27.795222],[85.056142,27.796845],[85.052458,27.797225],[85.051808,27.798963],[85.050167,27.799365],[85.048569,27.801187],[85.046476,27.801584],[85.045321,27.80529],[85.046872,27.806553],[85.048366,27.810138],[85.046956,27.81085],[85.046988,27.81298],[85.043974,27.811773],[85.041578,27.812227],[85.040907,27.815343],[85.041394,27.817209],[85.037802,27.814594],[85.035794,27.815316],[85.029571,27.815139],[85.027471,27.81626],[85.026333,27.814942],[85.025113,27.814676],[85.024596,27.813441],[85.023181,27.814688],[85.02045,27.813578],[85.019783,27.812285],[85.017794,27.811838],[85.018112,27.81073],[85.017394,27.80997],[85.012314,27.809444],[85.011974,27.811912],[85.015276,27.816251],[85.015375,27.81953],[85.017574,27.824392],[85.01676,27.82697],[85.020641,27.830011],[85.022808,27.832937],[85.020296,27.834262],[85.017277,27.833666],[85.015301,27.832318],[85.013426,27.832733],[85.012194,27.834633],[85.012356,27.836816],[85.008185,27.838615],[85.005751,27.841969],[85.007725,27.844982],[85.005259,27.847604],[85.006399,27.850436],[85.004588,27.850857],[85.003877,27.85246],[85.000783,27.852467],[85.001104,27.854003],[84.998307,27.855681],[84.992434,27.854785],[84.991564,27.857221],[84.989034,27.858115],[84.991367,27.859682],[84.990492,27.860584],[84.990489,27.864263],[84.991601,27.865239],[84.991072,27.866276],[84.991627,27.868298],[84.993968,27.870228],[84.992408,27.872188],[84.994726,27.875066],[84.992844,27.877063],[84.993537,27.878549],[84.991576,27.882161],[84.989247,27.883787],[84.988728,27.885338],[84.991452,27.887324],[84.992076,27.888511],[84.992282,27.895965],[84.997671,27.89941],[84.998143,27.902898],[85.00206,27.910459],[85.003888,27.91272],[85.004996,27.916008],[85.007437,27.919196],[85.010026,27.925584],[85.010501,27.928346],[85.008617,27.933912],[85.008628,27.936091],[85.011198,27.940772],[85.014735,27.94248],[85.016278,27.944068],[85.015435,27.947386],[85.016321,27.948411],[85.015081,27.949544],[85.015495,27.950583],[85.014903,27.951397],[85.013454,27.952143],[85.01172,27.951836],[85.008335,27.94856],[85.007725,27.949164],[85.007932,27.951119],[85.008743,27.95287],[85.009933,27.953649],[85.011535,27.957114],[85.014491,27.958892],[85.014976,27.961833],[85.018752,27.965658],[85.019502,27.96822],[85.021585,27.968148],[85.024719,27.969415],[85.02635,27.969434],[85.028464,27.971587],[85.028794,27.976813],[85.030248,27.980272],[85.029727,27.98486],[85.031071,27.987056],[85.031573,27.989473],[85.029416,27.995517],[85.026449,27.995334],[85.003031,28.000152],[85.002015,28.003007],[85.000043,28.005085],[85.000356,28.007005],[84.99991,28.007996],[84.997863,28.009541],[84.996769,28.011412],[84.994508,28.013145],[84.992178,28.013728],[84.990342,28.015772],[84.990041,28.018673],[84.990736,28.02101],[84.988344,28.025683],[84.989203,28.028635],[84.991022,28.027737],[84.991517,28.026254],[84.995492,28.024923],[85.007101,28.026592],[85.012531,28.026123],[85.014764,28.026497],[85.021042,28.029525],[85.023746,28.029981],[85.02556,28.029582],[85.028764,28.031117],[85.03263,28.031898],[85.033823,28.032678],[85.035333,28.03511],[85.041508,28.036956],[85.054513,28.05037],[85.062127,28.06689],[85.067052,28.066112],[85.074916,28.067596],[85.080532,28.066907],[85.085024,28.068802],[85.089836,28.072157],[85.097536,28.072869],[85.10467,28.076521],[85.11479,28.076766],[85.122362,28.091178],[85.129161,28.086058],[85.13505,28.084067],[85.140666,28.085976]]]}},
{"type":"Feature","properties":{"adm2_name":"Rasuwa","adm2_pcode":"NP0329","adm1_name":"Bagmati","adm1_pcode":"NP03"},"geometry":{"type":"Polygon","coordinates":[[[85.717638,28.375497],[85.720678,28.373516],[85.724206,28.373294],[85.720178,28.36962],[85.718786,28.367268],[85.720443,28.362357],[85.719817,28.359401],[85.7217,28.35562],[85.721919,28.353668],[85.724999,28.352242],[85.726166,28.350602],[85.726643,28.347753],[85.728147,28.344846],[85.728365,28.342499],[85.732149,28.339277],[85.731832,28.336295],[85.728696,28.33313],[85.727417,28.328782],[85.735779,28.323564],[85.735948,28.321427],[85.737127,28.319195],[85.736582,28.31268],[85.737571,28.309651],[85.735854,28.306569],[85.736286,28.305055],[85.735495,28.301089],[85.736233,28.299334],[85.732789,28.294473],[85.73294,28.291221],[85.738104,28.284667],[85.739323,28.276049],[85.742824,28.271656],[85.742223,28.2656],[85.742913,28.256836],[85.748275,28.249031],[85.747967,28.244744],[85.748741,28.238095],[85.754193,28.234855],[85.756903,28.228877],[85.758586,28.227862],[85.763839,28.227289],[85.767739,28.222596],[85.773934,28.218034],[85.775729,28.215634],[85.774529,28.211243],[85.776259,28.208531],[85.778832,28.20808],[85.782016,28.20842],[85.784208,28.205432],[85.790847,28.203723],[85.794452,28.200355],[85.799075,28.198146],[85.800105,28.19617],[85.798469,28.189411],[85.793563,28.188127],[85.793926,28.184968],[85.79216,28.183477],[85.780217,28.17807],[85.778665,28.174302],[85.774964,28.175494],[85.771515,28.175069],[85.766519,28.176341],[85.754778,28.174716],[85.749573,28.175208],[85.747516,28.174569],[85.743124,28.171562],[85.737613,28.17197],[85.736596,28.171297],[85.727564,28.169628],[85.725244,28.16968],[85.724405,28.170264],[85.723366,28.173566],[85.719125,28.174013],[85.713546,28.170873],[85.712469,28.169525],[85.713237,28.165817],[85.713157,28.162538],[85.712227,28.162018],[85.707149,28.16206],[85.70328,28.16395],[85.701735,28.16317],[85.698042,28.158962],[85.688439,28.155997],[85.683294,28.155936],[85.681306,28.157634],[85.677169,28.158158],[85.665942,28.154029],[85.658558,28.153864],[85.654279,28.151977],[85.651558,28.151574],[85.650749,28.151088],[85.648342,28.146219],[85.642364,28.145133],[85.637466,28.141268],[85.635214,28.138013],[85.635551,28.135329],[85.633716,28.133243],[85.632477,28.130284],[85.627085,28.129213],[85.620614,28.131749],[85.617713,28.132123],[85.614836,28.134055],[85.61419,28.139793],[85.615521,28.143346],[85.613692,28.146217],[85.612897,28.150423],[85.611316,28.151517],[85.607131,28.152641],[85.604943,28.155458],[85.601501,28.158044],[85.5987,28.157871],[85.596671,28.156398],[85.588925,28.153695],[85.587405,28.15404],[85.583851,28.153379],[85.578822,28.157197],[85.575805,28.156683],[85.570503,28.161582],[85.56752,28.161751],[85.563823,28.162919],[85.556069,28.167843],[85.547333,28.168516],[85.543818,28.167777],[85.532847,28.1674],[85.531433,28.162341],[85.526721,28.157333],[85.523216,28.15692],[85.519297,28.154746],[85.503167,28.152061],[85.495088,28.141696],[85.490219,28.138641],[85.490828,28.133604],[85.494802,28.125124],[85.495223,28.122264],[85.492337,28.115962],[85.488785,28.11198],[85.48945,28.108055],[85.489126,28.105713],[85.486775,28.105086],[85.480907,28.105603],[85.473344,28.105123],[85.457067,28.092699],[85.455535,28.092052],[85.451405,28.091958],[85.445809,28.090413],[85.444505,28.089313],[85.443892,28.086542],[85.441681,28.082517],[85.439013,28.082531],[85.435021,28.080802],[85.432744,28.080672],[85.42786,28.075797],[85.425597,28.072468],[85.427656,28.067062],[85.427019,28.063958],[85.425447,28.06182],[85.422437,28.060259],[85.419695,28.059809],[85.418312,28.059968],[85.414587,28.062088],[85.412176,28.06196],[85.40976,28.060536],[85.407989,28.057791],[85.404962,28.05521],[85.403951,28.053014],[85.4037,28.048546],[85.402501,28.044056],[85.403909,28.040308],[85.403343,28.039075],[85.401627,28.038773],[85.399013,28.03681],[85.397287,28.03685],[85.395183,28.037952],[85.394545,28.037633],[85.391757,28.035742],[85.391445,28.033257],[85.38972,28.030473],[85.380123,28.025397],[85.376414,28.022436],[85.375045,28.022021],[85.372784,28.022579],[85.371591,28.02209],[85.367628,28.017552],[85.363532,28.015998],[85.358788,28.013052],[85.35486,28.011654],[85.350213,28.011194],[85.345542,28.01154],[85.341924,28.009881],[85.336548,28.002248],[85.333639,27.993465],[85.331898,27.990319],[85.329505,27.988484],[85.324625,27.987042],[85.321806,27.988946],[85.317643,27.9892],[85.30595,27.986835],[85.29839,27.982783],[85.295282,27.983015],[85.292947,27.982383],[85.289807,27.983091],[85.282552,27.975306],[85.28051,27.972578],[85.27983,27.96842],[85.276186,27.965079],[85.270766,27.967473],[85.26889,27.966845],[85.265876,27.96815],[85.261811,27.970434],[85.260945,27.971739],[85.25924,27.972111],[85.257262,27.971233],[85.255365,27.974551],[85.253624,27.971628],[85.252321,27.971297],[85.247911,27.972595],[85.23623,27.974438],[85.233603,27.973004],[85.226946,27.974638],[85.222291,27.973922],[85.219587,27.975525],[85.212719,27.972754],[85.210471,27.973959],[85.204466,27.975139],[85.196894,27.975194],[85.194506,27.97588],[85.18839,27.976177],[85.184864,27.973381],[85.183604,27.973044],[85.182666,27.974449],[85.181385,27.979472],[85.180229,27.981181],[85.180135,27.987548],[85.182684,27.989816],[85.182303,27.993243],[85.186061,27.996818],[85.185814,27.997847],[85.183436,28.000155],[85.184587,28.000706],[85.183827,28.002414],[85.184532,28.004143],[85.183769,28.006006],[85.183669,28.009558],[85.184301,28.01308],[85.187148,28.018163],[85.187047,28.01908],[85.178631,28.020916],[85.175801,28.020381],[85.173166,28.021227],[85.170458,28.021191],[85.165943,28.024192],[85.161557,28.024249],[85.15649,28.026667],[85.14362,28.027493],[85.13846,28.030407],[85.13306,28.037831],[85.133244,28.039939],[85.137757,28.048907],[85.14196,28.052709],[85.148071,28.061357],[85.155262,28.069673],[85.157526,28.070811],[85.158492,28.072468],[85.161228,28.073613],[85.163263,28.075741],[85.166939,28.077359],[85.170613,28.082072],[85.168953,28.083771],[85.155495,28.088309],[85.150329,28.087976],[85.140666,28.085976],[85.135654,28.083997],[85.129161,28.086058],[85.122362,28.091178],[85.122985,28.095552],[85.122621,28.099683],[85.123998,28.105483],[85.126598,28.107431],[85.137722,28.10987],[85.146506,28.114949],[85.150328,28.118094],[85.158149,28.129585],[85.1579,28.131649],[85.156014,28.133808],[85.154709,28.137349],[85.154742,28.140678],[85.158289,28.144966],[85.169241,28.154851],[85.174075,28.16233],[85.177782,28.164936],[85.182533,28.166943],[85.188032,28.167926],[85.193895,28.167726],[85.195353,28.168201],[85.199924,28.176711],[85.200311,28.179699],[85.198814,28.184807],[85.200491,28.187964],[85.201285,28.192564],[85.203507,28.196835],[85.203363,28.200737],[85.204273,28.203386],[85.2011,28.211079],[85.199525,28.212629],[85.188477,28.219425],[85.187386,28.223238],[85.188873,28.224709],[85.188051,28.227834],[85.190815,28.230458],[85.193045,28.234337],[85.192413,28.239258],[85.194022,28.244315],[85.202455,28.250149],[85.201309,28.254159],[85.198297,28.25911],[85.194998,28.261214],[85.192689,28.264275],[85.188402,28.265548],[85.186753,28.267437],[85.184195,28.275959],[85.181783,28.278536],[85.179842,28.282728],[85.179849,28.284891],[85.179,28.286672],[85.179523,28.289059],[85.179195,28.291398],[85.177086,28.295213],[85.179284,28.30179],[85.175804,28.308222],[85.165183,28.323048],[85.159725,28.331849],[85.166711,28.331551],[85.170684,28.328476],[85.174033,28.327842],[85.181748,28.324216],[85.185429,28.327809],[85.193478,28.333133],[85.195429,28.336799],[85.198207,28.339279],[85.200143,28.340385],[85.202336,28.340594],[85.210134,28.336203],[85.215279,28.331968],[85.218794,28.330759],[85.225489,28.326039],[85.228505,28.325019],[85.23003,28.323011],[85.236247,28.321044],[85.241338,28.317752],[85.244495,28.312797],[85.246992,28.303169],[85.252952,28.298425],[85.25466,28.294396],[85.258815,28.294974],[85.266673,28.29812],[85.268301,28.298218],[85.270356,28.297325],[85.273457,28.293737],[85.272793,28.287716],[85.286824,28.287916],[85.292378,28.287394],[85.294364,28.289277],[85.29798,28.290691],[85.303453,28.28984],[85.305808,28.29132],[85.308034,28.291148],[85.31846,28.293998],[85.322784,28.29597],[85.325269,28.299075],[85.331468,28.300161],[85.340255,28.303894],[85.342451,28.302575],[85.34653,28.302357],[85.348079,28.301637],[85.348064,28.293019],[85.34703,28.291348],[85.347211,28.289664],[85.348146,28.288427],[85.352548,28.286645],[85.355168,28.286937],[85.36322,28.285519],[85.366529,28.286066],[85.370061,28.285699],[85.375444,28.282721],[85.377524,28.278509],[85.386404,28.284665],[85.387361,28.286422],[85.391843,28.288458],[85.396637,28.294089],[85.397594,28.29823],[85.404801,28.302417],[85.40839,28.305276],[85.409459,28.307169],[85.41192,28.308287],[85.414001,28.315987],[85.413028,28.32372],[85.413388,28.325025],[85.415269,28.32706],[85.417968,28.32724],[85.421344,28.329203],[85.424489,28.330122],[85.430116,28.330201],[85.437252,28.334718],[85.443871,28.335557],[85.451799,28.335212],[85.457885,28.336954],[85.475274,28.333293],[85.483454,28.333134],[85.48726,28.331121],[85.490657,28.331138],[85.496424,28.332302],[85.497645,28.333563],[85.500104,28.333267],[85.50641,28.333938],[85.511582,28.331883],[85.518313,28.330838],[85.525934,28.328277],[85.535189,28.323146],[85.538702,28.319953],[85.543078,28.319046],[85.547663,28.315075],[85.552147,28.314157],[85.561636,28.309755],[85.565705,28.310265],[85.570321,28.309436],[85.575804,28.310287],[85.578338,28.309136],[85.580658,28.30623],[85.585612,28.307863],[85.591834,28.308597],[85.600482,28.304288],[85.596518,28.298957],[85.596769,28.292434],[85.598359,28.289137],[85.598855,28.279188],[85.603503,28.26458],[85.605301,28.262954],[85.606179,28.261048],[85.606879,28.256945],[85.608571,28.256807],[85.625493,28.266021],[85.630373,28.271042],[85.635315,28.273859],[85.642009,28.282549],[85.644994,28.289727],[85.660606,28.302897],[85.66152,28.30476],[85.66121,28.305819],[85.659608,28.308441],[85.65589,28.312394],[85.653765,28.315899],[85.653642,28.3174],[85.657176,28.324468],[85.658754,28.325623],[85.661223,28.326168],[85.664278,28.331671],[85.664283,28.335591],[85.66561,28.338458],[85.666208,28.345641],[85.665631,28.347961],[85.669567,28.349455],[85.676082,28.350628],[85.681408,28.349615],[85.683649,28.347245],[85.685229,28.346383],[85.686076,28.346881],[85.683802,28.382402],[85.695203,28.385656],[85.700812,28.384548],[85.711364,28.386209],[85.71233,28.383087],[85.717638,28.375497]]]}},
{"type":"Feature","properties":{"adm2_name":"Dhading","adm2_pcode":"NP0330","adm1_name":"Bagmati","adm1_pcode":"NP03"},"geometry":{"type":"Polygon","coordinates":[[[85.120655,28.335695],[85.124027,28.336116],[85.126847,28.33778],[85.128535,28.337998],[85.132232,28.335888],[85.134933,28.332423],[85.136829,28.332407],[85.140264,28.330396],[85.142819,28.331257],[85.154633,28.331035],[85.156313,28.331729],[85.159725,28.331849],[85.177162,28.305808],[85.179284,28.30179],[85.177086,28.295213],[85.179195,28.291398],[85.179523,28.289059],[85.179,28.286672],[85.180495,28.280859],[85.184195,28.275959],[85.184652,28.273266],[85.18743,28.266326],[85.192689,28.264275],[85.194998,28.261214],[85.198297,28.25911],[85.200311,28.256559],[85.202455,28.250149],[85.194022,28.244315],[85.192413,28.239258],[85.193045,28.234337],[85.190815,28.230458],[85.188051,28.227834],[85.188873,28.224709],[85.187386,28.223238],[85.188477,28.219425],[85.199525,28.212629],[85.2011,28.211079],[85.204264,28.203961],[85.203363,28.200737],[85.203507,28.196835],[85.201285,28.192564],[85.200491,28.187964],[85.198814,28.184807],[85.200311,28.179699],[85.199924,28.176711],[85.195096,28.168045],[85.188032,28.167926],[85.182533,28.166943],[85.175095,28.163222],[85.169241,28.154851],[85.156088,28.142607],[85.154742,28.140678],[85.154388,28.138608],[85.156014,28.133808],[85.1579,28.131649],[85.158149,28.129585],[85.149525,28.117203],[85.137722,28.10987],[85.126598,28.107431],[85.124209,28.105792],[85.122621,28.099683],[85.122985,28.095552],[85.122362,28.091178],[85.11479,28.076766],[85.10467,28.076521],[85.097536,28.072869],[85.089836,28.072157],[85.085024,28.068802],[85.080532,28.066907],[85.074916,28.067596],[85.067052,28.066112],[85.062127,28.06689],[85.054513,28.05037],[85.041508,28.036956],[85.035333,28.03511],[85.033823,28.032678],[85.03263,28.031898],[85.028764,28.031117],[85.02556,28.029582],[85.023746,28.029981],[85.021042,28.029525],[85.014764,28.026497],[85.012531,28.026123],[85.007101,28.026592],[84.995492,28.024923],[84.991517,28.026254],[84.991022,28.027737],[84.989203,28.028635],[84.988344,28.025683],[84.990736,28.02101],[84.990041,28.018673],[84.990342,28.015772],[84.992178,28.013728],[84.994508,28.013145],[84.996769,28.011412],[84.997863,28.009541],[84.99991,28.007996],[85.000356,28.007005],[85.000043,28.005085],[85.002015,28.003007],[85.003031,28.000152],[85.026449,27.995334],[85.029416,27.995517],[85.031573,27.989473],[85.031071,27.987056],[85.029727,27.98486],[85.030248,27.980272],[85.028794,27.976813],[85.028464,27.971587],[85.02635,27.969434],[85.024719,27.969415],[85.021585,27.968148],[85.019502,27.96822],[85.018752,27.965658],[85.014976,27.961833],[85.014491,27.958892],[85.011535,27.957114],[85.007767,27.950658],[85.007748,27.949031],[85.008335,27.94856],[85.01172,27.951836],[85.013454,27.952143],[85.014903,27.951397],[85.015495,27.950583],[85.015081,27.949544],[85.016321,27.948411],[85.015435,27.947386],[85.016278,27.944068],[85.014735,27.94248],[85.011198,27.940772],[85.008628,27.936091],[85.008617,27.933912],[85.010501,27.928346],[85.010026,27.925584],[85.007437,27.919196],[85.004996,27.916008],[85.003888,27.91272],[85.00206,27.910459],[84.998143,27.902898],[84.997671,27.89941],[84.992282,27.895965],[84.992076,27.888511],[84.991452,27.887324],[84.988822,27.885642],[84.989247,27.883787],[84.991576,27.882161],[84.993537,27.878549],[84.992844,27.877063],[84.994726,27.875066],[84.992408,27.872188],[84.993968,27.870228],[84.991627,27.868298],[84.991072,27.866276],[84.991601,27.865239],[84.990489,27.864263],[84.990492,27.860584],[84.991367,27.859682],[84.988904,27.858409],[84.991564,27.857221],[84.992434,27.854785],[84.998307,27.855681],[85.001104,27.854003],[85.000783,27.852467],[85.003877,27.85246],[85.004588,27.850857],[85.006399,27.850436],[85.005259,27.847604],[85.007725,27.844982],[85.005751,27.841969],[85.008185,27.838615],[85.012356,27.836816],[85.012194,27.834633],[85.013426,27.832733],[85.015301,27.832318],[85.017277,27.833666],[85.020296,27.834262],[85.022808,27.832937],[85.020641,27.830011],[85.01676,27.82697],[85.017574,27.824392],[85.015375,27.81953],[85.015276,27.816251],[85.011974,27.811912],[85.012314,27.809444],[85.017394,27.80997],[85.018112,27.81073],[85.017794,27.811838],[85.019783,27.812285],[85.02045,27.813578],[85.023181,27.814688],[85.024596,27.813441],[85.025113,27.814676],[85.026333,27.814942],[85.027471,27.81626],[85.029571,27.815139],[85.035794,27.815316],[85.037802,27.814594],[85.041394,27.817209],[85.040907,27.815343],[85.041578,27.812227],[85.043974,27.811773],[85.046988,27.81298],[85.046956,27.81085],[85.048366,27.810138],[85.046872,27.806553],[85.045321,27.80529],[85.046476,27.801584],[85.048569,27.801187],[85.050167,27.799365],[85.051808,27.798963],[85.052458,27.797225],[85.056142,27.796845],[85.056812,27.795222],[85.063583,27.792693],[85.067433,27.792679],[85.069924,27.791521],[85.075016,27.791924],[85.079762,27.789626],[85.081759,27.789764],[85.082878,27.788307],[85.084486,27.788405],[85.085918,27.787448],[85.087714,27.787738],[85.093468,27.783549],[85.094524,27.782015],[85.096296,27.781178],[85.096558,27.779691],[85.097716,27.778426],[85.100034,27.778242],[85.101911,27.776317],[85.10572,27.774245],[85.108103,27.774043],[85.109237,27.775394],[85.110715,27.775545],[85.112695,27.772551],[85.114872,27.77439],[85.115073,27.772635],[85.114347,27.771254],[85.115309,27.768839],[85.116562,27.768281],[85.117475,27.766288],[85.11855,27.767389],[85.119862,27.767117],[85.121354,27.765072],[85.121775,27.763036],[85.124302,27.762386],[85.124468,27.760659],[85.126071,27.761248],[85.127961,27.760784],[85.130804,27.764091],[85.131804,27.762465],[85.134384,27.761661],[85.139492,27.765815],[85.143045,27.764454],[85.148545,27.763707],[85.150085,27.764241],[85.151696,27.766251],[85.154543,27.766892],[85.159427,27.765545],[85.164247,27.766267],[85.166235,27.767491],[85.169211,27.766559],[85.171919,27.766794],[85.174333,27.768386],[85.175978,27.767271],[85.17696,27.768046],[85.177619,27.770964],[85.178555,27.772043],[85.181186,27.771301],[85.185893,27.771572],[85.188307,27.769456],[85.189729,27.769335],[85.191698,27.770408],[85.1921,27.773071],[85.193935,27.770716],[85.193501,27.76903],[85.196909,27.770536],[85.197724,27.768804],[85.199366,27.770312],[85.201401,27.769318],[85.200972,27.771131],[85.201402,27.773164],[85.202131,27.773458],[85.204026,27.771488],[85.204354,27.768985],[85.205161,27.770045],[85.206047,27.773744],[85.207907,27.770818],[85.209995,27.772748],[85.21089,27.771552],[85.212302,27.77237],[85.213059,27.773944],[85.215148,27.773791],[85.21543,27.775534],[85.217102,27.774134],[85.221219,27.775397],[85.223298,27.774192],[85.224088,27.772726],[85.22693,27.772581],[85.228151,27.773089],[85.229003,27.775908],[85.229815,27.776395],[85.229094,27.773403],[85.230155,27.772785],[85.230918,27.773938],[85.231893,27.771386],[85.2333,27.774537],[85.235429,27.77473],[85.23662,27.77413],[85.239002,27.774727],[85.239986,27.773265],[85.242031,27.775255],[85.242999,27.775341],[85.245869,27.774584],[85.245757,27.773074],[85.246753,27.772492],[85.247511,27.773595],[85.249377,27.774092],[85.250254,27.775424],[85.252511,27.775602],[85.25146,27.77494],[85.251577,27.773892],[85.253091,27.774343],[85.254321,27.773005],[85.257741,27.773288],[85.257321,27.772073],[85.257722,27.771668],[85.262898,27.770755],[85.263457,27.768054],[85.262905,27.766398],[85.265339,27.763899],[85.267933,27.763442],[85.270043,27.759588],[85.270125,27.758308],[85.268463,27.754617],[85.26874,27.748223],[85.267055,27.745633],[85.258032,27.744599],[85.256751,27.745208],[85.255041,27.744815],[85.253217,27.745721],[85.252678,27.747779],[85.250978,27.748877],[85.249499,27.746747],[85.246555,27.744513],[85.236893,27.745121],[85.235736,27.743755],[85.235067,27.741178],[85.229779,27.740343],[85.22542,27.737905],[85.223034,27.737484],[85.220606,27.735646],[85.213534,27.737055],[85.213562,27.736157],[85.215323,27.734691],[85.217807,27.734065],[85.220058,27.731999],[85.221431,27.727883],[85.218614,27.724826],[85.217285,27.722153],[85.212521,27.721076],[85.207178,27.7227],[85.20704,27.720305],[85.206107,27.718675],[85.204912,27.718397],[85.201333,27.720028],[85.200012,27.716991],[85.197091,27.716265],[85.198809,27.713667],[85.200875,27.712901],[85.198586,27.710712],[85.199921,27.708009],[85.197585,27.709135],[85.196233,27.709117],[85.196929,27.706316],[85.19525,27.701302],[85.192868,27.697437],[85.194456,27.694256],[85.192216,27.690666],[85.19171,27.685279],[85.188576,27.681342],[85.174825,27.679977],[85.172875,27.679161],[85.16184,27.670733],[85.160601,27.670701],[85.155956,27.672781],[85.152239,27.671436],[85.149653,27.669526],[85.147356,27.670461],[85.141948,27.671065],[85.138541,27.673868],[85.134409,27.674678],[85.133164,27.67608],[85.131097,27.680952],[85.128616,27.680981],[85.122291,27.683282],[85.120136,27.683505],[85.117665,27.69272],[85.115345,27.69631],[85.110026,27.700804],[85.103167,27.70409],[85.101285,27.706061],[85.099921,27.708898],[85.094807,27.711211],[85.088675,27.712191],[85.085984,27.710642],[85.083304,27.70708],[85.080384,27.706539],[85.078651,27.707103],[85.078092,27.708619],[85.076004,27.709041],[85.069668,27.703622],[85.065626,27.703204],[85.065896,27.701679],[85.064578,27.699232],[85.064668,27.69679],[85.061003,27.694479],[85.05815,27.694557],[85.057317,27.695283],[85.057884,27.697102],[85.053977,27.699859],[85.052345,27.699373],[85.042551,27.690136],[85.041094,27.69174],[85.040188,27.694035],[85.041475,27.697508],[85.041794,27.702289],[85.038487,27.70572],[85.0385,27.702747],[85.03683,27.702267],[85.034325,27.703254],[85.034878,27.701233],[85.032799,27.700086],[85.032426,27.698099],[85.030686,27.697684],[85.028492,27.700089],[85.023694,27.701546],[85.021912,27.70386],[85.01698,27.704321],[85.013891,27.707107],[85.011223,27.707706],[85.005994,27.706037],[85.002513,27.705672],[84.990026,27.707801],[84.989005,27.706626],[84.988857,27.704274],[84.986797,27.704417],[84.98485,27.703353],[84.982447,27.703801],[84.978991,27.702706],[84.976772,27.700139],[84.976396,27.695526],[84.975684,27.694676],[84.973531,27.693971],[84.971664,27.692509],[84.966945,27.6911],[84.964627,27.691231],[84.96184,27.689597],[84.958562,27.689029],[84.958493,27.686083],[84.951383,27.683413],[84.948903,27.683942],[84.944498,27.686925],[84.937259,27.686176],[84.933862,27.687221],[84.929312,27.686694],[84.924813,27.688412],[84.922312,27.688627],[84.921306,27.689491],[84.921063,27.691514],[84.91946,27.694097],[84.914912,27.69498],[84.908219,27.698476],[84.907145,27.69851],[84.900233,27.694176],[84.898865,27.690638],[84.897106,27.688984],[84.896309,27.686679],[84.891766,27.682109],[84.887559,27.674686],[84.885635,27.672659],[84.883855,27.672056],[84.882097,27.669965],[84.879735,27.668705],[84.875764,27.670745],[84.871418,27.675986],[84.865623,27.679754],[84.863367,27.68022],[84.858908,27.68286],[84.850508,27.686524],[84.846076,27.687219],[84.836224,27.690893],[84.833797,27.69093],[84.82873,27.692395],[84.826015,27.68993],[84.823315,27.68847],[84.822743,27.6868],[84.819455,27.685317],[84.818065,27.682992],[84.81471,27.682231],[84.812366,27.67986],[84.808516,27.678883],[84.806484,27.675542],[84.80091,27.673086],[84.799999,27.671366],[84.798599,27.672111],[84.79747,27.674737],[84.796585,27.684229],[84.795242,27.685916],[84.789242,27.688425],[84.785957,27.6919],[84.790654,27.695018],[84.791981,27.697242],[84.793673,27.702679],[84.796032,27.706056],[84.79636,27.709154],[84.790897,27.711985],[84.78726,27.716124],[84.782618,27.717677],[84.778608,27.720123],[84.77469,27.720664],[84.769975,27.722585],[84.761176,27.731232],[84.758339,27.732922],[84.757371,27.73561],[84.751605,27.735296],[84.737373,27.732726],[84.728485,27.727246],[84.725869,27.728951],[84.723463,27.729661],[84.720814,27.728387],[84.717643,27.728137],[84.715065,27.7261],[84.708427,27.727943],[84.704684,27.727161],[84.699976,27.727339],[84.69578,27.724966],[84.692536,27.721199],[84.689104,27.725175],[84.683549,27.726139],[84.680393,27.730421],[84.676025,27.730113],[84.674522,27.730603],[84.673411,27.733386],[84.670911,27.735645],[84.670038,27.737971],[84.674416,27.742803],[84.675195,27.744311],[84.67545,27.747227],[84.679081,27.750205],[84.679502,27.753488],[84.681371,27.758208],[84.681125,27.759409],[84.67935,27.76125],[84.673476,27.763113],[84.668475,27.765842],[84.674641,27.777271],[84.674673,27.778535],[84.672404,27.780312],[84.664886,27.781186],[84.657065,27.781058],[84.652514,27.779616],[84.649558,27.779404],[84.64748,27.784152],[84.637763,27.782942],[84.638688,27.78727],[84.637036,27.794448],[84.640196,27.793377],[84.644564,27.793808],[84.645195,27.795073],[84.645469,27.800006],[84.634942,27.80699],[84.63286,27.807282],[84.631517,27.806566],[84.629299,27.807697],[84.627116,27.80734],[84.623816,27.809401],[84.618201,27.809207],[84.620799,27.812079],[84.621594,27.815288],[84.623572,27.816815],[84.630117,27.818329],[84.631713,27.819506],[84.640751,27.822314],[84.650653,27.822085],[84.653197,27.822673],[84.654365,27.82373],[84.66149,27.822647],[84.665579,27.825231],[84.667336,27.823007],[84.667178,27.819473],[84.667916,27.818465],[84.671016,27.816938],[84.677006,27.815677],[84.678672,27.814027],[84.684511,27.810453],[84.707295,27.806614],[84.708103,27.804861],[84.707844,27.802489],[84.711052,27.800428],[84.713709,27.80041],[84.718631,27.803674],[84.721433,27.801264],[84.727331,27.799847],[84.729393,27.796057],[84.730724,27.795529],[84.732008,27.795692],[84.736907,27.798991],[84.737103,27.801594],[84.73867,27.803993],[84.744449,27.804259],[84.746859,27.805555],[84.751389,27.805237],[84.753731,27.806393],[84.756141,27.808936],[84.756835,27.814442],[84.762525,27.818162],[84.764855,27.818431],[84.768873,27.815551],[84.769369,27.814817],[84.768398,27.811628],[84.772967,27.808577],[84.775311,27.808748],[84.778965,27.812498],[84.782265,27.813797],[84.781819,27.815701],[84.776916,27.818822],[84.773601,27.824124],[84.772999,27.829398],[84.775841,27.835268],[84.77408,27.837273],[84.770556,27.838829],[84.769815,27.842795],[84.767443,27.843715],[84.767922,27.851653],[84.765233,27.85371],[84.765629,27.857246],[84.764977,27.859235],[84.763616,27.860016],[84.759227,27.859316],[84.755916,27.861698],[84.754115,27.865284],[84.754998,27.869257],[84.753287,27.873494],[84.752222,27.875246],[84.746838,27.878515],[84.745837,27.880172],[84.745977,27.881302],[84.748348,27.88375],[84.749124,27.886036],[84.743321,27.888436],[84.7418,27.889748],[84.737401,27.890661],[84.735648,27.892802],[84.737509,27.896971],[84.736297,27.900352],[84.733891,27.904031],[84.733106,27.906977],[84.734982,27.915367],[84.734036,27.917181],[84.733297,27.924669],[84.731893,27.925761],[84.732531,27.927258],[84.736316,27.928472],[84.736295,27.930721],[84.734021,27.931176],[84.733779,27.933092],[84.73926,27.936513],[84.739695,27.943624],[84.740957,27.947333],[84.745451,27.953025],[84.746419,27.955233],[84.745764,27.96002],[84.75709,27.963383],[84.760594,27.967147],[84.769033,27.967222],[84.772124,27.970063],[84.774604,27.971317],[84.775042,27.973047],[84.771344,27.975912],[84.771513,27.977279],[84.775246,27.977012],[84.776776,27.977529],[84.777369,27.979985],[84.778459,27.981321],[84.783949,27.983223],[84.784898,27.986963],[84.787863,27.989276],[84.787951,27.995216],[84.790035,27.997916],[84.796789,27.998068],[84.797667,27.999295],[84.796327,28.001322],[84.797298,28.002293],[84.801413,28.000435],[84.803735,28.000352],[84.809724,28.001889],[84.811212,28.002868],[84.813166,28.009255],[84.810305,28.013238],[84.809428,28.016787],[84.810255,28.018754],[84.812707,28.021235],[84.812984,28.022731],[84.812259,28.025016],[84.813452,28.02836],[84.812499,28.031447],[84.80935,28.034583],[84.809383,28.037913],[84.812013,28.042881],[84.81826,28.047625],[84.818368,28.054245],[84.82053,28.056299],[84.821145,28.058181],[84.820808,28.063074],[84.824279,28.066636],[84.825417,28.070782],[84.827758,28.075057],[84.829248,28.081426],[84.831517,28.084744],[84.831692,28.089492],[84.83715,28.094882],[84.836924,28.09794],[84.837729,28.101128],[84.837032,28.104067],[84.838067,28.106414],[84.842341,28.11064],[84.842015,28.114502],[84.84362,28.116245],[84.84948,28.118463],[84.854575,28.122584],[84.858925,28.119997],[84.859985,28.120928],[84.862214,28.121492],[84.86925,28.120394],[84.872683,28.116648],[84.880878,28.112692],[84.883813,28.109743],[84.885283,28.106812],[84.885264,28.105436],[84.890134,28.102548],[84.892332,28.099895],[84.896861,28.104467],[84.900313,28.106615],[84.902831,28.105344],[84.909217,28.104542],[84.913465,28.102833],[84.915836,28.102593],[84.918018,28.103346],[84.92145,28.106524],[84.920059,28.115235],[84.921758,28.116557],[84.92393,28.120562],[84.92525,28.121419],[84.928699,28.126244],[84.930693,28.125389],[84.935321,28.126551],[84.939079,28.125677],[84.941076,28.124666],[84.94266,28.122503],[84.944873,28.123984],[84.948303,28.124826],[84.951713,28.124139],[84.956795,28.126685],[84.957206,28.130709],[84.9568,28.131968],[84.958366,28.133708],[84.958202,28.136003],[84.954082,28.14342],[84.955218,28.145154],[84.957773,28.147099],[84.957048,28.149387],[84.957127,28.155473],[84.960683,28.159533],[84.960474,28.161942],[84.961792,28.168883],[84.963428,28.172114],[84.96555,28.174433],[84.963952,28.177856],[84.967347,28.184778],[84.973235,28.189052],[84.973736,28.190205],[84.970748,28.194416],[84.970512,28.19904],[84.967413,28.201873],[84.967293,28.204357],[84.962144,28.2121],[84.961963,28.212672],[84.963913,28.215101],[84.964615,28.217289],[84.967136,28.218925],[84.968098,28.221039],[84.970307,28.22336],[84.976944,28.226647],[84.979364,28.22935],[84.982442,28.234433],[84.984751,28.235797],[84.989485,28.242811],[84.991487,28.24463],[84.993997,28.243892],[84.997664,28.240396],[84.99855,28.24117],[84.999012,28.244397],[85.002573,28.248003],[85.000536,28.251584],[85.00163,28.253178],[85.003776,28.254092],[85.004816,28.255241],[85.010873,28.256054],[85.021285,28.260238],[85.026824,28.261446],[85.027826,28.26233],[85.027603,28.26343],[85.028698,28.267106],[85.031119,28.272826],[85.031707,28.279188],[85.033911,28.282907],[85.034973,28.287309],[85.037153,28.289526],[85.037875,28.291815],[85.036964,28.29542],[85.033857,28.299529],[85.032601,28.302768],[85.033127,28.303784],[85.034451,28.304419],[85.0346,28.305645],[85.041089,28.311791],[85.042534,28.315317],[85.042017,28.317678],[85.042717,28.319629],[85.044877,28.321917],[85.04654,28.325792],[85.050024,28.325907],[85.052875,28.326938],[85.065938,28.337491],[85.067253,28.339209],[85.071043,28.340607],[85.080431,28.345807],[85.08406,28.345567],[85.08825,28.346296],[85.092881,28.344596],[85.103001,28.345489],[85.107837,28.346528],[85.108324,28.345335],[85.120655,28.335695]]]}},
{"type":"Feature","properties":{"adm2_name":"Makwanpur","adm2_pcode":"NP0331","adm1_name":"Bagmati","adm1_pcode":"NP03"},"geometry":{"type":"Polygon","coordinates":[[[85.099921,27.708898],[85.101285,27.706061],[85.103167,27.70409],[85.110026,27.700804],[85.115345,27.69631],[85.117665,27.69272],[85.120136,27.683505],[85.122291,27.683282],[85.128616,27.680981],[85.131097,27.680952],[85.134081,27.6749],[85.138541,27.673868],[85.141428,27.671282],[85.147356,27.670461],[85.149653,27.669526],[85.152239,27.671436],[85.156384,27.672791],[85.16165,27.670669],[85.17317,27.679341],[85.175253,27.680045],[85.188402,27.681395],[85.190054,27.677564],[85.197746,27.672336],[85.203107,27.670018],[85.20521,27.666162],[85.209948,27.664832],[85.21298,27.660626],[85.219963,27.656752],[85.221369,27.654416],[85.222773,27.654069],[85.226148,27.654962],[85.227725,27.654563],[85.231252,27.652185],[85.23304,27.649803],[85.232446,27.648296],[85.231146,27.647496],[85.230945,27.645788],[85.227537,27.642599],[85.226223,27.64021],[85.225362,27.63638],[85.222374,27.631424],[85.221772,27.628825],[85.222541,27.626129],[85.224683,27.624601],[85.227572,27.625101],[85.231321,27.623288],[85.232207,27.621507],[85.235423,27.619944],[85.236645,27.617149],[85.237584,27.614109],[85.23701,27.611438],[85.238074,27.6079],[85.237392,27.601718],[85.241405,27.59826],[85.242877,27.594606],[85.241275,27.592114],[85.23973,27.591299],[85.239104,27.589852],[85.238647,27.584241],[85.239633,27.581047],[85.242519,27.578093],[85.251541,27.578113],[85.25292,27.578857],[85.255995,27.577714],[85.259655,27.577262],[85.260706,27.573798],[85.262944,27.570807],[85.261005,27.569958],[85.257937,27.571473],[85.253432,27.568741],[85.251696,27.565708],[85.250069,27.564173],[85.250734,27.560761],[85.248178,27.55818],[85.247201,27.554889],[85.245954,27.553118],[85.247224,27.551087],[85.246857,27.550325],[85.244244,27.54803],[85.239617,27.547918],[85.231449,27.537137],[85.237906,27.532964],[85.240425,27.53351],[85.244687,27.53266],[85.245728,27.531706],[85.245566,27.52854],[85.250235,27.528646],[85.251033,27.528118],[85.250366,27.521383],[85.248246,27.520071],[85.243076,27.519375],[85.240638,27.517608],[85.240227,27.516312],[85.2413,27.512515],[85.236965,27.510846],[85.233892,27.504886],[85.237096,27.500201],[85.238935,27.499738],[85.239802,27.500429],[85.24204,27.500405],[85.243949,27.497741],[85.247647,27.496526],[85.246992,27.490784],[85.244289,27.486776],[85.247501,27.483138],[85.246848,27.479223],[85.247371,27.476488],[85.253375,27.472617],[85.254559,27.470587],[85.257045,27.468598],[85.257223,27.467752],[85.256017,27.465658],[85.258389,27.461926],[85.257984,27.459227],[85.258672,27.458257],[85.263414,27.454925],[85.268053,27.452961],[85.27247,27.454342],[85.281528,27.451357],[85.289994,27.451787],[85.29266,27.452484],[85.294795,27.452171],[85.297023,27.450932],[85.301744,27.446266],[85.305411,27.445356],[85.310369,27.446216],[85.313195,27.444854],[85.316057,27.440843],[85.314448,27.43804],[85.314808,27.436652],[85.315736,27.436007],[85.318988,27.436236],[85.325266,27.438364],[85.329067,27.438184],[85.332846,27.436041],[85.333885,27.433375],[85.335223,27.431973],[85.340371,27.43292],[85.344259,27.431216],[85.34735,27.428492],[85.348209,27.430208],[85.349676,27.431245],[85.35321,27.429419],[85.357189,27.428758],[85.364661,27.425179],[85.368657,27.424269],[85.369193,27.423131],[85.368814,27.4221],[85.371414,27.419326],[85.377455,27.417936],[85.379183,27.415739],[85.383776,27.413341],[85.384454,27.41145],[85.383633,27.408828],[85.38476,27.407964],[85.388767,27.408107],[85.392747,27.41061],[85.394678,27.411123],[85.39642,27.409386],[85.39741,27.404759],[85.398701,27.404204],[85.404905,27.405518],[85.405339,27.40518],[85.405037,27.403353],[85.405815,27.402964],[85.407002,27.403367],[85.407482,27.404892],[85.409369,27.406515],[85.41125,27.406451],[85.41421,27.404873],[85.415048,27.407669],[85.417872,27.408543],[85.419267,27.407245],[85.419043,27.403789],[85.419838,27.402576],[85.422486,27.404674],[85.42736,27.405603],[85.427611,27.40787],[85.429339,27.410048],[85.432328,27.410197],[85.433667,27.407535],[85.432355,27.404943],[85.432539,27.403355],[85.442326,27.402397],[85.446627,27.397058],[85.446097,27.393833],[85.447217,27.391403],[85.447002,27.389427],[85.447976,27.387837],[85.44901,27.387454],[85.450261,27.387917],[85.45328,27.392664],[85.455277,27.394254],[85.458895,27.394893],[85.460797,27.39079],[85.461119,27.387655],[85.462436,27.385974],[85.463532,27.38567],[85.466767,27.388234],[85.468614,27.388763],[85.469646,27.388421],[85.470481,27.385134],[85.472404,27.382939],[85.473483,27.377078],[85.474859,27.376592],[85.477241,27.378071],[85.478299,27.377463],[85.478819,27.375984],[85.477359,27.373906],[85.472022,27.372338],[85.472655,27.366825],[85.467038,27.358117],[85.461937,27.355123],[85.454171,27.354728],[85.44778,27.350364],[85.446688,27.348275],[85.447637,27.340863],[85.446182,27.336612],[85.438681,27.336527],[85.431535,27.333208],[85.425144,27.332578],[85.421871,27.328794],[85.419931,27.325428],[85.419257,27.322574],[85.418045,27.321086],[85.421365,27.317037],[85.422089,27.31518],[85.424119,27.304258],[85.42663,27.302069],[85.431484,27.300731],[85.431565,27.29706],[85.430289,27.294309],[85.43043,27.292036],[85.433118,27.287603],[85.437145,27.284087],[85.439912,27.283131],[85.443252,27.284945],[85.448011,27.284485],[85.450205,27.283402],[85.452298,27.28079],[85.456173,27.281226],[85.459845,27.2798],[85.462861,27.276908],[85.466601,27.275351],[85.468364,27.272918],[85.469572,27.272511],[85.47203,27.269679],[85.473559,27.269205],[85.475756,27.269876],[85.478173,27.269645],[85.480481,27.268134],[85.482551,27.26342],[85.482653,27.258914],[85.485333,27.25374],[85.488606,27.250084],[85.48862,27.24716],[85.487066,27.239565],[85.487188,27.237714],[85.488452,27.236387],[85.487163,27.229193],[85.487963,27.220301],[85.496357,27.220762],[85.501523,27.223163],[85.502907,27.22284],[85.504013,27.221627],[85.504348,27.218815],[85.502331,27.215168],[85.501314,27.211579],[85.501336,27.208121],[85.505265,27.202911],[85.50846,27.20121],[85.510282,27.197985],[85.503718,27.193983],[85.497621,27.19533],[85.49402,27.197699],[85.490072,27.198585],[85.488286,27.198137],[85.486978,27.192786],[85.490961,27.189475],[85.492341,27.187062],[85.488027,27.183562],[85.485491,27.182964],[85.482361,27.184003],[85.480357,27.180514],[85.482201,27.178495],[85.482595,27.175716],[85.483547,27.175384],[85.487596,27.176151],[85.489807,27.171426],[85.491551,27.17145],[85.495068,27.173603],[85.493939,27.169848],[85.488934,27.165845],[85.486086,27.164341],[85.484819,27.164445],[85.481941,27.163297],[85.474155,27.162657],[85.472462,27.161777],[85.469298,27.162566],[85.466608,27.166116],[85.456027,27.166511],[85.455354,27.167959],[85.452431,27.168824],[85.452159,27.173659],[85.453237,27.177659],[85.451406,27.179627],[85.449367,27.180384],[85.450055,27.183621],[85.447987,27.186713],[85.443778,27.18741],[85.441656,27.186814],[85.436451,27.187271],[85.433572,27.190362],[85.428499,27.191373],[85.426515,27.193031],[85.424176,27.192881],[85.421895,27.191163],[85.418163,27.190059],[85.415821,27.191359],[85.413042,27.194706],[85.409163,27.196927],[85.405658,27.19702],[85.403398,27.196305],[85.398708,27.196697],[85.397168,27.197599],[85.396192,27.199439],[85.39707,27.206363],[85.393369,27.210348],[85.391503,27.208855],[85.389198,27.209642],[85.387061,27.207947],[85.385047,27.207355],[85.382496,27.207947],[85.376476,27.212026],[85.372699,27.209976],[85.369261,27.211912],[85.362441,27.212703],[85.359534,27.21073],[85.358351,27.213234],[85.356657,27.213133],[85.353607,27.215714],[85.348632,27.222109],[85.341887,27.220932],[85.338889,27.219544],[85.337492,27.219749],[85.332699,27.22294],[85.330603,27.222962],[85.323082,27.225332],[85.320844,27.226691],[85.317295,27.22716],[85.312197,27.230479],[85.309756,27.230441],[85.307278,27.231764],[85.303922,27.229855],[85.292911,27.232849],[85.288627,27.231075],[85.280515,27.231147],[85.280007,27.229022],[85.27942,27.228703],[85.274111,27.229574],[85.271832,27.229216],[85.269615,27.228397],[85.268453,27.226641],[85.26726,27.22621],[85.263732,27.227083],[85.261796,27.226584],[85.260383,27.227192],[85.259974,27.228243],[85.257677,27.229148],[85.256833,27.231075],[85.257978,27.23414],[85.253288,27.238191],[85.251521,27.242548],[85.251404,27.244906],[85.248922,27.246332],[85.24545,27.246527],[85.242334,27.248723],[85.238838,27.248526],[85.236557,27.247615],[85.232638,27.244967],[85.231681,27.243324],[85.224597,27.245423],[85.219812,27.243955],[85.217103,27.244615],[85.215079,27.24674],[85.209486,27.245157],[85.208286,27.245319],[85.207056,27.24653],[85.206623,27.248273],[85.202337,27.25018],[85.199482,27.249142],[85.197801,27.245989],[85.192785,27.245019],[85.179026,27.248386],[85.177188,27.24957],[85.179818,27.252089],[85.180843,27.254514],[85.174928,27.253578],[85.170834,27.254716],[85.167586,27.260119],[85.164794,27.260431],[85.161325,27.262026],[85.157448,27.261625],[85.155878,27.262064],[85.154739,27.263948],[85.151678,27.265682],[85.150954,27.268542],[85.147883,27.270259],[85.145162,27.272901],[85.144111,27.280014],[85.144666,27.282913],[85.141946,27.285031],[85.139262,27.285592],[85.136632,27.290164],[85.131689,27.292084],[85.127518,27.292262],[85.126278,27.292842],[85.127003,27.295551],[85.125417,27.301071],[85.120763,27.302101],[85.120487,27.305963],[85.118941,27.3092],[85.118903,27.314321],[85.117042,27.317409],[85.114703,27.318441],[85.109798,27.318304],[85.105971,27.318925],[85.103959,27.31999],[85.103114,27.323239],[85.100067,27.325824],[85.098756,27.328569],[85.094784,27.332399],[85.091975,27.340126],[85.091844,27.342175],[85.092976,27.343437],[85.092981,27.348551],[85.09219,27.35235],[85.090514,27.353324],[85.091223,27.356518],[85.08795,27.358139],[85.087873,27.35952],[85.086945,27.360854],[85.084999,27.361665],[85.0707,27.364339],[85.069306,27.36425],[85.069601,27.36242],[85.068117,27.362084],[85.067199,27.360341],[85.065377,27.362561],[85.06136,27.360374],[85.059639,27.361362],[85.05995,27.363281],[85.056059,27.365599],[85.053363,27.364726],[85.052259,27.36313],[85.050335,27.363361],[85.048186,27.361701],[85.046347,27.362256],[85.044664,27.361553],[85.042925,27.359019],[85.039868,27.35927],[85.036371,27.357326],[85.033206,27.358737],[85.032817,27.360089],[85.031836,27.360482],[85.030563,27.360343],[85.029183,27.359275],[85.024446,27.358628],[85.020843,27.356667],[85.021986,27.35373],[85.021379,27.352024],[85.013087,27.355331],[85.009801,27.354432],[85.008364,27.354652],[85.003861,27.352794],[85.003055,27.354305],[85.000801,27.3557],[85.001164,27.358625],[85.000095,27.360774],[85.000524,27.362023],[84.998763,27.365515],[84.997358,27.364677],[84.995795,27.365667],[84.994707,27.365415],[84.99324,27.363747],[84.990231,27.363376],[84.988209,27.361633],[84.98526,27.36233],[84.981417,27.36213],[84.979862,27.361303],[84.978502,27.359522],[84.977484,27.357801],[84.977341,27.35606],[84.975483,27.356285],[84.971796,27.355072],[84.969743,27.356365],[84.967393,27.356876],[84.965465,27.358496],[84.964605,27.360155],[84.964784,27.363022],[84.964077,27.363631],[84.956651,27.359104],[84.95551,27.360974],[84.953668,27.361406],[84.956289,27.363441],[84.956179,27.364184],[84.954266,27.366298],[84.951674,27.366936],[84.95029,27.365594],[84.949299,27.362248],[84.944837,27.360166],[84.944535,27.360814],[84.945319,27.362365],[84.94311,27.363463],[84.941958,27.362866],[84.940865,27.363131],[84.940768,27.365708],[84.937045,27.365654],[84.935758,27.366432],[84.933284,27.364551],[84.93084,27.365705],[84.928791,27.364608],[84.926119,27.364157],[84.921615,27.370594],[84.918981,27.37106],[84.916984,27.372542],[84.914034,27.37274],[84.911697,27.37512],[84.910576,27.37526],[84.908341,27.377188],[84.905918,27.377181],[84.902344,27.374628],[84.900702,27.374909],[84.897707,27.379217],[84.897692,27.382031],[84.896584,27.385445],[84.893563,27.387251],[84.891204,27.387226],[84.889774,27.389259],[84.881734,27.388001],[84.878413,27.393191],[84.87792,27.395062],[84.878651,27.396046],[84.876611,27.397593],[84.872573,27.398171],[84.871394,27.399212],[84.867993,27.397455],[84.863981,27.396925],[84.862613,27.397847],[84.860749,27.397482],[84.858161,27.398547],[84.851777,27.398498],[84.850326,27.40264],[84.85125,27.403846],[84.850982,27.404335],[84.848826,27.40625],[84.847509,27.408548],[84.845494,27.409132],[84.844167,27.411847],[84.84076,27.411978],[84.840916,27.41408],[84.840282,27.414734],[84.837592,27.41431],[84.836158,27.416241],[84.834704,27.416531],[84.833588,27.417671],[84.829648,27.416207],[84.825159,27.419546],[84.822425,27.418915],[84.819275,27.419418],[84.815554,27.418991],[84.813143,27.41676],[84.810009,27.41591],[84.808509,27.423671],[84.809126,27.424448],[84.806076,27.425928],[84.801298,27.429662],[84.799749,27.430086],[84.799247,27.43124],[84.797306,27.432688],[84.797529,27.434603],[84.797064,27.435203],[84.790827,27.437682],[84.786099,27.436795],[84.784354,27.43523],[84.779929,27.435018],[84.779359,27.436305],[84.775082,27.437586],[84.774325,27.438754],[84.772888,27.43832],[84.770167,27.438833],[84.768948,27.438272],[84.768238,27.437014],[84.765166,27.437938],[84.761215,27.43678],[84.758212,27.437514],[84.755198,27.435651],[84.751767,27.437158],[84.748663,27.43768],[84.743205,27.441999],[84.741672,27.441993],[84.739337,27.440413],[84.738299,27.441032],[84.738011,27.442293],[84.734389,27.442039],[84.734578,27.444192],[84.728867,27.443821],[84.725956,27.44461],[84.725162,27.443872],[84.724609,27.441379],[84.720693,27.437668],[84.72063,27.435664],[84.718863,27.433747],[84.71931,27.431549],[84.718816,27.431188],[84.714812,27.431638],[84.713199,27.432472],[84.709438,27.431582],[84.708423,27.432467],[84.704802,27.43295],[84.700634,27.43189],[84.689806,27.4324],[84.685619,27.431604],[84.683902,27.430394],[84.677751,27.429345],[84.664668,27.429447],[84.666418,27.43526],[84.66602,27.436579],[84.666673,27.438198],[84.666064,27.439959],[84.667656,27.444626],[84.674682,27.446339],[84.678204,27.448569],[84.680919,27.448477],[84.681191,27.450709],[84.682708,27.450487],[84.685852,27.453714],[84.685233,27.456946],[84.688893,27.457476],[84.691903,27.459422],[84.690754,27.46225],[84.686793,27.461703],[84.685989,27.46268],[84.690987,27.466441],[84.693021,27.468867],[84.692417,27.470547],[84.690674,27.47174],[84.690749,27.472845],[84.696676,27.475343],[84.694368,27.477721],[84.695569,27.480285],[84.692328,27.485815],[84.693172,27.491152],[84.691087,27.496435],[84.688507,27.501021],[84.681691,27.509012],[84.680556,27.51326],[84.68101,27.518232],[84.678812,27.525431],[84.679847,27.52958],[84.68192,27.533178],[84.681234,27.53691],[84.683193,27.544457],[84.68173,27.5458],[84.681004,27.547538],[84.681134,27.549298],[84.679884,27.551504],[84.681222,27.552751],[84.681444,27.554188],[84.684234,27.555467],[84.687765,27.562443],[84.690378,27.563985],[84.694823,27.563067],[84.696559,27.561041],[84.703052,27.558448],[84.707179,27.560115],[84.709657,27.561938],[84.711819,27.564443],[84.715011,27.566798],[84.72222,27.575431],[84.728661,27.579569],[84.730847,27.581997],[84.733347,27.587913],[84.73315,27.590116],[84.734005,27.591124],[84.732975,27.596355],[84.735298,27.597679],[84.738187,27.603541],[84.736068,27.604698],[84.736292,27.606242],[84.735317,27.607917],[84.735419,27.611136],[84.733812,27.612325],[84.73482,27.616123],[84.733967,27.616987],[84.731485,27.617059],[84.730727,27.620407],[84.731895,27.622756],[84.731544,27.624143],[84.729902,27.625474],[84.726689,27.626441],[84.722863,27.626332],[84.72325,27.629008],[84.722654,27.631522],[84.718982,27.633649],[84.717244,27.637374],[84.717782,27.63967],[84.720875,27.643302],[84.721644,27.646154],[84.723306,27.646931],[84.729899,27.646296],[84.729824,27.647689],[84.727326,27.649827],[84.731086,27.653273],[84.731472,27.655854],[84.735593,27.656879],[84.737568,27.655939],[84.739702,27.656415],[84.745738,27.655607],[84.746055,27.653071],[84.74272,27.650143],[84.743896,27.647233],[84.747387,27.649339],[84.748955,27.64899],[84.752243,27.649769],[84.751991,27.65118],[84.75351,27.652341],[84.753154,27.65398],[84.753747,27.654471],[84.759433,27.6538],[84.762764,27.655663],[84.764781,27.655593],[84.7671,27.65651],[84.769201,27.659492],[84.76924,27.660943],[84.770415,27.661893],[84.769989,27.663849],[84.770721,27.666453],[84.769872,27.668019],[84.775214,27.668305],[84.776493,27.670098],[84.77977,27.67158],[84.781149,27.673849],[84.781967,27.677583],[84.783309,27.680107],[84.786039,27.682774],[84.788634,27.683677],[84.792074,27.686886],[84.795242,27.685916],[84.797036,27.683428],[84.796821,27.679296],[84.79747,27.674737],[84.798599,27.672111],[84.799999,27.671366],[84.80091,27.673086],[84.806484,27.675542],[84.808516,27.678883],[84.812366,27.67986],[84.81471,27.682231],[84.81775,27.682766],[84.819455,27.685317],[84.822743,27.6868],[84.823315,27.68847],[84.826015,27.68993],[84.827814,27.692006],[84.829265,27.69241],[84.832174,27.691265],[84.836805,27.690736],[84.846076,27.687219],[84.850508,27.686524],[84.858908,27.68286],[84.863367,27.68022],[84.865623,27.679754],[84.871418,27.675986],[84.875764,27.670745],[84.879735,27.668705],[84.882097,27.669965],[84.883855,27.672056],[84.885635,27.672659],[84.887559,27.674686],[84.891766,27.682109],[84.896309,27.686679],[84.897106,27.688984],[84.898865,27.690638],[84.900233,27.694176],[84.907145,27.69851],[84.908219,27.698476],[84.914912,27.69498],[84.91946,27.694097],[84.921063,27.691514],[84.921306,27.689491],[84.922312,27.688627],[84.924813,27.688412],[84.929312,27.686694],[84.933862,27.687221],[84.937259,27.686176],[84.944498,27.686925],[84.948903,27.683942],[84.951383,27.683413],[84.958493,27.686083],[84.958562,27.689029],[84.96184,27.689597],[84.964627,27.691231],[84.966945,27.6911],[84.971664,27.692509],[84.973531,27.693971],[84.975684,27.694676],[84.976396,27.695526],[84.976772,27.700139],[84.978991,27.702706],[84.982447,27.703801],[84.98485,27.703353],[84.986797,27.704417],[84.988857,27.704274],[84.989005,27.706626],[84.990026,27.707801],[85.002513,27.705672],[85.005994,27.706037],[85.0107,27.707665],[85.013376,27.707282],[85.01698,27.704321],[85.022187,27.703714],[85.023694,27.701546],[85.028492,27.700089],[85.030686,27.697684],[85.032426,27.698099],[85.032799,27.700086],[85.034878,27.701233],[85.034325,27.703254],[85.03683,27.702267],[85.0385,27.702747],[85.038487,27.70572],[85.041794,27.702289],[85.041475,27.697508],[85.040188,27.694035],[85.041094,27.69174],[85.042551,27.690136],[85.052345,27.699373],[85.053977,27.699859],[85.057884,27.697102],[85.057317,27.695283],[85.05815,27.694557],[85.061003,27.694479],[85.064668,27.69679],[85.064578,27.699232],[85.065896,27.701679],[85.065626,27.703204],[85.069668,27.703622],[85.076004,27.709041],[85.078092,27.708619],[85.078651,27.707103],[85.080384,27.706539],[85.083304,27.70708],[85.087242,27.711611],[85.088366,27.712191],[85.094807,27.711211],[85.099921,27.708898]]]}},
{"type":"Feature","properties":{"adm2_name":"Chitawan","adm2_pcode":"NP0335","adm1_name":"Bagmati","adm1_pcode":"NP03"},"geometry":{"type":"Polygon","coordinates":[[[84.626719,27.878103],[84.627482,27.874943],[84.626616,27.873539],[84.62751,27.872014],[84.629196,27.870513],[84.63369,27.868825],[84.633615,27.863235],[84.634666,27.860909],[84.635852,27.860016],[84.638042,27.859648],[84.645511,27.860621],[84.64938,27.859405],[84.649755,27.85826],[84.646764,27.855059],[84.646862,27.853682],[84.649015,27.852625],[84.655146,27.852305],[84.658607,27.85103],[84.660598,27.848938],[84.661465,27.845574],[84.663869,27.840518],[84.66316,27.83607],[84.66084,27.829958],[84.661174,27.828661],[84.665579,27.825231],[84.663281,27.823573],[84.661041,27.822604],[84.654622,27.823734],[84.652877,27.822539],[84.650653,27.822085],[84.641457,27.822412],[84.632738,27.819876],[84.630117,27.818329],[84.623251,27.816697],[84.621594,27.815288],[84.620799,27.812079],[84.618201,27.809207],[84.623816,27.809401],[84.627116,27.80734],[84.629299,27.807697],[84.631517,27.806566],[84.63286,27.807282],[84.634942,27.80699],[84.645469,27.800006],[84.645195,27.795073],[84.644564,27.793808],[84.640196,27.793377],[84.637036,27.794448],[84.638688,27.78727],[84.637763,27.782942],[84.64748,27.784152],[84.649558,27.779404],[84.652514,27.779616],[84.657065,27.781058],[84.664886,27.781186],[84.672404,27.780312],[84.674673,27.778535],[84.674641,27.777271],[84.668475,27.765842],[84.673476,27.763113],[84.67935,27.76125],[84.681125,27.759409],[84.681371,27.758208],[84.679502,27.753488],[84.679081,27.750205],[84.67545,27.747227],[84.675195,27.744311],[84.674416,27.742803],[84.670038,27.737971],[84.670911,27.735645],[84.673411,27.733386],[84.674522,27.730603],[84.676025,27.730113],[84.680393,27.730421],[84.683549,27.726139],[84.689104,27.725175],[84.692536,27.721199],[84.69578,27.724966],[84.699976,27.727339],[84.704684,27.727161],[84.708427,27.727943],[84.715065,27.7261],[84.717643,27.728137],[84.720814,27.728387],[84.723463,27.729661],[84.725869,27.728951],[84.728485,27.727246],[84.737373,27.732726],[84.751605,27.735296],[84.757371,27.73561],[84.758339,27.732922],[84.761176,27.731232],[84.769975,27.722585],[84.77469,27.720664],[84.778608,27.720123],[84.782618,27.717677],[84.78726,27.716124],[84.790897,27.711985],[84.795132,27.710138],[84.796554,27.708668],[84.796032,27.706056],[84.793673,27.702679],[84.791981,27.697242],[84.790654,27.695018],[84.785957,27.6919],[84.788335,27.68915],[84.792007,27.686731],[84.788634,27.683677],[84.786039,27.682774],[84.783309,27.680107],[84.781967,27.677583],[84.781149,27.673849],[84.77977,27.67158],[84.776493,27.670098],[84.775214,27.668305],[84.769872,27.668019],[84.770721,27.666453],[84.769989,27.663849],[84.770415,27.661893],[84.76924,27.660943],[84.769201,27.659492],[84.767427,27.656693],[84.764781,27.655593],[84.762764,27.655663],[84.759433,27.6538],[84.753747,27.654471],[84.753154,27.65398],[84.75351,27.652341],[84.751991,27.65118],[84.752243,27.649769],[84.748955,27.64899],[84.747387,27.649339],[84.743896,27.647233],[84.74272,27.650143],[84.746055,27.653071],[84.745738,27.655607],[84.739702,27.656415],[84.737568,27.655939],[84.735593,27.656879],[84.731472,27.655854],[84.731086,27.653273],[84.727326,27.649827],[84.729824,27.647689],[84.729899,27.646296],[84.722388,27.646676],[84.721177,27.645654],[84.720875,27.643302],[84.717529,27.639152],[84.717244,27.637374],[84.718572,27.634179],[84.722244,27.631996],[84.722958,27.630894],[84.722734,27.626466],[84.727781,27.626162],[84.731544,27.624143],[84.731895,27.622756],[84.730727,27.620407],[84.731485,27.617059],[84.733967,27.616987],[84.73482,27.616123],[84.733812,27.612325],[84.735419,27.611136],[84.735317,27.607917],[84.736292,27.606242],[84.736068,27.604698],[84.738187,27.603541],[84.735298,27.597679],[84.732975,27.596355],[84.734005,27.591124],[84.73315,27.590116],[84.733347,27.587913],[84.730847,27.581997],[84.728661,27.579569],[84.72222,27.575431],[84.715011,27.566798],[84.711819,27.564443],[84.709657,27.561938],[84.707179,27.560115],[84.703052,27.558448],[84.696559,27.561041],[84.694823,27.563067],[84.690378,27.563985],[84.687765,27.562443],[84.684234,27.555467],[84.681444,27.554188],[84.681222,27.552751],[84.679884,27.551504],[84.681134,27.549298],[84.681004,27.547538],[84.68173,27.5458],[84.683193,27.544457],[84.681234,27.53691],[84.68192,27.533178],[84.679847,27.52958],[84.678812,27.525431],[84.68101,27.518232],[84.680556,27.51326],[84.681691,27.509012],[84.688507,27.501021],[84.691087,27.496435],[84.693172,27.491152],[84.692328,27.485815],[84.695569,27.480285],[84.694368,27.477721],[84.696676,27.475343],[84.690749,27.472845],[84.690674,27.47174],[84.692417,27.470547],[84.693021,27.468867],[84.690987,27.466441],[84.685989,27.46268],[84.686793,27.461703],[84.690754,27.46225],[84.691903,27.459422],[84.688893,27.457476],[84.685233,27.456946],[84.685852,27.453714],[84.682708,27.450487],[84.681191,27.450709],[84.680919,27.448477],[84.678204,27.448569],[84.674682,27.446339],[84.667656,27.444626],[84.666064,27.439959],[84.666673,27.438198],[84.66602,27.436579],[84.666418,27.43526],[84.664668,27.429447],[84.662643,27.429669],[84.662673,27.431139],[84.661618,27.432961],[84.658518,27.432008],[84.656324,27.432613],[84.650607,27.42973],[84.64665,27.429225],[84.645324,27.434366],[84.643396,27.436555],[84.642862,27.442838],[84.641482,27.443993],[84.640371,27.443655],[84.639629,27.444462],[84.638472,27.443763],[84.634824,27.444401],[84.630582,27.448513],[84.628962,27.449039],[84.628164,27.4508],[84.622745,27.449712],[84.621915,27.450336],[84.621665,27.451897],[84.620274,27.451079],[84.609912,27.451976],[84.60671,27.454248],[84.60322,27.453113],[84.601156,27.451073],[84.597259,27.454388],[84.594921,27.454434],[84.590938,27.453176],[84.587145,27.454409],[84.584654,27.456416],[84.582319,27.456423],[84.582461,27.454778],[84.581782,27.454316],[84.57574,27.453906],[84.57465,27.455702],[84.573398,27.45619],[84.572968,27.458784],[84.567715,27.460464],[84.566507,27.462364],[84.565151,27.463085],[84.561536,27.462959],[84.558466,27.4604],[84.557669,27.458805],[84.558216,27.455083],[84.556482,27.451139],[84.556464,27.449889],[84.557393,27.448953],[84.555918,27.441773],[84.553996,27.439615],[84.552506,27.439002],[84.551191,27.43713],[84.550729,27.432662],[84.549816,27.429967],[84.547701,27.426686],[84.54824,27.417954],[84.543318,27.417895],[84.541604,27.419429],[84.538663,27.418308],[84.536572,27.415331],[84.532369,27.414347],[84.534247,27.412321],[84.539145,27.411638],[84.541648,27.410252],[84.544845,27.409917],[84.546119,27.408146],[84.546772,27.404598],[84.545757,27.403765],[84.537341,27.403766],[84.535706,27.403342],[84.534612,27.401724],[84.534417,27.398177],[84.535422,27.392395],[84.539354,27.387585],[84.539551,27.385843],[84.538331,27.385098],[84.532374,27.383925],[84.530337,27.380977],[84.524042,27.383305],[84.519756,27.384014],[84.511544,27.382528],[84.509845,27.380724],[84.503965,27.381102],[84.502436,27.379925],[84.502297,27.377394],[84.501605,27.376517],[84.495227,27.376619],[84.493721,27.375279],[84.493554,27.373942],[84.492516,27.372867],[84.487688,27.371347],[84.487336,27.369334],[84.483773,27.366065],[84.485774,27.358513],[84.481959,27.360487],[84.475864,27.362451],[84.472855,27.358431],[84.472454,27.355901],[84.470729,27.354966],[84.466135,27.356638],[84.465973,27.357895],[84.464643,27.359716],[84.46175,27.359326],[84.460179,27.36057],[84.458613,27.360821],[84.457639,27.362097],[84.446341,27.36372],[84.44457,27.365113],[84.443773,27.368588],[84.441079,27.370187],[84.435215,27.369522],[84.430596,27.371136],[84.427994,27.370848],[84.424137,27.371963],[84.422353,27.371502],[84.420237,27.369852],[84.417824,27.369701],[84.415613,27.370816],[84.413924,27.37076],[84.41026,27.368487],[84.405971,27.370363],[84.400432,27.370172],[84.398697,27.369428],[84.396938,27.370347],[84.391731,27.368155],[84.387508,27.372323],[84.372736,27.376616],[84.371587,27.375249],[84.356033,27.373429],[84.347957,27.374164],[84.337704,27.377804],[84.334625,27.377141],[84.332484,27.377379],[84.330593,27.379263],[84.328533,27.380211],[84.323907,27.380366],[84.322168,27.381507],[84.317433,27.382121],[84.313671,27.3852],[84.310473,27.386717],[84.304558,27.38786],[84.300456,27.390405],[84.297552,27.388809],[84.294769,27.384404],[84.291748,27.384927],[84.288779,27.387686],[84.287053,27.390413],[84.285228,27.391475],[84.284377,27.394606],[84.282377,27.396508],[84.276302,27.395626],[84.275439,27.401048],[84.277228,27.402831],[84.279048,27.406659],[84.277469,27.409749],[84.278225,27.412502],[84.278059,27.415634],[84.273481,27.421318],[84.272227,27.425811],[84.272504,27.428798],[84.267922,27.431652],[84.265931,27.434438],[84.261812,27.435474],[84.258554,27.438736],[84.258129,27.441106],[84.259432,27.444346],[84.259378,27.445799],[84.25464,27.449362],[84.254148,27.452057],[84.250539,27.453442],[84.246022,27.453046],[84.24402,27.45467],[84.239064,27.452505],[84.236764,27.453665],[84.235074,27.45376],[84.231582,27.456282],[84.226898,27.451027],[84.223934,27.450369],[84.220824,27.44763],[84.220882,27.44275],[84.219435,27.44039],[84.216408,27.441522],[84.212436,27.441215],[84.208445,27.442584],[84.206517,27.446587],[84.208216,27.452898],[84.20726,27.454203],[84.207685,27.456267],[84.203779,27.459572],[84.208739,27.465345],[84.205716,27.469659],[84.201582,27.470692],[84.199494,27.472087],[84.196927,27.472407],[84.195737,27.471919],[84.194376,27.473245],[84.191024,27.469224],[84.18862,27.472089],[84.18398,27.472454],[84.179809,27.474749],[84.17875,27.4739],[84.175973,27.473802],[84.173648,27.475407],[84.171465,27.475676],[84.170999,27.479088],[84.167425,27.479632],[84.167058,27.481805],[84.16353,27.483799],[84.159734,27.484569],[84.157627,27.483614],[84.155652,27.484228],[84.153601,27.48402],[84.151823,27.486028],[84.148808,27.485925],[84.14873,27.488996],[84.145305,27.492861],[84.146131,27.495482],[84.144317,27.496898],[84.149843,27.500909],[84.148241,27.503011],[84.149305,27.50433],[84.148593,27.505757],[84.14951,27.50694],[84.149185,27.50933],[84.151178,27.510165],[84.149785,27.512481],[84.150995,27.516426],[84.147147,27.517254],[84.145705,27.518803],[84.143601,27.517086],[84.14151,27.517937],[84.138224,27.51762],[84.136908,27.516107],[84.134628,27.514636],[84.133595,27.514964],[84.131501,27.512786],[84.129723,27.511899],[84.129139,27.512236],[84.124075,27.511049],[84.117424,27.513665],[84.117246,27.51788],[84.116549,27.519255],[84.113757,27.51928],[84.112559,27.520052],[84.11081,27.519411],[84.108541,27.521732],[84.105053,27.520814],[84.100708,27.517738],[84.09775,27.517212],[84.09754,27.515517],[84.098904,27.513535],[84.099647,27.510399],[84.098426,27.508073],[84.098622,27.505573],[84.097094,27.50501],[84.098599,27.502504],[84.098025,27.501905],[84.097487,27.497149],[84.095361,27.489576],[84.093615,27.488627],[84.091326,27.488843],[84.090774,27.48836],[84.09079,27.486084],[84.089549,27.486285],[84.083928,27.483243],[84.082392,27.482946],[84.080181,27.484044],[84.078039,27.484031],[84.076828,27.482762],[84.074753,27.482445],[84.074228,27.481026],[84.072712,27.480501],[84.071555,27.480589],[84.071376,27.481623],[84.070647,27.481734],[84.068951,27.479352],[84.068096,27.476245],[84.068331,27.473416],[84.067162,27.472261],[84.066582,27.469635],[84.061977,27.46693],[84.062075,27.465208],[84.060686,27.461966],[84.058932,27.461843],[84.058423,27.461207],[84.059214,27.458438],[84.061519,27.456979],[84.061657,27.455892],[84.060855,27.454665],[84.058317,27.453716],[84.058397,27.452055],[84.057444,27.450982],[84.05459,27.449381],[84.052405,27.445052],[84.051976,27.442737],[84.043556,27.443333],[84.043201,27.442318],[84.038787,27.442689],[84.035531,27.440856],[84.034048,27.441594],[84.033218,27.441073],[84.031608,27.441619],[84.030927,27.438998],[84.027732,27.439763],[84.025798,27.438435],[84.027366,27.43546],[84.027105,27.433626],[84.02539,27.43396],[84.022618,27.433045],[84.021006,27.433722],[84.018524,27.436039],[84.016739,27.434647],[84.01569,27.434756],[84.011821,27.438843],[84.010248,27.437683],[84.009136,27.437618],[84.007504,27.440497],[84.005179,27.439676],[84.005913,27.441307],[84.005134,27.442221],[84.003709,27.441311],[84.002288,27.442162],[84.001599,27.440319],[83.998693,27.442135],[83.998724,27.441102],[83.998022,27.440637],[83.996948,27.443672],[83.997286,27.445411],[83.996069,27.446151],[83.994555,27.44607],[83.991531,27.444168],[83.987246,27.443504],[83.983896,27.443853],[83.977464,27.439304],[83.977706,27.442442],[83.974883,27.442913],[83.972536,27.442067],[83.969617,27.444699],[83.965997,27.446585],[83.964673,27.446237],[83.962482,27.443955],[83.960236,27.444257],[83.95772,27.443065],[83.950015,27.442228],[83.945835,27.441148],[83.943091,27.443477],[83.944126,27.445966],[83.942089,27.447723],[83.939244,27.448866],[83.935723,27.448266],[83.931107,27.449557],[83.935326,27.450963],[83.939239,27.4551],[83.944486,27.46577],[83.943539,27.473505],[83.941247,27.478795],[83.939995,27.48455],[83.938431,27.488356],[83.938637,27.49151],[83.94103,27.493831],[83.957667,27.500344],[83.963416,27.503807],[83.967993,27.508226],[83.969054,27.511225],[83.969382,27.51535],[83.967786,27.519287],[83.964767,27.523182],[83.956419,27.527054],[83.952925,27.52752],[83.950817,27.526439],[83.946217,27.518461],[83.941812,27.515711],[83.936547,27.513784],[83.931104,27.513007],[83.927922,27.513491],[83.925528,27.514708],[83.921623,27.518496],[83.921341,27.520094],[83.92214,27.524325],[83.919824,27.526591],[83.918719,27.531552],[83.919642,27.540623],[83.923448,27.544046],[83.92593,27.545042],[83.931646,27.545424],[83.940906,27.541525],[83.948359,27.540154],[83.954279,27.543003],[83.956377,27.547142],[83.95764,27.548374],[83.970293,27.550526],[83.974533,27.549556],[83.977616,27.548084],[83.981811,27.544919],[83.985244,27.543874],[83.993043,27.543487],[83.998803,27.545511],[84.005444,27.544746],[84.007986,27.543943],[84.014247,27.539804],[84.018184,27.538441],[84.025267,27.537075],[84.031058,27.537188],[84.035745,27.538385],[84.038737,27.540505],[84.041671,27.545272],[84.043917,27.552207],[84.046892,27.554939],[84.050485,27.556467],[84.056452,27.555454],[84.06431,27.551322],[84.067454,27.552164],[84.070754,27.557359],[84.074545,27.559491],[84.083353,27.557609],[84.090153,27.554645],[84.100568,27.55383],[84.107186,27.551692],[84.10931,27.551713],[84.114597,27.55327],[84.119283,27.556331],[84.11972,27.56004],[84.12553,27.566045],[84.126078,27.571293],[84.127644,27.574759],[84.135151,27.584513],[84.141542,27.5888],[84.150991,27.598393],[84.164146,27.606921],[84.176301,27.619072],[84.190712,27.628403],[84.196838,27.631257],[84.206562,27.638727],[84.209761,27.639598],[84.218058,27.643529],[84.228757,27.64533],[84.234872,27.649221],[84.240938,27.651778],[84.250218,27.654106],[84.254894,27.65137],[84.257801,27.651067],[84.262163,27.656527],[84.270111,27.662491],[84.286747,27.66653],[84.295864,27.6699],[84.321067,27.684789],[84.323553,27.687893],[84.324116,27.692763],[84.325927,27.694412],[84.345392,27.702765],[84.350185,27.702776],[84.359954,27.698254],[84.3625,27.695524],[84.363411,27.691262],[84.36508,27.68853],[84.369023,27.685031],[84.371792,27.684022],[84.372795,27.682823],[84.377999,27.681246],[84.380372,27.681521],[84.386843,27.685474],[84.388831,27.68594],[84.391306,27.687905],[84.408082,27.696381],[84.427132,27.70334],[84.430464,27.705658],[84.431155,27.710442],[84.427323,27.722619],[84.425624,27.730553],[84.423401,27.735715],[84.421925,27.741258],[84.424366,27.742368],[84.426768,27.742464],[84.432948,27.741145],[84.436935,27.742771],[84.438499,27.744011],[84.441942,27.749916],[84.447735,27.757147],[84.450443,27.759277],[84.457565,27.759281],[84.464633,27.753129],[84.4678,27.751914],[84.471072,27.752394],[84.471882,27.754325],[84.470443,27.760853],[84.467251,27.767125],[84.460479,27.773654],[84.45541,27.776349],[84.448969,27.778299],[84.439219,27.7784],[84.43401,27.782853],[84.431157,27.786812],[84.429867,27.790618],[84.429772,27.792813],[84.432093,27.812284],[84.433307,27.814035],[84.435223,27.815198],[84.440098,27.81652],[84.442645,27.82074],[84.445685,27.823095],[84.45447,27.820194],[84.46481,27.81886],[84.466042,27.819808],[84.46597,27.822403],[84.465268,27.823904],[84.466034,27.824332],[84.474224,27.823553],[84.480415,27.821532],[84.488458,27.820809],[84.492677,27.819344],[84.497032,27.820799],[84.502859,27.819629],[84.511301,27.815445],[84.516981,27.816083],[84.518007,27.816853],[84.520249,27.821307],[84.520227,27.829768],[84.520649,27.831386],[84.521844,27.832254],[84.527311,27.833585],[84.53213,27.832967],[84.539054,27.833637],[84.545998,27.831717],[84.549827,27.832782],[84.555058,27.835739],[84.556632,27.838384],[84.557959,27.844991],[84.558099,27.847468],[84.556743,27.85269],[84.55867,27.857889],[84.567311,27.85886],[84.572973,27.861183],[84.576209,27.86353],[84.57726,27.865007],[84.57683,27.870855],[84.58042,27.874319],[84.590615,27.87976],[84.595923,27.876227],[84.601225,27.876123],[84.603295,27.875389],[84.604848,27.87212],[84.608446,27.871549],[84.613633,27.873015],[84.614851,27.877087],[84.618571,27.880181],[84.624279,27.879792],[84.626719,27.878103]]]}},
{"type":"Feature","properties":{"adm2_name":"Gorkha","adm2_pcode":"NP0436","adm1_name":"Gandaki","adm1_pcode":"NP04"},"geometry":{"type":"Polygon","coordinates":[[[84.558995,28.745262],[84.567234,28.741467],[84.571563,28.735148],[84.586693,28.734553],[84.592256,28.73657],[84.597295,28.735673],[84.600306,28.734184],[84.605657,28.733405],[84.61524,28.736657],[84.61765,28.735805],[84.626223,28.736451],[84.629298,28.732645],[84.632604,28.731874],[84.638896,28.728787],[84.641237,28.726322],[84.643431,28.725213],[84.644353,28.719921],[84.647617,28.718669],[84.650629,28.714398],[84.649846,28.707501],[84.650515,28.702381],[84.653756,28.700701],[84.65833,28.700284],[84.661396,28.69874],[84.664194,28.694708],[84.666391,28.694217],[84.668778,28.689966],[84.667607,28.686417],[84.66823,28.683375],[84.675931,28.679013],[84.681241,28.678334],[84.688096,28.678796],[84.691529,28.676856],[84.692955,28.674737],[84.696323,28.671767],[84.704838,28.671069],[84.701339,28.665132],[84.700462,28.659077],[84.697116,28.653464],[84.698634,28.650571],[84.701422,28.648273],[84.701649,28.647363],[84.700814,28.644672],[84.698162,28.640961],[84.697977,28.639518],[84.694669,28.636411],[84.700687,28.63444],[84.713676,28.632948],[84.715724,28.630912],[84.719894,28.628984],[84.72148,28.62743],[84.722616,28.625863],[84.72297,28.62344],[84.725071,28.620596],[84.730808,28.62017],[84.732741,28.618461],[84.736679,28.616858],[84.741425,28.616765],[84.744705,28.618274],[84.746767,28.618281],[84.755197,28.613535],[84.758996,28.613491],[84.760945,28.612513],[84.763696,28.612691],[84.767637,28.61049],[84.780576,28.609466],[84.837001,28.580817],[84.838278,28.579345],[84.839122,28.579732],[84.856966,28.570572],[84.857238,28.572547],[84.861438,28.577237],[84.863872,28.578343],[84.865157,28.580367],[84.86694,28.581603],[84.86909,28.582456],[84.870562,28.581478],[84.875205,28.580677],[84.879398,28.582466],[84.885946,28.582626],[84.890169,28.588662],[84.891996,28.589447],[84.899042,28.589876],[84.900854,28.593243],[84.905247,28.588766],[84.906856,28.588137],[84.910278,28.588583],[84.912632,28.589641],[84.917615,28.593029],[84.918225,28.594706],[84.919558,28.595225],[84.931897,28.593746],[84.935753,28.594236],[84.938683,28.595664],[84.944779,28.594785],[84.945552,28.594281],[84.947339,28.590224],[84.946905,28.587965],[84.948766,28.580147],[84.964658,28.586757],[84.967792,28.586152],[84.971801,28.586719],[84.972542,28.588334],[84.974422,28.589669],[84.98048,28.590225],[84.983286,28.591369],[84.98831,28.59473],[84.992728,28.599775],[84.992692,28.600958],[84.987861,28.603197],[84.985967,28.605076],[84.98584,28.606852],[84.988715,28.61287],[84.990751,28.614982],[84.992775,28.615775],[84.99432,28.617997],[85.000094,28.622841],[85.003496,28.629894],[85.004986,28.630267],[85.008801,28.637053],[85.011018,28.637129],[85.012726,28.63823],[85.017007,28.639416],[85.022888,28.648903],[85.026135,28.650631],[85.030754,28.656061],[85.032637,28.656859],[85.040221,28.657963],[85.041467,28.666868],[85.041067,28.668403],[85.043866,28.669263],[85.049184,28.669326],[85.051921,28.670013],[85.054419,28.676993],[85.053591,28.680376],[85.058475,28.682393],[85.06166,28.680431],[85.068377,28.679599],[85.071176,28.678486],[85.080305,28.671508],[85.083818,28.670923],[85.088689,28.671603],[85.091945,28.67658],[85.094332,28.6783],[85.101765,28.681759],[85.110456,28.683382],[85.1132,28.685924],[85.11526,28.686512],[85.125792,28.679924],[85.128985,28.67883],[85.13229,28.675888],[85.134297,28.671518],[85.134322,28.667746],[85.134927,28.666534],[85.139688,28.665635],[85.142669,28.66265],[85.145545,28.660954],[85.145023,28.656479],[85.149127,28.653264],[85.152117,28.649954],[85.154248,28.648718],[85.157086,28.644746],[85.157066,28.642935],[85.158972,28.643372],[85.163432,28.642765],[85.166161,28.643868],[85.170954,28.643594],[85.177838,28.645043],[85.179113,28.644847],[85.179459,28.644147],[85.181055,28.644424],[85.182938,28.642781],[85.187249,28.641873],[85.188371,28.641017],[85.184694,28.632228],[85.186678,28.630852],[85.191157,28.630766],[85.197898,28.626668],[85.197213,28.620801],[85.194928,28.618164],[85.194283,28.614698],[85.193091,28.612214],[85.19157,28.61146],[85.189591,28.609181],[85.188846,28.604963],[85.183755,28.603033],[85.178488,28.598936],[85.173546,28.597411],[85.175111,28.592128],[85.178328,28.590521],[85.181226,28.587421],[85.18245,28.583359],[85.181247,28.581094],[85.181414,28.578922],[85.184289,28.575022],[85.189088,28.572032],[85.189527,28.570738],[85.191439,28.568982],[85.191485,28.568284],[85.189792,28.566905],[85.187529,28.563165],[85.184609,28.561345],[85.184919,28.55966],[85.188253,28.553863],[85.187882,28.551903],[85.188828,28.547217],[85.18866,28.54455],[85.186298,28.540147],[85.186889,28.535466],[85.186394,28.533544],[85.178175,28.532546],[85.168814,28.533428],[85.166006,28.532049],[85.164917,28.526254],[85.165984,28.521269],[85.163221,28.519298],[85.161993,28.514955],[85.156882,28.509486],[85.157345,28.503897],[85.156199,28.500913],[85.156907,28.497878],[85.154587,28.494602],[85.154106,28.492485],[85.152774,28.490505],[85.14439,28.485561],[85.141216,28.486366],[85.133835,28.485553],[85.130607,28.485837],[85.129179,28.486261],[85.128619,28.487477],[85.126465,28.487802],[85.123548,28.487587],[85.12186,28.486141],[85.118383,28.485516],[85.117357,28.484275],[85.116564,28.481234],[85.113185,28.479588],[85.112506,28.471323],[85.106412,28.463785],[85.104186,28.46002],[85.10091,28.458348],[85.099391,28.456826],[85.100138,28.451589],[85.102694,28.447788],[85.10748,28.445042],[85.112814,28.443956],[85.114182,28.443144],[85.112558,28.433288],[85.114063,28.425478],[85.117356,28.415742],[85.117443,28.413237],[85.115712,28.40878],[85.116397,28.406208],[85.118838,28.402123],[85.124761,28.396843],[85.126518,28.392362],[85.126309,28.390949],[85.121874,28.385883],[85.121989,28.383067],[85.12104,28.379617],[85.12213,28.374726],[85.121761,28.372638],[85.120771,28.371284],[85.118109,28.370493],[85.116221,28.369122],[85.115073,28.367105],[85.112897,28.357134],[85.107837,28.346528],[85.103001,28.345489],[85.092881,28.344596],[85.08825,28.346296],[85.08406,28.345567],[85.080431,28.345807],[85.071043,28.340607],[85.067253,28.339209],[85.065938,28.337491],[85.052875,28.326938],[85.050024,28.325907],[85.04654,28.325792],[85.044877,28.321917],[85.042717,28.319629],[85.042017,28.317678],[85.042534,28.315317],[85.041089,28.311791],[85.0346,28.305645],[85.034451,28.304419],[85.033127,28.303784],[85.032601,28.302768],[85.033857,28.299529],[85.036964,28.29542],[85.037875,28.291815],[85.037153,28.289526],[85.034973,28.287309],[85.033911,28.282907],[85.031707,28.279188],[85.031119,28.272826],[85.028698,28.267106],[85.027603,28.26343],[85.027826,28.26233],[85.026824,28.261446],[85.021285,28.260238],[85.010873,28.256054],[85.004816,28.255241],[85.003776,28.254092],[85.00163,28.253178],[85.000536,28.251584],[85.002573,28.248003],[84.999012,28.244397],[84.99855,28.24117],[84.997664,28.240396],[84.993997,28.243892],[84.991487,28.24463],[84.989485,28.242811],[84.984751,28.235797],[84.982442,28.234433],[84.979364,28.22935],[84.976944,28.226647],[84.970307,28.22336],[84.968098,28.221039],[84.967136,28.218925],[84.964615,28.217289],[84.963913,28.215101],[84.961963,28.212672],[84.962144,28.2121],[84.967293,28.204357],[84.967413,28.201873],[84.970512,28.19904],[84.970748,28.194416],[84.973736,28.190205],[84.973235,28.189052],[84.967347,28.184778],[84.963952,28.177856],[84.96555,28.174433],[84.963428,28.172114],[84.961792,28.168883],[84.960474,28.161942],[84.960683,28.159533],[84.957127,28.155473],[84.957048,28.149387],[84.957773,28.147099],[84.955218,28.145154],[84.954082,28.14342],[84.958202,28.136003],[84.958366,28.133708],[84.9568,28.131968],[84.957206,28.130709],[84.956795,28.126685],[84.951713,28.124139],[84.948303,28.124826],[84.944873,28.123984],[84.94266,28.122503],[84.941076,28.124666],[84.939079,28.125677],[84.935321,28.126551],[84.930693,28.125389],[84.928699,28.126244],[84.92525,28.121419],[84.92393,28.120562],[84.921758,28.116557],[84.920059,28.115235],[84.92145,28.106524],[84.918018,28.103346],[84.915836,28.102593],[84.913465,28.102833],[84.909217,28.104542],[84.902831,28.105344],[84.900313,28.106615],[84.896861,28.104467],[84.892332,28.099895],[84.890134,28.102548],[84.885264,28.105436],[84.885283,28.106812],[84.883813,28.109743],[84.880878,28.112692],[84.872683,28.116648],[84.86925,28.120394],[84.862214,28.121492],[84.859985,28.120928],[84.858925,28.119997],[84.854575,28.122584],[84.84948,28.118463],[84.84362,28.116245],[84.842015,28.114502],[84.842341,28.11064],[84.838067,28.106414],[84.837032,28.104067],[84.837729,28.101128],[84.836924,28.09794],[84.83715,28.094882],[84.831692,28.089492],[84.831517,28.084744],[84.829248,28.081426],[84.827758,28.075057],[84.825417,28.070782],[84.824279,28.066636],[84.820808,28.063074],[84.821145,28.058181],[84.82053,28.056299],[84.818368,28.054245],[84.81826,28.047625],[84.812013,28.042881],[84.809383,28.037913],[84.80935,28.034583],[84.812499,28.031447],[84.813452,28.02836],[84.812259,28.025016],[84.812984,28.022731],[84.812707,28.021235],[84.810255,28.018754],[84.809428,28.016787],[84.810305,28.013238],[84.813166,28.009255],[84.811212,28.002868],[84.809724,28.001889],[84.803735,28.000352],[84.801413,28.000435],[84.797298,28.002293],[84.796327,28.001322],[84.797667,27.999295],[84.796789,27.998068],[84.790035,27.997916],[84.787951,27.995216],[84.787863,27.989276],[84.784898,27.986963],[84.783949,27.983223],[84.778459,27.981321],[84.777369,27.979985],[84.776776,27.977529],[84.775246,27.977012],[84.771513,27.977279],[84.771344,27.975912],[84.775042,27.973047],[84.774604,27.971317],[84.772124,27.970063],[84.769033,27.967222],[84.760594,27.967147],[84.75709,27.963383],[84.745764,27.96002],[84.746419,27.955233],[84.745451,27.953025],[84.740957,27.947333],[84.739695,27.943624],[84.73926,27.936513],[84.733779,27.933092],[84.734021,27.931176],[84.736295,27.930721],[84.736316,27.928472],[84.732531,27.927258],[84.731893,27.925761],[84.733297,27.924669],[84.734036,27.917181],[84.734982,27.915367],[84.733106,27.906977],[84.733891,27.904031],[84.736297,27.900352],[84.737509,27.896971],[84.735648,27.892802],[84.737401,27.890661],[84.7418,27.889748],[84.743321,27.888436],[84.749124,27.886036],[84.748348,27.88375],[84.745977,27.881302],[84.745837,27.880172],[84.746838,27.878515],[84.752222,27.875246],[84.753287,27.873494],[84.754998,27.869257],[84.754115,27.865284],[84.755916,27.861698],[84.759227,27.859316],[84.763616,27.860016],[84.764977,27.859235],[84.765629,27.857246],[84.765233,27.85371],[84.767922,27.851653],[84.767443,27.843715],[84.769815,27.842795],[84.770556,27.838829],[84.77408,27.837273],[84.775841,27.835268],[84.772999,27.829398],[84.773601,27.824124],[84.776916,27.818822],[84.781819,27.815701],[84.782274,27.813862],[84.778965,27.812498],[84.775311,27.808748],[84.772967,27.808577],[84.768398,27.811628],[84.769369,27.814817],[84.768873,27.815551],[84.764855,27.818431],[84.762525,27.818162],[84.756835,27.814442],[84.756141,27.808936],[84.753731,27.806393],[84.751389,27.805237],[84.746859,27.805555],[84.744449,27.804259],[84.73867,27.803993],[84.737103,27.801594],[84.736907,27.798991],[84.731751,27.795612],[84.729393,27.796057],[84.728194,27.798974],[84.727159,27.799961],[84.721433,27.801264],[84.718631,27.803674],[84.713709,27.80041],[84.710709,27.800502],[84.707844,27.802489],[84.708103,27.804861],[84.707295,27.806614],[84.692968,27.809382],[84.684942,27.810266],[84.678672,27.814027],[84.677006,27.815677],[84.671016,27.816938],[84.667916,27.818465],[84.667178,27.819473],[84.667336,27.823007],[84.665579,27.825231],[84.660891,27.829118],[84.66098,27.830934],[84.66316,27.83607],[84.663869,27.840518],[84.660272,27.849451],[84.658607,27.85103],[84.655683,27.852156],[84.64953,27.852553],[84.647188,27.853319],[84.646764,27.855059],[84.649817,27.858489],[84.648863,27.859669],[84.645511,27.860621],[84.640592,27.859647],[84.635379,27.860301],[84.633773,27.862395],[84.633734,27.868748],[84.627857,27.871557],[84.626616,27.873539],[84.627482,27.874943],[84.627061,27.877675],[84.624279,27.879792],[84.621642,27.880407],[84.618571,27.880181],[84.614541,27.87668],[84.613633,27.873015],[84.608019,27.871502],[84.604848,27.87212],[84.603295,27.875389],[84.601225,27.876123],[84.595923,27.876227],[84.591044,27.879675],[84.589425,27.879522],[84.584285,27.876013],[84.58042,27.874319],[84.577259,27.871611],[84.576678,27.869473],[84.57726,27.865007],[84.576418,27.863707],[84.573311,27.861362],[84.567311,27.85886],[84.55867,27.857889],[84.558271,27.859048],[84.555142,27.859632],[84.547973,27.862568],[84.54716,27.863201],[84.547665,27.864977],[84.551212,27.867661],[84.552308,27.869809],[84.550146,27.871063],[84.545233,27.86954],[84.544474,27.869791],[84.540623,27.875755],[84.541095,27.878055],[84.544196,27.879572],[84.544981,27.880582],[84.544586,27.881757],[84.541907,27.883568],[84.540443,27.885503],[84.540731,27.893772],[84.540198,27.896893],[84.54107,27.901776],[84.544846,27.903634],[84.545285,27.904828],[84.540356,27.906781],[84.537537,27.909091],[84.53741,27.909813],[84.539766,27.911958],[84.54005,27.91334],[84.5384,27.917392],[84.53637,27.917409],[84.534289,27.913839],[84.532733,27.912911],[84.522949,27.915243],[84.517063,27.912476],[84.516146,27.913204],[84.515029,27.916541],[84.513032,27.917687],[84.511645,27.916837],[84.511095,27.914346],[84.510004,27.913601],[84.50134,27.915551],[84.499948,27.916458],[84.50058,27.91758],[84.505428,27.918419],[84.507936,27.919671],[84.507998,27.921352],[84.506437,27.922966],[84.499775,27.925951],[84.494414,27.926755],[84.488714,27.926374],[84.483639,27.927978],[84.482139,27.929454],[84.481647,27.932281],[84.476448,27.934974],[84.473292,27.935642],[84.473853,27.939575],[84.470987,27.940859],[84.467513,27.941295],[84.463431,27.943676],[84.459949,27.941889],[84.458233,27.942157],[84.456819,27.943574],[84.456292,27.947244],[84.45369,27.949229],[84.449154,27.950203],[84.447414,27.949037],[84.446315,27.94671],[84.444671,27.946294],[84.438913,27.948711],[84.436151,27.948494],[84.427841,27.950945],[84.425118,27.952434],[84.420521,27.958575],[84.422119,27.961082],[84.422373,27.963059],[84.421968,27.964665],[84.418736,27.969564],[84.421276,27.973825],[84.420278,27.976576],[84.421368,27.978598],[84.426106,27.981979],[84.427686,27.98604],[84.432557,27.986835],[84.435702,27.988474],[84.439686,27.988287],[84.440099,27.989473],[84.437927,27.991792],[84.43791,27.993013],[84.438696,27.993419],[84.441408,27.992365],[84.44301,27.99266],[84.450123,27.998621],[84.452418,27.999856],[84.452807,28.000516],[84.45222,28.002151],[84.453058,28.003234],[84.456339,28.003223],[84.457184,28.003829],[84.456414,28.007218],[84.46009,28.013277],[84.459286,28.018616],[84.461081,28.021071],[84.459427,28.023682],[84.464052,28.028208],[84.461508,28.030385],[84.463614,28.034586],[84.461483,28.038561],[84.465133,28.040024],[84.46439,28.044198],[84.468087,28.045436],[84.466076,28.050977],[84.467707,28.051765],[84.471843,28.051402],[84.478126,28.058302],[84.479414,28.058033],[84.482007,28.05556],[84.486983,28.062106],[84.487077,28.062798],[84.485314,28.06442],[84.487993,28.066662],[84.487205,28.069925],[84.487991,28.071488],[84.485196,28.073248],[84.483852,28.076542],[84.484731,28.077609],[84.487683,28.076655],[84.485823,28.080001],[84.481975,28.079638],[84.479789,28.08087],[84.477764,28.087235],[84.478073,28.089041],[84.479589,28.089331],[84.482283,28.088451],[84.483361,28.086936],[84.485173,28.086234],[84.491358,28.085425],[84.494033,28.08669],[84.497735,28.085154],[84.501849,28.086766],[84.51122,28.088118],[84.51308,28.087735],[84.51717,28.090266],[84.51901,28.094244],[84.524979,28.095665],[84.530137,28.099377],[84.535727,28.100379],[84.538764,28.099366],[84.540716,28.099672],[84.545881,28.10431],[84.546661,28.106734],[84.549397,28.10763],[84.550968,28.10944],[84.55085,28.110758],[84.549293,28.111854],[84.549504,28.113771],[84.550361,28.114801],[84.552599,28.114961],[84.553882,28.11623],[84.55435,28.119107],[84.551996,28.120168],[84.555871,28.121222],[84.555472,28.122573],[84.556174,28.12467],[84.558583,28.124872],[84.559126,28.126483],[84.560588,28.127461],[84.563066,28.127997],[84.564708,28.127354],[84.566665,28.128246],[84.56965,28.128141],[84.570794,28.128865],[84.570315,28.130365],[84.574046,28.130482],[84.574692,28.132573],[84.575801,28.132916],[84.574696,28.134597],[84.576682,28.136233],[84.576002,28.138113],[84.580231,28.140243],[84.58271,28.140567],[84.586777,28.14292],[84.58717,28.143652],[84.585345,28.146164],[84.586386,28.14662],[84.588108,28.146168],[84.589118,28.148207],[84.594511,28.148403],[84.596533,28.151356],[84.599576,28.151248],[84.60104,28.151977],[84.602073,28.155125],[84.60559,28.156039],[84.607555,28.158588],[84.609397,28.159704],[84.608516,28.162173],[84.60929,28.164304],[84.610429,28.165238],[84.609722,28.166391],[84.612119,28.167556],[84.612953,28.169822],[84.612987,28.171313],[84.611872,28.172482],[84.615638,28.174888],[84.618393,28.178997],[84.622777,28.180451],[84.623374,28.183895],[84.63309,28.189306],[84.636332,28.198017],[84.639906,28.203239],[84.640175,28.205056],[84.637579,28.208933],[84.637033,28.215577],[84.633601,28.221837],[84.633846,28.223828],[84.632822,28.229929],[84.633573,28.232384],[84.63511,28.233974],[84.636054,28.237656],[84.640032,28.243061],[84.640468,28.245227],[84.646269,28.250125],[84.649713,28.258526],[84.649723,28.260184],[84.651364,28.264388],[84.651472,28.268153],[84.650142,28.273127],[84.650498,28.275758],[84.648576,28.280448],[84.646436,28.281448],[84.647219,28.290088],[84.646315,28.293038],[84.65009,28.297404],[84.650723,28.301452],[84.652394,28.30521],[84.652151,28.307189],[84.654813,28.310996],[84.654842,28.312476],[84.657664,28.313734],[84.658791,28.313327],[84.659722,28.314559],[84.659888,28.316963],[84.658405,28.320515],[84.658478,28.323185],[84.659566,28.323952],[84.663252,28.321797],[84.665657,28.3263],[84.667553,28.327743],[84.666701,28.331425],[84.667182,28.33297],[84.669369,28.335547],[84.66927,28.342184],[84.67251,28.342861],[84.677557,28.342333],[84.680355,28.342786],[84.684613,28.349945],[84.687603,28.352204],[84.68781,28.354125],[84.694715,28.360915],[84.691357,28.36446],[84.687917,28.366564],[84.682821,28.372151],[84.67619,28.376409],[84.674184,28.382553],[84.674443,28.383964],[84.676208,28.38613],[84.6757,28.387132],[84.670758,28.392965],[84.666434,28.400882],[84.661574,28.406077],[84.660232,28.409039],[84.654532,28.414083],[84.649186,28.416608],[84.646902,28.418546],[84.645173,28.423294],[84.643298,28.426145],[84.640536,28.434377],[84.637299,28.439109],[84.634286,28.441805],[84.630727,28.443624],[84.630247,28.444926],[84.624484,28.446259],[84.621406,28.449253],[84.619023,28.449399],[84.612761,28.447512],[84.604343,28.449382],[84.59844,28.451991],[84.596375,28.457554],[84.593149,28.462367],[84.592113,28.466078],[84.588077,28.469098],[84.582941,28.477027],[84.577591,28.478419],[84.570681,28.482031],[84.568017,28.482757],[84.565273,28.4856],[84.564617,28.487369],[84.566912,28.495124],[84.565253,28.498747],[84.564894,28.501138],[84.56646,28.504102],[84.566375,28.506147],[84.570437,28.510003],[84.56938,28.512728],[84.567284,28.515616],[84.566923,28.52354],[84.564077,28.528646],[84.559901,28.53278],[84.559534,28.534591],[84.560312,28.537498],[84.55878,28.539532],[84.559309,28.550101],[84.556667,28.552602],[84.551443,28.552342],[84.547363,28.554567],[84.551041,28.557749],[84.551674,28.559188],[84.547416,28.562273],[84.550655,28.569928],[84.550034,28.57337],[84.548207,28.577572],[84.548975,28.583653],[84.547487,28.585917],[84.54648,28.589481],[84.541308,28.59834],[84.54183,28.604251],[84.54043,28.611654],[84.541152,28.614049],[84.540576,28.623045],[84.54253,28.626117],[84.542623,28.627247],[84.538783,28.629227],[84.536145,28.633045],[84.533767,28.638099],[84.533778,28.641954],[84.532183,28.643925],[84.5313,28.646313],[84.528385,28.647608],[84.520523,28.64917],[84.51865,28.651824],[84.518377,28.653266],[84.520128,28.654234],[84.521332,28.656596],[84.522067,28.663234],[84.512519,28.673562],[84.513905,28.678865],[84.514304,28.685164],[84.520188,28.689676],[84.520619,28.69161],[84.519905,28.694428],[84.519259,28.695143],[84.515236,28.696366],[84.509296,28.696573],[84.500871,28.698773],[84.492197,28.708067],[84.489134,28.713831],[84.483762,28.717707],[84.481742,28.718387],[84.483906,28.719807],[84.484555,28.724053],[84.491764,28.734706],[84.494204,28.735726],[84.497337,28.740643],[84.50216,28.74423],[84.510054,28.74525],[84.514609,28.748544],[84.523759,28.743652],[84.524785,28.742171],[84.52883,28.742929],[84.533585,28.745346],[84.539647,28.744086],[84.545687,28.746347],[84.551407,28.750511],[84.554584,28.750859],[84.556597,28.752138],[84.557134,28.746934],[84.558995,28.745262]]]}},
{"type":"Feature","properties":{"adm2_name":"Lamjung","adm2_pcode":"NP0437","adm1_name":"Gandaki","adm1_pcode":"NP04"},"geometry":{"type":"Polygon","coordinates":[[[84.450323,28.506897],[84.458324,28.501198],[84.46127,28.500103],[84.465259,28.491646],[84.468261,28.489521],[84.470253,28.485625],[84.470353,28.483547],[84.472126,28.482727],[84.474363,28.479482],[84.476307,28.47799],[84.476961,28.475895],[84.479299,28.473089],[84.486248,28.470506],[84.486597,28.467371],[84.490617,28.461541],[84.500043,28.462871],[84.502862,28.464149],[84.508901,28.46431],[84.531127,28.472937],[84.531876,28.472921],[84.53351,28.470816],[84.539722,28.470573],[84.550568,28.471423],[84.561488,28.476402],[84.568017,28.482757],[84.570681,28.482031],[84.577591,28.478419],[84.582941,28.477027],[84.588077,28.469098],[84.592113,28.466078],[84.593149,28.462367],[84.596375,28.457554],[84.59844,28.451991],[84.604343,28.449382],[84.612761,28.447512],[84.619023,28.449399],[84.621406,28.449253],[84.624484,28.446259],[84.630247,28.444926],[84.630727,28.443624],[84.634286,28.441805],[84.637299,28.439109],[84.640536,28.434377],[84.643298,28.426145],[84.645173,28.423294],[84.646902,28.418546],[84.649186,28.416608],[84.654532,28.414083],[84.660232,28.409039],[84.661574,28.406077],[84.666434,28.400882],[84.670758,28.392965],[84.6757,28.387132],[84.676208,28.38613],[84.674443,28.383964],[84.674184,28.382553],[84.67619,28.376409],[84.682821,28.372151],[84.688687,28.365852],[84.691357,28.36446],[84.694435,28.361543],[84.694715,28.360915],[84.692833,28.358702],[84.68781,28.354125],[84.687361,28.351851],[84.684613,28.349945],[84.680355,28.342786],[84.677557,28.342333],[84.67251,28.342861],[84.66927,28.342184],[84.669369,28.335547],[84.667182,28.33297],[84.666701,28.331425],[84.667553,28.327743],[84.665657,28.3263],[84.663252,28.321797],[84.659566,28.323952],[84.658478,28.323185],[84.658405,28.320515],[84.659888,28.316963],[84.659722,28.314559],[84.658791,28.313327],[84.657664,28.313734],[84.654842,28.312476],[84.654813,28.310996],[84.652151,28.307189],[84.652394,28.30521],[84.650723,28.301452],[84.65009,28.297404],[84.646315,28.293038],[84.647219,28.290088],[84.646436,28.281448],[84.648576,28.280448],[84.650498,28.275758],[84.650142,28.273127],[84.651472,28.268153],[84.651364,28.264388],[84.649723,28.260184],[84.649713,28.258526],[84.646269,28.250125],[84.640468,28.245227],[84.640032,28.243061],[84.635847,28.237272],[84.63511,28.233974],[84.633573,28.232384],[84.632783,28.229699],[84.633846,28.223828],[84.633601,28.221837],[84.637033,28.215577],[84.637579,28.208933],[84.639882,28.205892],[84.639906,28.203239],[84.636332,28.198017],[84.632818,28.188957],[84.631158,28.188532],[84.629626,28.186982],[84.623374,28.183895],[84.622777,28.180451],[84.618393,28.178997],[84.615638,28.174888],[84.611872,28.172482],[84.612987,28.171313],[84.612953,28.169822],[84.612119,28.167556],[84.609722,28.166391],[84.610429,28.165238],[84.60929,28.164304],[84.608516,28.162173],[84.609428,28.160353],[84.609252,28.159472],[84.607555,28.158588],[84.60559,28.156039],[84.602073,28.155125],[84.60104,28.151977],[84.599576,28.151248],[84.596533,28.151356],[84.594511,28.148403],[84.589118,28.148207],[84.588108,28.146168],[84.586386,28.14662],[84.585345,28.146164],[84.58717,28.143652],[84.586777,28.14292],[84.58271,28.140567],[84.580231,28.140243],[84.576002,28.138113],[84.576682,28.136233],[84.574696,28.134597],[84.575801,28.132916],[84.574692,28.132573],[84.574046,28.130482],[84.570315,28.130365],[84.570794,28.128865],[84.56965,28.128141],[84.566665,28.128246],[84.564708,28.127354],[84.563066,28.127997],[84.560588,28.127461],[84.559126,28.126483],[84.558583,28.124872],[84.556174,28.12467],[84.555472,28.122573],[84.555871,28.121222],[84.551996,28.120168],[84.55435,28.119107],[84.553882,28.11623],[84.552599,28.114961],[84.550361,28.114801],[84.549504,28.113771],[84.549293,28.111854],[84.55085,28.110758],[84.550968,28.10944],[84.549397,28.10763],[84.546661,28.106734],[84.545881,28.10431],[84.542051,28.10058],[84.539023,28.099333],[84.535727,28.100379],[84.530137,28.099377],[84.524979,28.095665],[84.51901,28.094244],[84.51717,28.090266],[84.51308,28.087735],[84.51122,28.088118],[84.501849,28.086766],[84.497735,28.085154],[84.494033,28.08669],[84.491358,28.085425],[84.485173,28.086234],[84.483361,28.086936],[84.482283,28.088451],[84.479589,28.089331],[84.478073,28.089041],[84.477764,28.087235],[84.479789,28.08087],[84.481975,28.079638],[84.485823,28.080001],[84.487683,28.076655],[84.485182,28.077616],[84.483912,28.076772],[84.485196,28.073248],[84.487991,28.071488],[84.487205,28.069925],[84.487993,28.066662],[84.485373,28.06467],[84.485473,28.063884],[84.487167,28.06257],[84.481923,28.055522],[84.479414,28.058033],[84.477509,28.058121],[84.474622,28.061373],[84.47618,28.064955],[84.473967,28.067758],[84.470533,28.069297],[84.467014,28.069841],[84.467125,28.070741],[84.469463,28.071618],[84.468644,28.075417],[84.465558,28.076655],[84.46564,28.08156],[84.461979,28.082637],[84.460343,28.084183],[84.457561,28.090823],[84.451421,28.0924],[84.451125,28.093259],[84.452357,28.095019],[84.452151,28.095705],[84.446843,28.098482],[84.443033,28.099214],[84.442669,28.1003],[84.443471,28.104314],[84.438264,28.105215],[84.436888,28.107608],[84.433659,28.108194],[84.430677,28.111522],[84.427122,28.11122],[84.425986,28.115647],[84.422989,28.116408],[84.421884,28.119207],[84.421088,28.119311],[84.419881,28.117376],[84.419195,28.117367],[84.416485,28.119913],[84.398657,28.127199],[84.395562,28.129681],[84.393079,28.129262],[84.391535,28.127349],[84.388771,28.126456],[84.383762,28.127195],[84.380428,28.127017],[84.377191,28.128431],[84.366909,28.127493],[84.358994,28.129094],[84.348513,28.127016],[84.342412,28.124333],[84.34084,28.123062],[84.340556,28.121901],[84.337258,28.123091],[84.334253,28.122911],[84.329365,28.124051],[84.32676,28.122882],[84.325654,28.120696],[84.323526,28.120363],[84.320258,28.115141],[84.318499,28.115833],[84.31766,28.115551],[84.316187,28.113005],[84.311274,28.109465],[84.310774,28.108171],[84.309438,28.107263],[84.304912,28.108326],[84.300511,28.106603],[84.300184,28.104813],[84.299497,28.104377],[84.297846,28.104495],[84.293403,28.102828],[84.291555,28.10165],[84.291038,28.100469],[84.281188,28.098236],[84.277766,28.092963],[84.273136,28.092555],[84.269146,28.090598],[84.2672,28.092892],[84.263707,28.093321],[84.259176,28.087946],[84.257182,28.087702],[84.253127,28.084905],[84.251178,28.085195],[84.25058,28.086744],[84.247838,28.0878],[84.246024,28.085822],[84.245423,28.082627],[84.241193,28.083548],[84.238913,28.080779],[84.236425,28.080479],[84.232764,28.078696],[84.231738,28.07884],[84.2301,28.081897],[84.230264,28.089266],[84.225656,28.095112],[84.226627,28.097139],[84.229041,28.099684],[84.229157,28.101755],[84.226448,28.107418],[84.223375,28.111967],[84.224038,28.115084],[84.223198,28.118122],[84.217286,28.123749],[84.217942,28.124732],[84.217669,28.128272],[84.218778,28.132559],[84.22114,28.13448],[84.226857,28.136241],[84.228058,28.137566],[84.228484,28.139709],[84.227488,28.142494],[84.222861,28.146324],[84.22086,28.149422],[84.220429,28.151162],[84.222273,28.154115],[84.21851,28.158338],[84.218634,28.163202],[84.219642,28.165005],[84.215387,28.16907],[84.213239,28.172282],[84.213626,28.17366],[84.216441,28.176958],[84.216935,28.178913],[84.218547,28.179491],[84.218654,28.180813],[84.217664,28.181638],[84.21435,28.181753],[84.20912,28.183575],[84.20787,28.186664],[84.205672,28.189367],[84.201199,28.189392],[84.196405,28.188052],[84.194212,28.188324],[84.193756,28.19241],[84.191151,28.194178],[84.190547,28.19602],[84.192609,28.198224],[84.19461,28.197454],[84.200673,28.198984],[84.20164,28.199882],[84.201853,28.20138],[84.205142,28.203237],[84.206343,28.206055],[84.210261,28.211897],[84.210348,28.21284],[84.209683,28.213488],[84.210115,28.214717],[84.20846,28.215897],[84.20939,28.219084],[84.211027,28.220047],[84.210752,28.223343],[84.212739,28.228256],[84.212654,28.229021],[84.211172,28.230262],[84.21184,28.231281],[84.21165,28.233273],[84.213398,28.236691],[84.210969,28.238062],[84.213638,28.239163],[84.21207,28.240749],[84.212698,28.243088],[84.213991,28.243956],[84.214035,28.244647],[84.212663,28.247726],[84.213338,28.250229],[84.212224,28.251328],[84.212909,28.254016],[84.211051,28.256839],[84.21149,28.260182],[84.210817,28.261419],[84.211246,28.262918],[84.210862,28.265509],[84.208098,28.267291],[84.208115,28.269062],[84.205849,28.271547],[84.205442,28.273328],[84.202757,28.273745],[84.201056,28.275726],[84.196304,28.277921],[84.193474,28.284037],[84.186689,28.291455],[84.18748,28.296636],[84.191593,28.29846],[84.194024,28.302362],[84.194171,28.303711],[84.195555,28.305002],[84.194474,28.30681],[84.196562,28.312172],[84.196705,28.317404],[84.197956,28.32056],[84.200561,28.322799],[84.201128,28.324689],[84.205397,28.327983],[84.204371,28.337559],[84.205675,28.341532],[84.207459,28.343486],[84.210515,28.352893],[84.212209,28.354639],[84.215292,28.356403],[84.217537,28.360176],[84.217633,28.36324],[84.216278,28.368133],[84.217183,28.371558],[84.217136,28.378017],[84.215831,28.379702],[84.216093,28.380379],[84.213457,28.38258],[84.213508,28.384626],[84.212233,28.386138],[84.21391,28.391987],[84.216764,28.396515],[84.224444,28.402278],[84.224595,28.406302],[84.226392,28.411154],[84.229505,28.415912],[84.23165,28.417548],[84.234317,28.417663],[84.235875,28.419662],[84.241573,28.421664],[84.244751,28.424104],[84.247362,28.433588],[84.247244,28.436453],[84.245257,28.439509],[84.246288,28.441824],[84.248549,28.443744],[84.252345,28.445407],[84.254492,28.447438],[84.25618,28.447721],[84.262281,28.450796],[84.26621,28.451519],[84.266723,28.453332],[84.268134,28.454631],[84.268909,28.456493],[84.276632,28.450993],[84.278702,28.447007],[84.286366,28.445746],[84.288082,28.444943],[84.290952,28.445192],[84.296951,28.448597],[84.301256,28.447902],[84.30282,28.446852],[84.308447,28.447893],[84.311738,28.449254],[84.321231,28.44981],[84.325189,28.451014],[84.32614,28.452192],[84.327898,28.45284],[84.335589,28.452417],[84.337698,28.45294],[84.338749,28.45219],[84.341459,28.45196],[84.345457,28.453482],[84.349352,28.452917],[84.355205,28.453786],[84.360468,28.452624],[84.36588,28.453882],[84.368651,28.453191],[84.374166,28.453889],[84.373553,28.456397],[84.371314,28.458968],[84.37313,28.461025],[84.378641,28.460592],[84.3936,28.45685],[84.398004,28.456526],[84.402125,28.459981],[84.404539,28.461016],[84.413361,28.470388],[84.415677,28.471401],[84.415436,28.473225],[84.416987,28.477711],[84.417264,28.481338],[84.416819,28.490178],[84.418876,28.493161],[84.422848,28.50322],[84.430575,28.507922],[84.432371,28.510082],[84.436718,28.509517],[84.4417,28.510192],[84.450323,28.506897]]]}},
{"type":"Feature","properties":{"adm2_name":"Manang","adm2_pcode":"NP0438","adm1_name":"Gandaki","adm1_pcode":"NP04"},"geometry":{"type":"Polygon","coordinates":[[[84.19352,28.899265],[84.200363,28.897539],[84.204039,28.895533],[84.208304,28.895645],[84.212805,28.894745],[84.220212,28.891575],[84.222602,28.891829],[84.225791,28.893966],[84.228343,28.892435],[84.234062,28.89256],[84.238162,28.891076],[84.241669,28.891284],[84.245162,28.89042],[84.252749,28.890232],[84.254437,28.890466],[84.25814,28.895526],[84.263132,28.897603],[84.265445,28.897743],[84.268567,28.894477],[84.271978,28.892744],[84.272495,28.889526],[84.273906,28.886676],[84.278522,28.885496],[84.28385,28.882647],[84.286064,28.880978],[84.286966,28.877574],[84.2877,28.876916],[84.292404,28.874377],[84.299181,28.871946],[84.304444,28.871113],[84.308555,28.869356],[84.310872,28.869064],[84.315503,28.869773],[84.320726,28.867417],[84.323502,28.862652],[84.327033,28.862468],[84.329115,28.863728],[84.333192,28.864652],[84.334662,28.865892],[84.335003,28.868532],[84.340591,28.872414],[84.343021,28.872931],[84.344448,28.872075],[84.347378,28.868336],[84.354476,28.862913],[84.356892,28.85934],[84.360728,28.859535],[84.365259,28.86167],[84.369103,28.860828],[84.37514,28.864377],[84.382298,28.861666],[84.392164,28.860435],[84.397119,28.858528],[84.403839,28.854274],[84.409088,28.853324],[84.408998,28.846726],[84.407559,28.842927],[84.406206,28.841596],[84.402413,28.840364],[84.399227,28.837279],[84.40032,28.83485],[84.400507,28.830214],[84.403832,28.829866],[84.405677,28.82873],[84.408309,28.828681],[84.411433,28.829328],[84.415788,28.831278],[84.418771,28.831546],[84.420356,28.830873],[84.4242,28.826207],[84.427376,28.823535],[84.435207,28.820858],[84.429504,28.81328],[84.431941,28.801422],[84.438738,28.796016],[84.445248,28.793148],[84.444067,28.789905],[84.443832,28.786617],[84.445611,28.783918],[84.445821,28.782489],[84.439677,28.776425],[84.437375,28.772753],[84.436474,28.769323],[84.441487,28.76726],[84.451793,28.764749],[84.453701,28.761003],[84.457489,28.757547],[84.458035,28.754433],[84.460295,28.751278],[84.466146,28.751743],[84.472975,28.74877],[84.475508,28.746929],[84.480188,28.747116],[84.480706,28.746656],[84.481913,28.745277],[84.483224,28.741454],[84.486393,28.739916],[84.489433,28.735374],[84.491764,28.734706],[84.484555,28.724053],[84.483906,28.719807],[84.481742,28.718387],[84.483762,28.717707],[84.489134,28.713831],[84.492197,28.708067],[84.500871,28.698773],[84.509296,28.696573],[84.515236,28.696366],[84.519259,28.695143],[84.519905,28.694428],[84.520619,28.69161],[84.520188,28.689676],[84.514304,28.685164],[84.513905,28.678865],[84.512519,28.673562],[84.522067,28.663234],[84.521332,28.656596],[84.520128,28.654234],[84.518377,28.653266],[84.51865,28.651824],[84.520523,28.64917],[84.528385,28.647608],[84.5313,28.646313],[84.532183,28.643925],[84.533778,28.641954],[84.533767,28.638099],[84.536145,28.633045],[84.538783,28.629227],[84.542623,28.627247],[84.54253,28.626117],[84.540576,28.623045],[84.541152,28.614049],[84.54043,28.611654],[84.54183,28.604251],[84.541308,28.59834],[84.54648,28.589481],[84.547487,28.585917],[84.548975,28.583653],[84.548207,28.577572],[84.550034,28.57337],[84.550655,28.569928],[84.547416,28.562273],[84.551674,28.559188],[84.551041,28.557749],[84.547363,28.554567],[84.551443,28.552342],[84.556667,28.552602],[84.559309,28.550101],[84.55878,28.539532],[84.560312,28.537498],[84.559534,28.534591],[84.559901,28.53278],[84.564077,28.528646],[84.566923,28.52354],[84.567284,28.515616],[84.56938,28.512728],[84.570437,28.510003],[84.566375,28.506147],[84.56646,28.504102],[84.564894,28.501138],[84.565253,28.498747],[84.566912,28.495124],[84.564588,28.486895],[84.566129,28.484294],[84.568017,28.482757],[84.563929,28.478258],[84.560305,28.475714],[84.555172,28.47394],[84.550568,28.471423],[84.539722,28.470573],[84.53351,28.470816],[84.531876,28.472921],[84.531127,28.472937],[84.508901,28.46431],[84.502862,28.464149],[84.500043,28.462871],[84.490617,28.461541],[84.486597,28.467371],[84.486248,28.470506],[84.479299,28.473089],[84.476961,28.475895],[84.476307,28.47799],[84.474363,28.479482],[84.472126,28.482727],[84.470353,28.483547],[84.470253,28.485625],[84.468261,28.489521],[84.465259,28.491646],[84.46127,28.500103],[84.458324,28.501198],[84.450323,28.506897],[84.444649,28.509264],[84.4417,28.510192],[84.436718,28.509517],[84.432371,28.510082],[84.430575,28.507922],[84.422848,28.50322],[84.418876,28.493161],[84.417057,28.490864],[84.416638,28.48821],[84.417264,28.481338],[84.416987,28.477711],[84.415436,28.473225],[84.415677,28.471401],[84.413361,28.470388],[84.404539,28.461016],[84.402125,28.459981],[84.398004,28.456526],[84.3936,28.45685],[84.378641,28.460592],[84.37313,28.461025],[84.371314,28.458968],[84.373553,28.456397],[84.374166,28.453889],[84.368651,28.453191],[84.36588,28.453882],[84.360468,28.452624],[84.355205,28.453786],[84.349352,28.452917],[84.345457,28.453482],[84.341459,28.45196],[84.338749,28.45219],[84.337698,28.45294],[84.335589,28.452417],[84.327898,28.45284],[84.32614,28.452192],[84.325189,28.451014],[84.321231,28.44981],[84.311738,28.449254],[84.308447,28.447893],[84.30282,28.446852],[84.301256,28.447902],[84.296951,28.448597],[84.290952,28.445192],[84.288082,28.444943],[84.286366,28.445746],[84.280375,28.446419],[84.278702,28.447007],[84.276632,28.450993],[84.268909,28.456493],[84.269575,28.460699],[84.278581,28.470776],[84.273964,28.471327],[84.273569,28.472427],[84.271468,28.473651],[84.2664,28.480289],[84.261613,28.481943],[84.258741,28.481807],[84.256818,28.479954],[84.254481,28.479604],[84.24776,28.482247],[84.240154,28.482364],[84.233278,28.48394],[84.229049,28.482557],[84.226164,28.480696],[84.220157,28.482635],[84.219308,28.48496],[84.218271,28.485618],[84.211498,28.484972],[84.206203,28.487437],[84.201481,28.488432],[84.199396,28.488302],[84.198218,28.487395],[84.195406,28.488103],[84.193968,28.489188],[84.188971,28.489075],[84.189183,28.492339],[84.187572,28.497005],[84.188492,28.500096],[84.186633,28.502644],[84.185195,28.506088],[84.181152,28.505399],[84.177777,28.506026],[84.171012,28.511061],[84.168786,28.511772],[84.162347,28.512119],[84.159524,28.516043],[84.15648,28.516561],[84.153019,28.519441],[84.151162,28.522126],[84.150953,28.523495],[84.145815,28.527557],[84.143915,28.530397],[84.139967,28.533221],[84.139217,28.534154],[84.138295,28.538042],[84.137263,28.539317],[84.129504,28.53572],[84.124367,28.534626],[84.122416,28.534689],[84.120476,28.536328],[84.117323,28.537168],[84.098955,28.537844],[84.094797,28.538846],[84.09044,28.538556],[84.087095,28.539219],[84.085132,28.538426],[84.081289,28.542079],[84.078239,28.543005],[84.071617,28.548126],[84.067081,28.554815],[84.062338,28.558384],[84.059724,28.563395],[84.053939,28.564199],[84.049248,28.566874],[84.045602,28.566762],[84.03083,28.572551],[84.025642,28.576563],[84.020017,28.579217],[84.01336,28.587143],[83.997131,28.584666],[83.992919,28.585573],[83.989683,28.585169],[83.989451,28.584382],[83.988306,28.586137],[83.985276,28.587382],[83.981776,28.593161],[83.978983,28.596256],[83.973887,28.59931],[83.968529,28.600594],[83.965263,28.603132],[83.963666,28.605231],[83.951535,28.604465],[83.944358,28.601408],[83.938903,28.601053],[83.935261,28.601735],[83.929233,28.60492],[83.924892,28.605493],[83.919767,28.605716],[83.914451,28.605069],[83.911004,28.606055],[83.904017,28.60599],[83.900231,28.606776],[83.887409,28.606746],[83.875139,28.612957],[83.87147,28.61322],[83.869704,28.619341],[83.864412,28.626363],[83.862484,28.631963],[83.856989,28.64023],[83.855107,28.645953],[83.849683,28.653687],[83.846728,28.655845],[83.842187,28.65794],[83.835492,28.665864],[83.829037,28.670655],[83.821449,28.674514],[83.813074,28.681767],[83.797146,28.687681],[83.789147,28.69318],[83.790597,28.696848],[83.793486,28.697654],[83.79778,28.700916],[83.80103,28.702463],[83.812975,28.71439],[83.814387,28.714741],[83.819033,28.714093],[83.821658,28.715401],[83.822254,28.718045],[83.823808,28.717842],[83.826973,28.719097],[83.830158,28.718879],[83.831428,28.720953],[83.834441,28.722216],[83.835891,28.723894],[83.845011,28.726955],[83.849866,28.726316],[83.854626,28.726542],[83.858059,28.724152],[83.864001,28.722714],[83.866694,28.726215],[83.872019,28.727082],[83.872606,28.729388],[83.878663,28.73775],[83.881099,28.738607],[83.884209,28.741267],[83.891066,28.743682],[83.891371,28.748086],[83.890578,28.751175],[83.893698,28.756241],[83.893624,28.759983],[83.89557,28.76793],[83.897214,28.770484],[83.907428,28.778439],[83.911891,28.779434],[83.916711,28.77836],[83.923181,28.779827],[83.933123,28.783244],[83.935708,28.784834],[83.938819,28.788419],[83.939612,28.792337],[83.938851,28.793444],[83.940681,28.798538],[83.942099,28.806314],[83.941911,28.808754],[83.93891,28.810203],[83.937502,28.812293],[83.937407,28.814847],[83.940255,28.820159],[83.93817,28.824652],[83.943039,28.830485],[83.950247,28.83472],[83.956623,28.835008],[83.959674,28.833849],[83.963885,28.826735],[83.967501,28.817146],[83.970781,28.816356],[83.97846,28.817161],[83.984612,28.814834],[83.99491,28.813347],[83.997778,28.812044],[84.000471,28.807742],[84.003034,28.805844],[84.004568,28.801731],[84.014698,28.797487],[84.018093,28.801361],[84.022311,28.801187],[84.023135,28.801904],[84.024519,28.804128],[84.02384,28.806727],[84.02402,28.809001],[84.025172,28.81014],[84.026919,28.811297],[84.030994,28.811623],[84.036782,28.813088],[84.039345,28.814906],[84.040779,28.817337],[84.043337,28.818031],[84.045244,28.821888],[84.047264,28.822494],[84.045769,28.830189],[84.046943,28.833011],[84.050162,28.836846],[84.051702,28.842556],[84.053495,28.842825],[84.056585,28.842059],[84.058212,28.839858],[84.060643,28.839051],[84.06432,28.840859],[84.072024,28.841685],[84.077131,28.847279],[84.083055,28.849508],[84.084825,28.849549],[84.08578,28.852641],[84.088962,28.855357],[84.085443,28.860902],[84.084382,28.863391],[84.084192,28.86599],[84.088844,28.871727],[84.091604,28.873402],[84.089893,28.879327],[84.093776,28.881158],[84.094041,28.883559],[84.095687,28.88733],[84.108495,28.884895],[84.115276,28.880975],[84.121342,28.882747],[84.124248,28.884324],[84.12655,28.888754],[84.13051,28.888568],[84.134851,28.885654],[84.135554,28.883284],[84.137856,28.881542],[84.138383,28.879301],[84.146255,28.880171],[84.149226,28.876861],[84.15235,28.875483],[84.155877,28.872418],[84.15753,28.872184],[84.159149,28.873211],[84.162195,28.877841],[84.16803,28.88115],[84.17002,28.881634],[84.174484,28.890966],[84.175804,28.892017],[84.178347,28.896024],[84.184276,28.900258],[84.186981,28.899553],[84.19352,28.899265]]]}},
{"type":"Feature","properties":{"adm2_name":"Kaski","adm2_pcode":"NP0439","adm1_name":"Gandaki","adm1_pcode":"NP04"},"geometry":{"type":"Polygon","coordinates":[[[83.887409,28.606746],[83.900231,28.606776],[83.904017,28.60599],[83.911004,28.606055],[83.914451,28.605069],[83.919767,28.605716],[83.924892,28.605493],[83.929233,28.60492],[83.935261,28.601735],[83.938903,28.601053],[83.944358,28.601408],[83.952016,28.604544],[83.963887,28.605164],[83.965263,28.603132],[83.968529,28.600594],[83.973887,28.59931],[83.978983,28.596256],[83.981776,28.593161],[83.985276,28.587382],[83.988306,28.586137],[83.989451,28.584382],[83.989683,28.585169],[83.992919,28.585573],[83.997131,28.584666],[84.01336,28.587143],[84.020017,28.579217],[84.025642,28.576563],[84.03083,28.572551],[84.045602,28.566762],[84.049248,28.566874],[84.053939,28.564199],[84.059724,28.563395],[84.062338,28.558384],[84.067081,28.554815],[84.071617,28.548126],[84.078239,28.543005],[84.081289,28.542079],[84.085132,28.538426],[84.087095,28.539219],[84.09044,28.538556],[84.094797,28.538846],[84.098955,28.537844],[84.117323,28.537168],[84.120476,28.536328],[84.122416,28.534689],[84.124367,28.534626],[84.129504,28.53572],[84.137263,28.539317],[84.138295,28.538042],[84.139217,28.534154],[84.139967,28.533221],[84.143915,28.530397],[84.145815,28.527557],[84.150953,28.523495],[84.151162,28.522126],[84.153019,28.519441],[84.15648,28.516561],[84.159524,28.516043],[84.162347,28.512119],[84.168786,28.511772],[84.171012,28.511061],[84.177777,28.506026],[84.181152,28.505399],[84.185195,28.506088],[84.186633,28.502644],[84.188492,28.500096],[84.187572,28.497005],[84.189183,28.492339],[84.188971,28.489075],[84.193968,28.489188],[84.195406,28.488103],[84.198218,28.487395],[84.199396,28.488302],[84.201481,28.488432],[84.206203,28.487437],[84.211498,28.484972],[84.218271,28.485618],[84.219308,28.48496],[84.220157,28.482635],[84.226164,28.480696],[84.229049,28.482557],[84.233278,28.48394],[84.240154,28.482364],[84.24776,28.482247],[84.254481,28.479604],[84.256818,28.479954],[84.258741,28.481807],[84.261613,28.481943],[84.2664,28.480289],[84.271468,28.473651],[84.273569,28.472427],[84.273964,28.471327],[84.278581,28.470776],[84.269575,28.460699],[84.268603,28.455523],[84.266723,28.453332],[84.26621,28.451519],[84.262281,28.450796],[84.25618,28.447721],[84.254492,28.447438],[84.252345,28.445407],[84.248549,28.443744],[84.246288,28.441824],[84.245257,28.439509],[84.247244,28.436453],[84.247362,28.433588],[84.244751,28.424104],[84.241573,28.421664],[84.235875,28.419662],[84.234317,28.417663],[84.23165,28.417548],[84.229505,28.415912],[84.226392,28.411154],[84.224595,28.406302],[84.224444,28.402278],[84.217304,28.396992],[84.214891,28.393942],[84.212233,28.386138],[84.213508,28.384626],[84.213457,28.38258],[84.216093,28.380379],[84.215831,28.379702],[84.217136,28.378017],[84.217183,28.371558],[84.216278,28.368133],[84.217633,28.36324],[84.217537,28.360176],[84.215292,28.356403],[84.212209,28.354639],[84.210515,28.352893],[84.207459,28.343486],[84.205675,28.341532],[84.204371,28.337559],[84.205397,28.327983],[84.201128,28.324689],[84.200561,28.322799],[84.197956,28.32056],[84.196705,28.317404],[84.196562,28.312172],[84.194474,28.30681],[84.195555,28.305002],[84.194171,28.303711],[84.194024,28.302362],[84.191593,28.29846],[84.18748,28.296636],[84.186733,28.291825],[84.187461,28.290195],[84.18972,28.288471],[84.193474,28.284037],[84.196304,28.277921],[84.201056,28.275726],[84.202757,28.273745],[84.205442,28.273328],[84.205849,28.271547],[84.208115,28.269062],[84.208098,28.267291],[84.210862,28.265509],[84.211246,28.262918],[84.210817,28.261419],[84.21149,28.260182],[84.211051,28.256839],[84.212909,28.254016],[84.212224,28.251328],[84.213338,28.250229],[84.212663,28.247726],[84.214056,28.244187],[84.212698,28.243088],[84.21207,28.240749],[84.213638,28.239163],[84.210969,28.238062],[84.213398,28.236691],[84.21165,28.233273],[84.21184,28.231281],[84.211172,28.230262],[84.212761,28.228716],[84.210752,28.223343],[84.211027,28.220047],[84.20939,28.219084],[84.20846,28.215897],[84.210115,28.214717],[84.209683,28.213488],[84.210348,28.21284],[84.210261,28.211897],[84.206343,28.206055],[84.205142,28.203237],[84.201853,28.20138],[84.201382,28.19952],[84.19461,28.197454],[84.192609,28.198224],[84.190547,28.19602],[84.191151,28.194178],[84.193756,28.19241],[84.194212,28.188324],[84.196405,28.188052],[84.201199,28.189392],[84.205672,28.189367],[84.20787,28.186664],[84.20912,28.183575],[84.21435,28.181753],[84.217664,28.181638],[84.218654,28.180813],[84.218547,28.179491],[84.216935,28.178913],[84.216441,28.176958],[84.213626,28.17366],[84.213239,28.172282],[84.215387,28.16907],[84.219642,28.165005],[84.218634,28.163202],[84.21851,28.158338],[84.222273,28.154115],[84.220429,28.151162],[84.22086,28.149422],[84.222861,28.146324],[84.227488,28.142494],[84.228482,28.140473],[84.228058,28.137566],[84.227329,28.136626],[84.22114,28.13448],[84.218778,28.132559],[84.217669,28.128272],[84.217942,28.124732],[84.217286,28.123749],[84.223198,28.118122],[84.224038,28.115084],[84.223375,28.111967],[84.226448,28.107418],[84.229157,28.101755],[84.229041,28.099684],[84.22588,28.095831],[84.22503,28.097782],[84.218906,28.099843],[84.217238,28.098508],[84.214807,28.097963],[84.213585,28.09628],[84.211226,28.094668],[84.203505,28.094847],[84.202618,28.095981],[84.200553,28.095679],[84.196689,28.097361],[84.195221,28.096767],[84.194624,28.095421],[84.191183,28.094612],[84.188325,28.095972],[84.182472,28.096077],[84.181379,28.098016],[84.179121,28.099314],[84.178971,28.101207],[84.170463,28.099844],[84.165715,28.100894],[84.164478,28.099605],[84.162529,28.099738],[84.158322,28.097147],[84.154116,28.100398],[84.151152,28.101592],[84.149629,28.101418],[84.150826,28.103086],[84.147847,28.103078],[84.147392,28.104478],[84.144624,28.106091],[84.143447,28.106217],[84.141678,28.105012],[84.139021,28.104498],[84.133458,28.10439],[84.124933,28.105396],[84.123399,28.106099],[84.121289,28.105846],[84.117067,28.107099],[84.114148,28.10601],[84.110761,28.107294],[84.106792,28.110061],[84.105028,28.110439],[84.102186,28.109963],[84.100521,28.108337],[84.098668,28.107664],[84.096102,28.104803],[84.093485,28.103699],[84.092759,28.102296],[84.091378,28.101571],[84.090806,28.09994],[84.089031,28.098484],[84.087655,28.094952],[84.078839,28.091512],[84.077068,28.08717],[84.075046,28.084141],[84.069573,28.077664],[84.067353,28.079486],[84.066977,28.081296],[84.062683,28.083967],[84.060899,28.08656],[84.058189,28.088183],[84.055053,28.088577],[84.050969,28.083511],[84.047593,28.084113],[84.045811,28.08659],[84.042663,28.088687],[84.042266,28.090402],[84.039691,28.090574],[84.037613,28.091507],[84.038046,28.092447],[84.041734,28.093586],[84.042171,28.094242],[84.041774,28.094867],[84.040017,28.094802],[84.038894,28.096375],[84.035198,28.09666],[84.033093,28.099007],[84.03037,28.100007],[84.028193,28.099374],[84.027288,28.097337],[84.027465,28.095945],[84.025615,28.096168],[84.02671,28.097274],[84.025415,28.098788],[84.025625,28.101238],[84.028353,28.103349],[84.026919,28.105398],[84.025457,28.105536],[84.020467,28.103874],[84.01882,28.104698],[84.012256,28.105585],[84.014593,28.107994],[84.01487,28.110368],[84.011853,28.109854],[84.009845,28.110438],[84.00908,28.111176],[84.008492,28.11389],[84.006288,28.115756],[84.004243,28.116054],[84.003809,28.117408],[84.001629,28.11799],[83.998747,28.121629],[83.999504,28.123614],[83.998799,28.126721],[84.000551,28.128828],[84.002574,28.130015],[84.001841,28.131892],[84.000596,28.131443],[83.998962,28.133212],[83.9978,28.132864],[83.996423,28.133755],[83.994784,28.1336],[83.991973,28.135885],[83.989993,28.13466],[83.990386,28.137187],[83.986944,28.136663],[83.985942,28.138883],[83.983847,28.138016],[83.982145,28.140295],[83.979909,28.140019],[83.980022,28.143334],[83.970187,28.141687],[83.968412,28.143422],[83.96278,28.140609],[83.960755,28.138725],[83.960479,28.141026],[83.958319,28.139376],[83.955414,28.139258],[83.952315,28.140926],[83.94906,28.141767],[83.939436,28.141104],[83.936787,28.14168],[83.933489,28.143441],[83.930144,28.143877],[83.927474,28.147508],[83.923414,28.149606],[83.923355,28.152943],[83.922377,28.155295],[83.927057,28.160561],[83.923442,28.168433],[83.920965,28.169054],[83.91707,28.171193],[83.915865,28.173187],[83.912515,28.173273],[83.905256,28.177042],[83.902624,28.184041],[83.898817,28.18698],[83.898044,28.19001],[83.892723,28.192485],[83.890756,28.194539],[83.885793,28.193752],[83.883768,28.192406],[83.877327,28.192301],[83.876011,28.192866],[83.874021,28.196686],[83.870498,28.19763],[83.868545,28.196446],[83.862688,28.19739],[83.860443,28.195574],[83.857965,28.195229],[83.855927,28.193967],[83.848558,28.199101],[83.846631,28.199103],[83.84706,28.200656],[83.846676,28.202086],[83.845179,28.203582],[83.842235,28.204398],[83.841109,28.208419],[83.837145,28.212225],[83.833029,28.212608],[83.829924,28.214227],[83.827937,28.213696],[83.82407,28.214276],[83.820881,28.212331],[83.818276,28.211558],[83.816647,28.209975],[83.812901,28.214495],[83.812046,28.217587],[83.810915,28.21884],[83.807826,28.22065],[83.805279,28.223649],[83.79827,28.228483],[83.810262,28.241285],[83.814512,28.244506],[83.816309,28.244844],[83.818187,28.247342],[83.822424,28.250608],[83.822294,28.255248],[83.820533,28.260099],[83.814686,28.261257],[83.812016,28.260617],[83.807027,28.261784],[83.800808,28.260588],[83.799028,28.262135],[83.796839,28.262301],[83.795493,28.263472],[83.791745,28.263334],[83.789979,28.265416],[83.78816,28.265205],[83.78494,28.266944],[83.782556,28.267281],[83.781268,28.268851],[83.778922,28.269511],[83.778053,28.270362],[83.777053,28.268364],[83.776285,28.268049],[83.77186,28.270194],[83.769967,28.272102],[83.768465,28.272163],[83.765504,28.273847],[83.766629,28.274605],[83.766325,28.276321],[83.767122,28.277476],[83.771265,28.280064],[83.773969,28.282827],[83.774384,28.285278],[83.77277,28.287112],[83.766193,28.289691],[83.761473,28.29287],[83.762405,28.295182],[83.76461,28.296878],[83.764885,28.298683],[83.767712,28.300441],[83.768868,28.303563],[83.770346,28.303714],[83.77098,28.305811],[83.773508,28.30751],[83.774345,28.308991],[83.771692,28.311626],[83.767912,28.31201],[83.766478,28.31328],[83.764734,28.313758],[83.763427,28.315181],[83.761207,28.315924],[83.758605,28.319403],[83.758235,28.321297],[83.755697,28.323321],[83.749745,28.325573],[83.746439,28.327543],[83.746225,28.328556],[83.743677,28.330218],[83.739106,28.336685],[83.738995,28.341183],[83.737585,28.343141],[83.734964,28.34418],[83.733329,28.345718],[83.729077,28.346709],[83.72599,28.348943],[83.726096,28.3517],[83.727213,28.353548],[83.727524,28.35638],[83.725618,28.358769],[83.722833,28.359612],[83.72081,28.362128],[83.720369,28.364679],[83.718449,28.368221],[83.719718,28.372145],[83.723018,28.375177],[83.721224,28.376224],[83.717923,28.376335],[83.717641,28.377758],[83.716161,28.378921],[83.714806,28.378959],[83.7122,28.382256],[83.710645,28.382734],[83.709453,28.384491],[83.704993,28.387856],[83.705662,28.388582],[83.704287,28.392849],[83.702158,28.3946],[83.700503,28.398486],[83.702075,28.399511],[83.706243,28.398575],[83.712713,28.395444],[83.716207,28.395447],[83.71965,28.396525],[83.726348,28.395634],[83.729669,28.396207],[83.737663,28.394215],[83.743797,28.394703],[83.748136,28.393878],[83.755637,28.393551],[83.756542,28.392409],[83.759147,28.393629],[83.759673,28.395979],[83.75847,28.399135],[83.75854,28.403679],[83.757184,28.405479],[83.7544,28.406199],[83.751712,28.403013],[83.746348,28.402227],[83.745193,28.402628],[83.741679,28.407012],[83.738782,28.408651],[83.73723,28.411412],[83.736735,28.414355],[83.734055,28.416538],[83.731739,28.420206],[83.732829,28.421127],[83.735373,28.426975],[83.736186,28.431184],[83.737345,28.433126],[83.737658,28.434708],[83.736296,28.437228],[83.736397,28.438399],[83.743693,28.445817],[83.745682,28.449687],[83.748333,28.451213],[83.749586,28.45492],[83.753394,28.458335],[83.754285,28.462359],[83.752145,28.471955],[83.754583,28.474779],[83.756997,28.475916],[83.762023,28.477391],[83.765316,28.479247],[83.769827,28.478932],[83.772437,28.480401],[83.773712,28.48186],[83.775007,28.485041],[83.780442,28.490462],[83.780983,28.494381],[83.781802,28.49605],[83.787281,28.499535],[83.788531,28.502743],[83.794029,28.506954],[83.801481,28.515405],[83.805912,28.518412],[83.810976,28.517404],[83.813457,28.518195],[83.821707,28.529375],[83.827426,28.532543],[83.82854,28.53427],[83.828853,28.536669],[83.827793,28.538571],[83.827547,28.541845],[83.822954,28.546993],[83.820173,28.548524],[83.817363,28.551085],[83.812381,28.557564],[83.810334,28.55862],[83.808473,28.56238],[83.806994,28.563704],[83.804905,28.571906],[83.802859,28.573789],[83.801139,28.576794],[83.801791,28.579879],[83.809175,28.589676],[83.813471,28.591516],[83.819213,28.595311],[83.829732,28.59537],[83.836219,28.599085],[83.840466,28.600567],[83.844058,28.603064],[83.848412,28.602981],[83.851067,28.604045],[83.854568,28.607367],[83.857758,28.609249],[83.862493,28.609951],[83.871418,28.613234],[83.874403,28.613236],[83.887409,28.606746]]]}},
{"type":"Feature","properties":{"adm2_name":"Tanahu","adm2_pcode":"NP0440","adm1_name":"Gandaki","adm1_pcode":"NP04"},"geometry":{"type":"Polygon","coordinates":[[[84.416225,28.120043],[84.419195,28.117367],[84.419881,28.117376],[84.421088,28.119311],[84.421884,28.119207],[84.422989,28.116408],[84.425986,28.115647],[84.427122,28.11122],[84.430677,28.111522],[84.433659,28.108194],[84.436888,28.107608],[84.438264,28.105215],[84.443471,28.104314],[84.442669,28.1003],[84.443033,28.099214],[84.446843,28.098482],[84.452151,28.095705],[84.452357,28.095019],[84.451125,28.093259],[84.451421,28.0924],[84.45732,28.091068],[84.460343,28.084183],[84.461979,28.082637],[84.46564,28.08156],[84.465558,28.076655],[84.468555,28.075589],[84.469562,28.07208],[84.469212,28.071251],[84.467548,28.070997],[84.466881,28.07007],[84.473967,28.067758],[84.47618,28.064955],[84.474622,28.061373],[84.477509,28.058121],[84.476079,28.055748],[84.471843,28.051402],[84.467707,28.051765],[84.465973,28.050727],[84.468087,28.045436],[84.46439,28.044198],[84.465133,28.040024],[84.461483,28.038561],[84.463614,28.034586],[84.461508,28.030385],[84.464052,28.028208],[84.459427,28.023682],[84.461081,28.021071],[84.459286,28.018616],[84.46009,28.013277],[84.456414,28.007218],[84.456552,28.005598],[84.457316,28.004749],[84.457079,28.003674],[84.453058,28.003234],[84.45222,28.002151],[84.452807,28.000516],[84.452418,27.999856],[84.450123,27.998621],[84.44301,27.99266],[84.441408,27.992365],[84.438696,27.993419],[84.43791,27.993013],[84.437927,27.991792],[84.440099,27.989473],[84.439686,27.988287],[84.435702,27.988474],[84.432557,27.986835],[84.427686,27.98604],[84.426106,27.981979],[84.420736,27.977653],[84.420282,27.976269],[84.421276,27.973825],[84.418736,27.969564],[84.421968,27.964665],[84.422373,27.963059],[84.422119,27.961082],[84.420521,27.958575],[84.420814,27.957658],[84.423862,27.954624],[84.425118,27.952434],[84.426978,27.95132],[84.436151,27.948494],[84.438913,27.948711],[84.443123,27.946662],[84.445271,27.946281],[84.446315,27.94671],[84.447414,27.949037],[84.449154,27.950203],[84.45369,27.949229],[84.456292,27.947244],[84.456819,27.943574],[84.458233,27.942157],[84.459949,27.941889],[84.463431,27.943676],[84.467513,27.941295],[84.470987,27.940859],[84.473853,27.939575],[84.473292,27.935642],[84.476448,27.934974],[84.481647,27.932281],[84.482139,27.929454],[84.483639,27.927978],[84.488714,27.926374],[84.494414,27.926755],[84.499775,27.925951],[84.506437,27.922966],[84.507998,27.921352],[84.507936,27.919671],[84.505428,27.918419],[84.50058,27.91758],[84.499948,27.916458],[84.50134,27.915551],[84.510004,27.913601],[84.511095,27.914346],[84.511645,27.916837],[84.513032,27.917687],[84.515029,27.916541],[84.516146,27.913204],[84.517063,27.912476],[84.522949,27.915243],[84.532733,27.912911],[84.534289,27.913839],[84.53637,27.917409],[84.5384,27.917392],[84.54005,27.91334],[84.539766,27.911958],[84.53741,27.909813],[84.537537,27.909091],[84.540356,27.906781],[84.545285,27.904828],[84.544846,27.903634],[84.54107,27.901776],[84.540198,27.896893],[84.540731,27.893772],[84.540443,27.885503],[84.541907,27.883568],[84.544586,27.881757],[84.544981,27.880582],[84.544196,27.879572],[84.541095,27.878055],[84.540623,27.875755],[84.544474,27.869791],[84.545233,27.86954],[84.549631,27.871052],[84.552192,27.870094],[84.552142,27.868887],[84.551212,27.867661],[84.547665,27.864977],[84.547317,27.862995],[84.555142,27.859632],[84.558271,27.859048],[84.558742,27.858369],[84.556743,27.85269],[84.558099,27.847468],[84.557959,27.844991],[84.556632,27.838384],[84.555058,27.835739],[84.549827,27.832782],[84.545998,27.831717],[84.539054,27.833637],[84.53213,27.832967],[84.527311,27.833585],[84.521844,27.832254],[84.520649,27.831386],[84.520227,27.829768],[84.520249,27.821307],[84.518007,27.816853],[84.516981,27.816083],[84.511301,27.815445],[84.502859,27.819629],[84.497032,27.820799],[84.492677,27.819344],[84.488458,27.820809],[84.480415,27.821532],[84.474224,27.823553],[84.466034,27.824332],[84.465268,27.823904],[84.46597,27.822403],[84.466042,27.819808],[84.46481,27.81886],[84.45447,27.820194],[84.445685,27.823095],[84.442645,27.82074],[84.440098,27.81652],[84.435223,27.815198],[84.432655,27.81334],[84.430804,27.804066],[84.430668,27.797334],[84.429772,27.792813],[84.429867,27.790618],[84.431157,27.786812],[84.43401,27.782853],[84.439219,27.7784],[84.448284,27.778367],[84.4518,27.777645],[84.45737,27.775454],[84.461368,27.772938],[84.467251,27.767125],[84.470443,27.760853],[84.471882,27.754325],[84.471349,27.752569],[84.470562,27.752121],[84.4678,27.751914],[84.464633,27.753129],[84.457565,27.759281],[84.450443,27.759277],[84.447735,27.757147],[84.441942,27.749916],[84.438499,27.744011],[84.436935,27.742771],[84.432948,27.741145],[84.426768,27.742464],[84.424366,27.742368],[84.421925,27.741258],[84.42121,27.743668],[84.424058,27.746076],[84.422897,27.748006],[84.419957,27.748216],[84.417703,27.749152],[84.417263,27.75159],[84.419301,27.752624],[84.419877,27.754328],[84.418635,27.757676],[84.417399,27.759017],[84.411224,27.759722],[84.406135,27.761756],[84.402247,27.765404],[84.399198,27.770379],[84.392008,27.775469],[84.378367,27.779124],[84.372705,27.778095],[84.367653,27.774435],[84.364385,27.767023],[84.364323,27.763501],[84.363533,27.761597],[84.361524,27.759556],[84.362017,27.756358],[84.360629,27.753536],[84.354899,27.751645],[84.351636,27.748855],[84.347772,27.749756],[84.345703,27.751233],[84.343778,27.751116],[84.342549,27.750351],[84.341311,27.744969],[84.33986,27.743932],[84.333139,27.74914],[84.328002,27.747779],[84.326027,27.748],[84.32419,27.750017],[84.321878,27.759223],[84.316552,27.761979],[84.315546,27.763274],[84.315481,27.767335],[84.318219,27.774298],[84.31376,27.78536],[84.305279,27.790105],[84.301317,27.791093],[84.299989,27.792314],[84.299604,27.79884],[84.298512,27.80171],[84.297956,27.806418],[84.298492,27.807527],[84.301682,27.809138],[84.301939,27.811147],[84.300805,27.815243],[84.304445,27.816719],[84.305623,27.818804],[84.304617,27.82018],[84.302411,27.820735],[84.29997,27.822706],[84.295774,27.829395],[84.294126,27.834534],[84.291237,27.837861],[84.286784,27.837103],[84.280985,27.837835],[84.272446,27.836404],[84.270134,27.835163],[84.269342,27.832694],[84.267459,27.832447],[84.265619,27.83394],[84.26667,27.837421],[84.26575,27.838702],[84.261171,27.839144],[84.25841,27.83817],[84.252568,27.838384],[84.248547,27.841024],[84.245734,27.845366],[84.243835,27.846299],[84.240061,27.846594],[84.235122,27.844383],[84.233496,27.844703],[84.230863,27.846513],[84.227605,27.84565],[84.226966,27.843798],[84.228614,27.840364],[84.22634,27.836911],[84.225344,27.836559],[84.223576,27.837658],[84.220233,27.844173],[84.21834,27.845956],[84.216373,27.846642],[84.213447,27.846491],[84.210952,27.845417],[84.209997,27.844353],[84.210151,27.843035],[84.211751,27.840576],[84.209393,27.838707],[84.206775,27.840563],[84.205901,27.84213],[84.205921,27.84417],[84.207632,27.847901],[84.207301,27.849337],[84.20355,27.852144],[84.202084,27.852377],[84.199978,27.851698],[84.195393,27.847777],[84.190723,27.846554],[84.188766,27.846947],[84.181106,27.850628],[84.173228,27.852364],[84.171839,27.847664],[84.169342,27.845609],[84.162445,27.846793],[84.162579,27.841577],[84.159929,27.840034],[84.156092,27.839612],[84.154911,27.840511],[84.154345,27.841994],[84.1565,27.84624],[84.156549,27.847364],[84.155668,27.848254],[84.151944,27.847159],[84.150127,27.847301],[84.145023,27.850131],[84.143094,27.850298],[84.128256,27.845516],[84.124606,27.845616],[84.121084,27.847528],[84.120592,27.848384],[84.122879,27.850403],[84.126941,27.851361],[84.128835,27.852873],[84.129525,27.854689],[84.129075,27.856332],[84.126591,27.859174],[84.122732,27.860152],[84.12005,27.859801],[84.119746,27.857804],[84.121123,27.853947],[84.119456,27.851358],[84.116679,27.850788],[84.113824,27.851873],[84.111398,27.858833],[84.109054,27.861757],[84.107754,27.861875],[84.106756,27.861181],[84.105279,27.858166],[84.102535,27.854948],[84.099599,27.85551],[84.095586,27.858374],[84.095922,27.860244],[84.101415,27.864833],[84.100751,27.866337],[84.092619,27.866888],[84.080353,27.8698],[84.077384,27.8691],[84.078789,27.864627],[84.078549,27.863641],[84.075216,27.863345],[84.074325,27.865609],[84.071386,27.864976],[84.069505,27.86303],[84.069023,27.861352],[84.069323,27.858965],[84.068218,27.857036],[84.053534,27.849051],[84.051285,27.849406],[84.051219,27.853569],[84.048653,27.856056],[84.046007,27.856344],[84.042922,27.855036],[84.042822,27.850742],[84.041961,27.84994],[84.040429,27.850032],[84.038609,27.851159],[84.040978,27.85533],[84.040077,27.856677],[84.035293,27.857928],[84.031012,27.856206],[84.027337,27.856606],[84.023409,27.860528],[84.020782,27.861839],[84.017511,27.861465],[84.01525,27.85864],[84.015767,27.85705],[84.019737,27.855944],[84.022099,27.853559],[84.022484,27.852496],[84.021933,27.85156],[84.018453,27.850881],[84.006521,27.854736],[83.999159,27.855025],[83.997412,27.85694],[83.997714,27.86074],[83.99665,27.864086],[83.994531,27.86601],[83.989767,27.866761],[83.981941,27.865497],[83.978336,27.866051],[83.974224,27.867952],[83.973008,27.871393],[83.971432,27.872579],[83.967987,27.870234],[83.958166,27.872975],[83.951498,27.869438],[83.947831,27.86956],[83.944697,27.871791],[83.940745,27.877842],[83.940461,27.879695],[83.938319,27.880871],[83.939531,27.882936],[83.936896,27.88465],[83.936463,27.886482],[83.937185,27.88782],[83.940768,27.890349],[83.941171,27.89159],[83.940205,27.892582],[83.940862,27.894281],[83.944944,27.894865],[83.946421,27.894371],[83.948392,27.893095],[83.94936,27.891266],[83.951803,27.88938],[83.952969,27.892609],[83.952107,27.894651],[83.954757,27.89502],[83.953894,27.897348],[83.959664,27.897839],[83.960536,27.89918],[83.964359,27.899973],[83.968348,27.90237],[83.970872,27.901346],[83.974053,27.90263],[83.974713,27.903564],[83.974706,27.906234],[83.975405,27.90816],[83.978008,27.910149],[83.978054,27.916687],[83.97632,27.918616],[83.97591,27.921292],[83.973279,27.922719],[83.973294,27.927861],[83.974232,27.930138],[83.972193,27.935466],[83.969197,27.9373],[83.97025,27.948448],[83.968172,27.951239],[83.968212,27.953436],[83.966969,27.955117],[83.967416,27.956649],[83.9669,27.958081],[83.967819,27.959575],[83.969488,27.958619],[83.971241,27.960151],[83.971282,27.962236],[83.97263,27.962755],[83.974917,27.965587],[83.976436,27.966145],[83.977483,27.968229],[83.977397,27.970601],[83.979642,27.972765],[83.980839,27.977505],[83.980241,27.979872],[83.978808,27.982067],[83.978102,27.986398],[83.978724,27.989832],[83.981058,27.991832],[83.979796,27.994027],[83.979262,27.997537],[83.981874,27.998278],[83.988489,27.998017],[83.991166,27.999671],[83.992358,28.001458],[83.99148,28.005388],[83.991951,28.00613],[83.997802,28.006487],[84.000128,28.005641],[84.002357,28.006381],[84.004576,28.008653],[84.005048,28.012867],[84.006032,28.013858],[84.013405,28.013814],[84.016839,28.011952],[84.017716,28.012997],[84.019437,28.013482],[84.024521,28.013537],[84.027315,28.017361],[84.031833,28.019429],[84.029632,28.020431],[84.029458,28.022875],[84.028626,28.023935],[84.020225,28.02701],[84.019456,28.029198],[84.017117,28.030733],[84.015834,28.030697],[84.014369,28.028975],[84.010345,28.029073],[84.004372,28.030686],[84.002982,28.031756],[84.002795,28.033667],[84.00201,28.034438],[84.000299,28.03449],[83.998883,28.033685],[83.997281,28.034226],[83.996078,28.036859],[83.996532,28.038517],[83.996149,28.043788],[83.996799,28.045676],[83.995292,28.046978],[83.992596,28.045493],[83.991018,28.045631],[83.989733,28.044602],[83.988196,28.044433],[83.985964,28.042127],[83.985512,28.040428],[83.982501,28.039288],[83.980385,28.037478],[83.972281,28.038104],[83.967288,28.037482],[83.965158,28.038804],[83.963558,28.038691],[83.961152,28.040795],[83.961498,28.042456],[83.960678,28.044635],[83.954826,28.050551],[83.953077,28.051187],[83.947419,28.051257],[83.944682,28.056472],[83.941026,28.061459],[83.941102,28.064942],[83.939532,28.068373],[83.949673,28.066818],[83.955664,28.069677],[83.962017,28.071314],[83.969234,28.075149],[83.968214,28.076706],[83.965564,28.07689],[83.96134,28.079147],[83.958947,28.079465],[83.958683,28.083354],[83.960731,28.086346],[83.964162,28.088225],[83.969785,28.088485],[83.97311,28.090363],[83.975023,28.092171],[83.97602,28.094366],[83.981906,28.099252],[83.985939,28.097837],[83.987931,28.098593],[83.989618,28.09826],[83.99217,28.099433],[83.994966,28.102346],[83.99391,28.104473],[83.99395,28.107533],[83.992933,28.108895],[83.997157,28.110883],[83.998278,28.113554],[84.003493,28.114854],[84.004696,28.115925],[84.006288,28.115756],[84.008711,28.113642],[84.008944,28.111557],[84.009845,28.110438],[84.011853,28.109854],[84.01487,28.110368],[84.014593,28.107994],[84.012668,28.106512],[84.012387,28.105493],[84.01882,28.104698],[84.020467,28.103874],[84.025457,28.105536],[84.026919,28.105398],[84.028353,28.103349],[84.025625,28.101238],[84.025415,28.098788],[84.02671,28.097274],[84.025585,28.096608],[84.025812,28.095981],[84.027633,28.096136],[84.027288,28.097337],[84.028828,28.099838],[84.032441,28.099438],[84.035198,28.09666],[84.038894,28.096375],[84.040017,28.094802],[84.042014,28.094639],[84.041734,28.093586],[84.038046,28.092447],[84.037613,28.091507],[84.039691,28.090574],[84.042266,28.090402],[84.042663,28.088687],[84.045811,28.08659],[84.047073,28.084392],[84.050969,28.083511],[84.055053,28.088577],[84.058189,28.088183],[84.060899,28.08656],[84.062683,28.083967],[84.066977,28.081296],[84.067353,28.079486],[84.069573,28.077664],[84.075046,28.084141],[84.077068,28.08717],[84.078839,28.091512],[84.087655,28.094952],[84.089031,28.098484],[84.090806,28.09994],[84.091378,28.101571],[84.092759,28.102296],[84.093485,28.103699],[84.096102,28.104803],[84.098668,28.107664],[84.100521,28.108337],[84.102186,28.109963],[84.105628,28.110466],[84.110761,28.107294],[84.114148,28.10601],[84.117067,28.107099],[84.121289,28.105846],[84.123399,28.106099],[84.124933,28.105396],[84.133458,28.10439],[84.139021,28.104498],[84.141678,28.105012],[84.143447,28.106217],[84.144624,28.106091],[84.147392,28.104478],[84.147847,28.103078],[84.150826,28.103086],[84.149629,28.101418],[84.151152,28.101592],[84.154116,28.100398],[84.158322,28.097147],[84.162529,28.099738],[84.164478,28.099605],[84.165715,28.100894],[84.170463,28.099844],[84.178971,28.101207],[84.179121,28.099314],[84.181379,28.098016],[84.182771,28.095961],[84.188325,28.095972],[84.191183,28.094612],[84.194624,28.095421],[84.195221,28.096767],[84.19686,28.097358],[84.199953,28.09582],[84.202618,28.095981],[84.203505,28.094847],[84.205699,28.095166],[84.206591,28.094508],[84.209421,28.094382],[84.211915,28.094888],[84.214807,28.097963],[84.217238,28.098508],[84.219335,28.099817],[84.222669,28.098946],[84.225728,28.097127],[84.225841,28.094577],[84.230264,28.089266],[84.2301,28.081897],[84.230851,28.079976],[84.232421,28.078663],[84.236425,28.080479],[84.239236,28.080948],[84.240309,28.083078],[84.241193,28.083548],[84.245661,28.082759],[84.246024,28.085822],[84.247838,28.0878],[84.25058,28.086744],[84.251178,28.085195],[84.253127,28.084905],[84.257182,28.087702],[84.259176,28.087946],[84.263707,28.093321],[84.2672,28.092892],[84.269146,28.090598],[84.273136,28.092555],[84.277766,28.092963],[84.281188,28.098236],[84.291038,28.100469],[84.291555,28.10165],[84.293403,28.102828],[84.297846,28.104495],[84.299497,28.104377],[84.300184,28.104813],[84.300511,28.106603],[84.304912,28.108326],[84.309438,28.107263],[84.310774,28.108171],[84.311274,28.109465],[84.316187,28.113005],[84.31766,28.115551],[84.318499,28.115833],[84.320258,28.115141],[84.323526,28.120363],[84.325654,28.120696],[84.32676,28.122882],[84.329365,28.124051],[84.334253,28.122911],[84.337258,28.123091],[84.340556,28.121901],[84.34084,28.123062],[84.342412,28.124333],[84.348513,28.127016],[84.358994,28.129094],[84.366909,28.127493],[84.377191,28.128431],[84.380428,28.127017],[84.383762,28.127195],[84.388771,28.126456],[84.391535,28.127349],[84.392862,28.129129],[84.394998,28.129732],[84.400629,28.126488],[84.416225,28.120043]]]}},
{"type":"Feature","properties":{"adm2_name":"Syangja","adm2_pcode":"NP0441","adm1_name":"Gandaki","adm1_pcode":"NP04"},"geometry":{"type":"Polygon","coordinates":[[[83.809186,28.219934],[83.810915,28.21884],[83.812046,28.217587],[83.812901,28.214495],[83.816647,28.209975],[83.818276,28.211558],[83.820881,28.212331],[83.82407,28.214276],[83.827937,28.213696],[83.829924,28.214227],[83.833029,28.212608],[83.835275,28.212783],[83.837705,28.211962],[83.841109,28.208419],[83.842235,28.204398],[83.845179,28.203582],[83.846916,28.201743],[83.846631,28.199103],[83.848558,28.199101],[83.855927,28.193967],[83.857965,28.195229],[83.860443,28.195574],[83.862688,28.19739],[83.868545,28.196446],[83.870498,28.19763],[83.874021,28.196686],[83.876011,28.192866],[83.877327,28.192301],[83.883768,28.192406],[83.885793,28.193752],[83.890756,28.194539],[83.892723,28.192485],[83.898044,28.19001],[83.898817,28.18698],[83.902624,28.184041],[83.905256,28.177042],[83.912515,28.173273],[83.915865,28.173187],[83.91707,28.171193],[83.920965,28.169054],[83.923442,28.168433],[83.927057,28.160561],[83.922377,28.155295],[83.923355,28.152943],[83.923414,28.149606],[83.927474,28.147508],[83.930535,28.143678],[83.933489,28.143441],[83.936787,28.14168],[83.939436,28.141104],[83.94906,28.141767],[83.952315,28.140926],[83.955414,28.139258],[83.958319,28.139376],[83.960479,28.141026],[83.960755,28.138725],[83.96278,28.140609],[83.968412,28.143422],[83.970187,28.141687],[83.979671,28.143419],[83.98014,28.143117],[83.979996,28.139954],[83.982145,28.140295],[83.983847,28.138016],[83.985942,28.138883],[83.986944,28.136663],[83.990029,28.137349],[83.990557,28.136808],[83.989809,28.135953],[83.989993,28.13466],[83.991973,28.135885],[83.994784,28.1336],[83.996423,28.133755],[83.9978,28.132864],[83.998962,28.133212],[84.000276,28.131637],[84.001841,28.131892],[84.002645,28.130759],[84.002574,28.130015],[83.998864,28.126892],[83.999504,28.123614],[83.998747,28.121629],[84.001629,28.11799],[84.003809,28.117408],[84.004696,28.115925],[84.003493,28.114854],[83.998278,28.113554],[83.997157,28.110883],[83.992933,28.108895],[83.99395,28.107533],[83.99391,28.104473],[83.994901,28.102118],[83.99217,28.099433],[83.989618,28.09826],[83.987931,28.098593],[83.985939,28.097837],[83.981906,28.099252],[83.97602,28.094366],[83.975023,28.092171],[83.97311,28.090363],[83.969785,28.088485],[83.966259,28.088539],[83.961762,28.087317],[83.958814,28.083736],[83.958713,28.079792],[83.96134,28.079147],[83.965564,28.07689],[83.968214,28.076706],[83.96932,28.075244],[83.962017,28.071314],[83.955664,28.069677],[83.949673,28.066818],[83.939532,28.068373],[83.941102,28.064942],[83.941026,28.061459],[83.944682,28.056472],[83.947419,28.051257],[83.953077,28.051187],[83.954826,28.050551],[83.960678,28.044635],[83.961498,28.042456],[83.961152,28.040795],[83.963558,28.038691],[83.965158,28.038804],[83.967288,28.037482],[83.972281,28.038104],[83.980385,28.037478],[83.982501,28.039288],[83.985512,28.040428],[83.985964,28.042127],[83.988196,28.044433],[83.989733,28.044602],[83.991018,28.045631],[83.992596,28.045493],[83.995292,28.046978],[83.996799,28.045676],[83.996149,28.043788],[83.996532,28.038517],[83.996078,28.036859],[83.997281,28.034226],[83.998883,28.033685],[84.000299,28.03449],[84.00201,28.034438],[84.002795,28.033667],[84.002982,28.031756],[84.004372,28.030686],[84.010345,28.029073],[84.014369,28.028975],[84.015834,28.030697],[84.017117,28.030733],[84.019456,28.029198],[84.020225,28.02701],[84.028626,28.023935],[84.029458,28.022875],[84.029632,28.020431],[84.031833,28.019429],[84.027315,28.017361],[84.024521,28.013537],[84.019437,28.013482],[84.017716,28.012997],[84.016839,28.011952],[84.013405,28.013814],[84.006032,28.013858],[84.005048,28.012867],[84.004576,28.008653],[84.002357,28.006381],[84.000128,28.005641],[83.997802,28.006487],[83.991951,28.00613],[83.99148,28.005388],[83.992358,28.001458],[83.991166,27.999671],[83.988489,27.998017],[83.981874,27.998278],[83.979262,27.997537],[83.979796,27.994027],[83.981058,27.991832],[83.978724,27.989832],[83.978102,27.986398],[83.978808,27.982067],[83.980241,27.979872],[83.980839,27.977505],[83.979642,27.972765],[83.977397,27.970601],[83.977483,27.968229],[83.976436,27.966145],[83.974917,27.965587],[83.97263,27.962755],[83.971282,27.962236],[83.971241,27.960151],[83.969488,27.958619],[83.967819,27.959575],[83.9669,27.958081],[83.967416,27.956649],[83.966969,27.955117],[83.968212,27.953436],[83.968172,27.951239],[83.97025,27.948448],[83.969197,27.9373],[83.972193,27.935466],[83.974232,27.930138],[83.973294,27.927861],[83.973279,27.922719],[83.97591,27.921292],[83.97632,27.918616],[83.978054,27.916687],[83.978008,27.910149],[83.975405,27.90816],[83.974706,27.906234],[83.974713,27.903564],[83.974053,27.90263],[83.970872,27.901346],[83.968348,27.90237],[83.964359,27.899973],[83.960536,27.89918],[83.959664,27.897839],[83.953894,27.897348],[83.954757,27.89502],[83.952107,27.894651],[83.952969,27.892609],[83.951803,27.88938],[83.94936,27.891266],[83.948392,27.893095],[83.946421,27.894371],[83.944944,27.894865],[83.940862,27.894281],[83.940206,27.892428],[83.941215,27.891267],[83.940598,27.890139],[83.936844,27.8874],[83.936531,27.885336],[83.939531,27.882936],[83.938319,27.880871],[83.940461,27.879695],[83.940745,27.877842],[83.942143,27.875952],[83.939866,27.877831],[83.936908,27.877769],[83.932084,27.872428],[83.926557,27.868633],[83.924654,27.868194],[83.920263,27.871483],[83.913708,27.871064],[83.910624,27.872662],[83.910203,27.873749],[83.91367,27.87772],[83.910017,27.880213],[83.899206,27.882807],[83.892264,27.886073],[83.888616,27.885341],[83.88413,27.882497],[83.880881,27.882296],[83.880165,27.882977],[83.880281,27.887342],[83.877436,27.888319],[83.87319,27.885565],[83.861006,27.882291],[83.859951,27.879925],[83.861105,27.876341],[83.860276,27.874328],[83.858269,27.873509],[83.855111,27.873409],[83.851481,27.87454],[83.850763,27.876055],[83.851747,27.879571],[83.850911,27.881231],[83.848047,27.881923],[83.845088,27.881577],[83.843765,27.88056],[83.843544,27.879468],[83.846352,27.875667],[83.847339,27.872557],[83.846527,27.869327],[83.845393,27.868448],[83.840852,27.86824],[83.835825,27.869777],[83.827883,27.87338],[83.8208,27.877716],[83.815939,27.874118],[83.807107,27.873185],[83.804012,27.874862],[83.797278,27.882437],[83.791913,27.883506],[83.788479,27.885434],[83.785215,27.889188],[83.780637,27.897228],[83.774949,27.903284],[83.769258,27.906494],[83.766413,27.906927],[83.762154,27.909916],[83.756065,27.909145],[83.756181,27.907446],[83.758098,27.904618],[83.757893,27.903519],[83.756995,27.903064],[83.754461,27.903829],[83.750597,27.907034],[83.744627,27.907906],[83.742827,27.906208],[83.742414,27.904599],[83.74585,27.903373],[83.747395,27.901359],[83.746176,27.899807],[83.742898,27.900035],[83.735007,27.904458],[83.734314,27.907751],[83.733475,27.908627],[83.727234,27.910925],[83.72302,27.913782],[83.720343,27.918839],[83.718997,27.920163],[83.717199,27.920044],[83.710926,27.916539],[83.708956,27.916417],[83.701327,27.918454],[83.698217,27.916931],[83.695628,27.918225],[83.692699,27.921707],[83.689319,27.923861],[83.687604,27.922846],[83.685936,27.918093],[83.684223,27.916469],[83.682939,27.916362],[83.680929,27.917339],[83.679446,27.920059],[83.679593,27.920921],[83.682047,27.922887],[83.681884,27.924105],[83.679093,27.926484],[83.675543,27.927448],[83.673338,27.926691],[83.66991,27.924251],[83.665748,27.919738],[83.657062,27.906876],[83.65486,27.902435],[83.648928,27.902296],[83.646197,27.900468],[83.644654,27.89849],[83.64266,27.900128],[83.641882,27.901962],[83.640908,27.902345],[83.634199,27.899302],[83.632386,27.901953],[83.632441,27.905364],[83.631359,27.910165],[83.633616,27.913158],[83.633391,27.914103],[83.632386,27.914727],[83.626877,27.914595],[83.622276,27.916367],[83.620898,27.917607],[83.621566,27.919262],[83.626629,27.924729],[83.626034,27.926018],[83.620273,27.926431],[83.619144,27.927484],[83.618957,27.929259],[83.616324,27.930544],[83.61458,27.929637],[83.61319,27.927115],[83.610672,27.925125],[83.600587,27.923332],[83.599528,27.92362],[83.595467,27.929275],[83.592846,27.93114],[83.57451,27.930189],[83.5734,27.930914],[83.573332,27.931632],[83.576175,27.935034],[83.576292,27.937182],[83.573261,27.941425],[83.570909,27.942986],[83.569288,27.942516],[83.567511,27.940322],[83.567054,27.936587],[83.565508,27.934608],[83.564143,27.9342],[83.559751,27.934822],[83.552676,27.929513],[83.54835,27.928066],[83.545106,27.929211],[83.540608,27.927765],[83.537812,27.928038],[83.536219,27.931218],[83.537079,27.935136],[83.536693,27.937041],[83.53523,27.938236],[83.530896,27.939126],[83.529891,27.937943],[83.53077,27.935071],[83.530513,27.932083],[83.528476,27.930037],[83.525554,27.92526],[83.52397,27.924081],[83.522523,27.924493],[83.521785,27.925856],[83.522855,27.929911],[83.516253,27.937332],[83.512923,27.93942],[83.508601,27.940743],[83.505759,27.940175],[83.502801,27.937076],[83.50339,27.935632],[83.50492,27.934394],[83.506874,27.933393],[83.509189,27.93355],[83.509697,27.932907],[83.508621,27.931048],[83.505813,27.928507],[83.501176,27.927048],[83.497871,27.926924],[83.495563,27.927427],[83.492541,27.929097],[83.490371,27.929118],[83.488336,27.927292],[83.486102,27.923676],[83.483761,27.922659],[83.468145,27.928222],[83.464554,27.93161],[83.460385,27.934356],[83.452547,27.932655],[83.448807,27.928419],[83.443021,27.931929],[83.440047,27.93279],[83.440184,27.935089],[83.443698,27.937448],[83.445301,27.939295],[83.445188,27.940251],[83.442805,27.943053],[83.443375,27.944779],[83.449784,27.948044],[83.455815,27.949774],[83.461487,27.953817],[83.462765,27.95562],[83.464131,27.960503],[83.466538,27.964167],[83.474904,27.974092],[83.478164,27.975258],[83.480843,27.98041],[83.483072,27.98174],[83.486298,27.981811],[83.491461,27.978552],[83.50029,27.97684],[83.508338,27.9702],[83.509956,27.967891],[83.517099,27.966254],[83.521738,27.963862],[83.52665,27.966422],[83.528032,27.966025],[83.529197,27.964818],[83.530916,27.964715],[83.534035,27.96839],[83.538395,27.969307],[83.541035,27.971364],[83.545514,27.970955],[83.549858,27.97675],[83.554215,27.976412],[83.555217,27.975853],[83.556034,27.974171],[83.558614,27.973651],[83.570025,27.975973],[83.572717,27.975839],[83.577217,27.974282],[83.578844,27.975722],[83.57852,27.977892],[83.578994,27.979312],[83.579986,27.979661],[83.585101,27.978857],[83.584026,27.987432],[83.593287,27.989386],[83.596483,27.991309],[83.603203,27.997224],[83.603984,28.000127],[83.603031,28.002514],[83.605155,28.007416],[83.604803,28.01199],[83.60726,28.010102],[83.610398,28.012541],[83.611552,28.012578],[83.613545,28.011426],[83.614841,28.011829],[83.618301,28.009041],[83.6208,28.008222],[83.623195,28.008443],[83.62468,28.007515],[83.625728,28.005849],[83.626985,28.005437],[83.62724,28.01196],[83.63097,28.015916],[83.634971,28.017581],[83.638102,28.018223],[83.640386,28.016027],[83.646006,28.013314],[83.655814,28.011744],[83.662912,28.014326],[83.663676,28.013841],[83.665253,28.014896],[83.671012,28.014797],[83.672535,28.018508],[83.673104,28.017738],[83.675006,28.017413],[83.678421,28.018255],[83.68186,28.020991],[83.686058,28.022743],[83.687604,28.024772],[83.688984,28.028922],[83.693477,28.026931],[83.697751,28.032939],[83.694123,28.033951],[83.691108,28.032647],[83.690217,28.036688],[83.688394,28.038236],[83.69107,28.039812],[83.692328,28.039323],[83.693791,28.041619],[83.693155,28.043745],[83.694184,28.045471],[83.691553,28.047369],[83.692839,28.049073],[83.693889,28.052345],[83.695864,28.052724],[83.699195,28.052075],[83.702284,28.052666],[83.703159,28.054199],[83.706196,28.055724],[83.708024,28.059879],[83.710092,28.060789],[83.710816,28.062209],[83.712589,28.063582],[83.711379,28.067885],[83.710891,28.073492],[83.709818,28.075105],[83.708309,28.076],[83.708936,28.078242],[83.708786,28.081673],[83.710474,28.083102],[83.709264,28.085291],[83.703513,28.090244],[83.709573,28.090015],[83.711683,28.089305],[83.717264,28.090043],[83.720308,28.092944],[83.722763,28.09793],[83.726863,28.101183],[83.72993,28.101414],[83.727934,28.103897],[83.71916,28.108689],[83.715055,28.113407],[83.711285,28.114841],[83.710082,28.116018],[83.707072,28.116756],[83.705191,28.11846],[83.706665,28.119546],[83.708378,28.124935],[83.708627,28.12661],[83.707777,28.128262],[83.708726,28.13033],[83.711852,28.133464],[83.71844,28.13558],[83.72135,28.139038],[83.722846,28.1397],[83.725844,28.142892],[83.726497,28.144366],[83.730672,28.147986],[83.740534,28.149007],[83.744983,28.148091],[83.747715,28.148639],[83.753526,28.147506],[83.755791,28.145992],[83.759341,28.146129],[83.760164,28.148754],[83.763729,28.152914],[83.76431,28.154381],[83.764352,28.157962],[83.760323,28.163787],[83.762194,28.164749],[83.762515,28.166523],[83.764399,28.168121],[83.76593,28.170576],[83.761808,28.173297],[83.761351,28.175559],[83.757418,28.181912],[83.75719,28.186365],[83.756156,28.190252],[83.764053,28.191992],[83.772035,28.198381],[83.774471,28.198309],[83.777123,28.199561],[83.780724,28.197295],[83.783145,28.1968],[83.784009,28.199071],[83.786571,28.19921],[83.787716,28.20279],[83.791679,28.20396],[83.799301,28.208983],[83.802262,28.215157],[83.803489,28.221257],[83.804664,28.221536],[83.806471,28.21943],[83.809186,28.219934]]]}},
{"type":"Feature","properties":{"adm2_name":"Parbat","adm2_pcode":"NP0442","adm1_name":"Gandaki","adm1_pcode":"NP04"},"geometry":{"type":"Polygon","coordinates":[[[83.701139,28.397494],[83.702158,28.3946],[83.704287,28.392849],[83.705662,28.388582],[83.704993,28.387856],[83.709453,28.384491],[83.710645,28.382734],[83.7122,28.382256],[83.714806,28.378959],[83.716161,28.378921],[83.717641,28.377758],[83.717923,28.376335],[83.721224,28.376224],[83.723018,28.375177],[83.719718,28.372145],[83.718449,28.368221],[83.720369,28.364679],[83.72081,28.362128],[83.722833,28.359612],[83.725618,28.358769],[83.727524,28.35638],[83.727213,28.353548],[83.726096,28.3517],[83.72599,28.348943],[83.729077,28.346709],[83.733329,28.345718],[83.734964,28.34418],[83.737585,28.343141],[83.738995,28.341183],[83.739106,28.336685],[83.743677,28.330218],[83.746225,28.328556],[83.746439,28.327543],[83.749745,28.325573],[83.755697,28.323321],[83.758235,28.321297],[83.758605,28.319403],[83.761207,28.315924],[83.763427,28.315181],[83.764734,28.313758],[83.766478,28.31328],[83.767912,28.31201],[83.771692,28.311626],[83.774345,28.308991],[83.773508,28.30751],[83.77098,28.305811],[83.770346,28.303714],[83.768868,28.303563],[83.767712,28.300441],[83.764885,28.298683],[83.76461,28.296878],[83.762405,28.295182],[83.761473,28.29287],[83.766193,28.289691],[83.77277,28.287112],[83.774384,28.285278],[83.773969,28.282827],[83.771265,28.280064],[83.767122,28.277476],[83.766325,28.276321],[83.766629,28.274605],[83.765504,28.273847],[83.768465,28.272163],[83.769967,28.272102],[83.77186,28.270194],[83.776285,28.268049],[83.777053,28.268364],[83.778053,28.270362],[83.778922,28.269511],[83.781268,28.268851],[83.782556,28.267281],[83.78494,28.266944],[83.78816,28.265205],[83.789979,28.265416],[83.791745,28.263334],[83.795493,28.263472],[83.796839,28.262301],[83.799028,28.262135],[83.800808,28.260588],[83.807027,28.261784],[83.812016,28.260617],[83.814686,28.261257],[83.819926,28.26059],[83.822043,28.256333],[83.822672,28.25124],[83.818187,28.247342],[83.816309,28.244844],[83.814512,28.244506],[83.810262,28.241285],[83.79827,28.228483],[83.805279,28.223649],[83.807523,28.220895],[83.809186,28.219934],[83.806664,28.219373],[83.804664,28.221536],[83.803489,28.221257],[83.802262,28.215157],[83.799301,28.208983],[83.791679,28.20396],[83.787716,28.20279],[83.786571,28.19921],[83.784009,28.199071],[83.783145,28.1968],[83.780724,28.197295],[83.777123,28.199561],[83.774471,28.198309],[83.772035,28.198381],[83.764053,28.191992],[83.756156,28.190252],[83.75719,28.186365],[83.757418,28.181912],[83.761351,28.175559],[83.761808,28.173297],[83.76593,28.170576],[83.764399,28.168121],[83.762515,28.166523],[83.762194,28.164749],[83.760323,28.163787],[83.764352,28.157962],[83.76431,28.154381],[83.763729,28.152914],[83.760164,28.148754],[83.759341,28.146129],[83.755791,28.145992],[83.753526,28.147506],[83.747715,28.148639],[83.744983,28.148091],[83.740534,28.149007],[83.730672,28.147986],[83.726497,28.144366],[83.725844,28.142892],[83.722846,28.1397],[83.72135,28.139038],[83.71844,28.13558],[83.711852,28.133464],[83.708726,28.13033],[83.707777,28.128262],[83.708627,28.12661],[83.708378,28.124935],[83.706665,28.119546],[83.705191,28.11846],[83.707072,28.116756],[83.710082,28.116018],[83.711285,28.114841],[83.715055,28.113407],[83.71916,28.108689],[83.727934,28.103897],[83.72993,28.101414],[83.726863,28.101183],[83.722763,28.09793],[83.720308,28.092944],[83.717264,28.090043],[83.711683,28.089305],[83.709573,28.090015],[83.703513,28.090244],[83.709264,28.085291],[83.710474,28.083102],[83.708786,28.081673],[83.708936,28.078242],[83.708309,28.076],[83.709818,28.075105],[83.710891,28.073492],[83.711379,28.067885],[83.712589,28.063582],[83.710816,28.062209],[83.710092,28.060789],[83.708024,28.059879],[83.706196,28.055724],[83.703159,28.054199],[83.702284,28.052666],[83.699195,28.052075],[83.695864,28.052724],[83.693889,28.052345],[83.692839,28.049073],[83.691553,28.047369],[83.694184,28.045471],[83.693155,28.043745],[83.693791,28.041619],[83.692328,28.039323],[83.69107,28.039812],[83.688394,28.038236],[83.690217,28.036688],[83.691108,28.032647],[83.694123,28.033951],[83.697751,28.032939],[83.69441,28.027935],[83.693239,28.026781],[83.688984,28.028922],[83.687604,28.024772],[83.685496,28.02227],[83.68186,28.020991],[83.677818,28.018013],[83.675006,28.017413],[83.673104,28.017738],[83.672535,28.018508],[83.671012,28.014797],[83.665253,28.014896],[83.663676,28.013841],[83.662912,28.014326],[83.655814,28.011744],[83.646006,28.013314],[83.640386,28.016027],[83.638102,28.018223],[83.634971,28.017581],[83.63097,28.015916],[83.62724,28.01196],[83.627245,28.005702],[83.626642,28.00542],[83.623195,28.008443],[83.6208,28.008222],[83.618301,28.009041],[83.614841,28.011829],[83.613545,28.011426],[83.610909,28.012644],[83.609256,28.01191],[83.607772,28.010207],[83.606552,28.010206],[83.603634,28.013631],[83.598703,28.015095],[83.597603,28.018589],[83.595817,28.021079],[83.594755,28.021691],[83.591813,28.021146],[83.591035,28.021534],[83.590763,28.024297],[83.589936,28.025943],[83.584501,28.025873],[83.58372,28.026374],[83.581159,28.029062],[83.578315,28.033924],[83.574511,28.032511],[83.570718,28.032626],[83.56452,28.034039],[83.561773,28.035296],[83.561572,28.036687],[83.563835,28.039068],[83.56393,28.040634],[83.56232,28.041813],[83.55985,28.04214],[83.559049,28.043563],[83.561444,28.048881],[83.561555,28.052787],[83.563909,28.058026],[83.560804,28.06416],[83.562936,28.064783],[83.566478,28.064507],[83.567835,28.065292],[83.572426,28.073598],[83.58073,28.07754],[83.58119,28.081275],[83.585927,28.080071],[83.587983,28.080105],[83.589339,28.080833],[83.589773,28.083842],[83.592012,28.086971],[83.596674,28.092584],[83.59979,28.094563],[83.600944,28.096012],[83.601506,28.098274],[83.601424,28.103161],[83.604264,28.107542],[83.604663,28.11053],[83.609516,28.112534],[83.613088,28.115549],[83.618826,28.118371],[83.622845,28.121509],[83.628674,28.12197],[83.629862,28.122776],[83.631409,28.12602],[83.633213,28.127794],[83.632607,28.130621],[83.633,28.132098],[83.639145,28.136753],[83.636456,28.140179],[83.63769,28.145469],[83.637374,28.147228],[83.63659,28.148487],[83.634242,28.149789],[83.633738,28.150972],[83.638059,28.154237],[83.637697,28.156379],[83.636391,28.158684],[83.637037,28.16091],[83.638375,28.162488],[83.642664,28.165198],[83.643786,28.166926],[83.643779,28.167786],[83.641051,28.170996],[83.639391,28.17471],[83.644946,28.177612],[83.646808,28.180816],[83.647946,28.186211],[83.65159,28.186656],[83.65369,28.189745],[83.653931,28.191887],[83.655268,28.193711],[83.658227,28.19398],[83.659157,28.198648],[83.660333,28.199151],[83.663748,28.198715],[83.671095,28.203875],[83.671424,28.20594],[83.669174,28.208182],[83.669038,28.209251],[83.674249,28.213942],[83.67409,28.218508],[83.672785,28.220928],[83.672619,28.223297],[83.671036,28.225391],[83.669031,28.226374],[83.667843,28.230477],[83.665645,28.231345],[83.663014,28.230321],[83.660014,28.230542],[83.659067,28.234476],[83.65727,28.237319],[83.652556,28.237629],[83.649969,28.237027],[83.648488,28.23752],[83.635189,28.246478],[83.630499,28.246406],[83.629675,28.247837],[83.629524,28.250469],[83.623255,28.25042],[83.617379,28.253705],[83.615948,28.257714],[83.613984,28.258593],[83.609868,28.259037],[83.608916,28.261816],[83.610326,28.264509],[83.610599,28.266829],[83.609494,28.267769],[83.605872,28.268815],[83.605082,28.270719],[83.605771,28.27484],[83.604867,28.278743],[83.607365,28.283036],[83.607621,28.284925],[83.605867,28.286019],[83.602482,28.286562],[83.600348,28.289281],[83.600345,28.292925],[83.6022,28.297011],[83.601105,28.299474],[83.600539,28.303127],[83.601013,28.305335],[83.600706,28.308693],[83.599814,28.310644],[83.597248,28.312608],[83.597041,28.31527],[83.592126,28.318177],[83.590774,28.321658],[83.584174,28.3271],[83.582028,28.329823],[83.574876,28.334158],[83.572939,28.340178],[83.56846,28.340425],[83.567721,28.342713],[83.567682,28.345857],[83.568567,28.348933],[83.565808,28.353641],[83.565302,28.355781],[83.566858,28.363567],[83.566614,28.366217],[83.569443,28.371099],[83.568933,28.373159],[83.569534,28.374424],[83.572137,28.375373],[83.575363,28.37539],[83.575726,28.377083],[83.578355,28.378921],[83.58388,28.380736],[83.585153,28.383334],[83.587956,28.385676],[83.588503,28.387581],[83.592263,28.389871],[83.592569,28.391341],[83.596661,28.391678],[83.611344,28.385692],[83.614058,28.383864],[83.61644,28.3838],[83.622722,28.38114],[83.626585,28.380797],[83.628297,28.377404],[83.628826,28.374344],[83.630763,28.3711],[83.632901,28.369403],[83.633956,28.366114],[83.637352,28.364842],[83.638799,28.362341],[83.642859,28.360698],[83.645832,28.357593],[83.649461,28.356454],[83.648979,28.354691],[83.649777,28.352198],[83.658002,28.348058],[83.662398,28.348913],[83.664555,28.350116],[83.665599,28.352172],[83.669374,28.355886],[83.670792,28.360074],[83.672444,28.360892],[83.673767,28.362657],[83.674362,28.367083],[83.679432,28.371354],[83.677694,28.37667],[83.678053,28.378694],[83.680518,28.383018],[83.682164,28.38454],[83.681944,28.3863],[83.682756,28.389643],[83.685308,28.39421],[83.688424,28.397482],[83.6879,28.398764],[83.691329,28.397594],[83.69655,28.399569],[83.699418,28.399616],[83.701139,28.397494]]]}},
{"type":"Feature","properties":{"adm2_name":"Baglung","adm2_pcode":"NP0443","adm1_name":"Gandaki","adm1_pcode":"NP04"},"geometry":{"type":"MultiPolygon","coordinates":[[[[83.3,28.358015],[83.301482,28.356216],[83.302157,28.355879],[83.305149,28.356587],[83.309303,28.354812],[83.311814,28.354534],[83.312536,28.355404],[83.312347,28.356436],[83.313845,28.35745],[83.320309,28.358782],[83.322576,28.363253],[83.325361,28.36493],[83.327681,28.365913],[83.331322,28.365261],[83.333145,28.365742],[83.334831,28.368137],[83.335522,28.370845],[83.338867,28.368946],[83.341828,28.37146],[83.348774,28.369476],[83.352824,28.369608],[83.355224,28.370626],[83.363456,28.370644],[83.364773,28.368916],[83.365224,28.365841],[83.369511,28.364349],[83.372387,28.360396],[83.377646,28.355344],[83.380431,28.35607],[83.381905,28.357922],[83.384005,28.358284],[83.38598,28.356943],[83.388746,28.356617],[83.390635,28.355525],[83.39338,28.355485],[83.403083,28.358274],[83.411221,28.357436],[83.41264,28.355696],[83.419007,28.352445],[83.418578,28.349448],[83.42099,28.347901],[83.424306,28.343947],[83.424264,28.341102],[83.431517,28.340487],[83.436359,28.34083],[83.438769,28.340294],[83.440858,28.336894],[83.441289,28.333035],[83.442192,28.33187],[83.442536,28.329465],[83.443396,28.328719],[83.445419,28.328813],[83.450819,28.327357],[83.454779,28.328005],[83.456262,28.325827],[83.458855,28.32579],[83.464105,28.324414],[83.466934,28.325064],[83.470768,28.323249],[83.472847,28.323307],[83.476532,28.322256],[83.478975,28.322811],[83.479682,28.321988],[83.48206,28.322085],[83.483366,28.320193],[83.484523,28.32004],[83.492174,28.322663],[83.494725,28.324134],[83.496225,28.323754],[83.497863,28.324326],[83.500082,28.322401],[83.502633,28.322103],[83.503306,28.320694],[83.507062,28.319024],[83.509627,28.316696],[83.520056,28.31547],[83.523546,28.316087],[83.525375,28.315017],[83.526947,28.315018],[83.531129,28.312253],[83.531839,28.310469],[83.531956,28.306708],[83.53511,28.303154],[83.540654,28.307904],[83.542531,28.310816],[83.546383,28.313536],[83.552466,28.314028],[83.559091,28.316639],[83.562614,28.317005],[83.569675,28.314442],[83.570689,28.313292],[83.574636,28.312865],[83.577055,28.311455],[83.584501,28.309872],[83.5863,28.308752],[83.591645,28.301388],[83.595906,28.30053],[83.599966,28.298239],[83.601486,28.298406],[83.602201,28.297196],[83.600345,28.292925],[83.600348,28.289281],[83.602482,28.286562],[83.605867,28.286019],[83.607621,28.284925],[83.607365,28.283036],[83.604867,28.278743],[83.605771,28.27484],[83.605082,28.270719],[83.605872,28.268815],[83.609494,28.267769],[83.610599,28.266829],[83.610326,28.264509],[83.608916,28.261816],[83.609868,28.259037],[83.613984,28.258593],[83.615948,28.257714],[83.617379,28.253705],[83.623255,28.25042],[83.629524,28.250469],[83.629675,28.247837],[83.630499,28.246406],[83.635189,28.246478],[83.648488,28.23752],[83.649969,28.237027],[83.652556,28.237629],[83.65727,28.237319],[83.659067,28.234476],[83.659473,28.231343],[83.660444,28.230315],[83.663014,28.230321],[83.665645,28.231345],[83.667843,28.230477],[83.669031,28.226374],[83.671036,28.225391],[83.672619,28.223297],[83.672785,28.220928],[83.674202,28.21782],[83.674122,28.213712],[83.669038,28.209251],[83.669174,28.208182],[83.671163,28.206415],[83.671561,28.204794],[83.669771,28.20278],[83.663748,28.198715],[83.660333,28.199151],[83.659157,28.198648],[83.658227,28.19398],[83.655268,28.193711],[83.653931,28.191887],[83.65369,28.189745],[83.65159,28.186656],[83.647946,28.186211],[83.646808,28.180816],[83.644946,28.177612],[83.639391,28.17471],[83.641051,28.170996],[83.643779,28.167786],[83.643786,28.166926],[83.642664,28.165198],[83.638375,28.162488],[83.637037,28.16091],[83.636391,28.158684],[83.637697,28.156379],[83.638059,28.154237],[83.633738,28.150972],[83.634242,28.149789],[83.63659,28.148487],[83.637374,28.147228],[83.63769,28.145469],[83.636456,28.140179],[83.638642,28.137821],[83.639001,28.136215],[83.637398,28.135785],[83.635428,28.13353],[83.633,28.132098],[83.632607,28.130621],[83.633213,28.127794],[83.631409,28.12602],[83.629146,28.122097],[83.622845,28.121509],[83.618826,28.118371],[83.613088,28.115549],[83.609516,28.112534],[83.604663,28.11053],[83.604264,28.107542],[83.601424,28.103161],[83.601506,28.098274],[83.600944,28.096012],[83.59979,28.094563],[83.596674,28.092584],[83.592012,28.086971],[83.589773,28.083842],[83.589339,28.080833],[83.587983,28.080105],[83.585927,28.080071],[83.58119,28.081275],[83.580562,28.077384],[83.576294,28.081684],[83.575044,28.087533],[83.571492,28.089338],[83.567047,28.089676],[83.563162,28.092087],[83.562105,28.094633],[83.564982,28.098877],[83.564815,28.100938],[83.560242,28.104468],[83.558586,28.104672],[83.555075,28.106554],[83.554621,28.11247],[83.554042,28.11361],[83.554396,28.11669],[83.548109,28.119851],[83.544181,28.120826],[83.538488,28.120209],[83.531871,28.116516],[83.525226,28.120811],[83.520804,28.119961],[83.516916,28.121412],[83.510233,28.126943],[83.509229,28.126118],[83.507866,28.126607],[83.505367,28.125655],[83.504695,28.123539],[83.500468,28.119785],[83.499558,28.117458],[83.494432,28.11632],[83.489889,28.113594],[83.48596,28.113241],[83.482348,28.117186],[83.477722,28.117392],[83.474009,28.118971],[83.476458,28.122599],[83.478136,28.130077],[83.473591,28.132269],[83.471375,28.131638],[83.466608,28.13205],[83.465374,28.130599],[83.462495,28.1299],[83.461116,28.130237],[83.458332,28.132444],[83.457393,28.132314],[83.453755,28.129815],[83.451029,28.126375],[83.445903,28.125015],[83.443501,28.12586],[83.442019,28.128187],[83.43864,28.130964],[83.436092,28.129378],[83.431797,28.129352],[83.426918,28.126087],[83.423595,28.125787],[83.423198,28.125169],[83.419717,28.128746],[83.420037,28.131198],[83.418381,28.1348],[83.418103,28.137071],[83.413497,28.137744],[83.411254,28.140978],[83.411132,28.144033],[83.406689,28.14578],[83.406019,28.148426],[83.399658,28.150794],[83.398033,28.153101],[83.394667,28.155861],[83.393845,28.159977],[83.391184,28.164047],[83.390012,28.167317],[83.384106,28.163771],[83.375217,28.174375],[83.373371,28.175783],[83.370374,28.176469],[83.369735,28.178616],[83.370248,28.181432],[83.369783,28.182698],[83.364281,28.186065],[83.363838,28.187345],[83.364294,28.188601],[83.362805,28.190112],[83.362404,28.192351],[83.35758,28.195326],[83.355722,28.195663],[83.355418,28.197423],[83.352435,28.197694],[83.350211,28.194437],[83.348253,28.194466],[83.347096,28.19324],[83.344191,28.193359],[83.338052,28.190008],[83.335232,28.190207],[83.330117,28.188997],[83.327276,28.189139],[83.324882,28.190445],[83.320925,28.189893],[83.318748,28.19076],[83.316405,28.190328],[83.313551,28.193238],[83.310556,28.194103],[83.30774,28.197588],[83.306186,28.19783],[83.300664,28.195269],[83.3,28.194658],[83.3,28.358015]]],[[[83.3,28.461786],[83.300353,28.461353],[83.300263,28.45881],[83.3,28.458405],[83.3,28.461786]]]]}},
{"type":"Feature","properties":{"adm2_name":"Myagdi","adm2_pcode":"NP0444","adm1_name":"Gandaki","adm1_pcode":"NP04"},"geometry":{"type":"Polygon","coordinates":[[[83.3,28.458405],[83.300263,28.45881],[83.300353,28.461353],[83.3,28.461786],[83.3,28.73189],[83.308468,28.732639],[83.312993,28.735592],[83.319959,28.736085],[83.325453,28.737881],[83.331165,28.738142],[83.345289,28.735563],[83.349817,28.735986],[83.356145,28.733623],[83.361903,28.734108],[83.363731,28.736537],[83.374231,28.744473],[83.376065,28.747497],[83.377546,28.753949],[83.383248,28.756427],[83.3884,28.763029],[83.400168,28.760708],[83.410327,28.760595],[83.425682,28.765935],[83.42926,28.766433],[83.436318,28.768744],[83.442161,28.769634],[83.445989,28.768878],[83.456184,28.773723],[83.458655,28.7762],[83.461069,28.780043],[83.464038,28.780124],[83.4701,28.78173],[83.475992,28.781739],[83.483344,28.782812],[83.484276,28.786966],[83.486807,28.790633],[83.492491,28.789964],[83.497854,28.790372],[83.500348,28.79298],[83.502911,28.793686],[83.504711,28.793094],[83.506036,28.790127],[83.508083,28.788098],[83.511905,28.788025],[83.514943,28.787145],[83.518961,28.785422],[83.522509,28.78299],[83.528116,28.782912],[83.533509,28.781501],[83.54132,28.776888],[83.546027,28.776369],[83.548781,28.775379],[83.551725,28.773068],[83.553457,28.770755],[83.556013,28.764476],[83.553641,28.756952],[83.555349,28.756556],[83.557615,28.754227],[83.558584,28.746236],[83.556669,28.743064],[83.551314,28.73909],[83.549255,28.736225],[83.546142,28.727185],[83.54168,28.720382],[83.537126,28.711069],[83.536318,28.707108],[83.536539,28.704196],[83.53959,28.697168],[83.538515,28.696037],[83.535471,28.695203],[83.530978,28.692287],[83.527439,28.688374],[83.529956,28.687407],[83.534548,28.682587],[83.535731,28.678521],[83.53705,28.677492],[83.53776,28.674862],[83.540583,28.671652],[83.5403,28.667887],[83.543611,28.654787],[83.547292,28.650716],[83.551507,28.650385],[83.55989,28.646115],[83.56137,28.644214],[83.561332,28.639539],[83.564559,28.632061],[83.564277,28.627848],[83.561455,28.61975],[83.563278,28.611817],[83.565521,28.609824],[83.56395,28.607062],[83.565986,28.604375],[83.568008,28.60304],[83.570091,28.599294],[83.570419,28.597442],[83.569229,28.593704],[83.575286,28.588612],[83.579572,28.583401],[83.589009,28.589787],[83.596538,28.589257],[83.600886,28.587497],[83.60245,28.586141],[83.605799,28.585946],[83.607271,28.584764],[83.610483,28.584995],[83.612833,28.58394],[83.617082,28.578558],[83.620789,28.575926],[83.6425,28.572995],[83.641439,28.570934],[83.638098,28.568384],[83.637674,28.56648],[83.655262,28.564667],[83.663256,28.566909],[83.66518,28.572836],[83.669543,28.574604],[83.672357,28.576755],[83.672841,28.581037],[83.676644,28.585087],[83.679199,28.594631],[83.682296,28.597642],[83.683227,28.599489],[83.684282,28.609383],[83.68582,28.613628],[83.68789,28.614992],[83.694419,28.615312],[83.697186,28.617324],[83.70171,28.624255],[83.705417,28.631636],[83.705997,28.638939],[83.706737,28.640169],[83.71483,28.645063],[83.720432,28.652266],[83.722343,28.653191],[83.727523,28.653689],[83.729922,28.654754],[83.730079,28.65527],[83.727257,28.658707],[83.727775,28.666931],[83.72957,28.66876],[83.736593,28.67244],[83.73596,28.678027],[83.740911,28.684016],[83.744374,28.690115],[83.749149,28.688063],[83.75407,28.68865],[83.762972,28.688255],[83.767282,28.686448],[83.776782,28.688696],[83.786825,28.692841],[83.789147,28.69318],[83.797902,28.687324],[83.803532,28.684927],[83.811734,28.682638],[83.821449,28.674514],[83.829037,28.670655],[83.835176,28.66611],[83.84169,28.658364],[83.847325,28.655494],[83.849992,28.653349],[83.855107,28.645953],[83.856989,28.64023],[83.862484,28.631963],[83.864412,28.626363],[83.869704,28.619341],[83.870065,28.616937],[83.871195,28.614907],[83.871194,28.613075],[83.862493,28.609951],[83.857377,28.609096],[83.854568,28.607367],[83.851067,28.604045],[83.848412,28.602981],[83.844058,28.603064],[83.840466,28.600567],[83.836219,28.599085],[83.829732,28.59537],[83.819213,28.595311],[83.813471,28.591516],[83.809175,28.589676],[83.801791,28.579879],[83.801139,28.576794],[83.802859,28.573789],[83.804905,28.571906],[83.806994,28.563704],[83.808473,28.56238],[83.810334,28.55862],[83.812381,28.557564],[83.817363,28.551085],[83.820173,28.548524],[83.822954,28.546993],[83.827547,28.541845],[83.827793,28.538571],[83.828853,28.536669],[83.82854,28.53427],[83.827426,28.532543],[83.821707,28.529375],[83.813457,28.518195],[83.810976,28.517404],[83.805912,28.518412],[83.801481,28.515405],[83.794029,28.506954],[83.788531,28.502743],[83.787281,28.499535],[83.781802,28.49605],[83.780983,28.494381],[83.780442,28.490462],[83.775007,28.485041],[83.773712,28.48186],[83.772437,28.480401],[83.769827,28.478932],[83.765316,28.479247],[83.762023,28.477391],[83.756997,28.475916],[83.754583,28.474779],[83.752145,28.471955],[83.754285,28.462359],[83.753394,28.458335],[83.749586,28.45492],[83.748333,28.451213],[83.745682,28.449687],[83.743693,28.445817],[83.736397,28.438399],[83.736296,28.437228],[83.737658,28.434708],[83.737345,28.433126],[83.736186,28.431184],[83.735373,28.426975],[83.732829,28.421127],[83.731739,28.420206],[83.734055,28.416538],[83.736735,28.414355],[83.73723,28.411412],[83.738782,28.408651],[83.741679,28.407012],[83.745193,28.402628],[83.746348,28.402227],[83.751712,28.403013],[83.7544,28.406199],[83.757184,28.405479],[83.75854,28.403679],[83.75847,28.399135],[83.759673,28.395979],[83.759147,28.393629],[83.756542,28.392409],[83.755637,28.393551],[83.748136,28.393878],[83.743797,28.394703],[83.737663,28.394215],[83.729669,28.396207],[83.726348,28.395634],[83.71965,28.396525],[83.716207,28.395447],[83.712713,28.395444],[83.706243,28.398575],[83.702075,28.399511],[83.700503,28.398486],[83.699418,28.399616],[83.696927,28.399651],[83.691329,28.397594],[83.6879,28.398764],[83.688424,28.397482],[83.685308,28.39421],[83.682756,28.389643],[83.681944,28.3863],[83.682164,28.38454],[83.680518,28.383018],[83.678053,28.378694],[83.677694,28.37667],[83.679432,28.371354],[83.674362,28.367083],[83.673591,28.362292],[83.670792,28.360074],[83.669374,28.355886],[83.665599,28.352172],[83.664555,28.350116],[83.662398,28.348913],[83.658002,28.348058],[83.649777,28.352198],[83.648979,28.354691],[83.649461,28.356454],[83.645832,28.357593],[83.642859,28.360698],[83.638799,28.362341],[83.637352,28.364842],[83.633956,28.366114],[83.632901,28.369403],[83.630763,28.3711],[83.628826,28.374344],[83.628297,28.377404],[83.626585,28.380797],[83.622722,28.38114],[83.61644,28.3838],[83.614058,28.383864],[83.611344,28.385692],[83.597283,28.391497],[83.592712,28.391454],[83.592263,28.389871],[83.588503,28.387581],[83.587956,28.385676],[83.585153,28.383334],[83.58388,28.380736],[83.578355,28.378921],[83.575726,28.377083],[83.575363,28.37539],[83.572137,28.375373],[83.569534,28.374424],[83.568933,28.373159],[83.569443,28.371099],[83.566614,28.366217],[83.566858,28.363567],[83.565277,28.357139],[83.565808,28.353641],[83.568567,28.348933],[83.567682,28.345857],[83.568208,28.341024],[83.568784,28.340223],[83.572939,28.340178],[83.574876,28.334158],[83.582028,28.329823],[83.584174,28.3271],[83.590774,28.321658],[83.592126,28.318177],[83.597041,28.31527],[83.597248,28.312608],[83.599814,28.310644],[83.600706,28.308693],[83.601111,28.298154],[83.595906,28.30053],[83.591645,28.301388],[83.588392,28.30624],[83.585115,28.309639],[83.577055,28.311455],[83.574636,28.312865],[83.570689,28.313292],[83.569675,28.314442],[83.562614,28.317005],[83.558374,28.316522],[83.552466,28.314028],[83.546383,28.313536],[83.542531,28.310816],[83.540654,28.307904],[83.53511,28.303154],[83.531956,28.306708],[83.531839,28.310469],[83.531129,28.312253],[83.526947,28.315018],[83.525375,28.315017],[83.523546,28.316087],[83.520056,28.31547],[83.509627,28.316696],[83.507062,28.319024],[83.503306,28.320694],[83.502633,28.322103],[83.500082,28.322401],[83.497863,28.324326],[83.496225,28.323754],[83.494725,28.324134],[83.492174,28.322663],[83.484523,28.32004],[83.483366,28.320193],[83.48206,28.322085],[83.479682,28.321988],[83.478975,28.322811],[83.476532,28.322256],[83.472847,28.323307],[83.470768,28.323249],[83.466934,28.325064],[83.464105,28.324414],[83.458855,28.32579],[83.456262,28.325827],[83.454779,28.328005],[83.450819,28.327357],[83.445419,28.328813],[83.443396,28.328719],[83.442536,28.329465],[83.442192,28.33187],[83.441289,28.333035],[83.440858,28.336894],[83.438769,28.340294],[83.436359,28.34083],[83.431517,28.340487],[83.424264,28.341102],[83.424306,28.343947],[83.42099,28.347901],[83.418578,28.349448],[83.419007,28.352445],[83.41264,28.355696],[83.411221,28.357436],[83.403083,28.358274],[83.39338,28.355485],[83.390635,28.355525],[83.388746,28.356617],[83.38598,28.356943],[83.384005,28.358284],[83.381905,28.357922],[83.380431,28.35607],[83.377646,28.355344],[83.372387,28.360396],[83.369511,28.364349],[83.365224,28.365841],[83.364773,28.368916],[83.363456,28.370644],[83.355224,28.370626],[83.352824,28.369608],[83.348774,28.369476],[83.341828,28.37146],[83.338867,28.368946],[83.335522,28.370845],[83.334831,28.368137],[83.333145,28.365742],[83.331322,28.365261],[83.327681,28.365913],[83.325361,28.36493],[83.322576,28.363253],[83.320309,28.358782],[83.313845,28.35745],[83.312347,28.356436],[83.312072,28.354632],[83.309303,28.354812],[83.305149,28.356587],[83.302157,28.355879],[83.300695,28.35684],[83.3,28.357778],[83.3,28.458405]]]}},
{"type":"Feature","properties":{"adm2_name":"Mustang","adm2_pcode":"NP0445","adm1_name":"Gandaki","adm1_pcode":"NP04"},"geometry":{"type":"Polygon","coordinates":[[[83.986782,29.322778],[83.988316,29.320856],[83.991619,29.320433],[83.995004,29.316772],[83.999078,29.314708],[84.000921,29.311766],[84.000848,29.309069],[83.9994,29.306529],[83.997201,29.305004],[83.992915,29.303384],[83.989521,29.303269],[83.988912,29.302583],[83.987665,29.30046],[83.989871,29.298371],[83.989845,29.296348],[83.989872,29.298372],[83.996341,29.296594],[83.998409,29.294834],[84.004221,29.295875],[84.008715,29.294941],[84.011819,29.293484],[84.015634,29.288958],[84.019265,29.289494],[84.023148,29.289162],[84.025055,29.28781],[84.02629,29.285575],[84.030036,29.293206],[84.038579,29.297972],[84.042012,29.300669],[84.043751,29.300774],[84.052951,29.297377],[84.052997,29.29398],[84.055026,29.292565],[84.056323,29.290317],[84.059916,29.289569],[84.063189,29.289745],[84.068666,29.285267],[84.071534,29.285276],[84.080452,29.288444],[84.08557,29.294475],[84.087676,29.294563],[84.099446,29.290537],[84.100888,29.28952],[84.102155,29.286967],[84.108501,29.285046],[84.114444,29.280227],[84.117251,29.279224],[84.120028,29.279685],[84.117701,29.277896],[84.117419,29.276758],[84.119265,29.274628],[84.121744,29.273523],[84.121546,29.270308],[84.118548,29.265109],[84.112263,29.262992],[84.112842,29.262284],[84.112766,29.260652],[84.114757,29.258582],[84.111714,29.253736],[84.113529,29.251823],[84.112217,29.248097],[84.116222,29.244145],[84.11935,29.245305],[84.123973,29.243674],[84.127894,29.24311],[84.132555,29.241191],[84.141068,29.236172],[84.151145,29.240707],[84.157293,29.241705],[84.16763,29.240995],[84.171803,29.239985],[84.173244,29.238705],[84.17924,29.237731],[84.181109,29.240399],[84.182742,29.241537],[84.192521,29.244154],[84.194634,29.243841],[84.195733,29.242022],[84.200905,29.24004],[84.201317,29.238318],[84.202827,29.236596],[84.198853,29.230951],[84.197709,29.225363],[84.198357,29.223294],[84.197488,29.220717],[84.198929,29.218728],[84.199616,29.213906],[84.194726,29.211749],[84.188204,29.205744],[84.186221,29.205881],[84.181095,29.20782],[84.17741,29.206764],[84.176914,29.205139],[84.172948,29.201042],[84.168424,29.19985],[84.164221,29.194825],[84.163725,29.194056],[84.1667,29.190289],[84.165548,29.188033],[84.162169,29.18523],[84.164961,29.179232],[84.166914,29.177431],[84.1668,29.174025],[84.169142,29.172108],[84.165824,29.164104],[84.167494,29.157389],[84.170675,29.15429],[84.173277,29.149779],[84.173887,29.144206],[84.172705,29.14061],[84.174231,29.13649],[84.173803,29.133936],[84.174688,29.130841],[84.177023,29.129308],[84.186413,29.126315],[84.200846,29.123953],[84.199794,29.112677],[84.201243,29.108053],[84.201594,29.103758],[84.198009,29.099528],[84.195896,29.099085],[84.195095,29.096571],[84.195942,29.094403],[84.195698,29.092973],[84.190633,29.08468],[84.186018,29.080723],[84.187757,29.077759],[84.186155,29.073796],[84.186399,29.068242],[84.188604,29.0647],[84.18833,29.057158],[84.189703,29.050635],[84.189566,29.04692],[84.196324,29.046542],[84.20145,29.049708],[84.207492,29.052098],[84.208903,29.053643],[84.221452,29.053449],[84.226967,29.051351],[84.235847,29.044563],[84.2378,29.044253],[84.239898,29.044886],[84.242171,29.044243],[84.247747,29.037238],[84.247747,29.032632],[84.246527,29.029167],[84.247748,29.027733],[84.247748,29.012639],[84.243697,29.009071],[84.242622,29.006887],[84.241203,29.001202],[84.23938,28.997364],[84.240951,28.992243],[84.238162,28.987673],[84.239162,28.98473],[84.238514,28.981929],[84.241688,28.976101],[84.238921,28.971416],[84.239215,28.96902],[84.238217,28.968399],[84.235295,28.968384],[84.234548,28.965777],[84.235186,28.9642],[84.232114,28.961363],[84.231357,28.959652],[84.230633,28.957395],[84.231035,28.954026],[84.229226,28.94665],[84.227103,28.942235],[84.225486,28.941732],[84.225914,28.939958],[84.224815,28.933653],[84.224489,28.925907],[84.222459,28.923397],[84.222917,28.920263],[84.220363,28.915614],[84.220787,28.912089],[84.225348,28.903516],[84.225487,28.901161],[84.224605,28.897348],[84.225791,28.893966],[84.222602,28.891829],[84.220212,28.891575],[84.212805,28.894745],[84.208304,28.895645],[84.204039,28.895533],[84.200363,28.897539],[84.19352,28.899265],[84.186983,28.899553],[84.184276,28.900258],[84.177204,28.894829],[84.175804,28.892017],[84.174484,28.890966],[84.17002,28.881634],[84.16803,28.88115],[84.162195,28.877841],[84.159149,28.873211],[84.15753,28.872184],[84.155877,28.872418],[84.15235,28.875483],[84.149226,28.876861],[84.146255,28.880171],[84.138383,28.879301],[84.137856,28.881542],[84.135554,28.883284],[84.134851,28.885654],[84.13051,28.888568],[84.12655,28.888754],[84.124248,28.884324],[84.121342,28.882747],[84.115276,28.880975],[84.108495,28.884895],[84.095687,28.88733],[84.094041,28.883559],[84.093776,28.881158],[84.089893,28.879327],[84.091604,28.873402],[84.088844,28.871727],[84.084192,28.86599],[84.084382,28.863391],[84.085443,28.860902],[84.088962,28.855357],[84.08578,28.852641],[84.084825,28.849549],[84.083055,28.849508],[84.077131,28.847279],[84.072024,28.841685],[84.06432,28.840859],[84.060643,28.839051],[84.058212,28.839858],[84.056585,28.842059],[84.053495,28.842825],[84.051702,28.842556],[84.050162,28.836846],[84.046943,28.833011],[84.045769,28.830189],[84.047264,28.822494],[84.045244,28.821888],[84.043337,28.818031],[84.040779,28.817337],[84.039345,28.814906],[84.036782,28.813088],[84.030994,28.811623],[84.026919,28.811297],[84.025172,28.81014],[84.02402,28.809001],[84.02384,28.806727],[84.024519,28.804128],[84.023135,28.801904],[84.022311,28.801187],[84.018093,28.801361],[84.014553,28.797455],[84.004568,28.801731],[84.003034,28.805844],[84.000471,28.807742],[83.997778,28.812044],[83.99491,28.813347],[83.984612,28.814834],[83.97846,28.817161],[83.970781,28.816356],[83.967501,28.817146],[83.963885,28.826735],[83.959674,28.833849],[83.956623,28.835008],[83.950247,28.83472],[83.943039,28.830485],[83.93817,28.824652],[83.940255,28.820159],[83.937407,28.814847],[83.937502,28.812293],[83.93891,28.810203],[83.941911,28.808754],[83.942099,28.806314],[83.940681,28.798538],[83.938851,28.793444],[83.939612,28.792337],[83.938819,28.788419],[83.935708,28.784834],[83.933123,28.783244],[83.923181,28.779827],[83.916711,28.77836],[83.911891,28.779434],[83.907428,28.778439],[83.897214,28.770484],[83.89557,28.76793],[83.893624,28.759983],[83.893698,28.756241],[83.890578,28.751175],[83.891371,28.748086],[83.891066,28.743682],[83.884209,28.741267],[83.881099,28.738607],[83.878663,28.73775],[83.872606,28.729388],[83.871912,28.727001],[83.866694,28.726215],[83.864001,28.722714],[83.858059,28.724152],[83.855839,28.726],[83.853848,28.726679],[83.849866,28.726316],[83.845011,28.726955],[83.836205,28.724041],[83.834441,28.722216],[83.83168,28.721173],[83.830158,28.718879],[83.826973,28.719097],[83.823808,28.717842],[83.822254,28.718045],[83.821658,28.715401],[83.819033,28.714093],[83.814387,28.714741],[83.812586,28.714184],[83.80103,28.702463],[83.79778,28.700916],[83.793486,28.697654],[83.790597,28.696848],[83.789147,28.69318],[83.786825,28.692841],[83.776782,28.688696],[83.767282,28.686448],[83.762972,28.688255],[83.75407,28.68865],[83.749149,28.688063],[83.744374,28.690115],[83.740911,28.684016],[83.73596,28.678027],[83.736593,28.67244],[83.72957,28.66876],[83.727775,28.666931],[83.727257,28.658707],[83.730079,28.65527],[83.729922,28.654754],[83.727523,28.653689],[83.722343,28.653191],[83.720432,28.652266],[83.71483,28.645063],[83.706737,28.640169],[83.705997,28.638939],[83.705417,28.631636],[83.70171,28.624255],[83.697186,28.617324],[83.694419,28.615312],[83.68789,28.614992],[83.68582,28.613628],[83.684282,28.609383],[83.683227,28.599489],[83.682296,28.597642],[83.679199,28.594631],[83.676644,28.585087],[83.672841,28.581037],[83.672357,28.576755],[83.669543,28.574604],[83.66518,28.572836],[83.663256,28.566909],[83.655262,28.564667],[83.637674,28.56648],[83.638098,28.568384],[83.641439,28.570934],[83.6425,28.572995],[83.620789,28.575926],[83.617082,28.578558],[83.612833,28.58394],[83.610483,28.584995],[83.607271,28.584764],[83.605799,28.585946],[83.60245,28.586141],[83.600886,28.587497],[83.596538,28.589257],[83.589009,28.589787],[83.579572,28.583401],[83.575286,28.588612],[83.569229,28.593704],[83.570419,28.597442],[83.570091,28.599294],[83.568008,28.60304],[83.565986,28.604375],[83.56395,28.607062],[83.565521,28.609824],[83.563278,28.611817],[83.561455,28.61975],[83.564277,28.627848],[83.564559,28.632061],[83.561332,28.639539],[83.56137,28.644214],[83.55989,28.646115],[83.551507,28.650385],[83.547292,28.650716],[83.543611,28.654787],[83.5403,28.667887],[83.540583,28.671652],[83.53776,28.674862],[83.53705,28.677492],[83.535731,28.678521],[83.534548,28.682587],[83.529956,28.687407],[83.527439,28.688374],[83.530978,28.692287],[83.535471,28.695203],[83.538515,28.696037],[83.53959,28.697168],[83.536539,28.704196],[83.536318,28.707108],[83.537126,28.711069],[83.54168,28.720382],[83.546142,28.727185],[83.549255,28.736225],[83.551314,28.73909],[83.556669,28.743064],[83.558584,28.746236],[83.557615,28.754227],[83.555349,28.756556],[83.553641,28.756952],[83.555921,28.763092],[83.555448,28.765989],[83.552542,28.772133],[83.548781,28.775379],[83.546027,28.776369],[83.54132,28.776888],[83.533509,28.781501],[83.528116,28.782912],[83.522509,28.78299],[83.518961,28.785422],[83.514943,28.787145],[83.511905,28.788025],[83.508083,28.788098],[83.506275,28.789431],[83.504338,28.793308],[83.501938,28.793651],[83.500683,28.793141],[83.497854,28.790372],[83.492491,28.789964],[83.486815,28.790512],[83.48651,28.795362],[83.487906,28.800189],[83.487631,28.803711],[83.485617,28.807226],[83.485015,28.812189],[83.479987,28.817128],[83.479591,28.824156],[83.482619,28.829494],[83.483466,28.832191],[83.483031,28.833827],[83.480544,28.836057],[83.480216,28.837752],[83.481269,28.840165],[83.481535,28.844651],[83.485792,28.846035],[83.491879,28.84643],[83.497853,28.842583],[83.50172,28.846123],[83.501346,28.849425],[83.501949,28.851681],[83.505389,28.855184],[83.506182,28.856943],[83.505534,28.862273],[83.505915,28.865163],[83.503154,28.871304],[83.501124,28.873178],[83.499385,28.877192],[83.501361,28.878608],[83.505999,28.884675],[83.510316,28.887593],[83.514588,28.889508],[83.520302,28.896275],[83.522804,28.897928],[83.525245,28.901941],[83.527419,28.903839],[83.52851,28.908624],[83.53272,28.909564],[83.535322,28.911361],[83.537297,28.913539],[83.539769,28.914921],[83.542248,28.918682],[83.546108,28.921816],[83.54938,28.926872],[83.556398,28.933698],[83.557817,28.938393],[83.556909,28.941616],[83.558557,28.944826],[83.562119,28.945168],[83.566872,28.943325],[83.569176,28.944866],[83.571167,28.947247],[83.574782,28.95388],[83.578848,28.955072],[83.579954,28.956138],[83.581472,28.958184],[83.58251,28.961268],[83.581548,28.96493],[83.584981,28.967192],[83.586537,28.970114],[83.587292,28.972521],[83.586514,28.975835],[83.588925,28.980695],[83.590237,28.981013],[83.592235,28.983865],[83.598422,28.985741],[83.600466,28.984816],[83.604433,28.980133],[83.60917,28.980236],[83.610109,28.98293],[83.614922,28.987677],[83.615395,28.994681],[83.61438,28.998623],[83.616867,29.00616],[83.614166,29.009825],[83.611847,29.014723],[83.615265,29.016712],[83.616447,29.018883],[83.614014,29.02234],[83.61528,29.02757],[83.612572,29.033722],[83.612457,29.035944],[83.616019,29.040365],[83.618893,29.045751],[83.618073,29.055126],[83.619521,29.059684],[83.620775,29.060714],[83.626485,29.062427],[83.630914,29.062428],[83.631413,29.064886],[83.629419,29.07156],[83.630954,29.080082],[83.630627,29.081],[83.627746,29.082527],[83.6264,29.085677],[83.624424,29.086803],[83.623311,29.088256],[83.620214,29.089534],[83.616003,29.092576],[83.614883,29.094297],[83.615515,29.098301],[83.620513,29.097785],[83.623113,29.101438],[83.626217,29.103157],[83.628765,29.106831],[83.636213,29.107337],[83.646092,29.104101],[83.648561,29.103918],[83.649804,29.10446],[83.651696,29.106554],[83.652443,29.109197],[83.650506,29.113424],[83.651337,29.119061],[83.653687,29.121184],[83.658256,29.122759],[83.660133,29.124421],[83.662461,29.124736],[83.668257,29.123242],[83.675435,29.123825],[83.680317,29.123433],[83.678739,29.125033],[83.679592,29.130495],[83.679219,29.131653],[83.676861,29.135177],[83.674833,29.13702],[83.675671,29.141389],[83.675084,29.145282],[83.67636,29.147242],[83.675694,29.148949],[83.672086,29.15279],[83.663206,29.155687],[83.662764,29.156681],[83.662372,29.159814],[83.663,29.162921],[83.661966,29.164924],[83.66599,29.169682],[83.662359,29.173445],[83.657285,29.176094],[83.662104,29.180999],[83.663464,29.184043],[83.658015,29.187437],[83.657676,29.192731],[83.658406,29.196037],[83.657657,29.198476],[83.655854,29.199981],[83.655789,29.203941],[83.660434,29.203987],[83.667837,29.207195],[83.674916,29.207695],[83.684124,29.213082],[83.688751,29.217227],[83.696579,29.226306],[83.700768,29.23464],[83.702693,29.236198],[83.707158,29.237807],[83.710224,29.24205],[83.711163,29.244552],[83.716857,29.243425],[83.721739,29.241536],[83.727215,29.243065],[83.730499,29.244881],[83.738029,29.244054],[83.740527,29.245428],[83.746275,29.243391],[83.749388,29.244058],[83.75169,29.243627],[83.753995,29.242325],[83.756634,29.242524],[83.76198,29.239953],[83.767482,29.2408],[83.770439,29.243726],[83.771021,29.24679],[83.772991,29.246552],[83.776576,29.247724],[83.777971,29.247582],[83.779963,29.244545],[83.781273,29.244362],[83.790435,29.247415],[83.792011,29.248947],[83.797186,29.250024],[83.797078,29.253475],[83.800662,29.254981],[83.80218,29.256328],[83.800171,29.258903],[83.798455,29.265331],[83.795198,29.27183],[83.793754,29.273436],[83.794401,29.277378],[83.796774,29.279784],[83.797244,29.281799],[83.801799,29.281787],[83.80388,29.284105],[83.807747,29.285843],[83.810801,29.290794],[83.807853,29.294638],[83.812482,29.298588],[83.812131,29.301046],[83.812645,29.302023],[83.823021,29.302764],[83.825897,29.299722],[83.829044,29.298299],[83.830857,29.298373],[83.834917,29.300864],[83.838865,29.298115],[83.843935,29.298953],[83.847976,29.297573],[83.85405,29.301608],[83.85554,29.308663],[83.856595,29.309837],[83.864019,29.311823],[83.870404,29.31234],[83.873434,29.31435],[83.880028,29.316095],[83.884726,29.319194],[83.88729,29.320101],[83.89792,29.318795],[83.90069,29.323518],[83.904664,29.325711],[83.911594,29.323115],[83.914925,29.32261],[83.919691,29.323249],[83.927372,29.318446],[83.933508,29.319708],[83.940962,29.316332],[83.946636,29.316511],[83.948378,29.317035],[83.949603,29.318285],[83.955609,29.326101],[83.958751,29.328026],[83.960984,29.33049],[83.962554,29.331282],[83.975739,29.328617],[83.986782,29.322778]]]}},
{"type":"Feature","properties":{"adm2_name":"Nawalparasi East","adm2_pcode":"NP0447","adm1_name":"Gandaki","adm1_pcode":"NP04"},"geometry":{"type":"Polygon","coordinates":[[[84.100245,27.866495],[84.101279,27.865659],[84.100756,27.864008],[84.095379,27.859468],[84.095586,27.858374],[84.099599,27.85551],[84.101658,27.85498],[84.103331,27.855358],[84.106756,27.861181],[84.107754,27.861875],[84.109054,27.861757],[84.111398,27.858833],[84.113824,27.851873],[84.1183,27.850816],[84.119684,27.851602],[84.121123,27.853947],[84.119746,27.857804],[84.119872,27.859623],[84.121541,27.860176],[84.125143,27.859591],[84.128078,27.857808],[84.129525,27.854689],[84.128835,27.852873],[84.12762,27.851735],[84.122879,27.850403],[84.121343,27.849313],[84.120578,27.848269],[84.121841,27.847033],[84.124606,27.845616],[84.127675,27.845422],[84.143094,27.850298],[84.145023,27.850131],[84.150127,27.847301],[84.151944,27.847159],[84.155668,27.848254],[84.156549,27.847364],[84.1565,27.84624],[84.154345,27.841994],[84.154911,27.840511],[84.156092,27.839612],[84.159929,27.840034],[84.162579,27.841577],[84.162445,27.846793],[84.169342,27.845609],[84.171839,27.847664],[84.173228,27.852364],[84.181106,27.850628],[84.188766,27.846947],[84.190723,27.846554],[84.195393,27.847777],[84.199978,27.851698],[84.202084,27.852377],[84.20355,27.852144],[84.207301,27.849337],[84.207632,27.847901],[84.205921,27.84417],[84.205901,27.84213],[84.206775,27.840563],[84.209393,27.838707],[84.211751,27.840576],[84.210151,27.843035],[84.209997,27.844353],[84.210952,27.845417],[84.213447,27.846491],[84.216373,27.846642],[84.21834,27.845956],[84.220233,27.844173],[84.223576,27.837658],[84.225344,27.836559],[84.22634,27.836911],[84.228614,27.840364],[84.226966,27.843798],[84.227605,27.84565],[84.230863,27.846513],[84.233496,27.844703],[84.235122,27.844383],[84.240061,27.846594],[84.243835,27.846299],[84.245734,27.845366],[84.248547,27.841024],[84.252568,27.838384],[84.25841,27.83817],[84.261171,27.839144],[84.26575,27.838702],[84.26667,27.837421],[84.265619,27.83394],[84.267459,27.832447],[84.269342,27.832694],[84.270134,27.835163],[84.272446,27.836404],[84.280985,27.837835],[84.286399,27.837104],[84.291494,27.837784],[84.294126,27.834534],[84.295774,27.829395],[84.29997,27.822706],[84.302411,27.820735],[84.304617,27.82018],[84.305623,27.818804],[84.304445,27.816719],[84.300805,27.815243],[84.301939,27.811147],[84.301682,27.809138],[84.298492,27.807527],[84.297956,27.806418],[84.298512,27.80171],[84.299604,27.79884],[84.299989,27.792314],[84.301317,27.791093],[84.305279,27.790105],[84.31376,27.78536],[84.318219,27.774298],[84.315481,27.767335],[84.315546,27.763274],[84.316552,27.761979],[84.321878,27.759223],[84.32419,27.750017],[84.325036,27.748663],[84.32723,27.747738],[84.332453,27.749155],[84.333998,27.748877],[84.338851,27.744215],[84.33986,27.743932],[84.341311,27.744969],[84.342549,27.750351],[84.343778,27.751116],[84.345703,27.751233],[84.347772,27.749756],[84.351636,27.748855],[84.354899,27.751645],[84.361207,27.75409],[84.362017,27.756358],[84.361524,27.759556],[84.363533,27.761597],[84.364323,27.763501],[84.364236,27.766509],[84.366095,27.77011],[84.366585,27.772816],[84.36806,27.774951],[84.372037,27.777754],[84.376312,27.779003],[84.380083,27.779011],[84.383643,27.777329],[84.391577,27.775656],[84.399198,27.770379],[84.402247,27.765404],[84.406135,27.761756],[84.411224,27.759722],[84.417055,27.759147],[84.418635,27.757676],[84.419865,27.753642],[84.419301,27.752624],[84.417263,27.75159],[84.417173,27.750406],[84.418154,27.748713],[84.422897,27.748006],[84.424058,27.746076],[84.421339,27.743898],[84.421212,27.743057],[84.425624,27.730553],[84.427323,27.722619],[84.430631,27.713119],[84.431243,27.7096],[84.43055,27.705811],[84.425465,27.702572],[84.416207,27.699646],[84.406735,27.695762],[84.396051,27.689857],[84.391306,27.687905],[84.388831,27.68594],[84.385882,27.684972],[84.381206,27.681945],[84.378769,27.681268],[84.375494,27.681681],[84.372795,27.682823],[84.371792,27.684022],[84.369023,27.685031],[84.36508,27.68853],[84.363411,27.691262],[84.3625,27.695524],[84.359954,27.698254],[84.350185,27.702776],[84.346674,27.703003],[84.343598,27.702239],[84.336139,27.698436],[84.329218,27.696239],[84.325244,27.693949],[84.32399,27.692418],[84.323846,27.688925],[84.322856,27.686496],[84.320533,27.684367],[84.313852,27.680246],[84.292255,27.66829],[84.27553,27.663505],[84.270856,27.662916],[84.262163,27.656527],[84.257801,27.651067],[84.254894,27.65137],[84.250218,27.654106],[84.240938,27.651778],[84.234872,27.649221],[84.228757,27.64533],[84.218058,27.643529],[84.209761,27.639598],[84.206562,27.638727],[84.196838,27.631257],[84.190712,27.628403],[84.176301,27.619072],[84.164146,27.606921],[84.150991,27.598393],[84.141542,27.5888],[84.135151,27.584513],[84.127644,27.574759],[84.126078,27.571293],[84.12553,27.566045],[84.11972,27.56004],[84.119283,27.556331],[84.114597,27.55327],[84.10931,27.551713],[84.107186,27.551692],[84.100568,27.55383],[84.090153,27.554645],[84.083353,27.557609],[84.074545,27.559491],[84.070754,27.557359],[84.067454,27.552164],[84.06431,27.551322],[84.056452,27.555454],[84.050485,27.556467],[84.046892,27.554939],[84.043917,27.552207],[84.041671,27.545272],[84.038737,27.540505],[84.035745,27.538385],[84.031058,27.537188],[84.025267,27.537075],[84.018184,27.538441],[84.014247,27.539804],[84.007986,27.543943],[84.005444,27.544746],[83.998803,27.545511],[83.993043,27.543487],[83.985244,27.543874],[83.981811,27.544919],[83.977616,27.548084],[83.974533,27.549556],[83.970293,27.550526],[83.95764,27.548374],[83.956377,27.547142],[83.954279,27.543003],[83.948359,27.540154],[83.940906,27.541525],[83.931646,27.545424],[83.924334,27.544565],[83.919642,27.540623],[83.918656,27.533007],[83.919824,27.526591],[83.92214,27.524325],[83.921341,27.520094],[83.921623,27.518496],[83.925528,27.514708],[83.927922,27.513491],[83.931104,27.513007],[83.936547,27.513784],[83.941812,27.515711],[83.946799,27.519088],[83.95117,27.526849],[83.954175,27.527534],[83.964178,27.523532],[83.966024,27.521969],[83.969278,27.516033],[83.968902,27.510611],[83.967118,27.506852],[83.961725,27.502622],[83.957667,27.500344],[83.94103,27.493831],[83.938637,27.49151],[83.938431,27.488356],[83.939995,27.48455],[83.941247,27.478795],[83.943539,27.473505],[83.944486,27.46577],[83.939239,27.4551],[83.936262,27.451748],[83.915755,27.44224],[83.908659,27.43991],[83.895441,27.437746],[83.891992,27.441716],[83.888983,27.443478],[83.887631,27.446496],[83.887064,27.455722],[83.889686,27.46164],[83.883573,27.464129],[83.88556,27.467738],[83.885583,27.470498],[83.886553,27.47236],[83.88549,27.473544],[83.886143,27.474575],[83.884982,27.481104],[83.882049,27.481842],[83.880334,27.484027],[83.877582,27.48515],[83.874609,27.489299],[83.881796,27.493665],[83.88354,27.496121],[83.8867,27.495677],[83.891576,27.499316],[83.893944,27.499582],[83.897586,27.498763],[83.897135,27.500211],[83.893826,27.504159],[83.887029,27.508355],[83.885471,27.508607],[83.882549,27.507562],[83.880726,27.507673],[83.878613,27.508937],[83.876784,27.509193],[83.875635,27.510392],[83.876351,27.515682],[83.8782,27.520325],[83.881421,27.521415],[83.882626,27.523302],[83.881983,27.526853],[83.882316,27.527857],[83.87849,27.532581],[83.875467,27.534812],[83.872506,27.53923],[83.870364,27.54126],[83.861909,27.545099],[83.858725,27.545532],[83.857289,27.547317],[83.855138,27.548475],[83.850577,27.558977],[83.847091,27.560298],[83.84507,27.558692],[83.843594,27.558473],[83.841503,27.556215],[83.841746,27.555012],[83.84109,27.553735],[83.842396,27.551171],[83.841756,27.549223],[83.839088,27.547721],[83.838047,27.545498],[83.835999,27.545022],[83.836822,27.546512],[83.837266,27.551273],[83.8327,27.559149],[83.833146,27.561169],[83.831772,27.562986],[83.831515,27.565646],[83.838667,27.571518],[83.841399,27.572584],[83.836067,27.585725],[83.833329,27.587902],[83.830689,27.587388],[83.827656,27.589986],[83.821432,27.592648],[83.820016,27.592467],[83.814972,27.589532],[83.808002,27.588692],[83.807865,27.589836],[83.809856,27.593578],[83.809297,27.595373],[83.806101,27.596887],[83.800953,27.596126],[83.798879,27.598411],[83.795978,27.599481],[83.794842,27.601338],[83.790639,27.604804],[83.78982,27.606335],[83.793927,27.60964],[83.797786,27.609952],[83.799564,27.611884],[83.799858,27.613254],[83.797505,27.617632],[83.797188,27.620242],[83.798675,27.620971],[83.8024,27.620467],[83.805105,27.62084],[83.804852,27.623329],[83.803029,27.625307],[83.802646,27.627784],[83.800906,27.62955],[83.802351,27.63224],[83.805039,27.632731],[83.809746,27.635427],[83.810225,27.639918],[83.808521,27.641127],[83.807727,27.643095],[83.808166,27.643935],[83.80768,27.644632],[83.808466,27.645833],[83.806645,27.64616],[83.807082,27.646867],[83.806424,27.647527],[83.810062,27.648525],[83.80956,27.649664],[83.812518,27.653262],[83.812144,27.65436],[83.809752,27.655442],[83.810893,27.657678],[83.811738,27.662338],[83.808968,27.662174],[83.806142,27.662838],[83.799603,27.665482],[83.783091,27.66698],[83.775356,27.666176],[83.768155,27.666575],[83.762641,27.661166],[83.760206,27.662231],[83.759061,27.663567],[83.758176,27.667392],[83.744675,27.666795],[83.742313,27.667842],[83.74073,27.669642],[83.733047,27.669246],[83.72957,27.67129],[83.726333,27.671056],[83.725072,27.672427],[83.721182,27.66962],[83.720342,27.669864],[83.715113,27.662676],[83.710281,27.661511],[83.707995,27.659099],[83.705788,27.658873],[83.703216,27.662132],[83.701486,27.661506],[83.698255,27.662537],[83.695266,27.661463],[83.697706,27.668591],[83.69874,27.66994],[83.699544,27.674146],[83.699258,27.676385],[83.700455,27.678407],[83.70216,27.679262],[83.701587,27.681413],[83.704051,27.681854],[83.704502,27.682809],[83.700932,27.687147],[83.70057,27.688694],[83.694665,27.694177],[83.691817,27.695398],[83.689657,27.698148],[83.69003,27.704343],[83.689499,27.707726],[83.682677,27.718157],[83.676957,27.718572],[83.67848,27.720044],[83.682124,27.72087],[83.691464,27.718774],[83.695038,27.715987],[83.697695,27.715873],[83.700396,27.716772],[83.701616,27.715952],[83.7059,27.715304],[83.709239,27.715898],[83.711165,27.715002],[83.714184,27.715613],[83.718634,27.711985],[83.72116,27.711965],[83.721459,27.710646],[83.72315,27.709997],[83.726746,27.709959],[83.728479,27.7091],[83.729378,27.70954],[83.731285,27.71342],[83.732206,27.714146],[83.739313,27.715006],[83.743253,27.717452],[83.744047,27.717365],[83.74509,27.719102],[83.748104,27.71951],[83.751026,27.720952],[83.756259,27.720142],[83.759716,27.722495],[83.763684,27.721622],[83.773216,27.723815],[83.77744,27.723865],[83.782215,27.725018],[83.784376,27.724374],[83.786513,27.724666],[83.788443,27.722984],[83.792224,27.721837],[83.796418,27.722082],[83.801323,27.721288],[83.804547,27.718258],[83.809333,27.716178],[83.810814,27.714278],[83.815591,27.713463],[83.820331,27.710597],[83.822324,27.711482],[83.823607,27.713367],[83.824835,27.713987],[83.831702,27.71354],[83.833492,27.713962],[83.838449,27.710908],[83.842127,27.710967],[83.846166,27.709462],[83.848733,27.712003],[83.84441,27.716256],[83.844,27.727263],[83.841716,27.73041],[83.843545,27.734217],[83.844852,27.73499],[83.851595,27.733235],[83.858925,27.734438],[83.865596,27.733811],[83.868978,27.734647],[83.875467,27.733157],[83.875976,27.73549],[83.876673,27.735834],[83.878576,27.735344],[83.880008,27.733421],[83.883522,27.735003],[83.88404,27.73346],[83.885812,27.732333],[83.887514,27.732125],[83.887835,27.730713],[83.888645,27.730176],[83.89299,27.731258],[83.896353,27.730016],[83.898761,27.731973],[83.899777,27.731728],[83.900504,27.730404],[83.903007,27.730636],[83.903944,27.731598],[83.903521,27.734235],[83.904402,27.735639],[83.908094,27.734173],[83.907925,27.733363],[83.90602,27.732473],[83.906522,27.731487],[83.910706,27.730763],[83.913015,27.731049],[83.915862,27.728393],[83.918896,27.729521],[83.921361,27.72672],[83.924061,27.726787],[83.924871,27.730623],[83.92826,27.734253],[83.944665,27.744109],[83.94639,27.743728],[83.947304,27.745412],[83.949346,27.7459],[83.950392,27.747473],[83.952219,27.746499],[83.954507,27.746646],[83.955919,27.747407],[83.958174,27.746462],[83.959686,27.746745],[83.960391,27.748272],[83.963503,27.748057],[83.96557,27.746915],[83.96784,27.747656],[83.968243,27.749292],[83.970627,27.749784],[83.972246,27.747851],[83.975962,27.747495],[83.980469,27.749375],[83.982147,27.74836],[83.983677,27.748796],[83.985284,27.748011],[83.989833,27.749203],[83.994222,27.751461],[83.993413,27.752037],[83.993557,27.752996],[83.992234,27.75356],[83.992213,27.755798],[83.993345,27.758903],[83.992757,27.761452],[83.993678,27.762199],[83.994049,27.766434],[83.999425,27.775748],[83.999998,27.780741],[83.999249,27.784466],[84.000235,27.788581],[84.006695,27.797466],[84.007996,27.797762],[84.01226,27.801179],[84.013371,27.803742],[84.014966,27.811655],[84.019997,27.815257],[84.020014,27.817917],[84.021635,27.819079],[84.024894,27.818284],[84.025508,27.820267],[84.026637,27.820558],[84.025616,27.821858],[84.025427,27.824209],[84.026387,27.826086],[84.025186,27.828568],[84.02651,27.82961],[84.025094,27.832108],[84.024907,27.835206],[84.022702,27.836714],[84.020151,27.840816],[84.022206,27.84348],[84.02287,27.846806],[84.022357,27.848421],[84.024456,27.850205],[84.025639,27.852545],[84.027011,27.853416],[84.028423,27.85638],[84.031012,27.856206],[84.035293,27.857928],[84.039141,27.857149],[84.040978,27.85533],[84.039129,27.852776],[84.038635,27.851014],[84.041327,27.84989],[84.042822,27.850742],[84.042922,27.855036],[84.046007,27.856344],[84.048653,27.856056],[84.051219,27.853569],[84.051004,27.850324],[84.051285,27.849406],[84.052541,27.848839],[84.068218,27.857036],[84.069323,27.858965],[84.069023,27.861352],[84.069505,27.86303],[84.071386,27.864976],[84.074325,27.865609],[84.075216,27.863345],[84.078549,27.863641],[84.078789,27.864627],[84.077249,27.868351],[84.077945,27.869542],[84.083214,27.869518],[84.09447,27.866601],[84.100245,27.866495]]]}},
{"type":"Feature","properties":{"adm2_name":"Palpa","adm2_pcode":"NP0546","adm1_name":"Lumbini","adm1_pcode":"NP05"},"geometry":{"type":"Polygon","coordinates":[[[83.3,27.844787],[83.300409,27.844921],[83.301601,27.846565],[83.304274,27.848451],[83.31002,27.851485],[83.303591,27.854657],[83.303158,27.857479],[83.300501,27.85976],[83.307782,27.85692],[83.310493,27.85785],[83.312587,27.859765],[83.317369,27.860158],[83.320462,27.863955],[83.323713,27.866019],[83.326298,27.869464],[83.327323,27.869803],[83.328263,27.871339],[83.327327,27.87346],[83.330348,27.875119],[83.329877,27.876392],[83.330398,27.877353],[83.327925,27.878929],[83.325541,27.877605],[83.323246,27.877501],[83.320632,27.878465],[83.319986,27.87991],[83.320177,27.882663],[83.317451,27.88265],[83.315359,27.885816],[83.313633,27.886295],[83.310198,27.88889],[83.308887,27.888933],[83.309924,27.891199],[83.309778,27.893547],[83.311297,27.897844],[83.310954,27.901679],[83.306511,27.906158],[83.302125,27.905804],[83.3,27.906874],[83.3,27.911861],[83.306399,27.914537],[83.306971,27.916748],[83.308714,27.918639],[83.308303,27.924144],[83.30886,27.926087],[83.316943,27.924137],[83.320205,27.92196],[83.325146,27.920755],[83.332102,27.921807],[83.333697,27.922681],[83.335344,27.922271],[83.338087,27.922898],[83.33925,27.925694],[83.344201,27.926514],[83.346107,27.931237],[83.346598,27.93664],[83.343384,27.938664],[83.342512,27.939969],[83.342559,27.943297],[83.34448,27.946545],[83.345281,27.94985],[83.349361,27.95113],[83.354516,27.954212],[83.356265,27.952217],[83.360822,27.951613],[83.371407,27.957789],[83.377361,27.958843],[83.378224,27.958504],[83.376579,27.956694],[83.376648,27.955929],[83.379161,27.956556],[83.38203,27.955561],[83.386743,27.952049],[83.387983,27.949893],[83.392579,27.947969],[83.39331,27.94468],[83.3975,27.942102],[83.398565,27.940367],[83.398614,27.936002],[83.399159,27.934874],[83.40536,27.93407],[83.409029,27.932159],[83.409884,27.930965],[83.412992,27.931342],[83.419248,27.930784],[83.42225,27.933775],[83.424674,27.934843],[83.424725,27.937063],[83.426733,27.939413],[83.431572,27.939788],[83.433146,27.939106],[83.433727,27.935568],[83.436118,27.935104],[83.438932,27.935809],[83.440591,27.935398],[83.439908,27.934398],[83.440047,27.93279],[83.443021,27.931929],[83.447988,27.928608],[83.4496,27.928885],[83.452547,27.932655],[83.460385,27.934356],[83.464554,27.93161],[83.468145,27.928222],[83.483761,27.922659],[83.486102,27.923676],[83.488336,27.927292],[83.490371,27.929118],[83.492541,27.929097],[83.495563,27.927427],[83.497871,27.926924],[83.501176,27.927048],[83.506055,27.928686],[83.509697,27.932907],[83.509189,27.93355],[83.506874,27.933393],[83.50492,27.934394],[83.50339,27.935632],[83.502801,27.937076],[83.506547,27.940456],[83.508601,27.940743],[83.511625,27.939876],[83.516011,27.937577],[83.522855,27.929911],[83.521785,27.925856],[83.522523,27.924493],[83.523627,27.924057],[83.525258,27.924904],[83.528476,27.930037],[83.530513,27.932083],[83.53077,27.935071],[83.529891,27.937943],[83.530896,27.939126],[83.53523,27.938236],[83.536693,27.937041],[83.537079,27.935136],[83.536219,27.931218],[83.537812,27.928038],[83.540608,27.927765],[83.545106,27.929211],[83.54835,27.928066],[83.552676,27.929513],[83.559751,27.934822],[83.564143,27.9342],[83.565508,27.934608],[83.567054,27.936587],[83.567511,27.940322],[83.569288,27.942516],[83.570909,27.942986],[83.573261,27.941425],[83.576292,27.937182],[83.576175,27.935034],[83.573332,27.931632],[83.5734,27.930914],[83.57451,27.930189],[83.592846,27.93114],[83.595467,27.929275],[83.599528,27.92362],[83.600587,27.923332],[83.610672,27.925125],[83.61319,27.927115],[83.61458,27.929637],[83.616324,27.930544],[83.618957,27.929259],[83.619144,27.927484],[83.620273,27.926431],[83.626034,27.926018],[83.626629,27.924729],[83.621566,27.919262],[83.620898,27.917607],[83.622276,27.916367],[83.626877,27.914595],[83.632386,27.914727],[83.633391,27.914103],[83.633616,27.913158],[83.631359,27.910165],[83.632441,27.905364],[83.632386,27.901953],[83.634199,27.899302],[83.640908,27.902345],[83.641882,27.901962],[83.64266,27.900128],[83.644654,27.89849],[83.646197,27.900468],[83.648928,27.902296],[83.65486,27.902435],[83.657062,27.906876],[83.665748,27.919738],[83.66991,27.924251],[83.673338,27.926691],[83.675543,27.927448],[83.679093,27.926484],[83.681884,27.924105],[83.682047,27.922887],[83.679593,27.920921],[83.679446,27.920059],[83.680929,27.917339],[83.682939,27.916362],[83.684223,27.916469],[83.685936,27.918093],[83.687604,27.922846],[83.689319,27.923861],[83.692699,27.921707],[83.695628,27.918225],[83.698217,27.916931],[83.701327,27.918454],[83.708956,27.916417],[83.710926,27.916539],[83.717199,27.920044],[83.718825,27.920197],[83.720343,27.918839],[83.72302,27.913782],[83.727234,27.910925],[83.733475,27.908627],[83.734314,27.907751],[83.735007,27.904458],[83.742636,27.900145],[83.746176,27.899807],[83.747395,27.901359],[83.74585,27.903373],[83.742414,27.904599],[83.742827,27.906208],[83.744627,27.907906],[83.750597,27.907034],[83.754461,27.903829],[83.756995,27.903064],[83.757893,27.903519],[83.758098,27.904618],[83.756181,27.907446],[83.756065,27.909145],[83.762154,27.909916],[83.766413,27.906927],[83.769258,27.906494],[83.774949,27.903284],[83.780637,27.897228],[83.784738,27.889922],[83.787699,27.886166],[83.791075,27.883793],[83.797278,27.882437],[83.804012,27.874862],[83.806243,27.873446],[83.815939,27.874118],[83.8208,27.877716],[83.831329,27.871593],[83.840852,27.86824],[83.845393,27.868448],[83.846912,27.87032],[83.847146,27.873854],[83.843544,27.879468],[83.843765,27.88056],[83.845088,27.881577],[83.848047,27.881923],[83.850911,27.881231],[83.851747,27.879571],[83.850763,27.876055],[83.851481,27.87454],[83.855111,27.873409],[83.858269,27.873509],[83.860276,27.874328],[83.861105,27.876341],[83.859951,27.879925],[83.861006,27.882291],[83.87319,27.885565],[83.877436,27.888319],[83.880281,27.887342],[83.880165,27.882977],[83.880881,27.882296],[83.88413,27.882497],[83.888616,27.885341],[83.892264,27.886073],[83.899206,27.882807],[83.910017,27.880213],[83.91367,27.87772],[83.910203,27.873749],[83.910624,27.872662],[83.913708,27.871064],[83.920263,27.871483],[83.924654,27.868194],[83.926557,27.868633],[83.932084,27.872428],[83.936716,27.877651],[83.938706,27.878013],[83.940922,27.877305],[83.944697,27.871791],[83.94867,27.869358],[83.952651,27.869849],[83.958166,27.872975],[83.967987,27.870234],[83.971432,27.872579],[83.973008,27.871393],[83.974224,27.867952],[83.978336,27.866051],[83.981941,27.865497],[83.989767,27.866761],[83.994531,27.86601],[83.99665,27.864086],[83.997714,27.86074],[83.997223,27.858578],[83.997806,27.856033],[84.00025,27.854668],[84.002601,27.855133],[84.006521,27.854736],[84.016982,27.851138],[84.02123,27.851181],[84.022484,27.852496],[84.021531,27.854615],[84.019212,27.856203],[84.015767,27.85705],[84.015239,27.858083],[84.015556,27.859351],[84.017252,27.861278],[84.019968,27.86188],[84.022685,27.861092],[84.027337,27.856606],[84.028423,27.85638],[84.027011,27.853416],[84.025639,27.852545],[84.024456,27.850205],[84.022357,27.848421],[84.02287,27.846806],[84.022206,27.84348],[84.020151,27.840816],[84.022702,27.836714],[84.024907,27.835206],[84.025094,27.832108],[84.02651,27.82961],[84.025186,27.828568],[84.026387,27.826086],[84.025427,27.824209],[84.025616,27.821858],[84.026637,27.820558],[84.025508,27.820267],[84.024894,27.818284],[84.021635,27.819079],[84.020014,27.817917],[84.019997,27.815257],[84.014966,27.811655],[84.013371,27.803742],[84.01226,27.801179],[84.007996,27.797762],[84.006695,27.797466],[84.000235,27.788581],[83.999249,27.784466],[83.999998,27.780741],[83.999425,27.775748],[83.994049,27.766434],[83.993678,27.762199],[83.992757,27.761452],[83.993345,27.758903],[83.992213,27.755798],[83.992234,27.75356],[83.993646,27.752883],[83.993413,27.752037],[83.99424,27.751576],[83.99389,27.751091],[83.985798,27.748022],[83.983677,27.748796],[83.982147,27.74836],[83.980469,27.749375],[83.976647,27.747511],[83.973218,27.747585],[83.972029,27.74798],[83.970627,27.749784],[83.968243,27.749292],[83.96784,27.747656],[83.96557,27.746915],[83.963503,27.748057],[83.960391,27.748272],[83.959686,27.746745],[83.958174,27.746462],[83.955919,27.747407],[83.954507,27.746646],[83.952219,27.746499],[83.950392,27.747473],[83.949346,27.7459],[83.947304,27.745412],[83.94639,27.743728],[83.944665,27.744109],[83.92826,27.734253],[83.924871,27.730623],[83.924061,27.726787],[83.921361,27.72672],[83.918896,27.729521],[83.915862,27.728393],[83.913015,27.731049],[83.910706,27.730763],[83.906522,27.731487],[83.90602,27.732473],[83.907925,27.733363],[83.908094,27.734173],[83.904402,27.735639],[83.903521,27.734235],[83.903944,27.731598],[83.903007,27.730636],[83.900504,27.730404],[83.899777,27.731728],[83.898761,27.731973],[83.896353,27.730016],[83.89299,27.731258],[83.888645,27.730176],[83.887835,27.730713],[83.887514,27.732125],[83.885812,27.732333],[83.88404,27.73346],[83.883522,27.735003],[83.880008,27.733421],[83.878576,27.735344],[83.876673,27.735834],[83.875976,27.73549],[83.875467,27.733157],[83.868978,27.734647],[83.865596,27.733811],[83.858925,27.734438],[83.851595,27.733235],[83.844852,27.73499],[83.843545,27.734217],[83.841716,27.73041],[83.844,27.727263],[83.84441,27.716256],[83.848733,27.712003],[83.846166,27.709462],[83.842127,27.710967],[83.838449,27.710908],[83.833492,27.713962],[83.831702,27.71354],[83.824835,27.713987],[83.823607,27.713367],[83.822324,27.711482],[83.820331,27.710597],[83.815591,27.713463],[83.810814,27.714278],[83.809333,27.716178],[83.804547,27.718258],[83.801323,27.721288],[83.796418,27.722082],[83.792224,27.721837],[83.788443,27.722984],[83.786513,27.724666],[83.784376,27.724374],[83.782215,27.725018],[83.77744,27.723865],[83.773216,27.723815],[83.763684,27.721622],[83.759716,27.722495],[83.756259,27.720142],[83.751026,27.720952],[83.748104,27.71951],[83.74509,27.719102],[83.744047,27.717365],[83.743253,27.717452],[83.739313,27.715006],[83.732206,27.714146],[83.731285,27.71342],[83.729378,27.70954],[83.728479,27.7091],[83.726746,27.709959],[83.72315,27.709997],[83.721459,27.710646],[83.72116,27.711965],[83.718634,27.711985],[83.714441,27.715557],[83.710973,27.715001],[83.709239,27.715898],[83.7059,27.715304],[83.701616,27.715952],[83.700396,27.716772],[83.697695,27.715873],[83.695552,27.715909],[83.694288,27.716254],[83.691464,27.718774],[83.683752,27.720661],[83.681867,27.720889],[83.67848,27.720044],[83.676978,27.718475],[83.682677,27.718157],[83.687617,27.710341],[83.689008,27.709101],[83.69003,27.704343],[83.689512,27.701704],[83.689828,27.697901],[83.691817,27.695398],[83.694665,27.694177],[83.70057,27.688694],[83.700932,27.687147],[83.704502,27.682809],[83.704051,27.681854],[83.701587,27.681413],[83.70216,27.679262],[83.700455,27.678407],[83.699258,27.676385],[83.699544,27.674146],[83.69874,27.66994],[83.697706,27.668591],[83.696125,27.66306],[83.695172,27.662094],[83.693548,27.665015],[83.692469,27.665486],[83.69046,27.664916],[83.68937,27.662953],[83.68605,27.664213],[83.683179,27.663981],[83.68193,27.666024],[83.678084,27.66979],[83.675002,27.67088],[83.673669,27.672749],[83.672365,27.672432],[83.669413,27.673466],[83.666954,27.676075],[83.66189,27.679449],[83.66138,27.680826],[83.6574,27.683919],[83.657381,27.686538],[83.656655,27.688353],[83.654042,27.689057],[83.65308,27.691045],[83.649588,27.690907],[83.645968,27.691593],[83.639027,27.690955],[83.630694,27.693697],[83.627585,27.692892],[83.623362,27.688663],[83.621476,27.688279],[83.618064,27.692311],[83.612148,27.696055],[83.610574,27.700435],[83.608669,27.701998],[83.60483,27.702887],[83.602602,27.704501],[83.597852,27.705811],[83.595714,27.704828],[83.592112,27.704901],[83.588562,27.706237],[83.58403,27.705066],[83.582688,27.70559],[83.580563,27.70495],[83.577898,27.705253],[83.575691,27.706848],[83.57084,27.708765],[83.567993,27.711014],[83.567061,27.712979],[83.561119,27.71405],[83.555945,27.716761],[83.547376,27.71674],[83.544375,27.719138],[83.54201,27.720193],[83.539585,27.720367],[83.531114,27.725997],[83.528696,27.724338],[83.527035,27.725469],[83.523579,27.726446],[83.521739,27.725584],[83.51839,27.725778],[83.513366,27.729169],[83.510199,27.725943],[83.506686,27.725103],[83.502149,27.72642],[83.500606,27.72872],[83.499256,27.729473],[83.495541,27.726676],[83.492352,27.725784],[83.489819,27.728938],[83.487259,27.73049],[83.482159,27.724778],[83.475522,27.72145],[83.469828,27.721273],[83.464391,27.724217],[83.46305,27.72582],[83.458231,27.726354],[83.454892,27.728114],[83.451839,27.726523],[83.449242,27.727253],[83.447925,27.726929],[83.445356,27.72434],[83.443937,27.723843],[83.442335,27.724333],[83.442522,27.726989],[83.438444,27.732144],[83.436783,27.732441],[83.434519,27.731615],[83.433377,27.732403],[83.4323,27.735063],[83.433218,27.737645],[83.431959,27.739348],[83.428893,27.739342],[83.424834,27.741949],[83.423166,27.741218],[83.422142,27.739833],[83.4183,27.741775],[83.416238,27.741873],[83.414617,27.741042],[83.413149,27.738895],[83.408419,27.73503],[83.405684,27.734746],[83.402987,27.737044],[83.401097,27.737126],[83.399341,27.738283],[83.394321,27.746185],[83.391094,27.748316],[83.388652,27.748822],[83.387873,27.747824],[83.384967,27.74694],[83.384256,27.743415],[83.383548,27.742841],[83.375772,27.743237],[83.375663,27.740879],[83.373112,27.736673],[83.373065,27.734967],[83.37094,27.735041],[83.366748,27.737165],[83.365019,27.741117],[83.362339,27.742249],[83.361679,27.744484],[83.358476,27.749055],[83.358385,27.751002],[83.357427,27.752212],[83.354851,27.7527],[83.347704,27.749677],[83.346022,27.7499],[83.346008,27.752557],[83.344841,27.755713],[83.343709,27.756948],[83.342043,27.758091],[83.339347,27.758326],[83.33807,27.760229],[83.336274,27.761495],[83.334792,27.765242],[83.33151,27.765662],[83.328558,27.767439],[83.327418,27.767266],[83.325265,27.765282],[83.323558,27.762801],[83.319168,27.764789],[83.317908,27.764424],[83.31709,27.763297],[83.314584,27.763338],[83.313744,27.762461],[83.308571,27.764576],[83.30745,27.765584],[83.304903,27.766072],[83.302959,27.76814],[83.3,27.766283],[83.3,27.844787]]]}},
{"type":"Feature","properties":{"adm2_name":"Nawalparasi West","adm2_pcode":"NP0547","adm1_name":"Lumbini","adm1_pcode":"NP05"},"geometry":{"type":"Polygon","coordinates":[[[83.636415,27.692137],[83.63937,27.690935],[83.645968,27.691593],[83.649588,27.690907],[83.65308,27.691045],[83.654042,27.689057],[83.656655,27.688353],[83.657381,27.686538],[83.6574,27.683919],[83.66138,27.680826],[83.66189,27.679449],[83.666954,27.676075],[83.669413,27.673466],[83.672365,27.672432],[83.673669,27.672749],[83.675002,27.67088],[83.678084,27.66979],[83.68193,27.666024],[83.683179,27.663981],[83.68605,27.664213],[83.68937,27.662953],[83.69046,27.664916],[83.692813,27.665431],[83.693548,27.665015],[83.695266,27.661463],[83.698255,27.662537],[83.701486,27.661506],[83.703216,27.662132],[83.705918,27.658817],[83.707995,27.659099],[83.710281,27.661511],[83.715113,27.662676],[83.720342,27.669864],[83.721182,27.66962],[83.725072,27.672427],[83.726333,27.671056],[83.72957,27.67129],[83.733047,27.669246],[83.74073,27.669642],[83.742313,27.667842],[83.744675,27.666795],[83.758176,27.667392],[83.759061,27.663567],[83.760206,27.662231],[83.762641,27.661166],[83.768155,27.666575],[83.775356,27.666176],[83.783091,27.66698],[83.799603,27.665482],[83.806142,27.662838],[83.808968,27.662174],[83.811738,27.662338],[83.810893,27.657678],[83.809752,27.655442],[83.812144,27.65436],[83.812518,27.653262],[83.80956,27.649664],[83.810062,27.648525],[83.806424,27.647527],[83.807082,27.646867],[83.806645,27.64616],[83.808466,27.645833],[83.80768,27.644632],[83.808166,27.643935],[83.807727,27.643095],[83.808521,27.641127],[83.810225,27.639918],[83.809746,27.635427],[83.805039,27.632731],[83.802351,27.63224],[83.800906,27.62955],[83.802646,27.627784],[83.803029,27.625307],[83.804852,27.623329],[83.805105,27.62084],[83.8024,27.620467],[83.798675,27.620971],[83.797188,27.620242],[83.797129,27.618634],[83.799547,27.614172],[83.799849,27.612491],[83.797937,27.610029],[83.793927,27.60964],[83.792366,27.607936],[83.790365,27.607168],[83.789781,27.606622],[83.790449,27.605034],[83.794842,27.601338],[83.796572,27.598963],[83.798879,27.598411],[83.800953,27.596126],[83.806101,27.596887],[83.809297,27.595373],[83.809856,27.593578],[83.807865,27.589836],[83.808002,27.588692],[83.814972,27.589532],[83.821004,27.59269],[83.827656,27.589986],[83.830689,27.587388],[83.833329,27.587902],[83.835813,27.585993],[83.837055,27.584115],[83.841399,27.572584],[83.838667,27.571518],[83.831515,27.565646],[83.831772,27.562986],[83.833146,27.561169],[83.8327,27.559149],[83.837266,27.551273],[83.836822,27.546512],[83.835999,27.545022],[83.838047,27.545498],[83.839088,27.547721],[83.841756,27.549223],[83.842396,27.551171],[83.841083,27.554023],[83.841746,27.555012],[83.841503,27.556215],[83.843216,27.558141],[83.84507,27.558692],[83.846919,27.560334],[83.850577,27.558977],[83.855138,27.548475],[83.857289,27.547317],[83.858725,27.545532],[83.861909,27.545099],[83.870364,27.54126],[83.872506,27.53923],[83.875467,27.534812],[83.87849,27.532581],[83.882316,27.527857],[83.881983,27.526853],[83.882626,27.523302],[83.881421,27.521415],[83.8782,27.520325],[83.876351,27.515682],[83.875791,27.510167],[83.876784,27.509193],[83.878613,27.508937],[83.880726,27.507673],[83.882549,27.507562],[83.885471,27.508607],[83.887029,27.508355],[83.893826,27.504159],[83.897135,27.500211],[83.897586,27.498763],[83.893944,27.499582],[83.891576,27.499316],[83.8867,27.495677],[83.88354,27.496121],[83.881796,27.493665],[83.874609,27.489299],[83.877582,27.48515],[83.880334,27.484027],[83.882049,27.481842],[83.884982,27.481104],[83.886143,27.474575],[83.88549,27.473544],[83.886553,27.47236],[83.885583,27.470498],[83.88556,27.467738],[83.883573,27.464129],[83.889686,27.46164],[83.887064,27.455722],[83.887631,27.446496],[83.888983,27.443478],[83.891992,27.441716],[83.895441,27.437746],[83.87826,27.43383],[83.869261,27.429639],[83.867239,27.427207],[83.867498,27.423972],[83.870143,27.41811],[83.871156,27.412951],[83.875447,27.405897],[83.87273,27.392345],[83.878707,27.391175],[83.893534,27.389731],[83.905151,27.389722],[83.905625,27.38858],[83.906263,27.382917],[83.904182,27.377724],[83.897237,27.370144],[83.892018,27.367713],[83.890915,27.363562],[83.891273,27.362714],[83.887795,27.359525],[83.887717,27.358361],[83.884526,27.357806],[83.881156,27.355194],[83.871318,27.351769],[83.86592,27.347685],[83.862507,27.346659],[83.829888,27.370288],[83.614568,27.469555],[83.613935,27.473069],[83.612733,27.473761],[83.612338,27.475431],[83.611176,27.475699],[83.612857,27.478526],[83.611153,27.480852],[83.611559,27.483915],[83.610039,27.486359],[83.61071,27.489845],[83.608599,27.489909],[83.606347,27.491531],[83.604908,27.494303],[83.603998,27.493151],[83.60324,27.493346],[83.603009,27.494132],[83.604432,27.495472],[83.603763,27.496361],[83.602114,27.497083],[83.600887,27.496753],[83.599062,27.498002],[83.597594,27.497188],[83.597161,27.498195],[83.598479,27.498896],[83.598442,27.499853],[83.597483,27.50006],[83.597598,27.499056],[83.59672,27.498938],[83.596613,27.49973],[83.595761,27.500136],[83.594364,27.49915],[83.594262,27.500732],[83.592979,27.501748],[83.593454,27.502336],[83.595277,27.501721],[83.595529,27.503461],[83.596277,27.50416],[83.595094,27.507056],[83.593983,27.507367],[83.594736,27.509643],[83.594339,27.5111],[83.595325,27.510649],[83.597328,27.51151],[83.597959,27.510679],[83.598907,27.511702],[83.596954,27.512095],[83.596681,27.513029],[83.596667,27.514175],[83.598376,27.515504],[83.596991,27.51617],[83.598194,27.519335],[83.597705,27.519616],[83.596717,27.518446],[83.59535,27.520432],[83.593486,27.521485],[83.593289,27.52083],[83.592631,27.521311],[83.592101,27.520513],[83.591066,27.520772],[83.589626,27.524515],[83.591469,27.524906],[83.59024,27.526399],[83.591526,27.527393],[83.59284,27.526882],[83.593694,27.527751],[83.592237,27.528728],[83.590488,27.52808],[83.588826,27.530487],[83.588008,27.529601],[83.587383,27.529842],[83.586566,27.532074],[83.587644,27.531772],[83.588179,27.5329],[83.589273,27.532612],[83.589903,27.534204],[83.591175,27.533464],[83.591432,27.535342],[83.58968,27.538182],[83.590534,27.539987],[83.589779,27.540215],[83.589909,27.54174],[83.590925,27.543722],[83.592714,27.543899],[83.593621,27.545156],[83.595614,27.545636],[83.59616,27.546702],[83.595981,27.548739],[83.593081,27.548234],[83.591719,27.54918],[83.591904,27.550282],[83.590075,27.550764],[83.590984,27.55103],[83.5902,27.551619],[83.591115,27.552924],[83.591149,27.554233],[83.592976,27.556065],[83.592549,27.557186],[83.593433,27.558055],[83.592538,27.558672],[83.594412,27.56037],[83.59419,27.561387],[83.594897,27.561563],[83.594773,27.563426],[83.59385,27.563593],[83.594719,27.565678],[83.59612,27.566523],[83.595543,27.567589],[83.595961,27.568723],[83.595415,27.569173],[83.595855,27.570672],[83.595255,27.570641],[83.594978,27.571574],[83.595747,27.572734],[83.594527,27.573592],[83.594371,27.574909],[83.590127,27.57579],[83.588592,27.573315],[83.580473,27.57487],[83.580423,27.583209],[83.58216,27.585229],[83.582541,27.588448],[83.581923,27.590253],[83.580281,27.589786],[83.579604,27.590384],[83.57918,27.591105],[83.579943,27.593546],[83.575682,27.597179],[83.574563,27.600335],[83.573353,27.601728],[83.574236,27.603524],[83.572652,27.606382],[83.571666,27.61038],[83.573102,27.615697],[83.574434,27.617784],[83.575439,27.617992],[83.576489,27.617037],[83.577711,27.618166],[83.578699,27.618163],[83.581138,27.616523],[83.582245,27.618052],[83.581742,27.619535],[83.588043,27.62121],[83.586374,27.621945],[83.58707,27.623619],[83.58666,27.625829],[83.588502,27.624981],[83.590193,27.62738],[83.591466,27.626046],[83.592938,27.626528],[83.591691,27.629756],[83.592038,27.630621],[83.592824,27.631036],[83.595339,27.629877],[83.597602,27.630545],[83.597843,27.631371],[83.595641,27.632937],[83.595099,27.634247],[83.596817,27.635348],[83.59945,27.634704],[83.60078,27.635854],[83.600079,27.637562],[83.598093,27.638064],[83.597644,27.63901],[83.598986,27.641672],[83.598441,27.643094],[83.598805,27.644189],[83.602572,27.648038],[83.603611,27.648686],[83.60935,27.649567],[83.61108,27.652196],[83.618951,27.659431],[83.623534,27.6616],[83.626209,27.663697],[83.629821,27.664726],[83.630619,27.667691],[83.629262,27.669693],[83.629369,27.671304],[83.631226,27.676821],[83.633003,27.677065],[83.633655,27.678008],[83.631665,27.679259],[83.632455,27.680389],[83.63225,27.682174],[83.633773,27.683455],[83.632531,27.685211],[83.633518,27.686455],[83.633776,27.688292],[83.632492,27.689302],[83.632686,27.691328],[83.63213,27.692455],[83.632924,27.69326],[83.635108,27.692021],[83.636415,27.692137]]]}},
{"type":"Feature","properties":{"adm2_name":"Rupandehi","adm2_pcode":"NP0548","adm1_name":"Lumbini","adm1_pcode":"NP05"},"geometry":{"type":"Polygon","coordinates":[[[83.3,27.766283],[83.302959,27.76814],[83.304903,27.766072],[83.30745,27.765584],[83.313407,27.762498],[83.314584,27.763338],[83.31709,27.763297],[83.317908,27.764424],[83.319168,27.764789],[83.323558,27.762801],[83.324246,27.76427],[83.327614,27.767382],[83.328964,27.767364],[83.33151,27.765662],[83.334792,27.765242],[83.336274,27.761495],[83.33807,27.760229],[83.339347,27.758326],[83.342043,27.758091],[83.344841,27.755713],[83.346198,27.751746],[83.346022,27.7499],[83.347704,27.749677],[83.354851,27.7527],[83.357427,27.752212],[83.358385,27.751002],[83.358476,27.749055],[83.361679,27.744484],[83.362339,27.742249],[83.365019,27.741117],[83.366748,27.737165],[83.37094,27.735041],[83.373065,27.734967],[83.373112,27.736673],[83.375663,27.740879],[83.375772,27.743237],[83.383548,27.742841],[83.384256,27.743415],[83.384967,27.74694],[83.387873,27.747824],[83.388652,27.748822],[83.391094,27.748316],[83.394321,27.746185],[83.399341,27.738283],[83.401097,27.737126],[83.402987,27.737044],[83.405684,27.734746],[83.408419,27.73503],[83.413149,27.738895],[83.414617,27.741042],[83.416238,27.741873],[83.4183,27.741775],[83.422142,27.739833],[83.423166,27.741218],[83.424834,27.741949],[83.428893,27.739342],[83.431959,27.739348],[83.433218,27.737645],[83.4323,27.735063],[83.433377,27.732403],[83.434519,27.731615],[83.436783,27.732441],[83.438444,27.732144],[83.442522,27.726989],[83.442335,27.724333],[83.443937,27.723843],[83.445356,27.72434],[83.447925,27.726929],[83.449242,27.727253],[83.451839,27.726523],[83.454892,27.728114],[83.458231,27.726354],[83.46305,27.72582],[83.464391,27.724217],[83.469828,27.721273],[83.475522,27.72145],[83.482159,27.724778],[83.487259,27.73049],[83.489819,27.728938],[83.491236,27.726601],[83.492803,27.725754],[83.496026,27.726955],[83.499256,27.729473],[83.500606,27.72872],[83.502541,27.726198],[83.507714,27.725145],[83.510199,27.725943],[83.512606,27.728772],[83.51371,27.729121],[83.51839,27.725778],[83.521739,27.725584],[83.523579,27.726446],[83.527035,27.725469],[83.528696,27.724338],[83.531114,27.725997],[83.539585,27.720367],[83.54201,27.720193],[83.544375,27.719138],[83.547376,27.71674],[83.555945,27.716761],[83.561119,27.71405],[83.567061,27.712979],[83.567993,27.711014],[83.57084,27.708765],[83.575691,27.706848],[83.577898,27.705253],[83.580563,27.70495],[83.582688,27.70559],[83.58403,27.705066],[83.588562,27.706237],[83.592112,27.704901],[83.596142,27.704856],[83.597852,27.705811],[83.602602,27.704501],[83.60483,27.702887],[83.608669,27.701998],[83.610486,27.700547],[83.612148,27.696055],[83.618064,27.692311],[83.621154,27.688393],[83.623362,27.688663],[83.627585,27.692892],[83.631209,27.693736],[83.632924,27.69326],[83.63213,27.692455],[83.632686,27.691328],[83.632406,27.68959],[83.633776,27.688292],[83.633518,27.686455],[83.632531,27.685211],[83.633773,27.683455],[83.63225,27.682174],[83.632455,27.680389],[83.631665,27.679259],[83.633655,27.678008],[83.633003,27.677065],[83.631226,27.676821],[83.629369,27.671304],[83.629262,27.669693],[83.630619,27.667691],[83.629821,27.664726],[83.626209,27.663697],[83.623534,27.6616],[83.618951,27.659431],[83.61108,27.652196],[83.60935,27.649567],[83.603611,27.648686],[83.602572,27.648038],[83.598805,27.644189],[83.598441,27.643094],[83.598986,27.641672],[83.597644,27.63901],[83.598093,27.638064],[83.600079,27.637562],[83.60078,27.635854],[83.59945,27.634704],[83.596817,27.635348],[83.595099,27.634247],[83.595641,27.632937],[83.597843,27.631371],[83.597602,27.630545],[83.595339,27.629877],[83.592824,27.631036],[83.592038,27.630621],[83.591691,27.629756],[83.592938,27.626528],[83.591466,27.626046],[83.590193,27.62738],[83.588502,27.624981],[83.58666,27.625829],[83.58707,27.623619],[83.586374,27.621945],[83.588043,27.62121],[83.581742,27.619535],[83.582245,27.618052],[83.581138,27.616523],[83.578699,27.618163],[83.577711,27.618166],[83.576489,27.617037],[83.575439,27.617992],[83.574434,27.617784],[83.573102,27.615697],[83.571666,27.61038],[83.572652,27.606382],[83.574236,27.603524],[83.573353,27.601728],[83.574563,27.600335],[83.575682,27.597179],[83.579943,27.593546],[83.57918,27.591105],[83.579604,27.590384],[83.580281,27.589786],[83.581923,27.590253],[83.582541,27.588448],[83.58216,27.585229],[83.580423,27.583209],[83.580473,27.57487],[83.588592,27.573315],[83.590127,27.57579],[83.594371,27.574909],[83.594527,27.573592],[83.595747,27.572734],[83.594978,27.571574],[83.595255,27.570641],[83.595855,27.570672],[83.595415,27.569173],[83.595961,27.568723],[83.595543,27.567589],[83.59612,27.566523],[83.594719,27.565678],[83.59385,27.563593],[83.594773,27.563426],[83.594897,27.561563],[83.59419,27.561387],[83.594412,27.56037],[83.592538,27.558672],[83.593433,27.558055],[83.592549,27.557186],[83.592976,27.556065],[83.591149,27.554233],[83.591115,27.552924],[83.5902,27.551619],[83.590984,27.55103],[83.590075,27.550764],[83.591904,27.550282],[83.591719,27.54918],[83.593081,27.548234],[83.595981,27.548739],[83.59616,27.546702],[83.595614,27.545636],[83.593621,27.545156],[83.592714,27.543899],[83.590925,27.543722],[83.589909,27.54174],[83.589779,27.540215],[83.590534,27.539987],[83.58968,27.538182],[83.591432,27.535342],[83.591175,27.533464],[83.589903,27.534204],[83.589273,27.532612],[83.588179,27.5329],[83.587644,27.531772],[83.586566,27.532074],[83.587383,27.529842],[83.588008,27.529601],[83.588826,27.530487],[83.590488,27.52808],[83.592237,27.528728],[83.593694,27.527751],[83.59284,27.526882],[83.591526,27.527393],[83.59024,27.526399],[83.591469,27.524906],[83.589626,27.524515],[83.591066,27.520772],[83.592101,27.520513],[83.592631,27.521311],[83.593289,27.52083],[83.593486,27.521485],[83.59535,27.520432],[83.596717,27.518446],[83.597705,27.519616],[83.598194,27.519335],[83.596991,27.51617],[83.598376,27.515504],[83.596667,27.514175],[83.596681,27.513029],[83.596954,27.512095],[83.598907,27.511702],[83.597959,27.510679],[83.597328,27.51151],[83.595325,27.510649],[83.594339,27.5111],[83.594736,27.509643],[83.593983,27.507367],[83.595094,27.507056],[83.596277,27.50416],[83.595529,27.503461],[83.595277,27.501721],[83.593454,27.502336],[83.592979,27.501748],[83.594262,27.500732],[83.594364,27.49915],[83.595761,27.500136],[83.596613,27.49973],[83.59672,27.498938],[83.597598,27.499056],[83.597483,27.50006],[83.598442,27.499853],[83.598479,27.498896],[83.597161,27.498195],[83.597594,27.497188],[83.599062,27.498002],[83.600887,27.496753],[83.602114,27.497083],[83.603763,27.496361],[83.604432,27.495472],[83.603009,27.494132],[83.60324,27.493346],[83.603998,27.493151],[83.604908,27.494303],[83.606347,27.491531],[83.608599,27.489909],[83.61071,27.489845],[83.610039,27.486359],[83.611559,27.483915],[83.611153,27.480852],[83.612857,27.478526],[83.611176,27.475699],[83.612338,27.475431],[83.612733,27.473761],[83.613935,27.473069],[83.614568,27.469555],[83.388741,27.479645],[83.38961,27.478471],[83.391824,27.477781],[83.392301,27.476434],[83.391764,27.475362],[83.390003,27.474646],[83.389932,27.473563],[83.388902,27.473134],[83.388554,27.470673],[83.390581,27.471145],[83.394005,27.469537],[83.395502,27.469668],[83.395453,27.466766],[83.397923,27.465556],[83.39934,27.465693],[83.40128,27.46729],[83.402485,27.466339],[83.399733,27.463594],[83.399858,27.459956],[83.401875,27.457624],[83.398643,27.449039],[83.395961,27.446665],[83.391542,27.446756],[83.38993,27.444881],[83.383864,27.44237],[83.384032,27.440859],[83.385415,27.44075],[83.386316,27.439304],[83.386017,27.43803],[83.38464,27.437604],[83.384175,27.436178],[83.38695,27.432682],[83.390153,27.430246],[83.391732,27.429749],[83.391558,27.427826],[83.393168,27.424686],[83.394692,27.424077],[83.395736,27.422511],[83.401028,27.420925],[83.400955,27.420198],[83.39948,27.420079],[83.399704,27.41911],[83.402308,27.41964],[83.405506,27.418801],[83.40707,27.415287],[83.408111,27.414935],[83.408791,27.415466],[83.40932,27.414954],[83.409534,27.41264],[83.406348,27.411893],[83.405985,27.410915],[83.406527,27.409229],[83.405478,27.405493],[83.402376,27.400897],[83.400515,27.399844],[83.399748,27.398537],[83.397453,27.398001],[83.396549,27.396039],[83.392561,27.39569],[83.388254,27.391637],[83.384756,27.390358],[83.385002,27.385941],[83.387991,27.383719],[83.386391,27.380526],[83.388045,27.375874],[83.384818,27.372299],[83.382779,27.370957],[83.380249,27.370147],[83.374723,27.369953],[83.372748,27.367008],[83.37229,27.364928],[83.373998,27.360211],[83.373702,27.357295],[83.373099,27.356936],[83.371824,27.357869],[83.369633,27.35815],[83.367982,27.355748],[83.366019,27.355252],[83.364513,27.355767],[83.361409,27.352449],[83.357887,27.350757],[83.357728,27.350079],[83.359185,27.34815],[83.359143,27.343247],[83.35587,27.344615],[83.351086,27.342607],[83.350868,27.341665],[83.352678,27.34062],[83.352368,27.339984],[83.349584,27.339915],[83.346699,27.338437],[83.343978,27.338212],[83.343159,27.335059],[83.339709,27.33423],[83.337498,27.332796],[83.334924,27.333686],[83.331678,27.332701],[83.328853,27.334431],[83.326941,27.334068],[83.326369,27.334977],[83.325061,27.335245],[83.324451,27.336811],[83.323181,27.336369],[83.317865,27.337325],[83.318558,27.335916],[83.31651,27.334705],[83.315432,27.332839],[83.31772,27.331009],[83.317484,27.330148],[83.315667,27.331402],[83.310796,27.332304],[83.308037,27.333547],[83.304699,27.331391],[83.300429,27.334447],[83.3,27.334367],[83.3,27.766283]]]}},
{"type":"Feature","properties":{"adm2_name":"Arghakhanchi","adm2_pcode":"NP0550","adm1_name":"Lumbini","adm1_pcode":"NP05"},"geometry":{"type":"MultiPolygon","coordinates":[[[[83.3,27.906904],[83.301605,27.905948],[83.306511,27.906158],[83.310954,27.901679],[83.311297,27.897844],[83.309778,27.893547],[83.310004,27.891545],[83.308813,27.889563],[83.308997,27.888819],[83.310198,27.88889],[83.313633,27.886295],[83.315359,27.885816],[83.317451,27.88265],[83.320177,27.882663],[83.319986,27.87991],[83.320632,27.878465],[83.323246,27.877501],[83.325541,27.877605],[83.327925,27.878929],[83.330398,27.877353],[83.329877,27.876392],[83.330348,27.875119],[83.327327,27.87346],[83.328263,27.871339],[83.327323,27.869803],[83.326298,27.869464],[83.323713,27.866019],[83.320462,27.863955],[83.317369,27.860158],[83.312587,27.859765],[83.310493,27.85785],[83.307782,27.85692],[83.300501,27.85976],[83.303158,27.857479],[83.303591,27.854657],[83.31002,27.851485],[83.304274,27.848451],[83.301601,27.846565],[83.300409,27.844921],[83.3,27.844754],[83.3,27.906904]]],[[[83.3,27.926576],[83.300857,27.926507],[83.304954,27.928192],[83.308006,27.927601],[83.30886,27.926087],[83.308303,27.924144],[83.308714,27.918639],[83.306971,27.916748],[83.306524,27.914711],[83.305809,27.913972],[83.3,27.911827],[83.3,27.926576]]],[[[83.3,27.958224],[83.300684,27.957295],[83.302562,27.956239],[83.302424,27.954801],[83.30113,27.953055],[83.3,27.952679],[83.3,27.958224]]],[[[83.3,27.967829],[83.300832,27.967707],[83.301293,27.964003],[83.3,27.961723],[83.3,27.967829]]]]}},
{"type":"Feature","properties":{"adm2_name":"Gulmi","adm2_pcode":"NP0551","adm1_name":"Lumbini","adm1_pcode":"NP05"},"geometry":{"type":"Polygon","coordinates":[[[83.3,27.952679],[83.30113,27.953055],[83.302424,27.954801],[83.302562,27.956239],[83.300684,27.957295],[83.3,27.958224],[83.3,27.961723],[83.301293,27.964003],[83.300832,27.967707],[83.3,27.967829],[83.3,28.194658],[83.300664,28.195269],[83.306186,28.19783],[83.30774,28.197588],[83.310556,28.194103],[83.313551,28.193238],[83.316405,28.190328],[83.318748,28.19076],[83.320925,28.189893],[83.324882,28.190445],[83.327276,28.189139],[83.330117,28.188997],[83.335232,28.190207],[83.338052,28.190008],[83.344191,28.193359],[83.347096,28.19324],[83.348253,28.194466],[83.350211,28.194437],[83.352435,28.197694],[83.355418,28.197423],[83.355722,28.195663],[83.35758,28.195326],[83.362404,28.192351],[83.362805,28.190112],[83.364294,28.188601],[83.363838,28.187345],[83.364281,28.186065],[83.369783,28.182698],[83.370248,28.181432],[83.369735,28.178616],[83.370374,28.176469],[83.373371,28.175783],[83.375217,28.174375],[83.384106,28.163771],[83.390012,28.167317],[83.391184,28.164047],[83.393845,28.159977],[83.394667,28.155861],[83.398033,28.153101],[83.399658,28.150794],[83.406019,28.148426],[83.406689,28.14578],[83.411132,28.144033],[83.411254,28.140978],[83.413497,28.137744],[83.418103,28.137071],[83.418381,28.1348],[83.420037,28.131198],[83.419717,28.128746],[83.423198,28.125169],[83.423595,28.125787],[83.426918,28.126087],[83.431797,28.129352],[83.436092,28.129378],[83.43864,28.130964],[83.442019,28.128187],[83.443501,28.12586],[83.445903,28.125015],[83.451029,28.126375],[83.453755,28.129815],[83.457393,28.132314],[83.458332,28.132444],[83.461116,28.130237],[83.462495,28.1299],[83.465374,28.130599],[83.466608,28.13205],[83.471375,28.131638],[83.473591,28.132269],[83.478136,28.130077],[83.476458,28.122599],[83.474009,28.118971],[83.477722,28.117392],[83.482348,28.117186],[83.483671,28.11633],[83.48566,28.113294],[83.489889,28.113594],[83.494432,28.11632],[83.499558,28.117458],[83.500468,28.119785],[83.504695,28.123539],[83.505367,28.125655],[83.507866,28.126607],[83.509229,28.126118],[83.510233,28.126943],[83.516916,28.121412],[83.520804,28.119961],[83.525226,28.120811],[83.531871,28.116516],[83.53804,28.120088],[83.544181,28.120826],[83.548693,28.119648],[83.550911,28.11817],[83.553847,28.117352],[83.554512,28.116235],[83.554042,28.11361],[83.554621,28.11247],[83.555075,28.106554],[83.558586,28.104672],[83.560242,28.104468],[83.564927,28.100711],[83.564982,28.098877],[83.562105,28.094633],[83.562527,28.092746],[83.567047,28.089676],[83.571492,28.089338],[83.575044,28.087533],[83.576294,28.081684],[83.58056,28.077481],[83.579422,28.076489],[83.572426,28.073598],[83.569579,28.06916],[83.568507,28.065971],[83.567328,28.064903],[83.560845,28.064275],[83.563909,28.058026],[83.561555,28.052787],[83.561444,28.048881],[83.559049,28.043563],[83.55985,28.04214],[83.56232,28.041813],[83.56393,28.040634],[83.563835,28.039068],[83.561572,28.036687],[83.561443,28.035692],[83.56355,28.034332],[83.570332,28.032659],[83.574511,28.032511],[83.578315,28.033924],[83.581159,28.029062],[83.584178,28.026001],[83.589655,28.026073],[83.590763,28.024297],[83.591035,28.021534],[83.591813,28.021146],[83.594755,28.021691],[83.596275,28.020667],[83.598703,28.015095],[83.603158,28.01389],[83.604803,28.01199],[83.605155,28.007416],[83.603031,28.002514],[83.603984,28.000127],[83.603203,27.997224],[83.596483,27.991309],[83.593287,27.989386],[83.584026,27.987432],[83.585101,27.978857],[83.579986,27.979661],[83.578994,27.979312],[83.57852,27.977892],[83.578844,27.975722],[83.577489,27.974349],[83.572717,27.975839],[83.570025,27.975973],[83.558614,27.973651],[83.556034,27.974171],[83.555217,27.975853],[83.554215,27.976412],[83.549858,27.97675],[83.546128,27.971314],[83.544568,27.97085],[83.541035,27.971364],[83.538395,27.969307],[83.534035,27.96839],[83.530916,27.964715],[83.529197,27.964818],[83.528032,27.966025],[83.52665,27.966422],[83.521738,27.963862],[83.517099,27.966254],[83.511083,27.967433],[83.509434,27.968207],[83.508338,27.9702],[83.50029,27.97684],[83.491461,27.978552],[83.486298,27.981811],[83.483072,27.98174],[83.480843,27.98041],[83.478164,27.975258],[83.474904,27.974092],[83.466538,27.964167],[83.464131,27.960503],[83.462765,27.95562],[83.461487,27.953817],[83.455815,27.949774],[83.449784,27.948044],[83.443375,27.944779],[83.442805,27.943053],[83.445188,27.940251],[83.445301,27.939295],[83.443698,27.937448],[83.440591,27.935398],[83.433856,27.93551],[83.433038,27.939279],[83.428366,27.939901],[83.426733,27.939413],[83.424895,27.937429],[83.424674,27.934843],[83.42225,27.933775],[83.418805,27.930669],[83.412992,27.931342],[83.409884,27.930965],[83.409029,27.932159],[83.40536,27.93407],[83.399396,27.934762],[83.398614,27.936002],[83.398478,27.940538],[83.3975,27.942102],[83.39331,27.94468],[83.392579,27.947969],[83.387983,27.949893],[83.386743,27.952049],[83.38203,27.955561],[83.379161,27.956556],[83.376648,27.955929],[83.376579,27.956694],[83.378312,27.958161],[83.377361,27.958843],[83.371407,27.957789],[83.360822,27.951613],[83.356265,27.952217],[83.354601,27.954232],[83.349361,27.95113],[83.345281,27.94985],[83.34448,27.946545],[83.342559,27.943297],[83.342512,27.939969],[83.343384,27.938664],[83.346598,27.93664],[83.346107,27.931237],[83.344201,27.926514],[83.33925,27.925694],[83.338676,27.923521],[83.337382,27.922635],[83.333697,27.922681],[83.332102,27.921807],[83.325146,27.920755],[83.320205,27.92196],[83.316943,27.924137],[83.30886,27.926087],[83.307785,27.927828],[83.306094,27.928273],[83.300857,27.926507],[83.3,27.926576],[83.3,27.952679]]]}},
{"type":"Feature","properties":{"adm2_name":"Dolpa","adm2_pcode":"NP0662","adm1_name":"Karnali","adm1_pcode":"NP06"},"geometry":{"type":"Polygon","coordinates":[[[83.3,29.5],[83.301613,29.5],[83.302238,29.499669],[83.302675,29.5],[83.331961,29.5],[83.331993,29.499959],[83.344378,29.494757],[83.34719,29.492231],[83.345335,29.489208],[83.34666,29.487706],[83.347828,29.484723],[83.347157,29.480991],[83.347581,29.478532],[83.346291,29.476899],[83.341966,29.474999],[83.343398,29.473168],[83.343973,29.468412],[83.342267,29.465798],[83.3467,29.462592],[83.349076,29.459707],[83.35147,29.458806],[83.353708,29.451371],[83.356614,29.450645],[83.361865,29.451794],[83.366122,29.450016],[83.365455,29.447963],[83.363018,29.446192],[83.364328,29.439718],[83.370631,29.434338],[83.371332,29.428511],[83.377034,29.427309],[83.380033,29.42354],[83.381048,29.423148],[83.385609,29.423221],[83.387563,29.422397],[83.390944,29.422823],[83.396708,29.421447],[83.404573,29.422382],[83.409835,29.421386],[83.412657,29.421942],[83.414219,29.42081],[83.41588,29.410371],[83.420622,29.405299],[83.424662,29.403967],[83.426121,29.402401],[83.420364,29.39743],[83.421212,29.391666],[83.423488,29.387074],[83.422581,29.384636],[83.420416,29.383028],[83.411719,29.380265],[83.415382,29.376022],[83.415063,29.371022],[83.413094,29.366861],[83.416759,29.364865],[83.41728,29.363586],[83.416794,29.361455],[83.415041,29.359013],[83.417201,29.356246],[83.423405,29.356287],[83.427033,29.352677],[83.42859,29.349774],[83.436813,29.350457],[83.438916,29.349489],[83.444869,29.340202],[83.442343,29.335683],[83.446454,29.329073],[83.444389,29.325626],[83.443059,29.32062],[83.439291,29.316889],[83.439027,29.315553],[83.439872,29.312647],[83.438235,29.308658],[83.444147,29.306461],[83.444474,29.304478],[83.443361,29.301022],[83.443594,29.299766],[83.448259,29.299258],[83.451316,29.297511],[83.450352,29.294372],[83.450628,29.293541],[83.454273,29.292022],[83.455789,29.2906],[83.454598,29.287631],[83.454799,29.286522],[83.459886,29.286132],[83.460304,29.284018],[83.462077,29.282464],[83.462439,29.276779],[83.465136,29.274528],[83.468112,29.273536],[83.471458,29.274169],[83.473628,29.277525],[83.478694,29.28101],[83.487131,29.280143],[83.487691,29.279721],[83.486934,29.277259],[83.487196,29.276148],[83.491877,29.275214],[83.493378,29.273778],[83.493065,29.269981],[83.490909,29.266562],[83.491461,29.264805],[83.493945,29.262698],[83.496615,29.262733],[83.500108,29.260254],[83.502646,29.259469],[83.504098,29.255552],[83.508336,29.256968],[83.51196,29.255567],[83.514723,29.255807],[83.514213,29.252593],[83.51598,29.248064],[83.51713,29.246387],[83.519427,29.245047],[83.517573,29.241449],[83.517682,29.240563],[83.522289,29.239221],[83.522701,29.238244],[83.521369,29.235338],[83.51638,29.231382],[83.51505,29.227994],[83.517916,29.227036],[83.517457,29.221416],[83.519568,29.217658],[83.530362,29.213357],[83.530727,29.212541],[83.529986,29.209602],[83.530832,29.208258],[83.534127,29.206485],[83.53595,29.20381],[83.539019,29.202668],[83.547711,29.201443],[83.550492,29.200106],[83.55229,29.200112],[83.555403,29.203991],[83.560007,29.204455],[83.563104,29.206053],[83.565263,29.204253],[83.571963,29.202502],[83.57216,29.199175],[83.569343,29.196725],[83.569193,29.193443],[83.569854,29.190452],[83.574473,29.188842],[83.575961,29.187385],[83.576837,29.183578],[83.575965,29.180167],[83.590072,29.174165],[83.596045,29.174921],[83.604311,29.178077],[83.607389,29.181034],[83.610106,29.180742],[83.614307,29.174779],[83.614621,29.171326],[83.622707,29.168288],[83.623788,29.166724],[83.62658,29.165477],[83.626849,29.163624],[83.629503,29.160523],[83.633282,29.158437],[83.638566,29.160662],[83.641562,29.161189],[83.644281,29.163764],[83.643532,29.16611],[83.643857,29.167008],[83.646022,29.168801],[83.649519,29.168429],[83.652224,29.171533],[83.654797,29.17276],[83.655629,29.175065],[83.657285,29.176094],[83.662359,29.173445],[83.665807,29.170004],[83.665929,29.169115],[83.661966,29.164924],[83.663,29.162921],[83.662372,29.159814],[83.662764,29.156681],[83.663206,29.155687],[83.672086,29.15279],[83.675694,29.148949],[83.67636,29.147242],[83.675084,29.145282],[83.675671,29.141389],[83.674833,29.13702],[83.676861,29.135177],[83.679219,29.131653],[83.679592,29.130495],[83.678739,29.125033],[83.680317,29.123433],[83.675435,29.123825],[83.668257,29.123242],[83.662461,29.124736],[83.660133,29.124421],[83.658256,29.122759],[83.653687,29.121184],[83.651337,29.119061],[83.650506,29.113424],[83.652443,29.109197],[83.651696,29.106554],[83.649804,29.10446],[83.648561,29.103918],[83.646092,29.104101],[83.636213,29.107337],[83.628765,29.106831],[83.626217,29.103157],[83.623113,29.101438],[83.620513,29.097785],[83.615515,29.098301],[83.614883,29.094297],[83.616003,29.092576],[83.620214,29.089534],[83.623311,29.088256],[83.624424,29.086803],[83.6264,29.085677],[83.627746,29.082527],[83.630627,29.081],[83.630954,29.080082],[83.629419,29.07156],[83.631413,29.064886],[83.630914,29.062428],[83.626485,29.062427],[83.620775,29.060714],[83.619521,29.059684],[83.618073,29.055126],[83.618893,29.045751],[83.616019,29.040365],[83.612457,29.035944],[83.612572,29.033722],[83.61528,29.02757],[83.614014,29.02234],[83.616447,29.018883],[83.615265,29.016712],[83.611847,29.014723],[83.614166,29.009825],[83.616867,29.00616],[83.61438,28.998623],[83.615395,28.994681],[83.614922,28.987677],[83.610109,28.98293],[83.60917,28.980236],[83.604433,28.980133],[83.602321,28.98301],[83.599071,28.985621],[83.591968,28.98363],[83.590237,28.981013],[83.588925,28.980695],[83.586819,28.976964],[83.586514,28.975835],[83.587292,28.972521],[83.585347,28.967684],[83.581548,28.96493],[83.58251,28.961268],[83.581472,28.958184],[83.579954,28.956138],[83.578848,28.955072],[83.574782,28.95388],[83.571167,28.947247],[83.569176,28.944866],[83.566872,28.943325],[83.562119,28.945168],[83.558557,28.944826],[83.556909,28.941616],[83.557817,28.938393],[83.556398,28.933698],[83.54938,28.926872],[83.546108,28.921816],[83.542248,28.918682],[83.539769,28.914921],[83.537297,28.913539],[83.535322,28.911361],[83.53272,28.909564],[83.52851,28.908624],[83.527419,28.903839],[83.525245,28.901941],[83.522804,28.897928],[83.520302,28.896275],[83.514588,28.889508],[83.510316,28.887593],[83.505999,28.884675],[83.501361,28.878608],[83.499385,28.877192],[83.501124,28.873178],[83.503154,28.871304],[83.505915,28.865163],[83.505534,28.862273],[83.506182,28.856943],[83.505389,28.855184],[83.501949,28.851681],[83.501346,28.849425],[83.50172,28.846123],[83.497853,28.842583],[83.491879,28.84643],[83.485792,28.846035],[83.481535,28.844651],[83.481269,28.840165],[83.480216,28.837752],[83.480544,28.836057],[83.483031,28.833827],[83.483466,28.832191],[83.482619,28.829494],[83.479591,28.824156],[83.479987,28.817128],[83.485015,28.812189],[83.485617,28.807226],[83.487479,28.804247],[83.487929,28.802041],[83.487494,28.797435],[83.48651,28.795362],[83.486812,28.790511],[83.484276,28.786966],[83.483344,28.782812],[83.475992,28.781739],[83.4701,28.78173],[83.464038,28.780124],[83.461069,28.780043],[83.458655,28.7762],[83.456184,28.773723],[83.445989,28.768878],[83.442161,28.769634],[83.436318,28.768744],[83.42926,28.766433],[83.425682,28.765935],[83.410327,28.760595],[83.400168,28.760708],[83.3884,28.763029],[83.383248,28.756427],[83.377546,28.753949],[83.376065,28.747497],[83.374231,28.744473],[83.363731,28.736537],[83.361903,28.734108],[83.356145,28.733623],[83.349817,28.735986],[83.345289,28.735563],[83.331165,28.738142],[83.325453,28.737881],[83.319959,28.736085],[83.312993,28.735592],[83.308468,28.732639],[83.3,28.73189],[83.3,29.5]]]}}
]
}
