{"type":"FeatureCollection","name":"aoi_upstream_extension","description":"UNOSAT multi-sensor flood/mudflow extent (26-28 Aug 2026) buffered 200 m, for the Lende Khola from Rasuwagadhi to the detachment zone, beyond the HOT flood-affected AOI. CC BY-SA.","features":[{"type":"Feature","properties":{"label":"Upstream extension (UNOSAT extent + 200 m)","area_km2":28.92},"geometry":{"type":"MultiPolygon","coordinates":[[[[85.349791,28.200225],[85.349794,28.200295],[85.349795,28.200311],[85.349802,28.20039],[85.349813,28.200469],[85.349815,28.200485],[85.349822,28.200516],[85.349809,28.20056],[85.349805,28.200575],[85.349788,28.200646],[85.349785,28.200661],[85.349772,28.200725],[85.349769,28.200741],[85.34976,28.200804],[85.349756,28.200831],[85.349751,28.200867],[85.349748,28.2009],[85.349743,28.200946],[85.349741,28.200976],[85.349737,28.201032],[85.349737,28.201046],[85.349735,28.201091],[85.349735,28.201105],[85.349735,28.201157],[85.349735,28.201171],[85.349737,28.201227],[85.349738,28.201241],[85.349742,28.201302],[85.349743,28.201316],[85.34975,28.201381],[85.349752,28.201394],[85.349762,28.201464],[85.349765,28.201476],[85.349779,28.201548],[85.349781,28.201561],[85.349804,28.20165],[85.349809,28.201667],[85.349844,28.201777],[85.349849,28.201793],[85.349871,28.201847],[85.34987,28.201867],[85.34987,28.201909],[85.34987,28.201941],[85.349871,28.201988],[85.349872,28.202023],[85.349875,28.202075],[85.349877,28.202109],[85.349882,28.202162],[85.349885,28.202195],[85.349889,28.202236],[85.349892,28.202252],[85.349898,28.202297],[85.349903,28.202332],[85.34991,28.202374],[85.349906,28.202399],[85.349902,28.20243],[85.3499,28.202445],[85.349895,28.202483],[85.349894,28.202499],[85.349889,28.202551],[85.349888,28.202567],[85.349884,28.202635],[85.349883,28.202652],[85.349882,28.202732],[85.349883,28.202748],[85.349886,28.202835],[85.349887,28.20285],[85.349895,28.202934],[85.349897,28.202949],[85.34991,28.203036],[85.349913,28.203051],[85.34993,28.203133],[85.349933,28.203148],[85.349954,28.203229],[85.349959,28.203243],[85.349984,28.203323],[85.349989,28.203337],[85.350016,28.203412],[85.350022,28.203425],[85.350053,28.203499],[85.350059,28.203512],[85.350093,28.203582],[85.350098,28.203594],[85.350132,28.203656],[85.350138,28.203667],[85.350174,28.203728],[85.350182,28.203741],[85.350219,28.203798],[85.350227,28.20381],[85.350265,28.203865],[85.350276,28.203879],[85.35031,28.203925],[85.350321,28.203939],[85.350334,28.203955],[85.350359,28.20401],[85.350363,28.204019],[85.350386,28.204063],[85.350389,28.204073],[85.350401,28.204118],[85.350402,28.204123],[85.350403,28.204127],[85.350409,28.204161],[85.350412,28.204176],[85.350423,28.204224],[85.350426,28.204239],[85.350442,28.204304],[85.350446,28.204319],[85.350472,28.204402],[85.350476,28.204417],[85.350512,28.204514],[85.350518,28.204528],[85.350563,28.20463],[85.350568,28.204642],[85.35062,28.204741],[85.350626,28.204752],[85.350677,28.204836],[85.350682,28.204844],[85.350725,28.204909],[85.350731,28.204917],[85.350778,28.204981],[85.350784,28.204989],[85.350831,28.205047],[85.350838,28.205055],[85.350894,28.20512],[85.350906,28.205133],[85.350958,28.205186],[85.350959,28.205188],[85.350981,28.205233],[85.350989,28.205248],[85.351028,28.20532],[85.351036,28.205334],[85.351092,28.205425],[85.351101,28.205439],[85.351162,28.205527],[85.351168,28.205535],[85.351225,28.205607],[85.351231,28.205615],[85.351324,28.205719],[85.351336,28.205731],[85.351394,28.205789],[85.351454,28.205844],[85.351463,28.205852],[85.351569,28.205939],[85.351579,28.205946],[85.351667,28.206008],[85.35168,28.206024],[85.351733,28.206089],[85.351745,28.206102],[85.351755,28.206112],[85.351741,28.206176],[85.351723,28.20629],[85.351722,28.206302],[85.351713,28.206399],[85.351711,28.206496],[85.351711,28.206508],[85.351713,28.206564],[85.351665,28.206614],[85.351596,28.206695],[85.351589,28.206703],[85.351525,28.206788],[85.351467,28.206876],[85.351465,28.20688],[85.351452,28.206894],[85.351446,28.206902],[85.351385,28.206979],[85.35133,28.207059],[85.351279,28.207141],[85.351233,28.207226],[85.351192,28.207312],[85.351187,28.207323],[85.35115,28.207414],[85.351119,28.207507],[85.351093,28.207601],[85.35109,28.207613],[85.35107,28.207709],[85.351056,28.207805],[85.351055,28.207818],[85.351048,28.20789],[85.351044,28.207963],[85.351044,28.207977],[85.351045,28.208045],[85.351037,28.208099],[85.351016,28.208161],[85.350992,28.208253],[85.350942,28.208323],[85.350935,28.208333],[85.350868,28.208443],[85.350862,28.208454],[85.350802,28.208571],[85.350796,28.208584],[85.350747,28.2087],[85.350742,28.208714],[85.350705,28.208826],[85.350701,28.208839],[85.350672,28.208952],[85.350669,28.208966],[85.350649,28.209076],[85.350647,28.20909],[85.350634,28.209201],[85.350633,28.209215],[85.350628,28.209326],[85.350628,28.209338],[85.350631,28.209444],[85.350632,28.209457],[85.350642,28.209567],[85.350644,28.20958],[85.350668,28.209717],[85.350671,28.209734],[85.35069,28.209812],[85.350713,28.209889],[85.350718,28.209904],[85.350744,28.209979],[85.350774,28.210054],[85.350781,28.210069],[85.350835,28.210182],[85.35084,28.21019],[85.350881,28.210265],[85.350886,28.210273],[85.350937,28.210355],[85.350945,28.210367],[85.351004,28.210451],[85.351013,28.210462],[85.35107,28.210535],[85.35108,28.210546],[85.351138,28.210613],[85.351148,28.210623],[85.351202,28.210679],[85.351209,28.210687],[85.351257,28.210733],[85.351265,28.210741],[85.351298,28.21077],[85.351302,28.210782],[85.351311,28.210807],[85.351339,28.210875],[85.351344,28.210888],[85.351366,28.210936],[85.351372,28.21095],[85.351394,28.210995],[85.351401,28.211009],[85.351422,28.21105],[85.351429,28.211063],[85.351452,28.211104],[85.35146,28.211117],[85.351485,28.21116],[85.351494,28.211174],[85.351517,28.211212],[85.351527,28.211227],[85.35153,28.211231],[85.351534,28.211257],[85.351538,28.211272],[85.351551,28.21133],[85.351557,28.211356],[85.351572,28.211412],[85.351576,28.211426],[85.351588,28.211468],[85.351594,28.211485],[85.351608,28.211529],[85.351614,28.211545],[85.351631,28.211594],[85.35164,28.211618],[85.351661,28.211671],[85.351673,28.211699],[85.351687,28.211732],[85.351695,28.211748],[85.351703,28.211767],[85.351714,28.211792],[85.351735,28.211899],[85.351738,28.211918],[85.351748,28.211965],[85.351753,28.21199],[85.351759,28.212019],[85.351765,28.212047],[85.351772,28.212078],[85.351783,28.21212],[85.351795,28.212167],[85.35181,28.212219],[85.351819,28.212252],[85.35183,28.212286],[85.351824,28.212316],[85.35182,28.212336],[85.351813,28.21237],[85.351808,28.212396],[85.351802,28.21243],[85.351795,28.212466],[85.35179,28.212499],[85.351785,28.212535],[85.35178,28.212568],[85.351775,28.21261],[85.351771,28.212641],[85.351767,28.21269],[85.351763,28.212734],[85.35176,28.212777],[85.351759,28.212809],[85.351757,28.212841],[85.351755,28.212895],[85.351755,28.212913],[85.351754,28.212966],[85.351754,28.21298],[85.351753,28.213034],[85.351753,28.213056],[85.351753,28.213092],[85.351753,28.213123],[85.351754,28.213177],[85.351755,28.213215],[85.351757,28.213248],[85.351759,28.21329],[85.351763,28.213338],[85.351767,28.213394],[85.351772,28.21344],[85.351778,28.213487],[85.351782,28.21352],[85.351789,28.213566],[85.351798,28.213616],[85.351807,28.213664],[85.351817,28.213716],[85.351824,28.213751],[85.351835,28.213803],[85.351841,28.213826],[85.351853,28.213877],[85.351855,28.213886],[85.351885,28.214011],[85.351891,28.214037],[85.351891,28.214038],[85.351891,28.214041],[85.351892,28.214058],[85.351892,28.214092],[85.351892,28.214127],[85.351891,28.21417],[85.35188,28.214426],[85.351879,28.214439],[85.351878,28.214475],[85.351877,28.214494],[85.351876,28.214547],[85.351876,28.214566],[85.351875,28.214619],[85.351875,28.214648],[85.351876,28.214701],[85.351876,28.214733],[85.351877,28.214767],[85.351878,28.214788],[85.35188,28.214823],[85.351881,28.214856],[85.351884,28.214906],[85.351888,28.214949],[85.351892,28.214996],[85.351895,28.215028],[85.3519,28.215074],[85.351904,28.215108],[85.351911,28.215162],[85.351914,28.21518],[85.351921,28.215233],[85.351923,28.215243],[85.351936,28.215332],[85.351938,28.215348],[85.351947,28.215401],[85.351951,28.215424],[85.351959,28.215473],[85.351961,28.215479],[85.35196,28.215503],[85.35196,28.215526],[85.351959,28.215559],[85.351959,28.215588],[85.35196,28.215638],[85.35196,28.215668],[85.351961,28.215703],[85.351962,28.215724],[85.351964,28.21576],[85.351965,28.215784],[85.351968,28.215835],[85.351968,28.215849],[85.351972,28.2159],[85.351972,28.215909],[85.351985,28.216096],[85.351987,28.216113],[85.351996,28.21623],[85.351998,28.216252],[85.352001,28.216286],[85.352003,28.216307],[85.352009,28.216358],[85.352012,28.216385],[85.352018,28.216437],[85.352024,28.216476],[85.352031,28.216522],[85.352036,28.216557],[85.352044,28.216603],[85.352053,28.216649],[85.352062,28.216697],[85.352073,28.216743],[85.352084,28.216791],[85.352095,28.216837],[85.352107,28.216882],[85.352119,28.216924],[85.352131,28.216966],[85.352145,28.21701],[85.352146,28.217014],[85.35214,28.216926],[85.352137,28.216694],[85.352144,28.21655],[85.352164,28.216419],[85.352199,28.216289],[85.352248,28.216164],[85.352311,28.216043],[85.352387,28.215928],[85.352426,28.21588],[85.352441,28.215861],[85.352455,28.215841],[85.352468,28.21582],[85.352479,28.215799],[85.352489,28.215778],[85.352498,28.215756],[85.352506,28.215733],[85.352512,28.21571],[85.352517,28.215687],[85.352521,28.215664],[85.352523,28.215641],[85.352524,28.215617],[85.352523,28.215594],[85.352521,28.21557],[85.352511,28.215484],[85.352505,28.215254],[85.352557,28.214264],[85.352558,28.214243],[85.352557,28.214222],[85.352555,28.214201],[85.352323,28.211977],[85.35232,28.211953],[85.352316,28.21193],[85.35231,28.211906],[85.352302,28.211883],[85.352293,28.21186],[85.352283,28.211838],[85.352272,28.211816],[85.352259,28.211795],[85.352245,28.211775],[85.35223,28.211755],[85.352213,28.211736],[85.352196,28.211718],[85.352167,28.211689],[85.35206,28.211571],[85.351974,28.211454],[85.351902,28.211329],[85.351841,28.211188],[85.35177,28.210995],[85.351761,28.210973],[85.35175,28.210951],[85.351739,28.210929],[85.351726,28.210909],[85.351712,28.210888],[85.351697,28.210869],[85.35168,28.21085],[85.351663,28.210832],[85.351645,28.210815],[85.351625,28.210799],[85.351596,28.210776],[85.351495,28.210679],[85.351406,28.210574],[85.351329,28.210462],[85.351264,28.210343],[85.351212,28.21022],[85.351175,28.210093],[85.351151,28.209963],[85.351142,28.209832],[85.351147,28.2097],[85.351167,28.20957],[85.3512,28.209442],[85.351248,28.209317],[85.351309,28.209197],[85.351389,28.209074],[85.351567,28.208828],[85.351581,28.208807],[85.351594,28.208785],[85.351606,28.208763],[85.351616,28.208741],[85.351625,28.208718],[85.351632,28.208694],[85.351638,28.20867],[85.351643,28.208646],[85.351646,28.208622],[85.351669,28.208371],[85.351694,28.208214],[85.351734,28.208071],[85.351792,28.207934],[85.351872,28.207792],[85.352112,28.207419],[85.352191,28.207307],[85.352212,28.207283],[85.352228,28.207263],[85.352243,28.207243],[85.352256,28.207223],[85.352268,28.207201],[85.352279,28.207179],[85.352289,28.207157],[85.352297,28.207134],[85.352304,28.207111],[85.352309,28.207087],[85.352313,28.207063],[85.352316,28.20704],[85.352326,28.206906],[85.352348,28.20678],[85.352413,28.206496],[85.352417,28.206473],[85.35242,28.20645],[85.352422,28.206426],[85.352423,28.206403],[85.352422,28.20638],[85.352419,28.206357],[85.352416,28.206334],[85.352411,28.206311],[85.352405,28.206288],[85.352397,28.206266],[85.352388,28.206244],[85.352378,28.206222],[85.352367,28.206201],[85.352354,28.206181],[85.35234,28.206161],[85.352325,28.206142],[85.352309,28.206123],[85.352292,28.206106],[85.352274,28.206089],[85.352257,28.206073],[85.352165,28.205974],[85.352085,28.205869],[85.352016,28.205757],[85.352,28.205725],[85.35199,28.205705],[85.351978,28.205685],[85.351965,28.205666],[85.351951,28.205647],[85.351937,28.205629],[85.351921,28.205612],[85.351904,28.205595],[85.351886,28.205579],[85.351868,28.205564],[85.351778,28.205494],[85.351678,28.2054],[85.351588,28.205298],[85.35151,28.205189],[85.351439,28.205064],[85.350601,28.203408],[85.350544,28.203281],[85.350504,28.203159],[85.350478,28.203035],[85.350463,28.202898],[85.350413,28.201958],[85.350411,28.201934],[85.350408,28.20191],[85.350403,28.201886],[85.350397,28.201863],[85.350389,28.20184],[85.35038,28.201817],[85.350288,28.201605],[85.35024,28.201477],[85.350208,28.201356],[85.350189,28.201232],[85.350183,28.201108],[85.35019,28.200973],[85.350268,28.200241],[85.35027,28.200217],[85.35027,28.200194],[85.350269,28.200171],[85.350267,28.200148],[85.350264,28.200125],[85.350259,28.200102],[85.350252,28.20008],[85.350245,28.200058],[85.35024,28.200046],[85.349756,28.200046],[85.349757,28.200053],[85.349771,28.200135],[85.349773,28.200147],[85.349791,28.200225]]],[[[85.360879,28.219407],[85.360862,28.219395],[85.360832,28.219373],[85.360817,28.219362],[85.360773,28.21933],[85.360757,28.219319],[85.360668,28.219255],[85.360656,28.219246],[85.360436,28.219093],[85.360396,28.219064],[85.360348,28.219029],[85.360319,28.219008],[85.36029,28.218985],[85.360284,28.21898],[85.360274,28.218972],[85.360243,28.218945],[85.360177,28.218887],[85.360054,28.218776],[85.360011,28.218737],[85.35998,28.218708],[85.359958,28.218686],[85.359946,28.218674],[85.359935,28.218663],[85.359914,28.218642],[85.359908,28.218635],[85.359891,28.218617],[85.359886,28.218611],[85.359881,28.218605],[85.359874,28.218597],[85.359811,28.218489],[85.359801,28.218472],[85.359767,28.218414],[85.359749,28.218385],[85.359733,28.218359],[85.359714,28.21833],[85.359696,28.218302],[85.359672,28.218265],[85.359651,28.218236],[85.359629,28.218203],[85.359618,28.218189],[85.359591,28.218153],[85.359572,28.218127],[85.359545,28.218093],[85.359535,28.21808],[85.359515,28.218055],[85.359505,28.218043],[85.359472,28.218005],[85.359451,28.21798],[85.359442,28.21797],[85.359435,28.217954],[85.35943,28.217941],[85.359413,28.217904],[85.359406,28.217891],[85.359383,28.217843],[85.359375,28.217827],[85.359347,28.217773],[85.359339,28.217758],[85.359305,28.2177],[85.359296,28.217686],[85.359258,28.217626],[85.35925,28.217613],[85.359213,28.217559],[85.35921,28.217555],[85.359209,28.217552],[85.359206,28.217544],[85.359128,28.21732],[85.359122,28.21729],[85.359119,28.217271],[85.359112,28.217241],[85.359107,28.217217],[85.359097,28.217171],[85.359089,28.217138],[85.359078,28.217091],[85.35907,28.21706],[85.359057,28.217011],[85.359049,28.216981],[85.359035,28.216932],[85.359026,28.216904],[85.359011,28.216853],[85.359002,28.216825],[85.35898,28.216759],[85.358971,28.21673],[85.35895,28.216671],[85.358942,28.216648],[85.358926,28.216602],[85.358917,28.216579],[85.358893,28.216516],[85.358883,28.216489],[85.358865,28.216444],[85.358857,28.216425],[85.358839,28.21638],[85.358829,28.216356],[85.358809,28.216311],[85.358797,28.216283],[85.358769,28.216223],[85.358763,28.216208],[85.358752,28.216184],[85.358745,28.216159],[85.358739,28.216133],[85.358735,28.21612],[85.358729,28.216092],[85.358696,28.215934],[85.358693,28.215916],[85.358678,28.215848],[85.358672,28.215823],[85.358664,28.21579],[85.358658,28.215764],[85.358649,28.215728],[85.35864,28.215694],[85.358625,28.215641],[85.358613,28.2156],[85.358603,28.215569],[85.358592,28.215534],[85.358577,28.215488],[85.358565,28.215453],[85.358553,28.215419],[85.358543,28.215392],[85.358524,28.215341],[85.358513,28.215313],[85.358496,28.215268],[85.358485,28.215243],[85.358467,28.215199],[85.358455,28.215171],[85.358438,28.21513],[85.358422,28.215097],[85.358402,28.215052],[85.358382,28.215011],[85.35836,28.214965],[85.358335,28.214918],[85.358312,28.214874],[85.358288,28.214831],[85.358273,28.214804],[85.358252,28.21477],[85.358236,28.214743],[85.358207,28.214696],[85.358183,28.214658],[85.358158,28.214621],[85.358149,28.214608],[85.358128,28.214579],[85.358112,28.214556],[85.358085,28.214519],[85.358068,28.214496],[85.358044,28.214465],[85.358032,28.214451],[85.358006,28.214418],[85.357984,28.214391],[85.357957,28.21436],[85.357946,28.214346],[85.357917,28.214314],[85.357892,28.214286],[85.357857,28.214248],[85.357831,28.214221],[85.357792,28.214182],[85.357765,28.214155],[85.357728,28.214119],[85.3577,28.214093],[85.357656,28.214053],[85.357621,28.214022],[85.357588,28.213995],[85.35758,28.213982],[85.357561,28.213952],[85.357528,28.213904],[85.357509,28.213876],[85.357484,28.213842],[85.357475,28.213828],[85.357454,28.213801],[85.357435,28.213775],[85.357409,28.213742],[85.357394,28.213722],[85.357393,28.213713],[85.357391,28.213675],[85.35739,28.213612],[85.357389,28.213554],[85.357386,28.213176],[85.357386,28.213089],[85.357387,28.213053],[85.357387,28.213035],[85.357389,28.212984],[85.35739,28.212955],[85.357392,28.212933],[85.357394,28.212907],[85.357428,28.212799],[85.357432,28.212785],[85.357452,28.212699],[85.357455,28.212685],[85.357461,28.212656],[85.357461,28.212654],[85.357475,28.212606],[85.357482,28.21258],[85.357498,28.212517],[85.357504,28.212489],[85.357515,28.212434],[85.357518,28.21242],[85.357528,28.212362],[85.357533,28.212332],[85.357543,28.212254],[85.357546,28.212224],[85.357552,28.212147],[85.357554,28.212114],[85.357556,28.212044],[85.357556,28.212012],[85.357556,28.211952],[85.357555,28.211921],[85.357553,28.211868],[85.35755,28.211833],[85.357547,28.21179],[85.357544,28.211756],[85.357541,28.211727],[85.357538,28.211693],[85.357536,28.211679],[85.357535,28.211668],[85.357536,28.211663],[85.35754,28.211647],[85.357547,28.211617],[85.357555,28.211585],[85.357561,28.211555],[85.357565,28.211539],[85.357571,28.211508],[85.357577,28.211477],[85.357584,28.211439],[85.357589,28.211408],[85.357594,28.211374],[85.357596,28.211359],[85.357602,28.21131],[85.357606,28.211277],[85.357612,28.211212],[85.357613,28.211195],[85.357616,28.211137],[85.357617,28.21112],[85.357618,28.211052],[85.357618,28.211036],[85.357615,28.210961],[85.357614,28.210946],[85.357607,28.21086],[85.357606,28.210844],[85.357592,28.210748],[85.35759,28.210735],[85.35757,28.210636],[85.357567,28.210623],[85.357538,28.210514],[85.357534,28.210501],[85.35751,28.210431],[85.357484,28.210362],[85.357477,28.210346],[85.357439,28.210259],[85.357395,28.210174],[85.357387,28.210159],[85.357328,28.21006],[85.357262,28.209963],[85.357252,28.20995],[85.357199,28.209881],[85.357162,28.209837],[85.357163,28.209834],[85.357174,28.20979],[85.357184,28.209744],[85.357193,28.209701],[85.357203,28.209651],[85.357211,28.209608],[85.357219,28.209557],[85.357226,28.209511],[85.357233,28.209461],[85.357237,28.209426],[85.357242,28.209381],[85.357245,28.209346],[85.357248,28.2093],[85.35725,28.209266],[85.357252,28.20922],[85.357253,28.209187],[85.357254,28.209136],[85.357254,28.209088],[85.357253,28.209043],[85.357252,28.209011],[85.35725,28.208959],[85.357247,28.20891],[85.357243,28.208866],[85.35724,28.208833],[85.357237,28.208794],[85.357233,28.208761],[85.357228,28.208723],[85.357223,28.208689],[85.35722,28.208667],[85.357265,28.20859],[85.35729,28.208544],[85.357332,28.20846],[85.35737,28.208375],[85.357375,28.208361],[85.357401,28.208294],[85.357422,28.208231],[85.357425,28.208222],[85.357438,28.208189],[85.357466,28.208108],[85.357469,28.2081],[85.357493,28.208019],[85.357506,28.207962],[85.357548,28.207888],[85.357554,28.207877],[85.357589,28.207807],[85.357621,28.207736],[85.357626,28.207724],[85.357645,28.207677],[85.357648,28.20767],[85.357675,28.207601],[85.357699,28.207531],[85.357703,28.207519],[85.357739,28.207389],[85.357742,28.207375],[85.35776,28.20729],[85.357763,28.207275],[85.357767,28.207245],[85.357789,28.207148],[85.357791,28.207134],[85.357806,28.207037],[85.357808,28.207023],[85.357809,28.207009],[85.357836,28.20694],[85.357863,28.20686],[85.357865,28.206852],[85.357893,28.206748],[85.357914,28.206642],[85.357928,28.206536],[85.357929,28.206527],[85.357936,28.206427],[85.357936,28.206349],[85.357942,28.206326],[85.357957,28.20625],[85.35796,28.206234],[85.357976,28.206119],[85.357978,28.206103],[85.357985,28.206007],[85.357986,28.205991],[85.357987,28.205899],[85.357987,28.205882],[85.357982,28.205781],[85.357981,28.205765],[85.357966,28.205637],[85.357964,28.205622],[85.357947,28.205534],[85.357927,28.205451],[85.357913,28.205365],[85.357911,28.205357],[85.357886,28.205247],[85.357878,28.205216],[85.35787,28.205191],[85.35787,28.205133],[85.357862,28.205031],[85.357848,28.20493],[85.357828,28.20483],[85.357825,28.204819],[85.357798,28.204719],[85.357765,28.204621],[85.357725,28.204525],[85.35772,28.204513],[85.357676,28.204422],[85.357627,28.204334],[85.35762,28.204322],[85.357545,28.204207],[85.357536,28.204195],[85.357478,28.204117],[85.357468,28.204105],[85.35742,28.204047],[85.35741,28.204035],[85.357368,28.203989],[85.357357,28.203977],[85.357311,28.203928],[85.357297,28.203914],[85.357285,28.203895],[85.357268,28.203869],[85.357225,28.203805],[85.357217,28.203793],[85.357156,28.203698],[85.357147,28.203684],[85.357082,28.203595],[85.357072,28.203582],[85.357024,28.203522],[85.357013,28.203509],[85.356978,28.203469],[85.356966,28.203455],[85.356934,28.203421],[85.356915,28.203401],[85.356896,28.203372],[85.356872,28.203336],[85.35684,28.203291],[85.356818,28.20326],[85.356785,28.203216],[85.356772,28.203199],[85.356739,28.203155],[85.356726,28.203137],[85.356703,28.203108],[85.356682,28.203081],[85.356659,28.203053],[85.356632,28.203019],[85.35662,28.203005],[85.356592,28.202972],[85.356579,28.202959],[85.356544,28.20292],[85.356532,28.202907],[85.356491,28.202865],[85.356466,28.202839],[85.356427,28.202801],[85.356389,28.202765],[85.356364,28.202729],[85.356354,28.202714],[85.356322,28.202672],[85.356311,28.202657],[85.356284,28.202622],[85.356273,28.202608],[85.356247,28.202577],[85.356244,28.202572],[85.356242,28.202568],[85.356238,28.202557],[85.356184,28.202429],[85.356179,28.202419],[85.356171,28.202403],[85.356159,28.202365],[85.356155,28.202353],[85.356148,28.202336],[85.35613,28.202266],[85.356126,28.202252],[85.356103,28.202179],[85.356099,28.202168],[85.356098,28.202165],[85.356076,28.202101],[85.356051,28.201993],[85.356048,28.201984],[85.356047,28.201969],[85.356036,28.20189],[85.356034,28.201875],[85.356018,28.201793],[85.356034,28.201773],[85.356041,28.201764],[85.35609,28.201698],[85.356136,28.20163],[85.356142,28.201621],[85.356182,28.201555],[85.356219,28.201489],[85.356223,28.20148],[85.356259,28.201407],[85.356291,28.201332],[85.356296,28.201322],[85.356325,28.201245],[85.35635,28.201168],[85.356353,28.201157],[85.356375,28.201075],[85.356393,28.200991],[85.356395,28.200978],[85.356408,28.200894],[85.356417,28.20081],[85.356418,28.200797],[85.356422,28.200712],[85.356422,28.200628],[85.356422,28.200612],[85.356417,28.200529],[85.356409,28.200447],[85.356407,28.200431],[85.356394,28.200351],[85.356377,28.200272],[85.356374,28.200256],[85.356354,28.20018],[85.35633,28.200104],[85.356325,28.200088],[85.35631,28.20005],[85.355575,28.20005],[85.355596,28.200101],[85.355632,28.200226],[85.355655,28.200353],[85.355664,28.200493],[85.355666,28.200629],[85.35566,28.200768],[85.355641,28.200894],[85.355609,28.201019],[85.355564,28.20114],[85.355504,28.20126],[85.355498,28.201271],[85.355487,28.201292],[85.355477,28.201314],[85.355468,28.201336],[85.355461,28.201358],[85.355455,28.201381],[85.355451,28.201404],[85.355448,28.201427],[85.355446,28.20145],[85.355445,28.201473],[85.355446,28.201496],[85.355448,28.20152],[85.355452,28.201543],[85.355457,28.201565],[85.355463,28.201588],[85.35547,28.20161],[85.355479,28.201632],[85.355489,28.201654],[85.355511,28.201697],[85.355557,28.20182],[85.35559,28.201947],[85.355609,28.202077],[85.355614,28.202207],[85.355605,28.202337],[85.355598,28.202372],[85.355594,28.202397],[85.355592,28.202422],[85.355592,28.202447],[85.355593,28.202472],[85.355595,28.202497],[85.355599,28.202522],[85.355605,28.202546],[85.355616,28.20259],[85.355623,28.202614],[85.355632,28.202638],[85.355642,28.202662],[85.355654,28.202685],[85.355667,28.202707],[85.355682,28.202729],[85.355698,28.20275],[85.356393,28.203614],[85.356509,28.203779],[85.357004,28.204589],[85.357068,28.204705],[85.357116,28.204817],[85.357156,28.204942],[85.357415,28.205918],[85.357446,28.206073],[85.357458,28.206218],[85.357451,28.206375],[85.357299,28.207857],[85.357266,28.208047],[85.357132,28.2086],[85.357082,28.20876],[85.357011,28.208915],[85.356858,28.209204],[85.356847,28.209225],[85.356838,28.209247],[85.35683,28.209269],[85.356823,28.209291],[85.356818,28.209314],[85.356814,28.209336],[85.356811,28.209359],[85.356734,28.210208],[85.356732,28.210232],[85.356732,28.210256],[85.356744,28.210648],[85.356745,28.210671],[85.356748,28.210694],[85.356752,28.210717],[85.356757,28.210739],[85.356763,28.210761],[85.356771,28.210783],[85.35678,28.210805],[85.35679,28.210826],[85.356802,28.210846],[85.356814,28.210866],[85.356828,28.210886],[85.356843,28.210904],[85.356859,28.210922],[85.356876,28.21094],[85.357089,28.211149],[85.357192,28.211259],[85.357275,28.21137],[85.357346,28.211486],[85.357403,28.211609],[85.357447,28.211735],[85.357476,28.211865],[85.357491,28.211997],[85.357492,28.21213],[85.357477,28.212261],[85.357448,28.212391],[85.357405,28.212518],[85.357349,28.212641],[85.357339,28.212656],[85.357328,28.212677],[85.357317,28.212698],[85.357308,28.21272],[85.3573,28.212742],[85.357294,28.212764],[85.357288,28.212787],[85.357284,28.21281],[85.357281,28.212833],[85.35728,28.212856],[85.35728,28.212879],[85.357281,28.212902],[85.357284,28.212925],[85.357288,28.212948],[85.357293,28.212971],[85.357322,28.21308],[85.357349,28.213204],[85.357362,28.21332],[85.357364,28.213437],[85.357354,28.213563],[85.357282,28.214115],[85.357279,28.21414],[85.357278,28.214166],[85.357279,28.214191],[85.357281,28.214216],[85.357285,28.214241],[85.357291,28.214266],[85.357327,28.214407],[85.357355,28.214548],[85.357366,28.21468],[85.357362,28.214823],[85.357324,28.215296],[85.357323,28.215319],[85.357323,28.215342],[85.357325,28.215365],[85.357327,28.215388],[85.357332,28.215411],[85.357337,28.215434],[85.357344,28.215456],[85.357352,28.215478],[85.357361,28.2155],[85.357372,28.215521],[85.357383,28.215541],[85.35784,28.216294],[85.357853,28.216315],[85.357867,28.216335],[85.357883,28.216354],[85.358266,28.216802],[85.358365,28.21693],[85.358441,28.217057],[85.358502,28.217191],[85.358546,28.217329],[85.358572,28.217463],[85.358577,28.217486],[85.358584,28.217508],[85.358592,28.21753],[85.358601,28.217552],[85.358611,28.217574],[85.358622,28.217594],[85.358635,28.217615],[85.358649,28.217635],[85.358664,28.217654],[85.35868,28.217672],[85.358697,28.21769],[85.358715,28.217706],[85.358843,28.217818],[85.358952,28.217937],[85.358976,28.217966],[85.358991,28.217984],[85.359008,28.218001],[85.359025,28.218017],[85.359043,28.218032],[85.359062,28.218047],[85.359081,28.218061],[85.359102,28.218074],[85.359123,28.218086],[85.359123,28.218086],[85.359239,28.218162],[85.359346,28.218248],[85.359452,28.21835],[85.360348,28.219304],[85.360366,28.219322],[85.360384,28.219338],[85.360403,28.219354],[85.360423,28.219369],[85.360444,28.219383],[85.360465,28.219396],[85.360487,28.219408],[85.36051,28.219418],[85.360534,28.219428],[85.360558,28.219437],[85.360582,28.219445],[85.360607,28.219451],[85.360633,28.219457],[85.360658,28.219461],[85.360684,28.219464],[85.36071,28.219466],[85.360736,28.219467],[85.360762,28.219466],[85.36085,28.219463],[85.360959,28.219468],[85.360942,28.219455],[85.360924,28.219442],[85.360879,28.219407]]],[[[85.352583,28.217903],[85.352609,28.217941],[85.352632,28.217972],[85.35266,28.21801],[85.352682,28.21804],[85.352712,28.218079],[85.35273,28.218103],[85.352751,28.218129],[85.35277,28.218153],[85.352802,28.218192],[85.35283,28.218225],[85.352864,28.218265],[85.352896,28.2183],[85.352919,28.218327],[85.352947,28.218356],[85.352959,28.218369],[85.352992,28.218404],[85.353013,28.218425],[85.353047,28.218458],[85.353058,28.218468],[85.353098,28.218506],[85.353122,28.218527],[85.353178,28.218576],[85.353204,28.218597],[85.353235,28.218623],[85.353238,28.218628],[85.353245,28.218641],[85.353283,28.218705],[85.353291,28.218718],[85.353328,28.218777],[85.353335,28.218788],[85.353368,28.218834],[85.353375,28.218845],[85.353399,28.218878],[85.353401,28.21888],[85.353415,28.218913],[85.353445,28.218977],[85.353459,28.219006],[85.353488,28.219063],[85.353496,28.219077],[85.35353,28.219137],[85.353544,28.219162],[85.35358,28.219219],[85.353588,28.219231],[85.353626,28.219288],[85.353643,28.219312],[85.353691,28.219378],[85.353709,28.219401],[85.35376,28.219465],[85.353781,28.21949],[85.353827,28.219542],[85.353849,28.219566],[85.353889,28.219609],[85.353912,28.219633],[85.353942,28.219663],[85.353965,28.219686],[85.353994,28.219714],[85.354044,28.219761],[85.354116,28.219873],[85.354129,28.219891],[85.354157,28.219934],[85.35417,28.219954],[85.354188,28.21998],[85.354204,28.220003],[85.354224,28.22003],[85.354244,28.220058],[85.354264,28.220086],[85.354288,28.220117],[85.354308,28.220143],[85.354339,28.220182],[85.354369,28.220218],[85.354404,28.22026],[85.354438,28.2203],[85.354466,28.220331],[85.354501,28.220369],[85.354528,28.220399],[85.354566,28.220439],[85.354584,28.220458],[85.35461,28.220484],[85.354625,28.220499],[85.35465,28.220524],[85.354669,28.220543],[85.354718,28.220591],[85.354741,28.220613],[85.354794,28.220663],[85.354818,28.220685],[85.35486,28.220724],[85.354892,28.220752],[85.354933,28.220788],[85.354979,28.220826],[85.355017,28.220857],[85.355061,28.220893],[85.355089,28.220914],[85.355127,28.220943],[85.355157,28.220965],[85.355199,28.220995],[85.355244,28.221026],[85.355282,28.221052],[85.355312,28.221072],[85.355338,28.221089],[85.355384,28.221118],[85.355384,28.221118],[85.355384,28.221119],[85.355408,28.221162],[85.35543,28.2212],[85.355456,28.221243],[85.355473,28.221271],[85.355493,28.221302],[85.355503,28.221317],[85.355517,28.221339],[85.355527,28.221354],[85.355549,28.221385],[85.355568,28.221413],[85.35559,28.221443],[85.35561,28.22147],[85.355628,28.221495],[85.355649,28.221522],[85.35567,28.22155],[85.355703,28.221591],[85.355714,28.221606],[85.355765,28.221669],[85.355774,28.221689],[85.35582,28.2218],[85.355827,28.221817],[85.355848,28.221864],[85.355856,28.221883],[85.35587,28.221914],[85.35588,28.221937],[85.355895,28.221968],[85.355907,28.221994],[85.355922,28.222026],[85.355936,28.222054],[85.355952,28.222085],[85.355969,28.222118],[85.355984,28.222146],[85.356002,28.222178],[85.356025,28.222219],[85.356043,28.222251],[85.356061,28.222281],[85.356072,28.2223],[85.35609,28.222329],[85.356102,28.222349],[85.35613,28.222393],[85.356148,28.222422],[85.356185,28.222478],[85.356204,28.222507],[85.356222,28.222532],[85.356235,28.222552],[85.356253,28.222577],[85.356275,28.222608],[85.356304,28.222648],[85.35633,28.222682],[85.356351,28.22271],[85.356381,28.222747],[85.356416,28.22279],[85.356448,28.222829],[85.356483,28.222869],[85.356514,28.222905],[85.356547,28.222941],[85.356574,28.222971],[85.356608,28.223007],[85.356633,28.223032],[85.356657,28.223057],[85.356673,28.223073],[85.356698,28.223097],[85.356723,28.223122],[85.356762,28.223159],[85.356794,28.223189],[85.356834,28.223227],[85.356862,28.223251],[85.356876,28.223263],[85.356903,28.223287],[85.35693,28.22331],[85.356964,28.223339],[85.356992,28.223361],[85.357022,28.223385],[85.357036,28.223396],[85.357068,28.22342],[85.357094,28.223439],[85.357136,28.22347],[85.357176,28.223498],[85.357217,28.223527],[85.357245,28.223546],[85.357276,28.223566],[85.357305,28.223585],[85.357328,28.223599],[85.357358,28.223618],[85.357379,28.223631],[85.35741,28.22365],[85.357434,28.223665],[85.357573,28.223747],[85.357597,28.223762],[85.357605,28.223766],[85.357611,28.223772],[85.357635,28.223792],[85.357647,28.223802],[85.357675,28.223827],[85.357687,28.223838],[85.357712,28.223861],[85.357735,28.223883],[85.357757,28.223905],[85.357782,28.22393],[85.357793,28.223941],[85.357815,28.223965],[85.357838,28.223989],[85.357848,28.224],[85.35787,28.224025],[85.357885,28.224043],[85.357894,28.224064],[85.357901,28.224081],[85.357921,28.224128],[85.357928,28.224143],[85.357946,28.224183],[85.357954,28.224197],[85.357967,28.224224],[85.357977,28.224252],[85.357995,28.224299],[85.358012,28.224342],[85.358026,28.224373],[85.358038,28.224402],[85.358044,28.224417],[85.358056,28.224443],[85.35807,28.224473],[85.358086,28.224508],[85.358101,28.224538],[85.35812,28.224575],[85.358134,28.224603],[85.358152,28.224636],[85.358167,28.224665],[85.35819,28.224706],[85.358214,28.224747],[85.358219,28.224755],[85.358217,28.224854],[85.358217,28.224876],[85.358217,28.224927],[85.358218,28.224966],[85.358218,28.225001],[85.35822,28.22504],[85.358221,28.225074],[85.358224,28.225119],[85.358226,28.22515],[85.35823,28.225192],[85.358233,28.225223],[85.358238,28.225266],[85.358242,28.225293],[85.358247,28.225331],[85.358251,28.225358],[85.358257,28.225396],[85.358263,28.225426],[85.358269,28.22546],[85.358275,28.225489],[85.358282,28.225521],[85.358289,28.225555],[85.358294,28.225575],[85.358302,28.225609],[85.358305,28.225621],[85.358336,28.225749],[85.358342,28.225778],[85.358345,28.225789],[85.358345,28.225792],[85.358349,28.225828],[85.35835,28.225838],[85.358351,28.225846],[85.358353,28.225886],[85.358355,28.225921],[85.358355,28.225958],[85.358356,28.225997],[85.358355,28.22603],[85.358353,28.226083],[85.358351,28.226103],[85.358348,28.226146],[85.358346,28.226175],[85.358343,28.226201],[85.35834,28.22623],[85.358333,28.226278],[85.358332,28.226291],[85.358327,28.226321],[85.358321,28.226355],[85.358316,28.226386],[85.35831,28.226413],[85.358296,28.22648],[85.358284,28.226536],[85.358266,28.226615],[85.358248,28.226695],[85.358245,28.226708],[85.358228,28.226736],[85.358221,28.226749],[85.358194,28.226794],[85.358187,28.226807],[85.358157,28.226863],[85.35815,28.226877],[85.358119,28.22694],[85.358113,28.226954],[85.358083,28.227023],[85.358076,28.227039],[85.35805,28.227109],[85.358044,28.227124],[85.35802,28.227197],[85.358015,28.227214],[85.357995,28.227284],[85.357991,28.227301],[85.357972,28.227381],[85.357967,28.227406],[85.357952,28.227494],[85.357948,28.227523],[85.35794,28.227582],[85.357938,28.227598],[85.357934,28.227646],[85.357931,28.227679],[85.357928,28.22773],[85.357927,28.227763],[85.357926,28.227793],[85.357923,28.227883],[85.357923,28.227892],[85.357921,28.22792],[85.357914,28.228033],[85.357912,28.228062],[85.35791,28.228095],[85.35791,28.228115],[85.357908,28.228166],[85.357907,28.22819],[85.357906,28.228258],[85.357905,28.228288],[85.357905,28.228371],[85.357905,28.228391],[85.357906,28.228477],[85.357906,28.228487],[85.357911,28.228741],[85.357911,28.22877],[85.357911,28.228811],[85.35791,28.228839],[85.35791,28.228848],[85.357908,28.228881],[85.357864,28.228986],[85.357854,28.229014],[85.357842,28.229044],[85.357832,28.22907],[85.357821,28.229098],[85.357808,28.229135],[85.357793,28.229179],[85.357775,28.229233],[85.357766,28.229263],[85.357751,28.229317],[85.357743,28.229346],[85.357728,28.229404],[85.357722,28.229433],[85.357709,28.229495],[85.357704,28.229522],[85.357693,28.229585],[85.357689,28.229612],[85.357681,28.229675],[85.357678,28.229702],[85.357673,28.229751],[85.357672,28.229767],[85.357669,28.229814],[85.357668,28.229846],[85.357666,28.229898],[85.357666,28.229931],[85.357666,28.229973],[85.357666,28.230031],[85.357658,28.230065],[85.357617,28.230215],[85.357613,28.230228],[85.357601,28.230277],[85.357594,28.230302],[85.357578,28.230367],[85.357569,28.230405],[85.357558,28.230456],[85.35755,28.230495],[85.35754,28.230546],[85.357534,28.230584],[85.357528,28.230616],[85.357524,28.230644],[85.357519,28.230675],[85.357516,28.230697],[85.357505,28.230778],[85.357503,28.230788],[85.357483,28.230945],[85.35748,28.230965],[85.357474,28.231017],[85.357471,28.231048],[85.357468,28.231076],[85.357465,28.231106],[85.357463,28.231134],[85.35746,28.231178],[85.357458,28.231211],[85.357457,28.231267],[85.357456,28.231297],[85.357456,28.231355],[85.357457,28.231383],[85.35746,28.231451],[85.357461,28.231481],[85.357467,28.231543],[85.357468,28.23156],[85.357474,28.231607],[85.357476,28.231624],[85.357483,28.231673],[85.357486,28.231689],[85.357494,28.231737],[85.357497,28.231752],[85.357508,28.231801],[85.357511,28.231816],[85.357523,28.231866],[85.357527,28.23188],[85.35754,28.231926],[85.357544,28.23194],[85.357557,28.231984],[85.357562,28.231999],[85.357571,28.232027],[85.357575,28.232222],[85.357575,28.232254],[85.357575,28.232287],[85.357575,28.232313],[85.357574,28.232337],[85.357573,28.23236],[85.357572,28.232378],[85.357571,28.232391],[85.35759,28.232365],[85.357685,28.232262],[85.357744,28.23221],[85.357763,28.232193],[85.35778,28.232175],[85.357796,28.232156],[85.357812,28.232136],[85.357826,28.232116],[85.357838,28.232095],[85.35785,28.232073],[85.35786,28.232051],[85.357869,28.232029],[85.357877,28.232006],[85.357883,28.231983],[85.357888,28.23196],[85.357891,28.231936],[85.357893,28.231912],[85.357893,28.231888],[85.357893,28.231865],[85.35789,28.231841],[85.357887,28.231817],[85.35788,28.231785],[85.357861,28.231637],[85.35786,28.231501],[85.357873,28.231364],[85.357902,28.23123],[85.357947,28.231099],[85.358006,28.230972],[85.358079,28.230852],[85.358176,28.230724],[85.358185,28.230714],[85.358199,28.230694],[85.358212,28.230674],[85.358224,28.230653],[85.358234,28.230631],[85.358244,28.230609],[85.358252,28.230587],[85.358258,28.230564],[85.358264,28.230542],[85.358268,28.230518],[85.35827,28.230495],[85.35828,28.230374],[85.358306,28.23024],[85.358487,28.229496],[85.358492,28.229475],[85.358495,28.229454],[85.358497,28.229434],[85.358498,28.229413],[85.358511,28.228996],[85.358523,28.228853],[85.358549,28.228722],[85.358589,28.228595],[85.358643,28.228471],[85.358655,28.228451],[85.358666,28.22843],[85.358676,28.228408],[85.358685,28.228386],[85.358692,28.228363],[85.358699,28.228341],[85.358703,28.228318],[85.358707,28.228294],[85.358709,28.228271],[85.358709,28.228248],[85.358709,28.228224],[85.358645,28.22714],[85.358645,28.226965],[85.35871,28.225996],[85.358711,28.225973],[85.35871,28.225951],[85.358709,28.225929],[85.358706,28.225907],[85.358702,28.225885],[85.358696,28.225863],[85.35869,28.225842],[85.358477,28.225202],[85.358437,28.225055],[85.358417,28.224918],[85.358412,28.224779],[85.358413,28.224766],[85.358414,28.224743],[85.358414,28.22472],[85.358413,28.224698],[85.35841,28.224675],[85.358406,28.224653],[85.358401,28.224631],[85.358395,28.224609],[85.358387,28.224587],[85.358378,28.224566],[85.358339,28.224479],[85.358298,28.224356],[85.358295,28.224341],[85.358289,28.224318],[85.358282,28.224296],[85.358274,28.224273],[85.358264,28.224251],[85.358253,28.22423],[85.358241,28.224209],[85.358227,28.224188],[85.358213,28.224168],[85.358197,28.224149],[85.35803,28.223959],[85.357938,28.223843],[85.357866,28.22373],[85.357861,28.223722],[85.35785,28.223701],[85.357838,28.223681],[85.357825,28.223662],[85.357811,28.223643],[85.357795,28.223625],[85.357779,28.223608],[85.357762,28.223591],[85.357743,28.223575],[85.357724,28.22356],[85.357704,28.223546],[85.357684,28.223533],[85.357182,28.223229],[85.357061,28.223148],[85.356958,28.223065],[85.356863,28.222974],[85.356779,28.222876],[85.356705,28.222771],[85.356637,28.222652],[85.356635,28.22265],[85.356623,28.222627],[85.35661,28.222605],[85.356595,28.222584],[85.356579,28.222564],[85.356561,28.222545],[85.356542,28.222526],[85.356523,28.222508],[85.356502,28.222492],[85.356493,28.222485],[85.356376,28.222387],[85.356273,28.222282],[85.356183,28.222168],[85.356107,28.222047],[85.35604,28.221909],[85.355867,28.221493],[85.355817,28.22135],[85.355786,28.221215],[85.355769,28.221066],[85.355767,28.221034],[85.355765,28.22101],[85.355762,28.220987],[85.355757,28.220963],[85.355751,28.22094],[85.355744,28.220917],[85.355735,28.220895],[85.355725,28.220873],[85.355713,28.220852],[85.355701,28.220831],[85.355687,28.220811],[85.355672,28.220791],[85.355656,28.220772],[85.355638,28.220754],[85.35562,28.220737],[85.355601,28.220721],[85.35558,28.220705],[85.355559,28.220691],[85.355537,28.220677],[85.355506,28.220659],[85.355383,28.22058],[85.355277,28.220498],[85.35518,28.220408],[85.355092,28.22031],[85.355016,28.220206],[85.354945,28.220086],[85.354895,28.219993],[85.354883,28.219971],[85.354869,28.21995],[85.354854,28.219929],[85.354838,28.219909],[85.35482,28.21989],[85.354801,28.219872],[85.354184,28.219303],[85.354076,28.219193],[85.353982,28.219075],[85.353507,28.218415],[85.353492,28.218396],[85.353476,28.218377],[85.353459,28.218359],[85.353442,28.218342],[85.353423,28.218326],[85.353403,28.21831],[85.353382,28.218296],[85.35336,28.218282],[85.353338,28.21827],[85.353315,28.218258],[85.353291,28.218248],[85.353267,28.218239],[85.353111,28.218183],[85.352963,28.218123],[85.352834,28.218056],[85.352712,28.217978],[85.3526,28.21789],[85.352528,28.217822],[85.35254,28.21784],[85.352561,28.217871],[85.352583,28.217903]]],[[[85.356328,28.234318],[85.35629,28.234352],[85.356255,28.234385],[85.35623,28.234408],[85.356206,28.234431],[85.356194,28.234443],[85.356175,28.234462],[85.35615,28.234487],[85.35613,28.234507],[85.356094,28.234545],[85.356078,28.234561],[85.356054,28.234587],[85.356035,28.234608],[85.356002,28.234643],[85.35598,28.234668],[85.35595,28.234702],[85.355931,28.234724],[85.355906,28.234753],[85.355891,28.234772],[85.355867,28.2348],[85.355846,28.234825],[85.355812,28.234869],[85.355792,28.234893],[85.35577,28.234922],[85.35575,28.234948],[85.355718,28.234992],[85.355694,28.235024],[85.355663,28.235067],[85.35564,28.235101],[85.355611,28.235144],[85.355588,28.235179],[85.35556,28.235222],[85.355537,28.235259],[85.35551,28.235302],[85.355488,28.23534],[85.355463,28.235383],[85.355445,28.235416],[85.355429,28.235445],[85.355411,28.235479],[85.355389,28.235522],[85.355367,28.235565],[85.355347,28.235607],[85.35533,28.235644],[85.355317,28.235672],[85.3553,28.23571],[85.355282,28.235753],[85.355263,28.2358],[85.355246,28.235843],[85.355231,28.235883],[85.355221,28.235911],[85.355207,28.235952],[85.355193,28.235994],[85.355178,28.236044],[85.355165,28.236086],[85.355154,28.236126],[85.355146,28.236155],[85.355138,28.236186],[85.355131,28.236216],[85.355124,28.236244],[85.355117,28.236275],[85.35511,28.236305],[85.355104,28.236335],[85.355099,28.236362],[85.355093,28.236393],[85.355087,28.236422],[85.355082,28.236453],[85.355076,28.236489],[85.35507,28.236535],[85.355064,28.236572],[85.355061,28.236602],[85.355057,28.236632],[85.355054,28.236663],[85.355051,28.236692],[85.355048,28.236722],[85.355045,28.236763],[85.355042,28.236814],[85.35504,28.236854],[85.355038,28.236905],[85.355038,28.236928],[85.355036,28.236935],[85.355028,28.236982],[85.35502,28.237027],[85.355015,28.237059],[85.35501,28.237095],[85.355006,28.237127],[85.355003,28.237154],[85.355001,28.237171],[85.354998,28.237201],[85.354994,28.237235],[85.354991,28.237277],[85.354987,28.237328],[85.354985,28.237373],[85.354984,28.237408],[85.354983,28.237446],[85.354982,28.2375],[85.354982,28.237543],[85.354982,28.237589],[85.354983,28.237622],[85.354984,28.237669],[85.354986,28.237704],[85.354988,28.237753],[85.35499,28.237782],[85.354994,28.237831],[85.354996,28.237861],[85.355001,28.237914],[85.355003,28.237939],[85.355009,28.237991],[85.355013,28.238024],[85.355021,28.238089],[85.355026,28.238126],[85.355034,28.238175],[85.355041,28.238218],[85.355046,28.23825],[85.355052,28.238279],[85.355055,28.238295],[85.355062,28.238327],[85.355068,28.238357],[85.355077,28.238396],[85.355084,28.238425],[85.355093,28.238458],[85.355101,28.238487],[85.355112,28.238528],[85.355127,28.238579],[85.355136,28.238608],[85.355172,28.238722],[85.355172,28.238723],[85.355172,28.238753],[85.355171,28.238792],[85.355168,28.23884],[85.355164,28.23885],[85.355153,28.238882],[85.35514,28.23892],[85.355135,28.238936],[85.355121,28.238979],[85.355111,28.239012],[85.355097,28.239062],[85.355093,28.239078],[85.355082,28.239121],[85.355075,28.239152],[85.355064,28.239204],[85.355057,28.239235],[85.355049,28.239277],[85.355046,28.239294],[85.355041,28.239331],[85.355035,28.239366],[85.35503,28.239406],[85.355025,28.239441],[85.355021,28.239479],[85.355018,28.239515],[85.355015,28.239542],[85.355012,28.239577],[85.355011,28.239598],[85.355008,28.239632],[85.355007,28.239652],[85.354998,28.239798],[85.354996,28.239829],[85.354996,28.239833],[85.354992,28.239853],[85.35499,28.239862],[85.354983,28.239892],[85.354934,28.240089],[85.354929,28.240111],[85.354921,28.240145],[85.354917,28.240163],[85.354905,28.240215],[85.354901,28.240233],[85.35489,28.240285],[85.354887,28.240304],[85.35488,28.240338],[85.354877,28.240352],[85.354861,28.240438],[85.354859,28.240446],[85.354844,28.240532],[85.354841,28.24055],[85.354829,28.240617],[85.354826,28.240637],[85.354815,28.240702],[85.354813,28.24072],[85.354803,28.240785],[85.354799,28.240814],[85.354793,28.24086],[85.35479,28.240887],[85.354785,28.240932],[85.354782,28.240964],[85.354776,28.241022],[85.354773,28.241059],[85.35477,28.241111],[85.354768,28.241146],[85.354766,28.241196],[85.354765,28.241225],[85.354763,28.241275],[85.354763,28.241296],[85.354762,28.241346],[85.354762,28.241367],[85.354762,28.241417],[85.354762,28.241444],[85.354762,28.241474],[85.354763,28.241499],[85.354764,28.241529],[85.354765,28.241564],[85.354767,28.241596],[85.35477,28.24164],[85.354773,28.241674],[85.354777,28.241725],[85.354781,28.241757],[85.354788,28.241809],[85.354792,28.241839],[85.3548,28.241888],[85.354805,28.241916],[85.354813,28.241958],[85.354819,28.241984],[85.354825,28.242014],[85.354829,28.242031],[85.354835,28.242083],[85.354838,28.242099],[85.354845,28.24215],[85.354849,28.242179],[85.354854,28.242212],[85.354861,28.242251],[85.354869,28.242299],[85.354879,28.242349],[85.354889,28.242394],[85.354899,28.24244],[85.354907,28.24247],[85.354919,28.242516],[85.354931,28.242562],[85.354944,28.242605],[85.354953,28.242636],[85.354963,28.242667],[85.354969,28.242684],[85.354978,28.242712],[85.35499,28.242745],[85.355003,28.242782],[85.355021,28.242832],[85.355036,28.242869],[85.355049,28.242903],[85.35506,28.242928],[85.355081,28.242978],[85.35509,28.243],[85.355112,28.243049],[85.355117,28.243062],[85.3552,28.243247],[85.355327,28.243541],[85.355329,28.243546],[85.355358,28.243614],[85.355366,28.243632],[85.355388,28.243679],[85.355396,28.243698],[85.355425,28.243759],[85.355436,28.243783],[85.355466,28.243845],[85.35548,28.243873],[85.355511,28.243934],[85.355527,28.243964],[85.355551,28.24401],[85.355568,28.244041],[85.355602,28.244102],[85.355623,28.244138],[85.355648,28.244181],[85.355664,28.244208],[85.355681,28.244236],[85.355693,28.244255],[85.355711,28.244283],[85.355728,28.244309],[85.355746,28.244338],[85.355769,28.244371],[85.3558,28.244416],[85.355823,28.244448],[85.355844,28.244478],[85.355862,28.244502],[85.355873,28.244516],[85.355893,28.244543],[85.355925,28.244584],[85.355956,28.244622],[85.35599,28.244663],[85.356022,28.244701],[85.356059,28.244743],[85.356084,28.244771],[85.356122,28.244813],[85.356148,28.244842],[85.356172,28.244867],[85.356192,28.244887],[85.356216,28.244912],[85.356238,28.244935],[85.356263,28.24496],[85.356287,28.244983],[85.356299,28.244995],[85.356322,28.245016],[85.356335,28.245028],[85.356365,28.245056],[85.356379,28.245068],[85.356413,28.245097],[85.356427,28.24511],[85.356464,28.24514],[85.356479,28.245152],[85.356517,28.245182],[85.356529,28.245192],[85.356577,28.245227],[85.356603,28.245246],[85.356643,28.245274],[85.356644,28.245276],[85.356659,28.245297],[85.356698,28.245352],[85.356707,28.245363],[85.356746,28.245413],[85.356763,28.245435],[85.356804,28.245483],[85.356815,28.245496],[85.356851,28.245537],[85.356874,28.245562],[85.356912,28.245603],[85.356936,28.245627],[85.35697,28.245662],[85.356997,28.245688],[85.357021,28.245711],[85.357062,28.24575],[85.357075,28.245762],[85.357131,28.245813],[85.357142,28.245824],[85.357184,28.245862],[85.357202,28.245878],[85.35723,28.245903],[85.357252,28.245922],[85.357277,28.245944],[85.357296,28.24596],[85.357321,28.245981],[85.357342,28.245998],[85.357367,28.246019],[85.357392,28.246038],[85.357418,28.246059],[85.357444,28.24608],[85.357484,28.24611],[85.357513,28.246132],[85.35754,28.246152],[85.357564,28.246169],[85.357592,28.246189],[85.357612,28.246203],[85.35764,28.246223],[85.357664,28.246239],[85.357693,28.246258],[85.357721,28.246277],[85.357765,28.246306],[85.357791,28.246322],[85.357821,28.246341],[85.357845,28.246356],[85.357876,28.246375],[85.357901,28.24639],[85.357948,28.246417],[85.357975,28.246433],[85.358007,28.246451],[85.358029,28.246464],[85.358061,28.246482],[85.358081,28.246492],[85.358114,28.24651],[85.358138,28.246523],[85.358171,28.24654],[85.358198,28.246554],[85.358232,28.246571],[85.35826,28.246585],[85.358294,28.246602],[85.358323,28.246616],[85.358341,28.246624],[85.358375,28.24664],[85.358404,28.246653],[85.35845,28.246673],[85.358479,28.246685],[85.358519,28.246701],[85.358536,28.246708],[85.358575,28.246723],[85.358609,28.246736],[85.358645,28.246749],[85.358662,28.246755],[85.358697,28.246767],[85.358733,28.246779],[85.358772,28.246792],[85.358846,28.246815],[85.358849,28.246817],[85.358856,28.246824],[85.35886,28.246827],[85.358872,28.246837],[85.358878,28.246843],[85.358884,28.24685],[85.358913,28.246878],[85.358951,28.246917],[85.358974,28.246941],[85.358982,28.24695],[85.358992,28.246962],[85.359019,28.246997],[85.359122,28.247132],[85.359128,28.24714],[85.359161,28.247183],[85.359173,28.247198],[85.359205,28.247239],[85.359222,28.24726],[85.359254,28.2473],[85.359281,28.247333],[85.359318,28.247376],[85.35935,28.247413],[85.359387,28.247454],[85.359423,28.247493],[85.359458,28.24753],[85.359491,28.247564],[85.359528,28.247601],[85.359556,28.247628],[85.359593,28.247664],[85.359613,28.247683],[85.359639,28.247707],[85.359655,28.247722],[85.359694,28.247758],[85.359712,28.247774],[85.359739,28.247798],[85.359754,28.247812],[85.359795,28.247847],[85.359814,28.247863],[85.359842,28.247887],[85.359857,28.2479],[85.359885,28.247924],[85.359905,28.247939],[85.359932,28.247962],[85.359954,28.247979],[85.35998,28.248],[85.360003,28.248018],[85.360031,28.248039],[85.360061,28.248061],[85.360105,28.248094],[85.360141,28.248119],[85.360217,28.248173],[85.360229,28.248181],[85.360291,28.248224],[85.360302,28.248232],[85.360349,28.248264],[85.36038,28.248285],[85.360411,28.248305],[85.360452,28.248331],[85.360468,28.248341],[85.360513,28.248368],[85.360529,28.248378],[85.360588,28.248411],[85.360601,28.248418],[85.360678,28.248458],[85.360691,28.248464],[85.360797,28.248513],[85.360811,28.248519],[85.360924,28.248562],[85.360937,28.248584],[85.360944,28.248596],[85.360992,28.248669],[85.360998,28.248678],[85.361007,28.248702],[85.361014,28.248719],[85.361034,28.248767],[85.36104,28.24878],[85.361057,28.248819],[85.361063,28.248832],[85.361087,28.248883],[85.3611,28.248909],[85.361133,28.248971],[85.361149,28.248999],[85.361154,28.249019],[85.361164,28.249051],[85.361179,28.2491],[85.361184,28.249117],[85.361199,28.249158],[85.361205,28.249175],[85.361221,28.249218],[85.361227,28.249233],[85.361244,28.249275],[85.36125,28.24929],[85.361278,28.249352],[85.36129,28.249379],[85.361329,28.249456],[85.361343,28.249483],[85.361385,28.249556],[85.3614,28.249582],[85.361445,28.249653],[85.361462,28.249679],[85.361508,28.249745],[85.361527,28.249771],[85.361572,28.249831],[85.361593,28.249856],[85.361627,28.249898],[85.361638,28.249911],[85.361669,28.249947],[85.361692,28.249972],[85.361711,28.249994],[85.361731,28.250024],[85.361741,28.250038],[85.36181,28.250127],[85.361821,28.250141],[85.361876,28.250204],[85.361888,28.250218],[85.361907,28.250238],[85.361908,28.250304],[85.361909,28.250361],[85.36191,28.250565],[85.361905,28.250584],[85.361898,28.2506],[85.361851,28.250702],[85.361828,28.250753],[85.361753,28.25091],[85.361745,28.250925],[85.361722,28.250975],[85.361706,28.25101],[85.361692,28.251043],[85.361674,28.251085],[85.361667,28.251102],[85.36165,28.251145],[85.361644,28.251162],[85.361625,28.251215],[85.361624,28.251217],[85.361718,28.251152],[85.361848,28.25108],[85.361943,28.251038],[85.361966,28.251027],[85.361989,28.251015],[85.362011,28.251001],[85.362033,28.250987],[85.362053,28.250972],[85.362073,28.250956],[85.362092,28.250938],[85.362109,28.250921],[85.362126,28.250902],[85.362141,28.250882],[85.362155,28.250862],[85.362168,28.250841],[85.36218,28.25082],[85.36219,28.250798],[85.362199,28.250776],[85.362207,28.250753],[85.362213,28.25073],[85.362218,28.250706],[85.362222,28.250683],[85.362224,28.250659],[85.36227,28.249916],[85.362271,28.249893],[85.362271,28.24987],[85.362269,28.249846],[85.362265,28.249823],[85.362261,28.2498],[85.362255,28.249778],[85.362247,28.249755],[85.362239,28.249733],[85.362229,28.249712],[85.362218,28.249691],[85.362206,28.24967],[85.362192,28.24965],[85.362178,28.249631],[85.362162,28.249612],[85.361684,28.249076],[85.361588,28.248955],[85.361512,28.248837],[85.36145,28.248713],[85.361403,28.248583],[85.361378,28.248484],[85.361372,28.248461],[85.361364,28.248438],[85.361355,28.248416],[85.361345,28.248394],[85.361333,28.248373],[85.36132,28.248353],[85.361306,28.248333],[85.361291,28.248313],[85.361275,28.248295],[85.361258,28.248277],[85.361239,28.24826],[85.36122,28.248244],[85.361199,28.248228],[85.361178,28.248214],[85.361156,28.248201],[85.360873,28.248039],[85.360727,28.247945],[85.360593,28.247838],[85.359452,28.246816],[85.359436,28.246802],[85.359419,28.246789],[85.359402,28.246776],[85.357568,28.245521],[85.357443,28.245426],[85.357338,28.245329],[85.357237,28.245215],[85.355437,28.242957],[85.355345,28.242828],[85.355275,28.242702],[85.35522,28.24257],[85.35518,28.242433],[85.355157,28.242294],[85.35515,28.242153],[85.355161,28.242001],[85.355368,28.240407],[85.355371,28.240384],[85.355371,28.24036],[85.355371,28.240336],[85.355369,28.240313],[85.355329,28.239938],[85.355321,28.239803],[85.355327,28.239678],[85.355347,28.239553],[85.355379,28.239431],[85.355427,28.239303],[85.355573,28.238967],[85.355582,28.238945],[85.35559,28.238922],[85.355596,28.238898],[85.355601,28.238875],[85.355604,28.238851],[85.355606,28.238827],[85.355607,28.238803],[85.355606,28.238779],[85.355604,28.238755],[85.3556,28.238731],[85.355595,28.238708],[85.355588,28.238684],[85.35558,28.238661],[85.355571,28.238639],[85.35556,28.238617],[85.355548,28.238595],[85.355493,28.238502],[85.355412,28.238347],[85.35535,28.238211],[85.355306,28.238081],[85.355278,28.237948],[85.355265,28.237813],[85.355268,28.237678],[85.355285,28.237543],[85.355318,28.237411],[85.355365,28.237282],[85.355399,28.237215],[85.355409,28.237193],[85.355418,28.23717],[85.355426,28.237146],[85.355432,28.237123],[85.355437,28.237099],[85.35544,28.237075],[85.355442,28.23705],[85.355442,28.237026],[85.355441,28.237002],[85.355438,28.236977],[85.355434,28.236953],[85.355429,28.23693],[85.355381,28.236752],[85.35535,28.236594],[85.355339,28.236446],[85.355346,28.236298],[85.355373,28.23614],[85.355414,28.235968],[85.355453,28.235834],[85.355503,28.235714],[85.355565,28.235598],[85.355645,28.235479],[85.355934,28.235093],[85.356024,28.234985],[85.356117,28.234892],[85.356218,28.234807],[85.356259,28.234779],[85.35628,28.234763],[85.356301,28.234746],[85.35632,28.234729],[85.356338,28.234711],[85.356355,28.234691],[85.356371,28.234671],[85.356385,28.234651],[85.356398,28.234629],[85.35641,28.234607],[85.356421,28.234585],[85.35643,28.234562],[85.356438,28.234539],[85.356444,28.234515],[85.356449,28.234491],[85.356452,28.234467],[85.35646,28.2344],[85.356485,28.234249],[85.35651,28.234165],[85.356428,28.234233],[85.35641,28.234248],[85.35637,28.234282],[85.356328,28.234318]]],[[[85.361921,28.254089],[85.361919,28.254136],[85.361918,28.254189],[85.361917,28.25421],[85.361917,28.254261],[85.361877,28.254382],[85.361871,28.254399],[85.361861,28.254431],[85.361853,28.254458],[85.36184,28.254503],[85.361829,28.25454],[85.361817,28.254585],[85.361805,28.254629],[85.361798,28.25466],[85.361789,28.254697],[85.361783,28.254727],[85.361773,28.254772],[85.361767,28.254805],[85.361761,28.254841],[85.361758,28.254858],[85.361753,28.254891],[85.361748,28.254926],[85.361742,28.254973],[85.361736,28.255019],[85.361732,28.255058],[85.361727,28.25512],[85.361723,28.25516],[85.361719,28.255229],[85.361717,28.255256],[85.361716,28.255291],[85.361715,28.255313],[85.361714,28.255346],[85.361713,28.255365],[85.361712,28.255398],[85.361712,28.255418],[85.361712,28.255451],[85.361712,28.255476],[85.361712,28.255507],[85.361712,28.255528],[85.361713,28.25556],[85.361713,28.255589],[85.361715,28.255635],[85.361717,28.255673],[85.361719,28.255718],[85.361722,28.255757],[85.361726,28.255804],[85.361731,28.25585],[85.361737,28.255902],[85.361741,28.255935],[85.361743,28.255952],[85.361747,28.25598],[85.361752,28.256013],[85.361759,28.256057],[85.361768,28.256106],[85.361778,28.256157],[85.361785,28.256189],[85.361794,28.25623],[85.361802,28.256261],[85.36181,28.256296],[85.361815,28.256312],[85.361825,28.256351],[85.361834,28.25638],[85.361849,28.256429],[85.361858,28.256458],[85.361872,28.256497],[85.361877,28.256513],[85.361891,28.25655],[85.361903,28.256582],[85.36192,28.256625],[85.361933,28.256657],[85.361948,28.256692],[85.361962,28.256725],[85.361973,28.25675],[85.361988,28.256781],[85.361997,28.256801],[85.362019,28.256848],[85.362032,28.25701],[85.362034,28.257027],[85.362038,28.25708],[85.362042,28.257115],[85.362046,28.257158],[85.36205,28.257189],[85.362054,28.257218],[85.362059,28.257252],[85.362064,28.257284],[85.36207,28.257322],[85.362075,28.257354],[85.362084,28.257401],[85.362091,28.257435],[85.362103,28.257485],[85.362111,28.257519],[85.362122,28.257563],[85.362126,28.257579],[85.362138,28.25762],[85.362147,28.257651],[85.362166,28.25771],[85.362176,28.25774],[85.362198,28.257799],[85.362209,28.257828],[85.362231,28.257884],[85.362243,28.257912],[85.36226,28.257951],[85.362266,28.257964],[85.362281,28.257996],[85.362294,28.258022],[85.362314,28.258064],[85.36233,28.258094],[85.362355,28.258141],[85.362371,28.25817],[85.362398,28.258217],[85.362406,28.258232],[85.362441,28.258287],[85.362455,28.258309],[85.362497,28.258371],[85.362504,28.258382],[85.36254,28.258431],[85.362548,28.258441],[85.362588,28.258492],[85.362596,28.258501],[85.362643,28.258556],[85.362651,28.258566],[85.362714,28.258633],[85.362725,28.258645],[85.362804,28.258721],[85.362816,28.258732],[85.362905,28.258809],[85.362919,28.25882],[85.362936,28.258833],[85.362946,28.258851],[85.362964,28.25888],[85.362983,28.25891],[85.362992,28.258924],[85.363017,28.258964],[85.363036,28.258992],[85.363073,28.259044],[85.363083,28.259058],[85.363115,28.259101],[85.363125,28.259115],[85.363161,28.259159],[85.363171,28.259172],[85.363209,28.259216],[85.36322,28.259228],[85.36326,28.259274],[85.363271,28.259285],[85.363313,28.259328],[85.363324,28.259339],[85.363367,28.259381],[85.363378,28.259392],[85.363421,28.25943],[85.363432,28.25944],[85.363476,28.259478],[85.363488,28.259488],[85.36353,28.259522],[85.363543,28.259532],[85.363582,28.259562],[85.363592,28.25957],[85.363608,28.259587],[85.36362,28.259599],[85.363714,28.259687],[85.363727,28.259699],[85.363789,28.25975],[85.363853,28.2598],[85.363865,28.259809],[85.363928,28.259854],[85.363993,28.259897],[85.364007,28.259906],[85.364136,28.259981],[85.364151,28.259989],[85.364288,28.260056],[85.364305,28.260063],[85.364421,28.260111],[85.364439,28.260117],[85.364524,28.260148],[85.364542,28.260153],[85.364603,28.260173],[85.364621,28.260178],[85.364678,28.260194],[85.364716,28.260205],[85.364766,28.260217],[85.364886,28.260247],[85.364913,28.260257],[85.365018,28.260296],[85.36502,28.260299],[85.36506,28.26034],[85.365073,28.260353],[85.365103,28.260381],[85.365116,28.260394],[85.365149,28.260424],[85.365163,28.260436],[85.365196,28.260466],[85.36521,28.260478],[85.365245,28.260508],[85.36526,28.260519],[85.3653,28.260552],[85.365315,28.260563],[85.36536,28.260597],[85.365373,28.260607],[85.365416,28.260638],[85.36543,28.260647],[85.365475,28.260678],[85.365489,28.260687],[85.365539,28.260718],[85.365554,28.260728],[85.365602,28.260756],[85.365618,28.260766],[85.365631,28.260773],[85.365639,28.260784],[85.365653,28.260805],[85.365672,28.260832],[85.365691,28.260858],[85.365709,28.260882],[85.365731,28.260913],[85.365752,28.260939],[85.365782,28.260978],[85.365805,28.261006],[85.365833,28.26104],[85.365844,28.261053],[85.365874,28.261087],[85.365896,28.261112],[85.365943,28.261162],[85.365965,28.261186],[85.366017,28.261238],[85.36604,28.26126],[85.366097,28.261313],[85.36612,28.261333],[85.366182,28.261386],[85.366205,28.261404],[85.366252,28.261442],[85.366264,28.261451],[85.366303,28.26148],[85.366318,28.261491],[85.366358,28.261519],[85.366373,28.26153],[85.366427,28.261566],[85.366458,28.261585],[85.366515,28.261621],[85.366544,28.261639],[85.366583,28.261662],[85.366613,28.261679],[85.366649,28.261699],[85.36668,28.261715],[85.366712,28.261732],[85.366728,28.261741],[85.366751,28.261753],[85.366767,28.261761],[85.366803,28.261779],[85.366835,28.261794],[85.366886,28.261818],[85.366917,28.261832],[85.366972,28.261856],[85.367002,28.261868],[85.367046,28.261886],[85.367061,28.261892],[85.367109,28.26191],[85.367138,28.261921],[85.367204,28.261944],[85.367233,28.261954],[85.367305,28.261976],[85.367334,28.261984],[85.36741,28.262005],[85.367437,28.262012],[85.367495,28.262026],[85.367509,28.262029],[85.36755,28.262038],[85.367565,28.262041],[85.367627,28.262053],[85.367657,28.262059],[85.367742,28.262072],[85.367773,28.262076],[85.367856,28.262086],[85.367888,28.26209],[85.367968,28.262097],[85.368001,28.262099],[85.368059,28.262102],[85.368076,28.262103],[85.368131,28.262104],[85.368166,28.262105],[85.368234,28.262105],[85.368254,28.262105],[85.368276,28.262122],[85.36829,28.262132],[85.368354,28.262177],[85.36842,28.26222],[85.368435,28.262229],[85.368532,28.262286],[85.368548,28.262294],[85.368621,28.262332],[85.368637,28.26234],[85.368691,28.262366],[85.368708,28.262374],[85.368747,28.262391],[85.368763,28.26242],[85.368772,28.262436],[85.368807,28.262494],[85.368817,28.262508],[85.368847,28.262555],[85.368857,28.262569],[85.368881,28.262603],[85.368891,28.262617],[85.36892,28.262657],[85.368952,28.262699],[85.368973,28.262726],[85.369006,28.262768],[85.369012,28.262775],[85.369117,28.262907],[85.369143,28.26294],[85.369147,28.262945],[85.369172,28.262982],[85.369332,28.263223],[85.369335,28.263227],[85.369396,28.263318],[85.369401,28.263325],[85.369457,28.263408],[85.369456,28.263411],[85.36945,28.263427],[85.369437,28.263461],[85.369421,28.263503],[85.369409,28.263536],[85.369389,28.263596],[85.369384,28.263612],[85.369367,28.263668],[85.369362,28.263684],[85.369344,28.26376],[85.36934,28.263776],[85.36932,28.263879],[85.369317,28.263896],[85.369308,28.263968],[85.369301,28.26404],[85.3693,28.264056],[85.369296,28.264156],[85.369299,28.264257],[85.3693,28.264272],[85.369307,28.264354],[85.369318,28.264436],[85.369334,28.264517],[85.369337,28.264533],[85.369361,28.264631],[85.369392,28.264728],[85.369397,28.264744],[85.369423,28.264812],[85.369452,28.264879],[85.369459,28.264894],[85.369504,28.264987],[85.369512,28.265002],[85.369548,28.265067],[85.369557,28.265082],[85.369584,28.265128],[85.369594,28.265143],[85.369616,28.265178],[85.369626,28.265193],[85.369656,28.265238],[85.369677,28.265267],[85.369712,28.265315],[85.369723,28.265329],[85.369756,28.265372],[85.369767,28.265386],[85.369814,28.265443],[85.369826,28.265456],[85.369896,28.265532],[85.369908,28.265545],[85.370015,28.265646],[85.370028,28.265658],[85.370107,28.265724],[85.370154,28.26576],[85.37016,28.26577],[85.370173,28.265791],[85.370212,28.265851],[85.370219,28.265862],[85.370255,28.265914],[85.370265,28.265929],[85.370313,28.265991],[85.370324,28.266005],[85.370377,28.266069],[85.370387,28.266082],[85.370443,28.266144],[85.370455,28.266156],[85.370515,28.266216],[85.370526,28.266227],[85.370587,28.266284],[85.370599,28.266294],[85.370659,28.266345],[85.37067,28.266354],[85.370725,28.266398],[85.370737,28.266406],[85.370792,28.266447],[85.370805,28.266456],[85.370857,28.266492],[85.37087,28.2665],[85.370919,28.266532],[85.370933,28.26654],[85.370976,28.266566],[85.37099,28.266574],[85.371035,28.2666],[85.37106,28.266613],[85.371102,28.266676],[85.371111,28.266689],[85.371131,28.266718],[85.371143,28.266734],[85.371173,28.266777],[85.371188,28.266797],[85.371219,28.266839],[85.371243,28.266871],[85.371273,28.266911],[85.371299,28.266943],[85.371319,28.266968],[85.371348,28.267003],[85.371377,28.267038],[85.371408,28.267073],[85.371427,28.267095],[85.371452,28.267123],[85.371472,28.267144],[85.371505,28.267178],[85.37154,28.267215],[85.371576,28.26725],[85.371628,28.267301],[85.371645,28.267317],[85.371736,28.267404],[85.371744,28.267411],[85.371821,28.267483],[85.371838,28.2675],[85.371899,28.267555],[85.371927,28.26758],[85.371985,28.267631],[85.372015,28.267657],[85.372058,28.267693],[85.372086,28.267716],[85.372112,28.267738],[85.372133,28.267755],[85.37216,28.267776],[85.372196,28.267804],[85.372237,28.267835],[85.372281,28.267867],[85.372323,28.267897],[85.372369,28.267929],[85.372399,28.267949],[85.372432,28.267971],[85.372448,28.267981],[85.372481,28.268002],[85.372514,28.268022],[85.372551,28.268045],[85.372568,28.268055],[85.372611,28.268079],[85.372643,28.268097],[85.372696,28.268126],[85.372728,28.268142],[85.372772,28.268165],[85.372789,28.268173],[85.372822,28.268189],[85.372838,28.268196],[85.372883,28.268217],[85.372915,28.268231],[85.372974,28.268256],[85.373006,28.268269],[85.373054,28.268288],[85.373069,28.268293],[85.3731,28.268305],[85.373106,28.268339],[85.373109,28.268356],[85.373126,28.268439],[85.373131,28.268456],[85.373157,28.268552],[85.373161,28.268568],[85.373186,28.268643],[85.373192,28.268658],[85.373212,28.268711],[85.373218,28.268726],[85.373238,28.268774],[85.373251,28.268804],[85.373259,28.268822],[85.373265,28.268836],[85.373266,28.26884],[85.373277,28.268873],[85.373287,28.268902],[85.373293,28.268923],[85.373306,28.268968],[85.373351,28.26913],[85.373397,28.269298],[85.373401,28.269311],[85.373415,28.269362],[85.373425,28.269397],[85.373436,28.269431],[85.37345,28.269475],[85.373456,28.269492],[85.373472,28.269538],[85.373478,28.269554],[85.373503,28.269618],[85.37351,28.269634],[85.373549,28.269721],[85.373557,28.269737],[85.373608,28.269834],[85.373616,28.269848],[85.373661,28.269923],[85.373669,28.269936],[85.373687,28.269963],[85.373667,28.270092],[85.373662,28.270128],[85.373658,28.270161],[85.373654,28.270194],[85.373653,28.27021],[85.373649,28.270252],[85.373646,28.270287],[85.373643,28.270329],[85.37364,28.270381],[85.373639,28.270404],[85.373636,28.270473],[85.373636,28.270492],[85.373634,28.270561],[85.373633,28.270599],[85.373633,28.270633],[85.373634,28.27069],[85.373635,28.270724],[85.373638,28.270785],[85.37364,28.270818],[85.373644,28.270864],[85.373647,28.270897],[85.373653,28.270949],[85.373657,28.270981],[85.373665,28.271035],[85.373668,28.271051],[85.373677,28.271102],[85.37368,28.271118],[85.373695,28.271185],[85.373699,28.271201],[85.373723,28.271289],[85.373728,28.271305],[85.373765,28.271414],[85.373771,28.271431],[85.373809,28.271521],[85.373816,28.271537],[85.373846,28.271601],[85.373855,28.271617],[85.373877,28.271661],[85.373886,28.271677],[85.373909,28.271718],[85.373927,28.27175],[85.373944,28.271778],[85.373963,28.27181],[85.373968,28.27182],[85.374047,28.271949],[85.374048,28.271956],[85.374053,28.271991],[85.374064,28.272045],[85.374071,28.27208],[85.37408,28.272124],[85.374084,28.272142],[85.374091,28.27217],[85.3741,28.272205],[85.374106,28.272229],[85.374137,28.272344],[85.374142,28.272364],[85.374151,28.2724],[85.37418,28.272526],[85.374192,28.272673],[85.374193,28.272694],[85.374193,28.272713],[85.374188,28.272909],[85.374147,28.273137],[85.374146,28.273141],[85.374124,28.273265],[85.374111,28.273285],[85.374089,28.273325],[85.374062,28.273361],[85.374054,28.273372],[85.37402,28.27342],[85.374015,28.273428],[85.373991,28.273449],[85.373982,28.273458],[85.373923,28.273515],[85.373914,28.273523],[85.37385,28.273591],[85.37384,28.273602],[85.373777,28.273676],[85.373767,28.273688],[85.37371,28.273763],[85.3737,28.273776],[85.37365,28.273849],[85.373641,28.273863],[85.373596,28.273936],[85.373587,28.273951],[85.373548,28.27402],[85.37354,28.274035],[85.373502,28.274114],[85.373491,28.274136],[85.373455,28.274221],[85.373446,28.274244],[85.373423,28.274305],[85.373419,28.274317],[85.373399,28.274376],[85.373391,28.274401],[85.37337,28.274478],[85.373363,28.274503],[85.373349,28.274561],[85.373346,28.274574],[85.373335,28.274632],[85.37333,28.274658],[85.373317,28.274738],[85.373314,28.274764],[85.373305,28.27485],[85.373303,28.274877],[85.373299,28.274947],[85.373299,28.274961],[85.373298,28.275011],[85.373298,28.275025],[85.373299,28.275076],[85.3733,28.27509],[85.373302,28.275141],[85.373303,28.275157],[85.373307,28.275204],[85.373308,28.27522],[85.373315,28.275281],[85.373319,28.275313],[85.373329,28.275374],[85.373332,28.275392],[85.373338,28.275429],[85.373342,28.275446],[85.373348,28.275477],[85.373352,28.275494],[85.373361,28.275534],[85.373369,28.275567],[85.373382,28.275619],[85.373395,28.275665],[85.373409,28.275713],[85.373417,28.275739],[85.373416,28.275741],[85.373414,28.275749],[85.373383,28.275855],[85.373381,28.275864],[85.373358,28.275967],[85.373357,28.275977],[85.373342,28.276076],[85.37334,28.276087],[85.373332,28.276179],[85.373331,28.276191],[85.373328,28.276288],[85.373328,28.276305],[85.37333,28.276397],[85.373331,28.276414],[85.373337,28.276486],[85.373339,28.276503],[85.373346,28.276561],[85.373348,28.276576],[85.373358,28.276637],[85.373363,28.276668],[85.373375,28.27673],[85.373382,28.27676],[85.373393,28.276805],[85.373397,28.276821],[85.373406,28.276856],[85.37341,28.276871],[85.373422,28.276912],[85.373426,28.276928],[85.373441,28.276975],[85.373447,28.27699],[85.373464,28.277041],[85.37347,28.277056],[85.373491,28.27711],[85.373497,28.277125],[85.373521,28.27718],[85.373528,28.277195],[85.373554,28.277251],[85.373562,28.277266],[85.373591,28.277321],[85.373598,28.277335],[85.37363,28.27739],[85.373638,28.277405],[85.373671,28.277458],[85.37368,28.277472],[85.373715,28.277524],[85.373725,28.277539],[85.37376,28.277587],[85.37377,28.277602],[85.373807,28.277649],[85.373818,28.277663],[85.373854,28.277707],[85.373858,28.277712],[85.373854,28.27772],[85.373835,28.277763],[85.373828,28.277777],[85.373809,28.277824],[85.373804,28.277838],[85.373785,28.277886],[85.37378,28.277899],[85.373764,28.277946],[85.37376,28.277959],[85.373745,28.278007],[85.373741,28.27802],[85.373727,28.278072],[85.373723,28.278086],[85.37371,28.278138],[85.373707,28.278153],[85.373697,28.278204],[85.373694,28.278218],[85.373685,28.278271],[85.373682,28.278287],[85.373675,28.278339],[85.373673,28.278355],[85.373668,28.278405],[85.373666,28.278421],[85.373662,28.278473],[85.373661,28.27849],[85.373659,28.278542],[85.373658,28.278559],[85.373658,28.278611],[85.373658,28.278615],[85.373649,28.278627],[85.373641,28.278637],[85.373597,28.2787],[85.37359,28.278711],[85.373552,28.27877],[85.373545,28.278781],[85.37351,28.27884],[85.373503,28.278853],[85.373472,28.27891],[85.373465,28.278923],[85.37344,28.278975],[85.373434,28.278988],[85.373411,28.279038],[85.373405,28.279052],[85.373386,28.279098],[85.37338,28.279112],[85.373364,28.279152],[85.373359,28.279167],[85.373345,28.279206],[85.373339,28.279223],[85.373323,28.279274],[85.373313,28.279308],[85.373298,28.279359],[85.37329,28.279387],[85.373281,28.279422],[85.373274,28.279451],[85.373266,28.279484],[85.373258,28.27952],[85.373255,28.279537],[85.373223,28.279572],[85.373216,28.27958],[85.373159,28.279649],[85.373153,28.279657],[85.373101,28.279728],[85.373095,28.279735],[85.373035,28.279826],[85.373028,28.279838],[85.372967,28.279946],[85.37296,28.279958],[85.372907,28.280069],[85.372902,28.280083],[85.372859,28.280193],[85.372854,28.280206],[85.37282,28.280316],[85.372816,28.280331],[85.372791,28.280434],[85.372788,28.28045],[85.37277,28.28055],[85.372768,28.280567],[85.372758,28.280658],[85.372756,28.280676],[85.372755,28.280706],[85.372736,28.28072],[85.372695,28.280754],[85.372666,28.280778],[85.37263,28.280809],[85.372603,28.280834],[85.372567,28.280867],[85.37254,28.280891],[85.372513,28.280917],[85.3725,28.280929],[85.372472,28.280957],[85.372447,28.280982],[85.372412,28.281018],[85.372388,28.281044],[85.372351,28.281084],[85.372328,28.28111],[85.372294,28.281149],[85.372272,28.281176],[85.372237,28.281219],[85.372216,28.281245],[85.372185,28.281287],[85.372165,28.281314],[85.372133,28.281358],[85.372114,28.281385],[85.372087,28.281425],[85.372069,28.281453],[85.372044,28.281491],[85.372027,28.281519],[85.37201,28.281547],[85.371954,28.281571],[85.371909,28.281591],[85.371868,28.28161],[85.371822,28.281632],[85.371792,28.281647],[85.371746,28.28167],[85.371714,28.281686],[85.371652,28.281718],[85.371615,28.281738],[85.371566,28.281764],[85.37153,28.281784],[85.37148,28.281813],[85.37144,28.281836],[85.371393,28.281864],[85.371355,28.281888],[85.371309,28.281917],[85.371268,28.281943],[85.371222,28.281974],[85.371184,28.281999],[85.371137,28.282032],[85.371101,28.282057],[85.371055,28.282091],[85.371022,28.282116],[85.370976,28.28215],[85.370949,28.282171],[85.370919,28.282195],[85.370899,28.282211],[85.370872,28.282233],[85.370846,28.282254],[85.370798,28.282294],[85.370771,28.282318],[85.370735,28.282349],[85.370716,28.282365],[85.370693,28.282386],[85.370668,28.282408],[85.370622,28.282451],[85.370596,28.282475],[85.370573,28.282497],[85.370553,28.282517],[85.37053,28.282539],[85.370506,28.282564],[85.370484,28.282586],[85.37046,28.282611],[85.370449,28.282623],[85.370424,28.282651],[85.370401,28.282676],[85.370366,28.282715],[85.370346,28.282739],[85.370308,28.282785],[85.370294,28.282802],[85.370282,28.282804],[85.370236,28.282811],[85.370204,28.282816],[85.37014,28.282826],[85.370109,28.282832],[85.370044,28.282845],[85.370015,28.282851],[85.369952,28.282865],[85.369924,28.282872],[85.369867,28.282887],[85.369839,28.282894],[85.369799,28.282906],[85.369783,28.28291],[85.369748,28.282921],[85.369716,28.282931],[85.36967,28.282945],[85.369622,28.282961],[85.369577,28.282977],[85.369529,28.282994],[85.36949,28.283008],[85.369442,28.283026],[85.369407,28.28304],[85.369359,28.283059],[85.369324,28.283073],[85.369275,28.283094],[85.369242,28.283108],[85.369193,28.283129],[85.369166,28.283141],[85.369133,28.283156],[85.369113,28.283166],[85.36908,28.283181],[85.369052,28.283194],[85.369004,28.283218],[85.368978,28.28323],[85.368945,28.283247],[85.368916,28.283262],[85.368867,28.283287],[85.368837,28.283303],[85.368805,28.283321],[85.368773,28.283338],[85.368762,28.283344],[85.36875,28.283347],[85.368718,28.283356],[85.368656,28.283375],[85.368624,28.283385],[85.368593,28.283394],[85.368579,28.283395],[85.368527,28.283396],[85.36847,28.283398],[85.368437,28.2834],[85.368396,28.283403],[85.36838,28.283404],[85.368332,28.283408],[85.368284,28.283412],[85.368226,28.283418],[85.36819,28.283422],[85.36814,28.283429],[85.368085,28.283436],[85.368041,28.283443],[85.367982,28.283452],[85.367967,28.283455],[85.367825,28.283478],[85.367801,28.283482],[85.367787,28.283484],[85.367786,28.283484],[85.367776,28.283484],[85.367728,28.283486],[85.367539,28.283489],[85.367517,28.28349],[85.367463,28.283491],[85.367437,28.283492],[85.367385,28.283494],[85.367344,28.283496],[85.367287,28.283499],[85.367246,28.283502],[85.367206,28.283505],[85.367165,28.283508],[85.367127,28.283512],[85.367085,28.283516],[85.367049,28.28352],[85.367008,28.283525],[85.366973,28.28353],[85.366925,28.283537],[85.366886,28.283542],[85.366842,28.28355],[85.366804,28.283556],[85.366754,28.283565],[85.366704,28.283575],[85.366665,28.283583],[85.366631,28.28359],[85.366595,28.283598],[85.366539,28.283611],[85.366519,28.283616],[85.365666,28.283592],[85.365618,28.28359],[85.365588,28.283589],[85.365568,28.283588],[85.365512,28.283584],[85.36538,28.283573],[85.365313,28.283555],[85.3653,28.283551],[85.365228,28.283532],[85.365197,28.283524],[85.365161,28.283514],[85.365118,28.283504],[85.36506,28.28349],[85.365029,28.283483],[85.364951,28.283466],[85.364942,28.283464],[85.364574,28.283386],[85.364283,28.283323],[85.364264,28.283319],[85.364205,28.283307],[85.364164,28.283299],[85.364125,28.283291],[85.364076,28.283283],[85.364056,28.283279],[85.364007,28.283272],[85.363987,28.283269],[85.363926,28.283261],[85.363906,28.283259],[85.363856,28.283254],[85.363836,28.283252],[85.363799,28.283249],[85.363779,28.283247],[85.363744,28.283245],[85.363704,28.283242],[85.363674,28.283241],[85.363614,28.283238],[85.363603,28.283237],[85.363362,28.283227],[85.363041,28.283212],[85.363022,28.283212],[85.362961,28.283209],[85.362922,28.283208],[85.362882,28.283207],[85.362818,28.283207],[85.362777,28.283207],[85.362725,28.283208],[85.362705,28.283209],[85.362674,28.28321],[85.362633,28.283212],[85.362603,28.283213],[85.362501,28.283219],[85.36249,28.28322],[85.362307,28.283231],[85.362268,28.283234],[85.362207,28.283239],[85.362156,28.283244],[85.362136,28.283246],[85.362093,28.28325],[85.362073,28.283253],[85.362021,28.28326],[85.362002,28.283262],[85.361946,28.283271],[85.361907,28.283278],[85.361863,28.283286],[85.361825,28.283293],[85.361803,28.283297],[85.361765,28.283305],[85.361753,28.283307],[85.361657,28.283327],[85.361644,28.28333],[85.361578,28.283344],[85.361554,28.283349],[85.361516,28.283358],[85.361479,28.283366],[85.361442,28.283375],[85.361396,28.283387],[85.361377,28.283392],[85.361331,28.283404],[85.361313,28.283409],[85.361257,28.283426],[85.361238,28.283432],[85.361192,28.283447],[85.361174,28.283453],[85.361126,28.28347],[85.361089,28.283483],[85.361038,28.283503],[85.360984,28.283524],[85.360938,28.283543],[85.360902,28.283558],[85.360848,28.283581],[85.360813,28.283597],[85.360752,28.283626],[85.360734,28.283634],[85.360729,28.283637],[85.360587,28.283682],[85.360558,28.283691],[85.360484,28.283697],[85.360432,28.283701],[85.360379,28.283701],[85.360145,28.283701],[85.360107,28.283696],[85.359793,28.28365],[85.35978,28.283649],[85.35974,28.283643],[85.359712,28.283639],[85.359673,28.283634],[85.359633,28.28363],[85.359613,28.283628],[85.359572,28.283624],[85.359552,28.283622],[85.359493,28.283617],[85.359473,28.283616],[85.359391,28.283612],[85.359371,28.283612],[85.359271,28.283611],[85.359251,28.283611],[85.359169,28.283614],[85.359149,28.283615],[85.35909,28.283619],[85.35907,28.28362],[85.359013,28.283625],[85.358973,28.28363],[85.358932,28.283634],[85.358892,28.283639],[85.358869,28.283642],[85.358631,28.283673],[85.358479,28.283692],[85.358225,28.283723],[85.357946,28.283756],[85.357916,28.28376],[85.357876,28.283765],[85.357841,28.28377],[85.357821,28.283773],[85.357783,28.283779],[85.357763,28.283782],[85.357708,28.283792],[85.357689,28.283796],[85.357613,28.283811],[85.357593,28.283816],[85.357489,28.283842],[85.35747,28.283847],[85.357345,28.283886],[85.357327,28.283892],[85.357229,28.283928],[85.357211,28.283935],[85.357141,28.283964],[85.357123,28.283972],[85.357058,28.284002],[85.357025,28.284017],[85.356994,28.284025],[85.356958,28.284034],[85.3569,28.284049],[85.356849,28.284063],[85.35683,28.284068],[85.356785,28.284081],[85.356766,28.284087],[85.356704,28.284107],[85.356685,28.284113],[85.3566,28.284144],[85.356582,28.284151],[85.356481,28.284192],[85.356463,28.2842],[85.356383,28.284238],[85.356365,28.284246],[85.356308,28.284276],[85.356291,28.284285],[85.356251,28.284306],[85.356234,28.284316],[85.356197,28.284337],[85.356164,28.284357],[85.356139,28.284371],[85.356102,28.284394],[85.35609,28.284399],[85.356069,28.284407],[85.356065,28.284408],[85.355936,28.284451],[85.355903,28.284462],[85.355867,28.284474],[85.355833,28.284486],[85.355815,28.284493],[85.355781,28.284505],[85.355763,28.284512],[85.355719,28.28453],[85.355701,28.284537],[85.355652,28.284558],[85.355636,28.284565],[85.355588,28.284586],[85.355575,28.28459],[85.355569,28.284592],[85.355527,28.284603],[85.35543,28.284626],[85.355415,28.284629],[85.355302,28.284643],[85.355285,28.284636],[85.355165,28.284584],[85.35515,28.284578],[85.355096,28.284556],[85.355057,28.28454],[85.355021,28.284525],[85.354973,28.284507],[85.354955,28.2845],[85.354903,28.284482],[85.354885,28.284476],[85.354812,28.284452],[85.354793,28.284447],[85.35469,28.284418],[85.354672,28.284413],[85.354528,28.284382],[85.35451,28.284379],[85.354502,28.284378],[85.354482,28.284371],[85.354464,28.284366],[85.35435,28.284334],[85.354235,28.284309],[85.354217,28.284305],[85.354122,28.284289],[85.354026,28.284277],[85.354007,28.284275],[85.353869,28.284264],[85.35385,28.284263],[85.353752,28.284261],[85.353732,28.284261],[85.353664,28.284262],[85.353645,28.284262],[85.353582,28.284265],[85.353543,28.284267],[85.353501,28.284269],[85.353461,28.284272],[85.353444,28.284273],[85.353364,28.28428],[85.353359,28.28428],[85.353299,28.284285],[85.35328,28.284287],[85.353241,28.28429],[85.353195,28.284295],[85.353156,28.284299],[85.35309,28.284307],[85.353071,28.28431],[85.353,28.284321],[85.352981,28.284324],[85.352882,28.284343],[85.352863,28.284348],[85.352727,28.284381],[85.352709,28.284387],[85.352628,28.284411],[85.352548,28.284439],[85.35253,28.284446],[85.352402,28.284497],[85.352385,28.284505],[85.352296,28.284547],[85.352279,28.284555],[85.352216,28.284588],[85.3522,28.284597],[85.352142,28.284629],[85.352109,28.284648],[85.352069,28.284672],[85.35202,28.284692],[85.352009,28.284697],[85.351895,28.28475],[85.351885,28.284755],[85.351772,28.284816],[85.351763,28.284822],[85.351663,28.284884],[85.351654,28.28489],[85.351622,28.284913],[85.351619,28.284913],[85.351566,28.284923],[85.35151,28.284934],[85.351477,28.284941],[85.351437,28.284949],[85.35142,28.284953],[85.351372,28.284965],[85.351342,28.284972],[85.351272,28.284991],[85.351245,28.284998],[85.351183,28.285017],[85.351165,28.285023],[85.351112,28.28504],[85.351093,28.285046],[85.35104,28.285066],[85.351022,28.285072],[85.350971,28.285092],[85.350954,28.285099],[85.350905,28.285119],[85.350889,28.285126],[85.350827,28.285154],[85.350795,28.285169],[85.350779,28.285177],[85.350743,28.285187],[85.350706,28.285198],[85.350669,28.285209],[85.350651,28.285215],[85.350614,28.285227],[85.350559,28.285246],[85.350535,28.285254],[85.350476,28.285274],[85.350471,28.285275],[85.350397,28.285288],[85.350358,28.285295],[85.35024,28.285314],[85.350213,28.285318],[85.350159,28.285328],[85.350111,28.285337],[85.350072,28.285345],[85.350026,28.285354],[85.349991,28.285362],[85.349941,28.285373],[85.349896,28.285384],[85.349849,28.285396],[85.349817,28.285404],[85.349783,28.285414],[85.349751,28.285423],[85.349709,28.285435],[85.349659,28.28545],[85.349612,28.285465],[85.349558,28.285483],[85.349524,28.285494],[85.349468,28.285514],[85.349438,28.285524],[85.349365,28.285551],[85.34934,28.28556],[85.349165,28.285626],[85.349126,28.285641],[85.349096,28.285651],[85.349083,28.285656],[85.348932,28.285659],[85.348913,28.28566],[85.348854,28.285662],[85.348802,28.285664],[85.348763,28.285666],[85.348699,28.28567],[85.348679,28.285672],[85.348611,28.285678],[85.348592,28.285681],[85.348497,28.285693],[85.348478,28.285696],[85.348349,28.28572],[85.34833,28.285724],[85.348251,28.285742],[85.348174,28.285763],[85.348155,28.285769],[85.34803,28.285809],[85.348012,28.285816],[85.347923,28.28585],[85.347905,28.285857],[85.347843,28.285883],[85.347825,28.285891],[85.347782,28.285911],[85.347764,28.285919],[85.347721,28.28594],[85.347687,28.285957],[85.347647,28.285977],[85.347613,28.285995],[85.34757,28.286018],[85.347537,28.286037],[85.34749,28.286064],[85.347473,28.286073],[85.347426,28.286102],[85.34741,28.286112],[85.347347,28.286153],[85.347331,28.286164],[85.347246,28.286224],[85.347232,28.286235],[85.347132,28.286316],[85.347118,28.286328],[85.347041,28.286398],[85.347028,28.286411],[85.346975,28.286463],[85.346962,28.286477],[85.346927,28.286515],[85.346914,28.286529],[85.346882,28.286565],[85.346857,28.286594],[85.346832,28.286623],[85.346796,28.286666],[85.346788,28.286676],[85.346746,28.286727],[85.346725,28.286742],[85.346707,28.286754],[85.346676,28.286776],[85.346647,28.286797],[85.346617,28.286819],[85.346579,28.286847],[85.346564,28.286859],[85.346527,28.286888],[85.346513,28.2869],[85.346469,28.286936],[85.346456,28.286947],[85.346407,28.28699],[85.346381,28.287014],[85.346335,28.287057],[85.34631,28.287082],[85.346272,28.28712],[85.346248,28.287145],[85.346202,28.287194],[85.346179,28.28722],[85.346132,28.287274],[85.346121,28.287287],[85.346081,28.287336],[85.34607,28.287351],[85.346039,28.287392],[85.346028,28.287407],[85.346006,28.287438],[85.345995,28.287453],[85.345975,28.287483],[85.345954,28.287513],[85.345936,28.287542],[85.345841,28.287689],[85.345837,28.287695],[85.345835,28.287698],[85.345825,28.287711],[85.345824,28.287712],[85.345816,28.28772],[85.345764,28.28776],[85.34575,28.287771],[85.345671,28.287838],[85.345658,28.287849],[85.345566,28.287937],[85.345555,28.287947],[85.345484,28.288024],[85.345474,28.288036],[85.345419,28.288101],[85.34541,28.288113],[85.345367,28.288168],[85.345358,28.28818],[85.345324,28.288228],[85.345315,28.288241],[85.345285,28.288287],[85.345275,28.288301],[85.345251,28.28834],[85.345242,28.288354],[85.345217,28.288398],[85.3452,28.288428],[85.345174,28.288475],[85.345158,28.288505],[85.34514,28.28854],[85.345132,28.288556],[85.345114,28.288592],[85.345092,28.28864],[85.345074,28.28868],[85.345059,28.288712],[85.34504,28.288758],[85.34502,28.288808],[85.345003,28.288853],[85.344984,28.288904],[85.344967,28.288952],[85.344951,28.288997],[85.34494,28.289034],[85.344925,28.28908],[85.344913,28.289122],[85.3449,28.289169],[85.344889,28.289207],[85.344877,28.289254],[85.344868,28.289293],[85.344857,28.28934],[85.344848,28.289382],[85.344838,28.289431],[85.344831,28.289467],[85.344823,28.289515],[85.344815,28.289564],[85.344808,28.289613],[85.344802,28.289653],[85.344798,28.289685],[85.344794,28.289728],[85.34479,28.289761],[85.344786,28.289815],[85.344785,28.289841],[85.344782,28.289898],[85.344782,28.289925],[85.344781,28.289982],[85.344782,28.290011],[85.344782,28.290051],[85.344783,28.290068],[85.344784,28.290097],[85.344784,28.290098],[85.344784,28.290101],[85.344778,28.290134],[85.344767,28.290198],[85.344762,28.290231],[85.344753,28.290298],[85.344749,28.29033],[85.344744,28.290394],[85.344742,28.290425],[85.344739,28.290479],[85.344738,28.290508],[85.344737,28.290539],[85.344737,28.290544],[85.344728,28.290614],[85.344726,28.290631],[85.344722,28.290664],[85.344718,28.2907],[85.344715,28.290732],[85.344711,28.290785],[85.344709,28.290816],[85.344707,28.29088],[85.344706,28.290908],[85.344706,28.29098],[85.344707,28.291008],[85.344709,28.291069],[85.34471,28.291083],[85.344716,28.291147],[85.344718,28.291174],[85.344722,28.291202],[85.344718,28.291254],[85.344717,28.291269],[85.344717,28.29136],[85.344717,28.291375],[85.34472,28.291452],[85.344721,28.291468],[85.344726,28.291523],[85.344728,28.291539],[85.344732,28.291578],[85.344739,28.291629],[85.344746,28.291691],[85.344753,28.291745],[85.344758,28.291775],[85.344772,28.291854],[85.344777,28.291879],[85.3448,28.291977],[85.344807,28.292001],[85.344831,28.29208],[85.344834,28.292092],[85.344857,28.292156],[85.344862,28.292171],[85.344886,28.292232],[85.344893,28.292247],[85.344896,28.292254],[85.344897,28.292259],[85.344909,28.292297],[85.344914,28.292312],[85.344929,28.292358],[85.344938,28.292384],[85.34496,28.292442],[85.34497,28.292467],[85.344993,28.292523],[85.345005,28.292549],[85.345023,28.29259],[85.34503,28.292604],[85.345047,28.292639],[85.34506,28.292666],[85.345085,28.292714],[85.345107,28.292755],[85.345134,28.292803],[85.345151,28.292832],[85.345168,28.292862],[85.345186,28.292891],[85.345201,28.292915],[85.345219,28.292943],[85.345234,28.292968],[85.345254,28.292998],[85.345267,28.293017],[85.345287,28.293047],[85.3453,28.293066],[85.34532,28.293095],[85.345339,28.293122],[85.345352,28.293141],[85.345356,28.29315],[85.345373,28.293196],[85.34538,28.293212],[85.345399,28.293258],[85.345406,28.293274],[85.345425,28.293315],[85.345431,28.293329],[85.345455,28.293378],[85.345469,28.293406],[85.345499,28.293463],[85.345514,28.293489],[85.345539,28.293533],[85.345548,28.293548],[85.345571,28.293585],[85.345589,28.293615],[85.345606,28.29364],[85.345609,28.293673],[85.345612,28.293699],[85.345616,28.293733],[85.34562,28.293767],[85.345626,28.293812],[85.345631,28.293847],[85.345638,28.293893],[85.345643,28.293925],[85.345652,28.293973],[85.345658,28.294003],[85.345667,28.294052],[85.345673,28.29408],[85.345683,28.294129],[85.34569,28.294157],[85.345702,28.294208],[85.345708,28.294233],[85.34572,28.294282],[85.345726,28.294305],[85.345738,28.29435],[85.345744,28.29437],[85.345749,28.294388],[85.345747,28.294417],[85.345745,28.294438],[85.345742,28.294492],[85.345741,28.294519],[85.34574,28.294553],[85.345739,28.294577],[85.345738,28.29461],[85.345738,28.294647],[85.345738,28.294693],[85.345739,28.294741],[85.34574,28.294786],[85.345742,28.294832],[85.345744,28.29486],[85.345746,28.294893],[85.345749,28.294921],[85.345752,28.294961],[85.345757,28.295011],[85.345758,28.295019],[85.345757,28.295025],[85.345753,28.295052],[85.345745,28.29511],[85.345741,28.295138],[85.345735,28.295199],[85.345733,28.295228],[85.345729,28.295288],[85.345727,28.29532],[85.345726,28.295374],[85.345725,28.295407],[85.345725,28.295455],[85.345726,28.295506],[85.345727,28.295542],[85.345729,28.295593],[85.345731,28.295633],[85.345734,28.29568],[85.345738,28.295728],[85.345743,28.295774],[85.345748,28.295826],[85.345755,28.295875],[85.345761,28.295919],[85.345768,28.295965],[85.345773,28.295995],[85.345781,28.296043],[85.345786,28.296065],[85.345798,28.296128],[85.345788,28.296155],[85.34578,28.296181],[85.345762,28.29624],[85.345759,28.296253],[85.345748,28.296295],[85.345745,28.296307],[85.345732,28.296364],[85.345727,28.296388],[85.345715,28.29645],[85.345712,28.296467],[85.345705,28.296512],[85.345702,28.29653],[85.345697,28.29657],[85.345695,28.296588],[85.345689,28.296646],[85.345687,28.296679],[85.345682,28.296755],[85.345681,28.296784],[85.345681,28.296845],[85.345681,28.296859],[85.345682,28.296911],[85.345683,28.296928],[85.345686,28.296987],[85.345687,28.297004],[85.345694,28.29707],[85.345696,28.297087],[85.345706,28.297159],[85.345708,28.297174],[85.345712,28.297195],[85.345681,28.297265],[85.345675,28.29728],[85.345645,28.297358],[85.34564,28.297372],[85.345616,28.297443],[85.345612,28.297457],[85.345593,28.297522],[85.345589,28.297537],[85.345576,28.297591],[85.345573,28.297606],[85.345563,28.297653],[85.34556,28.297667],[85.345552,28.29771],[85.34555,28.297725],[85.345541,28.297782],[85.345537,28.297812],[85.345531,28.297862],[85.34553,28.297877],[85.345526,28.297926],[85.345524,28.297955],[85.345521,28.298018],[85.34552,28.298047],[85.34552,28.298069],[85.345506,28.298097],[85.345499,28.298111],[85.345481,28.29815],[85.345468,28.298179],[85.345449,28.298222],[85.345443,28.298235],[85.345427,28.298275],[85.345417,28.298302],[85.345396,28.298358],[85.345386,28.298388],[85.345372,28.29843],[85.345366,28.298447],[85.345354,28.298486],[85.345345,28.298519],[85.345332,28.298566],[85.345324,28.298594],[85.345316,28.29863],[85.345309,28.298658],[85.345301,28.298694],[85.345295,28.298723],[85.345288,28.298757],[85.345282,28.298787],[85.345277,28.298816],[85.345272,28.298847],[85.345267,28.298878],[85.345262,28.298911],[85.345257,28.298943],[85.345251,28.298992],[85.345247,28.299025],[85.345243,28.299059],[85.345241,28.29908],[85.345238,28.299114],[85.345236,28.299135],[85.345233,28.299167],[85.345232,28.299186],[85.34523,28.299217],[85.345228,28.299235],[85.345226,28.299282],[85.345224,28.299308],[85.345221,28.299396],[85.34522,28.299407],[85.345214,28.299582],[85.345213,28.299611],[85.345212,28.29966],[85.345212,28.299696],[85.345212,28.299729],[85.345213,28.299766],[85.345213,28.299783],[85.345215,28.299821],[85.345216,28.299837],[85.345219,28.299889],[85.345221,28.299905],[85.345228,28.299976],[85.34523,28.299992],[85.34524,28.300055],[85.345221,28.300055],[85.345167,28.300058],[85.345147,28.300059],[85.34502,28.300066],[85.344867,28.300074],[85.344839,28.300076],[85.344782,28.300079],[85.344737,28.300082],[85.344686,28.300087],[85.344637,28.300091],[85.344596,28.300096],[85.344559,28.3001],[85.344538,28.300102],[85.344512,28.300106],[85.344495,28.300108],[85.34446,28.300113],[85.344425,28.300118],[85.344368,28.300127],[85.344319,28.300136],[85.344276,28.300144],[85.344275,28.300144],[85.344192,28.30015],[85.34416,28.300152],[85.344088,28.300158],[85.344055,28.300161],[85.344021,28.300165],[85.343992,28.300168],[85.343943,28.300173],[85.343916,28.300177],[85.343884,28.300181],[85.343856,28.300184],[85.343817,28.30019],[85.343788,28.300194],[85.343749,28.3002],[85.343717,28.300205],[85.343679,28.300211],[85.343648,28.300216],[85.343611,28.300223],[85.343578,28.300229],[85.343542,28.300236],[85.343511,28.300242],[85.343475,28.30025],[85.343443,28.300257],[85.343409,28.300265],[85.343382,28.300271],[85.343347,28.300279],[85.34332,28.300286],[85.343282,28.300295],[85.343257,28.300302],[85.34322,28.300312],[85.34319,28.30032],[85.343154,28.30033],[85.34311,28.300342],[85.343059,28.300358],[85.343006,28.300374],[85.342976,28.300384],[85.342932,28.300399],[85.342902,28.30041],[85.342862,28.300424],[85.342844,28.300431],[85.342802,28.300447],[85.342766,28.300461],[85.342726,28.300478],[85.34271,28.300484],[85.342678,28.300498],[85.342647,28.300512],[85.342605,28.300531],[85.342574,28.300545],[85.342538,28.300563],[85.342523,28.30057],[85.342474,28.300594],[85.342457,28.300603],[85.342426,28.300605],[85.34241,28.300607],[85.342342,28.300613],[85.342326,28.300615],[85.342247,28.300625],[85.34223,28.300627],[85.342142,28.300642],[85.342126,28.300645],[85.342033,28.300664],[85.342018,28.300667],[85.341923,28.300691],[85.34191,28.300695],[85.34182,28.300721],[85.341807,28.300726],[85.341699,28.300763],[85.34168,28.30077],[85.34156,28.30082],[85.341543,28.300828],[85.341422,28.300887],[85.341405,28.300896],[85.341302,28.300954],[85.341292,28.30096],[85.341212,28.301011],[85.341202,28.301017],[85.341124,28.301072],[85.341115,28.301078],[85.341041,28.301136],[85.341033,28.301142],[85.340963,28.301202],[85.340955,28.301209],[85.34089,28.301271],[85.340883,28.301277],[85.34088,28.30128],[85.340855,28.301291],[85.34084,28.301299],[85.340782,28.301327],[85.340754,28.301341],[85.340684,28.301378],[85.340655,28.301394],[85.340608,28.301421],[85.340593,28.30143],[85.340556,28.301452],[85.340526,28.30147],[85.340482,28.301499],[85.340454,28.301517],[85.340414,28.301543],[85.340388,28.301561],[85.340352,28.301586],[85.340326,28.301605],[85.340282,28.301638],[85.340252,28.30166],[85.340217,28.301688],[85.340203,28.301699],[85.340177,28.30172],[85.340162,28.301732],[85.340119,28.301769],[85.340093,28.301792],[85.340049,28.301831],[85.340036,28.301843],[85.340003,28.301875],[85.33999,28.301887],[85.339949,28.301929],[85.339936,28.301942],[85.339887,28.301996],[85.339874,28.30201],[85.33981,28.302086],[85.339796,28.302103],[85.339734,28.302186],[85.339725,28.302199],[85.339675,28.302273],[85.339666,28.302288],[85.339627,28.302352],[85.339619,28.302365],[85.339589,28.30242],[85.339577,28.302444],[85.339568,28.302457],[85.339529,28.302526],[85.339523,28.302537],[85.339483,28.302616],[85.339479,28.302624],[85.33944,28.302712],[85.339436,28.302721],[85.339393,28.30284],[85.339389,28.302851],[85.339367,28.302924],[85.339349,28.302998],[85.339346,28.303009],[85.339329,28.303099],[85.339317,28.303191],[85.339315,28.303204],[85.339307,28.303315],[85.339307,28.303427],[85.339308,28.30344],[85.339313,28.303528],[85.339323,28.303615],[85.339338,28.303702],[85.339341,28.303714],[85.339366,28.303822],[85.339399,28.303927],[85.339439,28.304031],[85.339444,28.304042],[85.339485,28.304133],[85.339533,28.304221],[85.339585,28.304307],[85.339643,28.304391],[85.339648,28.304398],[85.33971,28.304477],[85.339776,28.304554],[85.339847,28.304627],[85.339922,28.304696],[85.339927,28.304701],[85.34,28.304762],[85.340076,28.304819],[85.340155,28.304874],[85.340237,28.304924],[85.340242,28.304927],[85.340328,28.304975],[85.340416,28.305018],[85.340506,28.305058],[85.340598,28.305094],[85.340604,28.305096],[85.340708,28.30513],[85.340813,28.30516],[85.34092,28.305184],[85.341028,28.305203],[85.341037,28.305205],[85.341151,28.305219],[85.341266,28.305228],[85.341381,28.305231],[85.341496,28.305228],[85.341509,28.305227],[85.341621,28.305219],[85.341732,28.305206],[85.341842,28.305187],[85.341853,28.305184],[85.341954,28.305162],[85.342053,28.305135],[85.342064,28.305132],[85.342207,28.305084],[85.342218,28.30508],[85.342339,28.305031],[85.342354,28.305024],[85.342448,28.30498],[85.342464,28.304972],[85.342526,28.30494],[85.342542,28.304931],[85.342584,28.304908],[85.342599,28.304899],[85.342644,28.304872],[85.342687,28.304846],[85.342695,28.304842],[85.342718,28.304833],[85.342764,28.304814],[85.342777,28.304808],[85.342835,28.304783],[85.342859,28.304772],[85.34292,28.304743],[85.342931,28.304738],[85.342984,28.304711],[85.343,28.304702],[85.343059,28.30467],[85.343074,28.304661],[85.343132,28.304627],[85.343148,28.304617],[85.343199,28.304585],[85.343214,28.304575],[85.343259,28.304545],[85.343274,28.304534],[85.343328,28.304495],[85.343343,28.304485],[85.343372,28.304484],[85.343391,28.304483],[85.343467,28.304479],[85.343486,28.304477],[85.343573,28.304469],[85.343592,28.304467],[85.343686,28.304455],[85.343705,28.304452],[85.343807,28.304434],[85.343825,28.30443],[85.343932,28.304405],[85.34395,28.304401],[85.344072,28.304366],[85.344091,28.30436],[85.34419,28.304327],[85.3442,28.304323],[85.344266,28.304297],[85.344276,28.304293],[85.344353,28.30426],[85.344368,28.304254],[85.344446,28.304217],[85.34446,28.30421],[85.344527,28.304175],[85.344541,28.304167],[85.344544,28.304165],[85.34455,28.304163],[85.34458,28.304151],[85.344597,28.304144],[85.344633,28.304129],[85.344666,28.304115],[85.344691,28.304105],[85.344691,28.304105],[85.344662,28.30413],[85.344635,28.304154],[85.344585,28.304201],[85.344572,28.304214],[85.344526,28.30426],[85.344514,28.304272],[85.344469,28.30432],[85.344458,28.304332],[85.344413,28.304385],[85.344403,28.304397],[85.344361,28.304448],[85.344352,28.304461],[85.344313,28.304513],[85.344304,28.304526],[85.344264,28.304584],[85.344254,28.304599],[85.344215,28.304661],[85.344206,28.304676],[85.344162,28.304753],[85.34415,28.304776],[85.344109,28.304858],[85.344097,28.304882],[85.344068,28.304948],[85.344058,28.304973],[85.344037,28.305025],[85.344036,28.305027],[85.344016,28.305063],[85.344009,28.305077],[85.343984,28.305125],[85.343977,28.305139],[85.343951,28.305194],[85.343944,28.305209],[85.343922,28.30526],[85.343916,28.305274],[85.343898,28.30532],[85.343891,28.305336],[85.343879,28.305369],[85.343864,28.305411],[85.343849,28.305451],[85.343826,28.305511],[85.343821,28.305527],[85.343799,28.305596],[85.343795,28.305608],[85.343775,28.305682],[85.343772,28.305694],[85.343753,28.305784],[85.34375,28.305797],[85.343735,28.305893],[85.343734,28.305906],[85.343724,28.306008],[85.343723,28.306024],[85.34372,28.306123],[85.34372,28.306139],[85.343723,28.306226],[85.343724,28.306242],[85.343729,28.306314],[85.343731,28.306329],[85.343737,28.306386],[85.34374,28.306401],[85.343746,28.306442],[85.343748,28.306457],[85.343756,28.3065],[85.343762,28.30653],[85.34377,28.306571],[85.34378,28.306618],[85.343789,28.306657],[85.343801,28.306705],[85.343815,28.306757],[85.343828,28.306804],[85.343841,28.30685],[85.343851,28.306881],[85.343865,28.306925],[85.343867,28.30693],[85.343864,28.306935],[85.343848,28.306964],[85.343818,28.307023],[85.343804,28.307053],[85.343774,28.30712],[85.34376,28.307151],[85.343734,28.307215],[85.343722,28.307247],[85.343704,28.307294],[85.3437,28.307308],[85.343687,28.307347],[85.343678,28.307375],[85.343662,28.307425],[85.343654,28.307453],[85.343643,28.307496],[85.343639,28.307511],[85.343628,28.307555],[85.343621,28.307585],[85.343608,28.30765],[85.343602,28.30768],[85.343589,28.307761],[85.343585,28.307791],[85.343578,28.307858],[85.343576,28.307875],[85.343572,28.30793],[85.34357,28.307936],[85.343563,28.307962],[85.343545,28.308026],[85.343539,28.308053],[85.343524,28.308119],[85.343518,28.308148],[85.343506,28.308212],[85.343502,28.308242],[85.343495,28.308288],[85.343493,28.308303],[85.343488,28.308345],[85.343485,28.308376],[85.343481,28.308421],[85.343479,28.308452],[85.343477,28.308483],[85.343475,28.308514],[85.343474,28.308542],[85.343472,28.308574],[85.343472,28.3086],[85.343471,28.308652],[85.34347,28.308662],[85.343468,28.308848],[85.343467,28.308865],[85.343467,28.30893],[85.343468,28.308975],[85.343469,28.309021],[85.34347,28.309067],[85.343473,28.309114],[85.343476,28.309162],[85.343479,28.309195],[85.343482,28.309225],[85.34349,28.309309],[85.343486,28.309452],[85.343485,28.309467],[85.343484,28.30952],[85.343484,28.309553],[85.343484,28.309585],[85.343484,28.309621],[85.343485,28.30965],[85.343486,28.309687],[85.343487,28.30972],[85.343489,28.30975],[85.34349,28.309768],[85.343491,28.309788],[85.343493,28.309805],[85.343495,28.309834],[85.343498,28.309869],[85.343502,28.309905],[85.343506,28.309939],[85.34351,28.309971],[85.343512,28.309988],[85.343519,28.310032],[85.343525,28.310066],[85.343537,28.310131],[85.343544,28.310164],[85.343559,28.31023],[85.343557,28.310275],[85.343544,28.310354],[85.34354,28.31038],[85.343535,28.310416],[85.343531,28.310449],[85.343529,28.310467],[85.343525,28.310501],[85.343522,28.310536],[85.343518,28.310581],[85.343516,28.310615],[85.343515,28.310637],[85.34351,28.310659],[85.343506,28.310677],[85.343496,28.310724],[85.343493,28.310741],[85.343485,28.310784],[85.343483,28.310796],[85.343476,28.310848],[85.343472,28.310872],[85.343465,28.310942],[85.343463,28.310968],[85.343458,28.311036],[85.343457,28.311062],[85.343456,28.311127],[85.343456,28.311154],[85.343457,28.311201],[85.343457,28.311215],[85.343459,28.31126],[85.34346,28.311288],[85.343465,28.311347],[85.343468,28.311376],[85.343474,28.311432],[85.343478,28.311462],[85.343483,28.311501],[85.343485,28.311516],[85.343491,28.311549],[85.343496,28.31158],[85.343505,28.311626],[85.343511,28.311656],[85.34352,28.311695],[85.343464,28.311764],[85.343453,28.311778],[85.343409,28.311838],[85.343403,28.311847],[85.343379,28.311884],[85.343362,28.311904],[85.343348,28.311922],[85.343304,28.311983],[85.343296,28.311994],[85.343261,28.312046],[85.343254,28.312057],[85.343218,28.312114],[85.343212,28.312125],[85.343177,28.312186],[85.343171,28.312197],[85.343138,28.31226],[85.343133,28.312272],[85.343102,28.312337],[85.343097,28.312348],[85.34307,28.312414],[85.343066,28.312425],[85.343041,28.312493],[85.343037,28.312506],[85.343015,28.312574],[85.343012,28.312586],[85.342992,28.312661],[85.342988,28.312677],[85.342971,28.312756],[85.342968,28.312772],[85.342957,28.312834],[85.342956,28.312843],[85.342947,28.31291],[85.342945,28.31293],[85.34294,28.312991],[85.342939,28.313002],[85.342937,28.313044],[85.342937,28.313048],[85.342934,28.313062],[85.342931,28.313079],[85.342924,28.31313],[85.342922,28.313147],[85.342916,28.313205],[85.342914,28.313222],[85.34291,28.313284],[85.342909,28.313301],[85.342907,28.313367],[85.342906,28.313383],[85.342907,28.313451],[85.342908,28.313467],[85.342911,28.313538],[85.342912,28.313553],[85.342919,28.313622],[85.342921,28.313637],[85.34293,28.313703],[85.342932,28.313717],[85.342944,28.313778],[85.342946,28.313791],[85.34296,28.313853],[85.342963,28.313866],[85.342979,28.313927],[85.342983,28.313941],[85.343002,28.314002],[85.343006,28.314016],[85.343028,28.314077],[85.343032,28.31409],[85.343056,28.31415],[85.343062,28.314163],[85.343088,28.314222],[85.343094,28.314235],[85.343127,28.314303],[85.343135,28.314318],[85.343177,28.314394],[85.343185,28.314409],[85.343232,28.314485],[85.343241,28.314499],[85.343293,28.314574],[85.343302,28.314587],[85.343361,28.314662],[85.34337,28.314674],[85.343433,28.314747],[85.343443,28.314758],[85.343512,28.31483],[85.343521,28.31484],[85.343593,28.314908],[85.343603,28.314916],[85.343699,28.314997],[85.343714,28.315009],[85.343834,28.315097],[85.34385,28.315107],[85.343962,28.315177],[85.343973,28.315184],[85.344067,28.315236],[85.344079,28.315242],[85.344179,28.31529],[85.344191,28.315296],[85.344324,28.315351],[85.344343,28.315358],[85.344426,28.315387],[85.344512,28.315413],[85.34453,28.315419],[85.344621,28.315443],[85.344712,28.315463],[85.34473,28.315466],[85.344825,28.315483],[85.344921,28.315496],[85.344939,28.315498],[85.345032,28.315506],[85.345126,28.315511],[85.34514,28.315511],[85.345228,28.315512],[85.345317,28.315509],[85.345331,28.315509],[85.345414,28.315503],[85.345498,28.315495],[85.345508,28.315493],[85.345658,28.31547],[85.345669,28.315468],[85.345752,28.315451],[85.345834,28.31543],[85.345846,28.315427],[85.345932,28.315402],[85.346017,28.315374],[85.346028,28.31537],[85.346116,28.315336],[85.346202,28.315299],[85.346215,28.315293],[85.346297,28.315253],[85.346378,28.31521],[85.34639,28.315203],[85.346468,28.315157],[85.346543,28.315107],[85.346557,28.315097],[85.346625,28.315048],[85.34669,28.314997],[85.346704,28.314986],[85.346804,28.314897],[85.346815,28.314887],[85.34689,28.314813],[85.3469,28.314802],[85.346964,28.314731],[85.346973,28.31472],[85.347025,28.314656],[85.347032,28.314647],[85.347075,28.314591],[85.347081,28.314581],[85.347123,28.314521],[85.34713,28.31451],[85.347169,28.314448],[85.347176,28.314436],[85.347216,28.314366],[85.347224,28.314351],[85.347263,28.314275],[85.34727,28.314259],[85.347299,28.314195],[85.347304,28.314183],[85.347334,28.314107],[85.347343,28.314084],[85.347369,28.314007],[85.347373,28.313995],[85.347388,28.313944],[85.347392,28.313932],[85.347405,28.313882],[85.347408,28.313869],[85.347417,28.313829],[85.347419,28.313827],[85.347483,28.313757],[85.347493,28.313745],[85.347553,28.313673],[85.347563,28.31366],[85.347623,28.313581],[85.347633,28.313566],[85.347683,28.31349],[85.347693,28.313475],[85.34773,28.313412],[85.347739,28.313397],[85.347762,28.313356],[85.347767,28.313346],[85.34778,28.313327],[85.34779,28.313313],[85.347838,28.313235],[85.347853,28.313209],[85.347866,28.313189],[85.347893,28.313145],[85.347902,28.31313],[85.347952,28.313039],[85.347961,28.313022],[85.348008,28.312922],[85.348012,28.312913],[85.348044,28.312834],[85.348047,28.312826],[85.348087,28.312704],[85.348092,28.312688],[85.348123,28.312559],[85.348125,28.312548],[85.348141,28.312455],[85.348143,28.312445],[85.348144,28.312432],[85.348147,28.312423],[85.348164,28.31235],[85.348167,28.312335],[85.348183,28.312247],[85.348186,28.312232],[85.348197,28.312136],[85.348199,28.31212],[85.348205,28.312021],[85.348206,28.312005],[85.348205,28.311902],[85.348205,28.311887],[85.348198,28.311784],[85.348197,28.311769],[85.348183,28.311667],[85.348181,28.311653],[85.348162,28.311556],[85.348159,28.311542],[85.348135,28.311447],[85.34813,28.311433],[85.348103,28.311346],[85.348098,28.311332],[85.348068,28.311253],[85.348062,28.311239],[85.348032,28.311171],[85.348026,28.311157],[85.347998,28.3111],[85.347991,28.311086],[85.347975,28.311056],[85.347991,28.310999],[85.347995,28.310985],[85.348014,28.310893],[85.348017,28.310878],[85.34803,28.310792],[85.348032,28.31078],[85.348039,28.310708],[85.34804,28.310696],[85.348044,28.310631],[85.348045,28.310618],[85.348046,28.310551],[85.348046,28.310536],[85.348045,28.310475],[85.348045,28.31046],[85.34804,28.310393],[85.348038,28.310362],[85.348031,28.310297],[85.348028,28.310267],[85.348021,28.310216],[85.348016,28.310186],[85.348013,28.31017],[85.348014,28.310158],[85.348016,28.310116],[85.348016,28.310098],[85.348016,28.31004],[85.348016,28.31001],[85.348014,28.309944],[85.348013,28.309915],[85.348009,28.309865],[85.348008,28.30985],[85.348002,28.309794],[85.347999,28.309763],[85.347991,28.309706],[85.347989,28.309691],[85.347978,28.309632],[85.347973,28.309602],[85.34796,28.309543],[85.347957,28.309527],[85.347946,28.309485],[85.347942,28.30947],[85.347931,28.309428],[85.347927,28.309414],[85.347913,28.309369],[85.347908,28.309355],[85.347893,28.309307],[85.347888,28.309293],[85.34787,28.309245],[85.347864,28.309231],[85.347843,28.30918],[85.347837,28.309166],[85.347813,28.30911],[85.347806,28.309097],[85.347792,28.309068],[85.347792,28.309052],[85.347793,28.309024],[85.347793,28.308993],[85.347793,28.308961],[85.347793,28.308929],[85.347792,28.30889],[85.347791,28.308858],[85.347789,28.308826],[85.347788,28.30881],[85.347785,28.308769],[85.347783,28.308735],[85.347778,28.308691],[85.347776,28.308673],[85.347771,28.308629],[85.347766,28.308593],[85.347763,28.308573],[85.347767,28.308561],[85.347777,28.308532],[85.347788,28.308498],[85.347792,28.308484],[85.347805,28.308441],[85.347814,28.308409],[85.347826,28.308366],[85.34783,28.308349],[85.347839,28.308312],[85.347847,28.308277],[85.347856,28.308235],[85.347863,28.308201],[85.347868,28.308174],[85.347879,28.308113],[85.347883,28.308108],[85.347893,28.308094],[85.347917,28.308059],[85.347933,28.308036],[85.347963,28.307989],[85.347978,28.307965],[85.348005,28.307922],[85.348014,28.307907],[85.348041,28.30786],[85.348057,28.307831],[85.348089,28.30777],[85.348102,28.307743],[85.348124,28.307698],[85.348131,28.307684],[85.348146,28.30765],[85.348152,28.307636],[85.348176,28.307577],[85.348186,28.307553],[85.348209,28.307492],[85.348212,28.307481],[85.348229,28.307431],[85.348235,28.307412],[85.348241,28.307391],[85.348253,28.307359],[85.348262,28.307335],[85.348278,28.30729],[85.348282,28.307277],[85.348299,28.307221],[85.348308,28.307194],[85.348324,28.307132],[85.348328,28.307117],[85.348339,28.307071],[85.348342,28.307056],[85.348352,28.307007],[85.348355,28.306992],[85.348364,28.306944],[85.348366,28.306928],[85.348373,28.306879],[85.348375,28.306864],[85.348381,28.30681],[85.348382,28.306793],[85.348386,28.306742],[85.348387,28.306725],[85.348389,28.306676],[85.34839,28.306659],[85.348391,28.306596],[85.34839,28.306567],[85.348388,28.306498],[85.348387,28.30647],[85.348381,28.306399],[85.348378,28.306365],[85.348369,28.306293],[85.348364,28.30626],[85.34836,28.306231],[85.348389,28.306182],[85.348404,28.306156],[85.34843,28.306107],[85.348444,28.306081],[85.348471,28.306027],[85.348485,28.305999],[85.348507,28.305952],[85.348519,28.305924],[85.348539,28.305877],[85.348551,28.305848],[85.348572,28.305795],[85.348582,28.305767],[85.348598,28.305722],[85.348607,28.305694],[85.348613,28.305677],[85.348618,28.30567],[85.348648,28.305626],[85.348665,28.305601],[85.348705,28.305536],[85.348721,28.30551],[85.348756,28.305449],[85.348763,28.305436],[85.348788,28.305388],[85.348794,28.305376],[85.348817,28.305329],[85.348823,28.305317],[85.348845,28.305268],[85.34885,28.305255],[85.348879,28.305184],[85.348888,28.305161],[85.348916,28.30508],[85.348922,28.30506],[85.348931,28.305041],[85.348937,28.305026],[85.348951,28.30499],[85.348955,28.30498],[85.348976,28.304926],[85.348983,28.304906],[85.34901,28.304821],[85.349014,28.304808],[85.349015,28.304806],[85.349045,28.304762],[85.349062,28.304735],[85.34908,28.304707],[85.3491,28.304676],[85.349116,28.304648],[85.349132,28.304622],[85.34914,28.304608],[85.349157,28.304579],[85.349171,28.304554],[85.349192,28.304515],[85.349205,28.304489],[85.349223,28.304455],[85.349231,28.30444],[85.349247,28.304407],[85.349261,28.304376],[85.349278,28.304338],[85.349292,28.304307],[85.349307,28.304271],[85.34932,28.304239],[85.349326,28.304226],[85.34934,28.304207],[85.349347,28.304196],[85.349388,28.304135],[85.349395,28.304123],[85.349437,28.304054],[85.349444,28.304042],[85.349483,28.303971],[85.349483,28.30397],[85.349491,28.303959],[85.349514,28.303929],[85.349524,28.303916],[85.349556,28.303871],[85.349575,28.303844],[85.349615,28.303782],[85.349633,28.303754],[85.349667,28.303696],[85.349675,28.303682],[85.349713,28.303613],[85.349725,28.30359],[85.349767,28.303502],[85.349777,28.30348],[85.349798,28.303431],[85.349804,28.303415],[85.349824,28.303365],[85.349836,28.303333],[85.349841,28.303319],[85.349898,28.303243],[85.349907,28.303229],[85.349952,28.303162],[85.349993,28.303093],[85.350001,28.303079],[85.350064,28.302957],[85.350071,28.302942],[85.350115,28.302838],[85.350121,28.302823],[85.350153,28.302734],[85.350157,28.302719],[85.35018,28.302643],[85.350184,28.302628],[85.350201,28.30256],[85.350204,28.302545],[85.350217,28.302484],[85.350219,28.302469],[85.350224,28.302438],[85.350237,28.302406],[85.350241,28.302396],[85.350264,28.302331],[85.350267,28.302321],[85.350288,28.302252],[85.350291,28.302242],[85.350309,28.302168],[85.350312,28.302157],[85.350327,28.302081],[85.350329,28.302071],[85.350341,28.301991],[85.350342,28.301981],[85.35035,28.301902],[85.350351,28.301891],[85.350355,28.301811],[85.350356,28.301799],[85.350356,28.301721],[85.350356,28.301709],[85.350352,28.301631],[85.350351,28.301619],[85.350344,28.301544],[85.350342,28.301532],[85.350334,28.301476],[85.350341,28.301452],[85.350346,28.301431],[85.350353,28.301401],[85.350359,28.301375],[85.350378,28.30129],[85.350387,28.301259],[85.350397,28.301225],[85.350404,28.301198],[85.350415,28.301156],[85.350422,28.301129],[85.350433,28.30108],[85.350439,28.301052],[85.350449,28.301001],[85.350455,28.30097],[85.350463,28.30092],[85.350467,28.300888],[85.350474,28.300841],[85.350477,28.300809],[85.350482,28.300769],[85.350484,28.300738],[85.350487,28.300705],[85.35049,28.30066],[85.350492,28.300633],[85.350494,28.3006],[85.350495,28.300577],[85.350498,28.300485],[85.350516,28.300434],[85.350525,28.300407],[85.350543,28.300344],[85.350547,28.30033],[85.35056,28.300281],[85.350563,28.300267],[85.350574,28.30022],[85.350577,28.300206],[85.350585,28.30016],[85.350588,28.300147],[85.350596,28.3001],[85.350598,28.300086],[85.350604,28.300035],[85.350606,28.30002],[85.350611,28.299972],[85.350612,28.299956],[85.350617,28.299894],[85.350618,28.299863],[85.35062,28.299785],[85.35062,28.299751],[85.350619,28.299706],[85.350618,28.299689],[85.350617,28.299653],[85.350615,28.299619],[85.350612,28.299576],[85.350607,28.299506],[85.350604,28.299479],[85.350598,28.299412],[85.350595,28.299384],[85.350589,28.299336],[85.350585,28.299303],[85.350578,28.299254],[85.350572,28.299214],[85.350564,28.299166],[85.350556,28.299119],[85.350547,28.299071],[85.350537,28.299024],[85.35053,28.298992],[85.350519,28.298947],[85.350512,28.298918],[85.350501,28.298879],[85.350562,28.298796],[85.350569,28.298786],[85.350633,28.298682],[85.35064,28.298671],[85.350692,28.298572],[85.350698,28.29856],[85.350739,28.298471],[85.350744,28.298459],[85.350777,28.298373],[85.350783,28.298359],[85.350808,28.298282],[85.350813,28.298267],[85.350831,28.298203],[85.350835,28.298187],[85.350847,28.298138],[85.350851,28.298121],[85.350861,28.298072],[85.350867,28.298039],[85.350877,28.297986],[85.350885,28.297937],[85.350891,28.297891],[85.350896,28.297859],[85.350901,28.297813],[85.350904,28.297781],[85.350908,28.297734],[85.35091,28.297716],[85.350912,28.297668],[85.350914,28.297633],[85.350915,28.297569],[85.350915,28.297537],[85.350914,28.297477],[85.350913,28.297447],[85.35091,28.297395],[85.350908,28.297365],[85.350903,28.297307],[85.3509,28.297276],[85.350894,28.297223],[85.350889,28.297192],[85.350881,28.297138],[85.350876,28.297109],[85.350866,28.29706],[85.350861,28.297033],[85.350851,28.296987],[85.350835,28.296921],[85.350857,28.296881],[85.350889,28.29682],[85.350903,28.296792],[85.350933,28.296731],[85.35094,28.296716],[85.350962,28.296664],[85.350969,28.296647],[85.350991,28.296593],[85.350997,28.296577],[85.351014,28.296529],[85.351018,28.296517],[85.351036,28.29646],[85.351043,28.296436],[85.351059,28.29638],[85.351063,28.296367],[85.351076,28.296314],[85.351082,28.296287],[85.351092,28.296238],[85.351095,28.296224],[85.351103,28.29618],[85.351107,28.296152],[85.351115,28.296099],[85.351119,28.296067],[85.351125,28.296021],[85.351128,28.295988],[85.351132,28.295951],[85.351134,28.295917],[85.351136,28.295884],[85.351138,28.295851],[85.35114,28.295805],[85.351141,28.295771],[85.351142,28.295714],[85.351142,28.295698],[85.35114,28.295643],[85.35114,28.295628],[85.351135,28.295559],[85.351134,28.295544],[85.351124,28.295453],[85.351122,28.295439],[85.3511,28.295319],[85.351097,28.295305],[85.351077,28.295225],[85.351053,28.295145],[85.351048,28.29513],[85.351013,28.295034],[85.350992,28.294986],[85.350987,28.294947],[85.350973,28.294868],[85.35097,28.294855],[85.350946,28.294754],[85.350915,28.294654],[85.350878,28.294555],[85.350872,28.294541],[85.350837,28.294464],[85.350799,28.294388],[85.350757,28.294314],[85.350751,28.294305],[85.350704,28.294231],[85.350654,28.29416],[85.350647,28.294151],[85.350601,28.294092],[85.350553,28.294035],[85.350551,28.294033],[85.350551,28.294032],[85.350548,28.294025],[85.350562,28.293857],[85.350564,28.293831],[85.350568,28.29376],[85.35057,28.293735],[85.350572,28.2937],[85.350573,28.293673],[85.350574,28.293638],[85.350575,28.293608],[85.350575,28.293572],[85.350575,28.293544],[85.350575,28.293508],[85.350574,28.293473],[85.350574,28.293439],[85.350572,28.293406],[85.350571,28.293374],[85.350569,28.293342],[85.350565,28.293277],[85.350563,28.293252],[85.350558,28.293198],[85.350557,28.293188],[85.350551,28.293117],[85.35055,28.293101],[85.350544,28.293048],[85.350542,28.293022],[85.350537,28.292986],[85.350534,28.29296],[85.350529,28.292924],[85.350524,28.292885],[85.350518,28.29285],[85.350511,28.292806],[85.350504,28.292771],[85.350498,28.292738],[85.350494,28.29272],[85.350486,28.292683],[85.350479,28.292653],[85.350467,28.292605],[85.35046,28.292579],[85.350449,28.29254],[85.350442,28.292515],[85.350432,28.292483],[85.350423,28.292455],[85.350414,28.292426],[85.350398,28.292378],[85.35039,28.292355],[85.350373,28.292307],[85.350365,28.292285],[85.350354,28.292253],[85.350342,28.292222],[85.35033,28.29219],[85.350319,28.292164],[85.350316,28.292148],[85.350314,28.292133],[85.3503,28.29207],[85.350294,28.292043],[85.350278,28.291978],[85.350274,28.291965],[85.350254,28.291897],[85.350246,28.291872],[85.350223,28.291805],[85.350218,28.291792],[85.350198,28.29174],[85.350191,28.291724],[85.350168,28.291669],[85.350161,28.291653],[85.350139,28.291607],[85.350133,28.291596],[85.350107,28.291545],[85.350095,28.291522],[85.350069,28.291474],[85.350061,28.29146],[85.350039,28.291423],[85.350022,28.291394],[85.350004,28.291365],[85.349952,28.291284],[85.34988,28.291168],[85.349868,28.291148],[85.349841,28.291106],[85.349821,28.291076],[85.349803,28.291049],[85.349776,28.291011],[85.349756,28.290981],[85.349729,28.290946],[85.349719,28.290931],[85.349684,28.290886],[85.349663,28.29086],[85.349609,28.290795],[85.349588,28.290772],[85.34954,28.290719],[85.349538,28.290717],[85.349538,28.290699],[85.349538,28.290658],[85.349538,28.290623],[85.349537,28.290595],[85.349536,28.29056],[85.349536,28.290542],[85.34953,28.290406],[85.349529,28.290368],[85.349563,28.290356],[85.34958,28.290349],[85.34966,28.290315],[85.349738,28.290279],[85.349754,28.290271],[85.349879,28.290204],[85.349895,28.290195],[85.349988,28.290138],[85.350003,28.290128],[85.350076,28.290078],[85.35009,28.290068],[85.350151,28.290022],[85.350165,28.290012],[85.350222,28.289965],[85.350236,28.289954],[85.350296,28.289902],[85.350308,28.28989],[85.350377,28.289825],[85.350389,28.289813],[85.350472,28.289723],[85.350483,28.289711],[85.350535,28.289649],[85.350584,28.289584],[85.35059,28.289577],[85.350669,28.289567],[85.35068,28.289565],[85.350765,28.289551],[85.350779,28.289549],[85.350858,28.289533],[85.350871,28.28953],[85.350946,28.289512],[85.350962,28.289508],[85.351027,28.28949],[85.351044,28.289485],[85.351112,28.289464],[85.351145,28.289454],[85.351196,28.289436],[85.351212,28.289431],[85.351253,28.289416],[85.351285,28.289404],[85.351334,28.289385],[85.351366,28.289372],[85.351403,28.289357],[85.351419,28.28935],[85.351461,28.289332],[85.351497,28.289315],[85.351549,28.289291],[85.351602,28.289266],[85.351644,28.289245],[85.351675,28.289229],[85.351705,28.289214],[85.351735,28.289198],[85.351775,28.289176],[85.351819,28.289152],[85.351869,28.289123],[85.351911,28.289098],[85.351963,28.289066],[85.352005,28.28904],[85.352051,28.289009],[85.352078,28.288991],[85.352107,28.288971],[85.35212,28.288962],[85.352151,28.28894],[85.352175,28.288923],[85.352212,28.288895],[85.352226,28.288885],[85.352228,28.288884],[85.352245,28.288879],[85.352329,28.288852],[85.352344,28.288847],[85.352413,28.288822],[85.352447,28.28882],[85.352463,28.28882],[85.352569,28.288816],[85.352653,28.288817],[85.352674,28.288818],[85.35268,28.288819],[85.352698,28.288823],[85.352754,28.288834],[85.352772,28.288837],[85.35283,28.288847],[85.352848,28.288849],[85.352908,28.288858],[85.352927,28.28886],[85.352986,28.288867],[85.353006,28.288869],[85.353074,28.288875],[85.353102,28.288877],[85.353178,28.288881],[85.353209,28.288882],[85.353263,28.288884],[85.35328,28.288884],[85.353323,28.288884],[85.353357,28.288884],[85.3534,28.288883],[85.353406,28.288885],[85.353456,28.288901],[85.353514,28.288919],[85.35355,28.28893],[85.353591,28.288941],[85.353608,28.288946],[85.353656,28.288959],[85.35369,28.288967],[85.353753,28.288982],[85.353785,28.288989],[85.353829,28.288998],[85.353845,28.289001],[85.353877,28.289007],[85.353894,28.289011],[85.353934,28.289017],[85.353969,28.289023],[85.354022,28.289031],[85.354075,28.289039],[85.354129,28.289046],[85.354164,28.28905],[85.3542,28.289054],[85.354236,28.289057],[85.354269,28.289061],[85.354305,28.289064],[85.354344,28.289067],[85.354381,28.289069],[85.354413,28.289071],[85.35445,28.289073],[85.354482,28.289075],[85.354519,28.289076],[85.354556,28.289077],[85.354593,28.289078],[85.354625,28.289079],[85.354662,28.289079],[85.354693,28.289079],[85.35473,28.289079],[85.354767,28.289079],[85.354805,28.289078],[85.354836,28.289077],[85.354873,28.289076],[85.354904,28.289075],[85.354941,28.289073],[85.354977,28.289071],[85.355015,28.289069],[85.355045,28.289067],[85.355083,28.289064],[85.355113,28.289062],[85.355151,28.289059],[85.355187,28.289055],[85.355225,28.289051],[85.355263,28.289047],[85.35532,28.28904],[85.355373,28.289033],[85.355429,28.289025],[85.355487,28.289016],[85.355544,28.289006],[85.355608,28.288994],[85.355646,28.288987],[85.35571,28.288973],[85.355744,28.288965],[85.355797,28.288952],[85.355826,28.288945],[85.35586,28.288936],[85.355879,28.288931],[85.355886,28.288929],[85.355924,28.288927],[85.355963,28.288924],[85.356033,28.288918],[85.356069,28.288914],[85.35613,28.288907],[85.356166,28.288902],[85.356211,28.288896],[85.356229,28.288893],[85.35627,28.288887],[85.356306,28.28888],[85.356345,28.288874],[85.356363,28.28887],[85.356389,28.288865],[85.356408,28.288861],[85.356444,28.288854],[85.356481,28.288846],[85.356515,28.288838],[85.356534,28.288834],[85.356569,28.288825],[85.356607,28.288816],[85.356649,28.288805],[85.356686,28.288795],[85.356719,28.288786],[85.356738,28.28878],[85.356768,28.288771],[85.356806,28.28876],[85.356843,28.288748],[85.356878,28.288737],[85.356911,28.288726],[85.356942,28.288716],[85.35697,28.288706],[85.357001,28.288695],[85.35703,28.288685],[85.357062,28.288673],[85.357093,28.288661],[85.35714,28.288643],[85.357174,28.28863],[85.357223,28.28861],[85.357245,28.288601],[85.357295,28.28858],[85.357312,28.288573],[85.357363,28.288551],[85.357378,28.288545],[85.357458,28.288532],[85.357483,28.288529],[85.357559,28.288516],[85.357593,28.28851],[85.357631,28.288503],[85.357671,28.288496],[85.357709,28.288488],[85.357739,28.288482],[85.357797,28.28847],[85.35781,28.288467],[85.357915,28.288445],[85.357935,28.28844],[85.357971,28.288435],[85.358233,28.288399],[85.358251,28.288397],[85.358309,28.288388],[85.358339,28.288384],[85.358377,28.288378],[85.358423,28.28837],[85.358482,28.288359],[85.35851,28.288354],[85.35857,28.288343],[85.358581,28.288341],[85.359033,28.288251],[85.359044,28.288249],[85.359141,28.28823],[85.359155,28.288227],[85.359327,28.288191],[85.359338,28.288188],[85.359414,28.288172],[85.359446,28.288165],[85.359503,28.288152],[85.359558,28.288139],[85.359596,28.288129],[85.359651,28.288114],[85.359708,28.288098],[85.359737,28.288089],[85.359793,28.288073],[85.359802,28.28807],[85.359977,28.288017],[85.359995,28.288012],[85.359999,28.288011],[85.360048,28.288],[85.360141,28.28798],[85.360441,28.287985],[85.360452,28.287985],[85.360512,28.287986],[85.360538,28.287986],[85.360578,28.287986],[85.360625,28.287986],[85.360664,28.287985],[85.360723,28.287983],[85.360743,28.287982],[85.360796,28.287979],[85.360816,28.287978],[85.360875,28.287973],[85.360915,28.287969],[85.360961,28.287965],[85.361001,28.28796],[85.361033,28.287956],[85.361613,28.287882],[85.361627,28.28788],[85.361687,28.287872],[85.361719,28.287868],[85.361759,28.287862],[85.361797,28.287856],[85.361817,28.287853],[85.361855,28.287846],[85.361875,28.287842],[85.361919,28.287834],[85.361938,28.28783],[85.361987,28.287819],[85.362024,28.287811],[85.362072,28.287799],[85.362199,28.287768],[85.362219,28.287763],[85.362274,28.287751],[85.362402,28.287724],[85.362475,28.287729],[85.36248,28.287729],[85.362796,28.287747],[85.362861,28.287751],[85.362896,28.287754],[85.362935,28.287757],[85.363023,28.287765],[85.363198,28.287781],[85.36321,28.287782],[85.363269,28.287787],[85.363303,28.28779],[85.363342,28.287793],[85.363384,28.287796],[85.363404,28.287797],[85.363448,28.287799],[85.363468,28.287799],[85.363529,28.287801],[85.363549,28.287801],[85.363549,28.287801],[85.363558,28.287805],[85.363609,28.287829],[85.363643,28.287844],[85.363691,28.287865],[85.363725,28.287879],[85.363764,28.287895],[85.363781,28.287902],[85.363825,28.287919],[85.363858,28.287931],[85.363911,28.28795],[85.363945,28.287962],[85.364003,28.287981],[85.364037,28.287992],[85.364097,28.28801],[85.36413,28.288019],[85.364189,28.288035],[85.364223,28.288044],[85.364274,28.288056],[85.36429,28.28806],[85.364337,28.28807],[85.364369,28.288077],[85.364432,28.288089],[85.364464,28.288094],[85.364519,28.288103],[85.364537,28.288106],[85.364592,28.288114],[85.364628,28.288119],[85.364702,28.288127],[85.364739,28.28813],[85.364812,28.288136],[85.36485,28.288139],[85.364903,28.288141],[85.364922,28.288142],[85.364978,28.288144],[85.365017,28.288144],[85.365089,28.288144],[85.365127,28.288144],[85.365207,28.288141],[85.365246,28.288139],[85.365306,28.288135],[85.365326,28.288134],[85.36539,28.288128],[85.365424,28.288125],[85.365506,28.288114],[85.365535,28.28811],[85.365596,28.288101],[85.365611,28.288108],[85.36565,28.288127],[85.365667,28.288134],[85.36572,28.288158],[85.365754,28.288173],[85.365809,28.288195],[85.365827,28.288203],[85.365876,28.288222],[85.365914,28.288235],[85.365959,28.288252],[85.365978,28.288258],[85.36602,28.288272],[85.366054,28.288283],[85.3661,28.288297],[85.366133,28.288307],[85.366168,28.288318],[85.366185,28.288322],[85.366226,28.288333],[85.366264,28.288343],[85.366306,28.288354],[85.366325,28.288358],[85.366363,28.288367],[85.366397,28.288375],[85.366443,28.288384],[85.366476,28.288391],[85.366514,28.288398],[85.366533,28.288402],[85.366572,28.288408],[85.36661,28.288415],[85.366665,28.288423],[85.366704,28.288428],[85.36676,28.288436],[85.3668,28.28844],[85.36684,28.288444],[85.36686,28.288446],[85.366898,28.28845],[85.366932,28.288452],[85.366973,28.288455],[85.367006,28.288457],[85.367049,28.288459],[85.367083,28.288461],[85.367124,28.288462],[85.367159,28.288463],[85.367195,28.288464],[85.36723,28.288464],[85.367269,28.288464],[85.367306,28.288464],[85.367339,28.288463],[85.367376,28.288462],[85.367409,28.288461],[85.367447,28.28846],[85.36748,28.288459],[85.367519,28.288457],[85.367547,28.288455],[85.367586,28.288452],[85.367624,28.28845],[85.367695,28.288444],[85.367733,28.288441],[85.367804,28.288434],[85.367804,28.288434],[85.368298,28.288498],[85.368309,28.2885],[85.368389,28.28851],[85.36843,28.288515],[85.36847,28.288519],[85.368516,28.288524],[85.368536,28.288525],[85.368583,28.288529],[85.368603,28.28853],[85.368669,28.288534],[85.368689,28.288534],[85.36877,28.288536],[85.36879,28.288536],[85.368856,28.288535],[85.368875,28.288535],[85.368941,28.288532],[85.36898,28.28853],[85.369036,28.288526],[85.369096,28.288522],[85.369121,28.28852],[85.369517,28.288484],[85.369692,28.288469],[85.369869,28.288453],[85.36988,28.288453],[85.36994,28.288447],[85.369974,28.288444],[85.370014,28.28844],[85.370056,28.288435],[85.370076,28.288432],[85.370121,28.288426],[85.37014,28.288424],[85.370203,28.288414],[85.370223,28.28841],[85.370308,28.288394],[85.370328,28.28839],[85.370431,28.288365],[85.37045,28.28836],[85.370533,28.288337],[85.370552,28.288331],[85.370612,28.288312],[85.37063,28.288306],[85.370673,28.288291],[85.370691,28.288284],[85.370738,28.288267],[85.370793,28.288246],[85.370825,28.288233],[85.371059,28.288139],[85.371365,28.288016],[85.371379,28.28801],[85.371434,28.287988],[85.371466,28.287975],[85.37152,28.287952],[85.371559,28.287935],[85.371613,28.28791],[85.371629,28.287903],[85.371683,28.287878],[85.371688,28.287876],[85.373053,28.287242],[85.373086,28.287227],[85.373153,28.287204],[85.373239,28.287174],[85.373249,28.287171],[85.373251,28.28717],[85.37328,28.287161],[85.373284,28.28716],[85.37331,28.287153],[85.373361,28.28714],[85.373523,28.287101],[85.373532,28.287098],[85.373589,28.287084],[85.373615,28.287077],[85.373668,28.287063],[85.373702,28.287054],[85.373753,28.28704],[85.37379,28.287029],[85.373828,28.287018],[85.373862,28.287007],[85.3739,28.286995],[85.373948,28.286979],[85.374,28.286962],[85.374048,28.286945],[85.374081,28.286932],[85.374116,28.286919],[85.374132,28.286913],[85.374164,28.286901],[85.374195,28.286888],[85.374239,28.286869],[85.37427,28.286856],[85.374311,28.286838],[85.374329,28.28683],[85.374374,28.286809],[85.374409,28.286791],[85.374456,28.286768],[85.374473,28.286759],[85.374524,28.286732],[85.374557,28.286714],[85.374622,28.286677],[85.374654,28.286657],[85.374708,28.286624],[85.374725,28.286613],[85.37476,28.28659],[85.374776,28.286579],[85.37481,28.286556],[85.374826,28.286545],[85.374858,28.286522],[85.374871,28.286513],[85.374908,28.286485],[85.374933,28.286465],[85.374978,28.28643],[85.375006,28.286408],[85.375016,28.286399],[85.375039,28.286392],[85.375069,28.286381],[85.375123,28.286362],[85.375153,28.28635],[85.375221,28.286324],[85.375254,28.28631],[85.375313,28.286285],[85.375331,28.286277],[85.37539,28.28625],[85.375422,28.286234],[85.375492,28.286199],[85.37552,28.286184],[85.37558,28.286151],[85.37561,28.286134],[85.375664,28.286102],[85.375694,28.286083],[85.375729,28.286062],[85.375744,28.286052],[85.375772,28.286033],[85.375799,28.286016],[85.375831,28.285994],[85.37587,28.285967],[85.375898,28.285947],[85.375938,28.285919],[85.375962,28.285911],[85.376,28.2859],[85.376046,28.285885],[85.376094,28.285869],[85.376144,28.285852],[85.376176,28.285841],[85.376215,28.285827],[85.37623,28.285821],[85.376281,28.285801],[85.376312,28.285789],[85.376366,28.285766],[85.376381,28.285759],[85.376438,28.285733],[85.376467,28.28572],[85.376524,28.285691],[85.376538,28.285684],[85.376599,28.285652],[85.376625,28.285638],[85.376685,28.285603],[85.376698,28.285595],[85.37676,28.285557],[85.376784,28.285542],[85.376844,28.285501],[85.376856,28.285493],[85.376904,28.285459],[85.376919,28.285447],[85.376968,28.28541],[85.376983,28.285398],[85.377029,28.28536],[85.377044,28.285348],[85.377086,28.285312],[85.377098,28.285301],[85.377145,28.285257],[85.377169,28.285235],[85.37722,28.285184],[85.377243,28.285161],[85.377257,28.285145],[85.377264,28.285142],[85.377327,28.285107],[85.377339,28.2851],[85.377394,28.285067],[85.377409,28.285058],[85.377473,28.285016],[85.377488,28.285006],[85.377554,28.28496],[85.377568,28.284949],[85.377632,28.284901],[85.377646,28.28489],[85.377707,28.284839],[85.377721,28.284826],[85.377778,28.284776],[85.377792,28.284763],[85.377853,28.284703],[85.377872,28.284683],[85.377934,28.284617],[85.377952,28.284596],[85.378005,28.284534],[85.378023,28.284511],[85.378068,28.284454],[85.378088,28.284428],[85.378119,28.284385],[85.378138,28.284358],[85.378161,28.284324],[85.378179,28.284296],[85.3782,28.284265],[85.378213,28.284245],[85.378238,28.284223],[85.378269,28.284197],[85.378307,28.284163],[85.37834,28.284133],[85.378365,28.28411],[85.3784,28.284077],[85.378422,28.284055],[85.378463,28.284014],[85.378483,28.283993],[85.378525,28.283948],[85.378543,28.283928],[85.378584,28.283881],[85.378601,28.283861],[85.378642,28.283811],[85.378658,28.283791],[85.378691,28.283746],[85.378702,28.283731],[85.378729,28.283695],[85.378739,28.28368],[85.378772,28.283631],[85.37879,28.283603],[85.378823,28.283551],[85.37884,28.283522],[85.378863,28.283484],[85.378872,28.283468],[85.37889,28.283434],[85.378907,28.283402],[85.378923,28.283372],[85.378932,28.283356],[85.378945,28.283329],[85.378959,28.2833],[85.378964,28.28329],[85.378972,28.283295],[85.378999,28.283311],[85.379018,28.283323],[85.379049,28.283343],[85.379066,28.283354],[85.379072,28.283358],[85.379076,28.283361],[85.37908,28.283364],[85.379086,28.28337],[85.379185,28.283478],[85.3792,28.283493],[85.379238,28.283534],[85.379265,28.283561],[85.379289,28.283585],[85.37931,28.283607],[85.379334,28.28363],[85.379365,28.28366],[85.379401,28.283694],[85.379443,28.283732],[85.379478,28.283764],[85.379512,28.283793],[85.379537,28.283814],[85.379562,28.283835],[85.379588,28.283856],[85.379613,28.283876],[85.379641,28.283899],[85.37966,28.283913],[85.379689,28.283935],[85.379706,28.283949],[85.379749,28.283981],[85.379771,28.283997],[85.379801,28.284019],[85.379824,28.284036],[85.379886,28.28408],[85.379906,28.284094],[85.379968,28.284137],[85.379981,28.284146],[85.380324,28.28438],[85.380333,28.284386],[85.380423,28.284447],[85.380451,28.284465],[85.380528,28.284515],[85.380545,28.284526],[85.380654,28.284595],[85.380675,28.284609],[85.380741,28.28465],[85.380751,28.284656],[85.380834,28.284707],[85.380844,28.284713],[85.380943,28.284773],[85.380949,28.284776],[85.381308,28.284991],[85.381362,28.285024],[85.381413,28.285056],[85.381487,28.285103],[85.381541,28.285137],[85.381602,28.285178],[85.381619,28.285189],[85.381649,28.28521],[85.381678,28.28523],[85.381705,28.285249],[85.381734,28.28527],[85.381762,28.285291],[85.381773,28.2853],[85.3818,28.285321],[85.381807,28.285327],[85.381824,28.285341],[85.38183,28.285346],[85.381836,28.285352],[85.381855,28.285368],[85.381863,28.285376],[85.381906,28.285416],[85.382062,28.285564],[85.382077,28.285578],[85.382116,28.285615],[85.382131,28.285628],[85.382171,28.285664],[85.382192,28.285684],[85.382233,28.28572],[85.382258,28.285741],[85.382285,28.285765],[85.382303,28.28578],[85.382331,28.285803],[85.382354,28.285822],[85.382382,28.285845],[85.382421,28.285876],[85.382466,28.28591],[85.382502,28.285937],[85.382533,28.28596],[85.382575,28.285989],[85.382615,28.286017],[85.382664,28.28605],[85.382702,28.286075],[85.38274,28.286099],[85.382767,28.286116],[85.382795,28.286133],[85.382825,28.286151],[85.382848,28.286165],[85.38288,28.286183],[85.382895,28.286192],[85.383019,28.286263],[85.383051,28.286282],[85.383062,28.286288],[85.38307,28.286293],[85.383104,28.286314],[85.383113,28.286321],[85.383147,28.286343],[85.383182,28.286367],[85.383212,28.286387],[85.383235,28.286403],[85.383237,28.286405],[85.3833,28.286493],[85.383309,28.286504],[85.383342,28.286549],[85.383367,28.286583],[85.383401,28.286628],[85.383431,28.286665],[85.383454,28.286694],[85.383482,28.286727],[85.383503,28.286753],[85.383528,28.286781],[85.38355,28.286806],[85.383573,28.286832],[85.383594,28.286855],[85.383617,28.286879],[85.38365,28.286913],[85.383671,28.286935],[85.383693,28.286958],[85.383712,28.286977],[85.383746,28.28701],[85.383767,28.28703],[85.383793,28.287055],[85.383808,28.28707],[85.383847,28.287106],[85.383867,28.287124],[85.38392,28.287173],[85.38395,28.287199],[85.383992,28.287236],[85.384013,28.287254],[85.384069,28.287302],[85.384089,28.287318],[85.384117,28.287342],[85.384137,28.287358],[85.384167,28.287382],[85.384187,28.287398],[85.384247,28.287445],[85.384267,28.287461],[85.384313,28.287496],[85.384342,28.287517],[85.3844,28.28756],[85.384422,28.287576],[85.384496,28.287629],[85.384526,28.28765],[85.384588,28.287692],[85.384612,28.287708],[85.38469,28.28776],[85.384712,28.287775],[85.384759,28.287805],[85.384782,28.28782],[85.384843,28.287858],[85.384862,28.28787],[85.384885,28.287885],[85.384907,28.287911],[85.384929,28.287938],[85.384957,28.287971],[85.384981,28.287998],[85.385009,28.28803],[85.385045,28.28807],[85.38508,28.288107],[85.385116,28.288144],[85.385139,28.288169],[85.385176,28.288206],[85.385202,28.288231],[85.385242,28.288269],[85.385275,28.288301],[85.385313,28.288336],[85.385355,28.288373],[85.385389,28.288403],[85.385437,28.288444],[85.385465,28.288466],[85.385518,28.288509],[85.385546,28.28853],[85.38561,28.288576],[85.385637,28.288595],[85.385694,28.288634],[85.385709,28.288644],[85.385751,28.28867],[85.385767,28.28868],[85.385809,28.288705],[85.385825,28.288715],[85.385867,28.288738],[85.38588,28.288746],[85.38593,28.288773],[85.385958,28.288787],[85.386017,28.288817],[85.386045,28.28883],[85.386102,28.288857],[85.386144,28.288875],[85.386193,28.288896],[85.386281,28.288933],[85.386288,28.288936],[85.386292,28.288937],[85.386299,28.288941],[85.386377,28.288982],[85.386414,28.289002],[85.386454,28.289025],[85.386488,28.289044],[85.386494,28.289048],[85.386516,28.289062],[85.38652,28.289064],[85.386536,28.289075],[85.386537,28.289076],[85.386546,28.289084],[85.386634,28.289168],[85.386663,28.289194],[85.386691,28.289219],[85.386719,28.289245],[85.386748,28.28927],[85.386782,28.289299],[85.386812,28.289323],[85.386844,28.289349],[85.386856,28.289359],[85.386885,28.289382],[85.386911,28.289401],[85.38694,28.289423],[85.386952,28.289433],[85.386984,28.289455],[85.387011,28.289474],[85.387049,28.289501],[85.387076,28.289519],[85.387106,28.289539],[85.387121,28.289549],[85.387158,28.289572],[85.387203,28.2896],[85.387257,28.289633],[85.387306,28.289661],[85.387356,28.289689],[85.387405,28.289715],[85.38744,28.289734],[85.387489,28.289759],[85.387513,28.289771],[85.387563,28.289796],[85.387587,28.289808],[85.387621,28.289825],[85.38764,28.289834],[85.387822,28.28992],[85.387855,28.289936],[85.387893,28.289955],[85.387908,28.289962],[85.387911,28.289964],[85.387914,28.289966],[85.387916,28.289967],[85.387923,28.289972],[85.387972,28.290005],[85.388011,28.290033],[85.38807,28.290076],[85.388164,28.290145],[85.388229,28.290193],[85.388309,28.290254],[85.388367,28.290299],[85.388439,28.290355],[85.388497,28.290402],[85.388569,28.29046],[85.388628,28.290508],[85.3887,28.290569],[85.388759,28.290619],[85.388831,28.290681],[85.388903,28.290744],[85.388975,28.290807],[85.38906,28.290885],[85.389118,28.290937],[85.3892,28.291014],[85.389213,28.291026],[85.389224,28.291038],[85.389259,28.291072],[85.389279,28.291093],[85.389306,28.291121],[85.389431,28.291254],[85.389447,28.291271],[85.389505,28.291332],[85.389525,28.291352],[85.389559,28.291387],[85.38958,28.291407],[85.389604,28.291431],[85.38962,28.291447],[85.389644,28.29147],[85.389662,28.291487],[85.389687,28.29151],[85.389713,28.291534],[85.389738,28.291557],[85.389767,28.291582],[85.389794,28.291606],[85.389823,28.29163],[85.38985,28.291652],[85.389885,28.291681],[85.389911,28.291702],[85.389947,28.291729],[85.389972,28.291749],[85.390002,28.29177],[85.390028,28.29179],[85.390042,28.291807],[85.390059,28.291828],[85.39009,28.291864],[85.390104,28.291881],[85.390138,28.29192],[85.39015,28.291935],[85.390354,28.292167],[85.390363,28.292178],[85.390448,28.292274],[85.39046,28.292286],[85.390497,28.292327],[85.390509,28.292341],[85.390544,28.292379],[85.390554,28.292389],[85.39059,28.292427],[85.390601,28.29244],[85.390638,28.292478],[85.390656,28.292497],[85.390693,28.292535],[85.390709,28.292551],[85.390746,28.292588],[85.390763,28.292604],[85.390788,28.292628],[85.390806,28.292646],[85.390832,28.29267],[85.390854,28.292691],[85.390907,28.292739],[85.390932,28.292761],[85.390959,28.292785],[85.390984,28.292807],[85.391013,28.292832],[85.391039,28.292854],[85.391083,28.29289],[85.391111,28.292912],[85.391141,28.292936],[85.39117,28.292959],[85.391195,28.292978],[85.391222,28.292999],[85.391248,28.293018],[85.391277,28.293039],[85.391303,28.293057],[85.391331,28.293077],[85.391357,28.293094],[85.391388,28.293115],[85.391413,28.293132],[85.391426,28.29314],[85.391465,28.293182],[85.391477,28.293194],[85.391525,28.293242],[85.391535,28.293253],[85.391589,28.293302],[85.3916,28.293312],[85.391664,28.293367],[85.391671,28.293373],[85.391693,28.2934],[85.391703,28.293412],[85.39174,28.293453],[85.39175,28.293465],[85.391785,28.293502],[85.391795,28.293513],[85.39183,28.293549],[85.391841,28.293559],[85.39188,28.293597],[85.391893,28.293609],[85.391931,28.293644],[85.391945,28.293656],[85.391995,28.293699],[85.392021,28.293721],[85.392064,28.293756],[85.392077,28.293765],[85.39211,28.293791],[85.392135,28.29381],[85.392168,28.293834],[85.392184,28.293845],[85.392208,28.293863],[85.392239,28.293884],[85.392258,28.293897],[85.3923,28.293926],[85.392303,28.293929],[85.392336,28.293967],[85.392435,28.29408],[85.392486,28.29414],[85.39261,28.294286],[85.392638,28.29432],[85.392665,28.294353],[85.392752,28.294459],[85.392799,28.294519],[85.392846,28.294578],[85.392915,28.294669],[85.392946,28.294711],[85.393011,28.294798],[85.393066,28.294874],[85.39311,28.294937],[85.393129,28.294964],[85.39314,28.294981],[85.393147,28.294991],[85.393152,28.295],[85.393153,28.295002],[85.393157,28.295008],[85.393163,28.295019],[85.393171,28.295034],[85.393182,28.295058],[85.393186,28.295066],[85.393197,28.29509],[85.39321,28.29512],[85.393222,28.295149],[85.393234,28.295178],[85.393254,28.295226],[85.393265,28.295256],[85.393268,28.295264],[85.39327,28.295268],[85.39327,28.29527],[85.393275,28.295286],[85.393288,28.295328],[85.393333,28.295487],[85.393339,28.295507],[85.393349,28.29554],[85.393357,28.295567],[85.393368,28.295601],[85.393379,28.295636],[85.393391,28.29567],[85.393401,28.295699],[85.393407,28.295716],[85.393419,28.295747],[85.39343,28.295777],[85.393445,28.295814],[85.393457,28.295844],[85.393477,28.29589],[85.393496,28.295932],[85.393518,28.29598],[85.393539,28.296022],[85.393558,28.29606],[85.393572,28.296088],[85.393587,28.296116],[85.393602,28.296144],[85.393619,28.296174],[85.393634,28.296202],[85.39365,28.296229],[85.393666,28.296256],[85.393683,28.296285],[85.3937,28.296312],[85.393718,28.29634],[85.393718,28.296341],[85.393721,28.296357],[85.393731,28.296416],[85.393737,28.296445],[85.393749,28.296504],[85.393759,28.296544],[85.393771,28.296593],[85.393778,28.296623],[85.393787,28.296653],[85.393795,28.296682],[85.393802,28.296707],[85.393813,28.296741],[85.393818,28.296758],[85.393834,28.296809],[85.393838,28.29682],[85.393884,28.296964],[85.393891,28.296986],[85.393902,28.297018],[85.393913,28.29705],[85.393928,28.297092],[85.393944,28.297133],[85.393956,28.297163],[85.393969,28.297195],[85.393975,28.297212],[85.393993,28.297252],[85.394007,28.297284],[85.394028,28.297328],[85.394035,28.297344],[85.394051,28.297377],[85.394059,28.297392],[85.394088,28.297446],[85.394103,28.297474],[85.394135,28.297529],[85.394144,28.297543],[85.394169,28.297583],[85.394177,28.297596],[85.394203,28.297636],[85.394211,28.297648],[85.39424,28.29769],[85.394249,28.297702],[85.394282,28.297746],[85.39429,28.297757],[85.394324,28.297799],[85.394333,28.29781],[85.39437,28.297854],[85.394379,28.297864],[85.394422,28.297913],[85.394433,28.297924],[85.394482,28.297974],[85.394493,28.297986],[85.394545,28.298036],[85.394558,28.298047],[85.394612,28.298095],[85.394624,28.298106],[85.39468,28.298152],[85.394694,28.298163],[85.39475,28.298206],[85.394764,28.298216],[85.39482,28.298256],[85.394836,28.298267],[85.394889,28.298302],[85.394905,28.298312],[85.394953,28.298342],[85.394968,28.298352],[85.395022,28.298383],[85.395054,28.298401],[85.395097,28.298424],[85.395113,28.298433],[85.395146,28.29845],[85.395179,28.298468],[85.395192,28.298474],[85.395211,28.298504],[85.395238,28.298549],[85.395337,28.298714],[85.395345,28.298727],[85.395374,28.298774],[85.395383,28.298789],[85.395412,28.298835],[85.395424,28.298854],[85.395444,28.298885],[85.395458,28.298907],[85.395489,28.298953],[85.395505,28.298977],[85.395526,28.299007],[85.395547,28.299037],[85.395575,28.299077],[85.395598,28.299108],[85.395627,28.299147],[85.395653,28.299181],[85.395684,28.29922],[85.395706,28.299247],[85.395738,28.299286],[85.39576,28.299312],[85.395796,28.299355],[85.395814,28.299376],[85.395851,28.299418],[85.395867,28.299436],[85.395892,28.299464],[85.395904,28.299477],[85.396101,28.299692],[85.396129,28.299723],[85.396153,28.29975],[85.396172,28.299772],[85.39619,28.299793],[85.396208,28.299814],[85.396211,28.299819],[85.396219,28.299829],[85.396221,28.299831],[85.396224,28.299836],[85.396281,28.299937],[85.396288,28.29995],[85.396315,28.299995],[85.396328,28.300016],[85.396343,28.300043],[85.396357,28.300065],[85.396374,28.300092],[85.396398,28.30013],[85.396424,28.300168],[85.396452,28.30021],[85.39647,28.300236],[85.396501,28.300279],[85.396522,28.300306],[85.396554,28.300349],[85.396576,28.300376],[85.396603,28.30041],[85.396615,28.300424],[85.396633,28.300444],[85.396644,28.300458],[85.396668,28.300486],[85.396693,28.300513],[85.396718,28.30054],[85.396731,28.300554],[85.396753,28.300578],[85.396779,28.300605],[85.396813,28.30064],[85.396849,28.300675],[85.396879,28.300704],[85.396902,28.300725],[85.396925,28.300747],[85.396948,28.300768],[85.396971,28.300789],[85.396995,28.30081],[85.397016,28.300829],[85.397041,28.30085],[85.397069,28.300874],[85.397108,28.300906],[85.397139,28.300931],[85.397179,28.300963],[85.397206,28.300984],[85.397234,28.301005],[85.397254,28.30102],[85.397282,28.301041],[85.397306,28.301059],[85.397335,28.30108],[85.397359,28.301097],[85.397388,28.301118],[85.397419,28.301139],[85.39745,28.301159],[85.39748,28.30118],[85.397496,28.30119],[85.397537,28.301216],[85.397569,28.301235],[85.397625,28.301269],[85.397642,28.301278],[85.397649,28.301282],[85.397672,28.301306],[85.397684,28.301318],[85.39775,28.30138],[85.397762,28.301391],[85.397788,28.301413],[85.397809,28.30146],[85.397815,28.301472],[85.397844,28.301531],[85.39785,28.301543],[85.397891,28.301618],[85.3979,28.301633],[85.397954,28.30172],[85.397963,28.301735],[85.398016,28.301811],[85.398023,28.30182],[85.398069,28.301879],[85.398076,28.301888],[85.398124,28.301946],[85.398133,28.301956],[85.398164,28.30199],[85.398174,28.302008],[85.39819,28.302036],[85.398209,28.30207],[85.398219,28.302086],[85.398238,28.302118],[85.398267,28.302164],[85.398288,28.302196],[85.398308,28.302227],[85.39833,28.30226],[85.398358,28.302301],[85.398379,28.302331],[85.398399,28.302358],[85.398422,28.30239],[85.398443,28.302418],[85.398471,28.302454],[85.398493,28.302482],[85.398526,28.302522],[85.398549,28.30255],[85.398591,28.302598],[85.398612,28.302621],[85.398654,28.302667],[85.398677,28.30269],[85.398715,28.302728],[85.398726,28.30274],[85.398761,28.302773],[85.398775,28.302786],[85.398816,28.302823],[85.39883,28.302836],[85.398875,28.302874],[85.398889,28.302886],[85.398936,28.302924],[85.398951,28.302935],[85.399002,28.302974],[85.399017,28.302984],[85.399071,28.303022],[85.399085,28.303032],[85.399143,28.30307],[85.399158,28.303079],[85.399218,28.303115],[85.399232,28.303124],[85.399295,28.303159],[85.399309,28.303166],[85.399323,28.303179],[85.399337,28.303192],[85.399368,28.303218],[85.399396,28.303242],[85.399428,28.303267],[85.399443,28.303279],[85.399471,28.303301],[85.399501,28.303325],[85.399543,28.303356],[85.399584,28.303386],[85.399619,28.303411],[85.399645,28.30343],[85.399672,28.303448],[85.399699,28.303466],[85.399724,28.303483],[85.399752,28.303501],[85.399775,28.303516],[85.399803,28.303534],[85.399833,28.303553],[85.399879,28.30358],[85.39991,28.3036],[85.399957,28.303627],[85.399984,28.303642],[85.400017,28.303661],[85.400035,28.303671],[85.400068,28.30369],[85.400097,28.303705],[85.400159,28.303738],[85.400194,28.303757],[85.400241,28.303781],[85.400279,28.3038],[85.400327,28.303823],[85.400369,28.303843],[85.400419,28.303866],[85.400467,28.303887],[85.400519,28.30391],[85.400565,28.303929],[85.400617,28.30395],[85.400659,28.303966],[85.400695,28.30398],[85.400722,28.30399],[85.400759,28.304003],[85.400796,28.304016],[85.400847,28.304034],[85.400889,28.304048],[85.400957,28.30407],[85.400991,28.304081],[85.401026,28.304091],[85.40105,28.304098],[85.401085,28.304109],[85.401113,28.304117],[85.401184,28.304136],[85.401225,28.304147],[85.401303,28.304167],[85.40133,28.304174],[85.401389,28.304189],[85.401411,28.304194],[85.401449,28.304203],[85.401464,28.304206],[85.401521,28.304219],[85.401535,28.304222],[85.401592,28.304235],[85.401616,28.30424],[85.401727,28.304263],[85.401749,28.304267],[85.401804,28.304278],[85.401829,28.304283],[85.401867,28.30429],[85.401904,28.304297],[85.40196,28.304306],[85.402003,28.304313],[85.402053,28.30432],[85.402088,28.304325],[85.402148,28.304333],[85.402166,28.304335],[85.402318,28.304354],[85.402334,28.304357],[85.402354,28.304361],[85.402366,28.304364],[85.402398,28.304373],[85.402415,28.304378],[85.402451,28.304389],[85.402471,28.304396],[85.402508,28.304409],[85.402548,28.304423],[85.402577,28.304434],[85.402594,28.304441],[85.402613,28.304449],[85.40265,28.304464],[85.402666,28.304471],[85.402698,28.304485],[85.402731,28.304499],[85.402748,28.304507],[85.402782,28.304523],[85.402816,28.304539],[85.402832,28.304547],[85.402866,28.304563],[85.402882,28.304572],[85.40291,28.304586],[85.402937,28.3046],[85.402962,28.304614],[85.403015,28.304644],[85.403043,28.304661],[85.403075,28.304679],[85.403105,28.304697],[85.403135,28.304716],[85.403165,28.304735],[85.403195,28.304754],[85.403225,28.304773],[85.403254,28.304793],[85.403283,28.304812],[85.403311,28.304832],[85.40334,28.304852],[85.403367,28.304872],[85.403395,28.304892],[85.403422,28.304912],[85.403449,28.304932],[85.403475,28.304952],[85.403501,28.304972],[85.403524,28.304991],[85.403571,28.305029],[85.403593,28.305048],[85.403617,28.305068],[85.403641,28.305089],[85.403665,28.30511],[85.403693,28.305136],[85.403709,28.305151],[85.403725,28.305166],[85.403753,28.305193],[85.403766,28.305206],[85.40379,28.30523],[85.403825,28.305265],[85.403847,28.305289],[85.403859,28.305302],[85.403884,28.305329],[85.403897,28.305343],[85.403909,28.305358],[85.403932,28.305384],[85.403955,28.305412],[85.403976,28.305436],[85.403996,28.305496],[85.404005,28.305522],[85.404035,28.305596],[85.40404,28.305609],[85.404065,28.305666],[85.404071,28.305679],[85.404101,28.305739],[85.404107,28.305751],[85.404139,28.305811],[85.404146,28.305822],[85.404182,28.305883],[85.404188,28.305893],[85.404227,28.305953],[85.404233,28.305963],[85.404274,28.30602],[85.404281,28.306029],[85.404322,28.306083],[85.404329,28.306092],[85.404368,28.306139],[85.404392,28.306179],[85.404404,28.306201],[85.40444,28.306257],[85.404455,28.306281],[85.404493,28.306336],[85.404512,28.306362],[85.404548,28.306412],[85.404568,28.306438],[85.404607,28.306488],[85.40463,28.306516],[85.404656,28.306546],[85.404668,28.30656],[85.404689,28.306584],[85.404713,28.306612],[85.404742,28.306644],[85.404772,28.306676],[85.404776,28.306737],[85.404777,28.306751],[85.404787,28.30683],[85.404789,28.306844],[85.404804,28.306933],[85.404806,28.306947],[85.404826,28.307032],[85.404828,28.307041],[85.404848,28.307112],[85.404851,28.307121],[85.404874,28.307192],[85.404877,28.307201],[85.404903,28.307269],[85.404906,28.307278],[85.404946,28.307368],[85.404953,28.307383],[85.405009,28.30749],[85.405017,28.307506],[85.405035,28.307535],[85.405051,28.307576],[85.405057,28.30759],[85.405071,28.307626],[85.405077,28.307639],[85.405098,28.307686],[85.40511,28.307711],[85.405132,28.307755],[85.405138,28.307768],[85.405161,28.307811],[85.405174,28.307837],[85.405204,28.307889],[85.405218,28.307914],[85.405249,28.307964],[85.405265,28.307989],[85.405295,28.308035],[85.405311,28.30806],[85.405343,28.308105],[85.405361,28.30813],[85.405392,28.308171],[85.40541,28.308195],[85.405435,28.308227],[85.405445,28.308239],[85.405469,28.308269],[85.405489,28.308292],[85.405523,28.308332],[85.405543,28.308355],[85.405579,28.308394],[85.4056,28.308416],[85.405628,28.308445],[85.405639,28.308456],[85.405669,28.308487],[85.405691,28.308508],[85.405733,28.308548],[85.405756,28.308569],[85.405792,28.308601],[85.405803,28.308611],[85.405841,28.308644],[85.405865,28.308663],[85.405908,28.308698],[85.40592,28.308708],[85.405972,28.308747],[85.405998,28.308766],[85.406051,28.308804],[85.406064,28.308813],[85.406104,28.308839],[85.406119,28.308849],[85.406158,28.308873],[85.406173,28.308883],[85.406209,28.308904],[85.406224,28.308913],[85.406272,28.308941],[85.406303,28.308958],[85.406348,28.308983],[85.40638,28.308999],[85.406385,28.309002],[85.406436,28.309046],[85.406461,28.309067],[85.406504,28.309103],[85.406543,28.309135],[85.406585,28.309168],[85.406628,28.309201],[85.406654,28.309221],[85.40669,28.309248],[85.406715,28.309266],[85.40675,28.30929],[85.406774,28.309307],[85.406806,28.309328],[85.406833,28.309346],[85.40686,28.309363],[85.406891,28.309383],[85.406913,28.309397],[85.40696,28.309426],[85.406985,28.309441],[85.407034,28.30947],[85.407057,28.309484],[85.407089,28.309503],[85.407113,28.309516],[85.407144,28.309534],[85.407171,28.309549],[85.407201,28.309565],[85.40723,28.309581],[85.40726,28.309597],[85.4073,28.309617],[85.407334,28.309634],[85.40738,28.309656],[85.407415,28.309673],[85.40747,28.309698],[85.407504,28.309712],[85.407563,28.309737],[85.407597,28.309751],[85.407649,28.309771],[85.407665,28.309777],[85.407716,28.309795],[85.407749,28.309806],[85.407823,28.30983],[85.407856,28.30984],[85.407935,28.309863],[85.407967,28.309871],[85.407997,28.309879],[85.408007,28.309915],[85.408022,28.309966],[85.408036,28.310012],[85.408044,28.310039],[85.408045,28.310044],[85.408046,28.310061],[85.408053,28.310127],[85.408056,28.310143],[85.408066,28.310211],[85.408069,28.310227],[85.408082,28.310297],[85.408086,28.310312],[85.408102,28.310379],[85.408106,28.310395],[85.408126,28.310462],[85.40813,28.310478],[85.408152,28.310541],[85.408157,28.310557],[85.408177,28.310609],[85.408181,28.310621],[85.408206,28.31068],[85.408216,28.310702],[85.408243,28.310761],[85.408251,28.310777],[85.40827,28.310815],[85.408278,28.31083],[85.408302,28.310875],[85.408319,28.310905],[85.408342,28.310947],[85.408351,28.310961],[85.408377,28.311004],[85.408394,28.31103],[85.408432,28.311089],[85.408448,28.311111],[85.40848,28.311156],[85.408488,28.311168],[85.408523,28.311213],[85.40854,28.311235],[85.408578,28.311282],[85.408587,28.311293],[85.408625,28.311337],[85.408645,28.311359],[85.408684,28.311401],[85.408695,28.311413],[85.408733,28.311451],[85.408755,28.311474],[85.408762,28.31148],[85.408778,28.311505],[85.40879,28.311524],[85.408817,28.311567],[85.40883,28.311586],[85.408858,28.311628],[85.40887,28.311647],[85.408891,28.311678],[85.408902,28.311694],[85.409017,28.311859],[85.409027,28.311874],[85.409026,28.311929],[85.409026,28.31196],[85.409028,28.312028],[85.409028,28.312046],[85.409032,28.312097],[85.409033,28.312114],[85.409037,28.312164],[85.409039,28.312181],[85.409045,28.312229],[85.409047,28.312245],[85.409054,28.312288],[85.409057,28.312304],[85.409067,28.31236],[85.409073,28.312391],[85.409087,28.312454],[85.409095,28.312485],[85.409112,28.312548],[85.409121,28.312579],[85.409142,28.312648],[85.409152,28.312676],[85.409179,28.312751],[85.409189,28.312777],[85.409222,28.312855],[85.409232,28.312878],[85.409259,28.312934],[85.409265,28.312946],[85.409288,28.312991],[85.409296,28.313007],[85.409322,28.313053],[85.409331,28.313069],[85.409355,28.313111],[85.409365,28.313126],[85.409399,28.31318],[85.409417,28.313208],[85.409453,28.313259],[85.409472,28.313287],[85.409503,28.313329],[85.409521,28.313353],[85.409559,28.313401],[85.409584,28.313433],[85.409626,28.313482],[85.409644,28.313503],[85.409683,28.313546],[85.409707,28.313573],[85.409744,28.313611],[85.409769,28.313637],[85.409796,28.313664],[85.409809,28.313676],[85.409837,28.313704],[85.409865,28.31373],[85.409894,28.313757],[85.409922,28.313782],[85.409947,28.313804],[85.409975,28.313829],[85.409999,28.313849],[85.410103,28.313937],[85.410105,28.313939],[85.410113,28.313948],[85.410112,28.313951],[85.41011,28.313963],[85.4101,28.314014],[85.410095,28.31404],[85.410089,28.314073],[85.410083,28.314108],[85.410075,28.314156],[85.410069,28.3142],[85.410061,28.314258],[85.410058,28.314286],[85.410049,28.31437],[85.410048,28.31438],[85.410035,28.314498],[85.410034,28.314513],[85.41003,28.314547],[85.410029,28.314568],[85.410026,28.314602],[85.410023,28.31464],[85.41002,28.314691],[85.410018,28.314738],[85.410017,28.314769],[85.410016,28.314809],[85.410016,28.31484],[85.410017,28.314876],[85.410017,28.314892],[85.410018,28.31493],[85.41002,28.314962],[85.410023,28.315015],[85.410025,28.315045],[85.410029,28.315083],[85.410026,28.315112],[85.410025,28.315142],[85.410022,28.315192],[85.410022,28.315209],[85.410021,28.31524],[85.410021,28.315256],[85.410021,28.315301],[85.410021,28.315332],[85.410024,28.315395],[85.410026,28.315437],[85.41003,28.315492],[85.410033,28.315523],[85.410036,28.31556],[85.41004,28.315591],[85.410044,28.315626],[85.410049,28.31566],[85.410053,28.315689],[85.410058,28.315723],[85.410062,28.315748],[85.410068,28.315779],[85.410072,28.315802],[85.41008,28.315848],[85.410086,28.315878],[85.410103,28.315961],[85.410107,28.31598],[85.410125,28.316063],[85.410129,28.316081],[85.410203,28.316402],[85.410218,28.316468],[85.410226,28.316507],[85.410223,28.31651],[85.410185,28.316562],[85.410164,28.316592],[85.410134,28.316636],[85.410124,28.316651],[85.410093,28.3167],[85.410076,28.316727],[85.410043,28.316784],[85.410027,28.316812],[85.410004,28.316854],[85.409997,28.316868],[85.409979,28.316902],[85.409966,28.316929],[85.409944,28.316976],[85.409924,28.317018],[85.409904,28.317064],[85.409885,28.317108],[85.409869,28.317147],[85.409851,28.317193],[85.409837,28.317228],[85.40982,28.317275],[85.409807,28.317312],[85.40979,28.317361],[85.409778,28.317398],[85.409763,28.317446],[85.409749,28.31749],[85.409737,28.317534],[85.409724,28.317581],[85.409713,28.317626],[85.409701,28.317675],[85.409691,28.317721],[85.409681,28.317768],[85.409672,28.317815],[85.409664,28.317862],[85.409656,28.31791],[85.40965,28.317955],[85.409643,28.318005],[85.409638,28.318048],[85.409633,28.318099],[85.409629,28.31814],[85.409625,28.318192],[85.409623,28.318225],[85.409621,28.31826],[85.40962,28.318285],[85.409619,28.318318],[85.409618,28.31835],[85.409616,28.318409],[85.409616,28.318441],[85.409616,28.318474],[85.409616,28.318493],[85.409617,28.318543],[85.409617,28.318562],[85.409618,28.318611],[85.409619,28.318633],[85.40962,28.318666],[85.409621,28.318693],[85.409626,28.318776],[85.409627,28.318795],[85.40963,28.318845],[85.409631,28.318862],[85.409634,28.318896],[85.409636,28.318917],[85.409644,28.319006],[85.409646,28.319024],[85.40965,28.319067],[85.409649,28.319073],[85.409631,28.319206],[85.409616,28.319224],[85.409574,28.319275],[85.409557,28.319297],[85.409517,28.31935],[85.409509,28.319362],[85.409478,28.319405],[85.409471,28.319416],[85.409438,28.319465],[85.409431,28.319477],[85.409398,28.31953],[85.409392,28.319541],[85.409362,28.319594],[85.409356,28.319604],[85.409327,28.319661],[85.409322,28.319672],[85.409294,28.319732],[85.409289,28.319743],[85.409263,28.319803],[85.409259,28.319814],[85.409236,28.319877],[85.409231,28.319888],[85.409211,28.31995],[85.409207,28.319962],[85.409189,28.320024],[85.409186,28.320037],[85.409171,28.320097],[85.409168,28.32011],[85.409156,28.320169],[85.409153,28.320183],[85.409144,28.320238],[85.409142,28.320252],[85.409135,28.320302],[85.409133,28.320316],[85.409127,28.320374],[85.409125,28.320402],[85.409121,28.320462],[85.40912,28.320476],[85.409116,28.32049],[85.409101,28.320534],[85.409092,28.320565],[85.409081,28.320601],[85.409072,28.320632],[85.40906,28.320677],[85.409048,28.320725],[85.409037,28.320769],[85.40903,28.320801],[85.409023,28.320835],[85.409016,28.320867],[85.40901,28.3209],[85.409004,28.320933],[85.408999,28.320965],[85.408993,28.320999],[85.408989,28.321029],[85.408984,28.321064],[85.40898,28.321093],[85.408976,28.321128],[85.408973,28.321155],[85.408969,28.321187],[85.408967,28.321216],[85.408963,28.32126],[85.40896,28.321292],[85.408957,28.321336],[85.408956,28.321366],[85.408954,28.321412],[85.408953,28.321437],[85.408952,28.321469],[85.408951,28.321492],[85.40895,28.321539],[85.40895,28.321567],[85.40895,28.321615],[85.40895,28.321634],[85.408951,28.321682],[85.408951,28.321698],[85.408952,28.32173],[85.408952,28.321751],[85.408954,28.321804],[85.408955,28.321825],[85.40896,28.321914],[85.408961,28.321942],[85.408969,28.322057],[85.40897,28.322073],[85.408977,28.322159],[85.408977,28.322167],[85.409003,28.322479],[85.409006,28.322517],[85.409008,28.322553],[85.40901,28.322599],[85.409012,28.322631],[85.409012,28.322646],[85.409012,28.322651],[85.409012,28.322653],[85.409011,28.322666],[85.40901,28.322683],[85.409008,28.322705],[85.409005,28.32273],[85.408998,28.322796],[85.408989,28.32287],[85.408978,28.322902],[85.408975,28.322913],[85.408954,28.322986],[85.408951,28.322997],[85.408932,28.323078],[85.40893,28.32309],[85.408915,28.323172],[85.408913,28.323185],[85.408902,28.323268],[85.408901,28.323283],[85.408895,28.323364],[85.408894,28.323378],[85.408892,28.323454],[85.408892,28.323469],[85.408894,28.323534],[85.408894,28.323549],[85.408897,28.323602],[85.408898,28.323618],[85.408902,28.323664],[85.408904,28.32368],[85.408912,28.323742],[85.408917,28.323776],[85.408924,28.323822],[85.408927,28.323839],[85.408933,28.323872],[85.408939,28.323906],[85.408948,28.323949],[85.408956,28.323984],[85.408966,28.324026],[85.40897,28.324043],[85.40898,28.324081],[85.408985,28.324098],[85.409001,28.324152],[85.409008,28.324175],[85.409024,28.324225],[85.409028,28.324236],[85.409048,28.324289],[85.409057,28.324313],[85.409086,28.324383],[85.409097,28.324408],[85.409127,28.324473],[85.40914,28.324498],[85.409163,28.324545],[85.409171,28.324559],[85.409191,28.324596],[85.409193,28.324643],[85.409196,28.324692],[85.409199,28.324731],[85.409203,28.32478],[85.409206,28.324807],[85.409209,28.324839],[85.409212,28.324866],[85.409216,28.324901],[85.409219,28.324922],[85.409224,28.324957],[85.409227,28.324982],[85.409235,28.325035],[85.409242,28.325075],[85.40925,28.325124],[85.409257,28.325157],[85.409266,28.325206],[85.409275,28.325249],[85.409286,28.325296],[85.409297,28.32534],[85.409308,28.325385],[85.409319,28.325426],[85.409328,28.325456],[85.409341,28.325502],[85.40935,28.32553],[85.409362,28.325565],[85.409367,28.325579],[85.409376,28.325605],[85.409381,28.325619],[85.409395,28.325657],[85.409406,28.325685],[85.409426,28.325735],[85.409439,28.325765],[85.40946,28.325813],[85.409474,28.325843],[85.409495,28.325888],[85.40951,28.325918],[85.409526,28.32595],[85.409535,28.325965],[85.409547,28.325989],[85.409564,28.326021],[85.409581,28.326051],[85.409607,28.326097],[85.409626,28.326129],[85.409654,28.326175],[85.409662,28.326189],[85.409719,28.326283],[85.409742,28.326396],[85.409747,28.32642],[85.409759,28.32647],[85.409765,28.326498],[85.409773,28.326531],[85.409781,28.326563],[85.409789,28.326594],[85.409802,28.326642],[85.409815,28.326686],[85.409834,28.326743],[85.409844,28.326775],[85.409864,28.326831],[85.409876,28.326864],[85.409901,28.326925],[85.409913,28.326955],[85.409933,28.327],[85.40994,28.327014],[85.409958,28.327052],[85.409971,28.32708],[85.409998,28.327134],[85.410014,28.327162],[85.410035,28.327202],[85.410044,28.327217],[85.410063,28.327249],[85.41008,28.327278],[85.410105,28.327318],[85.410122,28.327347],[85.410148,28.327386],[85.410175,28.327426],[85.410196,28.327457],[85.410217,28.327487],[85.410215,28.32749],[85.410203,28.327504],[85.410173,28.327542],[85.410163,28.327556],[85.410136,28.327591],[85.410126,28.327605],[85.4101,28.327641],[85.410091,28.327655],[85.410064,28.327695],[85.410055,28.327709],[85.410027,28.327752],[85.410019,28.327764],[85.409995,28.327805],[85.409988,28.327818],[85.409965,28.327859],[85.409957,28.327873],[85.409934,28.327917],[85.409928,28.32793],[85.409902,28.327984],[85.409894,28.328],[85.409869,28.328057],[85.409862,28.328073],[85.40984,28.328129],[85.409834,28.328146],[85.409809,28.328218],[85.4098,28.328244],[85.409781,28.328307],[85.409777,28.32832],[85.409762,28.328382],[85.409755,28.328408],[85.409738,28.328489],[85.409733,28.328514],[85.40972,28.328599],[85.409717,28.328624],[85.409708,28.328704],[85.409707,28.328722],[85.409703,28.328794],[85.409702,28.328811],[85.409701,28.328889],[85.409702,28.328905],[85.409705,28.328986],[85.409706,28.329002],[85.409714,28.329089],[85.409716,28.329103],[85.409729,28.329192],[85.409731,28.329206],[85.40975,28.329298],[85.409753,28.329311],[85.409778,28.329402],[85.409782,28.329415],[85.409812,28.329506],[85.409816,28.329517],[85.40985,28.329604],[85.409855,28.329615],[85.409893,28.329698],[85.409898,28.329708],[85.409938,28.329783],[85.409943,28.329793],[85.409988,28.329868],[85.409994,28.329878],[85.410042,28.329952],[85.410049,28.329962],[85.410102,28.330033],[85.41011,28.330043],[85.410165,28.330112],[85.410174,28.330122],[85.410233,28.330188],[85.410242,28.330198],[85.410305,28.330262],[85.410314,28.330271],[85.410381,28.330333],[85.410391,28.330341],[85.410462,28.330401],[85.410472,28.330409],[85.410547,28.330466],[85.410557,28.330474],[85.410636,28.330528],[85.410647,28.330535],[85.41073,28.330587],[85.41074,28.330593],[85.410827,28.330641],[85.410838,28.330647],[85.410927,28.330692],[85.410937,28.330697],[85.411028,28.330737],[85.411038,28.330741],[85.41116,28.330787],[85.411177,28.330793],[85.411254,28.330818],[85.411332,28.330841],[85.411351,28.330846],[85.411487,28.330878],[85.411501,28.33088],[85.411608,28.330899],[85.411622,28.330901],[85.411722,28.330914],[85.411737,28.330916],[85.411841,28.330925],[85.411857,28.330926],[85.411957,28.33093],[85.411974,28.33093],[85.412065,28.33093],[85.412081,28.33093],[85.412166,28.330926],[85.412182,28.330925],[85.412258,28.33092],[85.412274,28.330918],[85.412345,28.33091],[85.412361,28.330908],[85.412433,28.330898],[85.412449,28.330896],[85.41249,28.330889],[85.412551,28.33091],[85.412568,28.330916],[85.412645,28.330941],[85.412663,28.330946],[85.412742,28.330968],[85.412761,28.330973],[85.412837,28.330991],[85.412856,28.330995],[85.412921,28.331008],[85.412934,28.331011],[85.413008,28.331024],[85.413035,28.331028],[85.413129,28.331041],[85.413159,28.331044],[85.413248,28.331053],[85.413281,28.331055],[85.413357,28.33106],[85.413394,28.331061],[85.413451,28.331063],[85.413489,28.331064],[85.413536,28.331064],[85.413574,28.331064],[85.413606,28.331064],[85.413663,28.331063],[85.41368,28.331062],[85.413756,28.33106],[85.413772,28.33106],[85.413852,28.331057],[85.41388,28.331056],[85.41394,28.331054],[85.413982,28.331052],[85.414022,28.331049],[85.414064,28.331046],[85.414125,28.331041],[85.414178,28.331036],[85.414217,28.331032],[85.414274,28.331026],[85.414329,28.331019],[85.414385,28.331011],[85.414421,28.331005],[85.414477,28.330996],[85.414511,28.33099],[85.414553,28.330982],[85.41457,28.330978],[85.414612,28.33097],[85.414645,28.330962],[85.414698,28.33095],[85.414731,28.330942],[85.414786,28.330928],[85.414834,28.330915],[85.414873,28.330904],[85.414947,28.330883],[85.414975,28.330875],[85.415018,28.330863],[85.415043,28.330857],[85.41507,28.330851],[85.415116,28.33084],[85.415144,28.330834],[85.415175,28.330828],[85.415223,28.330818],[85.415252,28.330813],[85.4153,28.330805],[85.415345,28.330798],[85.415391,28.330792],[85.415438,28.330786],[85.41546,28.330783],[85.415487,28.330823],[85.415506,28.33085],[85.41554,28.330896],[85.415549,28.330908],[85.415581,28.33095],[85.4156,28.330973],[85.415647,28.33103],[85.415669,28.331055],[85.415706,28.331096],[85.415719,28.33111],[85.415751,28.331144],[85.415777,28.33117],[85.41581,28.331204],[85.415823,28.331217],[85.415859,28.331251],[85.415887,28.331277],[85.415927,28.331313],[85.415956,28.331338],[85.415997,28.331373],[85.416024,28.331396],[85.416062,28.331427],[85.416088,28.331448],[85.416119,28.331471],[85.416146,28.331492],[85.416181,28.331518],[85.416209,28.331538],[85.416243,28.331562],[85.416272,28.331583],[85.416301,28.331602],[85.416331,28.331622],[85.416364,28.331644],[85.416394,28.331663],[85.416427,28.331684],[85.416459,28.331703],[85.416485,28.331719],[85.416518,28.331739],[85.416547,28.331756],[85.416578,28.331774],[85.416606,28.331789],[85.416636,28.331806],[85.416656,28.331817],[85.416686,28.331833],[85.416708,28.331844],[85.416738,28.33186],[85.416764,28.331874],[85.416797,28.33189],[85.416822,28.331903],[85.416872,28.331927],[85.416895,28.331939],[85.416929,28.331955],[85.416953,28.331966],[85.416985,28.331981],[85.417006,28.33199],[85.417039,28.332005],[85.41706,28.332014],[85.417093,28.332029],[85.417123,28.332041],[85.417156,28.332055],[85.417207,28.332076],[85.417254,28.332094],[85.417288,28.332107],[85.417311,28.332123],[85.417359,28.332156],[85.417384,28.332172],[85.417426,28.332199],[85.417449,28.332214],[85.417492,28.332241],[85.41752,28.332257],[85.417565,28.332283],[85.417598,28.332302],[85.417647,28.332329],[85.417694,28.332353],[85.417732,28.332373],[85.417762,28.332388],[85.417789,28.332402],[85.417822,28.332418],[85.417844,28.332428],[85.41788,28.332445],[85.417892,28.332451],[85.41804,28.332519],[85.418077,28.332537],[85.418117,28.332557],[85.418242,28.332622],[85.418272,28.332638],[85.418324,28.332663],[85.418372,28.332686],[85.418424,28.332711],[85.418462,28.332728],[85.418479,28.332736],[85.418519,28.332753],[85.418552,28.332767],[85.41861,28.33279],[85.41864,28.332802],[85.418687,28.332819],[85.418702,28.332825],[85.418742,28.332839],[85.418761,28.332845],[85.418805,28.33286],[85.418824,28.332866],[85.418871,28.33288],[85.41889,28.332885],[85.41894,28.3329],[85.418959,28.332904],[85.419007,28.332917],[85.419025,28.332921],[85.419074,28.332933],[85.419093,28.332937],[85.419143,28.332947],[85.419161,28.332951],[85.419227,28.332963],[85.419263,28.332968],[85.419337,28.332979],[85.419372,28.332984],[85.419372,28.332984],[85.419566,28.333065],[85.419579,28.33307],[85.419614,28.333085],[85.419632,28.333092],[85.419682,28.333112],[85.419706,28.333121],[85.419755,28.33314],[85.419787,28.333152],[85.41982,28.333164],[85.419856,28.333177],[85.419907,28.333195],[85.419942,28.333207],[85.419976,28.333218],[85.420014,28.33323],[85.42005,28.333241],[85.420084,28.333252],[85.420103,28.333257],[85.420136,28.333267],[85.420173,28.333277],[85.42022,28.333289],[85.420275,28.333303],[85.420311,28.333312],[85.420367,28.333325],[85.420388,28.33333],[85.420463,28.333347],[85.420491,28.333353],[85.420563,28.333368],[85.420595,28.333375],[85.420667,28.333389],[85.420709,28.333397],[85.420765,28.333407],[85.420805,28.333413],[85.420862,28.333422],[85.420912,28.33343],[85.420964,28.333437],[85.421009,28.333443],[85.421061,28.333449],[85.421114,28.333454],[85.421164,28.333459],[85.421213,28.333463],[85.421264,28.333467],[85.421304,28.333469],[85.421339,28.333471],[85.421368,28.333472],[85.421403,28.333474],[85.421442,28.333475],[85.421496,28.333477],[85.421538,28.333477],[85.421593,28.333478],[85.421627,28.333478],[85.421665,28.333477],[85.421689,28.333477],[85.421727,28.333476],[85.42176,28.333475],[85.421818,28.333473],[85.421852,28.333472],[85.421908,28.333469],[85.421942,28.333468],[85.422011,28.333463],[85.422041,28.333461],[85.422095,28.333457],[85.422122,28.333455],[85.422194,28.333449],[85.422224,28.333446],[85.422302,28.333438],[85.42233,28.333435],[85.422408,28.333426],[85.422432,28.333423],[85.422491,28.333416],[85.422515,28.333413],[85.422574,28.333405],[85.422605,28.3334],[85.422664,28.333392],[85.422692,28.333387],[85.422731,28.333381],[85.422766,28.333375],[85.42282,28.333366],[85.422853,28.33336],[85.422889,28.333353],[85.422921,28.333346],[85.422956,28.333339],[85.42299,28.333332],[85.423023,28.333324],[85.423057,28.333316],[85.42309,28.333308],[85.423133,28.333298],[85.423169,28.333288],[85.423205,28.333279],[85.423224,28.333273],[85.423258,28.333264],[85.423296,28.333252],[85.423336,28.33324],[85.423363,28.333231],[85.423377,28.333235],[85.423411,28.333243],[85.423438,28.333249],[85.423474,28.333258],[85.4235,28.333263],[85.423558,28.333276],[85.42357,28.333278],[85.423771,28.33332],[85.42378,28.333322],[85.423841,28.333354],[85.423871,28.33337],[85.423921,28.333395],[85.423963,28.333416],[85.423998,28.333432],[85.424048,28.333456],[85.424084,28.333472],[85.424127,28.333491],[85.424145,28.333498],[85.424196,28.333519],[85.42423,28.333533],[85.424302,28.333559],[85.424335,28.333571],[85.42441,28.333596],[85.424445,28.333607],[85.424526,28.333631],[85.424563,28.333641],[85.424644,28.333662],[85.424683,28.333671],[85.424755,28.333686],[85.42479,28.333693],[85.424862,28.333706],[85.424909,28.333714],[85.424985,28.333725],[85.425036,28.333732],[85.425094,28.333739],[85.425131,28.333743],[85.425178,28.333747],[85.425239,28.333753],[85.42528,28.333756],[85.42534,28.33376],[85.425377,28.333762],[85.425569,28.333772],[85.425721,28.333781],[85.425741,28.333782],[85.425782,28.333784],[85.425809,28.333785],[85.425849,28.333787],[85.425888,28.333788],[85.425924,28.333788],[85.425955,28.333789],[85.425992,28.333789],[85.426019,28.333789],[85.426056,28.333789],[85.426091,28.333789],[85.426128,28.333788],[85.426162,28.333787],[85.426201,28.333786],[85.426227,28.333785],[85.426265,28.333783],[85.426292,28.333782],[85.42633,28.33378],[85.426361,28.333778],[85.426398,28.333775],[85.426424,28.333773],[85.426479,28.333769],[85.426501,28.333767],[85.426537,28.333763],[85.42656,28.333761],[85.426598,28.333757],[85.42662,28.333755],[85.426659,28.333751],[85.426679,28.333748],[85.426738,28.333741],[85.42676,28.333739],[85.426799,28.333734],[85.426823,28.33373],[85.42692,28.333717],[85.426944,28.333713],[85.427021,28.333702],[85.427041,28.333698],[85.427158,28.33368],[85.427174,28.333677],[85.42748,28.333626],[85.427559,28.333613],[85.427667,28.333597],[85.427717,28.33359],[85.427746,28.333624],[85.427778,28.333663],[85.427914,28.333832],[85.427928,28.333849],[85.427962,28.33389],[85.427981,28.333913],[85.428013,28.333951],[85.428032,28.333972],[85.428055,28.333999],[85.428074,28.33402],[85.428099,28.334047],[85.428128,28.334079],[85.428167,28.33412],[85.428201,28.334154],[85.428228,28.334181],[85.428252,28.334205],[85.428265,28.334217],[85.428289,28.33424],[85.428314,28.334264],[85.428341,28.334287],[85.428354,28.334299],[85.428374,28.334317],[85.428386,28.334328],[85.428415,28.334352],[85.42844,28.334374],[85.428481,28.334407],[85.428507,28.334428],[85.428549,28.33446],[85.428575,28.33448],[85.428607,28.334503],[85.42862,28.334513],[85.428643,28.334529],[85.428657,28.334539],[85.428691,28.334562],[85.428719,28.334581],[85.428763,28.33461],[85.428795,28.33463],[85.428835,28.334654],[85.428867,28.334674],[85.428896,28.334691],[85.42893,28.33471],[85.428944,28.334719],[85.429018,28.334761],[85.429031,28.334776],[85.429043,28.334791],[85.429069,28.334824],[85.429096,28.33486],[85.429129,28.334906],[85.429299,28.33514],[85.429306,28.335149],[85.429339,28.335193],[85.429346,28.335203],[85.42938,28.335248],[85.429388,28.335259],[85.429422,28.335304],[85.429437,28.335323],[85.42947,28.335366],[85.429485,28.335385],[85.429518,28.335426],[85.429534,28.335446],[85.429568,28.335487],[85.429593,28.335517],[85.429628,28.335558],[85.42965,28.335583],[85.429686,28.335623],[85.429709,28.335649],[85.429732,28.335674],[85.429759,28.335702],[85.429792,28.335736],[85.429825,28.33577],[85.429857,28.335802],[85.429886,28.33583],[85.429908,28.33585],[85.429939,28.335879],[85.429972,28.335908],[85.43001,28.335942],[85.430039,28.335967],[85.430076,28.335998],[85.430105,28.336022],[85.430146,28.336054],[85.430175,28.336077],[85.430219,28.33611],[85.430248,28.336131],[85.430294,28.336163],[85.430323,28.336184],[85.430371,28.336216],[85.430401,28.336235],[85.430452,28.336267],[85.430482,28.336285],[85.430532,28.336315],[85.430562,28.336332],[85.430599,28.336352],[85.430614,28.336361],[85.430645,28.336377],[85.430675,28.336393],[85.43072,28.336416],[85.430752,28.336432],[85.430795,28.336452],[85.43083,28.336468],[85.430866,28.336485],[85.430901,28.3365],[85.430942,28.336518],[85.43099,28.336538],[85.431029,28.336554],[85.431095,28.33658],[85.431127,28.336592],[85.431283,28.336651],[85.431291,28.336654],[85.431293,28.336656],[85.431302,28.336663],[85.431333,28.336691],[85.431363,28.336719],[85.431578,28.336925],[85.431591,28.336937],[85.43167,28.33701],[85.431688,28.337027],[85.431727,28.337063],[85.431744,28.337079],[85.431782,28.337113],[85.431801,28.337129],[85.431839,28.337162],[85.431862,28.337181],[85.431889,28.337204],[85.431912,28.337223],[85.431953,28.337257],[85.431987,28.337284],[85.432029,28.337316],[85.432065,28.337344],[85.432106,28.337375],[85.432143,28.337402],[85.432173,28.337423],[85.432208,28.337447],[85.43224,28.337469],[85.432276,28.337493],[85.432309,28.337514],[85.432342,28.337535],[85.432358,28.337545],[85.432389,28.337564],[85.43242,28.337583],[85.432462,28.337607],[85.432494,28.337625],[85.432541,28.337651],[85.432572,28.337667],[85.432611,28.337688],[85.432643,28.337704],[85.432671,28.337718],[85.432687,28.337726],[85.432717,28.33774],[85.432752,28.337756],[85.432793,28.337775],[85.432846,28.337798],[85.432882,28.337814],[85.432918,28.337829],[85.432945,28.337841],[85.43298,28.337855],[85.433003,28.337864],[85.433037,28.337877],[85.433055,28.337884],[85.433106,28.337903],[85.433124,28.33791],[85.433158,28.337923],[85.43318,28.337931],[85.433215,28.337944],[85.433238,28.337952],[85.433274,28.337964],[85.433292,28.337971],[85.433347,28.337989],[85.433364,28.337995],[85.4334,28.338007],[85.433421,28.338013],[85.433456,28.338025],[85.433486,28.338034],[85.433573,28.33806],[85.433603,28.338069],[85.433673,28.338089],[85.433707,28.338099],[85.433741,28.338108],[85.433768,28.338115],[85.433802,28.338124],[85.433839,28.338133],[85.433892,28.338146],[85.433931,28.338155],[85.433967,28.338162],[85.433995,28.338169],[85.434031,28.338176],[85.434063,28.338182],[85.434136,28.338196],[85.434184,28.338205],[85.434241,28.338215],[85.434283,28.338222],[85.434361,28.338233],[85.434392,28.338238],[85.434431,28.338243],[85.43446,28.338247],[85.434497,28.338252],[85.43452,28.338254],[85.434576,28.338261],[85.434598,28.338263],[85.434653,28.338269],[85.434678,28.338271],[85.434716,28.338275],[85.43474,28.338277],[85.434798,28.338282],[85.434817,28.338283],[85.434875,28.338288],[85.434895,28.338289],[85.434933,28.338292],[85.434956,28.338293],[85.435053,28.338298],[85.435076,28.3383],[85.435154,28.338303],[85.435177,28.338304],[85.435257,28.338307],[85.435264,28.338307],[85.435693,28.338321],[85.435788,28.338325],[85.435841,28.338328],[85.435918,28.338332],[85.435923,28.338341],[85.435945,28.338379],[85.435964,28.338409],[85.435984,28.338442],[85.435994,28.338457],[85.436013,28.338486],[85.436031,28.338514],[85.436057,28.338551],[85.436076,28.338578],[85.436099,28.338611],[85.436109,28.338624],[85.436137,28.338661],[85.436154,28.338683],[85.436184,28.33872],[85.436193,28.338731],[85.436217,28.33876],[85.436226,28.338771],[85.436257,28.338806],[85.436269,28.338819],[85.436303,28.338856],[85.436315,28.338869],[85.43635,28.338904],[85.436359,28.338913],[85.436418,28.33897],[85.436431,28.338982],[85.436529,28.339065],[85.436541,28.339075],[85.436656,28.339161],[85.436668,28.339169],[85.436792,28.339248],[85.436805,28.339256],[85.436874,28.339295],[85.436946,28.339332],[85.43696,28.339339],[85.437033,28.339373],[85.437108,28.339404],[85.437123,28.339411],[85.4372,28.33944],[85.437277,28.339466],[85.437295,28.339472],[85.437446,28.339514],[85.437464,28.339518],[85.43761,28.339548],[85.437631,28.339552],[85.437776,28.339572],[85.437798,28.339575],[85.437906,28.339584],[85.437917,28.339584],[85.43799,28.339588],[85.438003,28.339588],[85.438096,28.339589],[85.438121,28.339588],[85.438209,28.339586],[85.438228,28.339585],[85.43829,28.339581],[85.438309,28.339579],[85.438365,28.339574],[85.438383,28.339572],[85.438452,28.339564],[85.438483,28.33956],[85.438557,28.339549],[85.438588,28.339544],[85.438665,28.33953],[85.4387,28.339523],[85.438782,28.339505],[85.438817,28.339496],[85.438841,28.33949],[85.438912,28.339502],[85.438958,28.339509],[85.438978,28.339529],[85.439053,28.339595],[85.439131,28.339658],[85.439214,28.339717],[85.439299,28.339772],[85.439388,28.339824],[85.43948,28.339871],[85.439755,28.340004],[85.439861,28.340051],[85.440424,28.340287],[85.440873,28.340478],[85.440978,28.340519],[85.441086,28.340555],[85.441604,28.340715],[85.442089,28.340873],[85.442163,28.340896],[85.442423,28.340971],[85.442501,28.340992],[85.442924,28.341098],[85.443006,28.341117],[85.443476,28.341216],[85.443646,28.341283],[85.443743,28.341318],[85.443842,28.341349],[85.443943,28.341375],[85.444045,28.341397],[85.444148,28.341414],[85.444252,28.341426],[85.444357,28.341434],[85.444462,28.341437],[85.444567,28.341435],[85.444672,28.341428],[85.444776,28.341417],[85.444879,28.3414],[85.444982,28.341379],[85.445083,28.341354],[85.445182,28.341324],[85.445248,28.3413],[85.445343,28.341282],[85.445446,28.341257],[85.445547,28.341227],[85.445646,28.341193],[85.445743,28.341154],[85.445837,28.341111],[85.445929,28.341064],[85.446018,28.341012],[85.446104,28.340956],[85.446186,28.340897],[85.446265,28.340833],[85.44634,28.340767],[85.446411,28.340697],[85.446477,28.340623],[85.44654,28.340547],[85.446547,28.340537],[85.446663,28.340538],[85.446775,28.340537],[85.446886,28.34053],[85.446997,28.340518],[85.447107,28.3405],[85.447401,28.340446],[85.447507,28.340424],[85.447612,28.340396],[85.447715,28.340364],[85.447815,28.340327],[85.447913,28.340286],[85.448009,28.34024],[85.448102,28.340189],[85.448191,28.340134],[85.448277,28.340075],[85.44836,28.340012],[85.448438,28.339945],[85.448513,28.339875],[85.448582,28.339801],[85.448865,28.339486],[85.448931,28.339408],[85.448992,28.339328],[85.449048,28.339244],[85.449063,28.339218],[85.449251,28.339308],[85.449347,28.339351],[85.449445,28.33939],[85.449545,28.339424],[85.449647,28.339453],[85.449751,28.339478],[85.449856,28.339497],[85.450022,28.339524],[85.45037,28.339689],[85.450459,28.339729],[85.450549,28.339764],[85.450641,28.339796],[85.450701,28.339814],[85.450793,28.339863],[85.450896,28.339915],[85.451002,28.339962],[85.451111,28.340003],[85.451222,28.340039],[85.451389,28.340087],[85.451495,28.340114],[85.451602,28.340137],[85.45171,28.340155],[85.45182,28.340167],[85.45206,28.340188],[85.452166,28.340195],[85.452272,28.340197],[85.452378,28.340194],[85.452451,28.340189],[85.452491,28.340218],[85.45258,28.340275],[85.452672,28.340328],[85.452768,28.340376],[85.452934,28.340455],[85.452963,28.340468],[85.453135,28.340547],[85.453229,28.340587],[85.453324,28.340623],[85.453421,28.340654],[85.45352,28.340681],[85.45362,28.340706],[85.453671,28.340717],[85.453711,28.34077],[85.453777,28.340847],[85.453821,28.340892],[85.453838,28.340917],[85.453897,28.340994],[85.453961,28.341068],[85.454028,28.341139],[85.4541,28.341207],[85.454175,28.341272],[85.454254,28.341333],[85.454337,28.34139],[85.454423,28.341444],[85.454511,28.341493],[85.454603,28.341539],[85.454697,28.34158],[85.45477,28.341608],[85.45487,28.341681],[85.454956,28.341739],[85.455044,28.341794],[85.455136,28.341844],[85.455231,28.34189],[85.455328,28.341932],[85.455428,28.341969],[85.455529,28.342001],[85.455633,28.342028],[85.455738,28.342051],[85.455844,28.342068],[85.455951,28.342081],[85.456059,28.342088],[85.456167,28.342091],[85.456275,28.342088],[85.456382,28.342081],[85.456489,28.342068],[85.456596,28.34205],[85.4567,28.342028],[85.456847,28.341992],[85.456955,28.341964],[85.45706,28.34193],[85.457164,28.341891],[85.457264,28.341847],[85.457362,28.341798],[85.457457,28.341744],[85.45749,28.341724],[85.457534,28.341722],[85.45767,28.341714],[85.457783,28.341705],[85.457886,28.341692],[85.457948,28.341702],[85.45805,28.341715],[85.458153,28.341723],[85.458256,28.341726],[85.458433,28.341728],[85.45854,28.341727],[85.458647,28.341721],[85.458753,28.34171],[85.458858,28.341694],[85.458962,28.341673],[85.459065,28.341647],[85.459166,28.341617],[85.459265,28.341582],[85.459362,28.341542],[85.459457,28.341498],[85.459549,28.34145],[85.459637,28.341397],[85.459723,28.341341],[85.459805,28.34128],[85.459883,28.341216],[85.460005,28.341111],[85.460048,28.341094],[85.460083,28.34108],[85.460123,28.341063],[85.46014,28.341056],[85.460184,28.341036],[85.460217,28.341021],[85.460268,28.340997],[85.460301,28.340981],[85.46034,28.340961],[85.460357,28.340952],[85.4604,28.340929],[85.460431,28.340912],[85.460482,28.340884],[85.460513,28.340866],[85.460552,28.340842],[85.460567,28.340833],[85.460597,28.340814],[85.460612,28.340805],[85.460652,28.340778],[85.46068,28.340759],[85.460734,28.340722],[85.460762,28.340702],[85.460807,28.340668],[85.460821,28.340658],[85.460864,28.340624],[85.46089,28.340603],[85.460934,28.340566],[85.460947,28.340556],[85.46098,28.340526],[85.460992,28.340515],[85.46103,28.340481],[85.461041,28.34047],[85.461079,28.340433],[85.46109,28.340422],[85.461129,28.340382],[85.461141,28.340369],[85.461178,28.340328],[85.46119,28.340316],[85.46119,28.340315],[85.461206,28.340316],[85.461262,28.340316],[85.461281,28.340316],[85.461346,28.340315],[85.46138,28.340313],[85.461451,28.34031],[85.461468,28.340309],[85.461527,28.340304],[85.461548,28.340302],[85.46161,28.340296],[85.46163,28.340294],[85.461659,28.34029],[85.461693,28.340301],[85.461731,28.340312],[85.461771,28.340324],[85.461809,28.340335],[85.461839,28.340344],[85.461859,28.340349],[85.461886,28.340357],[85.461925,28.340367],[85.461962,28.340376],[85.462001,28.340386],[85.462057,28.340398],[85.46211,28.34041],[85.462167,28.340421],[85.462203,28.340428],[85.462245,28.340436],[85.462261,28.340438],[85.462301,28.340445],[85.462334,28.34045],[85.462392,28.340458],[85.462425,28.340462],[85.4625,28.34047],[85.462539,28.340474],[85.462601,28.340478],[85.462621,28.34048],[85.462667,28.340482],[85.462687,28.340483],[85.462738,28.340485],[85.462756,28.340485],[85.462805,28.340486],[85.462823,28.340486],[85.462872,28.340485],[85.46289,28.340485],[85.462944,28.340483],[85.462962,28.340482],[85.46302,28.340479],[85.463037,28.340478],[85.463093,28.340473],[85.46311,28.340472],[85.463165,28.340466],[85.463182,28.340464],[85.463242,28.340456],[85.463259,28.340454],[85.463322,28.340444],[85.463338,28.340441],[85.463398,28.34043],[85.463414,28.340426],[85.463473,28.340414],[85.463489,28.34041],[85.463551,28.340395],[85.463567,28.340391],[85.463652,28.340367],[85.463677,28.340359],[85.463766,28.34033],[85.463817,28.340321],[85.46383,28.340319],[85.463931,28.340296],[85.463944,28.340292],[85.46405,28.340263],[85.464061,28.34026],[85.464161,28.340227],[85.464172,28.340223],[85.464291,28.340177],[85.464307,28.34017],[85.464438,28.34011],[85.464455,28.340101],[85.464513,28.34007],[85.464541,28.340063],[85.464577,28.340053],[85.464612,28.340043],[85.46466,28.340028],[85.464694,28.340018],[85.464754,28.339998],[85.4648,28.339983],[85.464856,28.339963],[85.464893,28.339949],[85.464929,28.339935],[85.464965,28.339921],[85.465,28.339907],[85.46505,28.339886],[85.465081,28.339873],[85.465128,28.339853],[85.465151,28.339843],[85.465184,28.339828],[85.465205,28.339819],[85.465254,28.339796],[85.465273,28.339788],[85.465305,28.339772],[85.465322,28.339764],[85.465357,28.339748],[85.465375,28.339739],[85.465427,28.339714],[85.465452,28.339701],[85.465518,28.339667],[85.465537,28.339658],[85.465635,28.339607],[85.465649,28.3396],[85.465715,28.339565],[85.465735,28.339554],[85.466035,28.339391],[85.466134,28.339338],[85.466193,28.339307],[85.466268,28.339268],[85.466281,28.339262],[85.46631,28.339248],[85.466338,28.339235],[85.466346,28.339231],[85.466354,28.339227],[85.466366,28.339223],[85.466374,28.339219],[85.466377,28.339218],[85.466397,28.33921],[85.466419,28.339203],[85.466443,28.339194],[85.466476,28.339183],[85.466513,28.339171],[85.466575,28.339152],[85.466674,28.339121],[85.466704,28.339116],[85.466771,28.339103],[85.466786,28.3391],[85.466856,28.339085],[85.466886,28.339078],[85.466962,28.339058],[85.46698,28.339053],[85.467031,28.339039],[85.467049,28.339034],[85.467094,28.339019],[85.467112,28.339014],[85.467156,28.338999],[85.467173,28.338993],[85.46721,28.33898],[85.467271,28.338995],[85.467293,28.339001],[85.467369,28.33902],[85.467397,28.339027],[85.467435,28.339035],[85.46746,28.339041],[85.467498,28.33905],[85.467533,28.339057],[85.467563,28.339063],[85.467599,28.33907],[85.467629,28.339076],[85.467677,28.339084],[85.467714,28.33909],[85.467757,28.339097],[85.467776,28.3391],[85.467825,28.339107],[85.46786,28.339111],[85.46793,28.339119],[85.467963,28.339122],[85.468042,28.339128],[85.468074,28.339129],[85.468143,28.339133],[85.468163,28.339133],[85.468217,28.339134],[85.468236,28.339134],[85.468294,28.339134],[85.468313,28.339133],[85.468376,28.339131],[85.468394,28.33913],[85.468456,28.339126],[85.468474,28.339125],[85.46854,28.339119],[85.468558,28.339117],[85.468628,28.339109],[85.468644,28.339107],[85.468713,28.339096],[85.468729,28.339094],[85.468801,28.339081],[85.468817,28.339077],[85.468892,28.339061],[85.468907,28.339058],[85.46898,28.339039],[85.468995,28.339035],[85.469069,28.339014],[85.469084,28.339009],[85.46916,28.338984],[85.469175,28.338979],[85.469248,28.338953],[85.469262,28.338947],[85.469334,28.338918],[85.469349,28.338911],[85.469422,28.338879],[85.469435,28.338872],[85.469447,28.338867],[85.469482,28.338865],[85.469536,28.338861],[85.469592,28.338857],[85.46963,28.338853],[85.46983,28.338834],[85.469912,28.338827],[85.469971,28.338822],[85.470083,28.338814],[85.470145,28.33881],[85.470208,28.338806],[85.470237,28.338805],[85.47025,28.338821],[85.470316,28.338895],[85.470386,28.338966],[85.47046,28.339034],[85.470538,28.339098],[85.47062,28.339159],[85.470705,28.339216],[85.470794,28.339269],[85.470885,28.339317],[85.47098,28.339361],[85.471076,28.339401],[85.471175,28.339437],[85.471276,28.339467],[85.471379,28.339493],[85.471483,28.339514],[85.471588,28.339531],[85.471694,28.339542],[85.4718,28.339549],[85.471907,28.33955],[85.472014,28.339547],[85.47212,28.339539],[85.472226,28.339526],[85.472331,28.339508],[85.472766,28.339422],[85.472779,28.339419],[85.4728,28.339425],[85.47282,28.33943],[85.472891,28.339448],[85.47291,28.339453],[85.472998,28.339475],[85.473012,28.339478],[85.473084,28.339496],[85.473099,28.339499],[85.473194,28.339521],[85.473202,28.339523],[85.473296,28.339545],[85.47331,28.339548],[85.473387,28.339565],[85.473397,28.339567],[85.473551,28.339601],[85.473562,28.339603],[85.47364,28.339619],[85.473663,28.339624],[85.473778,28.339647],[85.473793,28.33965],[85.473927,28.339676],[85.473953,28.339681],[85.474031,28.339696],[85.47405,28.339699],[85.474187,28.339723],[85.474204,28.339726],[85.474263,28.339735],[85.474282,28.339739],[85.474319,28.339744],[85.474336,28.339747],[85.474448,28.339764],[85.474466,28.339766],[85.474541,28.339777],[85.474577,28.339782],[85.47465,28.339791],[85.474683,28.339795],[85.474738,28.339801],[85.47477,28.339804],[85.474824,28.33981],[85.474855,28.339812],[85.474926,28.339818],[85.474951,28.33982],[85.475006,28.339824],[85.475027,28.339826],[85.475086,28.339829],[85.475101,28.33983],[85.475179,28.339835],[85.475194,28.339835],[85.475409,28.339846],[85.475474,28.339849],[85.475529,28.339853],[85.475576,28.339856],[85.475623,28.33986],[85.475637,28.339862],[85.47565,28.339863],[85.475664,28.339865],[85.475694,28.339869],[85.475725,28.339874],[85.475731,28.339881],[85.475777,28.339926],[85.475812,28.339961],[85.475853,28.339999],[85.475891,28.340034],[85.47593,28.340069],[85.47597,28.340104],[85.476,28.34013],[85.476028,28.340153],[85.476057,28.340177],[85.476102,28.340213],[85.476133,28.340237],[85.476176,28.34027],[85.476202,28.34029],[85.476245,28.340322],[85.476267,28.340339],[85.476307,28.340368],[85.476327,28.340382],[85.476383,28.340421],[85.476403,28.340435],[85.476678,28.340624],[85.476871,28.340757],[85.476891,28.340771],[85.476984,28.340833],[85.477,28.340844],[85.477077,28.340895],[85.477097,28.340908],[85.477171,28.340956],[85.477188,28.340966],[85.477264,28.341014],[85.477283,28.341026],[85.477474,28.341143],[85.477779,28.341331],[85.477791,28.341339],[85.477856,28.341378],[85.477879,28.341392],[85.477912,28.341411],[85.477931,28.341422],[85.47798,28.341451],[85.478002,28.341463],[85.478035,28.341482],[85.47806,28.341496],[85.478095,28.341515],[85.478118,28.341527],[85.478153,28.341545],[85.478179,28.341559],[85.478214,28.341577],[85.478247,28.341593],[85.478279,28.341609],[85.478311,28.341624],[85.47836,28.341647],[85.478396,28.341663],[85.478428,28.341678],[85.47847,28.341696],[85.478507,28.341711],[85.478541,28.341725],[85.47856,28.341733],[85.478596,28.341747],[85.478632,28.34176],[85.478681,28.341778],[85.478717,28.341791],[85.478769,28.341808],[85.478804,28.34182],[85.478858,28.341837],[85.478893,28.341847],[85.478934,28.341859],[85.478952,28.341864],[85.478995,28.341875],[85.479029,28.341884],[85.479086,28.341897],[85.47912,28.341905],[85.479177,28.341917],[85.479211,28.341924],[85.479264,28.341934],[85.479296,28.34194],[85.479343,28.341947],[85.479375,28.341952],[85.479432,28.34196],[85.479483,28.341967],[85.479535,28.341973],[85.47957,28.341976],[85.47961,28.34198],[85.479646,28.341983],[85.479684,28.341986],[85.47972,28.341989],[85.479765,28.341992],[85.479821,28.341994],[85.479865,28.341996],[85.479903,28.341997],[85.479935,28.341998],[85.479974,28.341999],[85.480006,28.341999],[85.480046,28.341999],[85.480081,28.341999],[85.480139,28.341999],[85.480176,28.341998],[85.480228,28.341996],[85.480264,28.341995],[85.480317,28.341993],[85.480351,28.341991],[85.480388,28.341989],[85.480424,28.341987],[85.48046,28.341984],[85.48051,28.34198],[85.480565,28.341974],[85.480608,28.34197],[85.480626,28.341968],[85.480661,28.341964],[85.480695,28.341959],[85.480739,28.341953],[85.48079,28.341945],[85.48084,28.341937],[85.480897,28.341927],[85.480937,28.34192],[85.480997,28.341909],[85.481024,28.341903],[85.481082,28.341892],[85.481092,28.341889],[85.481221,28.341862],[85.481238,28.341859],[85.48125,28.34186],[85.48127,28.341861],[85.481287,28.341863],[85.481324,28.341866],[85.481353,28.34187],[85.481405,28.341877],[85.481443,28.341882],[85.481627,28.34191],[85.48163,28.34191],[85.481666,28.34192],[85.481696,28.341927],[85.481728,28.341935],[85.481775,28.341946],[85.481824,28.341957],[85.481879,28.341968],[85.481928,28.341978],[85.481967,28.341985],[85.482003,28.342005],[85.482095,28.342049],[85.482189,28.342089],[85.482285,28.342125],[85.482384,28.342157],[85.482484,28.342184],[85.482586,28.342206],[85.482689,28.342224],[85.482793,28.342237],[85.482897,28.342245],[85.483002,28.342249],[85.483614,28.342255],[85.483731,28.342254],[85.483848,28.342246],[85.484497,28.342187],[85.484992,28.342149],[85.485091,28.342139],[85.485188,28.342125],[85.485285,28.342107],[85.485694,28.342021],[85.485799,28.341997],[85.485903,28.341967],[85.486004,28.341933],[85.486364,28.341801],[85.486465,28.341761],[85.486565,28.341716],[85.486661,28.341666],[85.486754,28.341612],[85.486843,28.341553],[85.486929,28.34149],[85.487048,28.341398],[85.487223,28.341305],[85.487315,28.341253],[85.487405,28.341197],[85.48749,28.341137],[85.487547,28.341092],[85.487574,28.341098],[85.487617,28.341108],[85.487656,28.341116],[85.487711,28.341127],[85.487766,28.341137],[85.487812,28.341145],[85.487847,28.341151],[85.48787,28.341155],[85.487969,28.34117],[85.487989,28.341173],[85.488033,28.341181],[85.488185,28.341207],[85.488201,28.34121],[85.488259,28.34122],[85.488284,28.341224],[85.488339,28.341233],[85.488362,28.341236],[85.488399,28.341241],[85.488435,28.341246],[85.488488,28.341253],[85.488532,28.341259],[85.488566,28.341262],[85.488606,28.341266],[85.488638,28.341269],[85.488678,28.341273],[85.48871,28.341275],[85.488764,28.341279],[85.488804,28.341281],[85.488869,28.341283],[85.488908,28.341284],[85.488981,28.341285],[85.489018,28.341285],[85.489081,28.341283],[85.489101,28.341282],[85.489147,28.34128],[85.489167,28.341279],[85.489216,28.341276],[85.489236,28.341275],[85.489289,28.34127],[85.489307,28.341268],[85.48936,28.341262],[85.489378,28.34126],[85.489434,28.341252],[85.489452,28.34125],[85.489511,28.34124],[85.489529,28.341237],[85.489586,28.341226],[85.489604,28.341223],[85.489664,28.34121],[85.489681,28.341206],[85.489745,28.34119],[85.489761,28.341186],[85.489823,28.341169],[85.489839,28.341164],[85.489903,28.341144],[85.489919,28.341139],[85.489985,28.341116],[85.49,28.341111],[85.490064,28.341087],[85.490079,28.341081],[85.490144,28.341054],[85.490159,28.341048],[85.490226,28.341017],[85.490239,28.34101],[85.490303,28.340979],[85.490317,28.340972],[85.49038,28.340937],[85.490394,28.34093],[85.490458,28.340892],[85.490471,28.340885],[85.490532,28.340846],[85.490544,28.340838],[85.490603,28.340798],[85.490615,28.340789],[85.490674,28.340745],[85.490686,28.340736],[85.490741,28.340693],[85.490752,28.340683],[85.490803,28.34064],[85.490815,28.34063],[85.490869,28.34058],[85.490882,28.340568],[85.490934,28.340516],[85.490946,28.340503],[85.490988,28.340459],[85.490997,28.340449],[85.491041,28.340399],[85.491058,28.340378],[85.491095,28.340333],[85.491148,28.340303],[85.491157,28.340298],[85.491207,28.340271],[85.491226,28.34026],[85.491258,28.340241],[85.491277,28.34023],[85.491308,28.340212],[85.491333,28.340197],[85.491379,28.340169],[85.491416,28.340146],[85.491445,28.340127],[85.491482,28.340103],[85.49151,28.340084],[85.491539,28.340065],[85.491553,28.340055],[85.491592,28.340027],[85.49163,28.339999],[85.491669,28.339971],[85.491681,28.339961],[85.491711,28.339938],[85.491734,28.339919],[85.49177,28.339891],[85.491793,28.339871],[85.491821,28.339847],[85.491835,28.339835],[85.49186,28.339813],[85.491889,28.339787],[85.491911,28.339767],[85.491939,28.339742],[85.491955,28.339726],[85.492089,28.339599],[85.492101,28.339587],[85.492141,28.339549],[85.492161,28.339529],[85.492187,28.339503],[85.492209,28.339481],[85.492233,28.339456],[85.492257,28.339431],[85.49228,28.339406],[85.492315,28.339368],[85.492345,28.339334],[85.49238,28.339294],[85.492399,28.339271],[85.492432,28.33923],[85.492451,28.339206],[85.492483,28.339164],[85.492502,28.339139],[85.492528,28.339102],[85.492537,28.33909],[85.492569,28.339042],[85.492588,28.339013],[85.49262,28.338963],[85.492629,28.338948],[85.492651,28.338911],[85.49266,28.338896],[85.492683,28.338854],[85.49269,28.33884],[85.492711,28.338801],[85.492718,28.338786],[85.492738,28.338747],[85.492745,28.338732],[85.492764,28.338689],[85.492771,28.338675],[85.49279,28.338628],[85.492796,28.338615],[85.49282,28.33855],[85.49283,28.338522],[85.492852,28.338458],[85.492856,28.338444],[85.49287,28.338396],[85.492874,28.33838],[85.492886,28.338335],[85.49289,28.33832],[85.4929,28.338278],[85.492903,28.338262],[85.492912,28.338221],[85.492915,28.338205],[85.492923,28.338161],[85.492926,28.338144],[85.492934,28.338085],[85.492939,28.33805],[85.492946,28.337979],[85.492949,28.337947],[85.492952,28.337886],[85.492954,28.337857],[85.492955,28.337806],[85.492955,28.337776],[85.492955,28.337723],[85.492954,28.337692],[85.492953,28.337646],[85.492951,28.337615],[85.492949,28.337582],[85.492948,28.337566],[85.492945,28.337531],[85.492942,28.337497],[85.492937,28.337457],[85.492933,28.337424],[85.492933,28.33742],[85.492992,28.337391],[85.493006,28.337383],[85.493083,28.33734],[85.493097,28.337332],[85.493175,28.337284],[85.493187,28.337276],[85.49326,28.337226],[85.493272,28.337218],[85.493347,28.337162],[85.493358,28.337153],[85.493448,28.337078],[85.493462,28.337065],[85.49356,28.336973],[85.493573,28.336959],[85.493655,28.336869],[85.493665,28.336859],[85.493728,28.33678],[85.493737,28.336769],[85.493797,28.336687],[85.493806,28.336673],[85.493857,28.336593],[85.493866,28.336579],[85.493903,28.336515],[85.493909,28.336504],[85.493945,28.336434],[85.493956,28.336412],[85.493994,28.336329],[85.494005,28.336301],[85.494033,28.336231],[85.494044,28.336203],[85.494066,28.336138],[85.494076,28.336109],[85.494095,28.336046],[85.494103,28.336016],[85.494122,28.335945],[85.494129,28.335913],[85.494144,28.335844],[85.49415,28.335813],[85.494162,28.335741],[85.494166,28.335707],[85.494174,28.335641],[85.494178,28.335607],[85.494183,28.335546],[85.494184,28.335517],[85.494187,28.335469],[85.494188,28.33544],[85.494188,28.335404],[85.494188,28.33539],[85.494188,28.335352],[85.494188,28.335322],[85.494186,28.335268],[85.494184,28.335222],[85.49418,28.335167],[85.494178,28.335135],[85.494174,28.335096],[85.494171,28.335064],[85.494166,28.335025],[85.494162,28.334992],[85.494156,28.334954],[85.494151,28.334921],[85.494145,28.334887],[85.494139,28.334853],[85.494134,28.334824],[85.49413,28.334807],[85.494123,28.334772],[85.494112,28.33472],[85.494103,28.334684],[85.494099,28.334667],[85.494091,28.334634],[85.494082,28.334602],[85.494073,28.334569],[85.494068,28.334553],[85.494058,28.334519],[85.494048,28.334486],[85.494037,28.334452],[85.494031,28.334436],[85.494019,28.334401],[85.494007,28.334369],[85.493995,28.334335],[85.493989,28.334319],[85.493975,28.334286],[85.493962,28.334253],[85.493948,28.334221],[85.493941,28.334204],[85.493927,28.334172],[85.493912,28.334139],[85.493892,28.334097],[85.493876,28.334065],[85.493855,28.334024],[85.493838,28.333992],[85.493821,28.333961],[85.493812,28.333945],[85.493795,28.333915],[85.493777,28.333884],[85.493759,28.333853],[85.493749,28.333838],[85.493731,28.333808],[85.493712,28.333778],[85.493702,28.333763],[85.493748,28.333756],[85.493775,28.333752],[85.493831,28.333744],[85.493849,28.333741],[85.493887,28.333735],[85.493908,28.333731],[85.493945,28.333725],[85.493967,28.333721],[85.494003,28.333714],[85.494024,28.33371],[85.494079,28.333699],[85.494105,28.333694],[85.494142,28.333687],[85.494172,28.33368],[85.49421,28.333672],[85.494235,28.333666],[85.494273,28.333657],[85.494296,28.333652],[85.494334,28.333643],[85.494364,28.333635],[85.494401,28.333626],[85.494437,28.333616],[85.494508,28.333597],[85.494534,28.333589],[85.494586,28.333574],[85.494606,28.333568],[85.494642,28.333558],[85.494664,28.333551],[85.494699,28.33354],[85.494738,28.333528],[85.494772,28.333516],[85.494829,28.333497],[85.494862,28.333485],[85.494918,28.333464],[85.494933,28.333458],[85.494975,28.333441],[85.49499,28.333434],[85.495035,28.333415],[85.495051,28.333408],[85.49512,28.333376],[85.495147,28.333363],[85.495212,28.33333],[85.495226,28.333323],[85.495272,28.333298],[85.495286,28.33329],[85.495333,28.333262],[85.495347,28.333254],[85.495394,28.333225],[85.495408,28.333216],[85.495463,28.33318],[85.495478,28.33317],[85.49554,28.333126],[85.495555,28.333115],[85.495618,28.333067],[85.495631,28.333057],[85.495692,28.333006],[85.495704,28.332995],[85.495765,28.33294],[85.495776,28.33293],[85.495832,28.332875],[85.495842,28.332864],[85.495898,28.332805],[85.495908,28.332793],[85.495958,28.332734],[85.495968,28.332723],[85.496014,28.332664],[85.496023,28.332652],[85.496069,28.332588],[85.496078,28.332575],[85.49612,28.332512],[85.496128,28.332498],[85.496166,28.332435],[85.496174,28.332421],[85.496209,28.332355],[85.496217,28.332341],[85.496248,28.332276],[85.496255,28.332261],[85.496284,28.332195],[85.49629,28.33218],[85.496316,28.332112],[85.496321,28.332097],[85.496344,28.33203],[85.496348,28.332016],[85.496368,28.331947],[85.496372,28.331932],[85.496388,28.331865],[85.496391,28.331852],[85.496403,28.33179],[85.496406,28.331777],[85.496416,28.331713],[85.496418,28.331699],[85.496425,28.331636],[85.496426,28.331622],[85.496431,28.331558],[85.496432,28.331543],[85.496434,28.331482],[85.496434,28.331467],[85.496434,28.331406],[85.496434,28.331391],[85.496432,28.331332],[85.496431,28.331317],[85.496426,28.33126],[85.496425,28.331243],[85.496419,28.331192],[85.496417,28.331175],[85.496411,28.33113],[85.496408,28.331113],[85.496401,28.331068],[85.496398,28.331052],[85.496385,28.330991],[85.496379,28.330962],[85.496362,28.330895],[85.496354,28.330866],[85.496335,28.330799],[85.496326,28.330772],[85.496303,28.330703],[85.496294,28.330678],[85.496266,28.330607],[85.496256,28.330582],[85.496222,28.330506],[85.49621,28.330482],[85.496169,28.3304],[85.496156,28.330377],[85.496118,28.33031],[85.496111,28.330299],[85.496082,28.330252],[85.496075,28.330242],[85.496041,28.330192],[85.496034,28.330181],[85.495994,28.330126],[85.495986,28.330116],[85.495941,28.330058],[85.495933,28.330048],[85.495882,28.329989],[85.495873,28.329978],[85.495818,28.32992],[85.495809,28.32991],[85.49575,28.329852],[85.49574,28.329843],[85.495679,28.329788],[85.495669,28.329779],[85.495606,28.329727],[85.495594,28.329717],[85.495532,28.32967],[85.49552,28.329661],[85.495462,28.329619],[85.495449,28.329611],[85.495398,28.329577],[85.495385,28.329569],[85.495342,28.329542],[85.495329,28.329534],[85.495287,28.32951],[85.495277,28.329501],[85.495231,28.32946],[85.495217,28.329449],[85.495166,28.329407],[85.495152,28.329396],[85.4951,28.329356],[85.495088,28.329348],[85.495024,28.329302],[85.494999,28.329285],[85.494916,28.329232],[85.49489,28.329216],[85.494833,28.329182],[85.494819,28.329174],[85.494779,28.329152],[85.494746,28.329122],[85.494735,28.329112],[85.494677,28.329062],[85.494666,28.329053],[85.494598,28.329],[85.494586,28.328991],[85.494507,28.328934],[85.494495,28.328926],[85.494417,28.328875],[85.494408,28.32887],[85.494341,28.32883],[85.494332,28.328826],[85.494227,28.32877],[85.494211,28.328762],[85.49414,28.328729],[85.494067,28.328698],[85.494049,28.328691],[85.493905,28.328638],[85.493886,28.328632],[85.493762,28.328596],[85.493749,28.328592],[85.493651,28.328569],[85.493638,28.328566],[85.493544,28.328548],[85.49353,28.328546],[85.493434,28.328531],[85.493419,28.32853],[85.493328,28.32852],[85.493313,28.328518],[85.493228,28.328513],[85.493213,28.328512],[85.493211,28.328512],[85.493286,28.328358],[85.493336,28.328284],[85.493384,28.328208],[85.493428,28.328129],[85.493468,28.328049],[85.493618,28.327729],[85.493649,28.327656],[85.493747,28.327417],[85.49378,28.32733],[85.493793,28.327292],[85.493847,28.327226],[85.493882,28.327181],[85.494055,28.327032],[85.494128,28.326966],[85.494197,28.326896],[85.494262,28.326823],[85.494464,28.326585],[85.494495,28.326548],[85.494686,28.326309],[85.494747,28.326229],[85.494804,28.326145],[85.494855,28.326059],[85.4949,28.325971],[85.494941,28.325881],[85.494975,28.325788],[85.495047,28.325579],[85.495308,28.325005],[85.495397,28.324985],[85.495493,28.324959],[85.495588,28.324928],[85.495819,28.324847],[85.495915,28.324811],[85.49601,28.324771],[85.496101,28.324726],[85.49619,28.324677],[85.496276,28.324624],[85.496359,28.324567],[85.496439,28.324507],[85.496514,28.324443],[85.496586,28.324376],[85.496654,28.324305],[85.496718,28.324232],[85.496778,28.324156],[85.496833,28.324077],[85.496883,28.323996],[85.496937,28.323904],[85.496981,28.323823],[85.497021,28.323739],[85.497056,28.323655],[85.497086,28.323568],[85.497112,28.323481],[85.497132,28.323392],[85.497147,28.323303],[85.497151,28.323277],[85.497328,28.323161],[85.497443,28.323079],[85.497547,28.323001],[85.497845,28.322856],[85.497936,28.322809],[85.498024,28.322758],[85.498109,28.322703],[85.498191,28.322644],[85.498269,28.322582],[85.498343,28.322516],[85.498414,28.322447],[85.498573,28.322282],[85.498636,28.322213],[85.498695,28.322142],[85.498751,28.322068],[85.498802,28.321992],[85.498848,28.321913],[85.498891,28.321833],[85.498929,28.321751],[85.498962,28.321667],[85.499013,28.321527],[85.4995,28.321229],[85.499606,28.321159],[85.499707,28.321084],[85.499787,28.321019],[85.500041,28.32085],[85.500123,28.320792],[85.500202,28.32073],[85.500277,28.320665],[85.500348,28.320596],[85.500592,28.320349],[85.500658,28.320279],[85.500719,28.320206],[85.500777,28.320131],[85.50083,28.320053],[85.500878,28.319973],[85.500922,28.319891],[85.500961,28.319807],[85.501037,28.319632],[85.501077,28.319531],[85.501264,28.319007],[85.501307,28.31898],[85.501389,28.318922],[85.501467,28.318861],[85.501542,28.318797],[85.501753,28.318605],[85.501822,28.31854],[85.501887,28.318471],[85.501948,28.3184],[85.502005,28.318326],[85.502058,28.31825],[85.502107,28.318171],[85.502246,28.317933],[85.502292,28.317848],[85.502333,28.317762],[85.502336,28.317755],[85.502367,28.317728],[85.502653,28.317463],[85.502666,28.31745],[85.502889,28.31724],[85.502962,28.317166],[85.503035,28.317089],[85.503179,28.316984],[85.503272,28.316911],[85.503558,28.316674],[85.503632,28.316609],[85.503702,28.31654],[85.503768,28.316469],[85.50383,28.316395],[85.503888,28.316318],[85.503941,28.316239],[85.504144,28.315917],[85.504193,28.315835],[85.504237,28.315751],[85.504276,28.315664],[85.504296,28.315613],[85.504371,28.315584],[85.504467,28.315542],[85.50456,28.315495],[85.504651,28.315444],[85.504738,28.315388],[85.504822,28.315329],[85.504903,28.315266],[85.504979,28.315199],[85.505051,28.315129],[85.505119,28.315055],[85.505183,28.314978],[85.505242,28.314899],[85.505296,28.314817],[85.505345,28.314732],[85.505389,28.314646],[85.505449,28.31452],[85.505477,28.314487],[85.505537,28.314406],[85.505593,28.314322],[85.505644,28.314236],[85.505689,28.314148],[85.505729,28.314057],[85.505763,28.313965],[85.505792,28.313871],[85.505814,28.313776],[85.505832,28.31368],[85.505843,28.313583],[85.505848,28.313486],[85.505847,28.313389],[85.505844,28.313332],[85.505849,28.313311],[85.505917,28.312998],[85.505933,28.312964],[85.505969,28.312875],[85.505985,28.312827],[85.505991,28.312821],[85.506122,28.31269],[85.50616,28.312652],[85.506342,28.31246],[85.506502,28.312296],[85.506561,28.312233],[85.506804,28.31196],[85.507098,28.311725],[85.507167,28.311667],[85.507233,28.311606],[85.507508,28.311341],[85.507594,28.311253],[85.507673,28.31116],[85.50779,28.311014],[85.50785,28.310934],[85.507905,28.310852],[85.507955,28.310768],[85.508,28.310681],[85.50802,28.310639],[85.508097,28.310525],[85.508125,28.310484],[85.50829,28.310224],[85.508383,28.310089],[85.508501,28.309937],[85.50853,28.309897],[85.50878,28.309787],[85.508877,28.309741],[85.508972,28.309691],[85.509063,28.309636],[85.509151,28.309577],[85.509235,28.309514],[85.509315,28.309447],[85.509391,28.309376],[85.509463,28.309301],[85.509529,28.309223],[85.509678,28.30904],[85.509731,28.308972],[85.50996,28.308661],[85.510014,28.308584],[85.510063,28.308505],[85.510107,28.308424],[85.510147,28.308341],[85.510182,28.308256],[85.510213,28.30817],[85.510238,28.308082],[85.510259,28.307994],[85.510274,28.307905],[85.510285,28.307815],[85.51029,28.307725],[85.510291,28.307678],[85.510292,28.307621],[85.510292,28.307573],[85.510291,28.30752],[85.510289,28.30747],[85.510286,28.307421],[85.510283,28.307369],[85.51028,28.307333],[85.510277,28.307304],[85.510275,28.307281],[85.510272,28.307252],[85.510268,28.307221],[85.510263,28.307175],[85.510257,28.307137],[85.51025,28.30709],[85.510244,28.307052],[85.510239,28.307022],[85.510231,28.306982],[85.510222,28.306936],[85.510212,28.30689],[85.510205,28.306858],[85.510195,28.306816],[85.510195,28.306809],[85.510198,28.306787],[85.510207,28.3067],[85.510209,28.306678],[85.510214,28.306625],[85.510217,28.306592],[85.51022,28.306548],[85.510222,28.306507],[85.510225,28.306461],[85.510226,28.306416],[85.510227,28.306368],[85.510227,28.306325],[85.510227,28.306275],[85.510226,28.30624],[85.510225,28.306205],[85.510223,28.306174],[85.510221,28.306122],[85.510219,28.306093],[85.510216,28.306043],[85.510214,28.306027],[85.510211,28.305977],[85.510209,28.30596],[85.510204,28.305908],[85.510203,28.305894],[85.510182,28.305684],[85.510179,28.305642],[85.510177,28.305626],[85.510176,28.305603],[85.510211,28.305497],[85.510218,28.305475],[85.510229,28.305442],[85.510239,28.305412],[85.510248,28.305381],[85.510258,28.305345],[85.510265,28.305319],[85.510276,28.305278],[85.510284,28.305248],[85.510295,28.305198],[85.510302,28.305165],[85.510313,28.305111],[85.510318,28.305082],[85.510325,28.305037],[85.51033,28.305008],[85.510336,28.30496],[85.51034,28.304929],[85.510345,28.304883],[85.510348,28.30485],[85.510351,28.304804],[85.510354,28.304755],[85.510356,28.304715],[85.510357,28.304683],[85.510358,28.304662],[85.510359,28.30463],[85.510359,28.304605],[85.51036,28.304553],[85.510362,28.304552],[85.510379,28.304547],[85.510429,28.304529],[85.510446,28.304523],[85.510517,28.304496],[85.510548,28.304484],[85.510609,28.304458],[85.510624,28.304452],[85.510669,28.304432],[85.5107,28.304417],[85.510749,28.304394],[85.5108,28.304369],[85.510841,28.304348],[85.510874,28.304331],[85.510909,28.304312],[85.510926,28.304303],[85.51096,28.304284],[85.510977,28.304274],[85.511024,28.304246],[85.511041,28.304236],[85.5111,28.304199],[85.511116,28.304189],[85.511184,28.304142],[85.511197,28.304133],[85.511269,28.304079],[85.511281,28.304069],[85.511363,28.304002],[85.511375,28.303991],[85.511465,28.303908],[85.511476,28.303897],[85.511566,28.303801],[85.511575,28.303791],[85.51166,28.303687],[85.511668,28.303676],[85.511747,28.303561],[85.511754,28.303551],[85.511823,28.303432],[85.511829,28.303421],[85.511889,28.303296],[85.511893,28.303286],[85.51194,28.303163],[85.511944,28.303152],[85.51198,28.303029],[85.511983,28.303019],[85.512008,28.302903],[85.512009,28.302893],[85.512026,28.302775],[85.512027,28.302763],[85.512033,28.302673],[85.512046,28.30267],[85.512081,28.30266],[85.512147,28.302639],[85.512165,28.302634],[85.512236,28.30261],[85.512267,28.302599],[85.512351,28.302566],[85.512382,28.302554],[85.512449,28.302525],[85.512465,28.302518],[85.512509,28.302498],[85.512525,28.30249],[85.512565,28.30247],[85.512581,28.302462],[85.512621,28.302442],[85.512637,28.302433],[85.512673,28.302414],[85.512689,28.302405],[85.512735,28.302379],[85.512764,28.302362],[85.512824,28.302326],[85.512862,28.302302],[85.512922,28.302263],[85.51296,28.302236],[85.513005,28.302205],[85.513031,28.302186],[85.513063,28.302163],[85.513089,28.302143],[85.513125,28.302115],[85.513165,28.302083],[85.513197,28.302058],[85.513224,28.302036],[85.513247,28.302016],[85.513276,28.301992],[85.513295,28.301975],[85.513324,28.301951],[85.51334,28.301936],[85.513365,28.301914],[85.51338,28.301901],[85.513416,28.301867],[85.513429,28.301855],[85.513456,28.301831],[85.513469,28.301819],[85.513508,28.301782],[85.513527,28.301763],[85.513553,28.301738],[85.513585,28.301706],[85.513621,28.30167],[85.513659,28.301629],[85.513682,28.301604],[85.513715,28.301568],[85.513727,28.301554],[85.513752,28.301525],[85.513764,28.301511],[85.513789,28.301481],[85.5138,28.301466],[85.513828,28.301431],[85.513839,28.301416],[85.513869,28.301376],[85.513879,28.301362],[85.513906,28.301323],[85.513916,28.301309],[85.513942,28.301269],[85.513951,28.301255],[85.513979,28.301211],[85.513988,28.301196],[85.514014,28.30115],[85.514021,28.301138],[85.514054,28.301076],[85.514067,28.301052],[85.514098,28.300987],[85.514104,28.300973],[85.514123,28.30093],[85.514129,28.300916],[85.514138,28.300892],[85.514166,28.300867],[85.514204,28.300833],[85.514243,28.300796],[85.514276,28.300764],[85.514289,28.300751],[85.514319,28.300721],[85.514339,28.3007],[85.514378,28.300659],[85.514397,28.300637],[85.514432,28.300598],[85.514444,28.300584],[85.514471,28.300553],[85.514482,28.300539],[85.514509,28.300505],[85.51452,28.300491],[85.514549,28.300453],[85.514559,28.300439],[85.514586,28.300402],[85.514595,28.300388],[85.514622,28.300348],[85.514632,28.300335],[85.514655,28.300297],[85.514735,28.300258],[85.514744,28.300253],[85.514822,28.30021],[85.514831,28.300205],[85.514907,28.300159],[85.514915,28.300154],[85.514988,28.300105],[85.514996,28.3001],[85.515064,28.30005],[85.515072,28.300044],[85.515137,28.299992],[85.515144,28.299986],[85.515233,28.299908],[85.515246,28.299895],[85.515323,28.299818],[85.51533,28.299811],[85.515391,28.299744],[85.515402,28.29973],[85.515464,28.299654],[85.515475,28.29964],[85.515523,28.299574],[85.515534,28.29956],[85.515576,28.299497],[85.515585,28.299481],[85.515624,28.299419],[85.515632,28.299404],[85.515666,28.299342],[85.515674,28.299328],[85.515706,28.299264],[85.515712,28.29925],[85.515742,28.299184],[85.515748,28.29917],[85.515776,28.2991],[85.515781,28.299087],[85.515806,28.299013],[85.51581,28.299],[85.515833,28.298921],[85.515837,28.298908],[85.515853,28.29884],[85.515875,28.298811],[85.515905,28.298773],[85.51593,28.298739],[85.515959,28.298701],[85.515973,28.29868],[85.515993,28.298652],[85.516004,28.298637],[85.516053,28.298567],[85.516055,28.298566],[85.5161,28.298534],[85.516131,28.298512],[85.516146,28.298501],[85.51618,28.298475],[85.516207,28.298455],[85.516256,28.298416],[85.516281,28.298396],[85.516334,28.298352],[85.516356,28.298332],[85.5164,28.298292],[85.516414,28.29828],[85.516446,28.298249],[85.516459,28.298236],[85.516489,28.298206],[85.516502,28.298193],[85.516506,28.298188],[85.516521,28.298184],[85.516572,28.298169],[85.516591,28.298163],[85.516642,28.298147],[85.516676,28.298135],[85.516727,28.298118],[85.51676,28.298105],[85.516806,28.298088],[85.51686,28.298067],[85.516889,28.298056],[85.516995,28.298012],[85.517003,28.298009],[85.517145,28.297951],[85.517166,28.297942],[85.517218,28.29792],[85.517237,28.297912],[85.517305,28.297882],[85.517328,28.297872],[85.517378,28.29785],[85.517413,28.297834],[85.517459,28.297812],[85.517496,28.297794],[85.517544,28.297771],[85.517581,28.297751],[85.517616,28.297734],[85.51765,28.297715],[85.517683,28.297697],[85.51772,28.297677],[85.517751,28.297659],[85.517779,28.297643],[85.517795,28.297634],[85.517826,28.297615],[85.517855,28.297597],[85.517884,28.297579],[85.517899,28.297569],[85.517932,28.297547],[85.517943,28.29754],[85.518152,28.297529],[85.519093,28.297479],[85.519104,28.297479],[85.519465,28.297458],[85.51947,28.297458],[85.519512,28.297455],[85.519516,28.297456],[85.519525,28.297459],[85.519594,28.297479],[85.5197,28.297506],[85.519808,28.297529],[85.519917,28.297546],[85.520026,28.297558],[85.520136,28.297565],[85.520247,28.297567],[85.520312,28.297566],[85.520358,28.297566],[85.520392,28.297566],[85.520712,28.297562],[85.521006,28.297559],[85.521566,28.297554],[85.521597,28.297553],[85.521625,28.297553],[85.521654,28.297554],[85.521675,28.297555],[85.522342,28.297577],[85.522622,28.297586],[85.522943,28.297597],[85.522969,28.297598],[85.523023,28.297599],[85.523088,28.297601],[85.523189,28.297602],[85.52329,28.297599],[85.523391,28.297591],[85.523491,28.297579],[85.523591,28.297563],[85.523652,28.297551],[85.523683,28.297545],[85.523712,28.29754],[85.524228,28.297442],[85.524882,28.297318],[85.5252,28.297258],[85.525211,28.297256],[85.525251,28.297248],[85.525274,28.297244],[85.525275,28.297244],[85.525341,28.297231],[85.525451,28.297208],[85.525559,28.297179],[85.525665,28.297145],[85.525728,28.297123],[85.525728,28.297122],[85.525753,28.297114],[85.525809,28.297095],[85.525817,28.297092],[85.526248,28.29694],[85.5273,28.296572],[85.527306,28.29657],[85.527344,28.296557],[85.527431,28.296526],[85.527526,28.29649],[85.527622,28.296452],[85.527647,28.296442],[85.527655,28.296438],[85.528724,28.296008],[85.529055,28.295875],[85.529065,28.295871],[85.52912,28.295848],[85.529145,28.295838],[85.529205,28.295814],[85.529298,28.295774],[85.529389,28.295729],[85.529477,28.295681],[85.529563,28.295629],[85.529616,28.295594],[85.529638,28.295581],[85.529687,28.295549],[85.529697,28.295543],[85.529939,28.295385],[85.530327,28.295135],[85.530435,28.295065],[85.530579,28.294973],[85.530605,28.294957],[85.530638,28.294935],[85.530673,28.294911],[85.530689,28.294901],[85.530695,28.294896],[85.530721,28.294879],[85.530804,28.294823],[85.530883,28.294763],[85.530959,28.2947],[85.531031,28.294633],[85.531099,28.294563],[85.531162,28.29449],[85.531222,28.294414],[85.531277,28.294336],[85.531327,28.294255],[85.531373,28.294172],[85.531414,28.294087],[85.53145,28.294],[85.531481,28.293912],[85.531507,28.293823],[85.531527,28.293732],[85.531542,28.293641],[85.531547,28.293608],[85.53155,28.29359],[85.531556,28.293555],[85.531562,28.293515],[85.531567,28.29348],[85.531569,28.293466],[85.531586,28.293328],[85.531602,28.29321],[85.531784,28.291893],[85.531785,28.291888],[85.53179,28.291851],[85.531801,28.291768],[85.531811,28.29168],[85.531818,28.291597],[85.531821,28.29156],[85.531821,28.291554],[85.531925,28.290288],[85.531954,28.289932],[85.531955,28.289924],[85.531961,28.289853],[85.531961,28.289852],[85.531966,28.289788],[85.531971,28.289692],[85.53197,28.289595],[85.531968,28.289532],[85.531968,28.289531],[85.531966,28.289477],[85.531965,28.289468],[85.531951,28.289108],[85.531872,28.287092],[85.531864,28.286864],[85.531858,28.28667],[85.531857,28.286647],[85.531855,28.286611],[85.531853,28.286577],[85.531852,28.286559],[85.531851,28.286548],[85.53185,28.286514],[85.531843,28.286418],[85.531831,28.286322],[85.531812,28.286227],[85.531788,28.286133],[85.531759,28.286041],[85.531724,28.285949],[85.531683,28.28586],[85.531637,28.285773],[85.531586,28.285688],[85.53153,28.285605],[85.531469,28.285525],[85.531403,28.285448],[85.531333,28.285375],[85.531308,28.28535],[85.531304,28.285346],[85.531291,28.285332],[85.531265,28.285306],[85.531239,28.285279],[85.53122,28.28526],[85.531061,28.285105],[85.531006,28.28505],[85.530904,28.284949],[85.530864,28.284887],[85.530808,28.2848],[85.530713,28.28465],[85.530703,28.284635],[85.530684,28.284605],[85.530666,28.284579],[85.530656,28.284564],[85.530635,28.284533],[85.530625,28.284519],[85.530625,28.284518],[85.530612,28.284499],[85.530556,28.284417],[85.530494,28.284338],[85.530428,28.284261],[85.530358,28.284188],[85.530283,28.284119],[85.530204,28.284053],[85.530121,28.28399],[85.530035,28.283932],[85.529945,28.283878],[85.529852,28.283828],[85.529756,28.283783],[85.529658,28.283742],[85.529558,28.283706],[85.529455,28.283675],[85.52935,28.283649],[85.529245,28.283627],[85.529138,28.283611],[85.52903,28.2836],[85.528921,28.283593],[85.528895,28.283592],[85.528889,28.283592],[85.528869,28.283591],[85.52883,28.283589],[85.52881,28.283588],[85.528777,28.283586],[85.528737,28.283585],[85.528719,28.283584],[85.528581,28.283581],[85.528448,28.283577],[85.528046,28.283564],[85.527712,28.283552],[85.526829,28.283269],[85.526191,28.282989],[85.526173,28.282967],[85.526166,28.282959],[85.526094,28.282874],[85.526076,28.282854],[85.526034,28.282805],[85.525973,28.282736],[85.525908,28.282671],[85.52584,28.282608],[85.525768,28.282548],[85.525717,28.282507],[85.525676,28.282474],[85.525661,28.282462],[85.525436,28.282284],[85.525123,28.282035],[85.524993,28.281931],[85.524876,28.281837],[85.524862,28.281826],[85.524817,28.28179],[85.524772,28.281755],[85.524764,28.281749],[85.52473,28.281723],[85.524646,28.281659],[85.524557,28.2816],[85.524465,28.281544],[85.52437,28.281494],[85.524271,28.281448],[85.52417,28.281407],[85.524067,28.28137],[85.523962,28.281339],[85.523855,28.281313],[85.523746,28.281292],[85.523636,28.281276],[85.523592,28.281271],[85.52357,28.281268],[85.523531,28.281263],[85.523486,28.281257],[85.523269,28.281233],[85.523156,28.28122],[85.52262,28.281157],[85.522587,28.281153],[85.522572,28.281151],[85.522499,28.281143],[85.522397,28.281133],[85.522296,28.281128],[85.522193,28.281127],[85.522091,28.281131],[85.522025,28.281135],[85.521997,28.281137],[85.521969,28.281138],[85.521716,28.281154],[85.521399,28.281025],[85.521242,28.28096],[85.521241,28.28096],[85.520246,28.280553],[85.520148,28.280515],[85.520047,28.280483],[85.519945,28.280454],[85.519841,28.280431],[85.519736,28.280412],[85.51963,28.280399],[85.519523,28.28039],[85.519416,28.280387],[85.519309,28.280388],[85.519202,28.280394],[85.519095,28.280406],[85.51899,28.280422],[85.518885,28.280443],[85.518782,28.280469],[85.518681,28.2805],[85.518581,28.280535],[85.518484,28.280575],[85.518389,28.280619],[85.518297,28.280668],[85.518208,28.280721],[85.518123,28.280778],[85.518097,28.280797],[85.518061,28.280805],[85.517094,28.281042],[85.516975,28.281075],[85.516859,28.281114],[85.516746,28.281159],[85.515871,28.281537],[85.515785,28.281576],[85.515701,28.281619],[85.515635,28.281657],[85.514011,28.28185],[85.513906,28.281865],[85.513803,28.281885],[85.5137,28.28191],[85.513599,28.281939],[85.5135,28.281973],[85.513403,28.282011],[85.513309,28.282054],[85.513217,28.282101],[85.513128,28.282152],[85.511187,28.283333],[85.511108,28.283385],[85.511031,28.283439],[85.510957,28.283497],[85.510886,28.283558],[85.510819,28.283622],[85.510755,28.283689],[85.509968,28.284553],[85.509637,28.284785],[85.509557,28.284845],[85.50948,28.284908],[85.509036,28.285291],[85.508633,28.28564],[85.508562,28.285703],[85.508496,28.28577],[85.508433,28.285839],[85.508374,28.285911],[85.50832,28.285986],[85.508269,28.286063],[85.508058,28.286403],[85.507629,28.286823],[85.5072,28.287222],[85.5064,28.287819],[85.506341,28.287865],[85.505736,28.288352],[85.505662,28.288415],[85.505597,28.288476],[85.505169,28.288646],[85.504827,28.288679],[85.504049,28.288739],[85.503903,28.288755],[85.502984,28.288886],[85.502839,28.288912],[85.502472,28.288989],[85.502039,28.289079],[85.501933,28.289104],[85.501828,28.289134],[85.501725,28.289169],[85.501625,28.289209],[85.501527,28.289254],[85.501432,28.289303],[85.50134,28.289357],[85.501251,28.289415],[85.501166,28.289477],[85.501085,28.289544],[85.500612,28.289952],[85.500004,28.290408],[85.499923,28.290472],[85.499845,28.290541],[85.499772,28.290613],[85.499703,28.290688],[85.499639,28.290766],[85.49958,28.290848],[85.499525,28.290932],[85.499476,28.291018],[85.498819,28.292257],[85.498077,28.293467],[85.498029,28.293549],[85.497987,28.293633],[85.497372,28.294938],[85.497335,28.295023],[85.497302,28.295109],[85.497169,28.295499],[85.49716,28.295526],[85.497032,28.29592],[85.497004,28.296017],[85.496902,28.296415],[85.496882,28.296501],[85.496867,28.296587],[85.49681,28.296988],[85.496801,28.297061],[85.496796,28.297134],[85.496785,28.297341],[85.496783,28.297413],[85.496782,28.297622],[85.496783,28.297705],[85.496785,28.29773],[85.496768,28.29777],[85.496754,28.297808],[85.496736,28.297854],[85.496726,28.297883],[85.496709,28.29793],[85.4967,28.297956],[85.496684,28.298004],[85.496676,28.298027],[85.49666,28.298076],[85.496654,28.298095],[85.496644,28.298128],[85.496639,28.298147],[85.496624,28.298197],[85.496619,28.298214],[85.496609,28.298248],[85.496604,28.298267],[85.49659,28.298319],[85.496586,28.298335],[85.496577,28.298369],[85.496572,28.298387],[85.49656,28.298435],[85.496556,28.298452],[85.496545,28.298498],[85.496542,28.298514],[85.496531,28.298561],[85.496527,28.298578],[85.496517,28.298626],[85.496514,28.29864],[85.496504,28.298688],[85.496501,28.298705],[85.496491,28.298754],[85.496489,28.298768],[85.49648,28.298817],[85.496477,28.298834],[85.496468,28.298884],[85.496465,28.298904],[85.496457,28.298954],[85.496453,28.298976],[85.496448,28.29901],[85.496445,28.299037],[85.49644,28.299072],[85.496436,28.299103],[85.496431,28.299156],[85.496427,28.299194],[85.496424,28.299228],[85.496422,28.29926],[85.496419,28.299293],[85.496418,28.299315],[85.496416,28.299349],[85.496415,28.299376],[85.496414,28.299426],[85.496413,28.299456],[85.496412,28.299504],[85.496412,28.299526],[85.496412,28.299592],[85.496412,28.299612],[85.496414,28.299785],[85.496414,28.299836],[85.496414,28.299873],[85.496413,28.299896],[85.496413,28.299897],[85.496412,28.299899],[85.496407,28.299918],[85.4964,28.29994],[85.496393,28.299964],[85.496383,28.299994],[85.496371,28.300028],[85.496352,28.300082],[85.496306,28.30021],[85.496208,28.300476],[85.496183,28.300543],[85.496149,28.300629],[85.496135,28.300665],[85.496115,28.300714],[85.496088,28.300779],[85.49607,28.300824],[85.496044,28.300882],[85.496018,28.300937],[85.495999,28.300979],[85.495971,28.301035],[85.495953,28.30107],[85.495919,28.301133],[85.495877,28.301217],[85.495839,28.301303],[85.495807,28.30139],[85.495779,28.301479],[85.495757,28.301569],[85.49574,28.30166],[85.495729,28.301751],[85.495722,28.301843],[85.495721,28.301935],[85.495725,28.302027],[85.495734,28.302119],[85.495749,28.30221],[85.495769,28.3023],[85.495969,28.303097],[85.49606,28.303642],[85.496073,28.303904],[85.496069,28.304163],[85.495982,28.304553],[85.495897,28.304839],[85.495869,28.304901],[85.49571,28.305079],[85.495656,28.305144],[85.495605,28.30521],[85.495557,28.305279],[85.495418,28.305488],[85.495331,28.305586],[85.495329,28.305588],[85.49517,28.305664],[85.494658,28.305836],[85.493813,28.306054],[85.493692,28.306089],[85.493282,28.30622],[85.493196,28.306249],[85.493112,28.306282],[85.49303,28.306318],[85.492696,28.306472],[85.492593,28.306523],[85.492259,28.3067],[85.492169,28.306751],[85.492082,28.306805],[85.491998,28.306864],[85.491721,28.307069],[85.491642,28.307131],[85.491567,28.307196],[85.491496,28.307264],[85.491428,28.307336],[85.491365,28.30741],[85.491307,28.307488],[85.491253,28.307568],[85.491203,28.30765],[85.491153,28.307739],[85.491057,28.307847],[85.490994,28.307922],[85.490935,28.308],[85.49088,28.30808],[85.490831,28.308163],[85.490786,28.308249],[85.490747,28.308336],[85.490712,28.308424],[85.490683,28.308515],[85.490659,28.308606],[85.490641,28.308699],[85.490636,28.308728],[85.490623,28.308739],[85.490412,28.308921],[85.49034,28.308987],[85.490323,28.308998],[85.490239,28.309054],[85.49016,28.309114],[85.490083,28.309178],[85.490011,28.309244],[85.489942,28.309314],[85.489878,28.309388],[85.489818,28.309463],[85.489763,28.309542],[85.489712,28.309623],[85.489666,28.309706],[85.489602,28.309828],[85.489542,28.309902],[85.489486,28.309975],[85.489433,28.310051],[85.489337,28.310198],[85.489282,28.310288],[85.489233,28.310381],[85.489147,28.310556],[85.489097,28.310665],[85.489,28.310905],[85.488965,28.310999],[85.488921,28.311128],[85.488894,28.311218],[85.488871,28.311309],[85.488854,28.311402],[85.488843,28.311494],[85.488834,28.311584],[85.488785,28.311603],[85.488689,28.311644],[85.488596,28.311691],[85.488506,28.311741],[85.488337,28.311841],[85.488248,28.311897],[85.488163,28.311957],[85.488081,28.31202],[85.487957,28.312123],[85.487764,28.312175],[85.487639,28.312212],[85.487517,28.312257],[85.487202,28.312383],[85.487087,28.312433],[85.486976,28.312489],[85.486824,28.312571],[85.486725,28.312608],[85.486633,28.312644],[85.486543,28.312685],[85.486456,28.312729],[85.486119,28.312911],[85.486041,28.312955],[85.485965,28.313002],[85.485892,28.313052],[85.485743,28.313159],[85.485669,28.313207],[85.485393,28.313346],[85.485289,28.313401],[85.485189,28.313463],[85.484756,28.313745],[85.48469,28.313789],[85.484626,28.313837],[85.484331,28.314064],[85.484249,28.314131],[85.484172,28.3142],[85.4841,28.314274],[85.484031,28.314351],[85.483904,28.314503],[85.48382,28.3146],[85.483757,28.314676],[85.483699,28.314755],[85.483646,28.314836],[85.483597,28.31492],[85.483554,28.315006],[85.483515,28.315094],[85.483482,28.315183],[85.483438,28.315312],[85.483282,28.315775],[85.483264,28.315786],[85.483169,28.31582],[85.483071,28.315862],[85.482976,28.315907],[85.482884,28.315957],[85.482795,28.316011],[85.482709,28.31607],[85.482627,28.316132],[85.482549,28.316198],[85.482475,28.316268],[85.482405,28.316341],[85.48234,28.316417],[85.482279,28.316496],[85.482223,28.316578],[85.482172,28.316663],[85.482126,28.316749],[85.482086,28.316838],[85.48205,28.316929],[85.482021,28.317021],[85.481998,28.317107],[85.481974,28.317131],[85.481859,28.317241],[85.481767,28.317314],[85.481683,28.317386],[85.481603,28.317461],[85.481529,28.317541],[85.48146,28.317624],[85.481396,28.317711],[85.481235,28.317943],[85.481159,28.318023],[85.481143,28.318041],[85.481104,28.318083],[85.48108,28.31811],[85.481059,28.318134],[85.481039,28.318157],[85.481019,28.318181],[85.480994,28.31821],[85.480973,28.318236],[85.480952,28.318262],[85.480941,28.318276],[85.480919,28.318305],[85.480898,28.318333],[85.480873,28.318366],[85.480863,28.31838],[85.480843,28.318409],[85.480823,28.318437],[85.480801,28.318471],[85.480799,28.318474],[85.480749,28.318508],[85.480735,28.318518],[85.480694,28.318548],[85.480681,28.318559],[85.480637,28.318592],[85.480624,28.318603],[85.48058,28.318639],[85.480568,28.318649],[85.480528,28.318684],[85.480517,28.318695],[85.480478,28.318731],[85.480467,28.318741],[85.480424,28.318783],[85.480411,28.318796],[85.48037,28.318839],[85.480358,28.318852],[85.480321,28.318893],[85.480309,28.318907],[85.480277,28.318944],[85.480268,28.318955],[85.480233,28.318999],[85.480215,28.319022],[85.480173,28.319078],[85.480155,28.319102],[85.480127,28.319143],[85.480118,28.319156],[85.480095,28.319192],[85.480078,28.319218],[85.480048,28.319266],[85.48003,28.319295],[85.480006,28.319337],[85.47999,28.319367],[85.479968,28.319406],[85.479953,28.319435],[85.479933,28.319475],[85.479911,28.319518],[85.479893,28.319555],[85.479874,28.319596],[85.479861,28.319626],[85.47984,28.319673],[85.479831,28.319694],[85.479775,28.319827],[85.479772,28.319834],[85.479731,28.319932],[85.479724,28.319948],[85.479699,28.32001],[85.479688,28.320037],[85.479663,28.320101],[85.479654,28.320126],[85.479636,28.320174],[85.479627,28.320201],[85.479604,28.320266],[85.479595,28.320292],[85.479579,28.320342],[85.479572,28.320363],[85.479556,28.320413],[85.479549,28.320435],[85.479534,28.320486],[85.479527,28.32051],[85.479508,28.320578],[85.479501,28.320604],[85.479487,28.320656],[85.479482,28.320675],[85.479469,28.320727],[85.479463,28.320753],[85.479447,28.320822],[85.479441,28.32085],[85.479425,28.320919],[85.47942,28.320943],[85.479406,28.321013],[85.479403,28.321034],[85.479384,28.321132],[85.479382,28.321145],[85.479367,28.321227],[85.479364,28.321248],[85.47935,28.321333],[85.479346,28.321357],[85.479336,28.321425],[85.479332,28.321455],[85.479322,28.321526],[85.479319,28.321555],[85.479313,28.321606],[85.47931,28.321641],[85.479304,28.321705],[85.479301,28.321741],[85.479298,28.321789],[85.479296,28.32183],[85.479293,28.321892],[85.479292,28.321935],[85.479291,28.321983],[85.479291,28.322029],[85.479292,28.32208],[85.479294,28.322128],[85.479296,28.322178],[85.479299,28.322232],[85.479301,28.322247],[85.47925,28.322236],[85.479142,28.322217],[85.479033,28.322203],[85.478923,28.322194],[85.478813,28.322191],[85.478703,28.322192],[85.478593,28.322199],[85.478483,28.322212],[85.478375,28.322229],[85.478268,28.322252],[85.478162,28.32228],[85.478058,28.322313],[85.477956,28.32235],[85.477464,28.322547],[85.477361,28.322591],[85.477261,28.322641],[85.477164,28.322695],[85.477071,28.322754],[85.476923,28.322853],[85.476802,28.322941],[85.47662,28.323083],[85.476544,28.323146],[85.476472,28.323212],[85.476404,28.323281],[85.47634,28.323353],[85.47628,28.323428],[85.476224,28.323505],[85.476107,28.323677],[85.476055,28.323759],[85.476007,28.323844],[85.475965,28.32393],[85.475928,28.324018],[85.475896,28.324108],[85.475869,28.3242],[85.475848,28.324292],[85.475832,28.324385],[85.475828,28.324422],[85.475797,28.324448],[85.475723,28.324521],[85.475653,28.324597],[85.475404,28.324883],[85.475338,28.324963],[85.475277,28.325046],[85.475222,28.325132],[85.475172,28.325221],[85.475127,28.325312],[85.475088,28.325404],[85.475055,28.325499],[85.475028,28.325595],[85.475007,28.325692],[85.474992,28.32579],[85.474955,28.326093],[85.474947,28.326179],[85.474944,28.326256],[85.474841,28.326505],[85.474733,28.326639],[85.47451,28.326896],[85.474452,28.326965],[85.474399,28.327037],[85.474216,28.327295],[85.47416,28.327379],[85.474133,28.327379],[85.474113,28.32738],[85.474077,28.327382],[85.474041,28.327383],[85.473999,28.327386],[85.473963,28.327388],[85.473918,28.327392],[85.473882,28.327395],[85.473841,28.327399],[85.473806,28.327403],[85.473775,28.327406],[85.47374,28.327411],[85.473712,28.327414],[85.473673,28.327419],[85.473652,28.327422],[85.473594,28.32743],[85.473581,28.327432],[85.473523,28.327441],[85.473505,28.327444],[85.473447,28.327453],[85.473418,28.327457],[85.473382,28.327464],[85.473355,28.327468],[85.473318,28.327475],[85.473278,28.327483],[85.473229,28.327493],[85.473175,28.327504],[85.473127,28.327515],[85.473065,28.32753],[85.473018,28.327542],[85.47295,28.327561],[85.472906,28.327573],[85.472839,28.327594],[85.472802,28.327606],[85.472743,28.327626],[85.472707,28.327639],[85.472656,28.327658],[85.472635,28.327666],[85.472509,28.327691],[85.472496,28.327694],[85.472438,28.327706],[85.472414,28.327711],[85.472359,28.327723],[85.472322,28.327731],[85.472271,28.327743],[85.472235,28.327752],[85.472201,28.32776],[85.472171,28.327768],[85.472153,28.327773],[85.472121,28.327782],[85.472085,28.327792],[85.472038,28.327806],[85.472002,28.327817],[85.471943,28.327836],[85.471911,28.327847],[85.471851,28.327868],[85.471819,28.32788],[85.471766,28.3279],[85.47175,28.327907],[85.471728,28.327916],[85.471695,28.327917],[85.471657,28.32792],[85.471601,28.327923],[85.471565,28.327926],[85.47151,28.327931],[85.471466,28.327935],[85.471406,28.327941],[85.471369,28.327945],[85.471309,28.327952],[85.471262,28.327958],[85.47121,28.327965],[85.471158,28.327973],[85.471111,28.327981],[85.471058,28.32799],[85.471012,28.327999],[85.470962,28.328009],[85.470923,28.328017],[85.470889,28.328025],[85.470869,28.328029],[85.470835,28.328037],[85.470798,28.328046],[85.470748,28.328059],[85.470695,28.328073],[85.470648,28.328087],[85.470597,28.328102],[85.470555,28.328114],[85.470521,28.328125],[85.470482,28.328137],[85.470448,28.328149],[85.470407,28.328163],[85.470373,28.328175],[85.470324,28.328193],[85.470294,28.328205],[85.470247,28.328224],[85.470216,28.328236],[85.470159,28.32826],[85.470127,28.328275],[85.470078,28.328297],[85.470061,28.328305],[85.47001,28.328331],[85.469976,28.328348],[85.46992,28.328377],[85.469905,28.328385],[85.469858,28.328412],[85.469827,28.32843],[85.469773,28.328462],[85.469743,28.328481],[85.4697,28.328508],[85.469694,28.328512],[85.469688,28.328513],[85.469671,28.328517],[85.469447,28.32857],[85.469438,28.328572],[85.469362,28.32859],[85.469336,28.328596],[85.469251,28.328618],[85.469214,28.328627],[85.469159,28.328642],[85.469123,28.328652],[85.469066,28.328669],[85.46902,28.328682],[85.468967,28.328699],[85.468918,28.328715],[85.468868,28.328732],[85.468832,28.328744],[85.468815,28.32875],[85.468783,28.328762],[85.46875,28.328774],[85.468712,28.328789],[85.468679,28.328802],[85.468638,28.328818],[85.468605,28.328832],[85.468557,28.328852],[85.468527,28.328866],[85.468476,28.328889],[85.468431,28.328911],[85.468376,28.328938],[85.468347,28.328953],[85.468298,28.328979],[85.46827,28.328995],[85.468223,28.329021],[85.468196,28.329037],[85.468152,28.329063],[85.468125,28.329079],[85.468085,28.329104],[85.468059,28.329121],[85.468018,28.329149],[85.46798,28.329175],[85.46794,28.329203],[85.467896,28.329234],[85.467854,28.329265],[85.467826,28.329286],[85.467786,28.329317],[85.467772,28.329328],[85.467734,28.329359],[85.467721,28.329371],[85.467671,28.329414],[85.467658,28.329426],[85.467601,28.329479],[85.467589,28.329491],[85.467531,28.32955],[85.46752,28.329562],[85.467465,28.329622],[85.467455,28.329634],[85.467401,28.3297],[85.467391,28.329712],[85.467343,28.329776],[85.467334,28.329789],[85.467291,28.329852],[85.467283,28.329865],[85.46724,28.329934],[85.467231,28.329949],[85.467195,28.330014],[85.467186,28.33003],[85.467157,28.330088],[85.467149,28.330105],[85.467147,28.330107],[85.467119,28.330139],[85.467107,28.330153],[85.467071,28.330195],[85.46706,28.330209],[85.467027,28.33025],[85.467015,28.330265],[85.466983,28.330308],[85.466973,28.330322],[85.466944,28.330363],[85.466934,28.330378],[85.466907,28.330419],[85.466897,28.330434],[85.466871,28.330475],[85.466862,28.330489],[85.466838,28.33053],[85.46683,28.330544],[85.466806,28.330588],[85.466798,28.330602],[85.466774,28.330649],[85.466768,28.330663],[85.466745,28.330711],[85.466738,28.330725],[85.466715,28.330778],[85.46671,28.330792],[85.466705,28.330803],[85.466699,28.330809],[85.466641,28.330869],[85.466634,28.330877],[85.466583,28.330934],[85.466576,28.330942],[85.466545,28.330981],[85.466537,28.330982],[85.466506,28.330989],[85.466439,28.331004],[85.466395,28.331014],[85.46639,28.331016],[85.466342,28.331022],[85.466293,28.331029],[85.466238,28.331038],[85.466205,28.331043],[85.466157,28.331052],[85.466124,28.331058],[85.466065,28.33107],[85.466014,28.331081],[85.465947,28.331097],[85.465893,28.33111],[85.465833,28.331126],[85.465778,28.331141],[85.465735,28.331154],[85.465698,28.331165],[85.465668,28.331174],[85.465636,28.331184],[85.465612,28.331192],[85.46558,28.331202],[85.465557,28.33121],[85.465522,28.331222],[85.465494,28.331232],[85.465382,28.331272],[85.465368,28.331277],[85.465312,28.331297],[85.465297,28.331303],[85.465245,28.331322],[85.465226,28.331329],[85.465177,28.331348],[85.465157,28.331356],[85.465125,28.331369],[85.465099,28.331379],[85.465051,28.331399],[85.46502,28.331412],[85.464985,28.331426],[85.464946,28.331444],[85.464892,28.331468],[85.464846,28.331489],[85.464813,28.331505],[85.464776,28.331523],[85.464743,28.33154],[85.464704,28.33156],[85.464672,28.331577],[85.46464,28.331595],[85.464608,28.331612],[85.464569,28.331634],[85.464522,28.331661],[85.464483,28.331684],[85.464454,28.331702],[85.464427,28.331719],[85.464384,28.331746],[85.464354,28.331766],[85.464324,28.331785],[85.464301,28.331801],[85.46427,28.331822],[85.464245,28.331839],[85.464184,28.331881],[85.464156,28.331901],[85.464125,28.331924],[85.464107,28.331937],[85.464061,28.331971],[85.464037,28.33199],[85.463991,28.332024],[85.463954,28.332054],[85.463916,28.332084],[85.463877,28.332117],[85.463839,28.332149],[85.463798,28.332185],[85.463758,28.332221],[85.46373,28.332247],[85.463704,28.332271],[85.463682,28.332292],[85.463645,28.332327],[85.463628,28.332344],[85.463591,28.332381],[85.463582,28.33239],[85.463503,28.332469],[85.463472,28.332499],[85.463469,28.332502],[85.463466,28.332505],[85.463451,28.332516],[85.463448,28.332518],[85.463446,28.332519],[85.463418,28.332526],[85.463383,28.332497],[85.463352,28.332473],[85.463308,28.332438],[85.463297,28.33243],[85.463265,28.332406],[85.463242,28.332389],[85.463192,28.332354],[85.46315,28.332326],[85.463119,28.332305],[85.46309,28.332286],[85.463073,28.332275],[85.463029,28.332247],[85.463016,28.332238],[85.462994,28.332225],[85.462965,28.332195],[85.462958,28.332189],[85.462878,28.332117],[85.462871,28.332111],[85.462806,28.332058],[85.462739,28.332008],[85.462725,28.331998],[85.462633,28.331936],[85.462538,28.331879],[85.462524,28.331871],[85.462439,28.331826],[85.462352,28.331785],[85.46234,28.331779],[85.462268,28.331748],[85.462194,28.33172],[85.462182,28.331715],[85.462042,28.33167],[85.462029,28.331666],[85.461886,28.331629],[85.461872,28.331626],[85.461733,28.3316],[85.461719,28.331598],[85.461585,28.331581],[85.46157,28.33158],[85.461438,28.331571],[85.461423,28.33157],[85.461297,28.331569],[85.461282,28.331569],[85.461157,28.331574],[85.461142,28.331575],[85.46102,28.331587],[85.461006,28.331589],[85.460892,28.331606],[85.460879,28.331608],[85.460765,28.331631],[85.460752,28.331634],[85.460627,28.331667],[85.460611,28.331672],[85.460483,28.331713],[85.460468,28.331718],[85.460341,28.331768],[85.460324,28.331776],[85.460207,28.33183],[85.46019,28.331839],[85.460098,28.331888],[85.460086,28.331895],[85.460018,28.331936],[85.460005,28.331943],[85.459945,28.331982],[85.459933,28.33199],[85.459871,28.332033],[85.459856,28.332044],[85.459795,28.33209],[85.45978,28.332101],[85.459725,28.332147],[85.45971,28.332159],[85.459642,28.332219],[85.459622,28.332237],[85.459563,28.332295],[85.459553,28.332305],[85.459514,28.332346],[85.459504,28.332356],[85.459466,28.332398],[85.459456,28.33241],[85.459422,28.33245],[85.459412,28.332462],[85.459383,28.332498],[85.459373,28.33251],[85.459334,28.332562],[85.459315,28.332588],[85.459275,28.332646],[85.459257,28.332672],[85.45923,28.332715],[85.459212,28.332743],[85.459193,28.332774],[85.459166,28.332819],[85.459159,28.33283],[85.459114,28.332907],[85.459103,28.332907],[85.459044,28.332909],[85.459006,28.332911],[85.458968,28.332912],[85.458937,28.332914],[85.4589,28.332916],[85.458861,28.332919],[85.458806,28.332923],[85.458759,28.332927],[85.458705,28.332933],[85.458657,28.332938],[85.458603,28.332944],[85.458554,28.332951],[85.458501,28.332958],[85.458459,28.332964],[85.458424,28.33297],[85.458381,28.332977],[85.45833,28.332986],[85.458274,28.332997],[85.458224,28.333007],[85.458164,28.333021],[85.458115,28.333032],[85.458058,28.333046],[85.458025,28.333055],[85.457967,28.333071],[85.457929,28.333082],[85.45788,28.333097],[85.457861,28.333103],[85.457817,28.333117],[85.457785,28.333128],[85.457738,28.333145],[85.457707,28.333156],[85.457703,28.333158],[85.457698,28.333156],[85.457679,28.333151],[85.457628,28.333136],[85.457609,28.333131],[85.457564,28.33312],[85.457545,28.333115],[85.457494,28.333103],[85.457457,28.333095],[85.457405,28.333085],[85.457368,28.333077],[85.457325,28.333069],[85.457251,28.333056],[85.457232,28.333053],[85.457118,28.333034],[85.457105,28.333032],[85.457025,28.333019],[85.456996,28.333014],[85.456958,28.333009],[85.456933,28.333005],[85.456897,28.333],[85.45687,28.332997],[85.456798,28.332988],[85.456757,28.332983],[85.456702,28.332977],[85.456666,28.332974],[85.456591,28.332967],[85.456556,28.332964],[85.4565,28.33296],[85.456461,28.332957],[85.456385,28.332953],[85.456354,28.332951],[85.456297,28.332949],[85.456262,28.332947],[85.456203,28.332946],[85.456173,28.332945],[85.456095,28.332944],[85.456059,28.332944],[85.455999,28.332943],[85.455972,28.332944],[85.455911,28.332944],[85.455888,28.332945],[85.455827,28.332946],[85.455796,28.332947],[85.455741,28.332949],[85.455717,28.33295],[85.455643,28.332953],[85.455622,28.332954],[85.455578,28.332939],[85.455568,28.332935],[85.455476,28.332907],[85.455465,28.332904],[85.455374,28.332879],[85.455363,28.332877],[85.455272,28.332856],[85.45526,28.332854],[85.455172,28.332838],[85.455159,28.332836],[85.455063,28.332823],[85.455045,28.332821],[85.454951,28.332812],[85.454933,28.332811],[85.454898,28.332809],[85.454817,28.332791],[85.454804,28.332788],[85.454716,28.332772],[85.454701,28.332769],[85.454615,28.332757],[85.4546,28.332755],[85.454586,28.332754],[85.45458,28.332752],[85.454565,28.332747],[85.454518,28.332733],[85.454485,28.332724],[85.454427,28.332707],[85.454392,28.332698],[85.454352,28.332688],[85.454316,28.332679],[85.454306,28.332677],[85.454305,28.332677],[85.454278,28.332668],[85.454202,28.332643],[85.454173,28.332635],[85.454081,28.33261],[85.45405,28.332602],[85.453979,28.332585],[85.453963,28.332582],[85.453897,28.332568],[85.453869,28.332563],[85.453791,28.33255],[85.45376,28.332545],[85.453691,28.332536],[85.453658,28.332532],[85.453636,28.33253],[85.453622,28.332523],[85.453562,28.332498],[85.453534,28.332486],[85.453499,28.332473],[85.453481,28.332462],[85.453464,28.332452],[85.453427,28.33243],[85.453396,28.332413],[85.453338,28.332381],[85.453298,28.332359],[85.453238,28.332329],[85.453209,28.332315],[85.453171,28.332297],[85.453156,28.33229],[85.453112,28.33227],[85.453081,28.332257],[85.453034,28.332237],[85.453018,28.33223],[85.452974,28.332213],[85.452939,28.332199],[85.452938,28.332199],[85.452901,28.332177],[85.452873,28.332162],[85.452826,28.332136],[85.452812,28.332129],[85.452749,28.332096],[85.452721,28.332083],[85.452648,28.332049],[85.452634,28.332042],[85.452551,28.332008],[85.452526,28.331998],[85.452441,28.331966],[85.452428,28.331962],[85.452367,28.331942],[85.452354,28.331937],[85.452292,28.331919],[85.452279,28.331915],[85.452215,28.331898],[85.452201,28.331895],[85.452138,28.33188],[85.452124,28.331877],[85.45206,28.331863],[85.452045,28.33186],[85.452042,28.33186],[85.45206,28.331807],[85.452069,28.331778],[85.45209,28.331708],[85.452098,28.331677],[85.452111,28.331625],[85.452114,28.33161],[85.452123,28.33157],[85.452126,28.331553],[85.452135,28.331508],[85.452138,28.331491],[85.452146,28.331439],[85.452149,28.331422],[85.452156,28.331363],[85.452157,28.331348],[85.452163,28.331285],[85.452164,28.331271],[85.452167,28.331194],[85.452167,28.33118],[85.452166,28.331093],[85.452166,28.331081],[85.45216,28.330987],[85.452159,28.330976],[85.452144,28.330863],[85.452142,28.330852],[85.452127,28.330775],[85.452108,28.330699],[85.452105,28.330687],[85.452073,28.330583],[85.452035,28.330482],[85.45203,28.33047],[85.451997,28.330396],[85.45196,28.330322],[85.451919,28.33025],[85.451914,28.330242],[85.451868,28.330169],[85.451817,28.330097],[85.451763,28.330027],[85.451757,28.33002],[85.451695,28.329948],[85.451629,28.329879],[85.451559,28.329813],[85.451553,28.329808],[85.451484,28.329748],[85.451411,28.329692],[85.451335,28.329638],[85.451329,28.329635],[85.451253,28.329585],[85.451174,28.32954],[85.451092,28.329497],[85.451087,28.329494],[85.451004,28.329456],[85.450919,28.32942],[85.450833,28.329388],[85.450827,28.329386],[85.450718,28.329351],[85.450607,28.329322],[85.450494,28.329299],[85.450484,28.329297],[85.450391,28.329282],[85.450298,28.329271],[85.450204,28.329264],[85.450111,28.32926],[85.4501,28.32926],[85.449987,28.329261],[85.449875,28.329268],[85.449764,28.329279],[85.449752,28.329281],[85.449653,28.329296],[85.449556,28.329315],[85.449459,28.329339],[85.449447,28.329342],[85.449353,28.32937],[85.449261,28.329401],[85.44917,28.329437],[85.449155,28.329443],[85.449054,28.329488],[85.448956,28.329538],[85.448947,28.329543],[85.448827,28.329613],[85.448819,28.329618],[85.448694,28.329704],[85.448682,28.329714],[85.448568,28.329805],[85.448556,28.329815],[85.44847,28.329894],[85.448459,28.329905],[85.448408,28.329958],[85.448381,28.329972],[85.448366,28.329981],[85.44831,28.330013],[85.448295,28.330022],[85.448228,28.330064],[85.448213,28.330074],[85.44814,28.330124],[85.448125,28.330134],[85.448052,28.33019],[85.448039,28.3302],[85.44797,28.330257],[85.447957,28.330268],[85.447892,28.330327],[85.447881,28.330337],[85.447823,28.330394],[85.447812,28.330405],[85.447794,28.330426],[85.447776,28.33044],[85.447766,28.330449],[85.44775,28.330463],[85.44768,28.330515],[85.447669,28.330524],[85.44759,28.330592],[85.447545,28.330623],[85.447533,28.330631],[85.447472,28.330676],[85.447462,28.330683],[85.447405,28.330728],[85.447396,28.330736],[85.447334,28.330789],[85.447322,28.3308],[85.447263,28.330854],[85.447251,28.330866],[85.447203,28.330914],[85.447192,28.330926],[85.447172,28.330947],[85.447154,28.33096],[85.447095,28.331002],[85.447072,28.331018],[85.447016,28.331062],[85.447001,28.331074],[85.446953,28.331114],[85.446939,28.331126],[85.446894,28.331165],[85.446885,28.331173],[85.446867,28.33118],[85.446823,28.331198],[85.446805,28.331205],[85.446759,28.331224],[85.446743,28.331231],[85.446699,28.331251],[85.446683,28.331259],[85.446637,28.331281],[85.446621,28.331289],[85.446572,28.331313],[85.446558,28.331321],[85.446511,28.331346],[85.446498,28.331354],[85.446478,28.331365],[85.446427,28.33137],[85.446411,28.331372],[85.446358,28.331378],[85.446339,28.33138],[85.446282,28.331388],[85.446263,28.331391],[85.446207,28.331401],[85.446187,28.331404],[85.44613,28.331415],[85.446111,28.331419],[85.446061,28.33143],[85.446042,28.331434],[85.445996,28.331445],[85.445977,28.33145],[85.445932,28.331462],[85.445914,28.331467],[85.445858,28.331483],[85.445821,28.331494],[85.445771,28.33151],[85.445753,28.331516],[85.44571,28.33153],[85.44568,28.331541],[85.445632,28.331558],[85.445602,28.331569],[85.445566,28.331583],[85.445548,28.33159],[85.445525,28.3316],[85.445508,28.331607],[85.445478,28.331619],[85.445444,28.331634],[85.445413,28.331647],[85.445396,28.331655],[85.445364,28.331669],[85.445334,28.331683],[85.445295,28.331702],[85.445266,28.331716],[85.445219,28.33174],[85.445188,28.331756],[85.445134,28.331785],[85.4451,28.331804],[85.44504,28.331839],[85.445008,28.331858],[85.444944,28.331899],[85.444914,28.331918],[85.444865,28.331952],[85.44485,28.331962],[85.444796,28.332001],[85.44477,28.33202],[85.444719,28.33206],[85.444706,28.33207],[85.444671,28.332099],[85.444658,28.33211],[85.444621,28.332142],[85.444609,28.332152],[85.444559,28.332198],[85.444537,28.332219],[85.444487,28.332268],[85.444476,28.332279],[85.444443,28.332315],[85.44443,28.332324],[85.444386,28.332357],[85.444373,28.332367],[85.444354,28.332383],[85.444351,28.332383],[85.444332,28.332387],[85.444296,28.332394],[85.444225,28.332407],[85.444176,28.332416],[85.444137,28.332422],[85.444095,28.332428],[85.444042,28.332436],[85.444005,28.332441],[85.443965,28.332446],[85.443917,28.332451],[85.443869,28.332456],[85.443856,28.332457],[85.443823,28.33246],[85.443792,28.332462],[85.443757,28.332464],[85.443722,28.332466],[85.443684,28.332467],[85.443643,28.332469],[85.443603,28.33247],[85.443541,28.332471],[85.4435,28.332472],[85.443424,28.332472],[85.443365,28.332471],[85.443036,28.332467],[85.443029,28.332467],[85.442703,28.332464],[85.442656,28.332462],[85.44264,28.332462],[85.442512,28.332408],[85.442483,28.332396],[85.442413,28.332367],[85.442382,28.332355],[85.442348,28.332342],[85.442318,28.332331],[85.442287,28.332319],[85.442253,28.332307],[85.442225,28.332297],[85.442186,28.332284],[85.442154,28.332273],[85.442104,28.332257],[85.442068,28.332246],[85.442025,28.332233],[85.442008,28.332228],[85.441963,28.332216],[85.441929,28.332207],[85.44189,28.332198],[85.441883,28.332194],[85.441825,28.332162],[85.441793,28.332145],[85.441736,28.332115],[85.44172,28.332107],[85.441666,28.332081],[85.441637,28.332068],[85.441579,28.332042],[85.441549,28.332029],[85.441498,28.332008],[85.441467,28.331996],[85.441424,28.331979],[85.441394,28.331968],[85.441356,28.331955],[85.441342,28.331943],[85.441289,28.331901],[85.441264,28.331881],[85.441211,28.331842],[85.441185,28.331823],[85.441132,28.331787],[85.441105,28.331769],[85.441066,28.331743],[85.441051,28.331734],[85.441014,28.33171],[85.440985,28.331693],[85.440947,28.33167],[85.440932,28.331662],[85.440896,28.331641],[85.440865,28.331624],[85.440829,28.331605],[85.440813,28.331596],[85.44079,28.331584],[85.440773,28.331576],[85.440739,28.331559],[85.440707,28.331543],[85.440668,28.331524],[85.440637,28.33151],[85.440605,28.331495],[85.440574,28.331481],[85.440537,28.331465],[85.440505,28.331452],[85.440469,28.331437],[85.440454,28.331431],[85.440417,28.331416],[85.440387,28.331405],[85.440346,28.33139],[85.440331,28.331384],[85.44029,28.33137],[85.440258,28.33136],[85.440216,28.331346],[85.440199,28.331341],[85.440159,28.331328],[85.440125,28.331318],[85.440085,28.331307],[85.440067,28.331302],[85.440029,28.331292],[85.439992,28.331283],[85.439955,28.331274],[85.439936,28.331269],[85.4399,28.331261],[85.439841,28.331248],[85.439806,28.331241],[85.439767,28.331233],[85.439741,28.331228],[85.439704,28.331221],[85.439685,28.331217],[85.439561,28.331195],[85.439496,28.331183],[85.439185,28.331123],[85.439156,28.331117],[85.439078,28.331103],[85.439054,28.331099],[85.438976,28.331086],[85.438951,28.331082],[85.438912,28.331076],[85.438884,28.331072],[85.438847,28.331067],[85.438813,28.331062],[85.438758,28.331055],[85.438719,28.33105],[85.438685,28.331046],[85.438655,28.331043],[85.43862,28.33104],[85.438584,28.331037],[85.438547,28.331033],[85.438505,28.33103],[85.438464,28.331028],[85.438417,28.331025],[85.438378,28.331024],[85.438327,28.331022],[85.438289,28.331021],[85.438249,28.331021],[85.43823,28.331021],[85.438199,28.331021],[85.438179,28.331021],[85.438134,28.331022],[85.438094,28.331023],[85.438046,28.331025],[85.438026,28.331026],[85.437973,28.331029],[85.437936,28.331032],[85.437866,28.331038],[85.437829,28.331042],[85.437771,28.331049],[85.437754,28.331051],[85.437699,28.331059],[85.437664,28.331065],[85.437608,28.331074],[85.437591,28.331077],[85.43758,28.331079],[85.437563,28.331079],[85.437548,28.33108],[85.437413,28.331089],[85.437398,28.331091],[85.437246,28.331111],[85.437229,28.331114],[85.437146,28.33113],[85.437064,28.331148],[85.437047,28.331153],[85.436961,28.331176],[85.436959,28.331174],[85.436934,28.331147],[85.43691,28.331122],[85.436885,28.331096],[85.436872,28.331082],[85.43685,28.331061],[85.436823,28.331034],[85.436793,28.331006],[85.436752,28.330967],[85.436716,28.330934],[85.436676,28.330898],[85.436652,28.330877],[85.436611,28.330842],[85.436592,28.330826],[85.436549,28.33079],[85.436541,28.330783],[85.436436,28.330695],[85.436425,28.330674],[85.436419,28.330664],[85.436413,28.330652],[85.436411,28.330648],[85.436411,28.330647],[85.43641,28.33064],[85.436405,28.330615],[85.436401,28.330588],[85.436393,28.330535],[85.436361,28.330314],[85.436358,28.330297],[85.436351,28.330246],[85.436348,28.330228],[85.436339,28.33018],[85.436336,28.330161],[85.436325,28.330096],[85.436318,28.330062],[85.436309,28.330015],[85.436301,28.329978],[85.43629,28.329932],[85.436281,28.329891],[85.43627,28.329848],[85.436261,28.329814],[85.436253,28.329785],[85.436243,28.329752],[85.436233,28.329718],[85.436222,28.329683],[85.436211,28.32965],[85.436202,28.329621],[85.436197,28.329605],[85.436185,28.329574],[85.436168,28.329527],[85.436155,28.329491],[85.436142,28.329459],[85.436134,28.32944],[85.436121,28.329407],[85.436114,28.32939],[85.436094,28.329341],[85.436086,28.329323],[85.436072,28.329292],[85.436064,28.329272],[85.436028,28.329194],[85.436014,28.329163],[85.435978,28.329087],[85.435965,28.329059],[85.435935,28.328999],[85.435924,28.328977],[85.435902,28.328933],[85.435892,28.328914],[85.435869,28.32887],[85.435857,28.328849],[85.435834,28.328807],[85.435824,28.328789],[85.4358,28.328746],[85.435789,28.328726],[85.43577,28.328694],[85.435759,28.328675],[85.435731,28.328628],[85.435718,28.328607],[85.435699,28.328576],[85.435686,28.328556],[85.435657,28.32851],[85.435643,28.328488],[85.435614,28.328442],[85.4356,28.328422],[85.43557,28.328378],[85.435562,28.328366],[85.435522,28.328308],[85.435512,28.328293],[85.435472,28.328236],[85.435449,28.328204],[85.435421,28.328166],[85.435392,28.328128],[85.435374,28.328105],[85.435341,28.328063],[85.435323,28.328041],[85.435283,28.327995],[85.435264,28.327973],[85.435224,28.32793],[85.435212,28.327917],[85.435181,28.327884],[85.435169,28.327872],[85.435135,28.327839],[85.435123,28.327827],[85.435085,28.327792],[85.435073,28.32778],[85.435037,28.327749],[85.435024,28.327738],[85.434991,28.327709],[85.434977,28.327698],[85.434943,28.32767],[85.434929,28.327659],[85.434891,28.327629],[85.434876,28.327618],[85.43484,28.327592],[85.434825,28.327581],[85.434792,28.327558],[85.434776,28.327547],[85.434729,28.327515],[85.434699,28.327495],[85.434643,28.327461],[85.434614,28.327443],[85.434568,28.327416],[85.434539,28.327399],[85.4345,28.327377],[85.434482,28.327368],[85.434442,28.327347],[85.434407,28.327328],[85.434347,28.327299],[85.434311,28.327282],[85.43425,28.327254],[85.434233,28.327246],[85.434185,28.327226],[85.434167,28.327218],[85.434113,28.327197],[85.434095,28.32719],[85.434038,28.32717],[85.43402,28.327163],[85.433959,28.327143],[85.433941,28.327137],[85.433879,28.327119],[85.43386,28.327113],[85.433796,28.327096],[85.433777,28.327091],[85.433714,28.327076],[85.433694,28.327072],[85.433641,28.327061],[85.433628,28.327058],[85.433565,28.327047],[85.433538,28.327042],[85.433455,28.32703],[85.433427,28.327026],[85.433368,28.327019],[85.433354,28.327017],[85.433295,28.327012],[85.433265,28.32701],[85.43319,28.327005],[85.43316,28.327004],[85.433089,28.327001],[85.433058,28.327001],[85.433006,28.327001],[85.432989,28.327001],[85.432944,28.327002],[85.43291,28.327003],[85.432857,28.327005],[85.432823,28.327006],[85.432768,28.32701],[85.432729,28.327013],[85.432685,28.327017],[85.432647,28.32702],[85.432599,28.327025],[85.432541,28.327032],[85.432495,28.327038],[85.432418,28.327048],[85.432388,28.327052],[85.432351,28.327058],[85.432321,28.32705],[85.432279,28.327038],[85.432224,28.327024],[85.432178,28.327013],[85.432123,28.327],[85.43208,28.326991],[85.432061,28.326986],[85.43203,28.32698],[85.43199,28.326972],[85.431944,28.326963],[85.431887,28.326953],[85.431843,28.326946],[85.431808,28.32694],[85.431781,28.326936],[85.431746,28.326931],[85.431716,28.326927],[85.431681,28.326922],[85.431652,28.326919],[85.431616,28.326914],[85.431592,28.326912],[85.431555,28.326908],[85.431529,28.326905],[85.431491,28.326901],[85.431455,28.326898],[85.431377,28.326892],[85.431336,28.326889],[85.431263,28.326885],[85.431229,28.326883],[85.431157,28.326879],[85.43113,28.326878],[85.431071,28.326876],[85.431051,28.326875],[85.430992,28.326874],[85.430968,28.326873],[85.430623,28.326867],[85.430521,28.326865],[85.430483,28.326863],[85.430451,28.326862],[85.430405,28.326859],[85.430378,28.326858],[85.430367,28.326857],[85.430333,28.326854],[85.430258,28.326846],[85.42983,28.3268],[85.42974,28.32679],[85.429619,28.326776],[85.429562,28.326769],[85.429469,28.326756],[85.429398,28.326746],[85.429366,28.326741],[85.429324,28.326734],[85.429284,28.326728],[85.429252,28.326722],[85.429222,28.326716],[85.429208,28.326714],[85.429179,28.326708],[85.429154,28.326702],[85.429122,28.326695],[85.429109,28.326691],[85.429078,28.326684],[85.429068,28.326681],[85.42904,28.326673],[85.429029,28.32667],[85.429017,28.326666],[85.429004,28.326662],[85.428993,28.326658],[85.428983,28.326655],[85.428975,28.326652],[85.428974,28.326651],[85.428972,28.326651],[85.428945,28.326636],[85.428797,28.326558],[85.428777,28.326548],[85.428743,28.32653],[85.428723,28.32652],[85.428688,28.326502],[85.428662,28.326489],[85.428628,28.326472],[85.428591,28.326455],[85.428558,28.32644],[85.42852,28.326422],[85.428486,28.326408],[85.42844,28.326388],[85.428408,28.326374],[85.428358,28.326355],[85.428327,28.326343],[85.428291,28.326329],[85.428276,28.326324],[85.428233,28.326308],[85.4282,28.326297],[85.428136,28.326277],[85.428101,28.326266],[85.428052,28.326251],[85.428034,28.326246],[85.427985,28.326233],[85.42795,28.326224],[85.427884,28.326208],[85.427847,28.326199],[85.427784,28.326186],[85.427746,28.326179],[85.427685,28.326167],[85.427647,28.326161],[85.427601,28.326154],[85.427581,28.326151],[85.427537,28.326145],[85.427498,28.32614],[85.427437,28.326133],[85.427391,28.326128],[85.427339,28.326123],[85.427308,28.326121],[85.427259,28.326117],[85.427211,28.326115],[85.427162,28.326112],[85.427128,28.326111],[85.427081,28.32611],[85.427027,28.326109],[85.426983,28.326109],[85.426942,28.326109],[85.426905,28.32611],[85.426845,28.326111],[85.426804,28.326112],[85.426766,28.326113],[85.426737,28.326115],[85.426679,28.326118],[85.426655,28.326119],[85.426616,28.326121],[85.426594,28.326123],[85.426556,28.326125],[85.426537,28.326127],[85.42648,28.326131],[85.426459,28.326133],[85.426361,28.326142],[85.426349,28.326143],[85.426101,28.326166],[85.426091,28.326166],[85.425883,28.326043],[85.425856,28.326027],[85.425811,28.326002],[85.425784,28.325986],[85.42574,28.325962],[85.425706,28.325944],[85.425654,28.325916],[85.425622,28.325899],[85.425588,28.325882],[85.425559,28.325867],[85.425525,28.325851],[85.425495,28.325836],[85.425462,28.325821],[85.425421,28.325802],[85.425372,28.32578],[85.425328,28.325761],[85.425296,28.325748],[85.42526,28.325733],[85.425228,28.325721],[85.425189,28.325705],[85.425158,28.325694],[85.42512,28.32568],[85.425089,28.325669],[85.425048,28.325655],[85.425013,28.325643],[85.424978,28.325632],[85.424944,28.325621],[85.424909,28.325611],[85.424875,28.3256],[85.424834,28.325589],[85.424798,28.325579],[85.424764,28.32557],[85.424727,28.32556],[85.424695,28.325552],[85.424658,28.325543],[85.42462,28.325534],[85.424582,28.325526],[85.42455,28.325519],[85.424512,28.325511],[85.424482,28.325504],[85.424443,28.325497],[85.424409,28.32549],[85.424374,28.325484],[85.424341,28.325478],[85.424288,28.32547],[85.424254,28.325464],[85.424219,28.325459],[85.424184,28.325454],[85.424152,28.32545],[85.42412,28.325445],[85.424088,28.325442],[85.424053,28.325438],[85.424017,28.325434],[85.423977,28.32543],[85.423922,28.325425],[85.423881,28.325422],[85.423785,28.325415],[85.423766,28.325414],[85.423629,28.325406],[85.423614,28.325405],[85.423492,28.325398],[85.42347,28.325397],[85.423359,28.325392],[85.423337,28.325391],[85.423245,28.325388],[85.423219,28.325387],[85.423123,28.325385],[85.423098,28.325384],[85.423023,28.325383],[85.422996,28.325383],[85.422906,28.325383],[85.422874,28.325383],[85.422796,28.325384],[85.422767,28.325385],[85.422688,28.325387],[85.422652,28.325388],[85.422576,28.325391],[85.422548,28.325392],[85.422491,28.325395],[85.422457,28.325397],[85.422384,28.325402],[85.422351,28.325405],[85.422278,28.325411],[85.422246,28.325414],[85.421918,28.325445],[85.421905,28.325446],[85.421865,28.325451],[85.421841,28.325453],[85.421804,28.325457],[85.421763,28.325462],[85.421711,28.325469],[85.421652,28.325478],[85.421616,28.325483],[85.421609,28.32548],[85.421558,28.325462],[85.4215,28.325443],[85.42145,28.325427],[85.421389,28.325408],[85.42134,28.325394],[85.421275,28.325376],[85.421227,28.325364],[85.421162,28.325348],[85.421115,28.325337],[85.421055,28.325324],[85.421008,28.325315],[85.420959,28.325306],[85.420908,28.325297],[85.420864,28.325289],[85.42081,28.325281],[85.420762,28.325274],[85.420726,28.325269],[85.420659,28.325261],[85.42062,28.325257],[85.420557,28.325251],[85.420537,28.32525],[85.420536,28.32525],[85.420507,28.325225],[85.420486,28.325208],[85.420458,28.325184],[85.420442,28.325171],[85.420316,28.325068],[85.420305,28.325059],[85.420239,28.325006],[85.420219,28.32499],[85.420176,28.324956],[85.420159,28.324944],[85.420131,28.324921],[85.420112,28.324908],[85.420085,28.324887],[85.420064,28.324872],[85.420038,28.324852],[85.42001,28.324832],[85.419969,28.324804],[85.419927,28.324775],[85.419897,28.324755],[85.419866,28.324734],[85.41985,28.324724],[85.419809,28.324699],[85.419778,28.32468],[85.419724,28.324648],[85.419708,28.324639],[85.419649,28.324607],[85.419621,28.324592],[85.419552,28.324557],[85.419537,28.32455],[85.419527,28.324542],[85.419515,28.324533],[85.419442,28.32448],[85.41943,28.324471],[85.419349,28.324418],[85.419335,28.324409],[85.419251,28.324359],[85.419237,28.324351],[85.419148,28.324304],[85.419133,28.324297],[85.419045,28.324255],[85.41903,28.324248],[85.418949,28.324214],[85.418934,28.324208],[85.418917,28.324202],[85.418886,28.324176],[85.418875,28.324166],[85.418824,28.324126],[85.418799,28.324107],[85.418746,28.324068],[85.418733,28.324059],[85.418684,28.324025],[85.418657,28.324007],[85.41861,28.323976],[85.418596,28.323967],[85.418553,28.323941],[85.418525,28.323924],[85.418483,28.323899],[85.418468,28.323891],[85.418429,28.323869],[85.418398,28.323853],[85.418347,28.323826],[85.418315,28.32381],[85.418266,28.323786],[85.418233,28.32377],[85.41819,28.323751],[85.418155,28.323735],[85.418112,28.323716],[85.418059,28.323694],[85.418011,28.323674],[85.417976,28.323661],[85.417939,28.323647],[85.417887,28.323627],[85.41785,28.323614],[85.417815,28.323601],[85.417766,28.323585],[85.417711,28.323567],[85.417663,28.323552],[85.417625,28.32354],[85.417575,28.323526],[85.417526,28.323512],[85.417477,28.323499],[85.417427,28.323487],[85.417382,28.323476],[85.417347,28.323468],[85.417309,28.323459],[85.417256,28.323448],[85.417208,28.323439],[85.417154,28.323428],[85.417118,28.323422],[85.41711,28.323393],[85.417102,28.323366],[85.417088,28.323319],[85.417081,28.323298],[85.417071,28.323266],[85.417064,28.323244],[85.417054,28.323212],[85.417046,28.32319],[85.417034,28.323156],[85.417028,28.323137],[85.417009,28.323087],[85.417,28.323061],[85.416981,28.323012],[85.416973,28.322992],[85.416954,28.322944],[85.416947,28.322926],[85.416921,28.322862],[85.416912,28.322839],[85.416871,28.322743],[85.416864,28.322728],[85.416829,28.322648],[85.416827,28.322642],[85.41673,28.322422],[85.416708,28.322373],[85.416684,28.322314],[85.416664,28.322265],[85.416656,28.322244],[85.416648,28.322221],[85.416641,28.322199],[85.416637,28.322188],[85.416633,28.322176],[85.416632,28.32217],[85.416627,28.322152],[85.416625,28.322148],[85.416625,28.322145],[85.416621,28.322129],[85.41662,28.322124],[85.416618,28.322114],[85.416614,28.322086],[85.416612,28.322076],[85.416608,28.322046],[85.416604,28.322018],[85.416599,28.321974],[85.416591,28.321893],[85.416587,28.321837],[85.416567,28.321597],[85.416566,28.321586],[85.416561,28.321533],[85.41656,28.321522],[85.416553,28.32145],[85.416552,28.321433],[85.416546,28.321381],[85.416544,28.321359],[85.416536,28.321292],[85.416533,28.321274],[85.416527,28.321224],[85.416523,28.321198],[85.416516,28.321147],[85.416512,28.321121],[85.416503,28.321071],[85.416499,28.321044],[85.416489,28.320994],[85.416482,28.320954],[85.416471,28.320905],[85.416462,28.320865],[85.416452,28.32082],[85.416443,28.320786],[85.416432,28.320743],[85.416425,28.320717],[85.416416,28.320683],[85.41641,28.320664],[85.416359,28.320487],[85.416346,28.32044],[85.416344,28.32043],[85.416344,28.320429],[85.416343,28.320407],[85.416343,28.320399],[85.416344,28.320387],[85.416344,28.320377],[85.416344,28.320366],[85.416345,28.320356],[85.416346,28.320346],[85.416347,28.320336],[85.416347,28.320333],[85.416417,28.320188],[85.416423,28.320176],[85.416446,28.320127],[85.416458,28.320101],[85.416472,28.32007],[85.416487,28.320036],[85.416505,28.319992],[85.416521,28.319953],[85.416534,28.319922],[85.416544,28.319894],[85.416551,28.319878],[85.41656,28.319851],[85.416572,28.319818],[85.416587,28.319775],[85.416601,28.319731],[85.416614,28.319689],[85.416627,28.319644],[85.416637,28.319612],[85.416645,28.31958],[85.416651,28.319558],[85.416659,28.319526],[85.416666,28.319502],[85.416674,28.319469],[85.416678,28.319448],[85.416686,28.319415],[85.416691,28.319394],[85.416698,28.319359],[85.416702,28.319338],[85.41671,28.319303],[85.416713,28.319283],[85.41672,28.319248],[85.416724,28.319228],[85.416729,28.319195],[85.416732,28.319176],[85.416746,28.319094],[85.416749,28.319074],[85.416761,28.318991],[85.416765,28.318967],[85.416774,28.318898],[85.416775,28.318892],[85.416808,28.318641],[85.416815,28.318588],[85.416822,28.31854],[85.416829,28.318497],[85.416838,28.318452],[85.416842,28.318428],[85.416847,28.318408],[85.416849,28.318397],[85.416853,28.318383],[85.416858,28.318368],[85.416859,28.318362],[85.416862,28.318353],[85.41687,28.318331],[85.416875,28.318316],[85.416948,28.318119],[85.416951,28.318112],[85.41697,28.318061],[85.416976,28.318042],[85.416999,28.317978],[85.417007,28.317954],[85.417023,28.317907],[85.417033,28.317874],[85.417048,28.317825],[85.417058,28.317794],[85.417072,28.317745],[85.417084,28.317701],[85.417097,28.31765],[85.417108,28.317605],[85.41712,28.317554],[85.417128,28.317515],[85.417135,28.317482],[85.417141,28.317449],[85.41715,28.317401],[85.417155,28.317376],[85.417162,28.317327],[85.417166,28.317306],[85.417171,28.317273],[85.417174,28.317253],[85.417202,28.317049],[85.417253,28.3167],[85.417256,28.316677],[85.417263,28.316625],[85.417267,28.316594],[85.417274,28.316528],[85.417278,28.316494],[85.417282,28.316444],[85.417285,28.316411],[85.417287,28.316377],[85.417288,28.316372],[85.417295,28.316356],[85.417308,28.316328],[85.417329,28.316281],[85.417336,28.316264],[85.417351,28.316228],[85.417357,28.316211],[85.417377,28.316158],[85.417388,28.316127],[85.41741,28.316061],[85.417418,28.316034],[85.417432,28.315989],[85.417435,28.315975],[85.417448,28.315928],[85.417455,28.315899],[85.417468,28.315842],[85.417474,28.315812],[85.417484,28.315756],[85.41749,28.315724],[85.417496,28.315686],[85.417498,28.31567],[85.417503,28.315636],[85.417506,28.315605],[85.417512,28.315558],[85.417516,28.315514],[85.41752,28.315465],[85.417523,28.315416],[85.417525,28.315378],[85.417527,28.315328],[85.417527,28.315306],[85.417532,28.315145],[85.417537,28.315],[85.417537,28.314963],[85.417538,28.314915],[85.417538,28.314875],[85.417537,28.314842],[85.417536,28.314796],[85.417535,28.314766],[85.417532,28.314721],[85.417531,28.314703],[85.417527,28.314657],[85.417521,28.314603],[85.417517,28.314568],[85.417479,28.314263],[85.417478,28.314253],[85.417474,28.314217],[85.41747,28.314193],[85.417465,28.314157],[85.41746,28.314123],[85.417457,28.314105],[85.41745,28.314068],[85.417447,28.314051],[85.417436,28.313999],[85.417432,28.313982],[85.417414,28.31391],[85.417409,28.313893],[85.417383,28.313807],[85.417378,28.31379],[85.417353,28.31372],[85.417346,28.313704],[85.417326,28.313654],[85.417319,28.313637],[85.417299,28.31359],[85.417283,28.313557],[85.417266,28.313519],[85.417241,28.313469],[85.417235,28.313456],[85.417104,28.313194],[85.416535,28.312046],[85.41651,28.311994],[85.416509,28.311991],[85.416504,28.31198],[85.416494,28.311956],[85.416449,28.311844],[85.416449,28.31182],[85.416449,28.311784],[85.416448,28.311739],[85.416446,28.311703],[85.416445,28.311668],[85.416444,28.31165],[85.416442,28.311623],[85.416441,28.311605],[85.416438,28.311569],[85.416434,28.311534],[85.416429,28.311484],[85.416424,28.311449],[85.416418,28.311407],[85.416416,28.311392],[85.41641,28.311355],[85.416405,28.311327],[85.416397,28.311289],[85.416395,28.311275],[85.416386,28.311234],[85.416379,28.311205],[85.416366,28.311154],[85.416359,28.311125],[85.416348,28.311086],[85.416343,28.311071],[85.416332,28.311035],[85.416323,28.311004],[85.416307,28.310958],[85.416296,28.310927],[85.416284,28.310894],[85.416278,28.310878],[85.416267,28.310849],[85.416255,28.310818],[85.416236,28.310773],[85.416217,28.310727],[85.416198,28.310686],[85.416179,28.310644],[85.416164,28.310613],[85.416144,28.310573],[85.416132,28.310547],[85.416107,28.310498],[85.416099,28.310482],[85.415988,28.31027],[85.415983,28.310259],[85.415957,28.310211],[85.415951,28.310199],[85.415925,28.310151],[85.415915,28.310133],[85.415898,28.310102],[85.41589,28.310087],[85.415863,28.310041],[85.415859,28.310033],[85.415859,28.310033],[85.415891,28.310009],[85.41592,28.309987],[85.415947,28.309966],[85.415976,28.309943],[85.415999,28.309924],[85.416014,28.309913],[85.416039,28.309891],[85.416067,28.309868],[85.416095,28.309844],[85.416122,28.30982],[85.41615,28.309796],[85.416176,28.309771],[85.416208,28.309741],[85.416233,28.309717],[85.416259,28.309693],[85.416283,28.309668],[85.416314,28.309637],[85.41635,28.3096],[85.416378,28.30957],[85.416401,28.309545],[85.416416,28.309528],[85.41645,28.309491],[85.416466,28.309472],[85.416489,28.309446],[85.41652,28.30941],[85.416542,28.309384],[85.416582,28.309333],[85.416593,28.30932],[85.416631,28.309269],[85.41664,28.309256],[85.416684,28.309192],[85.416692,28.309179],[85.416743,28.309096],[85.416751,28.309082],[85.416805,28.308981],[85.416812,28.308967],[85.416862,28.308854],[85.416868,28.308842],[85.416909,28.308727],[85.416913,28.308714],[85.41695,28.308579],[85.416954,28.308563],[85.41697,28.308486],[85.416981,28.308408],[85.416983,28.308393],[85.416992,28.308312],[85.416996,28.30823],[85.416996,28.308216],[85.416996,28.30813],[85.416991,28.308043],[85.41699,28.30803],[85.41698,28.30794],[85.416964,28.30785],[85.416962,28.30784],[85.416942,28.307749],[85.416916,28.30766],[85.416913,28.30765],[85.416881,28.307562],[85.416845,28.307475],[85.416842,28.307467],[85.416803,28.307387],[85.41676,28.307308],[85.416756,28.307301],[85.416704,28.307218],[85.416648,28.307137],[85.416642,28.30713],[85.416578,28.307048],[85.416508,28.30697],[85.416502,28.306963],[85.416426,28.306886],[85.416345,28.306813],[85.416337,28.306807],[85.416251,28.306738],[85.416161,28.306673],[85.416151,28.306666],[85.416068,28.306613],[85.415982,28.306563],[85.415971,28.306557],[85.415902,28.306521],[85.415831,28.306487],[85.415819,28.306482],[85.41568,28.306425],[85.415662,28.306418],[85.415539,28.306377],[85.41552,28.306371],[85.415431,28.306346],[85.415412,28.306341],[85.415346,28.306325],[85.415327,28.30632],[85.415279,28.30631],[85.415265,28.306307],[85.4152,28.306294],[85.41517,28.306289],[85.415073,28.306274],[85.415041,28.30627],[85.414966,28.306261],[85.41495,28.30626],[85.414898,28.306255],[85.414881,28.306254],[85.414832,28.30625],[85.414814,28.306249],[85.414753,28.306247],[85.414733,28.306246],[85.414729,28.306245],[85.414665,28.306228],[85.414651,28.306225],[85.414582,28.306209],[85.414567,28.306205],[85.414496,28.306191],[85.414481,28.306189],[85.414409,28.306176],[85.414401,28.306175],[85.414347,28.306133],[85.414322,28.306115],[85.414276,28.306081],[85.414263,28.306072],[85.414222,28.306043],[85.414207,28.306033],[85.414159,28.306002],[85.414144,28.305992],[85.414091,28.30596],[85.414075,28.30595],[85.414016,28.305917],[85.414001,28.305909],[85.413941,28.305877],[85.413926,28.305869],[85.413861,28.305838],[85.413846,28.305831],[85.413775,28.305799],[85.41376,28.305793],[85.41369,28.305765],[85.413675,28.305759],[85.4136,28.305732],[85.413585,28.305727],[85.413505,28.305701],[85.413491,28.305697],[85.413413,28.305675],[85.413398,28.305671],[85.413318,28.305652],[85.413303,28.305649],[85.41322,28.305632],[85.413205,28.305629],[85.413131,28.305617],[85.413114,28.305593],[85.413083,28.305553],[85.413064,28.305529],[85.413034,28.305491],[85.413013,28.305465],[85.413001,28.305451],[85.412997,28.305427],[85.412994,28.305413],[85.41298,28.305349],[85.412977,28.305335],[85.412961,28.305272],[85.412957,28.305259],[85.41294,28.305202],[85.412936,28.305189],[85.412918,28.305135],[85.412914,28.305123],[85.412894,28.30507],[85.412889,28.305057],[85.412869,28.305007],[85.412863,28.304994],[85.412842,28.304948],[85.412836,28.304935],[85.412813,28.304888],[85.412807,28.304876],[85.412784,28.304832],[85.412777,28.304819],[85.412754,28.304777],[85.412746,28.304765],[85.412709,28.304703],[85.412693,28.304678],[85.412654,28.304619],[85.412645,28.304607],[85.412617,28.304567],[85.412608,28.304555],[85.412565,28.304498],[85.412547,28.304475],[85.412482,28.304399],[85.412463,28.304378],[85.412412,28.304322],[85.412402,28.304311],[85.412345,28.304255],[85.412325,28.304236],[85.412264,28.304181],[85.412254,28.304172],[85.41221,28.304135],[85.4122,28.304126],[85.412156,28.304091],[85.412146,28.304083],[85.412099,28.304048],[85.412089,28.30404],[85.412031,28.304],[85.412017,28.30399],[85.411951,28.303947],[85.411937,28.303938],[85.411865,28.303895],[85.41185,28.303887],[85.41177,28.303843],[85.411755,28.303836],[85.41167,28.303794],[85.411654,28.303787],[85.411558,28.303745],[85.411542,28.303739],[85.411452,28.303705],[85.411442,28.303702],[85.411367,28.303677],[85.411357,28.303673],[85.411277,28.30365],[85.411266,28.303647],[85.411184,28.303627],[85.411173,28.303624],[85.411089,28.303606],[85.411079,28.303604],[85.411064,28.303593],[85.411051,28.303584],[85.41101,28.303553],[85.410996,28.303544],[85.410952,28.303514],[85.410938,28.303505],[85.410896,28.303478],[85.410882,28.303469],[85.41084,28.303444],[85.410826,28.303435],[85.410783,28.30341],[85.410768,28.303402],[85.410728,28.30338],[85.410712,28.303371],[85.410674,28.303351],[85.410658,28.303343],[85.410604,28.303317],[85.410571,28.303301],[85.410512,28.303274],[85.410481,28.303261],[85.410426,28.303237],[85.410383,28.30322],[85.410335,28.303201],[85.4103,28.303188],[85.410265,28.303175],[85.410211,28.303156],[85.41018,28.303145],[85.410143,28.303132],[85.410102,28.303119],[85.410065,28.303107],[85.410015,28.303092],[85.41001,28.30309],[85.410005,28.303084],[85.409972,28.303049],[85.409937,28.303012],[85.409913,28.302988],[85.409889,28.302964],[85.409877,28.302952],[85.409849,28.302925],[85.409824,28.302901],[85.409787,28.302868],[85.409773,28.302855],[85.40976,28.302843],[85.409752,28.302823],[85.409739,28.302791],[85.409722,28.302751],[85.409703,28.302708],[85.409689,28.302678],[85.409659,28.302613],[85.409653,28.3026],[85.409607,28.302502],[85.4096,28.302488],[85.409585,28.302456],[85.409575,28.302435],[85.40956,28.302406],[85.409542,28.30237],[85.40952,28.30233],[85.409493,28.302281],[85.409476,28.30225],[85.409445,28.302199],[85.409429,28.302172],[85.409395,28.302119],[85.409379,28.302095],[85.409337,28.302035],[85.409319,28.30201],[85.409278,28.301956],[85.409267,28.301942],[85.409234,28.301902],[85.409223,28.301889],[85.409186,28.301846],[85.409176,28.301834],[85.409139,28.301794],[85.409128,28.301782],[85.409087,28.30174],[85.409076,28.301729],[85.409032,28.301687],[85.409021,28.301677],[85.408979,28.301638],[85.408967,28.301628],[85.408923,28.30159],[85.408911,28.30158],[85.408861,28.30154],[85.408847,28.301529],[85.408793,28.301489],[85.408779,28.301478],[85.408724,28.30144],[85.408708,28.301429],[85.408654,28.301394],[85.408638,28.301384],[85.408593,28.301356],[85.408582,28.30135],[85.408529,28.30132],[85.408506,28.301307],[85.408454,28.301279],[85.408442,28.301272],[85.408393,28.301248],[85.408367,28.301235],[85.408316,28.301211],[85.408299,28.301203],[85.408251,28.301182],[85.408216,28.301167],[85.408175,28.30115],[85.408158,28.301143],[85.408117,28.301128],[85.408083,28.301115],[85.408024,28.301093],[85.407974,28.301076],[85.407918,28.301057],[85.407884,28.301047],[85.407821,28.301028],[85.407788,28.301019],[85.40771,28.300998],[85.407677,28.30099],[85.407629,28.300979],[85.407607,28.300959],[85.407598,28.30095],[85.407574,28.300927],[85.407564,28.300917],[85.407556,28.300909],[85.407536,28.300888],[85.407528,28.300879],[85.407521,28.300872],[85.407516,28.300866],[85.407502,28.30085],[85.407492,28.300837],[85.407491,28.300836],[85.40749,28.300835],[85.407452,28.300755],[85.407424,28.300698],[85.407408,28.300666],[85.407373,28.300603],[85.407356,28.300573],[85.407327,28.300524],[85.407318,28.300509],[85.407295,28.300473],[85.407285,28.300458],[85.407252,28.300409],[85.407231,28.300379],[85.407197,28.300332],[85.407186,28.300318],[85.407163,28.300287],[85.407153,28.300275],[85.407124,28.300239],[85.407105,28.300216],[85.407068,28.300172],[85.407048,28.300149],[85.407017,28.300115],[85.407006,28.300103],[85.406987,28.300083],[85.406975,28.300071],[85.406949,28.300044],[85.406926,28.30002],[85.4069,28.299994],[85.406888,28.299983],[85.40686,28.299957],[85.406836,28.299934],[85.406798,28.299899],[85.40676,28.299866],[85.406716,28.299828],[85.406673,28.299792],[85.406637,28.299763],[85.406595,28.29973],[85.406562,28.299704],[85.406496,28.299654],[85.40647,28.299635],[85.406382,28.29957],[85.406366,28.299558],[85.406292,28.299505],[85.406266,28.299487],[85.406195,28.299437],[85.406162,28.299415],[85.406104,28.299376],[85.406085,28.299364],[85.406026,28.299325],[85.406016,28.299319],[85.405957,28.299281],[85.405943,28.299272],[85.405898,28.299244],[85.405875,28.29923],[85.405845,28.299211],[85.405819,28.299195],[85.405803,28.299186],[85.405767,28.299165],[85.405741,28.299151],[85.405686,28.29912],[85.405661,28.299107],[85.405594,28.299074],[85.40557,28.299062],[85.405492,28.299026],[85.405467,28.299015],[85.405403,28.298989],[85.40539,28.298984],[85.405343,28.298965],[85.40533,28.298961],[85.405258,28.298936],[85.405232,28.298927],[85.405158,28.298904],[85.405144,28.2989],[85.405071,28.29888],[85.405042,28.298872],[85.40497,28.298855],[85.404955,28.298852],[85.404886,28.298837],[85.404855,28.298832],[85.40479,28.29882],[85.404774,28.298818],[85.404718,28.298809],[85.404686,28.298805],[85.404633,28.298799],[85.404617,28.298797],[85.404569,28.298763],[85.404543,28.298746],[85.40448,28.298705],[85.404465,28.298695],[85.404416,28.298665],[85.404399,28.298655],[85.404353,28.298629],[85.404336,28.298619],[85.404294,28.298597],[85.404277,28.298588],[85.404235,28.298566],[85.404217,28.298557],[85.404176,28.298538],[85.404161,28.29853],[85.404113,28.298508],[85.404081,28.298494],[85.404023,28.29847],[85.403992,28.298457],[85.403945,28.298438],[85.403927,28.298432],[85.403898,28.298421],[85.403881,28.298415],[85.403843,28.298401],[85.403807,28.298389],[85.403755,28.298372],[85.403721,28.298361],[85.403671,28.298346],[85.403637,28.298336],[85.40359,28.298323],[85.403557,28.298314],[85.403514,28.298303],[85.403498,28.298299],[85.403443,28.298286],[85.403408,28.298279],[85.403351,28.298267],[85.403333,28.298263],[85.403296,28.298257],[85.403281,28.298254],[85.403236,28.298246],[85.403206,28.298242],[85.403139,28.298232],[85.403094,28.298227],[85.403033,28.29822],[85.402983,28.298215],[85.402952,28.298212],[85.402944,28.298211],[85.402915,28.298168],[85.402834,28.298041],[85.40282,28.29802],[85.402791,28.297976],[85.402775,28.297953],[85.402746,28.29791],[85.402727,28.297884],[85.402708,28.297857],[85.402691,28.297833],[85.402672,28.297807],[85.40265,28.297777],[85.402621,28.29774],[85.402585,28.297695],[85.402552,28.297656],[85.402517,28.297613],[85.402482,28.297574],[85.402453,28.297542],[85.402428,28.297514],[85.402413,28.297498],[85.402387,28.29747],[85.402372,28.297455],[85.402346,28.297428],[85.402329,28.29741],[85.402303,28.297384],[85.402283,28.297364],[85.402231,28.297312],[85.402208,28.29729],[85.402182,28.297265],[85.402165,28.297249],[85.402138,28.297224],[85.402125,28.297212],[85.402098,28.297188],[85.402083,28.297174],[85.402056,28.29715],[85.402029,28.297126],[85.401975,28.297079],[85.401952,28.29706],[85.401924,28.297037],[85.401905,28.297021],[85.401878,28.296999],[85.40185,28.296977],[85.401795,28.296934],[85.401769,28.296913],[85.401741,28.296892],[85.401718,28.296875],[85.40169,28.296855],[85.401667,28.296838],[85.401625,28.296808],[85.401601,28.296791],[85.401572,28.296771],[85.401546,28.296753],[85.401513,28.296732],[85.40149,28.296716],[85.401457,28.296695],[85.401432,28.296679],[85.401399,28.296658],[85.401369,28.29664],[85.401337,28.29662],[85.401312,28.296606],[85.401279,28.296586],[85.401256,28.296572],[85.401222,28.296553],[85.401195,28.296538],[85.401165,28.296522],[85.401136,28.296506],[85.40109,28.296482],[85.401054,28.296463],[85.401012,28.296442],[85.401019,28.296422],[85.401032,28.296384],[85.401047,28.29634],[85.401062,28.29629],[85.401075,28.296245],[85.401089,28.296197],[85.401096,28.296169],[85.401105,28.296132],[85.401112,28.296103],[85.401121,28.29606],[85.401128,28.296028],[85.401135,28.295991],[85.401138,28.295974],[85.401144,28.295937],[85.40115,28.295903],[85.401156,28.295862],[85.401158,28.295845],[85.401162,28.295808],[85.401166,28.295775],[85.401169,28.295739],[85.401171,28.295722],[85.401174,28.295679],[85.401176,28.295644],[85.401178,28.295595],[85.401178,28.295577],[85.401179,28.295534],[85.401179,28.295516],[85.401178,28.295459],[85.401177,28.295441],[85.401173,28.295374],[85.401172,28.295359],[85.401165,28.295286],[85.401163,28.295272],[85.401151,28.295192],[85.401149,28.29518],[85.401132,28.295096],[85.401129,28.295084],[85.401106,28.294997],[85.401103,28.294987],[85.401076,28.294902],[85.401072,28.294891],[85.401038,28.294802],[85.401034,28.294792],[85.400994,28.294703],[85.400989,28.294693],[85.400943,28.294604],[85.400937,28.294594],[85.400886,28.294509],[85.40088,28.294499],[85.400824,28.294416],[85.400816,28.294406],[85.4008,28.294384],[85.400803,28.294375],[85.400807,28.29436],[85.400822,28.294301],[85.400826,28.294286],[85.40084,28.294223],[85.400843,28.294206],[85.400854,28.294142],[85.400857,28.294126],[85.400865,28.29406],[85.400867,28.294043],[85.400873,28.293979],[85.400874,28.293961],[85.400878,28.293889],[85.400879,28.293863],[85.400879,28.293805],[85.400879,28.293792],[85.400878,28.293737],[85.400876,28.29371],[85.400872,28.293641],[85.400869,28.293614],[85.400863,28.293552],[85.400859,28.293523],[85.400853,28.293477],[85.40085,28.29346],[85.400843,28.293419],[85.400837,28.293385],[85.400827,28.293336],[85.40082,28.293301],[85.400809,28.293257],[85.400805,28.29324],[85.400791,28.293186],[85.400783,28.293156],[85.400766,28.2931],[85.400761,28.293085],[85.400747,28.293043],[85.400741,28.293027],[85.400726,28.292986],[85.40072,28.29297],[85.400704,28.29293],[85.400698,28.292914],[85.40068,28.292872],[85.400673,28.292856],[85.400655,28.292816],[85.400647,28.2928],[85.400621,28.292747],[85.400606,28.292719],[85.400582,28.292673],[85.400575,28.292661],[85.400554,28.292625],[85.40054,28.2926],[85.400511,28.292552],[85.400493,28.292524],[85.400464,28.29248],[85.400445,28.292451],[85.40042,28.292414],[85.400398,28.292384],[85.400378,28.292356],[85.400356,28.292326],[85.400343,28.292309],[85.400279,28.292225],[85.400259,28.292199],[85.400251,28.292187],[85.400243,28.292175],[85.400233,28.292159],[85.400157,28.292033],[85.400148,28.292019],[85.400119,28.291972],[85.400097,28.291936],[85.400069,28.291895],[85.400044,28.291856],[85.400026,28.291831],[85.400001,28.291795],[85.399984,28.291772],[85.399953,28.29173],[85.399934,28.291706],[85.399895,28.291657],[85.399874,28.291631],[85.399825,28.291574],[85.399803,28.29155],[85.399746,28.291489],[85.399725,28.291468],[85.399676,28.29142],[85.399665,28.291409],[85.399622,28.29137],[85.399608,28.291357],[85.399558,28.291314],[85.399544,28.291302],[85.399488,28.291258],[85.399473,28.291246],[85.399412,28.2912],[85.399397,28.29119],[85.399335,28.291147],[85.399321,28.291138],[85.399254,28.291096],[85.399239,28.291087],[85.399162,28.291042],[85.399145,28.291033],[85.399064,28.29099],[85.399047,28.290982],[85.398975,28.290948],[85.398963,28.290943],[85.398905,28.290918],[85.398893,28.290913],[85.398836,28.29089],[85.398824,28.290886],[85.398765,28.290864],[85.398751,28.290859],[85.398695,28.29084],[85.398681,28.290836],[85.398626,28.290819],[85.398613,28.290815],[85.398557,28.2908],[85.398542,28.290796],[85.398525,28.290792],[85.398508,28.290767],[85.398496,28.290751],[85.398475,28.290721],[85.398462,28.290702],[85.398441,28.290673],[85.398428,28.290655],[85.398407,28.290628],[85.398396,28.290613],[85.398374,28.290585],[85.39836,28.290567],[85.398339,28.290539],[85.398314,28.290508],[85.398279,28.290466],[85.398249,28.29043],[85.398213,28.290388],[85.398179,28.29035],[85.398156,28.290325],[85.398131,28.290298],[85.398108,28.290274],[85.398081,28.290246],[85.398057,28.290222],[85.398032,28.290197],[85.39802,28.290185],[85.397995,28.290161],[85.39797,28.290138],[85.397946,28.290115],[85.397933,28.290104],[85.397907,28.290081],[85.397879,28.290056],[85.397844,28.290026],[85.397802,28.289991],[85.397766,28.289961],[85.397714,28.28992],[85.397688,28.2899],[85.397633,28.289857],[85.397613,28.289842],[85.397557,28.2898],[85.397524,28.289776],[85.39748,28.289744],[85.397441,28.289717],[85.39741,28.289696],[85.397383,28.289678],[85.397367,28.289667],[85.397341,28.28965],[85.397311,28.289631],[85.39728,28.289612],[85.397234,28.289584],[85.397199,28.289562],[85.397153,28.289536],[85.397119,28.289516],[85.397074,28.28949],[85.397052,28.289478],[85.397006,28.289454],[85.396989,28.289444],[85.396955,28.289426],[85.396942,28.289419],[85.39679,28.289339],[85.396778,28.289333],[85.396769,28.289304],[85.396754,28.289257],[85.396743,28.289222],[85.396725,28.289173],[85.396719,28.289157],[85.396705,28.289121],[85.396698,28.289105],[85.396682,28.289065],[85.396675,28.289049],[85.396656,28.289007],[85.39665,28.288993],[85.396631,28.288954],[85.396624,28.28894],[85.396594,28.288883],[85.396581,28.288858],[85.396541,28.288788],[85.396527,28.288766],[85.396488,28.288703],[85.396472,28.28868],[85.396432,28.288622],[85.396416,28.288599],[85.396377,28.288547],[85.396359,28.288524],[85.396321,28.288477],[85.3963,28.288453],[85.396264,28.28841],[85.396241,28.288384],[85.39621,28.28835],[85.396185,28.288323],[85.396157,28.288294],[85.396118,28.288254],[85.396093,28.288229],[85.39606,28.288196],[85.39607,28.288185],[85.396074,28.28818],[85.396138,28.288094],[85.396197,28.288005],[85.39625,28.287913],[85.396297,28.287818],[85.3963,28.287811],[85.396339,28.287719],[85.396372,28.287625],[85.396399,28.28753],[85.396421,28.287433],[85.396436,28.287336],[85.396446,28.287238],[85.396449,28.287139],[85.396449,28.287136],[85.396446,28.287033],[85.396437,28.286931],[85.396421,28.28683],[85.396398,28.28673],[85.396369,28.286631],[85.396334,28.286533],[85.396334,28.286531],[85.396292,28.286434],[85.396243,28.28634],[85.396189,28.286248],[85.396129,28.286158],[85.396063,28.286072],[85.396061,28.28607],[85.395995,28.285994],[85.395924,28.28592],[85.395849,28.28585],[85.39577,28.285784],[85.395687,28.285721],[85.3956,28.285662],[85.395596,28.28566],[85.395505,28.285605],[85.39541,28.285554],[85.395313,28.285508],[85.395212,28.285467],[85.39511,28.285431],[85.395005,28.285399],[85.394996,28.285397],[85.394891,28.285371],[85.394785,28.28535],[85.394677,28.285334],[85.394569,28.285324],[85.394558,28.285323],[85.394434,28.285317],[85.394311,28.285317],[85.394298,28.285318],[85.394145,28.285328],[85.39413,28.285329],[85.394029,28.285341],[85.394013,28.285344],[85.393939,28.285356],[85.393922,28.285359],[85.393869,28.285369],[85.393852,28.285372],[85.393796,28.285384],[85.393761,28.285392],[85.393698,28.285408],[85.393644,28.285422],[85.393601,28.285433],[85.393548,28.285448],[85.393516,28.285458],[85.393449,28.285477],[85.39342,28.285486],[85.393351,28.285508],[85.393321,28.285517],[85.393251,28.28554],[85.393213,28.285553],[85.393157,28.285573],[85.393119,28.285587],[85.393083,28.2856],[85.39304,28.285616],[85.392988,28.285636],[85.392944,28.285655],[85.392936,28.285658],[85.392884,28.285577],[85.39287,28.285555],[85.39283,28.285495],[85.392812,28.285467],[85.392781,28.285423],[85.392759,28.285392],[85.392738,28.285362],[85.392719,28.285337],[85.392697,28.285307],[85.392676,28.285279],[85.392653,28.28525],[85.392621,28.28521],[85.392589,28.285172],[85.392565,28.285142],[85.392543,28.285117],[85.392524,28.285096],[85.392502,28.28507],[85.39248,28.285046],[85.392432,28.284994],[85.392417,28.284977],[85.392411,28.284964],[85.392399,28.284933],[85.392392,28.284918],[85.392378,28.284886],[85.392365,28.284855],[85.392345,28.284812],[85.392323,28.284767],[85.392303,28.284725],[85.392287,28.284695],[85.392276,28.284673],[85.39226,28.284643],[85.392251,28.284626],[85.392226,28.284581],[85.392219,28.284567],[85.392194,28.284522],[85.392182,28.284501],[85.392156,28.284456],[85.392137,28.284424],[85.392128,28.284409],[85.392104,28.284371],[85.392088,28.284345],[85.392057,28.284299],[85.392048,28.284286],[85.392009,28.284231],[85.391994,28.28421],[85.391946,28.284149],[85.391938,28.284139],[85.391887,28.284079],[85.391875,28.284065],[85.3918,28.283985],[85.391787,28.283972],[85.391695,28.283886],[85.391683,28.283875],[85.391577,28.283788],[85.391565,28.283778],[85.391441,28.28369],[85.391429,28.283683],[85.391361,28.28364],[85.391292,28.2836],[85.391279,28.283594],[85.391204,28.283554],[85.391127,28.283518],[85.391116,28.283513],[85.391036,28.283479],[85.390955,28.283449],[85.390943,28.283444],[85.390866,28.283418],[85.390788,28.283395],[85.390778,28.283393],[85.390638,28.283359],[85.390628,28.283357],[85.390481,28.283331],[85.39047,28.28333],[85.390323,28.283314],[85.390312,28.283313],[85.390163,28.283307],[85.390152,28.283307],[85.390007,28.283311],[85.389996,28.283311],[85.389861,28.283323],[85.389837,28.283312],[85.389806,28.283299],[85.38974,28.283273],[85.389706,28.28326],[85.389642,28.283236],[85.389608,28.283224],[85.389555,28.283206],[85.389537,28.283201],[85.389492,28.283187],[85.389475,28.283182],[85.389419,28.283166],[85.3894,28.283161],[85.389339,28.283145],[85.38932,28.283141],[85.389241,28.283124],[85.389213,28.283118],[85.389205,28.283117],[85.3892,28.283114],[85.389173,28.283102],[85.3891,28.283073],[85.389086,28.283067],[85.389034,28.283048],[85.38902,28.283043],[85.388965,28.283024],[85.38895,28.283019],[85.388896,28.283002],[85.388881,28.282997],[85.38883,28.282983],[85.388815,28.282979],[85.388764,28.282965],[85.388749,28.282961],[85.388695,28.282948],[85.388679,28.282945],[85.388629,28.282934],[85.388612,28.282931],[85.388544,28.282918],[85.38851,28.282912],[85.38844,28.282901],[85.38842,28.282899],[85.388374,28.282893],[85.388354,28.28289],[85.388296,28.282884],[85.388258,28.282881],[85.388197,28.282876],[85.388162,28.282874],[85.388114,28.282871],[85.388085,28.28287],[85.388053,28.282831],[85.388041,28.282817],[85.388006,28.282777],[85.387993,28.282763],[85.38796,28.282727],[85.387947,28.282714],[85.387917,28.282682],[85.387906,28.282671],[85.387868,28.282635],[85.387846,28.282614],[85.387794,28.282567],[85.38777,28.282545],[85.387728,28.282509],[85.387715,28.282498],[85.387668,28.282461],[85.38764,28.282439],[85.387574,28.282389],[85.387552,28.282374],[85.387505,28.282341],[85.387494,28.282334],[85.387441,28.282299],[85.387417,28.282284],[85.387348,28.282243],[85.387321,28.282227],[85.387261,28.282194],[85.387254,28.28219],[85.387236,28.282175],[85.387196,28.282141],[85.387185,28.282131],[85.387152,28.282105],[85.38714,28.282096],[85.387098,28.282063],[85.387083,28.282052],[85.387035,28.282018],[85.387019,28.282007],[85.386991,28.281988],[85.386985,28.281979],[85.386957,28.281942],[85.386941,28.281921],[85.386912,28.281886],[85.386904,28.281876],[85.38688,28.281847],[85.386868,28.281834],[85.38683,28.281791],[85.386806,28.281765],[85.386761,28.281717],[85.386741,28.281696],[85.386706,28.281662],[85.386685,28.281641],[85.386652,28.28161],[85.386626,28.281586],[85.386599,28.281562],[85.386573,28.281538],[85.386554,28.281521],[85.386526,28.281498],[85.386516,28.281488],[85.386465,28.281445],[85.386397,28.281355],[85.386381,28.281334],[85.386346,28.281289],[85.386338,28.281278],[85.386291,28.281219],[85.386285,28.281212],[85.386192,28.281095],[85.386182,28.281083],[85.386101,28.280983],[85.386096,28.280977],[85.386038,28.280906],[85.386029,28.280895],[85.385969,28.280823],[85.385964,28.280817],[85.385905,28.280746],[85.385898,28.280738],[85.385863,28.280696],[85.385854,28.280687],[85.385797,28.28062],[85.385791,28.280613],[85.385733,28.280547],[85.385724,28.280536],[85.385688,28.280495],[85.38568,28.280486],[85.385619,28.280418],[85.385611,28.280409],[85.385562,28.280355],[85.385549,28.280341],[85.385501,28.28029],[85.385493,28.280281],[85.385433,28.280216],[85.385423,28.280205],[85.385385,28.280166],[85.385374,28.280154],[85.385322,28.2801],[85.385313,28.280091],[85.385261,28.280038],[85.385248,28.280025],[85.385209,28.279986],[85.385198,28.279975],[85.385146,28.279924],[85.385136,28.279914],[85.385084,28.279863],[85.385067,28.279847],[85.385015,28.279798],[85.385002,28.279786],[85.384937,28.279726],[85.38492,28.27971],[85.384878,28.279672],[85.384865,28.27966],[85.384822,28.279622],[85.384812,28.279613],[85.384769,28.279575],[85.384752,28.279561],[85.384709,28.279524],[85.384693,28.279511],[85.384636,28.279462],[85.384619,28.279448],[85.384561,28.279401],[85.384536,28.279381],[85.384465,28.279324],[85.384443,28.279307],[85.384386,28.279263],[85.384359,28.279242],[85.384288,28.279189],[85.384268,28.279175],[85.384225,28.279143],[85.384206,28.27913],[85.384178,28.27911],[85.384164,28.2791],[85.384121,28.27907],[85.384106,28.27906],[85.384063,28.27903],[85.384037,28.279013],[85.383974,28.278971],[85.383952,28.278957],[85.383903,28.278925],[85.383886,28.278914],[85.383853,28.278894],[85.383825,28.278876],[85.38376,28.278837],[85.383733,28.278821],[85.383701,28.278802],[85.383673,28.278786],[85.38364,28.278767],[85.383592,28.27874],[85.383547,28.278717],[85.383497,28.278691],[85.383467,28.278676],[85.38343,28.278658],[85.383414,28.27865],[85.38339,28.278639],[85.383373,28.278631],[85.383342,28.278617],[85.383308,28.278602],[85.383278,28.278589],[85.38326,28.278582],[85.383231,28.27857],[85.383196,28.278555],[85.383161,28.278542],[85.383108,28.278521],[85.383078,28.27851],[85.383024,28.27849],[85.383013,28.278486],[85.383004,28.278483],[85.382947,28.278436],[85.382923,28.278417],[85.382865,28.278374],[85.382852,28.278364],[85.382813,28.278337],[85.3828,28.278327],[85.382761,28.278301],[85.382747,28.278292],[85.382706,28.278266],[85.382693,28.278258],[85.382648,28.278231],[85.382634,28.278222],[85.382572,28.278187],[85.382542,28.278171],[85.382481,28.27814],[85.382466,28.278132],[85.382423,28.278111],[85.382406,28.278103],[85.382366,28.278084],[85.382349,28.278077],[85.382295,28.278053],[85.382261,28.278039],[85.382207,28.278018],[85.382192,28.278012],[85.382149,28.277996],[85.382118,28.277985],[85.382064,28.277966],[85.382031,28.277955],[85.381982,28.277939],[85.381947,28.277928],[85.381905,28.277916],[85.381868,28.277906],[85.381832,28.277895],[85.381775,28.27788],[85.381762,28.277877],[85.381667,28.277852],[85.381646,28.277841],[85.381604,28.277817],[85.381573,28.277799],[85.381557,28.27779],[85.381513,28.277763],[85.381469,28.277735],[85.381424,28.277706],[85.381365,28.277667],[85.38133,28.277643],[85.3813,28.277622],[85.381299,28.277621],[85.381263,28.277577],[85.381255,28.277567],[85.381231,28.277538],[85.381207,28.27751],[85.381173,28.27747],[85.381136,28.277429],[85.381114,28.277404],[85.381074,28.277362],[85.381052,28.277339],[85.381004,28.277291],[85.380982,28.27727],[85.380926,28.277219],[85.380904,28.277199],[85.380839,28.277144],[85.380815,28.277125],[85.380757,28.277079],[85.380745,28.27707],[85.380712,28.277046],[85.380715,28.277015],[85.380719,28.276967],[85.380723,28.276927],[85.380725,28.276897],[85.380727,28.276863],[85.380728,28.276834],[85.380729,28.276789],[85.38073,28.276747],[85.38073,28.276693],[85.38073,28.276658],[85.380729,28.276621],[85.380728,28.276604],[85.380726,28.276567],[85.380724,28.276533],[85.380721,28.276491],[85.380718,28.276457],[85.380714,28.276416],[85.380708,28.276365],[85.380703,28.276327],[85.380699,28.276293],[85.380693,28.276254],[85.380688,28.276223],[85.380681,28.276183],[85.380675,28.276151],[85.380668,28.276116],[85.38068,28.27609],[85.380692,28.276063],[85.380723,28.275988],[85.380734,28.275959],[85.380755,28.275903],[85.380761,28.275888],[85.380772,28.275854],[85.380777,28.275838],[85.380792,28.275791],[85.380801,28.275758],[85.380817,28.275703],[85.380825,28.275669],[85.380837,28.27562],[85.380845,28.275585],[85.380854,28.275539],[85.380862,28.275496],[85.380869,28.275458],[85.380875,28.275427],[85.380879,28.275401],[85.380884,28.275366],[85.380887,28.275345],[85.380894,28.275293],[85.380897,28.275268],[85.380903,28.275217],[85.380905,28.275199],[85.380911,28.275148],[85.380912,28.275139],[85.380917,28.275088],[85.380919,28.275072],[85.380924,28.275021],[85.380927,28.274987],[85.38093,28.274936],[85.380933,28.274893],[85.380935,28.274842],[85.380936,28.274796],[85.380937,28.274771],[85.380942,28.274758],[85.380962,28.274699],[85.380971,28.274671],[85.380992,28.274596],[85.380999,28.27457],[85.381018,28.274492],[85.381024,28.274465],[85.381039,28.274386],[85.381044,28.274358],[85.381052,28.274298],[85.381054,28.274283],[85.38106,28.274227],[85.381063,28.274197],[85.381068,28.274125],[85.381069,28.274092],[85.381071,28.27403],[85.381071,28.273998],[85.38107,28.273974],[85.381086,28.27395],[85.381094,28.273937],[85.381122,28.273893],[85.38113,28.27388],[85.381156,28.273835],[85.381164,28.273822],[85.381195,28.273764],[85.381208,28.273737],[85.38124,28.273672],[85.381253,28.273645],[85.381274,28.273596],[85.381281,28.273581],[85.381298,28.273539],[85.38131,28.273509],[85.381328,28.273459],[85.381339,28.273429],[85.381352,28.27339],[85.381357,28.273374],[85.381369,28.273338],[85.381378,28.273306],[85.381391,28.273262],[85.3814,28.27323],[85.38141,28.273192],[85.381414,28.273175],[85.381422,28.273138],[85.38143,28.273103],[85.381441,28.27305],[85.381448,28.273015],[85.381458,28.272951],[85.381462,28.272922],[85.381469,28.272875],[85.38147,28.272861],[85.381475,28.27281],[85.381478,28.272778],[85.381481,28.272731],[85.381482,28.272714],[85.381482,28.272706],[85.381483,28.272706],[85.381489,28.272695],[85.381538,28.272596],[85.381543,28.272586],[85.381585,28.272486],[85.381589,28.272475],[85.381626,28.27237],[85.381629,28.272358],[85.381655,28.272263],[85.381686,28.272228],[85.381697,28.272215],[85.381747,28.272154],[85.381758,28.27214],[85.381812,28.272067],[85.381821,28.272054],[85.381879,28.271966],[85.381887,28.271953],[85.381947,28.271848],[85.381954,28.271835],[85.38201,28.271716],[85.382016,28.271703],[85.382064,28.271576],[85.382068,28.271563],[85.382105,28.271439],[85.382108,28.271426],[85.382133,28.271308],[85.382134,28.271298],[85.382149,28.271195],[85.38215,28.271185],[85.382157,28.271077],[85.382158,28.271065],[85.382158,28.270958],[85.382158,28.270946],[85.382151,28.270838],[85.38215,28.270824],[85.382136,28.270718],[85.382133,28.270704],[85.382112,28.270596],[85.382108,28.270581],[85.382078,28.270471],[85.382073,28.270456],[85.38204,28.270361],[85.382036,28.27035],[85.382004,28.270271],[85.381999,28.270261],[85.381962,28.270181],[85.381956,28.27017],[85.381915,28.270093],[85.381909,28.270082],[85.381863,28.270007],[85.381856,28.269996],[85.381809,28.269925],[85.381801,28.269914],[85.381751,28.269846],[85.381742,28.269835],[85.381691,28.269773],[85.381682,28.269762],[85.381633,28.269707],[85.381623,28.269697],[85.381581,28.269652],[85.38157,28.269641],[85.381567,28.269638],[85.381545,28.269596],[85.381537,28.269582],[85.381515,28.269543],[85.381507,28.269529],[85.381484,28.26949],[85.381475,28.269477],[85.381449,28.269435],[85.38144,28.269422],[85.381407,28.269374],[85.381398,28.269361],[85.381357,28.269305],[85.381347,28.269292],[85.381297,28.26923],[85.381287,28.269218],[85.381229,28.269152],[85.38122,28.269142],[85.381154,28.269074],[85.381144,28.269064],[85.381069,28.268994],[85.38106,28.268986],[85.380975,28.268916],[85.380966,28.268908],[85.380878,28.268843],[85.380869,28.268832],[85.380858,28.268819],[85.380837,28.268794],[85.380815,28.268768],[85.38079,28.268739],[85.380768,28.268714],[85.380743,28.268686],[85.380722,28.268663],[85.380703,28.268643],[85.380681,28.26862],[85.380665,28.268603],[85.380643,28.26858],[85.380625,28.268562],[85.380599,28.268535],[85.38058,28.268517],[85.380527,28.268465],[85.380513,28.268452],[85.380412,28.268355],[85.380386,28.268329],[85.380361,28.268305],[85.380279,28.268222],[85.380261,28.268204],[85.380235,28.268179],[85.380213,28.268157],[85.380201,28.268146],[85.380192,28.268092],[85.380187,28.268062],[85.380176,28.268008],[85.38017,28.267976],[85.380158,28.267925],[85.380146,28.267877],[85.380133,28.267826],[85.380124,28.267794],[85.380112,28.267755],[85.380102,28.267722],[85.380092,28.26769],[85.380086,28.267673],[85.380074,28.267637],[85.380064,28.267608],[85.380047,28.267564],[85.380036,28.267535],[85.380014,28.267482],[85.380001,28.267452],[85.379975,28.267394],[85.37996,28.267362],[85.379939,28.267319],[85.379931,28.267303],[85.379916,28.267275],[85.379909,28.267263],[85.37989,28.267228],[85.379877,28.267204],[85.379849,28.267157],[85.379832,28.267129],[85.379808,28.26709],[85.379798,28.267075],[85.379781,28.267048],[85.379771,28.267032],[85.379742,28.266991],[85.379721,28.266961],[85.379692,28.266921],[85.37969,28.266919],[85.379808,28.266863],[85.379825,28.266854],[85.379942,28.266788],[85.379954,28.26678],[85.380054,28.266716],[85.380065,28.266708],[85.380165,28.266635],[85.380176,28.266626],[85.38028,28.266538],[85.380291,28.266529],[85.380383,28.266439],[85.38039,28.266432],[85.380465,28.266349],[85.380471,28.266342],[85.380523,28.266279],[85.380572,28.266214],[85.380581,28.266201],[85.380642,28.266109],[85.380697,28.266014],[85.380705,28.265999],[85.380744,28.265921],[85.380779,28.265841],[85.380783,28.265833],[85.380824,28.265722],[85.380827,28.265713],[85.38086,28.265599],[85.380862,28.265589],[85.380886,28.265475],[85.380888,28.265465],[85.380904,28.265352],[85.380905,28.265341],[85.380912,28.265232],[85.380913,28.265221],[85.380913,28.265115],[85.380913,28.265102],[85.380906,28.265002],[85.380905,28.264989],[85.380893,28.264893],[85.380891,28.264879],[85.380874,28.264788],[85.380871,28.264774],[85.380849,28.264685],[85.380845,28.26467],[85.380818,28.264582],[85.380813,28.264567],[85.38078,28.264477],[85.380774,28.264462],[85.380733,28.26437],[85.380727,28.264355],[85.380683,28.264268],[85.380677,28.264258],[85.380633,28.264182],[85.380627,28.264172],[85.380576,28.264093],[85.380568,28.264082],[85.380512,28.264005],[85.380504,28.263995],[85.380443,28.263919],[85.380434,28.263908],[85.380369,28.263837],[85.380359,28.263827],[85.380292,28.263759],[85.38028,28.263749],[85.380213,28.263688],[85.380201,28.263678],[85.38014,28.263626],[85.380128,28.263617],[85.380076,28.263577],[85.380064,28.263568],[85.38002,28.263536],[85.380007,28.263527],[85.379948,28.263487],[85.379919,28.263468],[85.379871,28.263438],[85.379854,28.263428],[85.379825,28.263411],[85.379792,28.263391],[85.379766,28.263376],[85.379699,28.263337],[85.379671,28.263322],[85.379624,28.263296],[85.379572,28.263268],[85.37954,28.263252],[85.379479,28.263222],[85.379445,28.263206],[85.379377,28.263175],[85.379342,28.26316],[85.379271,28.26313],[85.379234,28.263116],[85.379167,28.263091],[85.379133,28.263079],[85.379085,28.263063],[85.379069,28.263058],[85.379031,28.263046],[85.379,28.263036],[85.378946,28.26302],[85.378911,28.26301],[85.37887,28.262999],[85.37885,28.262994],[85.378814,28.262985],[85.378775,28.262975],[85.378722,28.262963],[85.378669,28.262952],[85.378623,28.262942],[85.378569,28.262932],[85.378533,28.262925],[85.378479,28.262915],[85.378455,28.262911],[85.3784,28.262902],[85.378387,28.2629],[85.37827,28.262881],[85.378231,28.262863],[85.378216,28.262856],[85.378162,28.262833],[85.378148,28.262827],[85.378086,28.262802],[85.378071,28.262796],[85.378002,28.262771],[85.377989,28.262767],[85.377918,28.262744],[85.377905,28.262739],[85.377897,28.262737],[85.377887,28.262731],[85.377798,28.262682],[85.377782,28.262674],[85.377675,28.262622],[85.377659,28.262614],[85.377558,28.262571],[85.377545,28.262566],[85.37746,28.262535],[85.377446,28.26253],[85.377364,28.262503],[85.37735,28.262499],[85.377265,28.262475],[85.37725,28.262471],[85.377169,28.262452],[85.377154,28.262448],[85.377082,28.262434],[85.377066,28.262431],[85.37701,28.262421],[85.377003,28.262417],[85.376969,28.2624],[85.376924,28.262378],[85.376889,28.262362],[85.376834,28.262336],[85.376798,28.26232],[85.376728,28.262291],[85.3767,28.26228],[85.376628,28.262253],[85.376601,28.262243],[85.376523,28.262217],[85.376496,28.262208],[85.376423,28.262186],[85.376403,28.262181],[85.376339,28.262164],[85.37632,28.262159],[85.376252,28.262143],[85.376233,28.262139],[85.376166,28.262126],[85.376147,28.262123],[85.376132,28.26212],[85.376111,28.262102],[85.376066,28.262063],[85.376049,28.262033],[85.376022,28.261985],[85.376006,28.261959],[85.375973,28.261905],[85.375956,28.26188],[85.375915,28.26182],[85.375898,28.261795],[85.375856,28.261738],[85.375845,28.261724],[85.375811,28.261681],[85.3758,28.261668],[85.375763,28.261624],[85.375751,28.26161],[85.375713,28.261568],[85.375703,28.261557],[85.375668,28.26152],[85.375657,28.261509],[85.37562,28.261472],[85.375608,28.261461],[85.375573,28.261428],[85.375572,28.261426],[85.375566,28.261408],[85.375556,28.261374],[85.375546,28.261346],[85.375535,28.261312],[85.375523,28.261277],[85.375512,28.261249],[85.3755,28.261216],[85.375489,28.261188],[85.375474,28.261149],[85.375462,28.26112],[85.375445,28.261082],[85.375432,28.261052],[85.375416,28.261016],[85.375393,28.260969],[85.375381,28.260943],[85.375342,28.260864],[85.375334,28.260848],[85.375302,28.260785],[85.375284,28.26075],[85.375261,28.260708],[85.375239,28.260669],[85.375224,28.260642],[85.375206,28.26061],[85.375196,28.260595],[85.375172,28.260555],[85.375152,28.260524],[85.375121,28.260477],[85.375111,28.260462],[85.375086,28.260427],[85.375076,28.260412],[85.375048,28.260374],[85.375037,28.260359],[85.375004,28.260317],[85.374993,28.260304],[85.374959,28.260263],[85.374948,28.26025],[85.374909,28.260206],[85.374898,28.260193],[85.374853,28.260146],[85.374842,28.260135],[85.374796,28.260089],[85.374784,28.260078],[85.374731,28.260029],[85.37472,28.260019],[85.374661,28.259969],[85.37465,28.25996],[85.374588,28.259911],[85.374576,28.259902],[85.374507,28.259853],[85.374496,28.259844],[85.374427,28.259799],[85.374417,28.259793],[85.374389,28.259776],[85.374379,28.259747],[85.374375,28.259738],[85.374347,28.259669],[85.374343,28.25966],[85.374313,28.259594],[85.374309,28.259586],[85.37427,28.25951],[85.374263,28.259498],[85.374217,28.259418],[85.374209,28.259406],[85.374163,28.259335],[85.374155,28.259323],[85.374104,28.259254],[85.374094,28.259241],[85.374044,28.259178],[85.374034,28.259166],[85.373988,28.259112],[85.373977,28.2591],[85.37393,28.25905],[85.373917,28.259037],[85.373874,28.258994],[85.373861,28.258981],[85.373823,28.258946],[85.37381,28.258933],[85.373776,28.258903],[85.373763,28.258892],[85.373723,28.258857],[85.373696,28.258835],[85.373643,28.258793],[85.373616,28.258772],[85.373558,28.258729],[85.373536,28.258714],[85.373474,28.258671],[85.373452,28.258656],[85.373381,28.258611],[85.373357,28.258597],[85.37328,28.258553],[85.373255,28.258539],[85.373176,28.258498],[85.37315,28.258485],[85.373091,28.258458],[85.373078,28.258451],[85.373041,28.258435],[85.373027,28.258429],[85.372976,28.258407],[85.372949,28.258396],[85.372888,28.258373],[85.372859,28.258362],[85.372818,28.258348],[85.372803,28.258342],[85.372773,28.258333],[85.372759,28.258321],[85.372719,28.258285],[85.372688,28.258259],[85.372661,28.258237],[85.372629,28.258211],[85.372602,28.258189],[85.372563,28.258158],[85.372538,28.25814],[85.372494,28.258107],[85.372469,28.258089],[85.372411,28.25805],[85.372383,28.258031],[85.372335,28.258],[85.37232,28.257991],[85.372267,28.257959],[85.372234,28.257939],[85.372173,28.257905],[85.372143,28.257889],[85.372138,28.257886],[85.372096,28.257843],[85.372082,28.25783],[85.371998,28.257754],[85.371984,28.257742],[85.371906,28.257679],[85.371896,28.257671],[85.371832,28.257623],[85.371822,28.257616],[85.371757,28.257572],[85.371746,28.257565],[85.371679,28.257522],[85.371666,28.257515],[85.3716,28.257477],[85.371588,28.25747],[85.371524,28.257437],[85.371511,28.25743],[85.37144,28.257395],[85.371422,28.257387],[85.371348,28.257355],[85.37133,28.257347],[85.371271,28.257324],[85.371257,28.257318],[85.371236,28.257311],[85.371224,28.257301],[85.371145,28.257246],[85.371134,28.257238],[85.371052,28.257187],[85.371041,28.25718],[85.370951,28.257129],[85.37094,28.257123],[85.370846,28.257075],[85.370835,28.25707],[85.370735,28.257026],[85.370724,28.257022],[85.370623,28.256983],[85.370612,28.256979],[85.370509,28.256945],[85.370498,28.256942],[85.370397,28.256914],[85.370386,28.256911],[85.370275,28.256886],[85.370262,28.256884],[85.370146,28.256864],[85.370132,28.256862],[85.37004,28.256851],[85.370005,28.256814],[85.369978,28.256787],[85.369939,28.256748],[85.36991,28.256719],[85.369885,28.256696],[85.369848,28.256661],[85.369813,28.256629],[85.369765,28.256587],[85.369736,28.256562],[85.369689,28.256524],[85.369661,28.256501],[85.369615,28.256465],[85.369587,28.256444],[85.369553,28.256419],[85.369538,28.256409],[85.369505,28.256385],[85.369475,28.256365],[85.369432,28.256336],[85.3694,28.256315],[85.369361,28.25629],[85.369332,28.256273],[85.369299,28.256253],[85.369273,28.256237],[85.369236,28.256216],[85.369224,28.256209],[85.369224,28.256208],[85.369221,28.256177],[85.369215,28.256103],[85.36921,28.256033],[85.369216,28.256013],[85.369227,28.255972],[85.36924,28.255924],[85.369248,28.255892],[85.369263,28.255829],[85.369271,28.255799],[85.369278,28.255767],[85.369282,28.255746],[85.369289,28.255714],[85.369293,28.255696],[85.369302,28.255648],[85.369306,28.255631],[85.369312,28.255599],[85.369315,28.255579],[85.369321,28.255547],[85.369324,28.255527],[85.369329,28.255495],[85.369332,28.255477],[85.369339,28.255429],[85.369342,28.255412],[85.369346,28.25538],[85.369349,28.25536],[85.369353,28.255328],[85.369355,28.255307],[85.369359,28.255275],[85.369361,28.255255],[85.369368,28.25519],[85.36937,28.255161],[85.369375,28.255111],[85.369377,28.255075],[85.369381,28.255004],[85.369383,28.254975],[85.369385,28.254921],[85.369386,28.254891],[85.369387,28.254855],[85.369387,28.254836],[85.369388,28.254801],[85.369388,28.254786],[85.369388,28.25475],[85.369388,28.254731],[85.369387,28.254696],[85.369386,28.254665],[85.369385,28.254613],[85.369384,28.254586],[85.369381,28.254534],[85.36938,28.25451],[85.369378,28.254475],[85.369375,28.254442],[85.369371,28.254392],[85.369368,28.25436],[85.369363,28.254309],[85.369359,28.254276],[85.369355,28.254242],[85.369349,28.254201],[85.369344,28.254168],[85.369338,28.254129],[85.369332,28.254096],[85.369324,28.254054],[85.369318,28.254022],[85.369309,28.253983],[85.369302,28.253953],[85.369293,28.253915],[85.369281,28.25387],[85.369271,28.253829],[85.369261,28.253795],[85.369254,28.25377],[85.369244,28.253737],[85.369238,28.253717],[85.369227,28.253683],[85.369221,28.253664],[85.36921,28.253632],[85.369205,28.253616],[85.369158,28.253477],[85.369149,28.253448],[85.369141,28.253422],[85.369141,28.25342],[85.36914,28.25341],[85.36914,28.253399],[85.369141,28.253391],[85.369142,28.253335],[85.369145,28.253277],[85.369149,28.253225],[85.369163,28.253023],[85.369163,28.25301],[85.369167,28.252957],[85.369167,28.252945],[85.36917,28.252892],[85.369171,28.252874],[85.369173,28.252821],[85.369174,28.252796],[85.369175,28.252742],[85.369176,28.252716],[85.369176,28.252662],[85.369176,28.252631],[85.369176,28.252599],[85.369176,28.252578],[85.369175,28.252546],[85.369174,28.252524],[85.369173,28.252492],[85.369172,28.252463],[85.36917,28.252429],[85.369168,28.2524],[85.369166,28.252365],[85.369164,28.252342],[85.369161,28.252308],[85.369159,28.252284],[85.369155,28.25225],[85.369153,28.252228],[85.369147,28.252177],[85.369146,28.252168],[85.369135,28.252084],[85.369137,28.252075],[85.369146,28.252021],[85.369151,28.251988],[85.369158,28.251932],[85.369159,28.251918],[85.369164,28.251876],[85.369165,28.251861],[85.369168,28.251814],[85.369169,28.2518],[85.369172,28.251724],[85.369172,28.251698],[85.369171,28.251621],[85.36917,28.251608],[85.369167,28.251552],[85.369166,28.251539],[85.369161,28.251483],[85.36916,28.25147],[85.369152,28.251412],[85.36915,28.251399],[85.369141,28.251342],[85.369138,28.251329],[85.369127,28.251271],[85.369126,28.251266],[85.369148,28.251222],[85.369155,28.251208],[85.369192,28.251124],[85.369225,28.251038],[85.369229,28.251027],[85.369259,28.25093],[85.369284,28.250832],[85.369286,28.250821],[85.369305,28.250714],[85.369317,28.250606],[85.369318,28.250597],[85.369323,28.250486],[85.36932,28.250375],[85.369319,28.250367],[85.369309,28.250258],[85.369291,28.25015],[85.369265,28.250043],[85.369262,28.250032],[85.369231,28.24993],[85.369193,28.249829],[85.369148,28.249731],[85.369097,28.249635],[85.369091,28.249625],[85.369044,28.249549],[85.368994,28.249475],[85.368939,28.249403],[85.368881,28.249334],[85.368819,28.249267],[85.368809,28.249257],[85.368741,28.249191],[85.368694,28.249093],[85.36869,28.249083],[85.368626,28.248972],[85.368621,28.248964],[85.368553,28.248863],[85.368547,28.248855],[85.368464,28.248749],[85.368456,28.248739],[85.368418,28.248697],[85.36841,28.248669],[85.3684,28.248635],[85.368395,28.24862],[85.368383,28.248584],[85.368374,28.248554],[85.368359,28.248512],[85.368348,28.248482],[85.368332,28.248439],[85.36832,28.24841],[85.368299,28.248358],[85.36828,28.248314],[85.368257,28.248264],[85.368243,28.248235],[85.368224,28.248195],[85.368209,28.248166],[85.36819,28.248129],[85.368175,28.248101],[85.368158,28.24807],[85.36815,28.248056],[85.368134,28.248027],[85.368117,28.247999],[85.368095,28.247963],[85.368078,28.247935],[85.368058,28.247904],[85.368049,28.24789],[85.36803,28.247861],[85.368011,28.247834],[85.367984,28.247794],[85.367965,28.247768],[85.367939,28.247733],[85.367929,28.24772],[85.367902,28.247686],[85.367883,28.247661],[85.367853,28.247624],[85.367843,28.247612],[85.367804,28.247567],[85.367782,28.247543],[85.367736,28.247494],[85.367725,28.247482],[85.367691,28.247447],[85.367677,28.247434],[85.367676,28.247433],[85.367671,28.247424],[85.367657,28.247397],[85.36764,28.247369],[85.367624,28.247342],[85.367609,28.247316],[85.367584,28.247275],[85.367569,28.247252],[85.367551,28.247222],[85.367538,28.247201],[85.367509,28.247157],[85.367491,28.247131],[85.367464,28.24709],[85.367446,28.247065],[85.367419,28.247025],[85.367398,28.246997],[85.367371,28.246959],[85.367347,28.246927],[85.367315,28.246886],[85.367291,28.246855],[85.367268,28.246826],[85.367238,28.24679],[85.367204,28.24675],[85.36718,28.246721],[85.367168,28.246708],[85.367146,28.246683],[85.367124,28.246658],[85.367093,28.246626],[85.36707,28.246601],[85.367033,28.246564],[85.36701,28.246541],[85.36698,28.246512],[85.366968,28.246501],[85.366932,28.246468],[85.36691,28.246448],[85.366858,28.246402],[85.366837,28.246384],[85.36678,28.246338],[85.366757,28.246321],[85.366696,28.246275],[85.366672,28.246258],[85.366611,28.246216],[85.366585,28.246199],[85.366539,28.246169],[85.366525,28.24616],[85.366481,28.246133],[85.366453,28.246116],[85.366427,28.246102],[85.366421,28.246088],[85.366392,28.246024],[85.366379,28.245997],[85.366345,28.245932],[85.366331,28.245906],[85.366293,28.245837],[85.366278,28.245812],[85.366233,28.245742],[85.366218,28.245718],[85.366181,28.245665],[85.366173,28.245653],[85.366146,28.245616],[85.366137,28.245605],[85.366106,28.245566],[85.366096,28.245543],[85.366082,28.245511],[85.366075,28.245496],[85.366057,28.24546],[85.366043,28.245431],[85.36602,28.245386],[85.366004,28.245357],[85.365983,28.245319],[85.365967,28.245291],[85.365948,28.245258],[85.365931,28.245229],[85.365912,28.245199],[85.365895,28.24517],[85.365877,28.245142],[85.365858,28.245114],[85.365836,28.245081],[85.365807,28.245039],[85.365781,28.245002],[85.365751,28.244959],[85.365729,28.24493],[85.365708,28.244901],[85.36569,28.244879],[85.365668,28.24485],[85.365647,28.244823],[85.365612,28.244781],[85.36559,28.244754],[85.365566,28.244725],[85.365549,28.244706],[85.365525,28.244677],[85.365501,28.24465],[85.36546,28.244604],[85.365437,28.24458],[85.365414,28.244555],[85.3654,28.24454],[85.365376,28.244514],[85.365361,28.244499],[85.365311,28.244448],[85.365294,28.244431],[85.365269,28.244406],[85.365253,28.24439],[85.365228,28.244365],[85.365214,28.244352],[85.365176,28.244316],[85.365165,28.244305],[85.365127,28.244269],[85.365115,28.244258],[85.365089,28.244234],[85.365073,28.24422],[85.365034,28.244184],[85.365019,28.244171],[85.36494,28.244101],[85.364924,28.244087],[85.364869,28.24404],[85.364856,28.244028],[85.364603,28.243813],[85.36459,28.243802],[85.364533,28.243754],[85.364502,28.243729],[85.364461,28.243697],[85.36442,28.243664],[85.364379,28.243633],[85.364337,28.243602],[85.36431,28.243583],[85.36428,28.243562],[85.364266,28.243552],[85.364228,28.243527],[85.364197,28.243506],[85.364148,28.243475],[85.364116,28.243455],[85.364077,28.243431],[85.364062,28.243423],[85.364026,28.243402],[85.363997,28.243385],[85.363942,28.243356],[85.363912,28.24334],[85.363857,28.243312],[85.363842,28.243305],[85.363792,28.243281],[85.363776,28.243274],[85.363717,28.243249],[85.363701,28.243242],[85.363639,28.243217],[85.363624,28.243211],[85.363561,28.243188],[85.363546,28.243183],[85.363483,28.243162],[85.36347,28.243158],[85.363412,28.24314],[85.363398,28.243136],[85.363339,28.24312],[85.363326,28.243117],[85.363263,28.243102],[85.363249,28.243099],[85.363188,28.243086],[85.363173,28.243083],[85.363112,28.243072],[85.363098,28.243069],[85.363036,28.24306],[85.363021,28.243058],[85.36296,28.24305],[85.362944,28.243048],[85.362885,28.243042],[85.36287,28.243041],[85.362859,28.24304],[85.362857,28.243038],[85.3628,28.242997],[85.362769,28.242975],[85.362718,28.24294],[85.36267,28.242909],[85.362645,28.242893],[85.36242,28.242749],[85.362413,28.242744],[85.362349,28.242703],[85.362332,28.242693],[85.362299,28.242672],[85.362283,28.242663],[85.362235,28.242633],[85.362225,28.242627],[85.361989,28.242486],[85.361958,28.242467],[85.361948,28.24246],[85.361899,28.242429],[85.361836,28.242387],[85.361833,28.242384],[85.361823,28.242367],[85.361803,28.242336],[85.361777,28.242295],[85.361757,28.242265],[85.361719,28.24221],[85.361708,28.242195],[85.361667,28.24214],[85.361655,28.242126],[85.361595,28.242052],[85.361582,28.242038],[85.361516,28.241966],[85.361508,28.241947],[85.361501,28.241931],[85.361491,28.24191],[85.361477,28.241879],[85.36147,28.241863],[85.361443,28.241808],[85.361441,28.241793],[85.361451,28.241761],[85.361467,28.241707],[85.361476,28.241675],[85.36149,28.241622],[85.361498,28.241589],[85.361509,28.241537],[85.361516,28.241503],[85.361525,28.241454],[85.361531,28.241419],[85.361539,28.241372],[85.361544,28.241337],[85.36155,28.24129],[85.361554,28.241255],[85.361558,28.241209],[85.361561,28.241173],[85.361564,28.241129],[85.361566,28.241093],[85.361568,28.241046],[85.361569,28.241005],[85.36157,28.240956],[85.361569,28.240915],[85.361568,28.240866],[85.361567,28.240825],[85.361564,28.240776],[85.361562,28.240735],[85.361559,28.240694],[85.361556,28.240667],[85.361553,28.240635],[85.36155,28.240608],[85.361545,28.240566],[85.36154,28.240536],[85.361547,28.240522],[85.361554,28.240506],[85.361574,28.240464],[85.36158,28.240449],[85.361597,28.240409],[85.361603,28.240394],[85.361618,28.240353],[85.361624,28.240338],[85.36164,28.240294],[85.361645,28.240279],[85.36166,28.240232],[85.361664,28.240218],[85.361683,28.240152],[85.36169,28.240124],[85.361706,28.240058],[85.361709,28.240044],[85.361718,28.239998],[85.361721,28.239984],[85.361731,28.239927],[85.361735,28.239899],[85.361744,28.239829],[85.361747,28.239797],[85.361753,28.239732],[85.361755,28.239696],[85.361758,28.239646],[85.361758,28.239628],[85.361759,28.239587],[85.361759,28.239569],[85.361759,28.239518],[85.361759,28.239501],[85.361756,28.239442],[85.361755,28.239425],[85.361749,28.239353],[85.361747,28.239336],[85.361736,28.239254],[85.361734,28.239239],[85.361718,28.239152],[85.361715,28.239137],[85.36169,28.239038],[85.361686,28.239024],[85.361657,28.23893],[85.361653,28.23892],[85.361638,28.238879],[85.361639,28.238877],[85.36165,28.238852],[85.361657,28.238835],[85.361672,28.2388],[85.361684,28.238769],[85.3617,28.238728],[85.36171,28.2387],[85.361722,28.238666],[85.361732,28.238638],[85.361747,28.238595],[85.361761,28.23855],[85.361775,28.238505],[85.361788,28.238458],[85.361798,28.238422],[85.361806,28.238389],[85.361813,28.238365],[85.361821,28.238332],[85.361829,28.238298],[85.361842,28.238237],[85.361849,28.238205],[85.361859,28.238155],[85.361863,28.238135],[85.36187,28.238101],[85.361873,28.238085],[85.361882,28.238033],[85.361884,28.23802],[85.361935,28.237724],[85.361968,28.237547],[85.36197,28.237533],[85.361979,28.237482],[85.361985,28.237447],[85.361994,28.23739],[85.361999,28.237356],[85.362003,28.237326],[85.362006,28.237302],[85.362009,28.23727],[85.362013,28.23724],[85.362019,28.237174],[85.362021,28.237151],[85.362025,28.237101],[85.362026,28.237085],[85.362029,28.237052],[85.362031,28.237022],[85.362033,28.236972],[85.362035,28.23693],[85.362037,28.236879],[85.362037,28.236843],[85.362037,28.236826],[85.362037,28.23679],[85.362036,28.236759],[85.362035,28.236721],[85.362035,28.236705],[85.362032,28.236664],[85.36203,28.236635],[85.362029,28.236615],[85.362043,28.23658],[85.362057,28.236546],[85.362072,28.236505],[85.362085,28.236471],[85.362098,28.236434],[85.362109,28.236403],[85.362121,28.236367],[85.362135,28.236322],[85.362143,28.236294],[85.362157,28.236247],[85.362164,28.236223],[85.36221,28.23606],[85.362213,28.236047],[85.362217,28.23604],[85.362226,28.236023],[85.362315,28.235856],[85.362324,28.235839],[85.36234,28.235808],[85.362351,28.235786],[85.362367,28.235755],[85.36238,28.235727],[85.362395,28.235697],[85.362412,28.23566],[85.362431,28.235617],[85.362448,28.235578],[85.36246,28.23555],[85.362476,28.23551],[85.362493,28.235466],[85.362508,28.235426],[85.362524,28.235382],[85.362537,28.235345],[85.362548,28.235313],[85.362557,28.235283],[85.362573,28.235234],[85.362581,28.235207],[85.362591,28.235174],[85.362597,28.235151],[85.362611,28.2351],[85.362616,28.235083],[85.36263,28.235032],[85.362634,28.235016],[85.362684,28.234819],[85.362696,28.234776],[85.362702,28.234755],[85.362703,28.23475],[85.362708,28.234735],[85.362709,28.234734],[85.362716,28.234714],[85.362718,28.234708],[85.362722,28.234699],[85.36273,28.234679],[85.362751,28.234632],[85.362846,28.234422],[85.362856,28.234401],[85.362884,28.234336],[85.362893,28.234316],[85.362913,28.234267],[85.362925,28.234238],[85.362945,28.234189],[85.362957,28.234159],[85.362975,28.23411],[85.362988,28.234076],[85.363005,28.234026],[85.363017,28.233989],[85.363034,28.233937],[85.363041,28.233917],[85.363062,28.233849],[85.363068,28.233829],[85.363083,28.233779],[85.363092,28.233747],[85.363101,28.233714],[85.363114,28.233667],[85.363121,28.233637],[85.363135,28.233573],[85.363141,28.233542],[85.363152,28.233484],[85.363155,28.233468],[85.363161,28.233427],[85.363163,28.233411],[85.36317,28.233355],[85.363171,28.233347],[85.363179,28.233314],[85.363185,28.233284],[85.363195,28.233234],[85.363201,28.233203],[85.363211,28.233148],[85.363216,28.233116],[85.363221,28.233073],[85.363224,28.233056],[85.363228,28.23302],[85.363231,28.232985],[85.363235,28.232948],[85.363236,28.232931],[85.363239,28.232886],[85.363241,28.23284],[85.363243,28.232786],[85.363244,28.23274],[85.363244,28.232691],[85.363244,28.23266],[85.363243,28.232617],[85.363241,28.232571],[85.363238,28.232516],[85.363234,28.232465],[85.363234,28.232459],[85.363238,28.232415],[85.363241,28.23238],[85.363245,28.232334],[85.363247,28.232306],[85.363252,28.232242],[85.363253,28.232215],[85.363258,28.232126],[85.363258,28.232109],[85.36326,28.232074],[85.36326,28.232054],[85.363261,28.232018],[85.363262,28.231985],[85.363262,28.231949],[85.363262,28.231917],[85.363262,28.231899],[85.363261,28.231862],[85.36326,28.23183],[85.363258,28.23179],[85.363257,28.231774],[85.363253,28.231727],[85.36325,28.231695],[85.363244,28.231644],[85.363242,28.231628],[85.363235,28.231574],[85.36323,28.231544],[85.363217,28.231473],[85.363211,28.231445],[85.363199,28.231392],[85.363196,28.231378],[85.363184,28.231332],[85.363181,28.231319],[85.36318,28.231311],[85.363174,28.231256],[85.363169,28.231224],[85.363161,28.231167],[85.363158,28.231151],[85.36315,28.231107],[85.363146,28.23109],[85.36314,28.231059],[85.363142,28.231054],[85.363154,28.231021],[85.363171,28.230975],[85.363186,28.230931],[85.363199,28.23089],[85.363204,28.230875],[85.363214,28.230841],[85.363222,28.230814],[85.363234,28.23077],[85.363241,28.230743],[85.36325,28.230707],[85.363253,28.230693],[85.363263,28.230648],[85.363272,28.230607],[85.363284,28.230538],[85.363291,28.230495],[85.3633,28.23043],[85.363306,28.230385],[85.363312,28.230325],[85.363315,28.230278],[85.363319,28.230223],[85.363321,28.230174],[85.363323,28.230131],[85.363323,28.230095],[85.363323,28.230067],[85.363324,28.230014],[85.363324,28.230005],[85.363072,28.23095],[85.363066,28.230977],[85.363062,28.231004],[85.363059,28.231032],[85.363048,28.231232],[85.363048,28.231257],[85.363049,28.231282],[85.363051,28.231307],[85.363055,28.231332],[85.363061,28.231357],[85.363152,28.231699],[85.363184,28.231859],[85.363195,28.232021],[85.363204,28.232925],[85.363198,28.233059],[85.363181,28.233181],[85.36315,28.233301],[85.363108,28.233419],[85.363053,28.233532],[85.362988,28.233641],[85.362904,28.233752],[85.362366,28.234406],[85.362351,28.234426],[85.362338,28.234446],[85.362325,28.234466],[85.362313,28.234487],[85.362303,28.234509],[85.362294,28.234531],[85.362287,28.234553],[85.362218,28.234775],[85.362172,28.234901],[85.362118,28.235013],[85.362048,28.23513],[85.361896,28.235355],[85.361883,28.235376],[85.361871,28.235397],[85.361861,28.235418],[85.361852,28.235441],[85.361844,28.235463],[85.361837,28.235486],[85.361832,28.235509],[85.361828,28.235532],[85.361825,28.235556],[85.361824,28.235579],[85.361825,28.235603],[85.361829,28.2357],[85.361821,28.235824],[85.3618,28.235947],[85.361767,28.236068],[85.361717,28.236196],[85.361615,28.236424],[85.361606,28.236446],[85.361598,28.236468],[85.361592,28.236491],[85.361587,28.236514],[85.361583,28.236537],[85.36158,28.236561],[85.361579,28.236584],[85.361573,28.236998],[85.361563,28.237146],[85.361537,28.237281],[85.361497,28.237413],[85.361441,28.237541],[85.361371,28.237663],[85.361305,28.237754],[85.361292,28.237774],[85.36128,28.237794],[85.361269,28.237814],[85.361259,28.237836],[85.36125,28.237857],[85.361243,28.237879],[85.361237,28.237901],[85.36105,28.238655],[85.361045,28.238677],[85.361042,28.238699],[85.361039,28.238721],[85.361038,28.238744],[85.361038,28.238766],[85.36104,28.238789],[85.361042,28.238811],[85.361046,28.238833],[85.361052,28.238855],[85.361179,28.239336],[85.361209,28.239481],[85.361221,28.239617],[85.361218,28.239754],[85.361199,28.239889],[85.361165,28.240022],[85.361116,28.240151],[85.361094,28.240194],[85.361084,28.240215],[85.361075,28.240237],[85.361067,28.240258],[85.361061,28.240281],[85.361056,28.240303],[85.361052,28.240326],[85.36105,28.240348],[85.361048,28.240371],[85.361049,28.240394],[85.36105,28.240417],[85.361053,28.240439],[85.361071,28.240562],[85.361075,28.24071],[85.361059,28.24087],[85.360927,28.241687],[85.360924,28.24171],[85.360923,28.241733],[85.360922,28.241756],[85.360923,28.241779],[85.360925,28.241802],[85.360929,28.241825],[85.360934,28.241847],[85.36094,28.24187],[85.360948,28.241892],[85.360956,28.241913],[85.360964,28.241929],[85.361027,28.242075],[85.361049,28.242151],[85.361056,28.242174],[85.361065,28.242196],[85.361075,28.242218],[85.361087,28.24224],[85.361099,28.242261],[85.361114,28.242282],[85.361129,28.242302],[85.361145,28.242321],[85.361639,28.242862],[85.361657,28.242881],[85.361675,28.242898],[85.361695,28.242915],[85.361716,28.24293],[85.361737,28.242945],[85.36176,28.242959],[85.361783,28.242971],[85.361807,28.242982],[85.361832,28.242993],[85.361857,28.243002],[85.361883,28.243009],[85.361909,28.243016],[85.361935,28.243021],[85.362341,28.243094],[85.362513,28.243133],[85.362666,28.243184],[85.362812,28.243249],[85.36295,28.243328],[85.363088,28.243427],[85.363356,28.243642],[85.363375,28.243656],[85.363395,28.24367],[85.363416,28.243683],[85.363437,28.243695],[85.363459,28.243706],[85.363482,28.243716],[85.363505,28.243725],[85.363529,28.243733],[85.363553,28.243739],[85.363792,28.243803],[85.363952,28.243853],[85.364094,28.243913],[85.364228,28.243985],[85.364353,28.244069],[85.364467,28.244164],[85.364571,28.244269],[85.364661,28.244382],[85.364738,28.244504],[85.364805,28.244642],[85.365071,28.245276],[85.365081,28.245297],[85.365092,28.245317],[85.365104,28.245337],[85.365117,28.245357],[85.365131,28.245376],[85.365833,28.246268],[85.365849,28.246287],[85.365866,28.246306],[85.365883,28.246323],[85.365902,28.24634],[85.365922,28.246355],[85.36649,28.246779],[85.366611,28.246879],[85.366712,28.246981],[85.366808,28.247101],[85.367175,28.247609],[85.367257,28.247735],[85.367324,28.247869],[85.367782,28.248912],[85.367792,28.248933],[85.367803,28.248953],[85.367815,28.248974],[85.367829,28.248993],[85.367844,28.249012],[85.367859,28.24903],[85.367876,28.249048],[85.367894,28.249065],[85.367933,28.2491],[85.368023,28.249198],[85.368102,28.249303],[85.36817,28.249414],[85.368226,28.24953],[85.368235,28.249553],[85.368244,28.249576],[85.368255,28.249599],[85.368267,28.249621],[85.36828,28.249643],[85.368295,28.249664],[85.368311,28.249684],[85.368329,28.249704],[85.368347,28.249722],[85.368375,28.249749],[85.368469,28.249858],[85.368549,28.249975],[85.368616,28.250098],[85.368668,28.250227],[85.368705,28.25036],[85.368727,28.250495],[85.368734,28.250632],[85.368725,28.250769],[85.3687,28.250904],[85.36866,28.251036],[85.368598,28.251181],[85.368593,28.251191],[85.368584,28.251214],[85.368577,28.251237],[85.36857,28.25126],[85.368566,28.251284],[85.368562,28.251308],[85.368561,28.251332],[85.36856,28.251356],[85.368561,28.25138],[85.368564,28.251404],[85.368568,28.251428],[85.368692,28.25206],[85.368714,28.252225],[85.368714,28.252378],[85.368694,28.252543],[85.368588,28.253097],[85.368584,28.253121],[85.368582,28.253146],[85.368581,28.253171],[85.368582,28.253195],[85.368584,28.25322],[85.368808,28.255066],[85.368818,28.255213],[85.368811,28.255348],[85.368789,28.255482],[85.368749,28.255625],[85.368646,28.255927],[85.368639,28.255949],[85.368634,28.255971],[85.36863,28.255993],[85.368627,28.256016],[85.368625,28.256038],[85.368624,28.256061],[85.368625,28.256084],[85.368627,28.256106],[85.368631,28.256129],[85.368636,28.256151],[85.368642,28.256173],[85.368649,28.256195],[85.368657,28.256217],[85.368721,28.256365],[85.36873,28.256386],[85.36874,28.256406],[85.368752,28.256425],[85.368765,28.256445],[85.368778,28.256463],[85.368962,28.256697],[85.368977,28.256716],[85.368994,28.256734],[85.369012,28.256752],[85.36903,28.256768],[85.36905,28.256784],[85.369071,28.256798],[85.369092,28.256812],[85.370242,28.257512],[85.370373,28.2576],[85.370493,28.257699],[85.37169,28.258792],[85.371708,28.258808],[85.371727,28.258823],[85.371747,28.258837],[85.371768,28.25885],[85.371789,28.258862],[85.371811,28.258873],[85.371833,28.258884],[85.371856,28.258893],[85.37188,28.258901],[85.373556,28.259448],[85.373701,28.259503],[85.373829,28.259565],[85.37395,28.259637],[85.374063,28.259719],[85.374167,28.25981],[85.374267,28.259918],[85.374819,28.260568],[85.374906,28.260681],[85.374975,28.260792],[85.375037,28.260918],[85.375631,28.2623],[85.375642,28.262323],[85.375653,28.262345],[85.375666,28.262366],[85.375681,28.262387],[85.375697,28.262407],[85.375713,28.262426],[85.375731,28.262445],[85.37575,28.262462],[85.375884,28.262578],[85.375904,28.262594],[85.375924,28.26261],[85.375946,28.262624],[85.375968,28.262637],[85.375991,28.262649],[85.376014,28.26266],[85.376039,28.26267],[85.376064,28.262679],[85.376089,28.262687],[85.378517,28.263358],[85.378666,28.263406],[85.378798,28.263462],[85.378923,28.263529],[85.379041,28.263606],[85.379149,28.263693],[85.379248,28.263788],[85.379336,28.263892],[85.379413,28.264002],[85.379477,28.264119],[85.379528,28.26424],[85.379569,28.264376],[85.37981,28.265356],[85.379836,28.265494],[85.379847,28.265623],[85.379843,28.265753],[85.379825,28.265881],[85.379794,28.266008],[85.379749,28.266131],[85.379691,28.26625],[85.37962,28.266363],[85.379538,28.26647],[85.379436,28.266578],[85.379377,28.266635],[85.37936,28.266653],[85.379343,28.266671],[85.379328,28.26669],[85.379314,28.266709],[85.379301,28.26673],[85.37929,28.266751],[85.379279,28.266772],[85.37927,28.266794],[85.379262,28.266816],[85.379256,28.266838],[85.37925,28.266861],[85.379246,28.266884],[85.379244,28.266907],[85.379243,28.266931],[85.379243,28.266954],[85.379244,28.266977],[85.379247,28.267],[85.379251,28.267023],[85.379257,28.267046],[85.379263,28.267068],[85.379272,28.26709],[85.379281,28.267112],[85.379292,28.267133],[85.379303,28.267154],[85.379602,28.267646],[85.379659,28.267749],[85.379707,28.267856],[85.380889,28.270846],[85.38094,28.271],[85.380968,28.271146],[85.38098,28.271306],[85.380994,28.272727],[85.380988,28.272858],[85.380971,28.272977],[85.380943,28.273095],[85.380899,28.273219],[85.38024,28.27483],[85.380231,28.274854],[85.380224,28.274878],[85.380218,28.274903],[85.380214,28.274928],[85.380084,28.275839],[85.380062,28.275955],[85.38003,28.276069],[85.379866,28.276563],[85.379859,28.276585],[85.379854,28.276608],[85.37985,28.27663],[85.379847,28.276653],[85.379845,28.276676],[85.379845,28.276699],[85.379846,28.276722],[85.37985,28.276765],[85.379852,28.276788],[85.379856,28.27681],[85.379861,28.276833],[85.379867,28.276855],[85.379875,28.276877],[85.379884,28.276899],[85.379894,28.27692],[85.379905,28.276941],[85.379918,28.276961],[85.379931,28.27698],[85.379946,28.276999],[85.379962,28.277017],[85.380937,28.278085],[85.381029,28.278196],[85.381103,28.278305],[85.381165,28.27842],[85.381215,28.27854],[85.381251,28.278663],[85.381276,28.278799],[85.38136,28.279445],[85.381371,28.279588],[85.381366,28.279721],[85.381347,28.279853],[85.381312,28.279983],[85.381264,28.280109],[85.381202,28.28023],[85.381127,28.280345],[85.381032,28.280462],[85.380293,28.281285],[85.380181,28.281398],[85.380065,28.281492],[85.379939,28.281575],[85.379805,28.281647],[85.379663,28.281706],[85.379514,28.281751],[85.379361,28.281783],[85.379193,28.281802],[85.375606,28.282048],[85.375444,28.282052],[85.375294,28.282042],[85.375146,28.28202],[85.375001,28.281985],[85.374861,28.281937],[85.374726,28.281878],[85.374599,28.281807],[85.374481,28.281726],[85.374372,28.281634],[85.374273,28.281534],[85.374187,28.281425],[85.374112,28.28131],[85.374051,28.281188],[85.374004,28.281062],[85.373971,28.280932],[85.373952,28.280801],[85.373948,28.280668],[85.37396,28.280524],[85.374059,28.279808],[85.374094,28.279637],[85.374152,28.27947],[85.374611,28.278389],[85.37462,28.278365],[85.374628,28.278342],[85.374634,28.278318],[85.374639,28.278294],[85.374642,28.278269],[85.374644,28.278245],[85.374644,28.27822],[85.374642,28.278195],[85.37464,28.278171],[85.374628,28.278093],[85.374624,28.278069],[85.374618,28.278045],[85.37461,28.278021],[85.374601,28.277997],[85.374591,28.277974],[85.37415,28.277065],[85.37409,28.276922],[85.374047,28.276773],[85.373907,28.276152],[85.373882,28.275999],[85.373876,28.275855],[85.373888,28.2757],[85.373986,28.274988],[85.374011,28.274857],[85.374046,28.274738],[85.374098,28.274613],[85.374726,28.273275],[85.374736,28.273252],[85.374745,28.273228],[85.374752,28.273204],[85.374757,28.27318],[85.374761,28.273155],[85.37485,28.272496],[85.374853,28.272472],[85.374854,28.272447],[85.374853,28.272423],[85.374851,28.272398],[85.374848,28.272374],[85.374843,28.27235],[85.374836,28.272326],[85.374509,28.271248],[85.37447,28.271087],[85.374032,28.268656],[85.374026,28.268632],[85.37402,28.268607],[85.374011,28.268583],[85.374001,28.26856],[85.37399,28.268537],[85.373978,28.268514],[85.37373,28.268105],[85.373716,28.268084],[85.373702,28.268064],[85.373686,28.268044],[85.373669,28.268026],[85.373651,28.268008],[85.373631,28.267991],[85.373611,28.267975],[85.37359,28.26796],[85.373568,28.267946],[85.371998,28.266996],[85.371872,28.266912],[85.371766,28.266825],[85.371669,28.26673],[85.371575,28.266619],[85.370721,28.265495],[85.370644,28.265383],[85.370584,28.265275],[85.370531,28.265153],[85.369416,28.262222],[85.369407,28.2622],[85.369397,28.262178],[85.369385,28.262157],[85.369372,28.262136],[85.369358,28.262116],[85.369343,28.262097],[85.369326,28.262078],[85.369309,28.262061],[85.36929,28.262044],[85.369271,28.262028],[85.36925,28.262013],[85.369229,28.261998],[85.369207,28.261985],[85.369184,28.261973],[85.369161,28.261962],[85.369137,28.261952],[85.368364,28.261654],[85.36834,28.261645],[85.368317,28.261638],[85.368292,28.261632],[85.368268,28.261627],[85.368243,28.261622],[85.368218,28.261619],[85.367469,28.261544],[85.367315,28.261522],[85.367175,28.26149],[85.36704,28.261446],[85.36691,28.261391],[85.366786,28.261326],[85.366669,28.26125],[85.366561,28.261165],[85.366455,28.261064],[85.366293,28.260894],[85.366276,28.260877],[85.366257,28.26086],[85.366238,28.260845],[85.366217,28.26083],[85.366196,28.260816],[85.366174,28.260803],[85.366151,28.260791],[85.366128,28.26078],[85.366011,28.26073],[85.36587,28.260661],[85.365748,28.260587],[85.365634,28.260503],[85.365531,28.260409],[85.365437,28.260307],[85.365349,28.260189],[85.365289,28.260099],[85.365275,28.26008],[85.36526,28.26006],[85.365244,28.260042],[85.365227,28.260024],[85.365208,28.260008],[85.365189,28.259992],[85.365169,28.259977],[85.365148,28.259963],[85.365026,28.259885],[85.365005,28.259873],[85.364984,28.259861],[85.364962,28.25985],[85.364939,28.259841],[85.364916,28.259832],[85.364672,28.259747],[85.364539,28.259694],[85.364421,28.259636],[85.36431,28.25957],[85.364197,28.259488],[85.363723,28.259115],[85.363615,28.259021],[85.363524,28.258926],[85.363443,28.258825],[85.363373,28.258717],[85.363315,28.258604],[85.363283,28.258525],[85.363274,28.258504],[85.363263,28.258483],[85.363252,28.258462],[85.363239,28.258442],[85.363225,28.258423],[85.363209,28.258404],[85.363193,28.258386],[85.363176,28.258368],[85.363139,28.258333],[85.363048,28.258227],[85.362963,28.258105],[85.362751,28.257764],[85.362685,28.257646],[85.362635,28.257533],[85.362598,28.257416],[85.36257,28.257287],[85.362429,28.256432],[85.362424,28.256407],[85.362418,28.256383],[85.36241,28.256359],[85.3624,28.256335],[85.362389,28.256312],[85.362377,28.256289],[85.362308,28.256173],[85.362236,28.256031],[85.362185,28.255896],[85.36215,28.255756],[85.362133,28.255614],[85.362132,28.255471],[85.36215,28.255316],[85.362301,28.254458],[85.362304,28.254435],[85.362306,28.254412],[85.362307,28.254389],[85.362306,28.254366],[85.362304,28.254342],[85.362301,28.254319],[85.362296,28.254296],[85.36229,28.254274],[85.362283,28.254251],[85.362274,28.254229],[85.362264,28.254208],[85.362253,28.254187],[85.362241,28.254166],[85.362227,28.254146],[85.362212,28.254127],[85.362197,28.254108],[85.36218,28.25409],[85.362162,28.254073],[85.362143,28.254057],[85.362123,28.254042],[85.362102,28.254027],[85.362081,28.254014],[85.362059,28.254001],[85.362036,28.25399],[85.362012,28.25398],[85.361988,28.25397],[85.36194,28.253953],[85.361931,28.253949],[85.36193,28.253966],[85.361927,28.253998],[85.361924,28.254041],[85.361921,28.254089]]]]}}]}