{"type":"FeatureCollection","name":"ems_road_grading","description":"Copernicus EMS Rapid Mapping EMSR927 grading: roads and bridges (transportationL), AOI01/02/05 initial products and AOI03 monitoring 1. CC BY 4.0. Citation: Copernicus Emergency Management Service (\u00a9 2026 European Union), EMSR927","features":[{"type":"Feature","properties":{"grade":"Possibly damaged","kind":"road","name":"Pasang Lhamu Highway","aoi":"AOI01","locality":"Syapru Besi","product":"EMSR927_AOI01_GRA_PRODUCT_v1","post_event_date":"2026-08-27","method":"Photo-interpretation"},"geometry":{"type":"MultiLineString","coordinates":[[[85.32980677,28.15456439],[85.32977719,28.15448301],[85.32965331,28.15425043],[85.32954966,28.15410127],[85.32932718,28.15389902],[85.32924375,28.15381812],[85.32910724,28.15363104],[85.32878364,28.15336811],[85.32847521,28.1531785],[85.32843476,28.15310772],[85.32834627,28.1529712],[85.32822492,28.15284226],[85.32812127,28.1526931],[85.32799739,28.15251361],[85.32785076,28.15235181],[85.3277193,28.15221529],[85.327608,28.1520514],[85.327602,28.1518906],[85.32756599,28.15182475],[85.32744464,28.15174223],[85.32726227,28.15158462],[85.32717767,28.15150438],[85.32698675,28.15141701],[85.32681363,28.15120667],[85.32672949,28.15107885],[85.32663565,28.15094779],[85.32661138,28.15091381],[85.32649326,28.15081673],[85.32635897,28.15072289],[85.3261729,28.15055947],[85.32611627,28.15048019],[85.32599654,28.15035399],[85.32570692,28.15005951],[85.32560336,28.14994463],[85.32543671,28.14987344],[85.32526844,28.14976666],[85.32519655,28.14973071]]]}},{"type":"Feature","properties":{"grade":"Destroyed","kind":"road","name":"Pasang Lhamu Highway","aoi":"AOI01","locality":"Syapru Besi","product":"EMSR927_AOI01_GRA_PRODUCT_v1","post_event_date":"2026-08-27","method":"Photo-interpretation"},"geometry":{"type":"MultiLineString","coordinates":[[[85.3325784,28.1570978],[85.3325898,28.1568743],[85.3325781,28.1567587],[85.3325459,28.1566511],[85.3324889,28.1565565],[85.3324467,28.1565174],[85.3324118,28.1565009],[85.3323703,28.1565003],[85.3323287,28.1565127],[85.3321999,28.1565553],[85.3321436,28.15656],[85.3320712,28.1565576],[85.3319921,28.156547],[85.331899,28.1565153],[85.3318231,28.1564654],[85.3305651,28.1555727],[85.3304283,28.1554474],[85.33039027,28.15540959],[85.3301722,28.1551742],[85.33009082,28.15501506],[85.32980677,28.15456439]]]}},{"type":"Feature","properties":{"grade":"No visible damage","kind":"road","name":null,"aoi":"AOI01","locality":"Syapru Besi","product":"EMSR927_AOI01_GRA_PRODUCT_v1","post_event_date":"2026-08-27","method":"Photo-interpretation"},"geometry":{"type":"MultiLineString","coordinates":[[[85.33177289,28.16077829],[85.3319463,28.1607411],[85.332011,28.1606904],[85.3319319,28.1606142],[85.33166111,28.16066484]]]}},{"type":"Feature","properties":{"grade":"Destroyed","kind":"road","name":null,"aoi":"AOI01","locality":"Syapru Besi","product":"EMSR927_AOI01_GRA_PRODUCT_v1","post_event_date":"2026-08-27","method":"Photo-interpretation"},"geometry":{"type":"MultiLineString","coordinates":[[[85.3324711,28.1576744],[85.3325784,28.1570978]]]}},{"type":"Feature","properties":{"grade":"Destroyed","kind":"road","name":"Pasang Lhamu Highway","aoi":"AOI01","locality":"Syapru Besi","product":"EMSR927_AOI01_GRA_PRODUCT_v1","post_event_date":"2026-08-27","method":"Photo-interpretation"},"geometry":{"type":"MultiLineString","coordinates":[[[85.3369698,28.1635221],[85.3369644,28.1633551],[85.3368807,28.1629938],[85.3368525,28.1627203],[85.3367322,28.1625456],[85.3366716,28.1623995],[85.3366157,28.1618828],[85.3365478,28.1617099],[85.3364466,28.161224],[85.3363676,28.161059],[85.3363517,28.1608781],[85.3363222,28.1607621],[85.3362232,28.1605529],[85.3361482,28.1604229],[85.3360437,28.1603022],[85.3357482,28.1601198],[85.3349276,28.1594751],[85.334226,28.1591141],[85.3340853,28.1590687],[85.3338915,28.1590491],[85.3337217,28.158989],[85.3335564,28.1589117],[85.333374,28.1588155],[85.3331319,28.1585579],[85.3328682,28.1583688],[85.332532,28.1580129],[85.3324482,28.1578638],[85.3324711,28.1576744]]]}},{"type":"Feature","properties":{"grade":"Possibly damaged","kind":"road","name":null,"aoi":"AOI01","locality":"Syapru Besi","product":"EMSR927_AOI01_GRA_PRODUCT_v1","post_event_date":"2026-08-27","method":"Photo-interpretation"},"geometry":{"type":"MultiLineString","coordinates":[[[85.34369161,28.16261596],[85.3436558,28.1626302],[85.3433743,28.1627913],[85.3432859,28.16285838]]]}},{"type":"Feature","properties":{"grade":"No visible damage","kind":"road","name":"Pasang Lhamu Highway","aoi":"AOI01","locality":"Syapru Besi","product":"EMSR927_AOI01_GRA_PRODUCT_v1","post_event_date":"2026-08-27","method":"Photo-interpretation"},"geometry":{"type":"MultiLineString","coordinates":[[[85.336371,28.163282],[85.336322,28.163209],[85.3362616,28.1631371],[85.3361433,28.1630118],[85.3358799,28.1627722],[85.3358027,28.1627194],[85.3355787,28.1625957],[85.3355215,28.1625569],[85.3354706,28.1625149],[85.3354464,28.1624885],[85.3354322,28.1624617],[85.3353707,28.1622627],[85.3353592,28.1622451],[85.3353353,28.1622254],[85.3353121,28.1622153],[85.3352817,28.1622101],[85.3352233,28.1622158],[85.3352077,28.162222],[85.3351863,28.1622392],[85.3351721,28.162271],[85.3351678,28.1623129],[85.3351736,28.1623587],[85.3352135,28.1625564],[85.3351856,28.1627738],[85.3351807,28.1628447],[85.3351825,28.1628703],[85.3351909,28.1628927],[85.3352302,28.162942],[85.3352872,28.1629925],[85.3354079,28.1630855],[85.3354604,28.1631517],[85.3356048,28.1633574],[85.3358062,28.1635478],[85.3358312,28.163593],[85.3358395,28.1636274],[85.3358343,28.1636632],[85.3358241,28.1636801],[85.3358075,28.1636956],[85.3357869,28.1637067],[85.3357655,28.1637115],[85.3357224,28.1637067],[85.3356638,28.1636781],[85.3356078,28.1636334],[85.3353342,28.1633586],[85.335196,28.1632333],[85.3351587,28.163209],[85.3351178,28.1631899],[85.3348957,28.1631182],[85.3348555,28.163098],[85.3348194,28.1630722],[85.3347883,28.1630393],[85.3347456,28.1629783],[85.3347244,28.1629359],[85.3347011,28.1628182],[85.3346788,28.1627613],[85.3346463,28.1627064],[85.3345415,28.1625641]]]}},{"type":"Feature","properties":{"grade":"Destroyed","kind":"road","name":null,"aoi":"AOI01","locality":"Syapru Besi","product":"EMSR927_AOI01_GRA_PRODUCT_v1","post_event_date":"2026-08-27","method":"Photo-interpretation"},"geometry":{"type":"MultiLineString","coordinates":[[[85.3432859,28.16285838],[85.3430873,28.1630091],[85.3428494,28.1630434],[85.3425593,28.163075],[85.3423985,28.1631282],[85.3422457,28.1631211],[85.3419924,28.1631636],[85.3418356,28.163231],[85.3417472,28.1633373],[85.3417793,28.1633905],[85.3418598,28.163433],[85.3420045,28.1634082],[85.3421613,28.1633621],[85.34229,28.1633515],[85.3424106,28.1633479],[85.342491,28.1633692],[85.3425232,28.1634401],[85.342499,28.1634933],[85.342414,28.1635538],[85.3422272,28.1636174],[85.3419784,28.1636702],[85.3418152,28.1637065],[85.3417231,28.163713],[85.3416507,28.1636882],[85.341522,28.163628],[85.3414295,28.163635],[85.3413934,28.163674],[85.3413893,28.1637201],[85.3414376,28.163752],[85.3415019,28.1637733],[85.3415421,28.1638194],[85.3415461,28.1639009],[85.3414899,28.1639718],[85.3413692,28.1640462],[85.3412165,28.1640746],[85.3408319,28.1640538],[85.3405407,28.1640392],[85.3404152,28.1639995],[85.3403134,28.163964],[85.3402352,28.1639765],[85.3401547,28.1640037]]]}},{"type":"Feature","properties":{"grade":"Possibly damaged","kind":"road","name":"Pasang Lhamu Highway","aoi":"AOI01","locality":"Syapru Besi","product":"EMSR927_AOI01_GRA_PRODUCT_v1","post_event_date":"2026-08-27","method":"Photo-interpretation"},"geometry":{"type":"MultiLineString","coordinates":[[[85.33726108,28.1644633],[85.3373383,28.1645586],[85.3373578,28.1645972],[85.3373564,28.1646136],[85.3373457,28.1646284],[85.3373299,28.1646401],[85.3372976,28.1646506],[85.3372818,28.1646508],[85.337252,28.1646442],[85.3372069,28.1646218],[85.3371389,28.1645609],[85.3370735,28.1644818],[85.3370348,28.1644392],[85.3369616,28.1643709],[85.3367637,28.164198],[85.3366063,28.1641041],[85.3365553,28.1640629],[85.3365132,28.164018],[85.3364633,28.1639427],[85.33644,28.163887],[85.3364373,28.1638428],[85.3364495,28.1638048],[85.3364968,28.1637263],[85.3365053,28.1636994],[85.3365057,28.163665],[85.3364996,28.1636249],[85.336473,28.1635336],[85.3363869,28.163316],[85.336371,28.163282]]]}},{"type":"Feature","properties":{"grade":"Destroyed","kind":"road","name":null,"aoi":"AOI01","locality":"Syapru Besi","product":"EMSR927_AOI01_GRA_PRODUCT_v1","post_event_date":"2026-08-27","method":"Photo-interpretation"},"geometry":{"type":"MultiLineString","coordinates":[[[85.3374007,28.1632897],[85.3378648,28.163601],[85.33823,28.1638488],[85.3383395,28.1638883],[85.3384146,28.1639167],[85.3384897,28.1639356],[85.3386909,28.1639994],[85.3388706,28.1640727],[85.339061,28.1641555],[85.3391066,28.1641886],[85.3391468,28.1642264],[85.3392595,28.1644038],[85.3393909,28.1645811],[85.3394143,28.1646722]]]}},{"type":"Feature","properties":{"grade":"Destroyed","kind":"road","name":"Pasang Lhamu Highway","aoi":"AOI01","locality":"Syapru Besi","product":"EMSR927_AOI01_GRA_PRODUCT_v1","post_event_date":"2026-08-27","method":"Photo-interpretation"},"geometry":{"type":"MultiLineString","coordinates":[[[85.3369698,28.1635221],[85.3369675,28.1637257],[85.3369702,28.163795],[85.3369778,28.1638403],[85.3370082,28.1639065],[85.3370702,28.164037],[85.3371022,28.1640836],[85.3371223,28.1641308],[85.3371476,28.1642572],[85.3371747,28.1643321],[85.3372204,28.1644131],[85.33726108,28.1644633]]]}},{"type":"Feature","properties":{"grade":"Destroyed","kind":"road","name":null,"aoi":"AOI01","locality":"Syapru Besi","product":"EMSR927_AOI01_GRA_PRODUCT_v1","post_event_date":"2026-08-27","method":"Photo-interpretation"},"geometry":{"type":"MultiLineString","coordinates":[[[85.3401547,28.1640037],[85.3398138,28.1644629]]]}},{"type":"Feature","properties":{"grade":"Destroyed","kind":"road","name":null,"aoi":"AOI01","locality":"Syapru Besi","product":"EMSR927_AOI01_GRA_PRODUCT_v1","post_event_date":"2026-08-27","method":"Photo-interpretation"},"geometry":{"type":"MultiLineString","coordinates":[[[85.3398138,28.1644629],[85.3398706,28.1645484],[85.3399985,28.1646069],[85.3402613,28.16473],[85.3404175,28.1648386],[85.340614,28.1648928],[85.3407111,28.1649471],[85.3407182,28.165016],[85.3406581,28.1651004]]]}},{"type":"Feature","properties":{"grade":"Destroyed","kind":"road","name":null,"aoi":"AOI01","locality":"Syapru Besi","product":"EMSR927_AOI01_GRA_PRODUCT_v1","post_event_date":"2026-08-27","method":"Photo-interpretation"},"geometry":{"type":"MultiLineString","coordinates":[[[85.3421985,28.1660972],[85.3418267,28.1657291],[85.3416708,28.1656192],[85.3410567,28.1653359],[85.3406581,28.1651004],[85.3405402,28.165037],[85.3403486,28.1649616],[85.3394143,28.1646722],[85.3390643,28.1645835],[85.3388921,28.1645417],[85.338373,28.1644156],[85.3378318,28.1642525],[85.3376354,28.1641756],[85.3374545,28.1640799],[85.3373648,28.1640249],[85.3372732,28.1639489],[85.3371626,28.1638133],[85.3369698,28.1635221]]]}},{"type":"Feature","properties":{"grade":"No visible damage","kind":"road","name":null,"aoi":"AOI01","locality":"Syapru Besi","product":"EMSR927_AOI01_GRA_PRODUCT_v1","post_event_date":"2026-08-27","method":"Photo-interpretation"},"geometry":{"type":"MultiLineString","coordinates":[[[85.33902327,28.16502672],[85.33894128,28.16499957],[85.33877192,28.16491751],[85.33812772,28.16468713],[85.33809853,28.16468146]]]}},{"type":"Feature","properties":{"grade":"Possibly damaged","kind":"road","name":null,"aoi":"AOI01","locality":"Syapru Besi","product":"EMSR927_AOI01_GRA_PRODUCT_v1","post_event_date":"2026-08-27","method":"Photo-interpretation"},"geometry":{"type":"MultiLineString","coordinates":[[[85.34032998,28.16533349],[85.3407398,28.1657041],[85.3408738,28.1658432]]]}},{"type":"Feature","properties":{"grade":"Possibly damaged","kind":"road","name":null,"aoi":"AOI01","locality":"Syapru Besi","product":"EMSR927_AOI01_GRA_PRODUCT_v1","post_event_date":"2026-08-27","method":"Photo-interpretation"},"geometry":{"type":"MultiLineString","coordinates":[[[85.340915,28.1668272],[85.3407538,28.1667432],[85.3405812,28.1664388],[85.3404092,28.1661807],[85.3403494,28.1661123],[85.3403541,28.1659609],[85.3403962,28.1658097],[85.3404021,28.1657339],[85.34038154,28.16569185],[85.3403645,28.165657],[85.3403431,28.1655471],[85.34033522,28.16542886],[85.34032998,28.16533349],[85.34010384,28.16524441],[85.33995984,28.1651991],[85.33960227,28.16513762],[85.33923421,28.16508751],[85.33909454,28.16505031],[85.33902327,28.16502672]],[[85.33809853,28.16468146],[85.33780576,28.16462463]]]}},{"type":"Feature","properties":{"grade":"Destroyed","kind":"road","name":null,"aoi":"AOI01","locality":"Syapru Besi","product":"EMSR927_AOI01_GRA_PRODUCT_v1","post_event_date":"2026-08-27","method":"Photo-interpretation"},"geometry":{"type":"MultiLineString","coordinates":[[[85.3408738,28.1658432],[85.3409842,28.1659578],[85.3410463,28.1660987],[85.3410267,28.1662047]]]}},{"type":"Feature","properties":{"grade":"No visible damage","kind":"road","name":"Pasang Lhamu Highway","aoi":"AOI01","locality":"Syapru Besi","product":"EMSR927_AOI01_GRA_PRODUCT_v1","post_event_date":"2026-08-27","method":"Photo-interpretation"},"geometry":{"type":"MultiLineString","coordinates":[[[85.3345415,28.1625641],[85.3344625,28.1624199],[85.3344241,28.1623701],[85.3344002,28.1623468],[85.3343725,28.1623252],[85.3343442,28.1623094],[85.3343188,28.1623022],[85.3342966,28.1623024],[85.3342778,28.1623086],[85.3342627,28.1623195],[85.3342445,28.1623503],[85.3342437,28.1623846],[85.3342505,28.1623997],[85.334396,28.1626153],[85.334449,28.1627095],[85.3344645,28.1627584],[85.3344689,28.1628096],[85.3344594,28.1628993],[85.3344369,28.1630157],[85.3344319,28.1630591],[85.3344339,28.1630998],[85.3344414,28.1631376],[85.3344681,28.1632042],[85.3345015,28.1632575],[85.3345415,28.1633101],[85.3346303,28.1634277],[85.334655,28.1634657],[85.3346734,28.1635049],[85.3346962,28.1635968],[85.3347302,28.1637763],[85.3347465,28.1638324],[85.3347593,28.163859],[85.3348124,28.1639344],[85.3348742,28.163997],[85.3349286,28.1640392],[85.3350101,28.1640845],[85.3350382,28.1641145],[85.3350618,28.1641626],[85.3350671,28.1641895],[85.3350629,28.1642112],[85.3350513,28.1642281],[85.3350339,28.1642407],[85.3350126,28.1642495],[85.3349651,28.1642578],[85.334909,28.1642548],[85.3348749,28.1642413]],[[85.33588486,28.16722371],[85.3359617,28.1672487],[85.3360442,28.1672688],[85.3361246,28.1672823],[85.3362504,28.1672879],[85.3365476,28.1672726],[85.336639,28.167272],[85.3367142,28.1672798],[85.3368882,28.167327],[85.3369582,28.1673359],[85.3370355,28.1673326],[85.3372506,28.1672908],[85.3373176,28.1672909],[85.3374055,28.1673109],[85.33755,28.1673631],[85.3376025,28.1673716],[85.3376664,28.1673658],[85.3378234,28.167341],[85.3379124,28.1673395],[85.3380045,28.1673545],[85.3381322,28.1673904],[85.3382445,28.167438],[85.3383408,28.1674966],[85.3383661,28.1675181],[85.3383837,28.1675401],[85.3383942,28.1675626],[85.3383982,28.1675857],[85.3383963,28.1676095],[85.338389,28.167634],[85.3383607,28.1676854],[85.3382634,28.1678143],[85.3382423,28.1678561],[85.3382224,28.1679179],[85.3381849,28.1680874],[85.3381741,28.1681957],[85.3381763,28.1682694],[85.3382071,28.1684931],[85.3382081,28.1685725],[85.3381945,28.1686108],[85.3381035,28.1687814],[85.3380874,28.1688232],[85.3380881,28.1688624],[85.3381,28.1689123],[85.3381569,28.1690578],[85.3381675,28.1691125],[85.3381614,28.1691706],[85.3380954,28.169367],[85.338027,28.1696046],[85.3379881,28.1696531],[85.3379393,28.1697054],[85.337905,28.1697453],[85.3378824,28.1697829],[85.3378631,28.1698372],[85.3378192,28.1700125],[85.3378079,28.1700665],[85.3378037,28.170119],[85.3378124,28.1702167],[85.3378228,28.1702608],[85.33785,28.1703365],[85.3378889,28.1704098],[85.3380384,28.1706329],[85.338112,28.170757],[85.3381925,28.1709779],[85.3382408,28.1711338],[85.3382379,28.1711797],[85.3382122,28.1712395],[85.3381523,28.1713177],[85.3380597,28.1714128],[85.3380239,28.1714556],[85.3379974,28.1714937],[85.337967,28.1715571],[85.3379575,28.1716052],[85.3379592,28.1716706],[85.3379855,28.1719691],[85.3379816,28.1720004],[85.3379646,28.1720282],[85.337936,28.1720495],[85.337918,28.1720568],[85.3378755,28.1720625],[85.3378292,28.1720543],[85.3378123,28.1720458],[85.3377917,28.1720223],[85.3377856,28.1719788],[85.3378015,28.1719134],[85.3378034,28.1718692],[85.3377657,28.1716787],[85.3377637,28.1716445],[85.3377735,28.1715909],[85.3378166,28.1715074],[85.3378326,28.1714572],[85.3378346,28.1713962],[85.337822,28.1713314],[85.3377955,28.1712659],[85.3377558,28.1712028],[85.3376504,28.1710883],[85.3375878,28.1709994],[85.3375469,28.1709201],[85.3375144,28.1708343],[85.3374832,28.170781],[85.3374474,28.1707356],[85.3374116,28.1707213],[85.337386,28.1707234],[85.3373626,28.1707334],[85.3373444,28.1707502],[85.3373336,28.1707717],[85.3373299,28.1708287],[85.3373417,28.1709134],[85.3373503,28.1709433],[85.3373895,28.171024],[85.3375598,28.171315],[85.3375892,28.1713864],[85.3375954,28.1714456],[85.3375911,28.1714728],[85.3375708,28.1715255],[85.3374973,28.1716416],[85.3374798,28.1716739],[85.3374699,28.171704],[85.337468,28.1717585],[85.337479,28.1718183],[85.3375094,28.1718994],[85.3375091,28.1719289],[85.3375035,28.1719448],[85.33748749,28.17195628]],[[85.33736962,28.1716082],[85.337398,28.1715069],[85.3374015,28.1714708],[85.3373954,28.1714317],[85.3373815,28.1713907],[85.337338,28.1713085],[85.3372859,28.1712346],[85.33721352,28.17114725]],[[85.33706165,28.17069877],[85.3370609,28.170682],[85.3370509,28.1706565],[85.33704522,28.17065027]]]}},{"type":"Feature","properties":{"grade":"No visible damage","kind":"road","name":null,"aoi":"AOI01","locality":"Syapru Besi","product":"EMSR927_AOI01_GRA_PRODUCT_v1","post_event_date":"2026-08-27","method":"Photo-interpretation"},"geometry":{"type":"MultiLineString","coordinates":[[[85.3478178,28.1740998],[85.34784778,28.17418473]]]}},{"type":"Feature","properties":{"grade":"Destroyed","kind":"road","name":null,"aoi":"AOI01","locality":"Syapru Besi","product":"EMSR927_AOI01_GRA_PRODUCT_v1","post_event_date":"2026-08-27","method":"Photo-interpretation"},"geometry":{"type":"MultiLineString","coordinates":[[[85.3421985,28.1660972],[85.3423551,28.1663811],[85.3423983,28.1667545],[85.3422137,28.1672948],[85.3420593,28.1677319],[85.3419628,28.1681571],[85.342082,28.1687965],[85.3421146,28.1695062],[85.3422613,28.170286],[85.3423357,28.1707384],[85.3423011,28.1711682],[85.3423514,28.1718925],[85.3425112,28.1734241],[85.3426119,28.1744201],[85.3423508,28.1756604],[85.3422821,28.1765859],[85.3423134,28.1780845],[85.3420424,28.1804976],[85.3420157,28.1811805],[85.3420463,28.1813703],[85.34180854,28.18145083],[85.34154931,28.18154959],[85.34140118,28.18158045],[85.34120367,28.18161748],[85.34101851,28.18174092],[85.34091358,28.18182733],[85.34084411,28.18186839]]]}},{"type":"Feature","properties":{"grade":"No visible damage","kind":"road","name":null,"aoi":"AOI01","locality":"Syapru Besi","product":"EMSR927_AOI01_GRA_PRODUCT_v1","post_event_date":"2026-08-27","method":"Photo-interpretation"},"geometry":{"type":"MultiLineString","coordinates":[[[85.3468015,28.1767514],[85.3468535,28.1766711],[85.3469088,28.1765859],[85.3471384,28.1764616],[85.3473714,28.1759725],[85.3475587,28.1756569],[85.3477822,28.175594],[85.34778596,28.17559051]],[[85.34780659,28.17512144],[85.3476896,28.1750566],[85.3473772,28.1749042],[85.347113,28.1748444],[85.346897,28.1746722],[85.3467599,28.1744603],[85.3467707,28.1744114],[85.3469584,28.1743932],[85.3474902,28.1737549],[85.3474635,28.1734199],[85.3473293,28.1730587],[85.3473748,28.17296],[85.3475711,28.173146],[85.34787475,28.17357165]],[[85.3478594,28.17392066],[85.3478178,28.1740998]]]}},{"type":"Feature","properties":{"grade":"No visible damage","kind":"road","name":null,"aoi":"AOI01","locality":"Syapru Besi","product":"EMSR927_AOI01_GRA_PRODUCT_v1","post_event_date":"2026-08-27","method":"Photo-interpretation"},"geometry":{"type":"MultiLineString","coordinates":[[[85.3446432,28.1802734],[85.3446758,28.1800857],[85.3447185,28.1799991],[85.34481365,28.17991273],[85.34486105,28.17992458],[85.34488475,28.17999963],[85.34486895,28.18018529],[85.34488475,28.18037095],[85.34483735,28.18065931],[85.34478774,28.18082642],[85.3448097,28.18092002],[85.3448255,28.18099113],[85.3448808,28.18104248],[85.3449124,28.18099508],[85.34494005,28.18089632],[85.34498746,28.18076597],[85.34505066,28.18064746],[85.34511781,28.1804144],[85.34514693,28.18007722],[85.3454025,28.1796283],[85.3458122,28.1793329],[85.3462678,28.1788347],[85.3466243,28.1783675],[85.3467771,28.1779476],[85.3468863,28.1775095],[85.3466736,28.1771659],[85.3468015,28.1767514]]]}},{"type":"Feature","properties":{"grade":"No visible damage","kind":"road","name":null,"aoi":"AOI01","locality":"Syapru Besi","product":"EMSR927_AOI01_GRA_PRODUCT_v1","post_event_date":"2026-08-27","method":"Photo-interpretation"},"geometry":{"type":"MultiLineString","coordinates":[[[85.34382518,28.18106076],[85.34384585,28.18091607],[85.3438577,28.18076202],[85.34383795,28.18061981],[85.34383795,28.18050525],[85.34388535,28.18045785],[85.34397226,28.18057241],[85.34399991,28.18067116],[85.34403546,28.18080547],[85.34405521,28.18097533],[85.34409471,28.18112148],[85.3441398,28.18125251],[85.34422112,28.18147305],[85.34428432,28.1815165],[85.34433568,28.181477],[85.34431197,28.18134664],[85.34429617,28.18127159],[85.34428432,28.18115704],[85.34426628,28.18105327],[85.34446896,28.18051921],[85.344542,28.1804332],[85.3446432,28.1802734]]]}},{"type":"Feature","properties":{"grade":"Possibly damaged","kind":"road","name":null,"aoi":"AOI01","locality":"Syapru Besi","product":"EMSR927_AOI01_GRA_PRODUCT_v1","post_event_date":"2026-08-27","method":"Photo-interpretation"},"geometry":{"type":"MultiLineString","coordinates":[[[85.34379906,28.18172887],[85.34378003,28.18166523],[85.34379055,28.1814612],[85.3438103,28.18116494],[85.34382518,28.18106076]]]}},{"type":"Feature","properties":{"grade":"No visible damage","kind":"road","name":null,"aoi":"AOI01","locality":"Syapru Besi","product":"EMSR927_AOI01_GRA_PRODUCT_v1","post_event_date":"2026-08-27","method":"Photo-interpretation"},"geometry":{"type":"MultiLineString","coordinates":[[[85.34084411,28.18186839],[85.3408441,28.18186839]]]}},{"type":"Feature","properties":{"grade":"Destroyed","kind":"road","name":null,"aoi":"AOI01","locality":"Syapru Besi","product":"EMSR927_AOI01_GRA_PRODUCT_v1","post_event_date":"2026-08-27","method":"Photo-interpretation"},"geometry":{"type":"MultiLineString","coordinates":[[[85.34404586,28.18263698],[85.3439271,28.1821844],[85.34395124,28.18210391],[85.34383005,28.18183252],[85.34379906,28.18172887]]]}},{"type":"Feature","properties":{"grade":"Destroyed","kind":"road","name":null,"aoi":"AOI01","locality":"Syapru Besi","product":"EMSR927_AOI01_GRA_PRODUCT_v1","post_event_date":"2026-08-27","method":"Photo-interpretation"},"geometry":{"type":"MultiLineString","coordinates":[[[85.3425231,28.1820498],[85.3420636,28.1821121],[85.3418612,28.1822008],[85.3416504,28.1822693],[85.3415519,28.1823728],[85.3410503,28.1824756],[85.34104974,28.18247564]]]}},{"type":"Feature","properties":{"grade":"Destroyed","kind":"road","name":null,"aoi":"AOI01","locality":"Syapru Besi","product":"EMSR927_AOI01_GRA_PRODUCT_v1","post_event_date":"2026-08-27","method":"Photo-interpretation"},"geometry":{"type":"MultiLineString","coordinates":[[[85.3420463,28.1813703],[85.34210995,28.18139533],[85.34229035,28.18159028],[85.34241255,28.18175904],[85.3425231,28.1820498],[85.3425895,28.182128],[85.34284503,28.18271451],[85.34298408,28.18280806],[85.34317875,28.18281564],[85.34345684,28.18278277],[85.34366667,28.18269429],[85.34404586,28.18263698],[85.3440573,28.1826719],[85.3444952,28.1839693],[85.3446668,28.1843334],[85.3449011,28.1846822],[85.3451406,28.1849918],[85.3453857,28.1852672],[85.345856,28.1858621],[85.3460991,28.1862932],[85.3461689,28.1864291],[85.3462198,28.1865651],[85.346394,28.1874875],[85.3464541,28.187756],[85.3465015,28.1879198],[85.34651974,28.18795545]]]}},{"type":"Feature","properties":{"grade":"Possibly damaged","kind":"road","name":null,"aoi":"AOI02","locality":"Timure","product":"EMSR927_AOI02_GRA_PRODUCT_v2","post_event_date":"2026-08-27","method":"Photo-interpretation"},"geometry":{"type":"MultiLineString","coordinates":[[[85.36748706,28.25091064],[85.3674482,28.2510418],[85.3673942,28.2512869],[85.3673515,28.2516039],[85.367425,28.2517968],[85.3673906,28.252184],[85.3672622,28.2522245],[85.36711719,28.2523252]]]}},{"type":"Feature","properties":{"grade":"Destroyed","kind":"road","name":null,"aoi":"AOI02","locality":"Timure","product":"EMSR927_AOI02_GRA_PRODUCT_v2","post_event_date":"2026-08-27","method":"Photo-interpretation"},"geometry":{"type":"MultiLineString","coordinates":[[[85.36646163,28.25373061],[85.36651164,28.25365691],[85.36651296,28.25350688],[85.36648927,28.25334631],[85.36639977,28.25300676],[85.36636029,28.25297649],[85.3663208,28.25278302],[85.36626421,28.2526672],[85.36619709,28.25245531],[85.36620367,28.25237634],[85.36618261,28.25234607],[85.3661247,28.25233291],[85.36607206,28.25230396],[85.36606022,28.2522671],[85.36609575,28.25210522],[85.36620894,28.25174066],[85.36623394,28.25159852],[85.36622473,28.25155509],[85.36609282,28.25147648],[85.3660886,28.2514736]]]}},{"type":"Feature","properties":{"grade":"Destroyed","kind":"road","name":null,"aoi":"AOI02","locality":"Timure","product":"EMSR927_AOI02_GRA_PRODUCT_v2","post_event_date":"2026-08-27","method":"Photo-interpretation"},"geometry":{"type":"MultiLineString","coordinates":[[[85.36711719,28.2523252],[85.36710126,28.25233423],[85.36699334,28.25244083],[85.36686567,28.25262903],[85.36686962,28.25284224],[85.36686962,28.25292516],[85.36686831,28.25299491],[85.36687357,28.25307256],[85.36687489,28.25317653],[85.36686172,28.25321602],[85.36678276,28.25323181],[85.36672711,28.25324674],[85.36667747,28.25325945],[85.36660245,28.25332525],[85.36658929,28.25340422],[85.36659587,28.25348319],[85.36661035,28.25355557],[85.36660245,28.2536477],[85.36648561,28.25369528]]]}},{"type":"Feature","properties":{"grade":"Destroyed","kind":"road","name":null,"aoi":"AOI02","locality":"Timure","product":"EMSR927_AOI02_GRA_PRODUCT_v2","post_event_date":"2026-08-27","method":"Photo-interpretation"},"geometry":{"type":"MultiLineString","coordinates":[[[85.36461095,28.2504782],[85.3645612,28.25073846],[85.364477,28.25100255],[85.36449231,28.25119774],[85.36446551,28.25151542],[85.36441193,28.2516953],[85.36428945,28.25199767],[85.36434482,28.25210442],[85.36438508,28.25214944],[85.3643956,28.25219367],[85.36437476,28.25228715],[85.36434996,28.25235605],[85.36426083,28.25266957],[85.36425873,28.25273695],[85.3642861,28.25280644],[85.3643198,28.25286962],[85.36435138,28.25295806],[85.36438929,28.25302966],[85.36445199,28.25315429],[85.36450932,28.25326129],[85.36452827,28.25330972],[85.36455985,28.25337079],[85.36457881,28.25342554],[85.36458723,28.25352662],[85.36454414,28.25364779],[85.36461303,28.25384722],[85.36473846,28.2540897],[85.36478359,28.25422626],[85.36484677,28.25455792],[85.36495416,28.25481377],[85.36498796,28.25508813],[85.3650624,28.2552874],[85.36506929,28.25534463],[85.36496048,28.25525282],[85.36490046,28.25514543],[85.36471094,28.25458951],[85.36460355,28.25446948],[85.36433822,28.25421678],[85.3642561,28.25407464],[85.36421188,28.25399884],[85.3642024,28.25394514],[85.36413923,28.25391355],[85.36409501,28.25393882],[85.3641075,28.2540328],[85.3641611,28.254184],[85.36418345,28.25429891],[85.36423715,28.25440314],[85.36431927,28.2545137],[85.36436033,28.25463689],[85.36435717,28.25481693],[85.36438244,28.25498118],[85.36437613,28.25541076],[85.3642926,28.2556371],[85.36431611,28.25603617],[85.36427189,28.25628254]]]}},{"type":"Feature","properties":{"grade":"Destroyed","kind":"road","name":null,"aoi":"AOI02","locality":"Timure","product":"EMSR927_AOI02_GRA_PRODUCT_v2","post_event_date":"2026-08-27","method":"Photo-interpretation"},"geometry":{"type":"MultiLineString","coordinates":[[[85.36593092,28.24986231],[85.36598307,28.25061407],[85.36594097,28.25105422],[85.36571898,28.25162832],[85.36548168,28.25209144],[85.3654281,28.25229429],[85.36540896,28.25291815],[85.36540896,28.25332003],[85.3654281,28.25370277],[85.36554292,28.25416588],[85.36571515,28.25456393],[85.36592237,28.25508658],[85.36593236,28.25534976],[85.36588572,28.25596607],[85.36590571,28.25621259],[85.36603563,28.25650242],[85.36642541,28.25712872],[85.36653868,28.25729529],[85.36659198,28.25734526],[85.36665194,28.25730862],[85.36667193,28.25720201],[85.36665861,28.25709208],[85.3666153,28.25691218],[85.36663529,28.25684222],[85.36670191,28.25683556],[85.36677187,28.25691551],[85.36681185,28.25701212],[85.36691179,28.25711207],[85.36698841,28.25719535],[85.36714832,28.25743188],[85.36715165,28.2575718],[85.36720495,28.25771505],[85.36730156,28.25789827],[85.36745481,28.25805818],[85.36762804,28.25807151],[85.3678505,28.2580827]]]}},{"type":"Feature","properties":{"grade":"Destroyed","kind":"road","name":null,"aoi":"AOI02","locality":"Timure","product":"EMSR927_AOI02_GRA_PRODUCT_v2","post_event_date":"2026-08-27","method":"Photo-interpretation"},"geometry":{"type":"MultiLineString","coordinates":[[[85.35905758,28.24252907],[85.35935022,28.2434961],[85.35980376,28.24398983],[85.36026879,28.24432855],[85.3606477,28.24450079],[85.36127922,28.24481654],[85.36201408,28.24532176],[85.36302799,28.24594794],[85.3631589,28.2460336],[85.3635013,28.2462821],[85.3637927,28.2466088],[85.3639751,28.2470656],[85.3643883,28.2480876],[85.3645225,28.2483514],[85.3646761,28.2485629],[85.3648297,28.2487067],[85.3652399,28.2490749],[85.365649,28.24942],[85.3657494,28.2495488],[85.3658521,28.2497301],[85.3660589,28.250077],[85.3662413,28.2506437],[85.3662989,28.2509398],[85.3662513,28.2511382],[85.3660886,28.2514736],[85.3659504,28.2518694],[85.365873,28.2521476],[85.3658002,28.2524436],[85.3657979,28.2527182],[85.3657959,28.2528716],[85.3658299,28.2530758],[85.3658668,28.2532014],[85.3659155,28.2534169],[85.3660283,28.2538532],[85.36621,28.254222],[85.3663939,28.2545514],[85.3665835,28.25499907],[85.3668755,28.2559346],[85.3670332,28.25650732],[85.36729379,28.25724171],[85.36757215,28.25768294],[85.3678505,28.2580827],[85.36808526,28.25825926],[85.36888901,28.25876065],[85.36985351,28.25943044],[85.37036824,28.25976215],[85.37040495,28.25979039],[85.37068913,28.26007888],[85.37083123,28.26039751],[85.37126181,28.26075059],[85.3719265,28.2612953],[85.37287218,28.26190024],[85.37318219,28.26227484],[85.37347929,28.26288627],[85.37364392,28.26322195],[85.3736513,28.2634504],[85.37364349,28.26363981],[85.37367736,28.26416509],[85.37375056,28.26433302],[85.3742974,28.26472054],[85.37518009,28.26527599],[85.37571492,28.26573375],[85.3757358,28.2657499],[85.3758182,28.2658136]]]}},{"type":"Feature","properties":{"grade":"Destroyed","kind":"road","name":null,"aoi":"AOI02","locality":"Timure","product":"EMSR927_AOI02_GRA_PRODUCT_v2","post_event_date":"2026-08-27","method":"Photo-interpretation"},"geometry":{"type":"MultiLineString","coordinates":[[[85.3665835,28.25499907],[85.3667523,28.2549492],[85.3668783,28.2549078],[85.36687454,28.25490284],[85.3668104,28.25473612],[85.3667946,28.25456766],[85.36679065,28.2544729],[85.36677091,28.25439788],[85.36671827,28.25419388],[85.36666562,28.25386749],[85.36652349,28.25387539],[85.36646163,28.25373061],[85.36631554,28.25374509],[85.36620104,28.25377141],[85.3660283,28.2538532]]]}},{"type":"Feature","properties":{"grade":"Destroyed","kind":"road","name":null,"aoi":"AOI02","locality":"Timure","product":"EMSR927_AOI02_GRA_PRODUCT_v2","post_event_date":"2026-08-27","method":"Photo-interpretation"},"geometry":{"type":"MultiLineString","coordinates":[[[85.3668783,28.2549078],[85.36695473,28.25505681],[85.3669646,28.25518711],[85.36691327,28.25552271],[85.3669064,28.2556521],[85.3669146,28.2557832],[85.3669199,28.2558411],[85.3669118,28.2558853],[85.3668755,28.2559346]]]}},{"type":"Feature","properties":{"grade":"Destroyed","kind":"road","name":null,"aoi":"AOI02","locality":"Timure","product":"EMSR927_AOI02_GRA_PRODUCT_v2","post_event_date":"2026-08-27","method":"Photo-interpretation"},"geometry":{"type":"MultiLineString","coordinates":[[[85.37354122,28.26301253],[85.37360789,28.26304861],[85.37367785,28.2630897],[85.37379112,28.26314966],[85.3738633,28.26320408],[85.37394325,28.26326959],[85.37401988,28.26335732],[85.37415424,28.26354499],[85.37430527,28.26378041],[85.37461731,28.26421238],[85.37469282,28.26427123],[85.37471836,28.26434119],[85.37479054,28.26441448],[85.37483829,28.26444891],[85.37484717,28.26448222],[85.37487716,28.26456217],[85.37497488,28.2646288],[85.37500153,28.2646599],[85.37503928,28.26468099],[85.37505594,28.26478427],[85.37514478,28.26483202],[85.37530975,28.264906],[85.37536909,28.26492863],[85.37541462,28.26493751],[85.3754657,28.26494417],[85.3755401,28.26494417],[85.37562672,28.26493085],[85.3757051,28.2649352],[85.3757579,28.2649334],[85.37587114,28.26495464],[85.37599234,28.26502441],[85.37604231,28.26506438],[85.37607757,28.26510297],[85.37609756,28.26520735],[85.37619389,28.2653842],[85.37626885,28.26542417],[85.3763412,28.2654024],[85.3766215,28.2654048],[85.37666165,28.265401],[85.37672376,28.26550534],[85.37680768,28.26583789],[85.37678615,28.26601013],[85.3765967,28.26612638],[85.37642016,28.26626847],[85.37629059,28.26633071]]]}},{"type":"Feature","properties":{"grade":"Destroyed","kind":"road","name":null,"aoi":"AOI02","locality":"Timure","product":"EMSR927_AOI02_GRA_PRODUCT_v2","post_event_date":"2026-08-27","method":"Photo-interpretation"},"geometry":{"type":"MultiLineString","coordinates":[[[85.3758182,28.2658136],[85.3762769,28.2662977]]]}},{"type":"Feature","properties":{"grade":"Destroyed","kind":"road","name":null,"aoi":"AOI02","locality":"Timure","product":"EMSR927_AOI02_GRA_PRODUCT_v2","post_event_date":"2026-08-27","method":"Photo-interpretation"},"geometry":{"type":"MultiLineString","coordinates":[[[85.3777084,28.2693277],[85.37769063,28.26914465],[85.37758729,28.26904131],[85.37765188,28.2688863],[85.37772938,28.26882602],[85.37772938,28.26857629]]]}},{"type":"Feature","properties":{"grade":"Destroyed","kind":"road","name":null,"aoi":"AOI02","locality":"Timure","product":"EMSR927_AOI02_GRA_PRODUCT_v2","post_event_date":"2026-08-27","method":"Photo-interpretation"},"geometry":{"type":"MultiLineString","coordinates":[[[85.37735452,28.27112542],[85.37722122,28.27077575],[85.37723844,28.27056908],[85.37727863,28.27043703],[85.37724992,28.27032795],[85.37706621,28.27033943],[85.37688823,28.27037388],[85.37680786,28.27032221]]]}},{"type":"Feature","properties":{"grade":"Destroyed","kind":"road","name":null,"aoi":"AOI02","locality":"Timure","product":"EMSR927_AOI02_GRA_PRODUCT_v2","post_event_date":"2026-08-27","method":"Photo-interpretation"},"geometry":{"type":"MultiLineString","coordinates":[[[85.3786005,28.2725782],[85.37866374,28.27246156],[85.37868958,28.27229506],[85.37868383,28.27220608],[85.37871828,28.27207116],[85.37872689,28.2717755],[85.37872802,28.27170236],[85.37873785,28.27157732],[85.37868866,28.27143818],[85.37865353,28.27141007],[85.3786479,28.27134823],[85.3786465,28.27130326],[85.37862542,28.27127093],[85.37857201,28.27125688],[85.3784963,28.27124602],[85.37847782,28.27121889],[85.3783413,28.27101838]]]}},{"type":"Feature","properties":{"grade":"Destroyed","kind":"road","name":null,"aoi":"AOI02","locality":"Timure","product":"EMSR927_AOI02_GRA_PRODUCT_v2","post_event_date":"2026-08-27","method":"Photo-interpretation"},"geometry":{"type":"MultiLineString","coordinates":[[[85.37823791,28.2785925],[85.37827851,28.27845159],[85.37820078,28.27816287],[85.37810803,28.27784463],[85.37788413,28.2773064],[85.37766453,28.27678971],[85.37764301,28.27657011],[85.37777218,28.27602758],[85.3781554,28.27474445],[85.37818984,28.27422345],[85.37833687,28.27366566],[85.3784407,28.2734049],[85.3785838,28.2729248],[85.3786005,28.2725782],[85.3786293,28.2723348],[85.37848065,28.27177297],[85.37836114,28.27115913],[85.37826799,28.27049829],[85.37816467,28.27017677],[85.37794013,28.26972259],[85.37769007,28.26929647],[85.37749105,28.26907193],[85.37715679,28.26882188],[85.377019,28.26858713],[85.37697307,28.268383],[85.37697307,28.26795944],[85.3768598,28.26769899],[85.3766986,28.2672827],[85.3766002,28.2670773],[85.3762769,28.2662977]]]}},{"type":"Feature","properties":{"grade":"Destroyed","kind":"road","name":null,"aoi":"AOI02","locality":"Timure","product":"EMSR927_AOI02_GRA_PRODUCT_v2","post_event_date":"2026-08-27","method":"Photo-interpretation"},"geometry":{"type":"MultiLineString","coordinates":[[[85.37730925,28.27408644],[85.37714784,28.27445381],[85.3771177,28.27463896],[85.37712631,28.2748198],[85.37710909,28.27500064],[85.3769713,28.27517718],[85.37688088,28.2751901],[85.37683782,28.27512551],[85.37685504,28.2749662],[85.37695838,28.27473799],[85.37693255,28.27457437],[85.37679907,28.27443658],[85.37664837,28.27439353],[85.37654933,28.27432894],[85.37654072,28.27422129],[85.37665698,28.27393711],[85.37665267,28.27376057],[85.37659879,28.27328556],[85.37669065,28.27293344],[85.37676719,28.27279565],[85.37703511,28.27272676],[85.37712697,28.27245884],[85.37728006,28.27176226],[85.3773413,28.27124939],[85.37735452,28.27112542],[85.3774885,28.27110044],[85.37773326,28.27114966],[85.37795799,28.27119485],[85.37807791,28.27120761],[85.3781315,28.27117189],[85.37814936,28.27109789],[85.37815271,28.27095851],[85.37811443,28.27069059],[85.37815271,28.27055281],[85.37826799,28.27049829]]]}},{"type":"Feature","properties":{"grade":"No visible damage","kind":"road","name":null,"aoi":"AOI03","locality":"Bidur","product":"EMSR927_AOI03_GRA_MONIT01_v1","post_event_date":"2026-08-28","method":"Photo-interpretation"},"geometry":{"type":"MultiLineString","coordinates":[[[85.10634728,27.85683097],[85.1063478,27.8568329],[85.1065678,27.856923],[85.1069915,27.8569372],[85.1071417,27.8569799],[85.1075924,27.8572218],[85.1079249,27.8573024],[85.1081556,27.8573024],[85.1083541,27.8572123],[85.108425,27.8572423],[85.1083603,27.8573758],[85.1080737,27.8576808],[85.1080861,27.8577353],[85.1082555,27.8577326],[85.1082925,27.8577762],[85.1082987,27.8578252],[85.10823191,27.85789223]]]}},{"type":"Feature","properties":{"grade":"Possibly damaged","kind":"road","name":"Pasang Lhamu Highway","aoi":"AOI03","locality":"Bidur","product":"EMSR927_AOI03_GRA_MONIT01_v1","post_event_date":"2026-08-28","method":"Photo-interpretation"},"geometry":{"type":"MultiLineString","coordinates":[[[85.10681945,27.85813178],[85.1064448,27.85793127],[85.10574928,27.85771086],[85.10558283,27.85764348]]]}},{"type":"Feature","properties":{"grade":"No visible damage","kind":"road","name":null,"aoi":"AOI03","locality":"Bidur","product":"EMSR927_AOI03_GRA_MONIT01_v1","post_event_date":"2026-08-28","method":"Photo-interpretation"},"geometry":{"type":"MultiLineString","coordinates":[[[85.11084436,27.8578943],[85.11084448,27.8578943]]]}},{"type":"Feature","properties":{"grade":"Possibly damaged","kind":"road","name":null,"aoi":"AOI03","locality":"Bidur","product":"EMSR927_AOI03_GRA_MONIT01_v1","post_event_date":"2026-08-28","method":"Photo-interpretation"},"geometry":{"type":"MultiLineString","coordinates":[[[85.10823191,27.85789223],[85.1081847,27.8579396],[85.1081723,27.8580785],[85.10818377,27.85808865]]]}},{"type":"Feature","properties":{"grade":"No visible damage","kind":"road","name":null,"aoi":"AOI03","locality":"Bidur","product":"EMSR927_AOI03_GRA_MONIT01_v1","post_event_date":"2026-08-28","method":"Photo-interpretation"},"geometry":{"type":"MultiLineString","coordinates":[[[85.1131143,27.8597486],[85.1136108,27.8601262],[85.11397,27.8603586],[85.1143352,27.8605371],[85.114465,27.8604956],[85.1151072,27.860885],[85.1160004,27.8614397],[85.1164688,27.8617732]]]}},{"type":"Feature","properties":{"grade":"No visible damage","kind":"road","name":null,"aoi":"AOI03","locality":"Bidur","product":"EMSR927_AOI03_GRA_MONIT01_v1","post_event_date":"2026-08-28","method":"Photo-interpretation"},"geometry":{"type":"MultiLineString","coordinates":[[[85.1172896,27.86192967],[85.1169984,27.8621983]]]}},{"type":"Feature","properties":{"grade":"Destroyed","kind":"road","name":null,"aoi":"AOI03","locality":"Bidur","product":"EMSR927_AOI03_GRA_MONIT01_v1","post_event_date":"2026-08-28","method":"Photo-interpretation"},"geometry":{"type":"MultiLineString","coordinates":[[[85.1089803,27.8583598],[85.1093249,27.8581625],[85.1095824,27.8581435],[85.1100115,27.8579728],[85.1105265,27.8578969],[85.11084436,27.8578943]]]}},{"type":"Feature","properties":{"grade":"Destroyed","kind":"road","name":null,"aoi":"AOI03","locality":"Bidur","product":"EMSR927_AOI03_GRA_MONIT01_v1","post_event_date":"2026-08-28","method":"Photo-interpretation"},"geometry":{"type":"MultiLineString","coordinates":[[[85.10818377,27.85808865],[85.1083171,27.8582066],[85.1086129,27.8583482],[85.1087591,27.8584108]]]}},{"type":"Feature","properties":{"grade":"Destroyed","kind":"road","name":"Pasang Lhamu Highway","aoi":"AOI03","locality":"Bidur","product":"EMSR927_AOI03_GRA_MONIT01_v1","post_event_date":"2026-08-28","method":"Photo-interpretation"},"geometry":{"type":"MultiLineString","coordinates":[[[85.1089803,27.8583598],[85.1089388,27.8583384],[85.1088905,27.8583396],[85.1088167,27.8583728],[85.1087591,27.8584108],[85.1086612,27.858444],[85.1085324,27.8584618],[85.1083983,27.8584606],[85.1082803,27.8584286],[85.1080711,27.8583681],[85.1077479,27.8582697],[85.10681945,27.85813178]]]}},{"type":"Feature","properties":{"grade":"Destroyed","kind":"road","name":"devighat-Tadi bridge","aoi":"AOI03","locality":"Bidur","product":"EMSR927_AOI03_GRA_MONIT01_v1","post_event_date":"2026-08-28","method":"Photo-interpretation"},"geometry":{"type":"MultiLineString","coordinates":[[[85.1089803,27.8583598],[85.1092913,27.8588349]]]}},{"type":"Feature","properties":{"grade":"Destroyed","kind":"road","name":null,"aoi":"AOI03","locality":"Bidur","product":"EMSR927_AOI03_GRA_MONIT01_v1","post_event_date":"2026-08-28","method":"Photo-interpretation"},"geometry":{"type":"MultiLineString","coordinates":[[[85.1093171,27.8588806],[85.109619,27.8587992],[85.1097338,27.858782],[85.1099477,27.858786],[85.1101392,27.8588175],[85.1101663,27.85882694]]]}},{"type":"Feature","properties":{"grade":"No visible damage","kind":"road","name":null,"aoi":"AOI03","locality":"Bidur","product":"EMSR927_AOI03_GRA_MONIT01_v1","post_event_date":"2026-08-28","method":"Photo-interpretation"},"geometry":{"type":"MultiLineString","coordinates":[[[85.1122107,27.8596509],[85.1120697,27.859578],[85.1118786,27.8594935],[85.1117972,27.8593871],[85.1116874,27.8593121],[85.111606,27.8593527],[85.1114043,27.859262],[85.1113087,27.8592182],[85.1111707,27.859237],[85.1111707,27.8593058],[85.1111212,27.8594497],[85.1111035,27.8595061]]]}},{"type":"Feature","properties":{"grade":"Destroyed","kind":"road","name":null,"aoi":"AOI03","locality":"Bidur","product":"EMSR927_AOI03_GRA_MONIT01_v1","post_event_date":"2026-08-28","method":"Photo-interpretation"},"geometry":{"type":"MultiLineString","coordinates":[[[85.1093171,27.8588806],[85.1089883,27.859063],[85.1086905,27.8592266],[85.1085698,27.8593689],[85.1085511,27.8595301],[85.1085291,27.8596713],[85.1084169,27.8597815],[85.108374,27.859806],[85.1083821,27.8598479],[85.1086664,27.8601609]]]}},{"type":"Feature","properties":{"grade":"Destroyed","kind":"road","name":null,"aoi":"AOI03","locality":"Bidur","product":"EMSR927_AOI03_GRA_MONIT01_v1","post_event_date":"2026-08-28","method":"Photo-interpretation"},"geometry":{"type":"MultiLineString","coordinates":[[[85.1065348,27.859321],[85.1063612,27.8595305],[85.1060638,27.8597482],[85.10597834,27.85983137]]]}},{"type":"Feature","properties":{"grade":"Possibly damaged","kind":"road","name":null,"aoi":"AOI03","locality":"Bidur","product":"EMSR927_AOI03_GRA_MONIT01_v1","post_event_date":"2026-08-28","method":"Photo-interpretation"},"geometry":{"type":"MultiLineString","coordinates":[[[85.1111035,27.8595061],[85.1110539,27.8595718],[85.1109938,27.8596343],[85.1109816,27.8597343]]]}},{"type":"Feature","properties":{"grade":"No visible damage","kind":"road","name":null,"aoi":"AOI03","locality":"Bidur","product":"EMSR927_AOI03_GRA_MONIT01_v1","post_event_date":"2026-08-28","method":"Photo-interpretation"},"geometry":{"type":"MultiLineString","coordinates":[[[85.1122107,27.8596509],[85.1124104,27.8597209],[85.1126238,27.8597818],[85.1128008,27.85978],[85.1130285,27.8597297],[85.1131143,27.8597486],[85.11337286,27.85947093]]]}},{"type":"Feature","properties":{"grade":"Possibly damaged","kind":"road","name":null,"aoi":"AOI03","locality":"Bidur","product":"EMSR927_AOI03_GRA_MONIT01_v1","post_event_date":"2026-08-28","method":"Photo-interpretation"},"geometry":{"type":"MultiLineString","coordinates":[[[85.10597834,27.85983137],[85.1059366,27.859872],[85.1059303,27.859927]]]}},{"type":"Feature","properties":{"grade":"Possibly damaged","kind":"road","name":null,"aoi":"AOI03","locality":"Bidur","product":"EMSR927_AOI03_GRA_MONIT01_v1","post_event_date":"2026-08-28","method":"Photo-interpretation"},"geometry":{"type":"MultiLineString","coordinates":[[[85.1101663,27.85882694],[85.1103085,27.8588765],[85.1104244,27.8589986],[85.1105446,27.8591207],[85.1106382,27.8592074],[85.1107362,27.8593452],[85.1108119,27.8594673],[85.1108699,27.8595934],[85.1109501,27.8597115],[85.1109816,27.8597343],[85.1110971,27.8598179],[85.1112307,27.8599597],[85.11134,27.8601234],[85.1115039,27.8603501],[85.1117057,27.8606696],[85.111899,27.8609818],[85.1119704,27.8610969]]]}},{"type":"Feature","properties":{"grade":"Possibly damaged","kind":"road","name":null,"aoi":"AOI03","locality":"Bidur","product":"EMSR927_AOI03_GRA_MONIT01_v1","post_event_date":"2026-08-28","method":"Photo-interpretation"},"geometry":{"type":"MultiLineString","coordinates":[[[85.10677442,27.86012477],[85.1067286,27.8600816],[85.1066488,27.8600878],[85.1065889,27.8601135],[85.1065036,27.8601434],[85.1063968,27.8601461],[85.1062993,27.8601088],[85.1060248,27.8599682],[85.1059303,27.859927]]]}},{"type":"Feature","properties":{"grade":"Destroyed","kind":"road","name":null,"aoi":"AOI03","locality":"Bidur","product":"EMSR927_AOI03_GRA_MONIT01_v1","post_event_date":"2026-08-28","method":"Photo-interpretation"},"geometry":{"type":"MultiLineString","coordinates":[[[85.10686327,27.86020743],[85.1068496,27.8601956],[85.10677442,27.86012477]]]}},{"type":"Feature","properties":{"grade":"Destroyed","kind":"road","name":null,"aoi":"AOI03","locality":"Bidur","product":"EMSR927_AOI03_GRA_MONIT01_v1","post_event_date":"2026-08-28","method":"Photo-interpretation"},"geometry":{"type":"MultiLineString","coordinates":[[[85.1105073,27.8600595],[85.1103242,27.8601896],[85.109949,27.8604057],[85.1097907,27.8604178]]]}},{"type":"Feature","properties":{"grade":"Possibly damaged","kind":"road","name":null,"aoi":"AOI03","locality":"Bidur","product":"EMSR927_AOI03_GRA_MONIT01_v1","post_event_date":"2026-08-28","method":"Photo-interpretation"},"geometry":{"type":"MultiLineString","coordinates":[[[85.1071098,27.86042071],[85.10686327,27.86020743]]]}},{"type":"Feature","properties":{"grade":"Destroyed","kind":"road","name":null,"aoi":"AOI03","locality":"Bidur","product":"EMSR927_AOI03_GRA_MONIT01_v1","post_event_date":"2026-08-28","method":"Photo-interpretation"},"geometry":{"type":"MultiLineString","coordinates":[[[85.10727406,27.8605631],[85.1071788,27.8604804],[85.1071098,27.86042071]]]}},{"type":"Feature","properties":{"grade":"Destroyed","kind":"road","name":"Devighat Path","aoi":"AOI03","locality":"Bidur","product":"EMSR927_AOI03_GRA_MONIT01_v1","post_event_date":"2026-08-28","method":"Photo-interpretation"},"geometry":{"type":"MultiLineString","coordinates":[[[85.11240823,27.86226182],[85.1121946,27.8620429],[85.1113307,27.8611977],[85.1111537,27.8609867],[85.1105073,27.8600595],[85.1104402,27.8599599],[85.11014,27.8595643],[85.11,27.8594319],[85.109845,27.8593093],[85.1095793,27.8591181],[85.1094183,27.8589806],[85.1093171,27.8588806],[85.1092913,27.8588349]]]}},{"type":"Feature","properties":{"grade":"Destroyed","kind":"road","name":null,"aoi":"AOI03","locality":"Bidur","product":"EMSR927_AOI03_GRA_MONIT01_v1","post_event_date":"2026-08-28","method":"Photo-interpretation"},"geometry":{"type":"MultiLineString","coordinates":[[[85.10743038,27.8606988],[85.10727406,27.8605631]]]}},{"type":"Feature","properties":{"grade":"No visible damage","kind":"road","name":null,"aoi":"AOI03","locality":"Bidur","product":"EMSR927_AOI03_GRA_MONIT01_v1","post_event_date":"2026-08-28","method":"Photo-interpretation"},"geometry":{"type":"MultiLineString","coordinates":[[[85.1065889,27.8601135],[85.1054198,27.8615306]]]}},{"type":"Feature","properties":{"grade":"Destroyed","kind":"road","name":null,"aoi":"AOI03","locality":"Bidur","product":"EMSR927_AOI03_GRA_MONIT01_v1","post_event_date":"2026-08-28","method":"Photo-interpretation"},"geometry":{"type":"MultiLineString","coordinates":[[[85.1076449,27.8609839],[85.1075116,27.8607693],[85.10743038,27.8606988]]]}},{"type":"Feature","properties":{"grade":"Destroyed","kind":"road","name":null,"aoi":"AOI03","locality":"Bidur","product":"EMSR927_AOI03_GRA_MONIT01_v1","post_event_date":"2026-08-28","method":"Photo-interpretation"},"geometry":{"type":"MultiLineString","coordinates":[[[85.1086664,27.8601609],[85.1091245,27.86047],[85.1097627,27.8609571],[85.1100118,27.8611267],[85.110264,27.8613087],[85.1105372,27.8615057],[85.1106633,27.8616134],[85.1107558,27.8617435],[85.1109029,27.8618884],[85.1110962,27.8619367],[85.111308,27.8619977],[85.1114577,27.8620408],[85.1119489,27.8622343],[85.1124112,27.8624773],[85.11244908,27.86248839]]]}},{"type":"Feature","properties":{"grade":"Destroyed","kind":"road","name":null,"aoi":"AOI03","locality":"Bidur","product":"EMSR927_AOI03_GRA_MONIT01_v1","post_event_date":"2026-08-28","method":"Photo-interpretation"},"geometry":{"type":"MultiLineString","coordinates":[[[85.1076449,27.8609839],[85.1079198,27.8613333],[85.1080698,27.8615986],[85.1080363,27.8619702],[85.1080336,27.862192],[85.10804252,27.86221385]]]}},{"type":"Feature","properties":{"grade":"Possibly damaged","kind":"road","name":null,"aoi":"AOI03","locality":"Bidur","product":"EMSR927_AOI03_GRA_MONIT01_v1","post_event_date":"2026-08-28","method":"Photo-interpretation"},"geometry":{"type":"MultiLineString","coordinates":[[[85.1119704,27.8610969],[85.1122268,27.8614388],[85.1123277,27.8616097],[85.1124664,27.8618364],[85.1125673,27.8620185],[85.1126093,27.8622674],[85.1125713,27.8624308]]]}},{"type":"Feature","properties":{"grade":"No visible damage","kind":"road","name":null,"aoi":"AOI03","locality":"Bidur","product":"EMSR927_AOI03_GRA_MONIT01_v1","post_event_date":"2026-08-28","method":"Photo-interpretation"},"geometry":{"type":"MultiLineString","coordinates":[[[85.106511,27.8619248],[85.1068269,27.8621466],[85.1070685,27.8623497],[85.1073383,27.8625165]]]}},{"type":"Feature","properties":{"grade":"Destroyed","kind":"road","name":null,"aoi":"AOI03","locality":"Bidur","product":"EMSR927_AOI03_GRA_MONIT01_v1","post_event_date":"2026-08-28","method":"Photo-interpretation"},"geometry":{"type":"MultiLineString","coordinates":[[[85.10804252,27.86221385],[85.10808133,27.86230891]]]}},{"type":"Feature","properties":{"grade":"Possibly damaged","kind":"road","name":"Devighat Path","aoi":"AOI03","locality":"Bidur","product":"EMSR927_AOI03_GRA_MONIT01_v1","post_event_date":"2026-08-28","method":"Photo-interpretation"},"geometry":{"type":"MultiLineString","coordinates":[[[85.1125713,27.8624308],[85.1125444,27.8624023],[85.1125257,27.8623822],[85.11240823,27.86226182]]]}},{"type":"Feature","properties":{"grade":"Destroyed","kind":"road","name":null,"aoi":"AOI03","locality":"Bidur","product":"EMSR927_AOI03_GRA_MONIT01_v1","post_event_date":"2026-08-28","method":"Photo-interpretation"},"geometry":{"type":"MultiLineString","coordinates":[[[85.10808133,27.86230891],[85.1081104,27.8623801],[85.10812853,27.86240929]]]}},{"type":"Feature","properties":{"grade":"Possibly damaged","kind":"road","name":null,"aoi":"AOI03","locality":"Bidur","product":"EMSR927_AOI03_GRA_MONIT01_v1","post_event_date":"2026-08-28","method":"Photo-interpretation"},"geometry":{"type":"MultiLineString","coordinates":[[[85.11244908,27.86248839],[85.1125348,27.8625135],[85.1125713,27.8624308]]]}},{"type":"Feature","properties":{"grade":"Destroyed","kind":"road","name":null,"aoi":"AOI03","locality":"Bidur","product":"EMSR927_AOI03_GRA_MONIT01_v1","post_event_date":"2026-08-28","method":"Photo-interpretation"},"geometry":{"type":"MultiLineString","coordinates":[[[85.10812853,27.86240929],[85.10821036,27.862541]]]}},{"type":"Feature","properties":{"grade":"No visible damage","kind":"road","name":"Pasang Lhamu Highway","aoi":"AOI03","locality":"Bidur","product":"EMSR927_AOI03_GRA_MONIT01_v1","post_event_date":"2026-08-28","method":"Photo-interpretation"},"geometry":{"type":"MultiLineString","coordinates":[[[85.1025527,27.85708752],[85.10231256,27.85703695],[85.10208829,27.85697586]]]}},{"type":"Feature","properties":{"grade":"No visible damage","kind":"road","name":"Pasang Lhamu Highway","aoi":"AOI03","locality":"Bidur","product":"EMSR927_AOI03_GRA_MONIT01_v1","post_event_date":"2026-08-28","method":"Photo-interpretation"},"geometry":{"type":"MultiLineString","coordinates":[[[85.10558283,27.85764348],[85.10533785,27.85754433],[85.10486764,27.85748555],[85.10433376,27.85749045],[85.10405947,27.85749045],[85.10379498,27.85744147],[85.10333946,27.85729453],[85.10290354,27.85713779],[85.1025527,27.85708752]]]}},{"type":"Feature","properties":{"grade":"Not Analysed","kind":"road","name":null,"aoi":"AOI03","locality":"Bidur","product":"EMSR927_AOI03_GRA_MONIT01_v1","post_event_date":"2026-08-28","method":"Photo-interpretation"},"geometry":{"type":"MultiLineString","coordinates":[[[85.10262096,27.86041213],[85.1025887,27.8604091],[85.10257851,27.86040829]]]}},{"type":"Feature","properties":{"grade":"No visible damage","kind":"road","name":null,"aoi":"AOI03","locality":"Bidur","product":"EMSR927_AOI03_GRA_MONIT01_v1","post_event_date":"2026-08-28","method":"Photo-interpretation"},"geometry":{"type":"MultiLineString","coordinates":[[[85.1059303,27.859927],[85.1058698,27.8599434],[85.105792,27.8599754],[85.1056881,27.8600412],[85.1054035,27.8602382],[85.1051483,27.86042],[85.104926,27.8606419],[85.1047299,27.8608764],[85.1045513,27.8610355],[85.1044283,27.8612568]]]}},{"type":"Feature","properties":{"grade":"No visible damage","kind":"road","name":null,"aoi":"AOI03","locality":"Bidur","product":"EMSR927_AOI03_GRA_MONIT01_v1","post_event_date":"2026-08-28","method":"Photo-interpretation"},"geometry":{"type":"MultiLineString","coordinates":[[[85.10257851,27.86040829],[85.1019195,27.860356],[85.1015675,27.8603655],[85.1012026,27.860415],[85.1010086,27.8604664],[85.100971,27.8604764],[85.1006942,27.8606109],[85.1003559,27.8607817],[85.10027427,27.86083292]]]}},{"type":"Feature","properties":{"grade":"No visible damage","kind":"road","name":null,"aoi":"AOI03","locality":"Bidur","product":"EMSR927_AOI03_GRA_MONIT01_v1","post_event_date":"2026-08-28","method":"Photo-interpretation"},"geometry":{"type":"MultiLineString","coordinates":[[[85.1009836,27.8611936],[85.1010002,27.8610828],[85.1010244,27.8609369],[85.1010351,27.8607911],[85.1010337,27.8606808],[85.1010337,27.8605943],[85.1010086,27.8604664]]]}},{"type":"Feature","properties":{"grade":"No visible damage","kind":"road","name":null,"aoi":"AOI03","locality":"Bidur","product":"EMSR927_AOI03_GRA_MONIT01_v1","post_event_date":"2026-08-28","method":"Photo-interpretation"},"geometry":{"type":"MultiLineString","coordinates":[[[85.1044283,27.8612568],[85.1040729,27.8611574],[85.1038554,27.861099],[85.1036167,27.8609772],[85.1033835,27.8607732],[85.1031181,27.8605689],[85.1029944,27.8604674],[85.1028308,27.8604318],[85.10262096,27.86041213]]]}},{"type":"Feature","properties":{"grade":"No visible damage","kind":"road","name":null,"aoi":"AOI03","locality":"Bidur","product":"EMSR927_AOI03_GRA_MONIT01_v1","post_event_date":"2026-08-28","method":"Photo-interpretation"},"geometry":{"type":"MultiLineString","coordinates":[[[85.106511,27.8619248],[85.105763,27.861592],[85.1055855,27.8615594],[85.1054198,27.8615306],[85.1050235,27.8614136],[85.1046401,27.8613114],[85.1044283,27.8612568]]]}},{"type":"Feature","properties":{"grade":"Destroyed","kind":"road","name":null,"aoi":"AOI03","locality":"Bidur","product":"EMSR927_AOI03_GRA_MONIT01_v1","post_event_date":"2026-08-28","method":"Photo-interpretation"},"geometry":{"type":"MultiLineString","coordinates":[[[85.11217316,27.86306683],[85.1121299,27.8630285],[85.1117161,27.8626181],[85.1112921,27.8622273],[85.111308,27.8619977]]]}},{"type":"Feature","properties":{"grade":"Destroyed","kind":"road","name":null,"aoi":"AOI03","locality":"Bidur","product":"EMSR927_AOI03_GRA_MONIT01_v1","post_event_date":"2026-08-28","method":"Photo-interpretation"},"geometry":{"type":"MultiLineString","coordinates":[[[85.10821036,27.862541],[85.1082505,27.8626056],[85.1083419,27.8628126]]]}},{"type":"Feature","properties":{"grade":"No visible damage","kind":"road","name":null,"aoi":"AOI03","locality":"Bidur","product":"EMSR927_AOI03_GRA_MONIT01_v1","post_event_date":"2026-08-28","method":"Photo-interpretation"},"geometry":{"type":"MultiLineString","coordinates":[[[85.1080142,27.8628571],[85.1078926,27.8627756],[85.1076913,27.8626858],[85.1075957,27.862642],[85.1074543,27.8625966],[85.1073383,27.8625165]]]}},{"type":"Feature","properties":{"grade":"Destroyed","kind":"road","name":null,"aoi":"AOI03","locality":"Bidur","product":"EMSR927_AOI03_GRA_MONIT01_v1","post_event_date":"2026-08-28","method":"Photo-interpretation"},"geometry":{"type":"MultiLineString","coordinates":[[[85.1083419,27.8628126],[85.10830007,27.86284897]]]}},{"type":"Feature","properties":{"grade":"Destroyed","kind":"road","name":null,"aoi":"AOI03","locality":"Bidur","product":"EMSR927_AOI03_GRA_MONIT01_v1","post_event_date":"2026-08-28","method":"Photo-interpretation"},"geometry":{"type":"MultiLineString","coordinates":[[[85.10836211,27.8629367],[85.1083419,27.8628126]]]}},{"type":"Feature","properties":{"grade":"Possibly damaged","kind":"road","name":null,"aoi":"AOI03","locality":"Bidur","product":"EMSR927_AOI03_GRA_MONIT01_v1","post_event_date":"2026-08-28","method":"Photo-interpretation"},"geometry":{"type":"MultiLineString","coordinates":[[[85.10830007,27.86284897],[85.1082133,27.8629244],[85.1080862,27.8629205]]]}},{"type":"Feature","properties":{"grade":"Possibly damaged","kind":"road","name":null,"aoi":"AOI03","locality":"Bidur","product":"EMSR927_AOI03_GRA_MONIT01_v1","post_event_date":"2026-08-28","method":"Photo-interpretation"},"geometry":{"type":"MultiLineString","coordinates":[[[85.1080862,27.8629205],[85.1080142,27.8628571]]]}},{"type":"Feature","properties":{"grade":"Possibly damaged","kind":"road","name":null,"aoi":"AOI03","locality":"Bidur","product":"EMSR927_AOI03_GRA_MONIT01_v1","post_event_date":"2026-08-28","method":"Photo-interpretation"},"geometry":{"type":"MultiLineString","coordinates":[[[85.1084193,27.8632878],[85.10836211,27.8629367]]]}},{"type":"Feature","properties":{"grade":"Possibly damaged","kind":"road","name":null,"aoi":"AOI03","locality":"Bidur","product":"EMSR927_AOI03_GRA_MONIT01_v1","post_event_date":"2026-08-28","method":"Photo-interpretation"},"geometry":{"type":"MultiLineString","coordinates":[[[85.11257987,27.86342722],[85.11217316,27.86306683]]]}},{"type":"Feature","properties":{"grade":"No visible damage","kind":"road","name":null,"aoi":"AOI03","locality":"Bidur","product":"EMSR927_AOI03_GRA_MONIT01_v1","post_event_date":"2026-08-28","method":"Photo-interpretation"},"geometry":{"type":"MultiLineString","coordinates":[[[85.1133571,27.8641609],[85.113535,27.8640299],[85.1141068,27.8636782],[85.1141497,27.8636212]]]}},{"type":"Feature","properties":{"grade":"No visible damage","kind":"road","name":null,"aoi":"AOI03","locality":"Bidur","product":"EMSR927_AOI03_GRA_MONIT01_v1","post_event_date":"2026-08-28","method":"Photo-interpretation"},"geometry":{"type":"MultiLineString","coordinates":[[[85.1164688,27.8617732],[85.1169984,27.8621983],[85.1171725,27.8623428],[85.1177492,27.8627334],[85.1179048,27.8628388],[85.1182347,27.8630925],[85.1184063,27.8632084],[85.1185565,27.8632724],[85.118696,27.8633188],[85.1187416,27.863334],[85.11888298,27.86336283]]]}},{"type":"Feature","properties":{"grade":"No visible damage","kind":"road","name":null,"aoi":"AOI03","locality":"Bidur","product":"EMSR927_AOI03_GRA_MONIT01_v1","post_event_date":"2026-08-28","method":"Photo-interpretation"},"geometry":{"type":"MultiLineString","coordinates":[[[85.1177492,27.8627334],[85.11796386,27.86253613]]]}},{"type":"Feature","properties":{"grade":"No visible damage","kind":"road","name":null,"aoi":"AOI03","locality":"Bidur","product":"EMSR927_AOI03_GRA_MONIT01_v1","post_event_date":"2026-08-28","method":"Photo-interpretation"},"geometry":{"type":"MultiLineString","coordinates":[[[85.1128008,27.85978],[85.1125701,27.860055],[85.1125834,27.8601141],[85.1129482,27.860899],[85.1131413,27.861065],[85.1133854,27.8613828],[85.1138387,27.8619045],[85.1139406,27.8619448],[85.1140881,27.8621321],[85.1141659,27.8622815],[85.1147882,27.8627913],[85.1155955,27.8634173],[85.1156438,27.8635146],[85.1158074,27.8636829],[85.1159415,27.8637635],[85.1164324,27.8641595],[85.1167703,27.8643611],[85.1170546,27.8644749],[85.1173524,27.8646788],[85.1174704,27.8648187],[85.1180739,27.8652408],[85.1182454,27.8653647],[85.1179935,27.8656712],[85.1186111,27.8662913],[85.119034,27.8670002],[85.1191286,27.8672655],[85.1191945,27.8674503],[85.1194835,27.8678354],[85.119608,27.8680031]]]}},{"type":"Feature","properties":{"grade":"No visible damage","kind":"road","name":"Devighat Path","aoi":"AOI03","locality":"Bidur","product":"EMSR927_AOI03_GRA_MONIT01_v1","post_event_date":"2026-08-28","method":"Photo-interpretation"},"geometry":{"type":"MultiLineString","coordinates":[[[85.1208352,27.8684969],[85.1206573,27.8684092],[85.1201498,27.8682379],[85.1199594,27.8681573],[85.1197502,27.8680458],[85.119608,27.8680031],[85.1195195,27.8679699],[85.1191584,27.8679074],[85.1189907,27.8678625],[85.1188924,27.8678082],[85.1187265,27.8677079],[85.1183554,27.8673883],[85.1180507,27.8671065],[85.1173139,27.8662707],[85.1172306,27.8661542],[85.1171634,27.8659772],[85.1170973,27.8658723],[85.1170117,27.86576],[85.1168695,27.8656936],[85.1166764,27.8656509],[85.1163411,27.8655727],[85.1159227,27.8654684],[85.1155499,27.8652953],[85.1153862,27.8652336],[85.1152776,27.8651699],[85.1151502,27.8650036],[85.1146352,27.864029],[85.1141497,27.8636212],[85.1139747,27.8634708],[85.1129065,27.8626335],[85.1125713,27.8624308]]]}},{"type":"Feature","properties":{"grade":"No visible damage","kind":"road","name":null,"aoi":"AOI03","locality":"Bidur","product":"EMSR927_AOI03_GRA_MONIT01_v1","post_event_date":"2026-08-28","method":"Photo-interpretation"},"geometry":{"type":"MultiLineString","coordinates":[[[85.1210468,27.8657403],[85.1212119,27.8656712],[85.1214229,27.86562673]]]}},{"type":"Feature","properties":{"grade":"No visible damage","kind":"road","name":null,"aoi":"AOI03","locality":"Bidur","product":"EMSR927_AOI03_GRA_MONIT01_v1","post_event_date":"2026-08-28","method":"Photo-interpretation"},"geometry":{"type":"MultiLineString","coordinates":[[[85.12083191,27.8651158],[85.1208337,27.8651243],[85.1208874,27.8653452],[85.120992,27.8655515],[85.1210468,27.8657403],[85.1210679,27.8658238],[85.1211341,27.8658712],[85.1211472,27.865886],[85.1212119,27.8659592],[85.1212763,27.8660396],[85.1214112,27.8663118],[85.1214533,27.8663526],[85.1215365,27.8664097],[85.1216223,27.8664927],[85.1216413,27.8665622],[85.1216369,27.8666675],[85.1216527,27.8667682],[85.1218171,27.8669315]]]}},{"type":"Feature","properties":{"grade":"No visible damage","kind":"road","name":null,"aoi":"AOI03","locality":"Bidur","product":"EMSR927_AOI03_GRA_MONIT01_v1","post_event_date":"2026-08-28","method":"Photo-interpretation"},"geometry":{"type":"MultiLineString","coordinates":[[[85.118145,27.8693462],[85.1181339,27.869299],[85.1180811,27.8692563],[85.1176383,27.8691093],[85.1167386,27.868717],[85.1158734,27.868176],[85.1156307,27.867908],[85.1149187,27.8667514],[85.1141264,27.8657031],[85.113552,27.864839],[85.1134649,27.8646703],[85.1132742,27.8641709],[85.1128063,27.8637217],[85.1127096,27.8636262],[85.1126751,27.8635116],[85.11257987,27.86342722]]]}},{"type":"Feature","properties":{"grade":"No visible damage","kind":"road","name":"Devighat -galchi path","aoi":"AOI03","locality":"Bidur","product":"EMSR927_AOI03_GRA_MONIT01_v1","post_event_date":"2026-08-28","method":"Photo-interpretation"},"geometry":{"type":"MultiLineString","coordinates":[[[85.12224422,27.86623662],[85.1222245,27.8663789],[85.1221763,27.8665224],[85.1221162,27.8666173],[85.1220526,27.8667143],[85.1219905,27.8667737],[85.12191,27.8668348],[85.1218171,27.8669315],[85.1217702,27.8669972],[85.1217297,27.8670464],[85.1216975,27.8671946],[85.1216505,27.8674139],[85.121617,27.8676226],[85.1214507,27.867753],[85.121043,27.8682498],[85.1209518,27.8683778],[85.1208352,27.8684969]]]}},{"type":"Feature","properties":{"grade":"Possibly damaged","kind":"road","name":null,"aoi":"AOI03","locality":"Bidur","product":"EMSR927_AOI03_GRA_MONIT01_v1","post_event_date":"2026-08-28","method":"Photo-interpretation"},"geometry":{"type":"MultiLineString","coordinates":[[[85.11483765,27.86784783],[85.1149169,27.8679795],[85.11491384,27.8681327]]]}},{"type":"Feature","properties":{"grade":"Destroyed","kind":"road","name":null,"aoi":"AOI03","locality":"Bidur","product":"EMSR927_AOI03_GRA_MONIT01_v1","post_event_date":"2026-08-28","method":"Photo-interpretation"},"geometry":{"type":"MultiLineString","coordinates":[[[85.11491384,27.8681327],[85.1149116,27.8682451],[85.1149196,27.8683826],[85.1148418,27.8685415],[85.1148901,27.8687549],[85.1151181,27.8689659]]]}},{"type":"Feature","properties":{"grade":"No visible damage","kind":"road","name":null,"aoi":"AOI03","locality":"Bidur","product":"EMSR927_AOI03_GRA_MONIT01_v1","post_event_date":"2026-08-28","method":"Photo-interpretation"},"geometry":{"type":"MultiLineString","coordinates":[[[85.121617,27.8676226],[85.1219017,27.8681035],[85.1221569,27.8684448],[85.1224822,27.868724],[85.1227693,27.868927],[85.1230054,27.8690793],[85.1230596,27.8691977],[85.1232127,27.8694289],[85.1233244,27.8695643]]]}},{"type":"Feature","properties":{"grade":"Possibly damaged","kind":"road","name":null,"aoi":"AOI03","locality":"Bidur","product":"EMSR927_AOI03_GRA_MONIT01_v1","post_event_date":"2026-08-28","method":"Photo-interpretation"},"geometry":{"type":"MultiLineString","coordinates":[[[85.11748436,27.86965197],[85.1177297,27.8696956],[85.1178285,27.8696671],[85.1180707,27.869444],[85.118145,27.8693462]]]}},{"type":"Feature","properties":{"grade":"Destroyed","kind":"road","name":null,"aoi":"AOI03","locality":"Bidur","product":"EMSR927_AOI03_GRA_MONIT01_v1","post_event_date":"2026-08-28","method":"Photo-interpretation"},"geometry":{"type":"MultiLineString","coordinates":[[[85.11696,27.869664],[85.1170592,27.8696081],[85.1172202,27.869605],[85.11748436,27.86965197]]]}},{"type":"Feature","properties":{"grade":"No visible damage","kind":"road","name":null,"aoi":"AOI03","locality":"Bidur","product":"EMSR927_AOI03_GRA_MONIT01_v1","post_event_date":"2026-08-28","method":"Photo-interpretation"},"geometry":{"type":"MultiLineString","coordinates":[[[85.118145,27.8693462],[85.118266,27.8693106],[85.118311,27.8693574],[85.1184084,27.8693967],[85.1184534,27.8694431],[85.1185206,27.8695025],[85.1186561,27.8695933],[85.1188364,27.8697437],[85.1189941,27.8697946],[85.1191538,27.869904],[85.1193046,27.8700208]]]}},{"type":"Feature","properties":{"grade":"Destroyed","kind":"road","name":null,"aoi":"AOI03","locality":"Bidur","product":"EMSR927_AOI03_GRA_MONIT01_v1","post_event_date":"2026-08-28","method":"Photo-interpretation"},"geometry":{"type":"MultiLineString","coordinates":[[[85.1170592,27.8696081],[85.1169709,27.8695322],[85.1168342,27.8694761],[85.1166707,27.8694732],[85.1164706,27.8694894],[85.1164639,27.8695218],[85.1164972,27.8695558],[85.1166724,27.8696251],[85.1168208,27.8696442],[85.11693133,27.86969396],[85.1170043,27.8697268],[85.1171618,27.8697714],[85.1174329,27.869782],[85.1177908,27.8699024],[85.1181763,27.8700534],[85.1183502,27.8701358],[85.1185373,27.8701805],[85.11873908,27.87034968]]]}},{"type":"Feature","properties":{"grade":"No visible damage","kind":"road","name":null,"aoi":"AOI03","locality":"Bidur","product":"EMSR927_AOI03_GRA_MONIT01_v1","post_event_date":"2026-08-28","method":"Photo-interpretation"},"geometry":{"type":"MultiLineString","coordinates":[[[85.12460167,27.86798716],[85.1246073,27.868009],[85.1247043,27.8680848],[85.1248216,27.8681606],[85.124858,27.8681775]]]}},{"type":"Feature","properties":{"grade":"No visible damage","kind":"road","name":null,"aoi":"AOI03","locality":"Bidur","product":"EMSR927_AOI03_GRA_MONIT01_v1","post_event_date":"2026-08-28","method":"Photo-interpretation"},"geometry":{"type":"MultiLineString","coordinates":[[[85.1150268,27.8655253],[85.1147451,27.8652834],[85.1145091,27.8650737],[85.1141524,27.8649231],[85.1140183,27.864814],[85.1138198,27.864622],[85.1136374,27.8644346],[85.1133571,27.8641609]]]}},{"type":"Feature","properties":{"grade":"No visible damage","kind":"road","name":null,"aoi":"AOI03","locality":"Bidur","product":"EMSR927_AOI03_GRA_MONIT01_v1","post_event_date":"2026-08-28","method":"Photo-interpretation"},"geometry":{"type":"MultiLineString","coordinates":[[[85.1107792,27.866431],[85.1104986,27.8666537],[85.1104021,27.8667561],[85.1102667,27.8669563],[85.11002,27.8669341],[85.1097578,27.8668413],[85.1096387,27.8668031],[85.1095089,27.8666708],[85.1093009,27.8665601],[85.1090068,27.8664275],[85.1091651,27.8659798],[85.1092192,27.8656208],[85.1091468,27.8654885],[85.1090892,27.8654178],[85.1090611,27.8652918],[85.1090394,27.8651192],[85.1090349,27.8650538],[85.108957,27.8649807],[85.1084273,27.8648918],[85.1078064,27.8646902],[85.1078484,27.8644777],[85.1078628,27.864388],[85.108249,27.8643629],[85.1083123,27.8642917],[85.1084741,27.8642909]]]}},{"type":"Feature","properties":{"grade":"No visible damage","kind":"road","name":null,"aoi":"AOI03","locality":"Bidur","product":"EMSR927_AOI03_GRA_MONIT01_v1","post_event_date":"2026-08-28","method":"Photo-interpretation"},"geometry":{"type":"MultiLineString","coordinates":[[[85.1067413,27.8658491],[85.1068955,27.8662102],[85.1069163,27.8663854],[85.1071327,27.8669767],[85.1072051,27.8670514],[85.107314,27.867074],[85.1073993,27.8670677],[85.1075408,27.8670397],[85.1078056,27.8670143],[85.1081221,27.866938],[85.1084282,27.8668736],[85.1087035,27.8669996],[85.1090727,27.8671313]]]}},{"type":"Feature","properties":{"grade":"No visible damage","kind":"road","name":null,"aoi":"AOI03","locality":"Bidur","product":"EMSR927_AOI03_GRA_MONIT01_v1","post_event_date":"2026-08-28","method":"Photo-interpretation"},"geometry":{"type":"MultiLineString","coordinates":[[[85.11228107,27.86995846],[85.1123039,27.8699307],[85.1123908,27.8698243],[85.1124901,27.8697056],[85.1125246,27.869576],[85.1122705,27.8691267],[85.1121167,27.8687957],[85.112023,27.8682577],[85.1119361,27.8678735],[85.1107792,27.866431],[85.1108795,27.8662832],[85.1108528,27.8660644],[85.1105385,27.8657038],[85.1102175,27.86542],[85.109823,27.8652545],[85.1097291,27.865081],[85.1096231,27.8650031],[85.1095343,27.8647714],[85.109401,27.8646457],[85.1091797,27.8645445],[85.1087587,27.8643529],[85.1084741,27.8642909],[85.1084044,27.8637817],[85.1084193,27.8632878]]]}},{"type":"Feature","properties":{"grade":"Destroyed","kind":"road","name":null,"aoi":"AOI03","locality":"Bidur","product":"EMSR927_AOI03_GRA_MONIT01_v1","post_event_date":"2026-08-28","method":"Photo-interpretation"},"geometry":{"type":"MultiLineString","coordinates":[[[85.1131628,27.8654827],[85.113262,27.8657056],[85.1133881,27.8661419],[85.113498,27.8664003],[85.1135866,27.8668366],[85.1137502,27.867088],[85.1139942,27.8672705],[85.1142589,27.867423],[85.1145548,27.8677068],[85.114807,27.8677969],[85.11483765,27.86784783]]]}},{"type":"Feature","properties":{"grade":"No visible damage","kind":"road","name":null,"aoi":"AOI03","locality":"Bidur","product":"EMSR927_AOI03_GRA_MONIT01_v1","post_event_date":"2026-08-28","method":"Photo-interpretation"},"geometry":{"type":"MultiLineString","coordinates":[[[85.1073993,27.8670677],[85.10762,27.8673301],[85.1077543,27.8677079],[85.1078766,27.8677782],[85.1079137,27.8679131],[85.1081514,27.868269],[85.108763,27.8690997],[85.1088093,27.8691991],[85.108996,27.8694097]]]}},{"type":"Feature","properties":{"grade":"No visible damage","kind":"road","name":null,"aoi":"AOI03","locality":"Bidur","product":"EMSR927_AOI03_GRA_MONIT01_v1","post_event_date":"2026-08-28","method":"Photo-interpretation"},"geometry":{"type":"MultiLineString","coordinates":[[[85.1090727,27.8671313],[85.1092301,27.8672313],[85.1094163,27.8674672],[85.1095623,27.8677608],[85.1098594,27.8683457],[85.1099982,27.8688938],[85.1102037,27.8690175],[85.1102539,27.8691109],[85.1096361,27.8692207],[85.1094208,27.8693245],[85.108996,27.8694097],[85.1086859,27.8693791],[85.1084438,27.8693021],[85.1081785,27.8692953],[85.1079094,27.8695657],[85.1077033,27.8698425],[85.1075365,27.8698913],[85.1073749,27.8700317],[85.1073045,27.8700929],[85.10722827,27.87016498]]]}},{"type":"Feature","properties":{"grade":"No visible damage","kind":"road","name":null,"aoi":"AOI03","locality":"Bidur","product":"EMSR927_AOI03_GRA_MONIT01_v1","post_event_date":"2026-08-28","method":"Photo-interpretation"},"geometry":{"type":"MultiLineString","coordinates":[[[85.11252059,27.87000667],[85.1124978,27.8700194],[85.1123841,27.8700844],[85.1123039,27.8701495],[85.1122103,27.8701435],[85.1121969,27.8700608],[85.11228107,27.86995846]]]}},{"type":"Feature","properties":{"grade":"No visible damage","kind":"road","name":null,"aoi":"AOI03","locality":"Bidur","product":"EMSR927_AOI03_GRA_MONIT01_v1","post_event_date":"2026-08-28","method":"Photo-interpretation"},"geometry":{"type":"MultiLineString","coordinates":[[[85.11305826,27.87102017],[85.1130697,27.8709239],[85.1131799,27.8707347],[85.1133003,27.8701495],[85.1132,27.8699544],[85.1131252,27.8697965],[85.1130271,27.8697407],[85.1129124,27.8698125],[85.1127586,27.869913],[85.1126013,27.8699616],[85.11252059,27.87000667]]]}},{"type":"Feature","properties":{"grade":"No visible damage","kind":"road","name":null,"aoi":"AOI03","locality":"Bidur","product":"EMSR927_AOI03_GRA_MONIT01_v1","post_event_date":"2026-08-28","method":"Photo-interpretation"},"geometry":{"type":"MultiLineString","coordinates":[[[85.12503859,27.8683116],[85.125081,27.8684297],[85.125099,27.8685534],[85.1250787,27.868685],[85.1250968,27.8688245],[85.125187,27.8689123],[85.1253314,27.8690359],[85.1254532,27.8691815],[85.1255637,27.8693131],[85.1257013,27.8694207],[85.1257261,27.8695124],[85.12569,27.8696221],[85.1255189,27.8696453],[85.1251297,27.8696369],[85.1249605,27.8695084],[85.1246798,27.8693561],[85.124431,27.8692264],[85.1241917,27.8692038],[85.1239461,27.8691784],[85.1235644,27.8693189]]]}},{"type":"Feature","properties":{"grade":"No visible damage","kind":"road","name":null,"aoi":"AOI03","locality":"Bidur","product":"EMSR927_AOI03_GRA_MONIT01_v1","post_event_date":"2026-08-28","method":"Photo-interpretation"},"geometry":{"type":"MultiLineString","coordinates":[[[85.1230208,27.8698557],[85.1233244,27.8695643],[85.1235644,27.8693189],[85.1238402,27.8690321]]]}},{"type":"Feature","properties":{"grade":"No visible damage","kind":"road","name":null,"aoi":"AOI03","locality":"Bidur","product":"EMSR927_AOI03_GRA_MONIT01_v1","post_event_date":"2026-08-28","method":"Photo-interpretation"},"geometry":{"type":"MultiLineString","coordinates":[[[85.1238404,27.8703518],[85.1240029,27.8702418],[85.1240954,27.8699598],[85.1242357,27.8696863]]]}},{"type":"Feature","properties":{"grade":"Destroyed","kind":"road","name":null,"aoi":"AOI03","locality":"Bidur","product":"EMSR927_AOI03_GRA_MONIT01_v1","post_event_date":"2026-08-28","method":"Photo-interpretation"},"geometry":{"type":"MultiLineString","coordinates":[[[85.1164683,27.8701778],[85.11693133,27.86969396],[85.11696,27.869664]]]}},{"type":"Feature","properties":{"grade":"Destroyed","kind":"road","name":null,"aoi":"AOI03","locality":"Bidur","product":"EMSR927_AOI03_GRA_MONIT01_v1","post_event_date":"2026-08-28","method":"Photo-interpretation"},"geometry":{"type":"MultiLineString","coordinates":[[[85.11873908,27.87034968],[85.11876345,27.87037011]]]}},{"type":"Feature","properties":{"grade":"No visible damage","kind":"road","name":null,"aoi":"AOI03","locality":"Bidur","product":"EMSR927_AOI03_GRA_MONIT01_v1","post_event_date":"2026-08-28","method":"Photo-interpretation"},"geometry":{"type":"MultiLineString","coordinates":[[[85.1193046,27.8700208],[85.1195498,27.8701193],[85.1197251,27.8701992],[85.1199627,27.8703514],[85.1201816,27.8705122],[85.1204262,27.8707181]]]}},{"type":"Feature","properties":{"grade":"Destroyed","kind":"road","name":null,"aoi":"AOI03","locality":"Bidur","product":"EMSR927_AOI03_GRA_MONIT01_v1","post_event_date":"2026-08-28","method":"Photo-interpretation"},"geometry":{"type":"MultiLineString","coordinates":[[[85.11876345,27.87037011],[85.1188158,27.870414],[85.11883813,27.87042558]]]}},{"type":"Feature","properties":{"grade":"Destroyed","kind":"road","name":null,"aoi":"AOI03","locality":"Bidur","product":"EMSR927_AOI03_GRA_MONIT01_v1","post_event_date":"2026-08-28","method":"Photo-interpretation"},"geometry":{"type":"MultiLineString","coordinates":[[[85.1159042,27.8707679],[85.1164683,27.8701778]]]}},{"type":"Feature","properties":{"grade":"No visible damage","kind":"road","name":null,"aoi":"AOI03","locality":"Bidur","product":"EMSR927_AOI03_GRA_MONIT01_v1","post_event_date":"2026-08-28","method":"Photo-interpretation"},"geometry":{"type":"MultiLineString","coordinates":[[[85.12028001,27.87140669],[85.1203079,27.8712687],[85.1204262,27.8707181],[85.1205069,27.8703664],[85.1205239,27.8702316],[85.1205281,27.8699808],[85.1205048,27.8697879]]]}},{"type":"Feature","properties":{"grade":"Destroyed","kind":"road","name":null,"aoi":"AOI03","locality":"Bidur","product":"EMSR927_AOI03_GRA_MONIT01_v1","post_event_date":"2026-08-28","method":"Photo-interpretation"},"geometry":{"type":"MultiLineString","coordinates":[[[85.1157473,27.870932],[85.1159042,27.8707679]]]}},{"type":"Feature","properties":{"grade":"Possibly damaged","kind":"road","name":null,"aoi":"AOI03","locality":"Bidur","product":"EMSR927_AOI03_GRA_MONIT01_v1","post_event_date":"2026-08-28","method":"Photo-interpretation"},"geometry":{"type":"MultiLineString","coordinates":[[[85.11883813,27.87042558],[85.1190288,27.8705244],[85.1191926,27.8706528],[85.119336,27.8708564],[85.1195124,27.8711137],[85.1196328,27.8712196],[85.1198414,27.8713297]]]}},{"type":"Feature","properties":{"grade":"No visible damage","kind":"road","name":null,"aoi":"AOI03","locality":"Bidur","product":"EMSR927_AOI03_GRA_MONIT01_v1","post_event_date":"2026-08-28","method":"Photo-interpretation"},"geometry":{"type":"MultiLineString","coordinates":[[[85.1198414,27.8713297],[85.1199412,27.8713174],[85.1200193,27.8712499],[85.120118,27.8712333],[85.1203079,27.8712687],[85.120432,27.8712954],[85.1205407,27.8713191],[85.1207878,27.8713709],[85.1210047,27.8713975],[85.12122,27.8714709],[85.1215663,27.8716399],[85.1219836,27.8718661],[85.1220992,27.871935],[85.1221973,27.8720297],[85.1222935,27.8721405],[85.1223581,27.8721828],[85.1223995,27.8721888],[85.1225482,27.8721679],[85.1228577,27.8720776],[85.123132,27.871962],[85.123317,27.8718351],[85.1234606,27.8717872],[85.1237221,27.8718097],[85.1237509,27.8717054],[85.1237509,27.8715165],[85.1237381,27.8712204],[85.123652,27.8708932],[85.1235403,27.8707325],[85.1232628,27.8704872],[85.1229789,27.8702418],[85.1227747,27.8700162],[85.1226886,27.8698668],[85.1227069,27.8696596]]]}},{"type":"Feature","properties":{"grade":"Destroyed","kind":"road","name":null,"aoi":"AOI03","locality":"Bidur","product":"EMSR927_AOI03_GRA_MONIT01_v1","post_event_date":"2026-08-28","method":"Photo-interpretation"},"geometry":{"type":"MultiLineString","coordinates":[[[85.1178416,27.8707171],[85.1179796,27.870814],[85.1182521,27.8709392],[85.1185176,27.8710518],[85.118691,27.8711269],[85.1187547,27.87113],[85.1189281,27.8711676],[85.1192077,27.8712771],[85.1194625,27.871518],[85.1196324,27.8716337],[85.1197116,27.8716818],[85.1198014,27.8717667],[85.1200244,27.8718962],[85.1201226,27.871974]]]}},{"type":"Feature","properties":{"grade":"Possibly damaged","kind":"road","name":null,"aoi":"AOI03","locality":"Bidur","product":"EMSR927_AOI03_GRA_MONIT01_v1","post_event_date":"2026-08-28","method":"Photo-interpretation"},"geometry":{"type":"MultiLineString","coordinates":[[[85.1198414,27.8713297],[85.1202472,27.871569],[85.12027744,27.87158408]]]}},{"type":"Feature","properties":{"grade":"Possibly damaged","kind":"road","name":null,"aoi":"AOI03","locality":"Bidur","product":"EMSR927_AOI03_GRA_MONIT01_v1","post_event_date":"2026-08-28","method":"Photo-interpretation"},"geometry":{"type":"MultiLineString","coordinates":[[[85.12066156,27.87165462],[85.1205443,27.8714677],[85.1205269,27.8713772],[85.1205407,27.8713191]]]}},{"type":"Feature","properties":{"grade":"Possibly damaged","kind":"road","name":null,"aoi":"AOI03","locality":"Bidur","product":"EMSR927_AOI03_GRA_MONIT01_v1","post_event_date":"2026-08-28","method":"Photo-interpretation"},"geometry":{"type":"MultiLineString","coordinates":[[[85.12024339,27.87158306],[85.1202472,27.871569],[85.12028001,27.87140669]]]}},{"type":"Feature","properties":{"grade":"Destroyed","kind":"road","name":null,"aoi":"AOI03","locality":"Bidur","product":"EMSR927_AOI03_GRA_MONIT01_v1","post_event_date":"2026-08-28","method":"Photo-interpretation"},"geometry":{"type":"MultiLineString","coordinates":[[[85.120185,27.8717985],[85.12024339,27.87158306]]]}},{"type":"Feature","properties":{"grade":"Destroyed","kind":"road","name":null,"aoi":"AOI03","locality":"Bidur","product":"EMSR927_AOI03_GRA_MONIT01_v1","post_event_date":"2026-08-28","method":"Photo-interpretation"},"geometry":{"type":"MultiLineString","coordinates":[[[85.12027744,27.87158408],[85.1205586,27.8717243],[85.1207739,27.8718337]]]}},{"type":"Feature","properties":{"grade":"Destroyed","kind":"road","name":null,"aoi":"AOI03","locality":"Bidur","product":"EMSR927_AOI03_GRA_MONIT01_v1","post_event_date":"2026-08-28","method":"Photo-interpretation"},"geometry":{"type":"MultiLineString","coordinates":[[[85.11542215,27.87252054],[85.1153239,27.8723158],[85.1151503,27.8720537],[85.1150084,27.871917],[85.1148961,27.8717729],[85.1148157,27.87161],[85.1147754,27.8714921],[85.1147966,27.8714285],[85.1149046,27.8713798],[85.1154213,27.8712038],[85.1157473,27.870932]]]}},{"type":"Feature","properties":{"grade":"Possibly damaged","kind":"road","name":null,"aoi":"AOI03","locality":"Bidur","product":"EMSR927_AOI03_GRA_MONIT01_v1","post_event_date":"2026-08-28","method":"Photo-interpretation"},"geometry":{"type":"MultiLineString","coordinates":[[[85.12122,27.8714709],[85.1212236,27.8715344],[85.1211772,27.8716594],[85.1211816,27.8718412],[85.1212302,27.8719663],[85.12122872,27.872019]]]}},{"type":"Feature","properties":{"grade":"Destroyed","kind":"road","name":null,"aoi":"AOI03","locality":"Bidur","product":"EMSR927_AOI03_GRA_MONIT01_v1","post_event_date":"2026-08-28","method":"Photo-interpretation"},"geometry":{"type":"MultiLineString","coordinates":[[[85.12092729,27.87189422],[85.1207739,27.8718337],[85.12066156,27.87165462]]]}},{"type":"Feature","properties":{"grade":"Possibly damaged","kind":"road","name":null,"aoi":"AOI03","locality":"Bidur","product":"EMSR927_AOI03_GRA_MONIT01_v1","post_event_date":"2026-08-28","method":"Photo-interpretation"},"geometry":{"type":"MultiLineString","coordinates":[[[85.12118942,27.87202008],[85.1210953,27.8719605],[85.12092729,27.87189422]]]}},{"type":"Feature","properties":{"grade":"Destroyed","kind":"road","name":null,"aoi":"AOI03","locality":"Bidur","product":"EMSR927_AOI03_GRA_MONIT01_v1","post_event_date":"2026-08-28","method":"Photo-interpretation"},"geometry":{"type":"MultiLineString","coordinates":[[[85.12122872,27.872019],[85.121228,27.8720445]]]}},{"type":"Feature","properties":{"grade":"Destroyed","kind":"road","name":null,"aoi":"AOI03","locality":"Bidur","product":"EMSR927_AOI03_GRA_MONIT01_v1","post_event_date":"2026-08-28","method":"Photo-interpretation"},"geometry":{"type":"MultiLineString","coordinates":[[[85.1213518,27.8721839],[85.1212766,27.872111],[85.121228,27.8720445],[85.12118942,27.87202008]]]}},{"type":"Feature","properties":{"grade":"Possibly damaged","kind":"road","name":null,"aoi":"AOI03","locality":"Bidur","product":"EMSR927_AOI03_GRA_MONIT01_v1","post_event_date":"2026-08-28","method":"Photo-interpretation"},"geometry":{"type":"MultiLineString","coordinates":[[[85.121594,27.8721336],[85.1217715,27.8721617],[85.1219236,27.8721799],[85.1220311,27.8721829],[85.1222211,27.8721927],[85.1223581,27.8721828]]]}},{"type":"Feature","properties":{"grade":"Destroyed","kind":"road","name":null,"aoi":"AOI03","locality":"Bidur","product":"EMSR927_AOI03_GRA_MONIT01_v1","post_event_date":"2026-08-28","method":"Photo-interpretation"},"geometry":{"type":"MultiLineString","coordinates":[[[85.1201226,27.871974],[85.1206926,27.8723224],[85.1209776,27.8724323],[85.1212923,27.8725589],[85.1215976,27.8726997],[85.121668,27.8727215],[85.121756,27.872733],[85.1218622,27.8727291],[85.1219453,27.8727372],[85.1220423,27.8727699],[85.1220844,27.8727615],[85.1221084,27.8727298],[85.1221002,27.8726927],[85.1220399,27.8726547],[85.1219615,27.8726183],[85.1217153,27.872449],[85.1214542,27.8723047],[85.1213785,27.8722444],[85.1213518,27.8721839],[85.1213739,27.8721383],[85.1214314,27.8721188],[85.1215264,27.8721229],[85.121594,27.8721336]]]}},{"type":"Feature","properties":{"grade":"Possibly damaged","kind":"road","name":null,"aoi":"AOI03","locality":"Bidur","product":"EMSR927_AOI03_GRA_MONIT01_v1","post_event_date":"2026-08-28","method":"Photo-interpretation"},"geometry":{"type":"MultiLineString","coordinates":[[[85.1158102,27.8729824],[85.1157114,27.8729279],[85.1155717,27.8727669],[85.1154658,27.8726115],[85.11542215,27.87252054]]]}},{"type":"Feature","properties":{"grade":"Possibly damaged","kind":"road","name":null,"aoi":"AOI03","locality":"Bidur","product":"EMSR927_AOI03_GRA_MONIT01_v1","post_event_date":"2026-08-28","method":"Photo-interpretation"},"geometry":{"type":"MultiLineString","coordinates":[[[85.1158102,27.8729824],[85.1158515,27.8729131],[85.1159419,27.8728864],[85.1161758,27.87295],[85.1164997,27.87309],[85.1169465,27.8732886],[85.1173341,27.873498],[85.117434,27.87358688]]]}},{"type":"Feature","properties":{"grade":"Destroyed","kind":"road","name":null,"aoi":"AOI03","locality":"Bidur","product":"EMSR927_AOI03_GRA_MONIT01_v1","post_event_date":"2026-08-28","method":"Photo-interpretation"},"geometry":{"type":"MultiLineString","coordinates":[[[85.117434,27.87358688],[85.11774789,27.87386614]]]}},{"type":"Feature","properties":{"grade":"Destroyed","kind":"road","name":null,"aoi":"AOI03","locality":"Bidur","product":"EMSR927_AOI03_GRA_MONIT01_v1","post_event_date":"2026-08-28","method":"Photo-interpretation"},"geometry":{"type":"MultiLineString","coordinates":[[[85.11774789,27.87386614],[85.1177728,27.8738883]]]}},{"type":"Feature","properties":{"grade":"Destroyed","kind":"road","name":null,"aoi":"AOI03","locality":"Bidur","product":"EMSR927_AOI03_GRA_MONIT01_v1","post_event_date":"2026-08-28","method":"Photo-interpretation"},"geometry":{"type":"MultiLineString","coordinates":[[[85.1177728,27.8738883],[85.11780443,27.87389199]]]}},{"type":"Feature","properties":{"grade":"Destroyed","kind":"road","name":null,"aoi":"AOI03","locality":"Bidur","product":"EMSR927_AOI03_GRA_MONIT01_v1","post_event_date":"2026-08-28","method":"Photo-interpretation"},"geometry":{"type":"MultiLineString","coordinates":[[[85.11780443,27.87389199],[85.1179787,27.8739123],[85.1181368,27.8739757],[85.1182827,27.8741349],[85.11837707,27.87422712]]]}},{"type":"Feature","properties":{"grade":"No visible damage","kind":"road","name":null,"aoi":"AOI03","locality":"Bidur","product":"EMSR927_AOI03_GRA_MONIT01_v1","post_event_date":"2026-08-28","method":"Photo-interpretation"},"geometry":{"type":"MultiLineString","coordinates":[[[85.11639,27.8752674],[85.1171396,27.875009],[85.1170903,27.8748299],[85.1168538,27.8746094],[85.1168071,27.8743545],[85.1165265,27.8740743],[85.1162043,27.8737459],[85.1159237,27.8734404],[85.1158489,27.873046],[85.1158102,27.8729824]]]}},{"type":"Feature","properties":{"grade":"No visible damage","kind":"road","name":null,"aoi":"AOI03","locality":"Bidur","product":"EMSR927_AOI03_GRA_MONIT01_v1","post_event_date":"2026-08-28","method":"Photo-interpretation"},"geometry":{"type":"MultiLineString","coordinates":[[[85.1136723,27.87332331],[85.1135665,27.873248],[85.1134215,27.8728299],[85.113387,27.8724271],[85.1134043,27.8722379],[85.1132593,27.8720823],[85.1130901,27.871945],[85.1130729,27.8715467],[85.1130258,27.871418],[85.1129891,27.8713895],[85.1130395,27.8711781],[85.11305826,27.87102017]]]}},{"type":"Feature","properties":{"grade":"No visible damage","kind":"road","name":null,"aoi":"AOI03","locality":"Bidur","product":"EMSR927_AOI03_GRA_MONIT01_v1","post_event_date":"2026-08-28","method":"Photo-interpretation"},"geometry":{"type":"MultiLineString","coordinates":[[[85.11265974,27.87455962],[85.1128444,27.8744483],[85.1130273,27.8743262],[85.1131136,27.8741828],[85.1130653,27.8740119],[85.1129652,27.8738532],[85.1128789,27.87378],[85.1128064,27.87378],[85.1127512,27.8738014],[85.1127512,27.8737464],[85.1127995,27.8733894],[85.112941,27.8730965],[85.1129652,27.8729653],[85.1129272,27.8727578],[85.1129963,27.872593],[85.1130515,27.8724099],[85.1130929,27.8722298],[85.1130411,27.8721322],[85.1129445,27.872004],[85.112979,27.8716562],[85.1129801,27.871527],[85.112977,27.8714414],[85.1129891,27.8713895]]]}},{"type":"Feature","properties":{"grade":"No visible damage","kind":"road","name":null,"aoi":"AOI03","locality":"Bidur","product":"EMSR927_AOI03_GRA_MONIT01_v1","post_event_date":"2026-08-28","method":"Photo-interpretation"},"geometry":{"type":"MultiLineString","coordinates":[[[85.11403148,27.87355584],[85.113815,27.8734249],[85.1136723,27.87332331]]]}},{"type":"Feature","properties":{"grade":"No visible damage","kind":"road","name":null,"aoi":"AOI03","locality":"Bidur","product":"EMSR927_AOI03_GRA_MONIT01_v1","post_event_date":"2026-08-28","method":"Photo-interpretation"},"geometry":{"type":"MultiLineString","coordinates":[[[85.1146221,27.87393158],[85.1145365,27.8738613],[85.11403148,27.87355584]]]}},{"type":"Feature","properties":{"grade":"No visible damage","kind":"road","name":null,"aoi":"AOI03","locality":"Bidur","product":"EMSR927_AOI03_GRA_MONIT01_v1","post_event_date":"2026-08-28","method":"Photo-interpretation"},"geometry":{"type":"MultiLineString","coordinates":[[[85.13836201,27.87820503],[85.1374559,27.8780077],[85.1367328,27.8778519],[85.1361127,27.8776408],[85.1358592,27.8775358],[85.1355575,27.8774443],[85.1341461,27.8767743],[85.1339431,27.876633],[85.1338755,27.8765329],[85.1337905,27.876381],[85.1336585,27.8762104],[85.1333803,27.8760248],[85.1329493,27.8758773],[85.1325451,27.8758389],[85.1322739,27.8757939],[85.1320346,27.8758061],[85.1319212,27.8758119],[85.1316444,27.87575],[85.1314237,27.8756348],[85.1311932,27.8754992],[85.1306016,27.8752846],[85.1304253,27.8751921],[85.1303478,27.8751091],[85.1302655,27.8749311],[85.1302024,27.8748547],[85.1298806,27.8747698],[85.1297859,27.8747044],[85.1296325,27.8744742],[85.1295445,27.8744033],[85.1291741,27.8742712],[85.1289833,27.8741509],[85.1286607,27.8740386],[85.1286033,27.8739677],[85.1284904,27.8737019],[85.128293,27.8734516],[85.1281613,27.8733484],[85.1279285,27.8732329],[85.1269398,27.8726454],[85.1267424,27.8725411],[85.1265785,27.8724194],[85.1262456,27.8721183],[85.1261134,27.8720432],[85.1256977,27.8717809],[85.1254128,27.8715675],[85.1251049,27.8713963],[85.1238404,27.8703518],[85.1235414,27.8701048],[85.1230696,27.8698862],[85.1230208,27.8698557],[85.1227069,27.8696596],[85.1222829,27.8693946],[85.1214968,27.8689034],[85.1211312,27.8687016],[85.1209142,27.8685912],[85.1208794,27.8685509],[85.1208352,27.8684969]]]}},{"type":"Feature","properties":{"grade":"Possibly damaged","kind":"road","name":null,"aoi":"AOI03","locality":"Bidur","product":"EMSR927_AOI03_GRA_MONIT01_v1","post_event_date":"2026-08-28","method":"Photo-interpretation"},"geometry":{"type":"MultiLineString","coordinates":[[[85.1281081,27.8745927],[85.1279295,27.8747676],[85.1277572,27.8749226],[85.1275754,27.8749903],[85.12755435,27.87499381]]]}},{"type":"Feature","properties":{"grade":"Destroyed","kind":"road","name":null,"aoi":"AOI03","locality":"Bidur","product":"EMSR927_AOI03_GRA_MONIT01_v1","post_event_date":"2026-08-28","method":"Photo-interpretation"},"geometry":{"type":"MultiLineString","coordinates":[[[85.12755435,27.87499381],[85.1274063,27.8750185],[85.1272245,27.8751623],[85.1270778,27.8753146]]]}},{"type":"Feature","properties":{"grade":"No visible damage","kind":"road","name":null,"aoi":"AOI03","locality":"Bidur","product":"EMSR927_AOI03_GRA_MONIT01_v1","post_event_date":"2026-08-28","method":"Photo-interpretation"},"geometry":{"type":"MultiLineString","coordinates":[[[85.1320346,27.8758061],[85.131939,27.8759011],[85.1315403,27.8758616],[85.1313011,27.8757826],[85.1310587,27.8756755],[85.1308737,27.8756501],[85.1307461,27.8756501],[85.1306312,27.8755824],[85.1304143,27.8755458],[85.1302676,27.8755091],[85.130089,27.8753738],[85.1299709,27.8752666],[85.1296775,27.8751933],[85.1293362,27.8749931],[85.1290459,27.874807],[85.1288322,27.8747253],[85.1285929,27.8746181],[85.1283282,27.8745589],[85.1281081,27.8745927]]]}},{"type":"Feature","properties":{"grade":"No visible damage","kind":"road","name":null,"aoi":"AOI03","locality":"Bidur","product":"EMSR927_AOI03_GRA_MONIT01_v1","post_event_date":"2026-08-28","method":"Photo-interpretation"},"geometry":{"type":"MultiLineString","coordinates":[[[85.1281212,27.8784787],[85.1284055,27.8783697],[85.1285396,27.8782417],[85.1287327,27.8781516],[85.128899,27.8782132],[85.1291136,27.8783981],[85.1293443,27.8785973],[85.1296608,27.8788296],[85.1299964,27.879067],[85.1302342,27.8790355],[85.1304964,27.8789149],[85.1310019,27.8786329],[85.131245,27.8785254],[85.1315583,27.8784449]]]}},{"type":"Feature","properties":{"grade":"Possibly damaged","kind":"road","name":null,"aoi":"AOI03","locality":"Bidur","product":"EMSR927_AOI03_GRA_MONIT01_v1","post_event_date":"2026-08-28","method":"Photo-interpretation"},"geometry":{"type":"MultiLineString","coordinates":[[[85.12793841,27.87932761],[85.1279549,27.879171],[85.1280139,27.878602],[85.1281212,27.8784787]]]}},{"type":"Feature","properties":{"grade":"Destroyed","kind":"road","name":null,"aoi":"AOI03","locality":"Bidur","product":"EMSR927_AOI03_GRA_MONIT01_v1","post_event_date":"2026-08-28","method":"Photo-interpretation"},"geometry":{"type":"MultiLineString","coordinates":[[[85.1274266,27.8810476],[85.1271356,27.8807931],[85.1268621,27.8801862],[85.1267767,27.8796105],[85.1267601,27.8794986],[85.1265295,27.8785835],[85.1263632,27.8784649]]]}},{"type":"Feature","properties":{"grade":"Destroyed","kind":"road","name":null,"aoi":"AOI03","locality":"Bidur","product":"EMSR927_AOI03_GRA_MONIT01_v1","post_event_date":"2026-08-28","method":"Photo-interpretation"},"geometry":{"type":"MultiLineString","coordinates":[[[85.1270778,27.8753146],[85.1268928,27.8754358],[85.1268622,27.8755058],[85.1268226,27.8755965],[85.1268417,27.8757488],[85.1270108,27.8761097],[85.1270044,27.876386],[85.1267685,27.8764707],[85.1271379,27.8778862],[85.1273253,27.8803127],[85.1274266,27.8810476],[85.1275526,27.8812026],[85.12787,27.8814191],[85.1280102,27.8816341],[85.128096,27.8816917],[85.128205,27.881765],[85.1283949,27.8819819],[85.1285923,27.8821038],[85.1288586,27.8822188],[85.1292709,27.8826495],[85.1294919,27.8829023],[85.1298591,27.8831711],[85.1302974,27.8833583],[85.1317566,27.8842174],[85.1318596,27.8842211],[85.1319345,27.8841933],[85.1321368,27.88405402]]]}},{"type":"Feature","properties":{"grade":"No visible damage","kind":"road","name":null,"aoi":"AOI03","locality":"Bidur","product":"EMSR927_AOI03_GRA_MONIT01_v1","post_event_date":"2026-08-28","method":"Photo-interpretation"},"geometry":{"type":"MultiLineString","coordinates":[[[85.14030263,27.8796594],[85.1401369,27.8801817],[85.1401864,27.8808699],[85.140236,27.8818147],[85.1404554,27.8822088]]]}},{"type":"Feature","properties":{"grade":"No visible damage","kind":"road","name":null,"aoi":"AOI03","locality":"Bidur","product":"EMSR927_AOI03_GRA_MONIT01_v1","post_event_date":"2026-08-28","method":"Photo-interpretation"},"geometry":{"type":"MultiLineString","coordinates":[[[85.1361432,27.8826022],[85.1365059,27.8824539],[85.1368117,27.8822737],[85.1370156,27.8821315],[85.1369566,27.8819513],[85.1368064,27.8815293],[85.136522,27.8810172],[85.1362485,27.8805952],[85.1360901,27.8800904]]]}},{"type":"Feature","properties":{"grade":"No visible damage","kind":"road","name":null,"aoi":"AOI03","locality":"Bidur","product":"EMSR927_AOI03_GRA_MONIT01_v1","post_event_date":"2026-08-28","method":"Photo-interpretation"},"geometry":{"type":"MultiLineString","coordinates":[[[85.1326593,27.8836481],[85.1327935,27.8834016],[85.1333463,27.8827743],[85.1334372,27.8826429],[85.1334936,27.8825169],[85.1335284,27.882439],[85.1336413,27.8823475],[85.133872,27.8821247],[85.1339464,27.8820979],[85.1339736,27.8820881],[85.1340705,27.8820109],[85.1341052,27.8819752],[85.1342579,27.8818179],[85.1345208,27.8817183],[85.1346656,27.8815666],[85.1348158,27.8814717],[85.1348602,27.8814432],[85.1349929,27.8813579],[85.1350468,27.8812522],[85.1351109,27.8810877],[85.1352399,27.8804745],[85.1352986,27.8803954],[85.1354073,27.8801714],[85.1354663,27.8801251],[85.1355762,27.8800915],[85.135819,27.8800824],[85.1359695,27.8800822],[85.1360406,27.8800798],[85.1360901,27.8800904],[85.1362159,27.8800635],[85.136566,27.8799757],[85.1366948,27.8799805],[85.1367739,27.8800871],[85.1371818,27.8803655],[85.1372781,27.880476],[85.13738,27.880604],[85.1379017,27.8810289],[85.1379489,27.8810673],[85.1380938,27.8811479],[85.1385548,27.8813722],[85.1387134,27.8814338]]]}},{"type":"Feature","properties":{"grade":"No visible damage","kind":"road","name":null,"aoi":"AOI03","locality":"Bidur","product":"EMSR927_AOI03_GRA_MONIT01_v1","post_event_date":"2026-08-28","method":"Photo-interpretation"},"geometry":{"type":"MultiLineString","coordinates":[[[85.1418124,27.8866104],[85.1416481,27.8864285],[85.1415721,27.8863447],[85.1415058,27.886309],[85.1406258,27.8850702],[85.1404844,27.8848788],[85.1401829,27.8845256],[85.1400603,27.8843632],[85.1399501,27.8840424],[85.139843,27.8837025],[85.1397612,27.8833466],[85.1396612,27.883164],[85.1395894,27.8830601],[85.1395113,27.8829471],[85.1393003,27.8825204],[85.1388915,27.8816941],[85.1387134,27.8814338],[85.1380069,27.8802311],[85.1379406,27.8800409],[85.1378883,27.8799226],[85.1377754,27.8798185],[85.1376917,27.879695],[85.1376386,27.8795599],[85.137571,27.8794027],[85.1374141,27.8791968],[85.1373111,27.8790233],[85.1372467,27.8789157],[85.1370944,27.8788374],[85.1370276,27.8787485],[85.1369806,27.8786056],[85.136927,27.8783886],[85.1368517,27.8782134],[85.1367328,27.8778519]]]}},{"type":"Feature","properties":{"grade":"No visible damage","kind":"road","name":null,"aoi":"AOI03","locality":"Bidur","product":"EMSR927_AOI03_GRA_MONIT01_v1","post_event_date":"2026-08-28","method":"Photo-interpretation"},"geometry":{"type":"MultiLineString","coordinates":[[[85.14339335,27.88246915],[85.1430203,27.8824541],[85.1413949,27.8821649],[85.1410469,27.8821202],[85.1404554,27.8822088],[85.1403806,27.8831073],[85.1397612,27.8833466]]]}},{"type":"Feature","properties":{"grade":"No visible damage","kind":"road","name":null,"aoi":"AOI03","locality":"Bidur","product":"EMSR927_AOI03_GRA_MONIT01_v1","post_event_date":"2026-08-28","method":"Photo-interpretation"},"geometry":{"type":"MultiLineString","coordinates":[[[85.1423276,27.884021],[85.1421145,27.8836824],[85.1419586,27.883472],[85.1418436,27.8834003],[85.1411965,27.8832749],[85.1411167,27.8832746],[85.1410308,27.8832984],[85.1408992,27.8833699],[85.1407193,27.8835187]]]}},{"type":"Feature","properties":{"grade":"No visible damage","kind":"road","name":null,"aoi":"AOI03","locality":"Bidur","product":"EMSR927_AOI03_GRA_MONIT01_v1","post_event_date":"2026-08-28","method":"Photo-interpretation"},"geometry":{"type":"MultiLineString","coordinates":[[[85.1403806,27.8831073],[85.1401542,27.883005],[85.1399876,27.8829942],[85.1399027,27.882947],[85.1395894,27.8830601],[85.1392842,27.8831703],[85.1374577,27.8838406],[85.1371982,27.8839262],[85.1369265,27.8840607],[85.1368804,27.8840983],[85.1359768,27.8845473]]]}},{"type":"Feature","properties":{"grade":"No visible damage","kind":"road","name":null,"aoi":"AOI03","locality":"Bidur","product":"EMSR927_AOI03_GRA_MONIT01_v1","post_event_date":"2026-08-28","method":"Photo-interpretation"},"geometry":{"type":"MultiLineString","coordinates":[[[85.1374225,27.8848223],[85.1373249,27.8847717],[85.1372811,27.8846171],[85.1368804,27.8840983]]]}},{"type":"Feature","properties":{"grade":"No visible damage","kind":"road","name":null,"aoi":"AOI03","locality":"Bidur","product":"EMSR927_AOI03_GRA_MONIT01_v1","post_event_date":"2026-08-28","method":"Photo-interpretation"},"geometry":{"type":"MultiLineString","coordinates":[[[85.1401123,27.8858618],[85.1399612,27.8857643],[85.1396542,27.8857],[85.1395568,27.8855592],[85.1393109,27.8856155],[85.1388288,27.8850421],[85.13841,27.8845044],[85.1387694,27.8843408],[85.1389251,27.8840639],[85.139843,27.8837025]]]}},{"type":"Feature","properties":{"grade":"No visible damage","kind":"road","name":null,"aoi":"AOI03","locality":"Bidur","product":"EMSR927_AOI03_GRA_MONIT01_v1","post_event_date":"2026-08-28","method":"Photo-interpretation"},"geometry":{"type":"MultiLineString","coordinates":[[[85.1418124,27.8866104],[85.1418657,27.8865278],[85.1417363,27.8862119],[85.141687,27.8860703],[85.1416326,27.8858763],[85.1415969,27.885749],[85.1415145,27.8854548],[85.141419,27.8851416],[85.1412341,27.8844363],[85.1409722,27.8839434],[85.1407193,27.8835187],[85.1406949,27.8834777],[85.1403806,27.8831073]]]}},{"type":"Feature","properties":{"grade":"No visible damage","kind":"road","name":null,"aoi":"AOI03","locality":"Bidur","product":"EMSR927_AOI03_GRA_MONIT01_v1","post_event_date":"2026-08-27","method":"Photo-interpretation"},"geometry":{"type":"MultiLineString","coordinates":[[[85.13841,27.8845044],[85.1383563,27.8845298],[85.1381571,27.8845625],[85.137893,27.8846499],[85.1377424,27.8847049],[85.1376485,27.8847543],[85.1374225,27.8848223],[85.1372371,27.8848657],[85.1368787,27.8851202],[85.1365916,27.8852921],[85.1365945,27.8854285],[85.1366585,27.8855624]]]}},{"type":"Feature","properties":{"grade":"No visible damage","kind":"road","name":null,"aoi":"AOI03","locality":"Bidur","product":"EMSR927_AOI03_GRA_MONIT01_v1","post_event_date":"2026-08-27","method":"Photo-interpretation"},"geometry":{"type":"MultiLineString","coordinates":[[[85.1380259,27.885637],[85.1376482,27.8851653],[85.1374225,27.8848223]]]}},{"type":"Feature","properties":{"grade":"No visible damage","kind":"road","name":null,"aoi":"AOI03","locality":"Bidur","product":"EMSR927_AOI03_GRA_MONIT01_v1","post_event_date":"2026-08-27","method":"Photo-interpretation"},"geometry":{"type":"MultiLineString","coordinates":[[[85.14910465,27.89257278],[85.14904726,27.89255062],[85.1489521,27.89244064],[85.14886442,27.89238699],[85.14875086,27.89236672],[85.14866223,27.89236928],[85.14844559,27.89245633],[85.14831459,27.89246956],[85.14818818,27.89246037],[85.14804177,27.89238718],[85.14790469,27.89226165],[85.14777617,27.89212873],[85.14761321,27.89203658],[85.14734896,27.89194682],[85.14718946,27.8918997],[85.14700137,27.89188857]]]}},{"type":"Feature","properties":{"grade":"No visible damage","kind":"road","name":null,"aoi":"AOI03","locality":"Bidur","product":"EMSR927_AOI03_GRA_MONIT01_v1","post_event_date":"2026-08-27","method":"Photo-interpretation"},"geometry":{"type":"MultiLineString","coordinates":[[[85.1492692,27.8942032],[85.1491259,27.8939491],[85.1490784,27.8937168],[85.1490757,27.8935346],[85.1491337,27.8932563],[85.1491619,27.8932112],[85.1492411,27.8931536],[85.1492657,27.8930945],[85.1492147,27.8930277],[85.149088,27.8930184],[85.148986,27.8930806],[85.1488769,27.8932485],[85.1487731,27.8933464],[85.1487221,27.8935968],[85.1486464,27.8936652],[85.1485497,27.8937196],[85.1484546,27.8937165],[85.1483913,27.8936652],[85.1483546,27.8935599]]]}},{"type":"Feature","properties":{"grade":"No visible damage","kind":"road","name":null,"aoi":"AOI03","locality":"Bidur","product":"EMSR927_AOI03_GRA_MONIT01_v1","post_event_date":"2026-08-28","method":"Photo-interpretation"},"geometry":{"type":"MultiLineString","coordinates":[[[85.1429954,27.8851396],[85.1426546,27.8845781],[85.1424994,27.8842976],[85.1423276,27.884021]]]}},{"type":"Feature","properties":{"grade":"No visible damage","kind":"road","name":null,"aoi":"AOI03","locality":"Bidur","product":"EMSR927_AOI03_GRA_MONIT01_v1","post_event_date":"2026-08-27","method":"Photo-interpretation"},"geometry":{"type":"MultiLineString","coordinates":[[[85.142789,27.8854695],[85.1428529,27.8856157]]]}},{"type":"Feature","properties":{"grade":"No visible damage","kind":"road","name":null,"aoi":"AOI03","locality":"Bidur","product":"EMSR927_AOI03_GRA_MONIT01_v1","post_event_date":"2026-08-27","method":"Photo-interpretation"},"geometry":{"type":"MultiLineString","coordinates":[[[85.1415914,27.8933371],[85.1418151,27.8932322],[85.141834,27.8931925],[85.141855,27.8931483],[85.1419493,27.892605],[85.1419646,27.892544],[85.1419875,27.8924525],[85.1421392,27.8919341],[85.1422337,27.8918167],[85.1424401,27.8916663],[85.1429618,27.8915392],[85.1437607,27.8914253],[85.143692,27.8910805],[85.1436408,27.8909168],[85.1434976,27.8905067],[85.1430914,27.8895909],[85.1430027,27.889391],[85.1427447,27.8887562],[85.1427408,27.8887439],[85.1425835,27.8882519],[85.1423628,27.8879255],[85.1422482,27.8876979],[85.1421822,27.8875344],[85.1421574,27.887473],[85.1419167,27.8867548],[85.1418124,27.8866104]]]}},{"type":"Feature","properties":{"grade":"No visible damage","kind":"road","name":"Battar Purano Bazzar","aoi":"AOI03","locality":"Bidur","product":"EMSR927_AOI03_GRA_MONIT01_v1","post_event_date":"2026-08-27","method":"Photo-interpretation"},"geometry":{"type":"MultiLineString","coordinates":[[[85.1457522,27.8960305],[85.1457424,27.8959358],[85.1457448,27.8958416],[85.1457483,27.8957421],[85.1457703,27.8956555],[85.1458508,27.8955583],[85.1460211,27.8953781],[85.1461605,27.8952489],[85.146233,27.8951446],[85.1462718,27.895071],[85.1463161,27.8949431],[85.146312,27.8948458],[85.1463067,27.8946942],[85.1463004,27.8945985],[85.1462973,27.8944951],[85.1462933,27.8942047],[85.146288,27.8941217],[85.146296,27.8940825],[85.1463635,27.8939555],[85.146466,27.8937109],[85.1465024,27.8936218],[85.1465389,27.8935221],[85.1466366,27.8930907],[85.1466813,27.8926546],[85.1467305,27.8925643],[85.1467814,27.8925085],[85.1468268,27.8924778],[85.1468518,27.8924405],[85.1469946,27.8919142],[85.14700137,27.89188857],[85.1470606,27.8916643],[85.1470765,27.8915828],[85.1470765,27.8915129],[85.1470755,27.891445],[85.1469626,27.8912746],[85.146921,27.8911775],[85.1469037,27.891112],[85.1469113,27.8909954],[85.1469263,27.8908444],[85.146901,27.8907375],[85.1467259,27.8904145],[85.146516,27.8900763],[85.1463295,27.8898076],[85.1461726,27.8896733],[85.1461069,27.8896176],[85.1460747,27.8895699],[85.1459621,27.8892027],[85.1458411,27.8888817],[85.1455483,27.8883547],[85.1452274,27.8876756],[85.1447564,27.8869541],[85.1445311,27.8866174],[85.1443405,27.8863103],[85.1440792,27.8858303],[85.1439102,27.885553],[85.143878,27.8855091],[85.1438477,27.8855035],[85.1437737,27.8855246],[85.1435546,27.88562],[85.1433375,27.8857106],[85.1433067,27.8857083],[85.1432702,27.8856551],[85.1429954,27.8851396]]]}},{"type":"Feature","properties":{"grade":"No visible damage","kind":"road","name":"Aapghari Road","aoi":"AOI03","locality":"Bidur","product":"EMSR927_AOI03_GRA_MONIT01_v1","post_event_date":"2026-08-27","method":"Photo-interpretation"},"geometry":{"type":"MultiLineString","coordinates":[[[85.14700137,27.89188857],[85.14688157,27.89184425],[85.1461681,27.8915999],[85.1459755,27.8915022],[85.1459272,27.8914856],[85.1457724,27.8914385],[85.1456638,27.891401],[85.1454181,27.8912849],[85.1453403,27.8912578],[85.1452138,27.8912592],[85.1449195,27.8913038],[85.1445459,27.8913387],[85.1443179,27.8913268],[85.1442227,27.8913304],[85.1441788,27.891337],[85.1440175,27.8913718],[85.1438981,27.891405],[85.1437607,27.8914253],[85.1436996,27.8914548],[85.1436876,27.8914844],[85.1436822,27.8915307],[85.1436956,27.8915639],[85.1437305,27.8916054],[85.1439155,27.8916812],[85.1439424,27.8917085],[85.1439679,27.8917571],[85.143992,27.8918898],[85.1441183,27.8926312],[85.1442615,27.8937128],[85.1442938,27.8938669],[85.1443407,27.8940163],[85.144456,27.8943054],[85.1446315,27.8948104],[85.144692,27.8949845],[85.1447967,27.8952264],[85.1449347,27.89548],[85.1450314,27.8956377],[85.145181,27.8958268],[85.1453894,27.8961212],[85.1454837,27.8962087],[85.1455514,27.8962723],[85.1455986,27.8964068]]]}},{"type":"Feature","properties":{"grade":"No visible damage","kind":"road","name":null,"aoi":"AOI03","locality":"Bidur","product":"EMSR927_AOI03_GRA_MONIT01_v1","post_event_date":"2026-08-27","method":"Photo-interpretation"},"geometry":{"type":"MultiLineString","coordinates":[[[85.1377424,27.8847049],[85.1379715,27.8850125],[85.1380243,27.88509],[85.1382844,27.8854153],[85.138341,27.8854873],[85.138158,27.8855295],[85.1380885,27.8855792],[85.1380259,27.885637],[85.1381945,27.8858632]]]}},{"type":"Feature","properties":{"grade":"No visible damage","kind":"road","name":null,"aoi":"AOI03","locality":"Bidur","product":"EMSR927_AOI03_GRA_MONIT01_v1","post_event_date":"2026-08-28","method":"Photo-interpretation"},"geometry":{"type":"MultiLineString","coordinates":[[[85.1425033,27.8849052],[85.1427105,27.8852965],[85.1428123,27.8854386],[85.142789,27.8854695],[85.1427394,27.885454],[85.1416326,27.8858763]]]}},{"type":"Feature","properties":{"grade":"No visible damage","kind":"road","name":null,"aoi":"AOI03","locality":"Bidur","product":"EMSR927_AOI03_GRA_MONIT01_v1","post_event_date":"2026-08-27","method":"Photo-interpretation"},"geometry":{"type":"MultiLineString","coordinates":[[[85.13855545,27.88974081],[85.13864995,27.88939422],[85.13866275,27.88918475],[85.13860998,27.88890257],[85.13852238,27.88869241],[85.13839537,27.88854144],[85.13819667,27.88837243],[85.13795951,27.88820717],[85.1377264,27.8880688]]]}},{"type":"Feature","properties":{"grade":"Destroyed","kind":"road","name":null,"aoi":"AOI03","locality":"Bidur","product":"EMSR927_AOI03_GRA_MONIT01_v1","post_event_date":"2026-08-27","method":"Photo-interpretation"},"geometry":{"type":"MultiLineString","coordinates":[[[85.1383865,27.8894003],[85.1382961,27.8891667],[85.1381373,27.8889438]]]}},{"type":"Feature","properties":{"grade":"Possibly damaged","kind":"road","name":null,"aoi":"AOI03","locality":"Bidur","product":"EMSR927_AOI03_GRA_MONIT01_v1","post_event_date":"2026-08-27","method":"Photo-interpretation"},"geometry":{"type":"MultiLineString","coordinates":[[[85.13852757,27.88981879],[85.1384175,27.8894804],[85.1383865,27.8894003]]]}},{"type":"Feature","properties":{"grade":"Destroyed","kind":"road","name":null,"aoi":"AOI03","locality":"Bidur","product":"EMSR927_AOI03_GRA_MONIT01_v1","post_event_date":"2026-08-27","method":"Photo-interpretation"},"geometry":{"type":"MultiLineString","coordinates":[[[85.136193,27.8908828],[85.1362079,27.890872],[85.1363005,27.8908045],[85.1363319,27.8906295],[85.1363348,27.8906192],[85.1364127,27.8902304],[85.1364672,27.8898963],[85.1364117,27.889624],[85.1362638,27.8894606],[85.1360666,27.8892917],[85.1357462,27.8891556],[85.135512,27.8890031]]]}},{"type":"Feature","properties":{"grade":"Possibly damaged","kind":"road","name":null,"aoi":"AOI03","locality":"Bidur","product":"EMSR927_AOI03_GRA_MONIT01_v1","post_event_date":"2026-08-27","method":"Photo-interpretation"},"geometry":{"type":"MultiLineString","coordinates":[[[85.13839379,27.89019866],[85.13841296,27.89013887],[85.1384549,27.89002208],[85.13852757,27.88981879],[85.13855545,27.88974081]]]}},{"type":"Feature","properties":{"grade":"Destroyed","kind":"road","name":null,"aoi":"AOI03","locality":"Bidur","product":"EMSR927_AOI03_GRA_MONIT01_v1","post_event_date":"2026-08-27","method":"Photo-interpretation"},"geometry":{"type":"MultiLineString","coordinates":[[[85.136193,27.8908828],[85.1360795,27.8908112],[85.1359373,27.8908325],[85.1356611,27.8910364],[85.1354438,27.8911099],[85.1352319,27.8910601],[85.1350701,27.8910055],[85.13501196,27.89094323]]]}},{"type":"Feature","properties":{"grade":"Destroyed","kind":"road","name":null,"aoi":"AOI03","locality":"Bidur","product":"EMSR927_AOI03_GRA_MONIT01_v1","post_event_date":"2026-08-27","method":"Photo-interpretation"},"geometry":{"type":"MultiLineString","coordinates":[[[85.1369994,27.8924753],[85.1373483,27.8916609],[85.1375147,27.8915139],[85.1378228,27.8914049],[85.13802769,27.89109395],[85.13812565,27.8908841],[85.1383095,27.89050712],[85.13835125,27.89033128],[85.13839379,27.89019866]]]}},{"type":"Feature","properties":{"grade":"Destroyed","kind":"road","name":null,"aoi":"AOI03","locality":"Bidur","product":"EMSR927_AOI03_GRA_MONIT01_v1","post_event_date":"2026-08-27","method":"Photo-interpretation"},"geometry":{"type":"MultiLineString","coordinates":[[[85.1358953,27.892215],[85.1357898,27.8921909],[85.1357898,27.8920534],[85.1359963,27.8914062],[85.136193,27.8908828]]]}},{"type":"Feature","properties":{"grade":"No visible damage","kind":"road","name":null,"aoi":"AOI03","locality":"Bidur","product":"EMSR927_AOI03_GRA_MONIT01_v1","post_event_date":"2026-08-27","method":"Photo-interpretation"},"geometry":{"type":"MultiLineString","coordinates":[[[85.1296878,27.8869256],[85.1299131,27.8870252],[85.1300445,27.8871983],[85.1302376,27.8875468],[85.1303261,27.8876511],[85.1308385,27.8878763],[85.1312676,27.8880825],[85.1319844,27.8883898],[85.1321926,27.8884739],[85.132335,27.8885386],[85.1326956,27.8886356],[85.1334626,27.8887441],[85.1343119,27.8892489],[85.1343495,27.8892963],[85.1343414,27.8896946],[85.1344192,27.8902328]]]}},{"type":"Feature","properties":{"grade":"Destroyed","kind":"road","name":null,"aoi":"AOI03","locality":"Bidur","product":"EMSR927_AOI03_GRA_MONIT01_v1","post_event_date":"2026-08-27","method":"Photo-interpretation"},"geometry":{"type":"MultiLineString","coordinates":[[[85.135512,27.8890031],[85.1343498,27.8883934]]]}},{"type":"Feature","properties":{"grade":"Possibly damaged","kind":"road","name":null,"aoi":"AOI03","locality":"Bidur","product":"EMSR927_AOI03_GRA_MONIT01_v1","post_event_date":"2026-08-27","method":"Photo-interpretation"},"geometry":{"type":"MultiLineString","coordinates":[[[85.1344192,27.8902328],[85.1344594,27.8903062],[85.1346788,27.8905864]]]}},{"type":"Feature","properties":{"grade":"Possibly damaged","kind":"road","name":null,"aoi":"AOI03","locality":"Bidur","product":"EMSR927_AOI03_GRA_MONIT01_v1","post_event_date":"2026-08-27","method":"Photo-interpretation"},"geometry":{"type":"MultiLineString","coordinates":[[[85.13501196,27.89094323],[85.1346788,27.8905864]]]}},{"type":"Feature","properties":{"grade":"Possibly damaged","kind":"road","name":null,"aoi":"AOI03","locality":"Bidur","product":"EMSR927_AOI03_GRA_MONIT01_v1","post_event_date":"2026-08-27","method":"Photo-interpretation"},"geometry":{"type":"MultiLineString","coordinates":[[[85.1346788,27.8905864],[85.13496442,27.89102438]]]}},{"type":"Feature","properties":{"grade":"Destroyed","kind":"road","name":null,"aoi":"AOI03","locality":"Bidur","product":"EMSR927_AOI03_GRA_MONIT01_v1","post_event_date":"2026-08-27","method":"Photo-interpretation"},"geometry":{"type":"MultiLineString","coordinates":[[[85.13496442,27.89102438],[85.135088,27.89121387]]]}},{"type":"Feature","properties":{"grade":"Destroyed","kind":"road","name":null,"aoi":"AOI03","locality":"Bidur","product":"EMSR927_AOI03_GRA_MONIT01_v1","post_event_date":"2026-08-27","method":"Photo-interpretation"},"geometry":{"type":"MultiLineString","coordinates":[[[85.135088,27.89121387],[85.1351291,27.8912769],[85.13521249,27.89144783]]]}},{"type":"Feature","properties":{"grade":"Destroyed","kind":"road","name":null,"aoi":"AOI03","locality":"Bidur","product":"EMSR927_AOI03_GRA_MONIT01_v1","post_event_date":"2026-08-27","method":"Photo-interpretation"},"geometry":{"type":"MultiLineString","coordinates":[[[85.13521249,27.89144783],[85.1353519,27.8917336],[85.13535993,27.89199106]]]}},{"type":"Feature","properties":{"grade":"Possibly damaged","kind":"road","name":null,"aoi":"AOI03","locality":"Bidur","product":"EMSR927_AOI03_GRA_MONIT01_v1","post_event_date":"2026-08-27","method":"Photo-interpretation"},"geometry":{"type":"MultiLineString","coordinates":[[[85.13535993,27.89199106],[85.1353681,27.8922532],[85.13555005,27.89262565]]]}},{"type":"Feature","properties":{"grade":"Destroyed","kind":"road","name":null,"aoi":"AOI03","locality":"Bidur","product":"EMSR927_AOI03_GRA_MONIT01_v1","post_event_date":"2026-08-27","method":"Photo-interpretation"},"geometry":{"type":"MultiLineString","coordinates":[[[85.13555005,27.89262565],[85.1355619,27.8926499],[85.135465,27.893629],[85.13538675,27.89380837]]]}},{"type":"Feature","properties":{"grade":"No visible damage","kind":"road","name":null,"aoi":"AOI03","locality":"Bidur","product":"EMSR927_AOI03_GRA_MONIT01_v1","post_event_date":"2026-08-27","method":"Photo-interpretation"},"geometry":{"type":"MultiLineString","coordinates":[[[85.1453721,27.8939939],[85.1456081,27.8939395]]]}},{"type":"Feature","properties":{"grade":"No visible damage","kind":"road","name":null,"aoi":"AOI03","locality":"Bidur","product":"EMSR927_AOI03_GRA_MONIT01_v1","post_event_date":"2026-08-27","method":"Photo-interpretation"},"geometry":{"type":"MultiLineString","coordinates":[[[85.145485,27.8943816],[85.1453721,27.8939939],[85.1452709,27.8936508]]]}},{"type":"Feature","properties":{"grade":"No visible damage","kind":"road","name":null,"aoi":"AOI03","locality":"Bidur","product":"EMSR927_AOI03_GRA_MONIT01_v1","post_event_date":"2026-08-27","method":"Photo-interpretation"},"geometry":{"type":"MultiLineString","coordinates":[[[85.1441188,27.896614],[85.1440105,27.8964687],[85.1439174,27.8963857],[85.1438444,27.8961781],[85.1437318,27.8960311],[85.1436781,27.8958936],[85.1436298,27.8957134],[85.1436137,27.895564],[85.1435753,27.8952079],[85.1435547,27.8950165],[85.1435545,27.8946908],[85.1435601,27.8945234],[85.1435547,27.8944286],[85.143526,27.8942617],[85.1435223,27.8942404],[85.1434378,27.8937231],[85.1434314,27.8936842],[85.1432494,27.89302],[85.1432044,27.8928558],[85.1430988,27.8924705],[85.1429618,27.8915392]]]}},{"type":"Feature","properties":{"grade":"No visible damage","kind":"road","name":null,"aoi":"AOI03","locality":"Bidur","product":"EMSR927_AOI03_GRA_MONIT01_v1","post_event_date":"2026-08-27","method":"Photo-interpretation"},"geometry":{"type":"MultiLineString","coordinates":[[[85.1458354,27.896271],[85.1456198,27.8962583],[85.1455678,27.8962825],[85.1455986,27.8964068]]]}},{"type":"Feature","properties":{"grade":"No visible damage","kind":"road","name":"Bhimsen Marg","aoi":"AOI03","locality":"Bidur","product":"EMSR927_AOI03_GRA_MONIT01_v1","post_event_date":"2026-08-27","method":"Photo-interpretation"},"geometry":{"type":"MultiLineString","coordinates":[[[85.14120323,27.8961605],[85.1416333,27.8962652],[85.142209,27.8963592],[85.1430722,27.8965615],[85.1439141,27.8966463],[85.1441188,27.896614],[85.1444718,27.8965662],[85.1448709,27.8965146],[85.1455986,27.8964068]]]}},{"type":"Feature","properties":{"grade":"No visible damage","kind":"road","name":"Battar Purano Bazzar","aoi":"AOI03","locality":"Bidur","product":"EMSR927_AOI03_GRA_MONIT01_v1","post_event_date":"2026-08-27","method":"Photo-interpretation"},"geometry":{"type":"MultiLineString","coordinates":[[[85.1464497,27.8968027],[85.1464067,27.8967714],[85.1462906,27.8966771],[85.1460117,27.8964353],[85.1459365,27.8963927],[85.1458354,27.896271],[85.1457522,27.8960305]]]}},{"type":"Feature","properties":{"grade":"No visible damage","kind":"road","name":"Film Hall Road","aoi":"AOI03","locality":"Bidur","product":"EMSR927_AOI03_GRA_MONIT01_v1","post_event_date":"2026-08-27","method":"Photo-interpretation"},"geometry":{"type":"MultiLineString","coordinates":[[[85.1455986,27.8964068],[85.1457381,27.8968917],[85.1457645,27.89694]]]}},{"type":"Feature","properties":{"grade":"No visible damage","kind":"road","name":"\u092d\u093f\u092e\u0938\u0947\u0928 \u092e\u093e\u0930\u094d\u0917 \u0926\u0947\u0916\u093f \u092e\u0927\u0941\u0938\u0941\u0926\u0928 \u0928\u0947\u092a\u093e\u0932\u0915\u094b \u0918\u0930 \u091c\u093e\u0928\u0947 \u092c\u093e\u091f\u094b","aoi":"AOI03","locality":"Bidur","product":"EMSR927_AOI03_GRA_MONIT01_v1","post_event_date":"2026-08-27","method":"Photo-interpretation"},"geometry":{"type":"MultiLineString","coordinates":[[[85.1448709,27.8965146],[85.1449193,27.8966965],[85.1449637,27.8968032],[85.1450759,27.8971235],[85.1451116,27.8971452]]]}},{"type":"Feature","properties":{"grade":"No visible damage","kind":"road","name":"Film Hall Road","aoi":"AOI03","locality":"Bidur","product":"EMSR927_AOI03_GRA_MONIT01_v1","post_event_date":"2026-08-27","method":"Photo-interpretation"},"geometry":{"type":"MultiLineString","coordinates":[[[85.1457645,27.89694],[85.145779,27.8969492],[85.1458092,27.896951],[85.146174,27.8968965],[85.1462585,27.8968905],[85.1463242,27.8969],[85.1464233,27.8969254]]]}},{"type":"Feature","properties":{"grade":"No visible damage","kind":"road","name":null,"aoi":"AOI03","locality":"Bidur","product":"EMSR927_AOI03_GRA_MONIT01_v1","post_event_date":"2026-08-28","method":"Photo-interpretation"},"geometry":{"type":"MultiLineString","coordinates":[[[85.1438011,27.89856235],[85.1439614,27.8986796],[85.1450876,27.8988187],[85.1454648,27.898829],[85.146284,27.8989695]]]}},{"type":"Feature","properties":{"grade":"Destroyed","kind":"road","name":null,"aoi":"AOI03","locality":"Bidur","product":"EMSR927_AOI03_GRA_MONIT01_v1","post_event_date":"2026-08-27","method":"Photo-interpretation"},"geometry":{"type":"MultiLineString","coordinates":[[[85.1373483,27.8916609],[85.1376811,27.8917807],[85.1382295,27.8921456]]]}},{"type":"Feature","properties":{"grade":"Destroyed","kind":"road","name":null,"aoi":"AOI03","locality":"Bidur","product":"EMSR927_AOI03_GRA_MONIT01_v1","post_event_date":"2026-08-27","method":"Photo-interpretation"},"geometry":{"type":"MultiLineString","coordinates":[[[85.1368841,27.8924312],[85.1358953,27.892215]]]}},{"type":"Feature","properties":{"grade":"Destroyed","kind":"road","name":null,"aoi":"AOI03","locality":"Bidur","product":"EMSR927_AOI03_GRA_MONIT01_v1","post_event_date":"2026-08-27","method":"Photo-interpretation"},"geometry":{"type":"MultiLineString","coordinates":[[[85.1369994,27.8924753],[85.1368841,27.8924312]]]}},{"type":"Feature","properties":{"grade":"Destroyed","kind":"road","name":"Sinchai Path","aoi":"AOI03","locality":"Bidur","product":"EMSR927_AOI03_GRA_MONIT01_v1","post_event_date":"2026-08-27","method":"Photo-interpretation"},"geometry":{"type":"MultiLineString","coordinates":[[[85.1379996,27.89650577],[85.1378417,27.896503],[85.137611,27.8964982],[85.1375279,27.8964887],[85.1373911,27.8964793],[85.1371818,27.8964531],[85.1370853,27.8963832],[85.1370048,27.8962634],[85.1369601,27.8961582],[85.1369243,27.8960738],[85.1367748,27.8955684],[85.1367741,27.8955096],[85.1366615,27.8949479],[85.1366213,27.8946231],[85.1366267,27.8944216],[85.1366937,27.894149],[85.1367903,27.8938716],[85.1368895,27.893471],[85.1369995,27.8930491],[85.1370209,27.8928452],[85.1370209,27.8926935],[85.1369941,27.8925678],[85.1369994,27.8924753]]]}},{"type":"Feature","properties":{"grade":"Destroyed","kind":"road","name":null,"aoi":"AOI03","locality":"Bidur","product":"EMSR927_AOI03_GRA_MONIT01_v1","post_event_date":"2026-08-27","method":"Photo-interpretation"},"geometry":{"type":"MultiLineString","coordinates":[[[85.1367748,27.8955684],[85.1371319,27.8955063],[85.1373708,27.8954483],[85.1374416,27.8952082],[85.1375654,27.8950569],[85.1377064,27.8949499],[85.1378337,27.8949076],[85.1379538,27.8949321],[85.1387374,27.8950991],[85.13876034,27.89510599]]]}},{"type":"Feature","properties":{"grade":"No visible damage","kind":"road","name":null,"aoi":"AOI03","locality":"Bidur","product":"EMSR927_AOI03_GRA_MONIT01_v1","post_event_date":"2026-08-27","method":"Photo-interpretation"},"geometry":{"type":"MultiLineString","coordinates":[[[85.13876034,27.89510599],[85.1388859,27.8951437],[85.1389731,27.8951332],[85.1390797,27.8951084],[85.1392814,27.895034],[85.1394196,27.894871],[85.1395118,27.8948221],[85.1396317,27.8949199],[85.1397607,27.895091],[85.1397285,27.8952784],[85.1395948,27.8956613],[85.1395026,27.8960972],[85.13946233,27.89629537],[85.13947536,27.89640742]]]}},{"type":"Feature","properties":{"grade":"Destroyed","kind":"road","name":null,"aoi":"AOI03","locality":"Bidur","product":"EMSR927_AOI03_GRA_MONIT01_v1","post_event_date":"2026-08-27","method":"Photo-interpretation"},"geometry":{"type":"MultiLineString","coordinates":[[[85.1369601,27.8961582],[85.1366954,27.8960443],[85.1365341,27.8958976],[85.1364373,27.8957306],[85.1363682,27.895421],[85.1363175,27.8952784],[85.1362806,27.895254]]]}},{"type":"Feature","properties":{"grade":"No visible damage","kind":"road","name":"Sinchai Path","aoi":"AOI03","locality":"Bidur","product":"EMSR927_AOI03_GRA_MONIT01_v1","post_event_date":"2026-08-27","method":"Photo-interpretation"},"geometry":{"type":"MultiLineString","coordinates":[[[85.1417524,27.8984088],[85.1416659,27.89831847],[85.14161325,27.89825813],[85.14150221,27.89814373],[85.14138707,27.89799813],[85.14133033,27.89792638],[85.14119824,27.89773364],[85.1411747,27.89769277],[85.1410439,27.89746572],[85.14096523,27.89721026],[85.14093516,27.89704322],[85.14093428,27.89698171],[85.14093321,27.89690582],[85.1409529,27.8967515],[85.14099907,27.8965872],[85.14117667,27.89622995],[85.14120323,27.8961605],[85.14135389,27.89576653],[85.14151118,27.89519123],[85.1415234,27.89503129],[85.14153932,27.89482284],[85.14156341,27.89437191],[85.1414761,27.893989],[85.1415914,27.8933371],[85.1415277,27.8932713],[85.1414131,27.8932263],[85.1412615,27.8932233],[85.14113,27.8932718],[85.1410329,27.8933152],[85.1409826,27.8933608],[85.1409658,27.8934396],[85.1409476,27.8934615],[85.1409745,27.8939048],[85.1409531,27.8941798],[85.1409423,27.8944998],[85.1409262,27.8948328],[85.140827,27.8951992],[85.1406929,27.8955097],[85.1403683,27.896062],[85.1402342,27.8961829],[85.1401573,27.89621422],[85.1399955,27.8962801],[85.13966846,27.89634102],[85.13947536,27.89640742],[85.1391808,27.89645836],[85.1386517,27.8965172],[85.1379996,27.89650577]]]}},{"type":"Feature","properties":{"grade":"Destroyed","kind":"road","name":null,"aoi":"AOI03","locality":"Bidur","product":"EMSR927_AOI03_GRA_MONIT01_v1","post_event_date":"2026-08-27","method":"Photo-interpretation"},"geometry":{"type":"MultiLineString","coordinates":[[[85.1375279,27.8964887],[85.1374722,27.896582],[85.1374645,27.8966636],[85.1374388,27.8967633],[85.1374619,27.8968789],[85.1375106,27.8969741],[85.1375901,27.897058],[85.1376209,27.8971464],[85.1376363,27.8972325],[85.1375978,27.8972824],[85.1375055,27.8973708],[85.137408,27.8974274],[85.1372875,27.8975113],[85.1372516,27.8975884],[85.1372413,27.897815],[85.137267,27.8979896],[85.1372875,27.8981505],[85.1373311,27.8983454],[85.1374209,27.8986038],[85.1374645,27.8987806],[85.1375183,27.8989982],[85.1375696,27.8990844],[85.1377286,27.8990798],[85.1378902,27.8990776],[85.1380672,27.8990458],[85.1382467,27.899039],[85.1383878,27.8989665],[85.1384442,27.8989733]]]}},{"type":"Feature","properties":{"grade":"No visible damage","kind":"road","name":null,"aoi":"AOI03","locality":"Bidur","product":"EMSR927_AOI03_GRA_MONIT01_v1","post_event_date":"2026-08-27","method":"Photo-interpretation"},"geometry":{"type":"MultiLineString","coordinates":[[[85.1409906,27.8989363],[85.1408939,27.8988926],[85.1407842,27.8988926],[85.1406355,27.8988832],[85.1404727,27.8988613],[85.1403701,27.8988426],[85.1403314,27.8988299],[85.1402462,27.8988019],[85.1401436,27.8987299],[85.1400232,27.8986361],[85.13993212,27.89854067],[85.13982836,27.8984448],[85.13971866,27.8983416],[85.13964641,27.89825918],[85.1395561,27.8981888],[85.1393862,27.8980512],[85.1393222,27.8980082]]]}},{"type":"Feature","properties":{"grade":"Destroyed","kind":"road","name":null,"aoi":"AOI03","locality":"Bidur","product":"EMSR927_AOI03_GRA_MONIT01_v1","post_event_date":"2026-08-28","method":"Photo-interpretation"},"geometry":{"type":"MultiLineString","coordinates":[[[85.11837707,27.87422712],[85.11842411,27.87427309]]]}},{"type":"Feature","properties":{"grade":"Destroyed","kind":"road","name":null,"aoi":"AOI03","locality":"Bidur","product":"EMSR927_AOI03_GRA_MONIT01_v1","post_event_date":"2026-08-28","method":"Photo-interpretation"},"geometry":{"type":"MultiLineString","coordinates":[[[85.11842411,27.87427309],[85.1185941,27.8744392],[85.1187298,27.87457854]]]}},{"type":"Feature","properties":{"grade":"Possibly damaged","kind":"road","name":null,"aoi":"AOI03","locality":"Bidur","product":"EMSR927_AOI03_GRA_MONIT01_v1","post_event_date":"2026-08-28","method":"Photo-interpretation"},"geometry":{"type":"MultiLineString","coordinates":[[[85.1187298,27.87457854],[85.1187506,27.8745999],[85.1189432,27.8748812],[85.1191595,27.8750629]]]}},{"type":"Feature","properties":{"grade":"No visible damage","kind":"road","name":null,"aoi":"AOI03","locality":"Bidur","product":"EMSR927_AOI03_GRA_MONIT01_v1","post_event_date":"2026-08-27","method":"Photo-interpretation"},"geometry":{"type":"MultiLineString","coordinates":[[[85.1191595,27.8750629],[85.1193338,27.875134],[85.1194165,27.8751755],[85.119643,27.8752855],[85.1197302,27.8754605],[85.1199516,27.8756219],[85.1199947,27.8757108],[85.1199741,27.8757669],[85.1198865,27.8759226],[85.1197842,27.8760362],[85.1197842,27.876325],[85.1196796,27.876558],[85.119518,27.8767776],[85.1193992,27.876923],[85.1193182,27.8770515]]]}},{"type":"Feature","properties":{"grade":"No visible damage","kind":"road","name":null,"aoi":"AOI03","locality":"Bidur","product":"EMSR927_AOI03_GRA_MONIT01_v1","post_event_date":"2026-08-27","method":"Photo-interpretation"},"geometry":{"type":"MultiLineString","coordinates":[[[85.1199834,27.8779283],[85.1197903,27.8778335],[85.1196187,27.8778572],[85.1194739,27.8777481],[85.1193988,27.8776059],[85.1192218,27.8775442],[85.1191843,27.8775158],[85.1192755,27.8773167],[85.1194958,27.8770666]]]}},{"type":"Feature","properties":{"grade":"No visible damage","kind":"road","name":null,"aoi":"AOI03","locality":"Bidur","product":"EMSR927_AOI03_GRA_MONIT01_v1","post_event_date":"2026-08-28","method":"Photo-interpretation"},"geometry":{"type":"MultiLineString","coordinates":[[[85.1235026,27.8837275],[85.1234754,27.8837019],[85.1234723,27.8836073],[85.1237852,27.8830667],[85.1239741,27.882658],[85.1237232,27.8821089],[85.1236222,27.8817248],[85.1235825,27.8815382],[85.1233208,27.881261],[85.1233316,27.8811596],[85.1234096,27.8810703],[85.1234657,27.8810426],[85.1235274,27.8810122],[85.1236544,27.8810324],[85.123893,27.8811839],[85.1239573,27.8811839],[85.1239772,27.8811528],[85.1242043,27.8805425],[85.1242389,27.8803168],[85.1242017,27.8801255],[85.1242153,27.8799071],[85.1242102,27.8796198],[85.1241526,27.8794414],[85.1237578,27.8793333],[85.123507,27.879339],[85.1233284,27.8793136],[85.1230811,27.8791565],[85.1227424,27.8790609],[85.1226284,27.879033],[85.1224685,27.878972],[85.1223415,27.8788777],[85.1221621,27.8788777],[85.1220655,27.8788121],[85.1220602,27.8787009],[85.1221433,27.8786418],[85.1224594,27.8787139],[85.1227511,27.8787804],[85.122961,27.8788059],[85.1230795,27.8788014],[85.1231041,27.8787371],[85.1230404,27.8786648],[85.1226494,27.8784362],[85.1224865,27.8783268],[85.1216496,27.8778155],[85.1215697,27.87769],[85.1215337,27.8775169],[85.1215198,27.8773918],[85.1214232,27.877288],[85.1212195,27.8771935],[85.1208605,27.8770806],[85.1203565,27.8770012],[85.120146,27.8769951],[85.120001,27.8770531],[85.1198871,27.8771172],[85.1197559,27.8770928],[85.1194958,27.8770666],[85.119391,27.8770561],[85.1193182,27.8770515],[85.1191725,27.8770378],[85.1189223,27.8769897],[85.1187134,27.876928],[85.1184509,27.8767787],[85.1182892,27.8766588],[85.118186,27.8765853],[85.1180729,27.8765443],[85.1179703,27.8765398],[85.1178517,27.876554],[85.1176813,27.8765588],[85.117412,27.8765191],[85.1171358,27.8763543],[85.1167734,27.8760889],[85.1165248,27.8757715],[85.1164351,27.8756281],[85.1164662,27.8753718],[85.11639,27.8752674],[85.1163281,27.8751826],[85.1159104,27.8748805],[85.1156653,27.8747523],[85.115579,27.8746882],[85.1154099,27.8747249],[85.1152545,27.8746699],[85.1151475,27.8745936],[85.1150854,27.8744289],[85.1149231,27.8741787],[85.1146221,27.87393158]]]}},{"type":"Feature","properties":{"grade":"No visible damage","kind":"road","name":null,"aoi":"AOI03","locality":"Bidur","product":"EMSR927_AOI03_GRA_MONIT01_v1","post_event_date":"2026-08-27","method":"Photo-interpretation"},"geometry":{"type":"MultiLineString","coordinates":[[[85.123242,27.883716],[85.12324934,27.88377557]]]}},{"type":"Feature","properties":{"grade":"Destroyed","kind":"road","name":null,"aoi":"AOI03","locality":"Bidur","product":"EMSR927_AOI03_GRA_MONIT01_v1","post_event_date":"2026-08-28","method":"Photo-interpretation"},"geometry":{"type":"MultiLineString","coordinates":[[[85.1273253,27.8803127],[85.1273809,27.8802048],[85.1278047,27.8799866],[85.1278905,27.8797827],[85.12793841,27.87932761]]]}},{"type":"Feature","properties":{"grade":"Destroyed","kind":"road","name":null,"aoi":"AOI03","locality":"Bidur","product":"EMSR927_AOI03_GRA_MONIT01_v1","post_event_date":"2026-08-28","method":"Photo-interpretation"},"geometry":{"type":"MultiLineString","coordinates":[[[85.1267767,27.8796105],[85.1266743,27.879565],[85.1265563,27.8796409],[85.1265777,27.8801625],[85.126626,27.880409]]]}},{"type":"Feature","properties":{"grade":"No visible damage","kind":"road","name":null,"aoi":"AOI03","locality":"Bidur","product":"EMSR927_AOI03_GRA_MONIT01_v1","post_event_date":"2026-08-27","method":"Photo-interpretation"},"geometry":{"type":"MultiLineString","coordinates":[[[85.1239772,27.8811528],[85.1238352,27.880854],[85.1234958,27.8807519],[85.1233521,27.8806556],[85.1227424,27.8790609]]]}},{"type":"Feature","properties":{"grade":"No visible damage","kind":"road","name":null,"aoi":"AOI03","locality":"Bidur","product":"EMSR927_AOI03_GRA_MONIT01_v1","post_event_date":"2026-08-28","method":"Photo-interpretation"},"geometry":{"type":"MultiLineString","coordinates":[[[85.1359768,27.8845473],[85.1357214,27.8842076],[85.1355873,27.8839764],[85.1352856,27.8836054],[85.1351756,27.8834714],[85.1349369,27.8832829],[85.1346512,27.8830708],[85.1342448,27.8828235]]]}},{"type":"Feature","properties":{"grade":"No visible damage","kind":"road","name":null,"aoi":"AOI03","locality":"Bidur","product":"EMSR927_AOI03_GRA_MONIT01_v1","post_event_date":"2026-08-27","method":"Photo-interpretation"},"geometry":{"type":"MultiLineString","coordinates":[[[85.1235026,27.8837275],[85.1234417,27.8837572],[85.1233582,27.8837757],[85.123242,27.883716],[85.12316156,27.88370989]]]}},{"type":"Feature","properties":{"grade":"Possibly damaged","kind":"road","name":null,"aoi":"AOI03","locality":"Bidur","product":"EMSR927_AOI03_GRA_MONIT01_v1","post_event_date":"2026-08-27","method":"Photo-interpretation"},"geometry":{"type":"MultiLineString","coordinates":[[[85.1321368,27.88405402],[85.1325631,27.8837605],[85.1326593,27.8836481]]]}},{"type":"Feature","properties":{"grade":"Destroyed","kind":"road","name":null,"aoi":"AOI03","locality":"Bidur","product":"EMSR927_AOI03_GRA_MONIT01_v1","post_event_date":"2026-08-27","method":"Photo-interpretation"},"geometry":{"type":"MultiLineString","coordinates":[[[85.1318596,27.8842211],[85.1319982,27.8843058],[85.1322685,27.8845656],[85.1323694,27.8846794],[85.132496,27.8848178],[85.1326311,27.8849354],[85.1327728,27.8850226],[85.1328414,27.8850644],[85.13291596,27.88511177]]]}},{"type":"Feature","properties":{"grade":"Possibly damaged","kind":"road","name":null,"aoi":"AOI03","locality":"Bidur","product":"EMSR927_AOI03_GRA_MONIT01_v1","post_event_date":"2026-08-27","method":"Photo-interpretation"},"geometry":{"type":"MultiLineString","coordinates":[[[85.13291596,27.88511177],[85.1329637,27.8851421],[85.1331461,27.885235]]]}},{"type":"Feature","properties":{"grade":"No visible damage","kind":"road","name":null,"aoi":"AOI03","locality":"Bidur","product":"EMSR927_AOI03_GRA_MONIT01_v1","post_event_date":"2026-08-27","method":"Photo-interpretation"},"geometry":{"type":"MultiLineString","coordinates":[[[85.1296878,27.8869256],[85.1292332,27.8868924],[85.1290722,27.8868628],[85.1287933,27.8866577],[85.1286007,27.8865726],[85.1283722,27.8865309],[85.1281281,27.8865428],[85.1278558,27.886608],[85.1275997,27.8867052],[85.1274884,27.8867312],[85.1273771,27.8867526],[85.1272778,27.8867277],[85.1272322,27.8866779],[85.1272295,27.886621],[85.1273435,27.8865025],[85.1275983,27.8862251],[85.1278639,27.8859145],[85.1278679,27.8858481],[85.1278035,27.8857414],[85.12735,27.8853815],[85.1268084,27.8850824],[85.1266435,27.8850302],[85.1263686,27.884965],[85.1256658,27.8847647],[85.125301,27.8845762],[85.1251253,27.884396],[85.1250849,27.883729],[85.1250489,27.8836682],[85.1249322,27.8836243],[85.1246734,27.8835603],[85.1241665,27.8835734],[85.1236601,27.8836072],[85.1235026,27.8837275]]]}},{"type":"Feature","properties":{"grade":"No visible damage","kind":"road","name":null,"aoi":"AOI03","locality":"Bidur","product":"EMSR927_AOI03_GRA_MONIT01_v1","post_event_date":"2026-08-27","method":"Photo-interpretation"},"geometry":{"type":"MultiLineString","coordinates":[[[85.1308385,27.8878763],[85.1308344,27.8877182],[85.1308881,27.8873768],[85.1306252,27.8865802],[85.1303495,27.8863423],[85.1301308,27.8861325]]]}},{"type":"Feature","properties":{"grade":"Possibly damaged","kind":"road","name":null,"aoi":"AOI03","locality":"Bidur","product":"EMSR927_AOI03_GRA_MONIT01_v1","post_event_date":"2026-08-27","method":"Photo-interpretation"},"geometry":{"type":"MultiLineString","coordinates":[[[85.13538675,27.89380837],[85.1351711,27.8943027],[85.1350193,27.894768],[85.1348481,27.8950049],[85.1350451,27.8953931],[85.13504726,27.89549459]]]}},{"type":"Feature","properties":{"grade":"No visible damage","kind":"road","name":null,"aoi":"AOI03","locality":"Bidur","product":"EMSR927_AOI03_GRA_MONIT01_v1","post_event_date":"2026-08-27","method":"Photo-interpretation"},"geometry":{"type":"MultiLineString","coordinates":[[[85.1349159,27.8959697],[85.13487202,27.89606648],[85.13477424,27.89609851],[85.13464539,27.89605622],[85.13464037,27.89587624],[85.1347947,27.8956705],[85.1347732,27.895405],[85.1346874,27.8952248],[85.1345372,27.89513],[85.1343334,27.8952532],[85.1341568,27.89564343]]]}},{"type":"Feature","properties":{"grade":"No visible damage","kind":"road","name":null,"aoi":"AOI03","locality":"Bidur","product":"EMSR927_AOI03_GRA_MONIT01_v1","post_event_date":"2026-08-28","method":"Photo-interpretation"},"geometry":{"type":"MultiLineString","coordinates":[[[85.13504726,27.89549459],[85.1350548,27.8958498],[85.1349159,27.8959697],[85.1349031,27.8961408],[85.1348322,27.8964519],[85.13453489,27.89677627],[85.13447979,27.89713427],[85.13444482,27.89742561],[85.13440222,27.89772131],[85.13430248,27.89808268],[85.13411563,27.89834645]]]}},{"type":"Feature","properties":{"grade":"No visible damage","kind":"road","name":null,"aoi":"AOI03","locality":"Bidur","product":"EMSR927_AOI03_GRA_MONIT01_v1","post_event_date":"2026-08-28","method":"Photo-interpretation"},"geometry":{"type":"MultiLineString","coordinates":[[[85.1355,27.8994931],[85.1353906,27.8997093],[85.1353727,27.8998003],[85.1354169,27.8999475],[85.1358589,27.9006074],[85.135912,27.9007176],[85.1359428,27.9008885],[85.1359296,27.9010017],[85.1358858,27.9011638],[85.1357514,27.901348],[85.1355237,27.9015327],[85.1353256,27.901663],[85.1352179,27.9017514],[85.1351615,27.9018171],[85.1350512,27.901935],[85.1350308,27.9019578],[85.1350025,27.9019826],[85.1349435,27.9020053],[85.1348742,27.9020234],[85.1347999,27.9020143],[85.1347255,27.9019758],[85.1346639,27.9019418],[85.1345844,27.9018647],[85.1345511,27.9017559],[85.1345306,27.9016698],[85.1345511,27.9015338],[85.1346511,27.901314],[85.1346845,27.9012414],[85.1347127,27.9011621],[85.1347178,27.90111],[85.1347178,27.9010306],[85.134764,27.900983]]]}},{"type":"Feature","properties":{"grade":"No visible damage","kind":"road","name":null,"aoi":"AOI03","locality":"Bidur","product":"EMSR927_AOI03_GRA_MONIT01_v1","post_event_date":"2026-08-28","method":"Photo-interpretation"},"geometry":{"type":"MultiLineString","coordinates":[[[85.13356675,27.90096276],[85.13362223,27.90112295],[85.13358003,27.9015159],[85.13359723,27.9017915],[85.13378337,27.90213085],[85.1338966,27.9026167],[85.13370082,27.90278777]]]}},{"type":"Feature","properties":{"grade":"No visible damage","kind":"road","name":null,"aoi":"AOI03","locality":"Bidur","product":"EMSR927_AOI03_GRA_MONIT01_v1","post_event_date":"2026-08-27","method":"Photo-interpretation"},"geometry":{"type":"MultiLineString","coordinates":[[[85.13370082,27.90278777],[85.13369571,27.902943]]]}},{"type":"Feature","properties":{"grade":"No visible damage","kind":"road","name":null,"aoi":"AOI03","locality":"Bidur","product":"EMSR927_AOI03_GRA_MONIT01_v1","post_event_date":"2026-08-27","method":"Photo-interpretation"},"geometry":{"type":"MultiLineString","coordinates":[[[85.1351713,27.9048791],[85.1350738,27.9048659],[85.1349818,27.9048315],[85.1348685,27.9048127],[85.134773,27.9048221],[85.1346809,27.9048408],[85.1346172,27.9048064],[85.1345217,27.9047501],[85.1344438,27.9046626],[85.1342739,27.9044968],[85.1342209,27.9044186],[85.1341971,27.9044174],[85.1341624,27.9044388],[85.1341129,27.904506],[85.1340691,27.9045669],[85.1339855,27.9046311],[85.1339094,27.9046791],[85.133782,27.9047189],[85.133651,27.9048096],[85.1334352,27.904894],[85.1332659,27.9049218],[85.1329609,27.9049941],[85.1328087,27.9050097],[85.1326388,27.9050911],[85.1325539,27.9051567],[85.132469,27.9052537],[85.13243252,27.90530203]]]}},{"type":"Feature","properties":{"grade":"No visible damage","kind":"road","name":null,"aoi":"AOI03","locality":"Bidur","product":"EMSR927_AOI03_GRA_MONIT01_v1","post_event_date":"2026-08-27","method":"Photo-interpretation"},"geometry":{"type":"MultiLineString","coordinates":[[[85.13369571,27.902943],[85.13370347,27.9032265],[85.1337388,27.90329515],[85.1338522,27.9033406],[85.133954,27.9033546],[85.1340791,27.9033532],[85.1342076,27.9033296],[85.1344344,27.9033157],[85.1345149,27.9033215],[85.134581,27.9033428],[85.1347241,27.9035267],[85.1348225,27.9037047],[85.1350928,27.904084],[85.1351713,27.9048791],[85.1351248,27.9053453],[85.1350591,27.9057624],[85.1347552,27.9064189],[85.1347197,27.9065009],[85.1346991,27.9067176],[85.1346948,27.9068163],[85.1346708,27.9070902],[85.1346315,27.9071296],[85.1342941,27.9073443],[85.1341782,27.9074712],[85.1341277,27.9075447],[85.1341357,27.9076455],[85.1342157,27.9077525],[85.1342493,27.9078241]]]}},{"type":"Feature","properties":{"grade":"No visible damage","kind":"road","name":null,"aoi":"AOI03","locality":"Bidur","product":"EMSR927_AOI03_GRA_MONIT01_v1","post_event_date":"2026-08-28","method":"Photo-interpretation"},"geometry":{"type":"MultiLineString","coordinates":[[[85.13335727,27.90832289],[85.1333657,27.9082977],[85.1334085,27.9082098],[85.13347,27.9081641],[85.1336419,27.9081733],[85.133702,27.9081141],[85.1337974,27.9079999],[85.1338626,27.9079111],[85.1339607,27.9078952],[85.1341422,27.9078683],[85.1342493,27.9078241]]]}},{"type":"Feature","properties":{"grade":"No visible damage","kind":"road","name":null,"aoi":"AOI03","locality":"Bidur","product":"EMSR927_AOI03_GRA_MONIT01_v1","post_event_date":"2026-08-27","method":"Photo-interpretation"},"geometry":{"type":"MultiLineString","coordinates":[[[85.1342493,27.9078241],[85.134557,27.9077584],[85.1346797,27.9078927],[85.1354311,27.9079393],[85.1356645,27.9082526],[85.13602972,27.90839412]]]}},{"type":"Feature","properties":{"grade":"No visible damage","kind":"road","name":null,"aoi":"AOI03","locality":"Bidur","product":"EMSR927_AOI03_GRA_MONIT01_v1","post_event_date":"2026-08-28","method":"Photo-interpretation"},"geometry":{"type":"MultiLineString","coordinates":[[[85.1338422,27.91046562],[85.1340597,27.9101524],[85.1343284,27.9100092],[85.1343981,27.9099239],[85.1344356,27.9098457],[85.1344464,27.9097793],[85.1344651,27.90972],[85.1344303,27.9096703],[85.1343847,27.9096276],[85.1343096,27.9096015],[85.1342452,27.9095826],[85.1342345,27.9095162],[85.1341996,27.9094451],[85.1341567,27.9093835],[85.1340226,27.9093171],[85.1339099,27.9092792],[85.1338053,27.9092507],[85.1336712,27.9091962],[85.13361087,27.90915132]]]}},{"type":"Feature","properties":{"grade":"No visible damage","kind":"road","name":null,"aoi":"AOI03","locality":"Bidur","product":"EMSR927_AOI03_GRA_MONIT01_v1","post_event_date":"2026-08-28","method":"Photo-interpretation"},"geometry":{"type":"MultiLineString","coordinates":[[[85.1336592,27.9164613],[85.1336631,27.9163557],[85.1335569,27.916222],[85.133435,27.9160862],[85.1333559,27.9158627],[85.1332791,27.9157808],[85.1330148,27.9152898],[85.1329176,27.9152059],[85.132746,27.9150902],[85.1326533,27.9147887],[85.1328669,27.9143824],[85.1329819,27.914151],[85.1330861,27.91391],[85.1330745,27.9138009],[85.1331585,27.9136625],[85.1334296,27.9135227],[85.1337775,27.9132273],[85.1338678,27.9129638],[85.1337955,27.912848],[85.1336239,27.9127562],[85.1333844,27.9126045],[85.1333844,27.9124568],[85.13339322,27.91242526]]]}},{"type":"Feature","properties":{"grade":"No visible damage","kind":"road","name":null,"aoi":"AOI03","locality":"Bidur","product":"EMSR927_AOI03_GRA_MONIT01_v1","post_event_date":"2026-08-28","method":"Photo-interpretation"},"geometry":{"type":"MultiLineString","coordinates":[[[85.13521079,27.91732135],[85.1348465,27.9173021],[85.1343941,27.917051],[85.1340378,27.916775],[85.1337976,27.916538],[85.133706,27.9164555],[85.1336592,27.9164613],[85.133636,27.9164642],[85.1336337,27.9165274],[85.1337015,27.9166335],[85.1339017,27.9168812],[85.1339145,27.9172561],[85.1339331,27.9173926],[85.1340262,27.9174906],[85.1342857,27.9176153],[85.1343459,27.9177216],[85.134327,27.9178027],[85.1343082,27.9178985],[85.1342353,27.9180339],[85.1341492,27.9181009],[85.1339088,27.9182723],[85.1337227,27.9184653],[85.1333131,27.918894],[85.1331893,27.9189822],[85.13305069,27.91908098]]]}},{"type":"Feature","properties":{"grade":"No visible damage","kind":"road","name":null,"aoi":"AOI03","locality":"Bidur","product":"EMSR927_AOI03_GRA_MONIT01_v1","post_event_date":"2026-08-27","method":"Photo-interpretation"},"geometry":{"type":"MultiLineString","coordinates":[[[85.1493097,27.8936823],[85.1492287,27.8939311],[85.1492692,27.8942032],[85.1493712,27.8943836],[85.1494891,27.8946028],[85.1496088,27.8949884]]]}},{"type":"Feature","properties":{"grade":"No visible damage","kind":"road","name":null,"aoi":"AOI03","locality":"Bidur","product":"EMSR927_AOI03_GRA_MONIT01_v1","post_event_date":"2026-08-27","method":"Photo-interpretation"},"geometry":{"type":"MultiLineString","coordinates":[[[85.1483649,27.8941783],[85.1484019,27.894211],[85.1485338,27.8942374],[85.14862,27.8942887],[85.1486517,27.8943431],[85.1486922,27.8944489],[85.148847,27.894595],[85.1489367,27.8946448],[85.1490493,27.8947458],[85.1491038,27.8948345],[85.1493114,27.8950164],[85.1494205,27.8950413],[85.1495419,27.8950164],[85.1496088,27.8949884],[85.1496914,27.8951299],[85.1497829,27.8951968],[85.1499113,27.8954238],[85.149987,27.8956275],[85.150031,27.8958063],[85.1501436,27.895968],[85.1503899,27.8960659]]]}},{"type":"Feature","properties":{"grade":"No visible damage","kind":"road","name":null,"aoi":"AOI03","locality":"Bidur","product":"EMSR927_AOI03_GRA_MONIT01_v1","post_event_date":"2026-08-27","method":"Photo-interpretation"},"geometry":{"type":"MultiLineString","coordinates":[[[85.1475345,27.8961375],[85.1477209,27.8962077],[85.1479849,27.896272],[85.1481644,27.8962603],[85.1482946,27.8962043],[85.1484247,27.8960862],[85.1484546,27.8960224],[85.1485197,27.8958467],[85.1486447,27.8956041],[85.1486552,27.8954378]]]}},{"type":"Feature","properties":{"grade":"No visible damage","kind":"road","name":null,"aoi":"AOI03","locality":"Bidur","product":"EMSR927_AOI03_GRA_MONIT01_v1","post_event_date":"2026-08-27","method":"Photo-interpretation"},"geometry":{"type":"MultiLineString","coordinates":[[[85.1484546,27.8960224],[85.1481327,27.8960799],[85.1477773,27.89601],[85.147714,27.895954],[85.1476401,27.8958451],[85.147582,27.8956819],[85.1473296,27.8957407],[85.1471704,27.8956579]]]}},{"type":"Feature","properties":{"grade":"No visible damage","kind":"road","name":null,"aoi":"AOI03","locality":"Bidur","product":"EMSR927_AOI03_GRA_MONIT01_v1","post_event_date":"2026-08-27","method":"Photo-interpretation"},"geometry":{"type":"MultiLineString","coordinates":[[[85.1471704,27.8956579],[85.1472442,27.89587],[85.1473129,27.8959742],[85.1475345,27.8961375],[85.1476682,27.8962556],[85.1480483,27.8963165],[85.1484441,27.8964033],[85.1486834,27.8963194],[85.1487625,27.8963365],[85.1489315,27.8964303],[85.1490272,27.8964834],[85.1490985,27.8965231],[85.1491601,27.8965573]]]}},{"type":"Feature","properties":{"grade":"No visible damage","kind":"road","name":null,"aoi":"AOI03","locality":"Bidur","product":"EMSR927_AOI03_GRA_MONIT01_v1","post_event_date":"2026-08-27","method":"Photo-interpretation"},"geometry":{"type":"MultiLineString","coordinates":[[[85.1484229,27.8998165],[85.148389,27.8999228],[85.1484753,27.9000781],[85.1490709,27.9003397],[85.1493188,27.9006503],[85.1497776,27.9005489],[85.1502364,27.9007844],[85.1505916,27.9013337],[85.1507738,27.9016586]]]}},{"type":"Feature","properties":{"grade":"No visible damage","kind":"road","name":null,"aoi":"AOI03","locality":"Bidur","product":"EMSR927_AOI03_GRA_MONIT01_v1","post_event_date":"2026-08-27","method":"Photo-interpretation"},"geometry":{"type":"MultiLineString","coordinates":[[[85.1503598,27.9023567],[85.1503863,27.902313],[85.1504022,27.9022582],[85.1504252,27.9022004],[85.1504535,27.9021347],[85.1505385,27.9020831],[85.1505898,27.9020534],[85.1506358,27.902008],[85.1506234,27.9019095],[85.1505562,27.901836],[85.1504712,27.9017625],[85.1504659,27.9016984],[85.150496,27.9016436],[85.1505155,27.9016264],[85.1506057,27.9016874],[85.1507314,27.9017187],[85.15077462,27.90171725]]]}},{"type":"Feature","properties":{"grade":"No visible damage","kind":"road","name":null,"aoi":"AOI03","locality":"Bidur","product":"EMSR927_AOI03_GRA_MONIT01_v1","post_event_date":"2026-08-27","method":"Photo-interpretation"},"geometry":{"type":"MultiLineString","coordinates":[[[85.1503598,27.9023567],[85.1504164,27.9023974],[85.1504093,27.9024584],[85.1505385,27.9024756]]]}},{"type":"Feature","properties":{"grade":"No visible damage","kind":"road","name":null,"aoi":"AOI03","locality":"Bidur","product":"EMSR927_AOI03_GRA_MONIT01_v1","post_event_date":"2026-08-27","method":"Photo-interpretation"},"geometry":{"type":"MultiLineString","coordinates":[[[85.1410805,27.8994969],[85.1410269,27.8994969],[85.1409217,27.899506],[85.1407909,27.8995082],[85.1406935,27.899506],[85.1405832,27.8994924],[85.1403318,27.8994561],[85.1402216,27.8994425],[85.1401318,27.8994289],[85.1400523,27.8994017],[85.1399215,27.8993745],[85.1398189,27.8993496],[85.1397317,27.8993178]]]}},{"type":"Feature","properties":{"grade":"No visible damage","kind":"road","name":null,"aoi":"AOI03","locality":"Bidur","product":"EMSR927_AOI03_GRA_MONIT01_v1","post_event_date":"2026-08-28","method":"Photo-interpretation"},"geometry":{"type":"MultiLineString","coordinates":[[[85.1397317,27.8993178],[85.1396727,27.8993496],[85.1396265,27.8993722],[85.1395829,27.8993972],[85.1395598,27.8994448],[85.1395214,27.8994788],[85.139447,27.8995082],[85.1394043,27.8995254],[85.1393906,27.8995309],[85.1394188,27.8995853],[85.1394752,27.8996873],[85.1395086,27.8997372],[85.1395522,27.8998392],[85.139547,27.8999457],[85.139565,27.9000386],[85.139606,27.900152],[85.1396836,27.9002858],[85.1398014,27.9002761],[85.1399402,27.9002684],[85.1401581,27.9002552],[85.1403241,27.9002539],[85.1405601,27.9002834],[85.1406704,27.9002931],[85.1407345,27.9003174],[85.1408163,27.9003502]]]}},{"type":"Feature","properties":{"grade":"Destroyed","kind":"road","name":null,"aoi":"AOI03","locality":"Bidur","product":"EMSR927_AOI03_GRA_MONIT01_v1","post_event_date":"2026-08-28","method":"Photo-interpretation"},"geometry":{"type":"MultiLineString","coordinates":[[[85.1375696,27.8990844],[85.137585,27.8991592],[85.1376158,27.8992634],[85.1376107,27.8993541],[85.1376363,27.8995014],[85.1376902,27.8996261],[85.1378235,27.8998641],[85.1378697,27.8999389],[85.1379364,27.9000296],[85.1380082,27.9000772],[85.1380826,27.9001089],[85.1381877,27.9001588],[85.1382672,27.9001678],[85.1383878,27.9002109],[85.1384493,27.9002471],[85.1384852,27.9003038],[85.1385211,27.900399],[85.1385699,27.9004942],[85.1386314,27.9005531],[85.1387765,27.9006395],[85.1389076,27.9006343],[85.1391696,27.9006158],[85.1392083,27.900632],[85.1392888,27.9006658],[85.1393811,27.9007395],[85.1395081,27.90073191]]]}},{"type":"Feature","properties":{"grade":"No visible damage","kind":"road","name":null,"aoi":"AOI03","locality":"Bidur","product":"EMSR927_AOI03_GRA_MONIT01_v1","post_event_date":"2026-08-28","method":"Photo-interpretation"},"geometry":{"type":"MultiLineString","coordinates":[[[85.1396836,27.9002858],[85.1397268,27.9003341],[85.139783,27.9003877],[85.1398497,27.9004421],[85.1398727,27.9004987],[85.139883,27.9005758],[85.1399497,27.9006415]]]}},{"type":"Feature","properties":{"grade":"No visible damage","kind":"road","name":null,"aoi":"AOI03","locality":"Bidur","product":"EMSR927_AOI03_GRA_MONIT01_v1","post_event_date":"2026-08-28","method":"Photo-interpretation"},"geometry":{"type":"MultiLineString","coordinates":[[[85.1399497,27.9006415],[85.1400112,27.9006687],[85.1400754,27.9006438],[85.1402087,27.9006053],[85.1403293,27.9005803],[85.1404678,27.9005871],[85.1405678,27.9006143],[85.1406473,27.9005962],[85.1407908,27.9005553]]]}},{"type":"Feature","properties":{"grade":"Possibly damaged","kind":"road","name":null,"aoi":"AOI03","locality":"Bidur","product":"EMSR927_AOI03_GRA_MONIT01_v1","post_event_date":"2026-08-28","method":"Photo-interpretation"},"geometry":{"type":"MultiLineString","coordinates":[[[85.1395081,27.90073191],[85.1395568,27.900729],[85.1396908,27.9007158],[85.1398278,27.900629],[85.1399497,27.9006415]]]}},{"type":"Feature","properties":{"grade":"No visible damage","kind":"road","name":null,"aoi":"AOI03","locality":"Bidur","product":"EMSR927_AOI03_GRA_MONIT01_v1","post_event_date":"2026-08-27","method":"Photo-interpretation"},"geometry":{"type":"MultiLineString","coordinates":[[[85.13732372,27.90300666],[85.1372333,27.9026989],[85.1368567,27.9023628],[85.13656,27.9018821],[85.136388,27.9015984],[85.1363584,27.9014484],[85.1364003,27.9010249],[85.1362634,27.9006685],[85.1358981,27.9001745],[85.1356687,27.8998445],[85.1355939,27.8996668],[85.1355,27.8994931],[85.1352972,27.8993071],[85.1346049,27.8992096],[85.1343853,27.899071],[85.1343387,27.8990415],[85.13413887,27.89906482],[85.13410408,27.89910421]]]}},{"type":"Feature","properties":{"grade":"No visible damage","kind":"road","name":null,"aoi":"AOI03","locality":"Bidur","product":"EMSR927_AOI03_GRA_MONIT01_v1","post_event_date":"2026-08-28","method":"Photo-interpretation"},"geometry":{"type":"MultiLineString","coordinates":[[[85.1422801,27.902229],[85.1423246,27.902176],[85.14234,27.9021171],[85.1423759,27.9020287],[85.1424093,27.9019403],[85.1424657,27.9018678],[85.1425093,27.9017522],[85.1425298,27.9016615],[85.1425503,27.9016003],[85.1425939,27.9015686],[85.1425991,27.9015232],[85.1426119,27.9013283],[85.1426196,27.9012241],[85.1426273,27.9011243],[85.1426247,27.9010133],[85.1426427,27.9009407],[85.1426324,27.9008569],[85.1426401,27.9007662],[85.1426401,27.9006846],[85.1426375,27.9006121],[85.1426415,27.9005313],[85.1426549,27.9004094],[85.1426833,27.900326]]]}},{"type":"Feature","properties":{"grade":"Destroyed","kind":"road","name":null,"aoi":"AOI03","locality":"Bidur","product":"EMSR927_AOI03_GRA_MONIT01_v1","post_event_date":"2026-08-28","method":"Photo-interpretation"},"geometry":{"type":"MultiLineString","coordinates":[[[85.13767676,27.90364826],[85.1376871,27.9036477],[85.1377845,27.9036354],[85.137868,27.9037153],[85.137875,27.903783],[85.1378958,27.9038629],[85.1379515,27.9039244],[85.138035,27.9039244],[85.1381185,27.9038322],[85.1381881,27.9037522],[85.1382994,27.9036538],[85.1384247,27.9035739],[85.13855,27.9035739],[85.13871,27.9035432],[85.1388631,27.903537],[85.1390092,27.9035616],[85.1390997,27.9036907],[85.1391554,27.9038199],[85.139218,27.9039613],[85.1393015,27.9040413],[85.1394059,27.9040474],[85.1394824,27.9039798],[85.1395798,27.9038568],[85.1396564,27.9037584],[85.1398164,27.9036231],[85.1400113,27.9035186],[85.1401017,27.9034448],[85.1402131,27.9033402],[85.1402896,27.9032541],[85.1403592,27.9031619],[85.1403662,27.9030819],[85.1403175,27.9029343],[85.1402618,27.9028052],[85.1402131,27.9026515],[85.140164,27.9024564],[85.1398275,27.9020929],[85.1391705,27.9017393],[85.1384882,27.9014081],[85.1383493,27.901289],[85.1383324,27.901155],[85.1382524,27.9011401],[85.1379407,27.9011029],[85.1376249,27.9010359]]]}},{"type":"Feature","properties":{"grade":"Possibly damaged","kind":"road","name":null,"aoi":"AOI03","locality":"Bidur","product":"EMSR927_AOI03_GRA_MONIT01_v1","post_event_date":"2026-08-27","method":"Photo-interpretation"},"geometry":{"type":"MultiLineString","coordinates":[[[85.13754016,27.90414268],[85.1375034,27.9040368],[85.1375148,27.903657],[85.13732372,27.90300666]]]}},{"type":"Feature","properties":{"grade":"No visible damage","kind":"road","name":null,"aoi":"AOI03","locality":"Bidur","product":"EMSR927_AOI03_GRA_MONIT01_v1","post_event_date":"2026-08-27","method":"Photo-interpretation"},"geometry":{"type":"MultiLineString","coordinates":[[[85.1473098,27.8995821],[85.1472326,27.8994759],[85.1472133,27.8994494],[85.1470733,27.8993339],[85.146811,27.8991175],[85.1467198,27.8990796],[85.1462725,27.899022]]]}},{"type":"Feature","properties":{"grade":"No visible damage","kind":"road","name":null,"aoi":"AOI03","locality":"Bidur","product":"EMSR927_AOI03_GRA_MONIT01_v1","post_event_date":"2026-08-28","method":"Photo-interpretation"},"geometry":{"type":"MultiLineString","coordinates":[[[85.1417524,27.8984088],[85.1419059,27.8984783],[85.1421761,27.8985391],[85.1425261,27.8986187],[85.1427233,27.8986636],[85.1428662,27.8987224],[85.1429164,27.898743],[85.1430398,27.8988473],[85.1431417,27.8989658],[85.1433026,27.899204],[85.1433885,27.8993178],[85.1434796,27.8993972],[85.1436889,27.8995027],[85.1443165,27.8998441],[85.1444613,27.8999389],[85.1445788,27.9000591],[85.1445984,27.9000792],[85.1448315,27.9002992],[85.1449594,27.900407],[85.1451104,27.9004924],[85.1458722,27.9008965],[85.1459715,27.900918]]]}},{"type":"Feature","properties":{"grade":"No visible damage","kind":"road","name":null,"aoi":"AOI03","locality":"Bidur","product":"EMSR927_AOI03_GRA_MONIT01_v1","post_event_date":"2026-08-28","method":"Photo-interpretation"},"geometry":{"type":"MultiLineString","coordinates":[[[85.1440491,27.9016436],[85.1440812,27.9013356],[85.1441502,27.9006488],[85.1441878,27.9005742],[85.144236,27.9005078],[85.1445984,27.9000792]]]}},{"type":"Feature","properties":{"grade":"No visible damage","kind":"road","name":"Sinchai Path","aoi":"AOI03","locality":"Bidur","product":"EMSR927_AOI03_GRA_MONIT01_v1","post_event_date":"2026-08-28","method":"Photo-interpretation"},"geometry":{"type":"MultiLineString","coordinates":[[[85.145946,27.904214],[85.14549,27.9041346],[85.1451842,27.9040682],[85.1447658,27.9039841],[85.1436192,27.9037458],[85.1433724,27.9037032],[85.1431672,27.9036261],[85.1430009,27.903542],[85.1428896,27.9034057],[85.142827,27.9032425],[85.1428226,27.9029565],[85.1428065,27.9028238],[85.142726,27.9026578],[85.142557,27.9024753],[85.1423773,27.9023651],[85.1422801,27.902229],[85.1421673,27.9021275],[85.1415732,27.9015141],[85.1408324,27.9007224],[85.1408002,27.9006821],[85.1407881,27.9006134],[85.1407908,27.9005553],[85.1408163,27.9003502],[85.1410255,27.8996676],[85.1410805,27.8994969],[85.1411314,27.8993203],[85.1411231,27.899177],[85.1409906,27.8989363],[85.141,27.8988426],[85.1411797,27.8987087],[85.1415271,27.8985463],[85.1417524,27.8984088]]]}},{"type":"Feature","properties":{"grade":"No visible damage","kind":"road","name":null,"aoi":"AOI03","locality":"Bidur","product":"EMSR927_AOI03_GRA_MONIT01_v1","post_event_date":"2026-08-28","method":"Photo-interpretation"},"geometry":{"type":"MultiLineString","coordinates":[[[85.1448252,27.9014352],[85.1440812,27.9013356]]]}},{"type":"Feature","properties":{"grade":"No visible damage","kind":"road","name":null,"aoi":"AOI03","locality":"Bidur","product":"EMSR927_AOI03_GRA_MONIT01_v1","post_event_date":"2026-08-28","method":"Photo-interpretation"},"geometry":{"type":"MultiLineString","coordinates":[[[85.1459594,27.9017571],[85.1463116,27.9018629],[85.146578,27.9019708],[85.1468462,27.9021032],[85.1472847,27.9022095],[85.1474382,27.9022602],[85.1475439,27.9023084],[85.147719,27.9024053],[85.1478944,27.9024647],[85.1480394,27.9027261],[85.1482762,27.9028912],[85.1484038,27.9031119],[85.1484131,27.903331]]]}},{"type":"Feature","properties":{"grade":"No visible damage","kind":"road","name":null,"aoi":"AOI03","locality":"Bidur","product":"EMSR927_AOI03_GRA_MONIT01_v1","post_event_date":"2026-08-28","method":"Photo-interpretation"},"geometry":{"type":"MultiLineString","coordinates":[[[85.142827,27.9032425],[85.1427605,27.9031534],[85.1426318,27.9030491],[85.1424282,27.9028153],[85.1423102,27.9026352],[85.1422727,27.9025499],[85.1422405,27.9023981],[85.1421673,27.9021275]]]}},{"type":"Feature","properties":{"grade":"No visible damage","kind":"road","name":null,"aoi":"AOI03","locality":"Bidur","product":"EMSR927_AOI03_GRA_MONIT01_v1","post_event_date":"2026-08-28","method":"Photo-interpretation"},"geometry":{"type":"MultiLineString","coordinates":[[[85.1436192,27.9037458],[85.1436721,27.9035362],[85.143758,27.9030811],[85.1438653,27.9028773],[85.1439511,27.9026781],[85.1440155,27.9026023],[85.1439779,27.9025122],[85.1440047,27.9022847],[85.1440204,27.9020631],[85.1440491,27.9016436]]]}},{"type":"Feature","properties":{"grade":"No visible damage","kind":"road","name":null,"aoi":"AOI03","locality":"Bidur","product":"EMSR927_AOI03_GRA_MONIT01_v1","post_event_date":"2026-08-27","method":"Photo-interpretation"},"geometry":{"type":"MultiLineString","coordinates":[[[85.1467037,27.9038299],[85.146355,27.9037398],[85.1459393,27.9036996]]]}},{"type":"Feature","properties":{"grade":"No visible damage","kind":"road","name":"Pasang Lhamu Highway","aoi":"AOI03","locality":"Bidur","product":"EMSR927_AOI03_GRA_MONIT01_v1","post_event_date":"2026-08-28","method":"Photo-interpretation"},"geometry":{"type":"MultiLineString","coordinates":[[[85.14408398,27.91826601],[85.1440661,27.9182375],[85.1439094,27.9180588],[85.1431427,27.9175479],[85.1422826,27.9169747],[85.1421884,27.9168899],[85.1421541,27.9168094],[85.1421468,27.9167363],[85.1421141,27.9166498],[85.1420635,27.9165593],[85.1419629,27.9164443],[85.1415231,27.9160358],[85.1414903,27.915962],[85.1414841,27.9159366],[85.1415001,27.9158557],[85.1415633,27.9157143],[85.1417108,27.9155022],[85.1417671,27.915425],[85.1422553,27.9148824],[85.1424149,27.9147011],[85.1425892,27.9145186],[85.14273,27.9142875],[85.1428266,27.9141252],[85.1429138,27.9139924],[85.1429352,27.9138704],[85.1429312,27.9137436],[85.1429258,27.9136914],[85.142875,27.9132029],[85.1428977,27.9131084],[85.143009,27.9129223],[85.1431082,27.9127931],[85.143241,27.9126094],[85.1436463,27.9119174],[85.1437747,27.9116981],[85.144047,27.9113141],[85.1442629,27.911121],[85.1444601,27.9108674],[85.1444788,27.9107406],[85.1444399,27.9105806],[85.1442696,27.9098683],[85.1441791,27.9092874],[85.1441583,27.9091537],[85.1441878,27.9090897],[85.1442428,27.9089641],[85.144342,27.9088657],[85.1445231,27.9087555],[85.1446129,27.9087164],[85.1447497,27.9087187],[85.1448248,27.9087128],[85.1450796,27.908733],[85.1451735,27.9087223],[85.1452634,27.9087069],[85.1453385,27.9086702],[85.1453894,27.9085908],[85.1454176,27.9084794],[85.1454189,27.9082151],[85.1453358,27.9080112],[85.1451668,27.9078666],[85.1448047,27.9076818],[85.1446076,27.9075277],[85.1445405,27.907293],[85.1446035,27.9070702],[85.1446974,27.906928],[85.1450421,27.9064729],[85.1455531,27.9057192],[85.1457944,27.9052795],[85.1458749,27.9050175],[85.1459299,27.9047521],[85.1459386,27.9044603],[85.145946,27.904214],[85.1459393,27.9036996],[85.1459554,27.9031687],[85.1459561,27.902939],[85.1459594,27.9017571],[85.1459742,27.901411],[85.1459715,27.900918],[85.146043,27.9003848],[85.1461016,27.8999615],[85.1462725,27.899022],[85.146284,27.8989695],[85.1463064,27.8987568],[85.1464,27.8981442],[85.1464217,27.8980024],[85.1464566,27.8977931],[85.1464536,27.8975412],[85.146402,27.8971501],[85.1464233,27.8969254],[85.1464324,27.8968821],[85.1464497,27.8968027],[85.1465616,27.8963394],[85.1466742,27.8960146],[85.1469076,27.8958155],[85.1471704,27.8956579],[85.1473233,27.8954587],[85.1474078,27.8951731],[85.1473461,27.8947772],[85.1472375,27.894424],[85.1472482,27.8942367],[85.1473689,27.8939534],[85.1474923,27.8938112],[85.1476237,27.893714],[85.1478222,27.8936642],[85.1479979,27.8936358],[85.1482058,27.8936002],[85.1483546,27.8935599],[85.1484767,27.8935137],[85.1485464,27.8934106],[85.1486336,27.8932233],[85.1487891,27.8930099],[85.1489143,27.8928527],[85.1490326,27.892787],[85.1491526,27.8927385],[85.1493363,27.8927432],[85.1494907,27.8927491],[85.14963054,27.89275465]]]}},{"type":"Feature","properties":{"grade":"Possibly damaged","kind":"road","name":null,"aoi":"AOI03","locality":"Bidur","product":"EMSR927_AOI03_GRA_MONIT01_v1","post_event_date":"2026-08-27","method":"Photo-interpretation"},"geometry":{"type":"MultiLineString","coordinates":[[[85.1375148,27.903657],[85.13767676,27.90364826]]]}},{"type":"Feature","properties":{"grade":"Destroyed","kind":"road","name":null,"aoi":"AOI03","locality":"Bidur","product":"EMSR927_AOI03_GRA_MONIT01_v1","post_event_date":"2026-08-27","method":"Photo-interpretation"},"geometry":{"type":"MultiLineString","coordinates":[[[85.13705546,27.90869696],[85.1371115,27.9087227],[85.137302,27.9087619],[85.1376578,27.9088589],[85.137841,27.9089517],[85.1379849,27.9090294],[85.1380482,27.9088513],[85.1380737,27.9087771],[85.1380564,27.9087263],[85.1375868,27.9083879],[85.1375778,27.9083304],[85.1373736,27.9078643],[85.1377144,27.9079996],[85.1377078,27.9079121],[85.1376662,27.9078246],[85.1377159,27.9076325],[85.1377953,27.907308],[85.1379455,27.90684],[85.1378677,27.9065792],[85.1377474,27.9063691],[85.1379043,27.9057759],[85.1379126,27.9051697],[85.1376061,27.9043326],[85.13754016,27.90414268]]]}},{"type":"Feature","properties":{"grade":"Destroyed","kind":"road","name":null,"aoi":"AOI03","locality":"Bidur","product":"EMSR927_AOI03_GRA_MONIT01_v1","post_event_date":"2026-08-27","method":"Photo-interpretation"},"geometry":{"type":"MultiLineString","coordinates":[[[85.1398161,27.909316],[85.1398495,27.9092195],[85.1398473,27.9091326],[85.1398647,27.9090496],[85.1398626,27.9090014],[85.1398211,27.9089763],[85.1397621,27.9089917],[85.139666,27.9090515],[85.1395393,27.9090631],[85.139465,27.9090419],[85.139441,27.9089859],[85.1394584,27.9088374],[85.1394847,27.9086134],[85.1394737,27.9084666],[85.1394213,27.9083585],[85.1394082,27.9082562],[85.139489,27.9080902],[85.1394999,27.9078953],[85.1395922,27.9076908],[85.1396763,27.9075125]]]}},{"type":"Feature","properties":{"grade":"Possibly damaged","kind":"road","name":null,"aoi":"AOI03","locality":"Bidur","product":"EMSR927_AOI03_GRA_MONIT01_v1","post_event_date":"2026-08-27","method":"Photo-interpretation"},"geometry":{"type":"MultiLineString","coordinates":[[[85.13602972,27.90839412],[85.1362369,27.9084744],[85.1362832,27.9084802],[85.1363118,27.9084432],[85.1363448,27.9082642],[85.1365012,27.9082039],[85.1365936,27.9082253],[85.1366255,27.9082443],[85.1366883,27.9082818],[85.1367786,27.9084919],[85.1368925,27.9086221],[85.13705546,27.90869696]]]}},{"type":"Feature","properties":{"grade":"Destroyed","kind":"road","name":null,"aoi":"AOI03","locality":"Bidur","product":"EMSR927_AOI03_GRA_MONIT01_v1","post_event_date":"2026-08-27","method":"Photo-interpretation"},"geometry":{"type":"MultiLineString","coordinates":[[[85.1381525,27.9091437],[85.1379849,27.9090294]]]}},{"type":"Feature","properties":{"grade":"Destroyed","kind":"road","name":"Trishuli Bridge","aoi":"AOI03","locality":"Bidur","product":"EMSR927_AOI03_GRA_MONIT01_v1","post_event_date":"2026-08-27","method":"Photo-interpretation"},"geometry":{"type":"MultiLineString","coordinates":[[[85.1381515,27.9092184],[85.1381525,27.9091437]]]}},{"type":"Feature","properties":{"grade":"No visible damage","kind":"road","name":null,"aoi":"AOI03","locality":"Bidur","product":"EMSR927_AOI03_GRA_MONIT01_v1","post_event_date":"2026-08-27","method":"Photo-interpretation"},"geometry":{"type":"MultiLineString","coordinates":[[[85.1422872,27.9095471],[85.1419761,27.9094708],[85.1419243,27.9094597],[85.1418706,27.9094468],[85.1418521,27.9094436],[85.141818,27.9094341],[85.1417131,27.9093667],[85.1413787,27.9092948],[85.1411761,27.9092513],[85.1407827,27.9091846]]]}},{"type":"Feature","properties":{"grade":"Destroyed","kind":"road","name":"Trishuli River Bridge","aoi":"AOI03","locality":"Bidur","product":"EMSR927_AOI03_GRA_MONIT01_v1","post_event_date":"2026-08-27","method":"Photo-interpretation"},"geometry":{"type":"MultiLineString","coordinates":[[[85.1390615,27.909733],[85.1381515,27.9092184]]]}},{"type":"Feature","properties":{"grade":"Destroyed","kind":"road","name":null,"aoi":"AOI03","locality":"Bidur","product":"EMSR927_AOI03_GRA_MONIT01_v1","post_event_date":"2026-08-27","method":"Photo-interpretation"},"geometry":{"type":"MultiLineString","coordinates":[[[85.1390545,27.9096873],[85.1390615,27.909733],[85.1392589,27.9098522]]]}},{"type":"Feature","properties":{"grade":"No visible damage","kind":"road","name":null,"aoi":"AOI03","locality":"Bidur","product":"EMSR927_AOI03_GRA_MONIT01_v1","post_event_date":"2026-08-28","method":"Photo-interpretation"},"geometry":{"type":"MultiLineString","coordinates":[[[85.1417277,27.9110789],[85.1418729,27.9105474],[85.1419435,27.9103933],[85.1419899,27.9101262],[85.1420261,27.9099175],[85.1420789,27.9097877],[85.1422056,27.9097077],[85.1422549,27.9096293],[85.1422631,27.9096085],[85.1422701,27.9095907],[85.1422743,27.90958],[85.1422872,27.9095471],[85.1423685,27.9092532],[85.142423,27.9090774],[85.142495,27.9089292],[85.1427301,27.9089425]]]}},{"type":"Feature","properties":{"grade":"Possibly damaged","kind":"road","name":null,"aoi":"AOI03","locality":"Bidur","product":"EMSR927_AOI03_GRA_MONIT01_v1","post_event_date":"2026-08-27","method":"Photo-interpretation"},"geometry":{"type":"MultiLineString","coordinates":[[[85.13956519,27.91055897],[85.1395772,27.9105387],[85.1396946,27.9103571],[85.1397259,27.9101989],[85.1397453,27.9100159],[85.1397336,27.9096952],[85.1397775,27.9095421],[85.13982421,27.90945626]]]}},{"type":"Feature","properties":{"grade":"No visible damage","kind":"road","name":null,"aoi":"AOI03","locality":"Bidur","product":"EMSR927_AOI03_GRA_MONIT01_v1","post_event_date":"2026-08-28","method":"Photo-interpretation"},"geometry":{"type":"MultiLineString","coordinates":[[[85.1418729,27.9105474],[85.1413888,27.9103555],[85.1409118,27.910228],[85.1406528,27.9101415],[85.1401873,27.9099394],[85.1401578,27.9100083],[85.1400655,27.9102028],[85.1400271,27.9103209]]]}},{"type":"Feature","properties":{"grade":"Destroyed","kind":"road","name":null,"aoi":"AOI03","locality":"Bidur","product":"EMSR927_AOI03_GRA_MONIT01_v1","post_event_date":"2026-08-28","method":"Photo-interpretation"},"geometry":{"type":"MultiLineString","coordinates":[[[85.13982421,27.90945626],[85.1398281,27.9094491],[85.1398484,27.9093579],[85.1398161,27.909316],[85.1397516,27.9093023],[85.1397026,27.9093156],[85.1395374,27.9094857],[85.1393733,27.9096847],[85.1392589,27.9098522],[85.1387097,27.9105223],[85.13807014,27.9113515]]]}},{"type":"Feature","properties":{"grade":"No visible damage","kind":"road","name":null,"aoi":"AOI03","locality":"Bidur","product":"EMSR927_AOI03_GRA_MONIT01_v1","post_event_date":"2026-08-28","method":"Photo-interpretation"},"geometry":{"type":"MultiLineString","coordinates":[[[85.1393245,27.9112578],[85.1392218,27.911237],[85.1391214,27.9112794],[85.139041,27.9113531],[85.1390135,27.9113706],[85.138987,27.9113831],[85.1389419,27.9113712],[85.1389247,27.9113414],[85.138928,27.9113216],[85.139062,27.9111773],[85.1392312,27.911035],[85.1394166,27.9108097],[85.13956519,27.91055897]]]}},{"type":"Feature","properties":{"grade":"No visible damage","kind":"road","name":null,"aoi":"AOI03","locality":"Bidur","product":"EMSR927_AOI03_GRA_MONIT01_v1","post_event_date":"2026-08-28","method":"Photo-interpretation"},"geometry":{"type":"MultiLineString","coordinates":[[[85.1400977,27.9116577],[85.1402893,27.9113829],[85.1404417,27.9111853]]]}},{"type":"Feature","properties":{"grade":"Possibly damaged","kind":"road","name":null,"aoi":"AOI03","locality":"Bidur","product":"EMSR927_AOI03_GRA_MONIT01_v1","post_event_date":"2026-08-28","method":"Photo-interpretation"},"geometry":{"type":"MultiLineString","coordinates":[[[85.13807014,27.9113515],[85.1379573,27.9114978],[85.1378064,27.9117109],[85.13766183,27.91196064]]]}},{"type":"Feature","properties":{"grade":"No visible damage","kind":"road","name":null,"aoi":"AOI03","locality":"Bidur","product":"EMSR927_AOI03_GRA_MONIT01_v1","post_event_date":"2026-08-28","method":"Photo-interpretation"},"geometry":{"type":"MultiLineString","coordinates":[[[85.1389419,27.9113712],[85.1391678,27.9116612],[85.1399456,27.9121958],[85.1395759,27.9126964],[85.1388317,27.9124376],[85.1386156,27.9123867]]]}},{"type":"Feature","properties":{"grade":"Destroyed","kind":"road","name":null,"aoi":"AOI03","locality":"Bidur","product":"EMSR927_AOI03_GRA_MONIT01_v1","post_event_date":"2026-08-28","method":"Photo-interpretation"},"geometry":{"type":"MultiLineString","coordinates":[[[85.13766183,27.91196064],[85.1376171,27.9120379],[85.13756579,27.91213435]]]}},{"type":"Feature","properties":{"grade":"No visible damage","kind":"road","name":null,"aoi":"AOI03","locality":"Bidur","product":"EMSR927_AOI03_GRA_MONIT01_v1","post_event_date":"2026-08-28","method":"Photo-interpretation"},"geometry":{"type":"MultiLineString","coordinates":[[[85.142875,27.9132029],[85.1428272,27.913185],[85.1427629,27.9131511],[85.1424622,27.9129042],[85.1419781,27.9125808],[85.1417685,27.9124297],[85.1415237,27.9122087],[85.1413163,27.9120541],[85.141246,27.9120285],[85.1408199,27.9118553],[85.1407483,27.9118273],[85.1405756,27.911804],[85.1403806,27.9117728],[85.1400977,27.9116577],[85.1398975,27.9115574],[85.1393245,27.9112578]]]}},{"type":"Feature","properties":{"grade":"No visible damage","kind":"road","name":null,"aoi":"AOI03","locality":"Bidur","product":"EMSR927_AOI03_GRA_MONIT01_v1","post_event_date":"2026-08-27","method":"Photo-interpretation"},"geometry":{"type":"MultiLineString","coordinates":[[[85.141246,27.9120285],[85.1410115,27.9124546],[85.1410173,27.9125336],[85.1411267,27.9125994],[85.1411721,27.9126719]]]}},{"type":"Feature","properties":{"grade":"No visible damage","kind":"road","name":null,"aoi":"AOI03","locality":"Bidur","product":"EMSR927_AOI03_GRA_MONIT01_v1","post_event_date":"2026-08-27","method":"Photo-interpretation"},"geometry":{"type":"MultiLineString","coordinates":[[[85.14852043,27.90730027],[85.1484988,27.9072889],[85.1483324,27.9071637],[85.1482523,27.9071255],[85.148237,27.9069084],[85.1476743,27.9065362],[85.1473275,27.9062798],[85.1468815,27.9061734],[85.1463046,27.9060514],[85.1459755,27.9058763],[85.1455531,27.9057192]]]}},{"type":"Feature","properties":{"grade":"No visible damage","kind":"road","name":null,"aoi":"AOI03","locality":"Bidur","product":"EMSR927_AOI03_GRA_MONIT01_v1","post_event_date":"2026-08-27","method":"Photo-interpretation"},"geometry":{"type":"MultiLineString","coordinates":[[[85.142388,27.9062689],[85.1430693,27.9065155],[85.144,27.9067478],[85.1446974,27.906928]]]}},{"type":"Feature","properties":{"grade":"No visible damage","kind":"road","name":null,"aoi":"AOI03","locality":"Bidur","product":"EMSR927_AOI03_GRA_MONIT01_v1","post_event_date":"2026-08-27","method":"Photo-interpretation"},"geometry":{"type":"MultiLineString","coordinates":[[[85.1448248,27.9087128],[85.1448538,27.9088108],[85.1449332,27.9088603],[85.145127,27.9089036],[85.1452717,27.9088768],[85.1455029,27.9088892],[85.1455517,27.9090549],[85.1456196,27.9091554],[85.145622,27.9092524],[85.145657,27.9094814],[85.1456103,27.9095412],[85.1456033,27.9096568],[85.1455613,27.9097538],[85.1454702,27.9098693],[85.1454262,27.9099144],[85.1453978,27.9099436],[85.1453348,27.9101809]]]}},{"type":"Feature","properties":{"grade":"No visible damage","kind":"road","name":null,"aoi":"AOI03","locality":"Bidur","product":"EMSR927_AOI03_GRA_MONIT01_v1","post_event_date":"2026-08-27","method":"Photo-interpretation"},"geometry":{"type":"MultiLineString","coordinates":[[[85.1454262,27.9099144],[85.145155,27.9097414]]]}},{"type":"Feature","properties":{"grade":"No visible damage","kind":"road","name":"Nuwakot Bageshwari Path","aoi":"AOI03","locality":"Bidur","product":"EMSR927_AOI03_GRA_MONIT01_v1","post_event_date":"2026-08-28","method":"Photo-interpretation"},"geometry":{"type":"MultiLineString","coordinates":[[[85.1442629,27.911121],[85.1443065,27.9113916],[85.1443313,27.9114386],[85.1443951,27.9114965],[85.1444856,27.9115463],[85.1445915,27.9115358],[85.1447269,27.9114836],[85.1447926,27.9114528],[85.1448745,27.9114208],[85.1449455,27.9113829],[85.1450153,27.9113284],[85.1451641,27.9111672],[85.1453747,27.9108069],[85.1455155,27.9105841],[85.1455812,27.9104893],[85.1456738,27.9103992],[85.1457406,27.9103905],[85.1457969,27.910407],[85.1458121,27.9104512],[85.145794,27.9104998],[85.1457383,27.910654],[85.1456872,27.9108413],[85.1456738,27.9109254],[85.1457169,27.9110048],[85.1457757,27.911006],[85.1458266,27.9109669],[85.1458561,27.9109159],[85.1459031,27.9108259],[85.1459607,27.9107489],[85.1460238,27.9106908],[85.1460895,27.9106268],[85.14609808,27.91061783]]]}},{"type":"Feature","properties":{"grade":"No visible damage","kind":"road","name":null,"aoi":"AOI03","locality":"Bidur","product":"EMSR927_AOI03_GRA_MONIT01_v1","post_event_date":"2026-08-28","method":"Photo-interpretation"},"geometry":{"type":"MultiLineString","coordinates":[[[85.1436654,27.9135419],[85.1436946,27.9137969],[85.1438228,27.913851],[85.1439482,27.9138098],[85.1439627,27.9136192],[85.1442829,27.9131589],[85.1444641,27.9128284],[85.1446536,27.9126327]]]}},{"type":"Feature","properties":{"grade":"No visible damage","kind":"road","name":null,"aoi":"AOI03","locality":"Bidur","product":"EMSR927_AOI03_GRA_MONIT01_v1","post_event_date":"2026-08-28","method":"Photo-interpretation"},"geometry":{"type":"MultiLineString","coordinates":[[[85.1436205,27.9148277],[85.1433921,27.9148844],[85.1432119,27.9149495],[85.1429448,27.9150685],[85.1427937,27.9151319],[85.1427425,27.9152287],[85.1428935,27.9154297],[85.142648,27.9156632],[85.1427128,27.9159268],[85.1425642,27.916035],[85.1423776,27.9161123],[85.1418792,27.9155869],[85.1417108,27.9155022]]]}},{"type":"Feature","properties":{"grade":"No visible damage","kind":"road","name":null,"aoi":"AOI03","locality":"Bidur","product":"EMSR927_AOI03_GRA_MONIT01_v1","post_event_date":"2026-08-28","method":"Photo-interpretation"},"geometry":{"type":"MultiLineString","coordinates":[[[85.142648,27.9156632],[85.1427394,27.9156298],[85.1429989,27.9155985],[85.1431556,27.9155991],[85.1434545,27.9155839]]]}},{"type":"Feature","properties":{"grade":"No visible damage","kind":"road","name":null,"aoi":"AOI03","locality":"Bidur","product":"EMSR927_AOI03_GRA_MONIT01_v1","post_event_date":"2026-08-28","method":"Photo-interpretation"},"geometry":{"type":"MultiLineString","coordinates":[[[85.1423776,27.9161123],[85.1424736,27.9163251],[85.1425204,27.9164291],[85.1429664,27.9167717],[85.1432754,27.9168721]]]}},{"type":"Feature","properties":{"grade":"No visible damage","kind":"road","name":null,"aoi":"AOI03","locality":"Bidur","product":"EMSR927_AOI03_GRA_MONIT01_v1","post_event_date":"2026-08-28","method":"Photo-interpretation"},"geometry":{"type":"MultiLineString","coordinates":[[[85.1447644,27.9172194],[85.1448725,27.9171091],[85.1449686,27.9171941],[85.1451906,27.9174294],[85.1455235,27.9176582],[85.14574481,27.91778857]]]}},{"type":"Feature","properties":{"grade":"No visible damage","kind":"road","name":null,"aoi":"AOI03","locality":"Bidur","product":"EMSR927_AOI03_GRA_MONIT01_v1","post_event_date":"2026-08-27","method":"Photo-interpretation"},"geometry":{"type":"MultiLineString","coordinates":[[[85.1475603,27.9040266],[85.147662,27.9037806],[85.1477285,27.9036973],[85.147884,27.9035027],[85.147902,27.9034177],[85.1479654,27.9031185],[85.1479765,27.9029386],[85.1479765,27.9028193],[85.1480394,27.9027261]]]}},{"type":"Feature","properties":{"grade":"No visible damage","kind":"road","name":null,"aoi":"AOI03","locality":"Bidur","product":"EMSR927_AOI03_GRA_MONIT01_v1","post_event_date":"2026-08-27","method":"Photo-interpretation"},"geometry":{"type":"MultiLineString","coordinates":[[[85.1477285,27.9036973],[85.1478004,27.9037195],[85.1482215,27.9038063]]]}},{"type":"Feature","properties":{"grade":"No visible damage","kind":"road","name":null,"aoi":"AOI03","locality":"Bidur","product":"EMSR927_AOI03_GRA_MONIT01_v1","post_event_date":"2026-08-27","method":"Photo-interpretation"},"geometry":{"type":"MultiLineString","coordinates":[[[85.1490901,27.9040086],[85.1491809,27.9040655],[85.1492936,27.9040489],[85.1493204,27.9040347],[85.1494384,27.9040489],[85.1495028,27.9040442],[85.1496316,27.9039897],[85.1497952,27.9039731],[85.14996165,27.90394323]]]}},{"type":"Feature","properties":{"grade":"Destroyed","kind":"road","name":null,"aoi":"AOI03","locality":"Bidur","product":"EMSR927_AOI03_GRA_MONIT01_v1","post_event_date":"2026-08-28","method":"Photo-interpretation"},"geometry":{"type":"MultiLineString","coordinates":[[[85.1494991,27.9216655],[85.1496076,27.9215],[85.1496026,27.9214386],[85.149556,27.9213687],[85.1494768,27.9213195],[85.1490743,27.9211269],[85.1487184,27.9210055],[85.1485259,27.9209361],[85.1482775,27.9209154],[85.1481331,27.920912],[85.14809595,27.9208997],[85.1480588,27.9208874],[85.1479963,27.9208608],[85.1478918,27.9207734],[85.1476318,27.9205746],[85.146951,27.920319],[85.1465653,27.9201099],[85.1459278,27.9197227]]]}},{"type":"Feature","properties":{"grade":"No visible damage","kind":"road","name":null,"aoi":"AOI03","locality":"Bidur","product":"EMSR927_AOI03_GRA_MONIT01_v1","post_event_date":"2026-08-27","method":"Photo-interpretation"},"geometry":{"type":"MultiLineString","coordinates":[[[85.15196571,27.9207167],[85.1520963,27.9208656],[85.1521221,27.92086143]]]}},{"type":"Feature","properties":{"grade":"Possibly damaged","kind":"road","name":null,"aoi":"AOI03","locality":"Bidur","product":"EMSR927_AOI03_GRA_MONIT01_v1","post_event_date":"2026-08-28","method":"Photo-interpretation"},"geometry":{"type":"MultiLineString","coordinates":[[[85.13756579,27.91213435],[85.1375656,27.9121347],[85.1376745,27.9125753]]]}},{"type":"Feature","properties":{"grade":"No visible damage","kind":"road","name":null,"aoi":"AOI03","locality":"Bidur","product":"EMSR927_AOI03_GRA_MONIT01_v1","post_event_date":"2026-08-28","method":"Photo-interpretation"},"geometry":{"type":"MultiLineString","coordinates":[[[85.1376745,27.9125753],[85.1374554,27.9128956]]]}},{"type":"Feature","properties":{"grade":"No visible damage","kind":"road","name":null,"aoi":"AOI03","locality":"Bidur","product":"EMSR927_AOI03_GRA_MONIT01_v1","post_event_date":"2026-08-28","method":"Photo-interpretation"},"geometry":{"type":"MultiLineString","coordinates":[[[85.13751106,27.91402961],[85.137498,27.9139062],[85.1372118,27.9136594],[85.1372323,27.9134276],[85.1373139,27.9131603],[85.1374554,27.9128956]]]}},{"type":"Feature","properties":{"grade":"Destroyed","kind":"road","name":null,"aoi":"AOI03","locality":"Bidur","product":"EMSR927_AOI03_GRA_MONIT01_v1","post_event_date":"2026-08-28","method":"Photo-interpretation"},"geometry":{"type":"MultiLineString","coordinates":[[[85.1376171,27.9120379],[85.1375533,27.9120559],[85.1375252,27.9120595],[85.1374179,27.9120784],[85.1373213,27.9121164],[85.1372409,27.9121526],[85.1371014,27.9122444],[85.1369941,27.912306],[85.1369136,27.9123818],[85.1368332,27.9124434],[85.1367581,27.9125193],[85.136683,27.9126236],[85.136463,27.912908],[85.1362914,27.9131213],[85.1362002,27.9132114],[85.1361304,27.9132446],[85.1360607,27.9133109],[85.1359802,27.9133915],[85.1358601,27.913494],[85.1358247,27.9135242],[85.1357174,27.9136475],[85.135594,27.9137707],[85.1354545,27.9139603],[85.1352829,27.9141974],[85.1351434,27.9143443],[85.13502,27.9144865],[85.1349342,27.9145529],[85.1348698,27.9146714],[85.1348162,27.9148136],[85.134784,27.9148894],[85.1347089,27.9149558],[85.1346284,27.9149368],[85.1345694,27.914861],[85.1345748,27.9147899],[85.1345801,27.9147235],[85.1346069,27.9146809],[85.1346552,27.914624],[85.1346874,27.9145891],[85.1347571,27.9145481],[85.1348054,27.9145055],[85.1348322,27.9144469],[85.1348537,27.9144202],[85.1348752,27.9143491],[85.1348805,27.9142969],[85.1348752,27.9142353],[85.1348215,27.9141879],[85.1347571,27.9141879],[85.134682,27.9142211],[85.1346391,27.9142874]]]}},{"type":"Feature","properties":{"grade":"Destroyed","kind":"road","name":null,"aoi":"AOI03","locality":"Bidur","product":"EMSR927_AOI03_GRA_MONIT01_v1","post_event_date":"2026-08-28","method":"Photo-interpretation"},"geometry":{"type":"MultiLineString","coordinates":[[[85.1358601,27.913494],[85.1366937,27.9140599]]]}},{"type":"Feature","properties":{"grade":"Possibly damaged","kind":"road","name":null,"aoi":"AOI03","locality":"Bidur","product":"EMSR927_AOI03_GRA_MONIT01_v1","post_event_date":"2026-08-28","method":"Photo-interpretation"},"geometry":{"type":"MultiLineString","coordinates":[[[85.1375587,27.9144798],[85.13751106,27.91402961]]]}},{"type":"Feature","properties":{"grade":"Possibly damaged","kind":"road","name":null,"aoi":"AOI03","locality":"Bidur","product":"EMSR927_AOI03_GRA_MONIT01_v1","post_event_date":"2026-08-28","method":"Photo-interpretation"},"geometry":{"type":"MultiLineString","coordinates":[[[85.1375587,27.9144798],[85.13755674,27.91449695]]]}},{"type":"Feature","properties":{"grade":"Destroyed","kind":"road","name":null,"aoi":"AOI03","locality":"Bidur","product":"EMSR927_AOI03_GRA_MONIT01_v1","post_event_date":"2026-08-28","method":"Photo-interpretation"},"geometry":{"type":"MultiLineString","coordinates":[[[85.13755674,27.91449695],[85.1375492,27.9145627],[85.1378748,27.9147723],[85.13795051,27.91482015]]]}},{"type":"Feature","properties":{"grade":"Possibly damaged","kind":"road","name":null,"aoi":"AOI03","locality":"Bidur","product":"EMSR927_AOI03_GRA_MONIT01_v1","post_event_date":"2026-08-27","method":"Photo-interpretation"},"geometry":{"type":"MultiLineString","coordinates":[[[85.13795051,27.91482015],[85.13865787,27.9152672]]]}},{"type":"Feature","properties":{"grade":"Destroyed","kind":"road","name":null,"aoi":"AOI03","locality":"Bidur","product":"EMSR927_AOI03_GRA_MONIT01_v1","post_event_date":"2026-08-27","method":"Photo-interpretation"},"geometry":{"type":"MultiLineString","coordinates":[[[85.13865787,27.9152672],[85.1388941,27.9154165],[85.1390198,27.91550151]]]}},{"type":"Feature","properties":{"grade":"No visible damage","kind":"road","name":null,"aoi":"AOI03","locality":"Bidur","product":"EMSR927_AOI03_GRA_MONIT01_v1","post_event_date":"2026-08-28","method":"Photo-interpretation"},"geometry":{"type":"MultiLineString","coordinates":[[[85.14070139,27.9154837],[85.14130729,27.91583],[85.1414841,27.9159366]]]}},{"type":"Feature","properties":{"grade":"Possibly damaged","kind":"road","name":null,"aoi":"AOI03","locality":"Bidur","product":"EMSR927_AOI03_GRA_MONIT01_v1","post_event_date":"2026-08-28","method":"Photo-interpretation"},"geometry":{"type":"MultiLineString","coordinates":[[[85.1390198,27.91550151],[85.1399346,27.9161202],[85.1399929,27.9161447],[85.1412902,27.9166893],[85.14146,27.9167519]]]}},{"type":"Feature","properties":{"grade":"Possibly damaged","kind":"road","name":null,"aoi":"AOI03","locality":"Bidur","product":"EMSR927_AOI03_GRA_MONIT01_v1","post_event_date":"2026-08-28","method":"Photo-interpretation"},"geometry":{"type":"MultiLineString","coordinates":[[[85.13987339,27.91626257],[85.1399929,27.9161447]]]}},{"type":"Feature","properties":{"grade":"Destroyed","kind":"road","name":null,"aoi":"AOI03","locality":"Bidur","product":"EMSR927_AOI03_GRA_MONIT01_v1","post_event_date":"2026-08-28","method":"Photo-interpretation"},"geometry":{"type":"MultiLineString","coordinates":[[[85.1396438,27.9162315],[85.1395644,27.9162481],[85.139534,27.9162749],[85.1395574,27.9163161],[85.1396531,27.9163492],[85.1397208,27.9163492],[85.1398032,27.9163318],[85.13987339,27.91626257]]]}},{"type":"Feature","properties":{"grade":"Destroyed","kind":"road","name":null,"aoi":"AOI03","locality":"Bidur","product":"EMSR927_AOI03_GRA_MONIT01_v1","post_event_date":"2026-08-28","method":"Photo-interpretation"},"geometry":{"type":"MultiLineString","coordinates":[[[85.1433428,27.9185992],[85.1405347,27.9167564],[85.1402525,27.9165926],[85.1398032,27.9163318]]]}},{"type":"Feature","properties":{"grade":"Possibly damaged","kind":"road","name":null,"aoi":"AOI03","locality":"Bidur","product":"EMSR927_AOI03_GRA_MONIT01_v1","post_event_date":"2026-08-28","method":"Photo-interpretation"},"geometry":{"type":"MultiLineString","coordinates":[[[85.13631227,27.91787891],[85.1362342,27.9178103],[85.1357586,27.9175151],[85.135399,27.9173313],[85.13521079,27.91732135]]]}},{"type":"Feature","properties":{"grade":"Destroyed","kind":"road","name":null,"aoi":"AOI03","locality":"Bidur","product":"EMSR927_AOI03_GRA_MONIT01_v1","post_event_date":"2026-08-28","method":"Photo-interpretation"},"geometry":{"type":"MultiLineString","coordinates":[[[85.138946,27.9180806],[85.1388413,27.9178548],[85.1387157,27.9176534],[85.1386893,27.917639],[85.1386903,27.9175404]]]}},{"type":"Feature","properties":{"grade":"Destroyed","kind":"road","name":null,"aoi":"AOI03","locality":"Bidur","product":"EMSR927_AOI03_GRA_MONIT01_v1","post_event_date":"2026-08-28","method":"Photo-interpretation"},"geometry":{"type":"MultiLineString","coordinates":[[[85.13648219,27.91802519],[85.1364776,27.9180242],[85.13631227,27.91787891]]]}},{"type":"Feature","properties":{"grade":"Destroyed","kind":"road","name":null,"aoi":"AOI03","locality":"Bidur","product":"EMSR927_AOI03_GRA_MONIT01_v1","post_event_date":"2026-08-28","method":"Photo-interpretation"},"geometry":{"type":"MultiLineString","coordinates":[[[85.13659853,27.91805038],[85.13648219,27.91802519]]]}},{"type":"Feature","properties":{"grade":"Destroyed","kind":"road","name":null,"aoi":"AOI03","locality":"Bidur","product":"EMSR927_AOI03_GRA_MONIT01_v1","post_event_date":"2026-08-28","method":"Photo-interpretation"},"geometry":{"type":"MultiLineString","coordinates":[[[85.1400861,27.9179632],[85.1399254,27.9180097],[85.1397997,27.9179942],[85.139601,27.9179348],[85.139414,27.9179064],[85.1391978,27.9179064],[85.1390868,27.917989],[85.138946,27.9180806],[85.1389078,27.9181054],[85.1388158,27.9184165],[85.1387661,27.918605],[85.1385148,27.9188954],[85.1383629,27.9189832],[85.1380751,27.9190465],[85.137723,27.9191665],[85.1374717,27.9192053]]]}},{"type":"Feature","properties":{"grade":"No visible damage","kind":"road","name":null,"aoi":"AOI03","locality":"Bidur","product":"EMSR927_AOI03_GRA_MONIT01_v1","post_event_date":"2026-08-28","method":"Photo-interpretation"},"geometry":{"type":"MultiLineString","coordinates":[[[85.14579733,27.91784081],[85.14579734,27.91784081]]]}},{"type":"Feature","properties":{"grade":"No visible damage","kind":"road","name":null,"aoi":"AOI03","locality":"Bidur","product":"EMSR927_AOI03_GRA_MONIT01_v1","post_event_date":"2026-08-28","method":"Photo-interpretation"},"geometry":{"type":"MultiLineString","coordinates":[[[85.14579734,27.91784081],[85.1459229,27.9180047],[85.14597333,27.91801583]]]}},{"type":"Feature","properties":{"grade":"Possibly damaged","kind":"road","name":"Pasang Lhamu Highway","aoi":"AOI03","locality":"Bidur","product":"EMSR927_AOI03_GRA_MONIT01_v1","post_event_date":"2026-08-28","method":"Photo-interpretation"},"geometry":{"type":"MultiLineString","coordinates":[[[85.14428267,27.91848173],[85.1441509,27.9183727],[85.14408398,27.91826601]]]}},{"type":"Feature","properties":{"grade":"No visible damage","kind":"road","name":null,"aoi":"AOI03","locality":"Bidur","product":"EMSR927_AOI03_GRA_MONIT01_v1","post_event_date":"2026-08-28","method":"Photo-interpretation"},"geometry":{"type":"MultiLineString","coordinates":[[[85.14605889,27.91810092],[85.1459525,27.9182531],[85.1459747,27.9183904],[85.1464112,27.9186976],[85.1467293,27.9189002],[85.14687888,27.91891638]]]}},{"type":"Feature","properties":{"grade":"Destroyed","kind":"road","name":null,"aoi":"AOI03","locality":"Bidur","product":"EMSR927_AOI03_GRA_MONIT01_v1","post_event_date":"2026-08-28","method":"Photo-interpretation"},"geometry":{"type":"MultiLineString","coordinates":[[[85.1443462,27.9185343],[85.14425992,27.9185774]]]}},{"type":"Feature","properties":{"grade":"Destroyed","kind":"road","name":null,"aoi":"AOI03","locality":"Bidur","product":"EMSR927_AOI03_GRA_MONIT01_v1","post_event_date":"2026-08-28","method":"Photo-interpretation"},"geometry":{"type":"MultiLineString","coordinates":[[[85.1441755,27.91860184],[85.1441029,27.9186156],[85.1438789,27.9185378],[85.1438007,27.91852]]]}},{"type":"Feature","properties":{"grade":"Possibly damaged","kind":"road","name":null,"aoi":"AOI03","locality":"Bidur","product":"EMSR927_AOI03_GRA_MONIT01_v1","post_event_date":"2026-08-28","method":"Photo-interpretation"},"geometry":{"type":"MultiLineString","coordinates":[[[85.14425992,27.9185774],[85.1442327,27.918591],[85.1441755,27.91860184]]]}},{"type":"Feature","properties":{"grade":"Destroyed","kind":"road","name":"Pasang Lhamu Highway","aoi":"AOI03","locality":"Bidur","product":"EMSR927_AOI03_GRA_MONIT01_v1","post_event_date":"2026-08-28","method":"Photo-interpretation"},"geometry":{"type":"MultiLineString","coordinates":[[[85.14691845,27.91983184],[85.1468546,27.9198136],[85.1459673,27.9197022],[85.1459278,27.9197227],[85.1449548,27.9190659],[85.1446579,27.9187487],[85.1444052,27.9185771],[85.1443462,27.9185343],[85.14428267,27.91848173]]]}},{"type":"Feature","properties":{"grade":"Destroyed","kind":"road","name":null,"aoi":"AOI03","locality":"Bidur","product":"EMSR927_AOI03_GRA_MONIT01_v1","post_event_date":"2026-08-28","method":"Photo-interpretation"},"geometry":{"type":"MultiLineString","coordinates":[[[85.1443075,27.9196248],[85.1442835,27.9195832],[85.1442206,27.9195554],[85.1441986,27.9195193],[85.1441997,27.919474],[85.1442164,27.9194443],[85.1442468,27.9194101],[85.1442782,27.9193759],[85.1443222,27.9193176],[85.1443693,27.9192454],[85.1444248,27.9191732],[85.1444908,27.9190769],[85.1447081,27.9192007],[85.1448458,27.9192791]]]}},{"type":"Feature","properties":{"grade":"Destroyed","kind":"road","name":null,"aoi":"AOI03","locality":"Bidur","product":"EMSR927_AOI03_GRA_MONIT01_v1","post_event_date":"2026-08-28","method":"Photo-interpretation"},"geometry":{"type":"MultiLineString","coordinates":[[[85.14787455,27.92182855],[85.14778227,27.92169456],[85.14781977,27.92159727],[85.14792403,27.9214895],[85.14809595,27.9208997]]]}},{"type":"Feature","properties":{"grade":"No visible damage","kind":"road","name":"Pasang Lhamu Highway","aoi":"AOI03","locality":"Bidur","product":"EMSR927_AOI03_GRA_MONIT01_v1","post_event_date":"2026-08-28","method":"Photo-interpretation"},"geometry":{"type":"MultiLineString","coordinates":[[[85.15352421,27.92332865],[85.1534286,27.92328093],[85.1533236,27.92328376],[85.1531181,27.9232893],[85.153004,27.9232808],[85.152805,27.923166],[85.1527208,27.9230926],[85.152662,27.9229984],[85.1526073,27.9228515],[85.1524614,27.9224707],[85.1522726,27.9221865],[85.1520645,27.9219456],[85.1518123,27.9216866],[85.1516672,27.9215828],[85.1513617,27.9214108],[85.1510783,27.9212628],[85.1510137,27.9212193],[85.1508214,27.9209912],[85.1507233,27.920914],[85.1505719,27.9208485],[85.1503024,27.920775],[85.1499375,27.9207062],[85.1498772,27.9206845],[85.149835,27.9206575],[85.1497918,27.9205884],[85.1497374,27.9204683],[85.1496745,27.9204161],[85.1495723,27.9203777],[85.1491498,27.9203198],[85.1481761,27.9202271],[85.1480203,27.9202065],[85.14780385,27.9201312]]]}},{"type":"Feature","properties":{"grade":"Destroyed","kind":"road","name":"trishuli bridge","aoi":"AOI03","locality":"Bidur","product":"EMSR927_AOI03_GRA_MONIT01_v1","post_event_date":"2026-08-28","method":"Photo-interpretation"},"geometry":{"type":"MultiLineString","coordinates":[[[85.14937,27.9221046],[85.1494991,27.9216655]]]}},{"type":"Feature","properties":{"grade":"Destroyed","kind":"road","name":null,"aoi":"AOI03","locality":"Bidur","product":"EMSR927_AOI03_GRA_MONIT01_v1","post_event_date":"2026-08-28","method":"Photo-interpretation"},"geometry":{"type":"MultiLineString","coordinates":[[[85.14937,27.9221046],[85.1492805,27.9221945],[85.1487269,27.9219911],[85.1483333,27.9218753],[85.148045,27.9218185],[85.14787455,27.92182855],[85.1477041,27.9218386],[85.1476297,27.9218696],[85.1475305,27.9220777],[85.14751987,27.92210591],[85.1474954,27.9221708]]]}},{"type":"Feature","properties":{"grade":"Destroyed","kind":"road","name":null,"aoi":"AOI03","locality":"Bidur","product":"EMSR927_AOI03_GRA_MONIT01_v1","post_event_date":"2026-08-28","method":"Photo-interpretation"},"geometry":{"type":"MultiLineString","coordinates":[[[85.1497436,27.9226945],[85.1501953,27.9225429]]]}},{"type":"Feature","properties":{"grade":"Destroyed","kind":"road","name":null,"aoi":"AOI03","locality":"Bidur","product":"EMSR927_AOI03_GRA_MONIT01_v1","post_event_date":"2026-08-28","method":"Photo-interpretation"},"geometry":{"type":"MultiLineString","coordinates":[[[85.1484821,27.9229524],[85.1486925,27.9231359],[85.1488993,27.9234058]]]}},{"type":"Feature","properties":{"grade":"Destroyed","kind":"road","name":null,"aoi":"AOI03","locality":"Bidur","product":"EMSR927_AOI03_GRA_MONIT01_v1","post_event_date":"2026-08-28","method":"Photo-interpretation"},"geometry":{"type":"MultiLineString","coordinates":[[[85.1492732,27.9232487],[85.1488993,27.9234058]]]}},{"type":"Feature","properties":{"grade":"Destroyed","kind":"road","name":null,"aoi":"AOI03","locality":"Bidur","product":"EMSR927_AOI03_GRA_MONIT01_v1","post_event_date":"2026-08-28","method":"Photo-interpretation"},"geometry":{"type":"MultiLineString","coordinates":[[[85.1482907,27.9232235],[85.1479913,27.9234277],[85.1479726,27.92344272]]]}},{"type":"Feature","properties":{"grade":"Destroyed","kind":"road","name":null,"aoi":"AOI03","locality":"Bidur","product":"EMSR927_AOI03_GRA_MONIT01_v1","post_event_date":"2026-08-28","method":"Photo-interpretation"},"geometry":{"type":"MultiLineString","coordinates":[[[85.14786097,27.92425654],[85.1486378,27.9239132],[85.1490356,27.923761],[85.1495237,27.9235743],[85.1497749,27.9235356],[85.1498314,27.9234229],[85.1498376,27.9232878],[85.1498996,27.9229765],[85.1498465,27.9228306],[85.1498345,27.9227976],[85.1497436,27.9226945],[85.149005,27.9228164]]]}},{"type":"Feature","properties":{"grade":"Possibly damaged","kind":"road","name":null,"aoi":"AOI03","locality":"Bidur","product":"EMSR927_AOI03_GRA_MONIT01_v1","post_event_date":"2026-08-28","method":"Photo-interpretation"},"geometry":{"type":"MultiLineString","coordinates":[[[85.1479726,27.92344272],[85.1477413,27.9236285],[85.1475429,27.9237691],[85.1476297,27.9238804],[85.1476485,27.9239143],[85.1477433,27.9240849],[85.1477537,27.9242072],[85.1478115,27.9242784],[85.14786097,27.92425654]]]}},{"type":"Feature","properties":{"grade":"No visible damage","kind":"road","name":"Pasang Lhamu Highway","aoi":"AOI03","locality":"Bidur","product":"EMSR927_AOI03_GRA_MONIT01_v1","post_event_date":"2026-08-28","method":"Photo-interpretation"},"geometry":{"type":"MultiLineString","coordinates":[[[85.15352421,27.92332865],[85.15366945,27.92349645],[85.15369595,27.92357878],[85.15371516,27.92369444],[85.1536872,27.9237879],[85.1536946,27.9238701],[85.1537335,27.9239361],[85.1538137,27.92397497],[85.15391112,27.92401293],[85.15402092,27.92407623],[85.15405757,27.92412868]]]}},{"type":"Feature","properties":{"grade":"No visible damage","kind":"road","name":null,"aoi":"AOI03","locality":"Bidur","product":"EMSR927_AOI03_GRA_MONIT01_v1","post_event_date":"2026-08-28","method":"Photo-interpretation"},"geometry":{"type":"MultiLineString","coordinates":[[[85.15413226,27.92436116],[85.15404249,27.92435291]]]}},{"type":"Feature","properties":{"grade":"No visible damage","kind":"road","name":null,"aoi":"AOI03","locality":"Bidur","product":"EMSR927_AOI03_GRA_MONIT01_v1","post_event_date":"2026-08-28","method":"Photo-interpretation"},"geometry":{"type":"MultiLineString","coordinates":[[[85.15415141,27.92442077],[85.15404249,27.92435291]]]}},{"type":"Feature","properties":{"grade":"No visible damage","kind":"road","name":null,"aoi":"AOI03","locality":"Bidur","product":"EMSR927_AOI03_GRA_MONIT01_v1","post_event_date":"2026-08-28","method":"Photo-interpretation"},"geometry":{"type":"MultiLineString","coordinates":[[[85.15431427,27.92492765],[85.1542098,27.9248446],[85.153951,27.9246303],[85.15379698,27.9245281]]]}},{"type":"Feature","properties":{"grade":"No visible damage","kind":"road","name":null,"aoi":"AOI03","locality":"Bidur","product":"EMSR927_AOI03_GRA_MONIT01_v1","post_event_date":"2026-08-28","method":"Photo-interpretation"},"geometry":{"type":"MultiLineString","coordinates":[[[85.1525766,27.9278379],[85.1525938,27.9278888],[85.1526179,27.9279978],[85.1526501,27.9280665],[85.1526957,27.9281068],[85.1527574,27.9281258],[85.1528151,27.9281126],[85.1528727,27.9280784],[85.1529505,27.9279765],[85.1530578,27.9277869],[85.1531812,27.9274053],[85.1532563,27.927083],[85.1533435,27.9267452],[85.1534789,27.9264195],[85.15366,27.9260769],[85.1538196,27.9257608],[85.1539671,27.9255736],[85.1540703,27.9254702],[85.1542326,27.9253697],[85.1543238,27.9253058],[85.1543748,27.9252512],[85.15439125,27.92521686]]]}},{"type":"Feature","properties":{"grade":"No visible damage","kind":"road","name":"Pasang Lhamu Highway","aoi":"AOI03","locality":"Bidur","product":"EMSR927_AOI03_GRA_MONIT01_v1","post_event_date":"2026-08-28","method":"Photo-interpretation"},"geometry":{"type":"MultiLineString","coordinates":[[[85.15407455,27.92418153],[85.15408012,27.92425003],[85.15404249,27.92435291],[85.15402408,27.92440325],[85.15399018,27.92444955],[85.15390778,27.92450295],[85.15381138,27.92452985],[85.15379698,27.9245281],[85.15378258,27.92452635],[85.15373598,27.92452075],[85.153399,27.9243743],[85.1532057,27.9243331],[85.1530304,27.9243522],[85.1529009,27.9243989],[85.1527916,27.924488],[85.1527145,27.9245985],[85.1526773,27.9247284],[85.1529064,27.9257598],[85.1529385,27.926561],[85.1528263,27.927202],[85.1527696,27.9274962],[85.1526423,27.9277545],[85.1525766,27.9278379],[85.151961,27.9283237],[85.1519237,27.9284467],[85.1518969,27.9286121],[85.1520942,27.928911],[85.1524607,27.9291956],[85.1525683,27.9297052],[85.1525514,27.9298816],[85.1525814,27.9299843],[85.1526225,27.9300555],[85.1526687,27.930098],[85.15272068,27.9301248]]]}},{"type":"Feature","properties":{"grade":"No visible damage","kind":"road","name":null,"aoi":"AOI03","locality":"Bidur","product":"EMSR927_AOI03_GRA_MONIT01_v1","post_event_date":"2026-08-28","method":"Photo-interpretation"},"geometry":{"type":"MultiLineString","coordinates":[[[85.16030442,27.93641864],[85.16030442,27.93641863]]]}},{"type":"Feature","properties":{"grade":"No visible damage","kind":"road","name":null,"aoi":"AOI03","locality":"Bidur","product":"EMSR927_AOI03_GRA_MONIT01_v1","post_event_date":"2026-08-28","method":"Photo-interpretation"},"geometry":{"type":"MultiLineString","coordinates":[[[85.1550988,27.92935738],[85.1550273,27.9293514],[85.154909,27.9294342],[85.1547939,27.9295155],[85.1546837,27.9295969],[85.1546015,27.9295998],[85.1544601,27.9296187],[85.1544091,27.9296303],[85.1543286,27.9295751],[85.1541329,27.9294516],[85.1541461,27.9294153],[85.1540803,27.929363],[85.1540157,27.9292585],[85.1539504,27.9289984],[85.1538659,27.9289169],[85.1537762,27.9289072],[85.1535154,27.9289351],[85.1533754,27.9288831],[85.1529201,27.9288786],[85.1528844,27.928782],[85.1528996,27.928675],[85.1529438,27.9286011],[85.1529298,27.9285066],[85.1529019,27.9284285],[85.1528787,27.9283217],[85.1528368,27.9282169],[85.152802,27.9281635],[85.1528151,27.9281126]]]}},{"type":"Feature","properties":{"grade":"Possibly damaged","kind":"road","name":"Pasang Lhamu Highway","aoi":"AOI03","locality":"Bidur","product":"EMSR927_AOI03_GRA_MONIT01_v1","post_event_date":"2026-08-28","method":"Photo-interpretation"},"geometry":{"type":"MultiLineString","coordinates":[[[85.15272068,27.9301248],[85.1531296,27.93033566]]]}},{"type":"Feature","properties":{"grade":"Destroyed","kind":"road","name":"Pasang Lhamu Highway","aoi":"AOI03","locality":"Bidur","product":"EMSR927_AOI03_GRA_MONIT01_v1","post_event_date":"2026-08-28","method":"Photo-interpretation"},"geometry":{"type":"MultiLineString","coordinates":[[[85.1531296,27.93033566],[85.1535474,27.9305511],[85.1538452,27.9306037],[85.1542525,27.9306633],[85.15451133,27.93074047]]]}},{"type":"Feature","properties":{"grade":"Possibly damaged","kind":"road","name":"Pasang Lhamu Highway","aoi":"AOI03","locality":"Bidur","product":"EMSR927_AOI03_GRA_MONIT01_v1","post_event_date":"2026-08-28","method":"Photo-interpretation"},"geometry":{"type":"MultiLineString","coordinates":[[[85.15451133,27.93074047],[85.1548193,27.9308323]]]}},{"type":"Feature","properties":{"grade":"No visible damage","kind":"road","name":"Pasang Lhamu Highway","aoi":"AOI03","locality":"Bidur","product":"EMSR927_AOI03_GRA_MONIT01_v1","post_event_date":"2026-08-28","method":"Photo-interpretation"},"geometry":{"type":"MultiLineString","coordinates":[[[85.1548193,27.9308323],[85.1549519,27.9308719]]]}},{"type":"Feature","properties":{"grade":"No visible damage","kind":"road","name":"Pasang Lhamu Highway","aoi":"AOI03","locality":"Bidur","product":"EMSR927_AOI03_GRA_MONIT01_v1","post_event_date":"2026-08-28","method":"Photo-interpretation"},"geometry":{"type":"MultiLineString","coordinates":[[[85.1549519,27.9308719],[85.1553143,27.9310098],[85.1556744,27.931018],[85.1558585,27.9310126],[85.1560224,27.9310804],[85.1561059,27.9311414],[85.1561778,27.9312473],[85.1561981,27.931307],[85.1562201,27.9317723],[85.15662,27.9322748],[85.1569603,27.9327241],[85.1570813,27.9331048],[85.1571241,27.9332397],[85.1576726,27.933917],[85.1578503,27.9341894],[85.1578556,27.9345557],[85.1576619,27.9350801],[85.1578037,27.93555],[85.15772644,27.93629215]]]}},{"type":"Feature","properties":{"grade":"No visible damage","kind":"road","name":null,"aoi":"AOI03","locality":"Bidur","product":"EMSR927_AOI03_GRA_MONIT01_v1","post_event_date":"2026-08-28","method":"Photo-interpretation"},"geometry":{"type":"MultiLineString","coordinates":[[[85.1579496,27.9333954],[85.1581169,27.9335097],[85.1583684,27.9336274],[85.1588224,27.9338505],[85.1589841,27.9340713],[85.1589866,27.9341419],[85.1589676,27.9342287],[85.1588947,27.9342449],[85.1588034,27.9342423],[85.1586732,27.9342465],[85.1585499,27.9342403],[85.1584662,27.9342896],[85.1584142,27.9343173]]]}},{"type":"Feature","properties":{"grade":"No visible damage","kind":"road","name":null,"aoi":"AOI03","locality":"Bidur","product":"EMSR927_AOI03_GRA_MONIT01_v1","post_event_date":"2026-08-28","method":"Photo-interpretation"},"geometry":{"type":"MultiLineString","coordinates":[[[85.1589866,27.9341419],[85.1591156,27.9342352],[85.1592709,27.9344051],[85.15949112,27.9345497]]]}},{"type":"Feature","properties":{"grade":"Possibly damaged","kind":"road","name":null,"aoi":"AOI03","locality":"Bidur","product":"EMSR927_AOI03_GRA_MONIT01_v1","post_event_date":"2026-08-28","method":"Photo-interpretation"},"geometry":{"type":"MultiLineString","coordinates":[[[85.1516402,27.9301614],[85.1515238,27.9300541],[85.1513912,27.9299959],[85.1511434,27.9299167],[85.1509961,27.9298261],[85.1508899,27.9296572],[85.1509076,27.929554],[85.1508227,27.929454],[85.1508545,27.929307],[85.150943,27.9291288],[85.1508924,27.92895297]]]}},{"type":"Feature","properties":{"grade":"No visible damage","kind":"road","name":null,"aoi":"AOI03","locality":"Bidur","product":"EMSR927_AOI03_GRA_MONIT01_v1","post_event_date":"2026-08-28","method":"Photo-interpretation"},"geometry":{"type":"MultiLineString","coordinates":[[[85.15184646,27.93006312],[85.1520371,27.9300015],[85.1523402,27.9298475],[85.1525683,27.9297052]]]}},{"type":"Feature","properties":{"grade":"Possibly damaged","kind":"road","name":null,"aoi":"AOI03","locality":"Bidur","product":"EMSR927_AOI03_GRA_MONIT01_v1","post_event_date":"2026-08-28","method":"Photo-interpretation"},"geometry":{"type":"MultiLineString","coordinates":[[[85.1516027,27.93019989],[85.1516402,27.9301614],[85.1516577,27.9301295],[85.1517099,27.9301176],[85.1517602,27.930091],[85.15184646,27.93006312]]]}},{"type":"Feature","properties":{"grade":"Destroyed","kind":"road","name":null,"aoi":"AOI03","locality":"Bidur","product":"EMSR927_AOI03_GRA_MONIT01_v1","post_event_date":"2026-08-28","method":"Photo-interpretation"},"geometry":{"type":"MultiLineString","coordinates":[[[85.15137768,27.93043089],[85.1516027,27.93019989]]]}},{"type":"Feature","properties":{"grade":"Destroyed","kind":"road","name":null,"aoi":"AOI03","locality":"Bidur","product":"EMSR927_AOI03_GRA_MONIT01_v1","post_event_date":"2026-08-28","method":"Photo-interpretation"},"geometry":{"type":"MultiLineString","coordinates":[[[85.1490854,27.9310051],[85.1488387,27.9306354],[85.1487609,27.9305003],[85.1486241,27.9303558],[85.1484953,27.9302539],[85.1483532,27.9301117],[85.1482083,27.9299885],[85.1481146,27.9298913],[85.1480636,27.9298913],[85.1479912,27.929915],[85.1478249,27.9299885],[85.1476981,27.9300448],[85.1475647,27.9300572],[85.1473877,27.9300501],[85.147267,27.9300856],[85.147149,27.9300951],[85.1470337,27.9300667],[85.1469183,27.9300217],[85.1468647,27.930024],[85.1468379,27.9300619],[85.14688,27.9301514],[85.14689025,27.9301849]]]}},{"type":"Feature","properties":{"grade":"Possibly damaged","kind":"road","name":null,"aoi":"AOI03","locality":"Bidur","product":"EMSR927_AOI03_GRA_MONIT01_v1","post_event_date":"2026-08-28","method":"Photo-interpretation"},"geometry":{"type":"MultiLineString","coordinates":[[[85.15106146,27.93079248],[85.1511011,27.9307148],[85.15137768,27.93043089]]]}},{"type":"Feature","properties":{"grade":"Destroyed","kind":"road","name":null,"aoi":"AOI03","locality":"Bidur","product":"EMSR927_AOI03_GRA_MONIT01_v1","post_event_date":"2026-08-28","method":"Photo-interpretation"},"geometry":{"type":"MultiLineString","coordinates":[[[85.1502749,27.9316532],[85.150342,27.9315442],[85.1504815,27.9313547],[85.1506612,27.9311864],[85.1507551,27.9311129],[85.1508865,27.931011],[85.150975,27.9309234],[85.1510394,27.9308357],[85.15106146,27.93079248]]]}},{"type":"Feature","properties":{"grade":"No visible damage","kind":"road","name":null,"aoi":"AOI03","locality":"Bidur","product":"EMSR927_AOI03_GRA_MONIT01_v1","post_event_date":"2026-08-28","method":"Photo-interpretation"},"geometry":{"type":"MultiLineString","coordinates":[[[85.15618871,27.93960566],[85.1561174,27.9395439],[85.155064,27.9387099],[85.1547917,27.9384848],[85.1544538,27.938204],[85.1538114,27.9377597],[85.1530738,27.9372408],[85.1525105,27.9368664],[85.1521524,27.9366638],[85.1517706,27.9364934],[85.1515369,27.9364055],[85.1512981,27.9363285],[85.1507993,27.9361792],[85.149875,27.9358958],[85.1494541,27.9357969],[85.1488872,27.9356962],[85.1485278,27.9356678],[85.1483642,27.9355594],[85.1482006,27.9350715],[85.1479354,27.9342752],[85.1476659,27.9334658],[85.1474701,27.9328178],[85.1472188,27.9321389],[85.1470522,27.9315503],[85.1468799,27.9310882],[85.1468098,27.9309536],[85.1466607,27.9306674],[85.1464328,27.9302079],[85.1464094,27.9298774],[85.1464276,27.929829],[85.146433,27.9298147],[85.1466198,27.9293172],[85.1468039,27.9288448],[85.1469529,27.9283724],[85.1470912,27.9281426],[85.1471556,27.9280541],[85.1472164,27.9279704],[85.1472977,27.9279206],[85.1473963,27.9278689],[85.1475096,27.9278324]]]}},{"type":"Feature","properties":{"grade":"Destroyed","kind":"road","name":null,"aoi":"AOI03","locality":"Bidur","product":"EMSR927_AOI03_GRA_MONIT01_v1","post_event_date":"2026-08-28","method":"Photo-interpretation"},"geometry":{"type":"MultiLineString","coordinates":[[[85.1508764,27.9354141],[85.1509225,27.9353919],[85.150979,27.9353383],[85.1510335,27.9352827],[85.1510607,27.9352383],[85.151111,27.9351865],[85.1511717,27.9351365],[85.1512031,27.9350644],[85.1511948,27.9349941],[85.1512199,27.9349108],[85.1512618,27.9348553],[85.1512953,27.9347979],[85.1513623,27.9347498],[85.1514042,27.9346998],[85.1514168,27.9346461],[85.1514838,27.9346073],[85.1515697,27.9345758],[85.1516325,27.9345536],[85.1517289,27.9345814],[85.1518315,27.9346443],[85.1518923,27.9346924],[85.1519803,27.9347535],[85.1520431,27.9347905],[85.1521279,27.934809],[85.1521855,27.9348053],[85.1522285,27.9347877],[85.1522609,27.9347424],[85.1522871,27.9346656],[85.1523102,27.9345879],[85.1523301,27.9345212],[85.1524201,27.9344176],[85.1525217,27.9343417],[85.152616,27.9342788],[85.1527123,27.9342621],[85.1527333,27.9342057],[85.1527542,27.9341187],[85.1528087,27.9340873],[85.1528715,27.9340965],[85.1529281,27.9341095],[85.15297,27.93414],[85.1530077,27.9341354]]]}},{"type":"Feature","properties":{"grade":"No visible damage","kind":"road","name":null,"aoi":"AOI03","locality":"Bidur","product":"EMSR927_AOI03_GRA_MONIT01_v1","post_event_date":"2026-08-28","method":"Photo-interpretation"},"geometry":{"type":"MultiLineString","coordinates":[[[85.1461925,27.9322137],[85.1470259,27.933854],[85.1470075,27.9341225],[85.147012,27.9342883],[85.1469551,27.9343709],[85.1469045,27.9344384],[85.1468743,27.9344786],[85.1469051,27.934555],[85.1469656,27.9345679],[85.147172,27.9345322],[85.1472717,27.9345735],[85.1473,27.9346128],[85.1475057,27.9348989],[85.1475726,27.9354143],[85.147783,27.9356407],[85.1478479,27.9358004],[85.1477793,27.9359389],[85.1476723,27.9360103],[85.147664,27.9361057],[85.1477471,27.9361438],[85.1478937,27.9361808],[85.1480056,27.936245],[85.1481616,27.9364314],[85.1485461,27.9368822],[85.1487067,27.9370244],[85.1488272,27.9370565],[85.1493126,27.9374379],[85.1493434,27.9375705]]]}},{"type":"Feature","properties":{"grade":"No visible damage","kind":"road","name":null,"aoi":"AOI03","locality":"Bidur","product":"EMSR927_AOI03_GRA_MONIT01_v1","post_event_date":"2026-08-28","method":"Photo-interpretation"},"geometry":{"type":"MultiLineString","coordinates":[[[85.1668106,27.9490389],[85.1668295,27.9489787],[85.16683434,27.94897441]]]}},{"type":"Feature","properties":{"grade":"No visible damage","kind":"road","name":null,"aoi":"AOI03","locality":"Bidur","product":"EMSR927_AOI03_GRA_MONIT01_v1","post_event_date":"2026-08-28","method":"Photo-interpretation"},"geometry":{"type":"MultiLineString","coordinates":[[[85.1668106,27.9490389],[85.16685273,27.9491071]]]}},{"type":"Feature","properties":{"grade":"Destroyed","kind":"road","name":null,"aoi":"AOI03","locality":"Bidur","product":"EMSR927_AOI03_GRA_MONIT01_v1","post_event_date":"2026-08-28","method":"Photo-interpretation"},"geometry":{"type":"MultiLineString","coordinates":[[[85.1727728,27.9625936],[85.17275312,27.96260631]]]}},{"type":"Feature","properties":{"grade":"Destroyed","kind":"road","name":"Pasang Lhamu Highway","aoi":"AOI03","locality":"Bidur","product":"EMSR927_AOI03_GRA_MONIT01_v1","post_event_date":"2026-08-28","method":"Photo-interpretation"},"geometry":{"type":"MultiLineString","coordinates":[[[85.17279042,27.96260944],[85.17300126,27.96279896]]]}},{"type":"Feature","properties":{"grade":"Destroyed","kind":"road","name":"Pasang Lhamu Highway","aoi":"AOI03","locality":"Bidur","product":"EMSR927_AOI03_GRA_MONIT01_v1","post_event_date":"2026-08-28","method":"Photo-interpretation"},"geometry":{"type":"MultiLineString","coordinates":[[[85.17300126,27.96279896],[85.17308926,27.96287806]]]}},{"type":"Feature","properties":{"grade":"Destroyed","kind":"road","name":"Pasang Lhamu Highway","aoi":"AOI03","locality":"Bidur","product":"EMSR927_AOI03_GRA_MONIT01_v1","post_event_date":"2026-08-28","method":"Photo-interpretation"},"geometry":{"type":"MultiLineString","coordinates":[[[85.17308926,27.96287806],[85.17322101,27.96299649]]]}},{"type":"Feature","properties":{"grade":"No visible damage","kind":"road","name":null,"aoi":"AOI03","locality":"Bidur","product":"EMSR927_AOI03_GRA_MONIT01_v1","post_event_date":"2026-08-28","method":"Photo-interpretation"},"geometry":{"type":"MultiLineString","coordinates":[[[85.1596743,27.9354039],[85.1593576,27.9354165],[85.1592613,27.9354109],[85.1589244,27.9354242],[85.1586704,27.9353916]]]}},{"type":"Feature","properties":{"grade":"No visible damage","kind":"road","name":null,"aoi":"AOI03","locality":"Bidur","product":"EMSR927_AOI03_GRA_MONIT01_v1","post_event_date":"2026-08-28","method":"Photo-interpretation"},"geometry":{"type":"MultiLineString","coordinates":[[[85.1599723,27.935909],[85.16007525,27.93589201]]]}},{"type":"Feature","properties":{"grade":"No visible damage","kind":"road","name":null,"aoi":"AOI03","locality":"Bidur","product":"EMSR927_AOI03_GRA_MONIT01_v1","post_event_date":"2026-08-28","method":"Photo-interpretation"},"geometry":{"type":"MultiLineString","coordinates":[[[85.15958436,27.93476397],[85.1595594,27.9349607],[85.1596109,27.9352902],[85.1596743,27.9354039],[85.1597049,27.9354238],[85.1597672,27.9354564],[85.1598331,27.9355227],[85.1599441,27.935843],[85.1599723,27.935909],[85.1599897,27.9360441],[85.1600004,27.9361839],[85.1600179,27.9362953],[85.1601118,27.9364884],[85.1603089,27.9368877],[85.1604484,27.9368569],[85.1605744,27.937242],[85.1607653,27.9372547],[85.1607834,27.9373116],[85.1608775,27.937608],[85.1609893,27.9378881],[85.1611218,27.9380366],[85.16128078,27.93802038]]]}},{"type":"Feature","properties":{"grade":"Possibly damaged","kind":"road","name":"Pasang Lhamu Highway","aoi":"AOI03","locality":"Bidur","product":"EMSR927_AOI03_GRA_MONIT01_v1","post_event_date":"2026-08-28","method":"Photo-interpretation"},"geometry":{"type":"MultiLineString","coordinates":[[[85.15772644,27.93629215],[85.15766925,27.93684145]]]}},{"type":"Feature","properties":{"grade":"No visible damage","kind":"road","name":null,"aoi":"AOI03","locality":"Bidur","product":"EMSR927_AOI03_GRA_MONIT01_v1","post_event_date":"2026-08-28","method":"Photo-interpretation"},"geometry":{"type":"MultiLineString","coordinates":[[[85.1584533,27.9369187],[85.1590586,27.9367819],[85.1593106,27.9367891],[85.1601118,27.9364884],[85.16030442,27.93641864]]]}},{"type":"Feature","properties":{"grade":"Destroyed","kind":"road","name":"Pasang Lhamu Highway","aoi":"AOI03","locality":"Bidur","product":"EMSR927_AOI03_GRA_MONIT01_v1","post_event_date":"2026-08-28","method":"Photo-interpretation"},"geometry":{"type":"MultiLineString","coordinates":[[[85.15766925,27.93684145],[85.1576669,27.936864],[85.15766935,27.93687329]]]}},{"type":"Feature","properties":{"grade":"Destroyed","kind":"road","name":null,"aoi":"AOI03","locality":"Bidur","product":"EMSR927_AOI03_GRA_MONIT01_v1","post_event_date":"2026-08-28","method":"Photo-interpretation"},"geometry":{"type":"MultiLineString","coordinates":[[[85.1573633,27.9366956],[85.1573425,27.9367396],[85.1573345,27.9368285],[85.1573345,27.9369221],[85.1573371,27.9370323],[85.1572969,27.93705],[85.1572419,27.9370488]]]}},{"type":"Feature","properties":{"grade":"Destroyed","kind":"road","name":null,"aoi":"AOI03","locality":"Bidur","product":"EMSR927_AOI03_GRA_MONIT01_v1","post_event_date":"2026-08-28","method":"Photo-interpretation"},"geometry":{"type":"MultiLineString","coordinates":[[[85.1585856,27.9386779],[85.1585482,27.9387218],[85.1584891,27.9387289],[85.158402,27.9386945],[85.1583188,27.9386246],[85.1582317,27.9385192],[85.1580533,27.9382728],[85.1579205,27.9380204],[85.1577086,27.9377195],[85.1576456,27.9375998],[85.1575973,27.9374659],[85.1574981,27.9372313],[85.1574605,27.9370169],[85.1574243,27.9369079],[85.1573633,27.9366956],[85.1572701,27.9363711],[85.15725,27.9361804],[85.157203,27.9360536],[85.1571279,27.9359126],[85.156857,27.9354019]]]}},{"type":"Feature","properties":{"grade":"Possibly damaged","kind":"road","name":"Pasang Lhamu Highway","aoi":"AOI03","locality":"Bidur","product":"EMSR927_AOI03_GRA_MONIT01_v1","post_event_date":"2026-08-28","method":"Photo-interpretation"},"geometry":{"type":"MultiLineString","coordinates":[[[85.15766935,27.93687329],[85.1577785,27.9372865],[85.15785773,27.93753929]]]}},{"type":"Feature","properties":{"grade":"No visible damage","kind":"road","name":null,"aoi":"AOI03","locality":"Bidur","product":"EMSR927_AOI03_GRA_MONIT01_v1","post_event_date":"2026-08-28","method":"Photo-interpretation"},"geometry":{"type":"MultiLineString","coordinates":[[[85.1570813,27.9331048],[85.1571943,27.9330837],[85.1574017,27.9331331],[85.1577315,27.9332029],[85.1578027,27.9332388],[85.1579,27.933322],[85.1579496,27.9333954],[85.1579829,27.9335244],[85.1581329,27.9338458],[85.1581639,27.9340082],[85.1581988,27.9340924],[85.1584142,27.9343173],[85.1584432,27.9344025],[85.1586257,27.9348913],[85.1586478,27.935225],[85.1586704,27.9353916],[85.1586081,27.9356639],[85.1585583,27.9357519],[85.1584499,27.9359885],[85.1584207,27.9360874],[85.158402,27.936181],[85.1583926,27.9363516],[85.158414,27.9364997],[85.1584462,27.9367829],[85.1584533,27.9369187],[85.1586259,27.9372308],[85.1588365,27.9374926],[85.1589813,27.9376277],[85.159149,27.9377343],[85.1592791,27.9377947],[85.1594162,27.93785],[85.1598235,27.937928],[85.1602071,27.9381484],[85.1604311,27.9383036],[85.1605732,27.938402],[85.1606564,27.9384991],[85.1607762,27.9386079],[85.1610378,27.9390423],[85.1611745,27.9392658],[85.161247,27.9393843],[85.1614772,27.9397263],[85.1616655,27.9401792],[85.1616614,27.9404318],[85.161655,27.9408262],[85.1616725,27.9410475],[85.1616864,27.9412236],[85.1617886,27.9415129],[85.1619366,27.9416037]]]}},{"type":"Feature","properties":{"grade":"Destroyed","kind":"road","name":null,"aoi":"AOI03","locality":"Bidur","product":"EMSR927_AOI03_GRA_MONIT01_v1","post_event_date":"2026-08-28","method":"Photo-interpretation"},"geometry":{"type":"MultiLineString","coordinates":[[[85.15017201,27.93500294],[85.1498762,27.9348389],[85.1497715,27.9349925],[85.14967896,27.93517505]]]}},{"type":"Feature","properties":{"grade":"Possibly damaged","kind":"road","name":null,"aoi":"AOI03","locality":"Bidur","product":"EMSR927_AOI03_GRA_MONIT01_v1","post_event_date":"2026-08-28","method":"Photo-interpretation"},"geometry":{"type":"MultiLineString","coordinates":[[[85.15053662,27.93520515],[85.15017201,27.93500294]]]}},{"type":"Feature","properties":{"grade":"Destroyed","kind":"road","name":null,"aoi":"AOI03","locality":"Bidur","product":"EMSR927_AOI03_GRA_MONIT01_v1","post_event_date":"2026-08-28","method":"Photo-interpretation"},"geometry":{"type":"MultiLineString","coordinates":[[[85.15060152,27.93542985],[85.150625,27.9353771],[85.1506564,27.9353642],[85.1507004,27.9353753],[85.1507549,27.9354012],[85.1508052,27.9354252],[85.1508764,27.9354141],[85.1506303,27.9352571],[85.15053662,27.93520515]]]}},{"type":"Feature","properties":{"grade":"Possibly damaged","kind":"road","name":null,"aoi":"AOI03","locality":"Bidur","product":"EMSR927_AOI03_GRA_MONIT01_v1","post_event_date":"2026-08-28","method":"Photo-interpretation"},"geometry":{"type":"MultiLineString","coordinates":[[[85.14967896,27.93517505],[85.149673,27.9351868],[85.1495913,27.9353885],[85.1495138,27.9355033]]]}},{"type":"Feature","properties":{"grade":"Possibly damaged","kind":"road","name":null,"aoi":"AOI03","locality":"Bidur","product":"EMSR927_AOI03_GRA_MONIT01_v1","post_event_date":"2026-08-28","method":"Photo-interpretation"},"geometry":{"type":"MultiLineString","coordinates":[[[85.1505831,27.9356233],[85.1505245,27.9356029],[85.15060152,27.93542985]]]}},{"type":"Feature","properties":{"grade":"No visible damage","kind":"road","name":null,"aoi":"AOI03","locality":"Bidur","product":"EMSR927_AOI03_GRA_MONIT01_v1","post_event_date":"2026-08-28","method":"Photo-interpretation"},"geometry":{"type":"MultiLineString","coordinates":[[[85.1483642,27.9355594],[85.1482856,27.9359231],[85.1483139,27.9360288],[85.148514,27.9361634],[85.1485868,27.9362792],[85.1487639,27.9367057],[85.1490428,27.9370469],[85.1493379,27.9373455],[85.14938,27.9374629],[85.1493434,27.9375705]]]}},{"type":"Feature","properties":{"grade":"No visible damage","kind":"road","name":null,"aoi":"AOI03","locality":"Bidur","product":"EMSR927_AOI03_GRA_MONIT01_v1","post_event_date":"2026-08-28","method":"Photo-interpretation"},"geometry":{"type":"MultiLineString","coordinates":[[[85.1493434,27.9375705],[85.1492406,27.9377662],[85.149244,27.9378194],[85.1493781,27.9379877],[85.1494854,27.9382933],[85.1495117,27.9383011],[85.1495497,27.9383123]]]}},{"type":"Feature","properties":{"grade":"No visible damage","kind":"road","name":null,"aoi":"AOI03","locality":"Bidur","product":"EMSR927_AOI03_GRA_MONIT01_v1","post_event_date":"2026-08-28","method":"Photo-interpretation"},"geometry":{"type":"MultiLineString","coordinates":[[[85.1495497,27.9383123],[85.1496614,27.9383931],[85.149723,27.9384476],[85.1497606,27.938514],[85.1497981,27.9386135],[85.1498196,27.9387415],[85.1498317,27.9388801],[85.149825,27.9389405],[85.1498099,27.9389971],[85.1496468,27.9393924],[85.1496426,27.9394026],[85.149594,27.93951921]]]}},{"type":"Feature","properties":{"grade":"No visible damage","kind":"road","name":null,"aoi":"AOI03","locality":"Bidur","product":"EMSR927_AOI03_GRA_MONIT01_v1","post_event_date":"2026-08-28","method":"Photo-interpretation"},"geometry":{"type":"MultiLineString","coordinates":[[[85.1495497,27.9383123],[85.1495943,27.9382308],[85.1496171,27.9381254],[85.1496265,27.9380555],[85.1496587,27.9379903],[85.1497163,27.9379642],[85.149778,27.9379773],[85.149902,27.9380599],[85.1499765,27.9381313],[85.1500328,27.9382178],[85.1501576,27.938501],[85.1502219,27.9385827],[85.1503185,27.9386443],[85.1506196,27.9387396],[85.1506994,27.9387853],[85.1507675,27.9388441],[85.1508,27.9389145],[85.1508683,27.9391787],[85.1508979,27.9392557],[85.1509475,27.9393031],[85.1510116,27.9393408],[85.1510481,27.939341],[85.1510856,27.9393173],[85.1511567,27.9392403],[85.1512103,27.9391739],[85.1513889,27.9390598],[85.1514705,27.9390377],[85.1515517,27.9390402],[85.1516811,27.9391028],[85.1518125,27.9391372],[85.1519117,27.939149],[85.1520029,27.9391382],[85.1520834,27.9390969],[85.1521583,27.9390663],[85.1522095,27.9390886],[85.152251,27.9391206],[85.1522832,27.9391787],[85.1523154,27.9393374],[85.152412,27.9398256],[85.1525112,27.9400092],[85.1525327,27.9402438],[85.1525246,27.9403315],[85.1524857,27.940412],[85.1523047,27.9408231],[85.1521987,27.9410802],[85.1520834,27.9413136],[85.15201914,27.9414402]]]}},{"type":"Feature","properties":{"grade":"No visible damage","kind":"road","name":null,"aoi":"AOI03","locality":"Bidur","product":"EMSR927_AOI03_GRA_MONIT01_v1","post_event_date":"2026-08-28","method":"Photo-interpretation"},"geometry":{"type":"MultiLineString","coordinates":[[[85.1607834,27.9373116],[85.16082168,27.93729888]]]}},{"type":"Feature","properties":{"grade":"No visible damage","kind":"road","name":null,"aoi":"AOI03","locality":"Bidur","product":"EMSR927_AOI03_GRA_MONIT01_v1","post_event_date":"2026-08-28","method":"Photo-interpretation"},"geometry":{"type":"MultiLineString","coordinates":[[[85.1611218,27.9380366],[85.1608311,27.9380893],[85.1604311,27.9383036]]]}},{"type":"Feature","properties":{"grade":"No visible damage","kind":"road","name":null,"aoi":"AOI03","locality":"Bidur","product":"EMSR927_AOI03_GRA_MONIT01_v1","post_event_date":"2026-08-28","method":"Photo-interpretation"},"geometry":{"type":"MultiLineString","coordinates":[[[85.1611745,27.9392658],[85.1616401,27.9391524],[85.16198786,27.9391316]]]}},{"type":"Feature","properties":{"grade":"No visible damage","kind":"road","name":null,"aoi":"AOI03","locality":"Bidur","product":"EMSR927_AOI03_GRA_MONIT01_v1","post_event_date":"2026-08-28","method":"Photo-interpretation"},"geometry":{"type":"MultiLineString","coordinates":[[[85.1624649,27.9398813],[85.1621277,27.9404732],[85.1620545,27.9410739],[85.1621225,27.9413235],[85.1620976,27.941407],[85.1619889,27.9415136],[85.1619366,27.9416037]]]}},{"type":"Feature","properties":{"grade":"No visible damage","kind":"road","name":null,"aoi":"AOI03","locality":"Bidur","product":"EMSR927_AOI03_GRA_MONIT01_v1","post_event_date":"2026-08-28","method":"Photo-interpretation"},"geometry":{"type":"MultiLineString","coordinates":[[[85.1605744,27.937242],[85.1604068,27.9372976],[85.1602431,27.9373797],[85.1599883,27.9375929]]]}},{"type":"Feature","properties":{"grade":"Destroyed","kind":"road","name":null,"aoi":"AOI03","locality":"Bidur","product":"EMSR927_AOI03_GRA_MONIT01_v1","post_event_date":"2026-08-28","method":"Photo-interpretation"},"geometry":{"type":"MultiLineString","coordinates":[[[85.1520122,27.93619],[85.1523136,27.9362688],[85.1523178,27.9362688],[85.1524833,27.9363025],[85.1525937,27.9363625],[85.1526998,27.93643],[85.152861,27.936475],[85.1529502,27.9365275],[85.1530902,27.9366212],[85.1531836,27.9367],[85.1532642,27.9367337],[85.1533873,27.9368125],[85.1534637,27.9369212],[85.1535571,27.9370862],[85.1537098,27.9371799],[85.1538796,27.9373074],[85.1540578,27.9374798],[85.1541682,27.9375436],[85.1542743,27.9375698],[85.1543889,27.9376486],[85.154495,27.9377273],[85.1545799,27.9378098],[85.1547029,27.937926],[85.1548642,27.938046],[85.1549745,27.938106],[85.1550806,27.9382185],[85.1552207,27.9383047],[85.1553013,27.9383647],[85.1554541,27.9384697],[85.1555687,27.9385484],[85.1556663,27.9386571],[85.1557554,27.9387246],[85.1558531,27.9388296],[85.1559549,27.9389196],[85.1560525,27.9390133],[85.1562053,27.9391697],[85.156327,27.9393045],[85.1564051,27.9394297],[85.1564978,27.9395164],[85.156545,27.9395614],[85.1566263,27.9396203],[85.1567198,27.9396881],[85.1568451,27.9397596],[85.1569338,27.9398471],[85.1569912,27.9399416],[85.157072,27.94005],[85.1571346,27.9401491],[85.1571894,27.9402827],[85.1572239,27.9403836],[85.1572312,27.9404049],[85.1572364,27.9405616],[85.1572364,27.9405639],[85.1571946,27.9408797],[85.1571764,27.940988],[85.1571477,27.9410963],[85.1570851,27.9411793],[85.15707311,27.94118459]]]}},{"type":"Feature","properties":{"grade":"No visible damage","kind":"road","name":null,"aoi":"AOI03","locality":"Bidur","product":"EMSR927_AOI03_GRA_MONIT01_v1","post_event_date":"2026-08-28","method":"Photo-interpretation"},"geometry":{"type":"MultiLineString","coordinates":[[[85.1485868,27.9362792],[85.1496061,27.9368123],[85.1506441,27.9373905],[85.1508158,27.9375469],[85.1509257,27.9377175],[85.1510652,27.9381109],[85.151143,27.9382815],[85.1512494,27.9384276],[85.1513736,27.9385327],[85.1515373,27.938608],[85.1523902,27.9386843],[85.1525055,27.9387199],[85.152586,27.9387744],[85.1530393,27.9392246],[85.1532378,27.939362],[85.1535999,27.9395208],[85.153852,27.939599],[85.1541149,27.9397649],[85.1541824,27.9398821],[85.1542248,27.9400397],[85.1542302,27.9401298],[85.1542087,27.9402103],[85.1538366,27.9405565],[85.1535462,27.9410752],[85.1535838,27.9414804],[85.1536455,27.9415728],[85.1539056,27.9415799],[85.154393,27.9417083],[85.1549,27.9417306],[85.1553361,27.941789],[85.1559663,27.9419237],[85.1563686,27.9423039],[85.1564821,27.9424475],[85.1564906,27.9425494]]]}},{"type":"Feature","properties":{"grade":"Possibly damaged","kind":"road","name":null,"aoi":"AOI03","locality":"Bidur","product":"EMSR927_AOI03_GRA_MONIT01_v1","post_event_date":"2026-08-28","method":"Photo-interpretation"},"geometry":{"type":"MultiLineString","coordinates":[[[85.1566945,27.9400437],[85.15618871,27.93960566]]]}},{"type":"Feature","properties":{"grade":"Destroyed","kind":"road","name":null,"aoi":"AOI03","locality":"Bidur","product":"EMSR927_AOI03_GRA_MONIT01_v1","post_event_date":"2026-08-28","method":"Photo-interpretation"},"geometry":{"type":"MultiLineString","coordinates":[[[85.1571346,27.9401491],[85.1572548,27.9399331],[85.1573312,27.9398395],[85.1575284,27.9397377],[85.1577443,27.9395979],[85.1578207,27.9396085],[85.1578529,27.9396014],[85.15787792,27.93961679],[85.1579106,27.9396369],[85.1579924,27.9397471],[85.158093,27.9398372],[85.1581922,27.9398893],[85.1582794,27.9399023],[85.1583639,27.9398076],[85.1585034,27.9396903]]]}},{"type":"Feature","properties":{"grade":"Destroyed","kind":"road","name":null,"aoi":"AOI03","locality":"Bidur","product":"EMSR927_AOI03_GRA_MONIT01_v1","post_event_date":"2026-08-28","method":"Photo-interpretation"},"geometry":{"type":"MultiLineString","coordinates":[[[85.1582794,27.9399023],[85.1584496,27.9402067],[85.1585197,27.9402787],[85.1586908,27.9403636],[85.1587413,27.9403996],[85.1587592,27.9405162],[85.1588716,27.940558],[85.1589189,27.9406242]]]}},{"type":"Feature","properties":{"grade":"Possibly damaged","kind":"road","name":null,"aoi":"AOI03","locality":"Bidur","product":"EMSR927_AOI03_GRA_MONIT01_v1","post_event_date":"2026-08-28","method":"Photo-interpretation"},"geometry":{"type":"MultiLineString","coordinates":[[[85.15692163,27.9408154],[85.1569433,27.9406927],[85.1569288,27.9405098],[85.1568754,27.940318],[85.156784,27.9401598],[85.1566945,27.9400437]]]}},{"type":"Feature","properties":{"grade":"Destroyed","kind":"road","name":null,"aoi":"AOI03","locality":"Bidur","product":"EMSR927_AOI03_GRA_MONIT01_v1","post_event_date":"2026-08-28","method":"Photo-interpretation"},"geometry":{"type":"MultiLineString","coordinates":[[[85.15690559,27.94089074],[85.1569111,27.940875],[85.15692163,27.9408154]]]}},{"type":"Feature","properties":{"grade":"No visible damage","kind":"road","name":null,"aoi":"AOI03","locality":"Bidur","product":"EMSR927_AOI03_GRA_MONIT01_v1","post_event_date":"2026-08-28","method":"Photo-interpretation"},"geometry":{"type":"MultiLineString","coordinates":[[[85.15707311,27.94118459],[85.1569859,27.9412231],[85.1568946,27.9412577],[85.1568346,27.9413199],[85.1567668,27.9413775],[85.1567019,27.9414224]]]}},{"type":"Feature","properties":{"grade":"Destroyed","kind":"road","name":"Pasang Lhamu Highway","aoi":"AOI03","locality":"Bidur","product":"EMSR927_AOI03_GRA_MONIT01_v1","post_event_date":"2026-08-28","method":"Photo-interpretation"},"geometry":{"type":"MultiLineString","coordinates":[[[85.15785773,27.93753929],[85.1578882,27.9376365],[85.1581229,27.9381045],[85.1583335,27.9384114],[85.1585856,27.9386779],[85.1588565,27.938967],[85.1588751,27.9389884],[85.159578,27.9397976],[85.1597675,27.9400325],[85.1599535,27.9402845],[85.1600876,27.9405677],[85.1602016,27.9408722],[85.1603343,27.9411818],[85.1607776,27.9420212],[85.1609358,27.9422783],[85.1610394,27.9426012],[85.1612281,27.9432776],[85.1618388,27.944425],[85.1623063,27.9455154],[85.16245481,27.94570605]]]}},{"type":"Feature","properties":{"grade":"No visible damage","kind":"road","name":null,"aoi":"AOI03","locality":"Bidur","product":"EMSR927_AOI03_GRA_MONIT01_v1","post_event_date":"2026-08-28","method":"Photo-interpretation"},"geometry":{"type":"MultiLineString","coordinates":[[[85.157114,27.9428283],[85.1571263,27.9428099],[85.1571745,27.9427377],[85.1571305,27.942665],[85.1567369,27.9419673],[85.1566326,27.9416807],[85.1566844,27.9414886],[85.1567019,27.9414224],[85.1568547,27.9410361],[85.15690559,27.94089074]]]}},{"type":"Feature","properties":{"grade":"No visible damage","kind":"road","name":null,"aoi":"AOI03","locality":"Bidur","product":"EMSR927_AOI03_GRA_MONIT01_v1","post_event_date":"2026-08-28","method":"Photo-interpretation"},"geometry":{"type":"MultiLineString","coordinates":[[[85.15256185,27.94187009],[85.1527205,27.9417981],[85.1528907,27.9416674],[85.1531126,27.9416151],[85.1532162,27.9417785],[85.1534233,27.9418635],[85.153771,27.9420334],[85.1539855,27.9420857],[85.1541533,27.9420839],[85.154496,27.9421445],[85.1548166,27.9421693],[85.1551458,27.9421726],[85.1553714,27.9422183],[85.1555637,27.9422804],[85.1556636,27.9423882],[85.1556932,27.9425124],[85.1556747,27.9426627],[85.1556895,27.9428915],[85.1556525,27.94313],[85.1555193,27.9433195],[85.1553196,27.9433947],[85.1551679,27.9434568],[85.1552054,27.9435753]]]}},{"type":"Feature","properties":{"grade":"No visible damage","kind":"road","name":null,"aoi":"AOI03","locality":"Bidur","product":"EMSR927_AOI03_GRA_MONIT01_v1","post_event_date":"2026-08-28","method":"Photo-interpretation"},"geometry":{"type":"MultiLineString","coordinates":[[[85.1569973,27.9428974],[85.157114,27.9428283]]]}},{"type":"Feature","properties":{"grade":"No visible damage","kind":"road","name":null,"aoi":"AOI03","locality":"Bidur","product":"EMSR927_AOI03_GRA_MONIT01_v1","post_event_date":"2026-08-28","method":"Photo-interpretation"},"geometry":{"type":"MultiLineString","coordinates":[[[85.1569973,27.9428974],[85.1567815,27.9426851],[85.156618,27.9425479],[85.1564906,27.9425494],[85.1563419,27.9427676],[85.1561241,27.9430065],[85.1560848,27.9432886],[85.1558545,27.9435799],[85.1553598,27.9436608],[85.1552054,27.9435753]]]}},{"type":"Feature","properties":{"grade":"No visible damage","kind":"road","name":null,"aoi":"AOI03","locality":"Bidur","product":"EMSR927_AOI03_GRA_MONIT01_v1","post_event_date":"2026-08-28","method":"Photo-interpretation"},"geometry":{"type":"MultiLineString","coordinates":[[[85.1552054,27.9435753],[85.1547278,27.9435251],[85.15447303,27.94355291]]]}},{"type":"Feature","properties":{"grade":"No visible damage","kind":"road","name":null,"aoi":"AOI03","locality":"Bidur","product":"EMSR927_AOI03_GRA_MONIT01_v1","post_event_date":"2026-08-28","method":"Photo-interpretation"},"geometry":{"type":"MultiLineString","coordinates":[[[85.1583805,27.9444393],[85.1583433,27.944476],[85.1576465,27.9440071],[85.1574206,27.9438551],[85.1571298,27.9432623],[85.1569973,27.9428974]]]}},{"type":"Feature","properties":{"grade":"Possibly damaged","kind":"road","name":null,"aoi":"AOI03","locality":"Bidur","product":"EMSR927_AOI03_GRA_MONIT01_v1","post_event_date":"2026-08-28","method":"Photo-interpretation"},"geometry":{"type":"MultiLineString","coordinates":[[[85.1586576,27.9442378],[85.1585316,27.9442899]]]}},{"type":"Feature","properties":{"grade":"No visible damage","kind":"road","name":null,"aoi":"AOI03","locality":"Bidur","product":"EMSR927_AOI03_GRA_MONIT01_v1","post_event_date":"2026-08-28","method":"Photo-interpretation"},"geometry":{"type":"MultiLineString","coordinates":[[[85.1585316,27.9442899],[85.1584489,27.9443716]]]}},{"type":"Feature","properties":{"grade":"No visible damage","kind":"road","name":null,"aoi":"AOI03","locality":"Bidur","product":"EMSR927_AOI03_GRA_MONIT01_v1","post_event_date":"2026-08-28","method":"Photo-interpretation"},"geometry":{"type":"MultiLineString","coordinates":[[[85.1584489,27.9443716],[85.1583805,27.9444393]]]}},{"type":"Feature","properties":{"grade":"No visible damage","kind":"road","name":null,"aoi":"AOI03","locality":"Bidur","product":"EMSR927_AOI03_GRA_MONIT01_v1","post_event_date":"2026-08-28","method":"Photo-interpretation"},"geometry":{"type":"MultiLineString","coordinates":[[[85.16450317,27.94308455],[85.16450317,27.94308454]]]}},{"type":"Feature","properties":{"grade":"No visible damage","kind":"road","name":null,"aoi":"AOI03","locality":"Bidur","product":"EMSR927_AOI03_GRA_MONIT01_v1","post_event_date":"2026-08-28","method":"Photo-interpretation"},"geometry":{"type":"MultiLineString","coordinates":[[[85.1619366,27.9416037],[85.1619836,27.9416605],[85.1621526,27.9417376],[85.1620842,27.9418217],[85.1621324,27.9418738],[85.1621633,27.941939],[85.1622489,27.9423723],[85.1623388,27.9424493],[85.1624568,27.9425204],[85.162725,27.9425749],[85.1627867,27.9426803],[85.1627505,27.9428142],[85.1627988,27.9430476],[85.1627921,27.9432016],[85.1628926,27.9435203],[85.1629128,27.9438485],[85.1630455,27.9442383],[85.1631059,27.9444444],[85.1632118,27.9446565],[85.1635498,27.944846]]]}},{"type":"Feature","properties":{"grade":"No visible damage","kind":"road","name":null,"aoi":"AOI03","locality":"Bidur","product":"EMSR927_AOI03_GRA_MONIT01_v1","post_event_date":"2026-08-28","method":"Photo-interpretation"},"geometry":{"type":"MultiLineString","coordinates":[[[85.1630455,27.9442383],[85.1631423,27.9442101],[85.1633122,27.9441538],[85.1634179,27.9439845],[85.1635024,27.9439099],[85.1635453,27.9438684],[85.1635681,27.94384],[85.1635734,27.9437985],[85.1635775,27.943616],[85.1635909,27.9435189],[85.1636201,27.9434535],[85.163674,27.9434087],[85.163678,27.9432571],[85.1636847,27.9432061],[85.1637122,27.9430502],[85.1638846,27.9430367],[85.164059,27.9430377],[85.1641404,27.9429407],[85.16424911,27.94268528]]]}},{"type":"Feature","properties":{"grade":"No visible damage","kind":"road","name":null,"aoi":"AOI03","locality":"Bidur","product":"EMSR927_AOI03_GRA_MONIT01_v1","post_event_date":"2026-08-28","method":"Photo-interpretation"},"geometry":{"type":"MultiLineString","coordinates":[[[85.1635498,27.944846],[85.1641251,27.9449515],[85.1641318,27.9448448],[85.1641702,27.9447187],[85.1642659,27.9446215],[85.1643526,27.9440173],[85.1643558,27.9437827],[85.1643956,27.9435434],[85.1643984,27.9434249],[85.1644014,27.9433017],[85.1644202,27.943169],[85.16450317,27.94308455]]]}},{"type":"Feature","properties":{"grade":"No visible damage","kind":"road","name":null,"aoi":"AOI03","locality":"Bidur","product":"EMSR927_AOI03_GRA_MONIT01_v1","post_event_date":"2026-08-28","method":"Photo-interpretation"},"geometry":{"type":"MultiLineString","coordinates":[[[85.1635498,27.944846],[85.1639964,27.9451884],[85.1637939,27.9452654],[85.1637349,27.9453377],[85.1637362,27.9455035],[85.1636732,27.9455663],[85.16335,27.9456599],[85.1633164,27.9457192],[85.163303,27.9458862],[85.16359,27.9463388]]]}},{"type":"Feature","properties":{"grade":"Destroyed","kind":"road","name":"Pasang Lhamu Highway","aoi":"AOI03","locality":"Bidur","product":"EMSR927_AOI03_GRA_MONIT01_v1","post_event_date":"2026-08-28","method":"Photo-interpretation"},"geometry":{"type":"MultiLineString","coordinates":[[[85.16245481,27.94570605],[85.16248116,27.94573989]]]}},{"type":"Feature","properties":{"grade":"Destroyed","kind":"road","name":"Pasang Lhamu Highway","aoi":"AOI03","locality":"Bidur","product":"EMSR927_AOI03_GRA_MONIT01_v1","post_event_date":"2026-08-28","method":"Photo-interpretation"},"geometry":{"type":"MultiLineString","coordinates":[[[85.16248116,27.94573989],[85.1625473,27.9458248],[85.162688,27.9460054],[85.16273046,27.94607429]]]}},{"type":"Feature","properties":{"grade":"Destroyed","kind":"road","name":null,"aoi":"AOI03","locality":"Bidur","product":"EMSR927_AOI03_GRA_MONIT01_v1","post_event_date":"2026-08-28","method":"Photo-interpretation"},"geometry":{"type":"MultiLineString","coordinates":[[[85.1625473,27.9458248],[85.1625798,27.9459803],[85.1626147,27.9461035],[85.1627059,27.9462362],[85.1627508,27.9462825]]]}},{"type":"Feature","properties":{"grade":"Possibly damaged","kind":"road","name":"Pasang Lhamu Highway","aoi":"AOI03","locality":"Bidur","product":"EMSR927_AOI03_GRA_MONIT01_v1","post_event_date":"2026-08-28","method":"Photo-interpretation"},"geometry":{"type":"MultiLineString","coordinates":[[[85.16273046,27.94607429],[85.1628507,27.9462694],[85.16290306,27.9464765]]]}},{"type":"Feature","properties":{"grade":"Destroyed","kind":"road","name":null,"aoi":"AOI03","locality":"Bidur","product":"EMSR927_AOI03_GRA_MONIT01_v1","post_event_date":"2026-08-28","method":"Photo-interpretation"},"geometry":{"type":"MultiLineString","coordinates":[[[85.1627508,27.9462825],[85.1627703,27.9463026],[85.16276618,27.94632969]]]}},{"type":"Feature","properties":{"grade":"No visible damage","kind":"road","name":null,"aoi":"AOI03","locality":"Bidur","product":"EMSR927_AOI03_GRA_MONIT01_v1","post_event_date":"2026-08-28","method":"Photo-interpretation"},"geometry":{"type":"MultiLineString","coordinates":[[[85.1641251,27.9449515],[85.1642085,27.9450815],[85.1642552,27.9452383],[85.1642692,27.9454157],[85.1643393,27.9455312],[85.164428,27.9455931],[85.1645541,27.9456508],[85.1647316,27.9456921],[85.1647876,27.9457251],[85.164736,27.945837],[85.1647427,27.9459022],[85.1647668,27.945946],[85.1649237,27.9460858],[85.1649465,27.9461806],[85.1649459,27.9462778],[85.1647849,27.9465076],[85.1647596,27.9466038],[85.1647615,27.9466782],[85.1647883,27.9467445],[85.1649464,27.9468967],[85.1651285,27.9469916],[85.1652309,27.9470751],[85.165376,27.9471277],[85.1655628,27.9472597],[85.1656949,27.9473345],[85.1658357,27.9473949],[85.1659309,27.9475087],[85.1659846,27.9476295],[85.1660704,27.9477089],[85.1663147,27.9477713],[85.16650446,27.94778717]]]}},{"type":"Feature","properties":{"grade":"Destroyed","kind":"road","name":null,"aoi":"AOI03","locality":"Bidur","product":"EMSR927_AOI03_GRA_MONIT01_v1","post_event_date":"2026-08-28","method":"Photo-interpretation"},"geometry":{"type":"MultiLineString","coordinates":[[[85.16276618,27.94632969],[85.1627595,27.9463736],[85.1626683,27.9464613],[85.1626361,27.9465087],[85.1626335,27.9465656]]]}},{"type":"Feature","properties":{"grade":"No visible damage","kind":"road","name":null,"aoi":"AOI03","locality":"Bidur","product":"EMSR927_AOI03_GRA_MONIT01_v1","post_event_date":"2026-08-28","method":"Photo-interpretation"},"geometry":{"type":"MultiLineString","coordinates":[[[85.16359,27.9463388],[85.163581,27.9463664],[85.1635646,27.946417],[85.1633768,27.946488],[85.1633781,27.9466942],[85.1633969,27.9467499],[85.1635471,27.9469785],[85.16356116,27.94698813]]]}},{"type":"Feature","properties":{"grade":"Destroyed","kind":"road","name":"Pasang Lhamu Highway","aoi":"AOI03","locality":"Bidur","product":"EMSR927_AOI03_GRA_MONIT01_v1","post_event_date":"2026-08-28","method":"Photo-interpretation"},"geometry":{"type":"MultiLineString","coordinates":[[[85.16290306,27.9464765],[85.1629158,27.9465269],[85.1630763,27.9467578],[85.16328803,27.94699178]]]}},{"type":"Feature","properties":{"grade":"Possibly damaged","kind":"road","name":null,"aoi":"AOI03","locality":"Bidur","product":"EMSR927_AOI03_GRA_MONIT01_v1","post_event_date":"2026-08-28","method":"Photo-interpretation"},"geometry":{"type":"MultiLineString","coordinates":[[[85.16356116,27.94698813],[85.1637412,27.9471115],[85.1637523,27.9472624],[85.1634655,27.9471879]]]}},{"type":"Feature","properties":{"grade":"Possibly damaged","kind":"road","name":"Pasang Lhamu Highway","aoi":"AOI03","locality":"Bidur","product":"EMSR927_AOI03_GRA_MONIT01_v1","post_event_date":"2026-08-28","method":"Photo-interpretation"},"geometry":{"type":"MultiLineString","coordinates":[[[85.16328803,27.94699178],[85.1634655,27.9471879],[85.16355606,27.94728373]]]}},{"type":"Feature","properties":{"grade":"Destroyed","kind":"road","name":"Pasang Lhamu Highway","aoi":"AOI03","locality":"Bidur","product":"EMSR927_AOI03_GRA_MONIT01_v1","post_event_date":"2026-08-28","method":"Photo-interpretation"},"geometry":{"type":"MultiLineString","coordinates":[[[85.16355606,27.94728373],[85.16363241,27.94736453]]]}},{"type":"Feature","properties":{"grade":"Possibly damaged","kind":"road","name":"Pasang Lhamu Highway","aoi":"AOI03","locality":"Bidur","product":"EMSR927_AOI03_GRA_MONIT01_v1","post_event_date":"2026-08-28","method":"Photo-interpretation"},"geometry":{"type":"MultiLineString","coordinates":[[[85.16363241,27.94736453],[85.163754,27.9474932],[85.16384022,27.94779128]]]}},{"type":"Feature","properties":{"grade":"Possibly damaged","kind":"road","name":"Pasang Lhamu Highway","aoi":"AOI03","locality":"Bidur","product":"EMSR927_AOI03_GRA_MONIT01_v1","post_event_date":"2026-08-28","method":"Photo-interpretation"},"geometry":{"type":"MultiLineString","coordinates":[[[85.16384022,27.94779129],[85.1638423,27.94779846]]]}},{"type":"Feature","properties":{"grade":"Possibly damaged","kind":"road","name":null,"aoi":"AOI03","locality":"Bidur","product":"EMSR927_AOI03_GRA_MONIT01_v1","post_event_date":"2026-08-28","method":"Photo-interpretation"},"geometry":{"type":"MultiLineString","coordinates":[[[85.15907445,27.94488104],[85.1589361,27.9446604],[85.1588192,27.944444],[85.1587031,27.944229],[85.1586576,27.9442378]]]}},{"type":"Feature","properties":{"grade":"No visible damage","kind":"road","name":null,"aoi":"AOI03","locality":"Bidur","product":"EMSR927_AOI03_GRA_MONIT01_v1","post_event_date":"2026-08-28","method":"Photo-interpretation"},"geometry":{"type":"MultiLineString","coordinates":[[[85.1552054,27.9435753],[85.1552499,27.9437024],[85.1555456,27.9437857],[85.1558362,27.9439013],[85.1562576,27.9441487],[85.1564329,27.944447],[85.1563492,27.9450214],[85.1563335,27.945129],[85.1563858,27.9451915],[85.1565298,27.9451105],[85.1567234,27.9449949],[85.1569302,27.9450319],[85.1573752,27.9457209],[85.1574786,27.9461709],[85.1573857,27.946616],[85.1576474,27.9470088],[85.1579353,27.9471845],[85.1580347,27.9471151],[85.1579588,27.9469094],[85.1579065,27.946729]]]}},{"type":"Feature","properties":{"grade":"Destroyed","kind":"road","name":null,"aoi":"AOI03","locality":"Bidur","product":"EMSR927_AOI03_GRA_MONIT01_v1","post_event_date":"2026-08-28","method":"Photo-interpretation"},"geometry":{"type":"MultiLineString","coordinates":[[[85.1614311,27.9482385],[85.1610995,27.9476677],[85.1607121,27.9473763],[85.1603781,27.9471737],[85.1603071,27.947105],[85.1602762,27.947015],[85.1602507,27.9469143],[85.1602413,27.9467816],[85.1601555,27.9465328],[85.1597974,27.9459564],[85.1595155,27.9455536],[85.1593295,27.9452878],[85.15907445,27.94488104]]]}},{"type":"Feature","properties":{"grade":"Destroyed","kind":"road","name":null,"aoi":"AOI03","locality":"Bidur","product":"EMSR927_AOI03_GRA_MONIT01_v1","post_event_date":"2026-08-28","method":"Photo-interpretation"},"geometry":{"type":"MultiLineString","coordinates":[[[85.1607121,27.9473763],[85.1606262,27.9472555],[85.1604841,27.9471145],[85.1603312,27.9469403],[85.1602413,27.9467816]]]}},{"type":"Feature","properties":{"grade":"No visible damage","kind":"road","name":null,"aoi":"AOI03","locality":"Bidur","product":"EMSR927_AOI03_GRA_MONIT01_v1","post_event_date":"2026-08-28","method":"Photo-interpretation"},"geometry":{"type":"MultiLineString","coordinates":[[[85.1579065,27.946729],[85.1580295,27.9467521],[85.1580609,27.9467891],[85.1583017,27.9471105],[85.1587401,27.9473845],[85.1588305,27.9474067],[85.1589292,27.9474477]]]}},{"type":"Feature","properties":{"grade":"No visible damage","kind":"road","name":null,"aoi":"AOI03","locality":"Bidur","product":"EMSR927_AOI03_GRA_MONIT01_v1","post_event_date":"2026-08-28","method":"Photo-interpretation"},"geometry":{"type":"MultiLineString","coordinates":[[[85.1613862,27.951282],[85.1613029,27.9509944],[85.1612035,27.9506801],[85.1611827,27.9503532],[85.1611721,27.9501857],[85.1610989,27.9497745],[85.1610204,27.9494233],[85.1609681,27.9489427],[85.1608112,27.9483558],[85.1606804,27.9479908],[85.1604555,27.9477829],[85.1601129,27.947602],[85.1597543,27.9475207],[85.1593489,27.9473609],[85.1589228,27.9472145],[85.1585461,27.9470481],[85.1582375,27.9468494],[85.1580259,27.9467032],[85.1579498,27.9466507],[85.1579065,27.946729]]]}},{"type":"Feature","properties":{"grade":"No visible damage","kind":"road","name":null,"aoi":"AOI03","locality":"Bidur","product":"EMSR927_AOI03_GRA_MONIT01_v1","post_event_date":"2026-08-28","method":"Photo-interpretation"},"geometry":{"type":"MultiLineString","coordinates":[[[85.158366,27.9499445],[85.1584652,27.9499114],[85.1586007,27.9498746],[85.1587616,27.9498166],[85.1589091,27.9498071],[85.1590449,27.9498165],[85.159284,27.949824]]]}},{"type":"Feature","properties":{"grade":"Possibly damaged","kind":"road","name":"Pasang Lhamu Highway","aoi":"AOI03","locality":"Bidur","product":"EMSR927_AOI03_GRA_MONIT01_v1","post_event_date":"2026-08-28","method":"Photo-interpretation"},"geometry":{"type":"MultiLineString","coordinates":[[[85.1638423,27.94779846],[85.16396551,27.94822444]]]}},{"type":"Feature","properties":{"grade":"Destroyed","kind":"road","name":null,"aoi":"AOI03","locality":"Bidur","product":"EMSR927_AOI03_GRA_MONIT01_v1","post_event_date":"2026-08-28","method":"Photo-interpretation"},"geometry":{"type":"MultiLineString","coordinates":[[[85.1614217,27.948402],[85.1614311,27.9482385]]]}},{"type":"Feature","properties":{"grade":"Destroyed","kind":"road","name":"Pasang Lhamu Highway","aoi":"AOI03","locality":"Bidur","product":"EMSR927_AOI03_GRA_MONIT01_v1","post_event_date":"2026-08-28","method":"Photo-interpretation"},"geometry":{"type":"MultiLineString","coordinates":[[[85.16396551,27.94822444],[85.1639898,27.9483084],[85.16415052,27.94858451]]]}},{"type":"Feature","properties":{"grade":"Destroyed","kind":"road","name":null,"aoi":"AOI03","locality":"Bidur","product":"EMSR927_AOI03_GRA_MONIT01_v1","post_event_date":"2026-08-28","method":"Photo-interpretation"},"geometry":{"type":"MultiLineString","coordinates":[[[85.16414962,27.94863421],[85.1639631,27.9486413],[85.1638814,27.9486223]]]}},{"type":"Feature","properties":{"grade":"Possibly damaged","kind":"road","name":null,"aoi":"AOI03","locality":"Bidur","product":"EMSR927_AOI03_GRA_MONIT01_v1","post_event_date":"2026-08-28","method":"Photo-interpretation"},"geometry":{"type":"MultiLineString","coordinates":[[[85.1641788,27.9486331],[85.16414962,27.94863421]]]}},{"type":"Feature","properties":{"grade":"Destroyed","kind":"road","name":null,"aoi":"AOI03","locality":"Bidur","product":"EMSR927_AOI03_GRA_MONIT01_v1","post_event_date":"2026-08-28","method":"Photo-interpretation"},"geometry":{"type":"MultiLineString","coordinates":[[[85.1638814,27.9486223],[85.1638597,27.9488026]]]}},{"type":"Feature","properties":{"grade":"Destroyed","kind":"road","name":null,"aoi":"AOI03","locality":"Bidur","product":"EMSR927_AOI03_GRA_MONIT01_v1","post_event_date":"2026-08-28","method":"Photo-interpretation"},"geometry":{"type":"MultiLineString","coordinates":[[[85.16127742,27.94912495],[85.1612936,27.94903],[85.1612999,27.9485597],[85.1613413,27.9484861],[85.1614217,27.948402]]]}},{"type":"Feature","properties":{"grade":"Possibly damaged","kind":"road","name":"Pasang Lhamu Highway","aoi":"AOI03","locality":"Bidur","product":"EMSR927_AOI03_GRA_MONIT01_v1","post_event_date":"2026-08-28","method":"Photo-interpretation"},"geometry":{"type":"MultiLineString","coordinates":[[[85.16415052,27.94858451],[85.1641788,27.9486331],[85.1642363,27.9487319],[85.1643009,27.9489374],[85.164118,27.94928792]]]}},{"type":"Feature","properties":{"grade":"Destroyed","kind":"road","name":null,"aoi":"AOI03","locality":"Bidur","product":"EMSR927_AOI03_GRA_MONIT01_v1","post_event_date":"2026-08-28","method":"Photo-interpretation"},"geometry":{"type":"MultiLineString","coordinates":[[[85.16129397,27.9492014],[85.1612708,27.9491638],[85.16127742,27.94912495]]]}},{"type":"Feature","properties":{"grade":"Destroyed","kind":"road","name":null,"aoi":"AOI03","locality":"Bidur","product":"EMSR927_AOI03_GRA_MONIT01_v1","post_event_date":"2026-08-28","method":"Photo-interpretation"},"geometry":{"type":"MultiLineString","coordinates":[[[85.1638597,27.9488026],[85.1639051,27.9490222],[85.1638528,27.9492876],[85.1638407,27.9494428],[85.1638588,27.94956],[85.1638635,27.9495909],[85.16386806,27.94961551]]]}},{"type":"Feature","properties":{"grade":"Destroyed","kind":"road","name":null,"aoi":"AOI03","locality":"Bidur","product":"EMSR927_AOI03_GRA_MONIT01_v1","post_event_date":"2026-08-28","method":"Photo-interpretation"},"geometry":{"type":"MultiLineString","coordinates":[[[85.16133487,27.94934823],[85.1613262,27.9492537],[85.16129397,27.9492014]]]}},{"type":"Feature","properties":{"grade":"Destroyed","kind":"road","name":null,"aoi":"AOI03","locality":"Bidur","product":"EMSR927_AOI03_GRA_MONIT01_v1","post_event_date":"2026-08-28","method":"Photo-interpretation"},"geometry":{"type":"MultiLineString","coordinates":[[[85.16134438,27.94945188],[85.16133487,27.94934823]]]}},{"type":"Feature","properties":{"grade":"Destroyed","kind":"road","name":null,"aoi":"AOI03","locality":"Bidur","product":"EMSR927_AOI03_GRA_MONIT01_v1","post_event_date":"2026-08-28","method":"Photo-interpretation"},"geometry":{"type":"MultiLineString","coordinates":[[[85.16135065,27.94955623],[85.1613473,27.9494837],[85.16134438,27.94945188]]]}},{"type":"Feature","properties":{"grade":"Destroyed","kind":"road","name":null,"aoi":"AOI03","locality":"Bidur","product":"EMSR927_AOI03_GRA_MONIT01_v1","post_event_date":"2026-08-28","method":"Photo-interpretation"},"geometry":{"type":"MultiLineString","coordinates":[[[85.1614217,27.948402],[85.1614291,27.9484366],[85.1614519,27.9484709],[85.1614948,27.9484816],[85.1616088,27.9484709],[85.1617255,27.9484769],[85.1618127,27.9484946],[85.1619066,27.9485349],[85.1620527,27.9485562],[85.1621292,27.9485764],[85.1622164,27.9486475],[85.1622204,27.94876],[85.1622271,27.9490017],[85.1622566,27.9491178],[85.1622552,27.9492066],[85.1621949,27.9496248],[85.1621708,27.9498025],[85.1621627,27.9498404],[85.1621708,27.9500454],[85.1619896,27.9506767]]]}},{"type":"Feature","properties":{"grade":"Possibly damaged","kind":"road","name":null,"aoi":"AOI03","locality":"Bidur","product":"EMSR927_AOI03_GRA_MONIT01_v1","post_event_date":"2026-08-28","method":"Photo-interpretation"},"geometry":{"type":"MultiLineString","coordinates":[[[85.16386806,27.94961551],[85.1639208,27.9499002],[85.1639153,27.94991768]]]}},{"type":"Feature","properties":{"grade":"Possibly damaged","kind":"road","name":null,"aoi":"AOI03","locality":"Bidur","product":"EMSR927_AOI03_GRA_MONIT01_v1","post_event_date":"2026-08-28","method":"Photo-interpretation"},"geometry":{"type":"MultiLineString","coordinates":[[[85.16135326,27.95030225],[85.1613553,27.9502265],[85.1613392,27.9500322],[85.1613634,27.949832],[85.16135065,27.94955623]]]}},{"type":"Feature","properties":{"grade":"Possibly damaged","kind":"road","name":null,"aoi":"AOI03","locality":"Bidur","product":"EMSR927_AOI03_GRA_MONIT01_v1","post_event_date":"2026-08-28","method":"Photo-interpretation"},"geometry":{"type":"MultiLineString","coordinates":[[[85.1613862,27.951282],[85.1613687,27.9509847],[85.1613526,27.9507939],[85.1613446,27.9506245],[85.16135326,27.95030225]]]}},{"type":"Feature","properties":{"grade":"Destroyed","kind":"road","name":null,"aoi":"AOI03","locality":"Bidur","product":"EMSR927_AOI03_GRA_MONIT01_v1","post_event_date":"2026-08-28","method":"Photo-interpretation"},"geometry":{"type":"MultiLineString","coordinates":[[[85.1624402,27.9517287],[85.162349,27.9516173],[85.1622686,27.9515249],[85.162223,27.9513993],[85.1621237,27.9512856],[85.1620406,27.9511577],[85.1619896,27.9507762],[85.1619896,27.9506767]]]}},{"type":"Feature","properties":{"grade":"Destroyed","kind":"road","name":null,"aoi":"AOI03","locality":"Bidur","product":"EMSR927_AOI03_GRA_MONIT01_v1","post_event_date":"2026-08-28","method":"Photo-interpretation"},"geometry":{"type":"MultiLineString","coordinates":[[[85.1639153,27.94991768],[85.1638423,27.9501497],[85.1637272,27.9504039],[85.1636122,27.9506626],[85.1636069,27.9508429],[85.1636697,27.9517162],[85.1636901,27.9520556],[85.1636192,27.9523039],[85.1634675,27.9526175],[85.1634084,27.9528593],[85.1634158,27.9531501],[85.1635637,27.9535749],[85.163756,27.9541695],[85.1639077,27.9546858],[85.1639817,27.9549896],[85.1640147,27.9551226],[85.1640549,27.9551629]]]}},{"type":"Feature","properties":{"grade":"No visible damage","kind":"road","name":"Pasang Lhamu Highway","aoi":"AOI03","locality":"Bidur","product":"EMSR927_AOI03_GRA_MONIT01_v1","post_event_date":"2026-08-28","method":"Photo-interpretation"},"geometry":{"type":"MultiLineString","coordinates":[[[85.164118,27.94928792],[85.1640844,27.9493523],[85.1640745,27.9495036],[85.1641973,27.9500305],[85.1640751,27.9503251],[85.1639165,27.9505716],[85.1638472,27.9507623],[85.163897,27.9513227],[85.1639423,27.9522161],[85.1640911,27.9533377],[85.1642476,27.9536159],[85.1644139,27.9538812],[85.1647975,27.9544736],[85.1649724,27.9547528],[85.1652427,27.9551677],[85.1652646,27.9554062],[85.1653571,27.9556108],[85.1657903,27.9556621],[85.1661907,27.9559016],[85.16639477,27.95603138]]]}},{"type":"Feature","properties":{"grade":"No visible damage","kind":"road","name":null,"aoi":"AOI03","locality":"Bidur","product":"EMSR927_AOI03_GRA_MONIT01_v1","post_event_date":"2026-08-28","method":"Photo-interpretation"},"geometry":{"type":"MultiLineString","coordinates":[[[85.1583034,27.9499536],[85.158366,27.9499445]]]}},{"type":"Feature","properties":{"grade":"No visible damage","kind":"road","name":null,"aoi":"AOI03","locality":"Bidur","product":"EMSR927_AOI03_GRA_MONIT01_v1","post_event_date":"2026-08-28","method":"Photo-interpretation"},"geometry":{"type":"MultiLineString","coordinates":[[[85.15829156,27.94995532],[85.1583034,27.9499536]]]}},{"type":"Feature","properties":{"grade":"No visible damage","kind":"road","name":null,"aoi":"AOI03","locality":"Bidur","product":"EMSR927_AOI03_GRA_MONIT01_v1","post_event_date":"2026-08-28","method":"Photo-interpretation"},"geometry":{"type":"MultiLineString","coordinates":[[[85.1589292,27.9474477],[85.1590156,27.9478137],[85.1590716,27.9480144],[85.1592278,27.9485291],[85.1593643,27.9490735],[85.1594816,27.9492738],[85.1593868,27.9494717],[85.1593322,27.9496109],[85.159284,27.949824],[85.1592465,27.9499359],[85.1591994,27.9501994],[85.15936,27.9506771],[85.1594062,27.9508144],[85.1594546,27.9511028],[85.1595111,27.951523],[85.1595502,27.9516722],[85.1596483,27.9518371],[85.15977,27.9520629],[85.1598128,27.9522942],[85.1598773,27.9525276],[85.1598705,27.9526176],[85.1598863,27.9526999],[85.1599737,27.9529505],[85.159971,27.9532312],[85.1599558,27.9533021],[85.1598436,27.9534587],[85.1598276,27.9535096],[85.1598329,27.9535558],[85.1600837,27.9539479],[85.1601306,27.954077],[85.1601481,27.9542216],[85.16014,27.9542749],[85.1601172,27.9543234],[85.1599864,27.9544301],[85.1597775,27.9547494]]]}},{"type":"Feature","properties":{"grade":"No visible damage","kind":"road","name":null,"aoi":"AOI03","locality":"Bidur","product":"EMSR927_AOI03_GRA_MONIT01_v1","post_event_date":"2026-08-28","method":"Photo-interpretation"},"geometry":{"type":"MultiLineString","coordinates":[[[85.15977094,27.95476035],[85.1597775,27.9547494]]]}},{"type":"Feature","properties":{"grade":"Possibly damaged","kind":"road","name":null,"aoi":"AOI03","locality":"Bidur","product":"EMSR927_AOI03_GRA_MONIT01_v1","post_event_date":"2026-08-28","method":"Photo-interpretation"},"geometry":{"type":"MultiLineString","coordinates":[[[85.16134373,27.95404981],[85.161311,27.9539475],[85.1613285,27.9538574],[85.161417,27.9537864],[85.1614528,27.9537388],[85.1614626,27.9536513],[85.1614237,27.9534736],[85.1614183,27.9532983],[85.1614572,27.9531573],[85.1615042,27.9530081],[85.1616141,27.9527226],[85.1616168,27.9526408],[85.1616088,27.9525389],[85.1615424,27.9523183],[85.1614881,27.9522558],[85.1614532,27.9521599],[85.161476,27.9519549],[85.1614818,27.9517385],[85.1614103,27.951532],[85.1614063,27.95141],[85.1613862,27.951282]]]}},{"type":"Feature","properties":{"grade":"Destroyed","kind":"road","name":null,"aoi":"AOI03","locality":"Bidur","product":"EMSR927_AOI03_GRA_MONIT01_v1","post_event_date":"2026-08-28","method":"Photo-interpretation"},"geometry":{"type":"MultiLineString","coordinates":[[[85.16125402,27.95471905],[85.161307,27.9546405],[85.1613298,27.9544936],[85.1613151,27.9543384],[85.161358,27.9540944],[85.16134373,27.95404981]]]}},{"type":"Feature","properties":{"grade":"Possibly damaged","kind":"road","name":null,"aoi":"AOI03","locality":"Bidur","product":"EMSR927_AOI03_GRA_MONIT01_v1","post_event_date":"2026-08-28","method":"Photo-interpretation"},"geometry":{"type":"MultiLineString","coordinates":[[[85.16452245,27.9548447],[85.1645836,27.9548894],[85.1649724,27.9547528]]]}},{"type":"Feature","properties":{"grade":"Destroyed","kind":"road","name":null,"aoi":"AOI03","locality":"Bidur","product":"EMSR927_AOI03_GRA_MONIT01_v1","post_event_date":"2026-08-28","method":"Photo-interpretation"},"geometry":{"type":"MultiLineString","coordinates":[[[85.1642206,27.9551986],[85.1642761,27.9551659],[85.1643574,27.9548915],[85.1644486,27.9547907],[85.16452245,27.9548447]]]}},{"type":"Feature","properties":{"grade":"Destroyed","kind":"road","name":null,"aoi":"AOI03","locality":"Bidur","product":"EMSR927_AOI03_GRA_MONIT01_v1","post_event_date":"2026-08-28","method":"Photo-interpretation"},"geometry":{"type":"MultiLineString","coordinates":[[[85.1640549,27.9551629],[85.1642206,27.9551986]]]}},{"type":"Feature","properties":{"grade":"Destroyed","kind":"road","name":null,"aoi":"AOI03","locality":"Bidur","product":"EMSR927_AOI03_GRA_MONIT01_v1","post_event_date":"2026-08-28","method":"Photo-interpretation"},"geometry":{"type":"MultiLineString","coordinates":[[[85.1640549,27.9551629],[85.163916,27.9553824]]]}},{"type":"Feature","properties":{"grade":"Possibly damaged","kind":"road","name":null,"aoi":"AOI03","locality":"Bidur","product":"EMSR927_AOI03_GRA_MONIT01_v1","post_event_date":"2026-08-28","method":"Photo-interpretation"},"geometry":{"type":"MultiLineString","coordinates":[[[85.16071589,27.95674399],[85.1608209,27.9566739],[85.1611919,27.9560989],[85.1613213,27.9559215],[85.1614555,27.955667],[85.1614744,27.9555822],[85.1613245,27.9553927],[85.1613052,27.9552804],[85.1613097,27.9551961],[85.1613017,27.9551072],[85.1612453,27.9550504],[85.1611582,27.9550089],[85.1611139,27.9549757],[85.1610992,27.9549165],[85.1611285,27.9548496],[85.1611495,27.9548307],[85.1612239,27.9547637],[85.16125402,27.95471905]]]}},{"type":"Feature","properties":{"grade":"Destroyed","kind":"road","name":null,"aoi":"AOI03","locality":"Bidur","product":"EMSR927_AOI03_GRA_MONIT01_v1","post_event_date":"2026-08-28","method":"Photo-interpretation"},"geometry":{"type":"MultiLineString","coordinates":[[[85.163916,27.9553824],[85.1638121,27.9555995],[85.1635697,27.9561208]]]}},{"type":"Feature","properties":{"grade":"Destroyed","kind":"road","name":null,"aoi":"AOI03","locality":"Bidur","product":"EMSR927_AOI03_GRA_MONIT01_v1","post_event_date":"2026-08-28","method":"Photo-interpretation"},"geometry":{"type":"MultiLineString","coordinates":[[[85.1635697,27.9561208],[85.1634916,27.9562868]]]}},{"type":"Feature","properties":{"grade":"Destroyed","kind":"road","name":null,"aoi":"AOI03","locality":"Bidur","product":"EMSR927_AOI03_GRA_MONIT01_v1","post_event_date":"2026-08-28","method":"Photo-interpretation"},"geometry":{"type":"MultiLineString","coordinates":[[[85.1636281,27.9563409],[85.1634916,27.9562868]]]}},{"type":"Feature","properties":{"grade":"No visible damage","kind":"road","name":null,"aoi":"AOI03","locality":"Bidur","product":"EMSR927_AOI03_GRA_MONIT01_v1","post_event_date":"2026-08-28","method":"Photo-interpretation"},"geometry":{"type":"MultiLineString","coordinates":[[[85.16263724,27.9566253],[85.1625676,27.9565873],[85.1624888,27.95659]]]}},{"type":"Feature","properties":{"grade":"Destroyed","kind":"road","name":null,"aoi":"AOI03","locality":"Bidur","product":"EMSR927_AOI03_GRA_MONIT01_v1","post_event_date":"2026-08-28","method":"Photo-interpretation"},"geometry":{"type":"MultiLineString","coordinates":[[[85.1646879,27.956778],[85.164763,27.956714],[85.1648824,27.9566169],[85.1650621,27.9565825],[85.1656602,27.9566406]]]}},{"type":"Feature","properties":{"grade":"Destroyed","kind":"road","name":null,"aoi":"AOI03","locality":"Bidur","product":"EMSR927_AOI03_GRA_MONIT01_v1","post_event_date":"2026-08-28","method":"Photo-interpretation"},"geometry":{"type":"MultiLineString","coordinates":[[[85.1634916,27.9562868],[85.1634045,27.9563231],[85.1633575,27.9564093],[85.1633656,27.9564937],[85.1634409,27.9566075],[85.1639946,27.9568716],[85.1645032,27.9571174],[85.1647912,27.9572459],[85.1650728,27.9573905],[85.1651928,27.9574858],[85.16525,27.9575984],[85.1652418,27.957842],[85.1651707,27.9580003],[85.1650079,27.9580927],[85.1648918,27.9581118],[85.1647739,27.9580999],[85.1644103,27.9580147],[85.16437193,27.9580043]]]}},{"type":"Feature","properties":{"grade":"No visible damage","kind":"road","name":null,"aoi":"AOI03","locality":"Bidur","product":"EMSR927_AOI03_GRA_MONIT01_v1","post_event_date":"2026-08-28","method":"Photo-interpretation"},"geometry":{"type":"MultiLineString","coordinates":[[[85.16084289,27.95795178],[85.1608437,27.9579466],[85.160898,27.9577849],[85.1609986,27.9576652],[85.1612071,27.9575456],[85.1614398,27.957378],[85.1615793,27.9572524],[85.1617523,27.9570907],[85.1619487,27.9569628],[85.162058,27.9568627],[85.1622491,27.9567039],[85.1624282,27.9566104],[85.1624888,27.95659]]]}},{"type":"Feature","properties":{"grade":"Possibly damaged","kind":"road","name":null,"aoi":"AOI03","locality":"Bidur","product":"EMSR927_AOI03_GRA_MONIT01_v1","post_event_date":"2026-08-28","method":"Photo-interpretation"},"geometry":{"type":"MultiLineString","coordinates":[[[85.16437193,27.9580043],[85.164049,27.9579168],[85.1631207,27.9574756],[85.1630062,27.9574283],[85.1629149,27.9573506],[85.1628115,27.9571367],[85.1627393,27.9569059],[85.1627272,27.9567472],[85.1626838,27.9566507],[85.16263724,27.9566253]]]}},{"type":"Feature","properties":{"grade":"No visible damage","kind":"road","name":null,"aoi":"AOI03","locality":"Bidur","product":"EMSR927_AOI03_GRA_MONIT01_v1","post_event_date":"2026-08-28","method":"Photo-interpretation"},"geometry":{"type":"MultiLineString","coordinates":[[[85.16457865,27.9605254],[85.164582,27.9605236],[85.1646665,27.960449],[85.1647054,27.9603803],[85.1648931,27.9604466],[85.1650413,27.9604958],[85.1651406,27.9605218],[85.1652217,27.960526],[85.1653048,27.9605402],[85.1653665,27.9605432],[85.1654054,27.9605372],[85.1654457,27.9605118],[85.1654638,27.9604845],[85.1654725,27.9604229],[85.1654939,27.9603596],[85.1655308,27.9602873],[85.1655912,27.9601884],[85.1656388,27.9601321]]]}},{"type":"Feature","properties":{"grade":"Possibly damaged","kind":"road","name":"Pasang Lhamu Highway","aoi":"AOI03","locality":"Bidur","product":"EMSR927_AOI03_GRA_MONIT01_v1","post_event_date":"2026-08-28","method":"Photo-interpretation"},"geometry":{"type":"MultiLineString","coordinates":[[[85.16639477,27.95603138],[85.16716766,27.95652292]]]}},{"type":"Feature","properties":{"grade":"Destroyed","kind":"road","name":"Pasang Lhamu Highway","aoi":"AOI03","locality":"Bidur","product":"EMSR927_AOI03_GRA_MONIT01_v1","post_event_date":"2026-08-28","method":"Photo-interpretation"},"geometry":{"type":"MultiLineString","coordinates":[[[85.16716766,27.95652292],[85.1673233,27.9566219],[85.16740479,27.9566927]]]}},{"type":"Feature","properties":{"grade":"Destroyed","kind":"road","name":"Pasang Lhamu Highway","aoi":"AOI03","locality":"Bidur","product":"EMSR927_AOI03_GRA_MONIT01_v1","post_event_date":"2026-08-28","method":"Photo-interpretation"},"geometry":{"type":"MultiLineString","coordinates":[[[85.16740479,27.9566927],[85.16756623,27.95683296]]]}},{"type":"Feature","properties":{"grade":"Destroyed","kind":"road","name":"Pasang Lhamu Highway","aoi":"AOI03","locality":"Bidur","product":"EMSR927_AOI03_GRA_MONIT01_v1","post_event_date":"2026-08-28","method":"Photo-interpretation"},"geometry":{"type":"MultiLineString","coordinates":[[[85.16756623,27.95683296],[85.16760562,27.95686719]]]}},{"type":"Feature","properties":{"grade":"Destroyed","kind":"road","name":"Pasang Lhamu Highway","aoi":"AOI03","locality":"Bidur","product":"EMSR927_AOI03_GRA_MONIT01_v1","post_event_date":"2026-08-28","method":"Photo-interpretation"},"geometry":{"type":"MultiLineString","coordinates":[[[85.16760562,27.95686719],[85.16764783,27.95690386]]]}},{"type":"Feature","properties":{"grade":"Destroyed","kind":"road","name":"Pasang Lhamu Highway","aoi":"AOI03","locality":"Bidur","product":"EMSR927_AOI03_GRA_MONIT01_v1","post_event_date":"2026-08-28","method":"Photo-interpretation"},"geometry":{"type":"MultiLineString","coordinates":[[[85.16764783,27.95690386],[85.167831,27.957063],[85.16791526,27.95721849]]]}},{"type":"Feature","properties":{"grade":"Destroyed","kind":"road","name":"Pasang Lhamu Highway","aoi":"AOI03","locality":"Bidur","product":"EMSR927_AOI03_GRA_MONIT01_v1","post_event_date":"2026-08-28","method":"Photo-interpretation"},"geometry":{"type":"MultiLineString","coordinates":[[[85.16791526,27.95721849],[85.167936,27.95725678]]]}},{"type":"Feature","properties":{"grade":"Destroyed","kind":"road","name":"Pasang Lhamu Highway","aoi":"AOI03","locality":"Bidur","product":"EMSR927_AOI03_GRA_MONIT01_v1","post_event_date":"2026-08-28","method":"Photo-interpretation"},"geometry":{"type":"MultiLineString","coordinates":[[[85.167936,27.95725678],[85.1682729,27.9578785],[85.1685182,27.9582756],[85.1688186,27.9585694],[85.1693869,27.9592706],[85.1696032,27.9594906],[85.170583,27.9604872],[85.17191944,27.96176554]]]}},{"type":"Feature","properties":{"grade":"No visible damage","kind":"road","name":null,"aoi":"AOI03","locality":"Bidur","product":"EMSR927_AOI03_GRA_MONIT01_v1","post_event_date":"2026-08-28","method":"Photo-interpretation"},"geometry":{"type":"MultiLineString","coordinates":[[[85.1655912,27.9601884],[85.1658017,27.9602755],[85.165856,27.9602843],[85.165907,27.960295],[85.1659694,27.9603477],[85.1660277,27.960385]]]}},{"type":"Feature","properties":{"grade":"Destroyed","kind":"road","name":null,"aoi":"AOI03","locality":"Bidur","product":"EMSR927_AOI03_GRA_MONIT01_v1","post_event_date":"2026-08-28","method":"Photo-interpretation"},"geometry":{"type":"MultiLineString","coordinates":[[[85.1708249,27.964387],[85.1707299,27.9641383],[85.1706804,27.9640623],[85.1706044,27.9639857],[85.1705377,27.9639417],[85.1704887,27.9639242],[85.1704405,27.963927],[85.1700828,27.9639699],[85.1699787,27.9639526],[85.1699294,27.9639232],[85.1699166,27.9638871],[85.170026,27.9635666],[85.1700312,27.9635225],[85.1700259,27.9634766],[85.1700114,27.9634416],[85.1699845,27.9634097],[85.1698907,27.9633784],[85.1698065,27.963344],[85.169725,27.9632873],[85.1695625,27.9630843],[85.1692641,27.9626691],[85.1689214,27.9621801],[85.1684495,27.9615164],[85.1684653,27.9611183],[85.1681015,27.9603172],[85.1677556,27.9595419],[85.1674185,27.9591285],[85.1671155,27.9586896],[85.1667055,27.9581942],[85.1665092,27.9579118],[85.1660136,27.9573692],[85.1657796,27.9572056],[85.165451,27.9570846],[85.1646879,27.956778],[85.164409,27.9567045],[85.1640787,27.9565839],[85.1637344,27.9564392],[85.1636593,27.9563859],[85.1636281,27.9563409]]]}},{"type":"Feature","properties":{"grade":"Destroyed","kind":"road","name":null,"aoi":"AOI03","locality":"Bidur","product":"EMSR927_AOI03_GRA_MONIT01_v1","post_event_date":"2026-08-28","method":"Photo-interpretation"},"geometry":{"type":"MultiLineString","coordinates":[[[85.1696032,27.9594906],[85.1694168,27.9596477],[85.1691356,27.9597706],[85.1690545,27.9598128],[85.1689661,27.9598538],[85.1689342,27.9598871],[85.1689182,27.9599319],[85.1689124,27.9599946],[85.1689197,27.9605808],[85.1690987,27.9607845],[85.1693344,27.9609855],[85.1696336,27.9612081],[85.169777,27.9612842],[85.1698672,27.9614199],[85.1699799,27.9614835]]]}},{"type":"Feature","properties":{"grade":"Destroyed","kind":"road","name":"Pasang Lhamu Highway","aoi":"AOI03","locality":"Bidur","product":"EMSR927_AOI03_GRA_MONIT01_v1","post_event_date":"2026-08-28","method":"Photo-interpretation"},"geometry":{"type":"MultiLineString","coordinates":[[[85.17191944,27.96176554],[85.17200001,27.9618426]]]}},{"type":"Feature","properties":{"grade":"Destroyed","kind":"road","name":"Pasang Lhamu Highway","aoi":"AOI03","locality":"Bidur","product":"EMSR927_AOI03_GRA_MONIT01_v1","post_event_date":"2026-08-28","method":"Photo-interpretation"},"geometry":{"type":"MultiLineString","coordinates":[[[85.17200001,27.9618426],[85.1724484,27.9622715],[85.1726825,27.9624994],[85.17271933,27.96253857]]]}},{"type":"Feature","properties":{"grade":"No visible damage","kind":"road","name":null,"aoi":"AOI03","locality":"Bidur","product":"EMSR927_AOI03_GRA_MONIT01_v1","post_event_date":"2026-08-28","method":"Photo-interpretation"},"geometry":{"type":"MultiLineString","coordinates":[[[85.1672399,27.9619114],[85.1669043,27.9618789],[85.1666768,27.9619226],[85.1665338,27.9620568],[85.166292,27.9623932],[85.1661671,27.9625815],[85.1660492,27.9627186],[85.1659204,27.9629307],[85.165856,27.9630775]]]}},{"type":"Feature","properties":{"grade":"Destroyed","kind":"road","name":"Pasang Lhamu Highway","aoi":"AOI03","locality":"Bidur","product":"EMSR927_AOI03_GRA_MONIT01_v1","post_event_date":"2026-08-28","method":"Photo-interpretation"},"geometry":{"type":"MultiLineString","coordinates":[[[85.17271933,27.96253857],[85.1727612,27.9625831],[85.1727728,27.9625936],[85.17279042,27.96260944]]]}},{"type":"Feature","properties":{"grade":"No visible damage","kind":"road","name":null,"aoi":"AOI03","locality":"Bidur","product":"EMSR927_AOI03_GRA_MONIT01_v1","post_event_date":"2026-08-28","method":"Photo-interpretation"},"geometry":{"type":"MultiLineString","coordinates":[[[85.16486246,27.96111022],[85.1650715,27.9610247],[85.1653326,27.9609696],[85.1657704,27.961112],[85.1659714,27.9612859],[85.1661956,27.9613811],[85.1664874,27.9616845],[85.1666084,27.9617413],[85.1669869,27.9618013],[85.1672691,27.9618475],[85.1672399,27.9619114],[85.1672821,27.9619826],[85.1673318,27.9622315],[85.1674535,27.9624996],[85.1675249,27.9626575],[85.1675704,27.962834],[85.1676394,27.9629884],[85.1676209,27.9631284],[85.1676893,27.9633191],[85.1678275,27.963575],[85.1680626,27.964102],[85.1681689,27.9645861]]]}},{"type":"Feature","properties":{"grade":"Destroyed","kind":"road","name":null,"aoi":"AOI03","locality":"Bidur","product":"EMSR927_AOI03_GRA_MONIT01_v1","post_event_date":"2026-08-28","method":"Photo-interpretation"},"geometry":{"type":"MultiLineString","coordinates":[[[85.17275312,27.96260631],[85.1726588,27.9626672],[85.172606,27.9626726],[85.17248,27.9626403],[85.1723499,27.9627265],[85.1723173,27.9628055],[85.1724271,27.9629563]]]}},{"type":"Feature","properties":{"grade":"No visible damage","kind":"road","name":null,"aoi":"AOI03","locality":"Bidur","product":"EMSR927_AOI03_GRA_MONIT01_v1","post_event_date":"2026-08-28","method":"Photo-interpretation"},"geometry":{"type":"MultiLineString","coordinates":[[[85.1667806,27.9624578],[85.16692,27.9624124],[85.1669998,27.962468],[85.1669687,27.9627663],[85.1668963,27.9630918],[85.1668672,27.9633594],[85.1667491,27.9635985],[85.1665736,27.9636027],[85.1664314,27.9636544],[85.1663135,27.9637469],[85.16621027,27.9638875]]]}},{"type":"Feature","properties":{"grade":"Destroyed","kind":"road","name":null,"aoi":"AOI03","locality":"Bidur","product":"EMSR927_AOI03_GRA_MONIT01_v1","post_event_date":"2026-08-28","method":"Photo-interpretation"},"geometry":{"type":"MultiLineString","coordinates":[[[85.170068,27.963355],[85.1698907,27.9633784]]]}},{"type":"Feature","properties":{"grade":"Destroyed","kind":"road","name":null,"aoi":"AOI03","locality":"Bidur","product":"EMSR927_AOI03_GRA_MONIT01_v1","post_event_date":"2026-08-28","method":"Photo-interpretation"},"geometry":{"type":"MultiLineString","coordinates":[[[85.1706307,27.9636381],[85.1702496,27.963347],[85.170068,27.963355]]]}},{"type":"Feature","properties":{"grade":"No visible damage","kind":"road","name":null,"aoi":"AOI03","locality":"Bidur","product":"EMSR927_AOI03_GRA_MONIT01_v1","post_event_date":"2026-08-28","method":"Photo-interpretation"},"geometry":{"type":"MultiLineString","coordinates":[[[85.16042204,27.95771531],[85.1604367,27.9575764],[85.1604219,27.9573845],[85.1603817,27.9571922],[85.1603883,27.9570528],[85.1604648,27.9569116],[85.16071589,27.95674399]]]}},{"type":"Feature","properties":{"grade":"No visible damage","kind":"road","name":null,"aoi":"AOI03","locality":"Bidur","product":"EMSR927_AOI03_GRA_MONIT01_v1","post_event_date":"2026-08-28","method":"Photo-interpretation"},"geometry":{"type":"MultiLineString","coordinates":[[[85.16710032,27.95089396],[85.1670413,27.9509817],[85.1669984,27.9510955],[85.1670393,27.9511782],[85.1670735,27.9512471],[85.16713451,27.95126273]]]}},{"type":"Feature","properties":{"grade":"Destroyed","kind":"road","name":"Pasang Lhamu Highway","aoi":"AOI03","locality":"Bidur","product":"EMSR927_AOI03_GRA_MONIT01_v1","post_event_date":"2026-08-28","method":"Photo-interpretation"},"geometry":{"type":"MultiLineString","coordinates":[[[85.17948459,27.96748778],[85.1797191,27.9679763],[85.1798193,27.9681543],[85.1799,27.9682786],[85.1799577,27.968358],[85.1799932,27.9683987],[85.1800382,27.9684417],[85.1801478,27.96853],[85.1803248,27.9686504],[85.1804593,27.9687276],[85.1805912,27.9687778],[85.1808256,27.9688454],[85.180903,27.9688485],[85.1809313,27.9688705],[85.1810176,27.9688844],[85.1811268,27.9688849],[85.1813196,27.968866],[85.1813935,27.9688454],[85.1815031,27.9688326],[85.1817176,27.9687805],[85.1818324,27.9687646],[85.1819183,27.9687595],[85.1820203,27.9687601],[85.1821429,27.9687766],[85.1823566,27.9688247],[85.1830947,27.9690215],[85.1837196,27.9691989],[85.1838151,27.9692289],[85.1839225,27.9692683],[85.184035,27.9693186],[85.184091,27.9693482],[85.1842029,27.9694215],[85.1842577,27.969464],[85.1843599,27.9695528],[85.1844447,27.9696369],[85.1845034,27.9697039],[85.1845939,27.9698521],[85.184658,27.9699707],[85.1846901,27.9700381],[85.1847381,27.9701068],[85.1847908,27.9703121]]]}},{"type":"Feature","properties":{"grade":"Destroyed","kind":"road","name":"Pasang Lhamu Highway","aoi":"AOI03","locality":"Bidur","product":"EMSR927_AOI03_GRA_MONIT01_v1","post_event_date":"2026-08-28","method":"Photo-interpretation"},"geometry":{"type":"MultiLineString","coordinates":[[[85.17322101,27.96299649],[85.17327178,27.96304212]]]}},{"type":"Feature","properties":{"grade":"Destroyed","kind":"road","name":"Pasang Lhamu Highway","aoi":"AOI03","locality":"Bidur","product":"EMSR927_AOI03_GRA_MONIT01_v1","post_event_date":"2026-08-28","method":"Photo-interpretation"},"geometry":{"type":"MultiLineString","coordinates":[[[85.17327178,27.96304212],[85.173829,27.963543],[85.1739,27.9636064],[85.1739519,27.9636417],[85.1740413,27.9636786],[85.1742895,27.9637383],[85.1745316,27.9638024],[85.1746397,27.9638375],[85.1748079,27.9639019],[85.1748842,27.9639266],[85.1753427,27.9640382],[85.1754531,27.9640704],[85.1755024,27.9640904],[85.1755906,27.9641365],[85.1756633,27.9641845],[85.1756666,27.96418709]]]}},{"type":"Feature","properties":{"grade":"Destroyed","kind":"road","name":"Pasang Lhamu Highway","aoi":"AOI03","locality":"Bidur","product":"EMSR927_AOI03_GRA_MONIT01_v1","post_event_date":"2026-08-28","method":"Photo-interpretation"},"geometry":{"type":"MultiLineString","coordinates":[[[85.1756666,27.96418709],[85.17570005,27.96421337]]]}},{"type":"Feature","properties":{"grade":"Destroyed","kind":"road","name":"Pasang Lhamu Highway","aoi":"AOI03","locality":"Bidur","product":"EMSR927_AOI03_GRA_MONIT01_v1","post_event_date":"2026-08-28","method":"Photo-interpretation"},"geometry":{"type":"MultiLineString","coordinates":[[[85.17570005,27.96421337],[85.17570426,27.96421668]]]}},{"type":"Feature","properties":{"grade":"Destroyed","kind":"road","name":"Pasang Lhamu Highway","aoi":"AOI03","locality":"Bidur","product":"EMSR927_AOI03_GRA_MONIT01_v1","post_event_date":"2026-08-28","method":"Photo-interpretation"},"geometry":{"type":"MultiLineString","coordinates":[[[85.17570426,27.96421668],[85.17570604,27.96421808]]]}},{"type":"Feature","properties":{"grade":"Destroyed","kind":"road","name":"Pasang Lhamu Highway","aoi":"AOI03","locality":"Bidur","product":"EMSR927_AOI03_GRA_MONIT01_v1","post_event_date":"2026-08-28","method":"Photo-interpretation"},"geometry":{"type":"MultiLineString","coordinates":[[[85.17570604,27.96421808],[85.1757706,27.9642688],[85.1758487,27.9643102],[85.1759189,27.9643392],[85.1759968,27.9643653],[85.176166,27.9644061],[85.1763277,27.9644587],[85.1764424,27.9645091],[85.1764988,27.9645393],[85.176605,27.9646103],[85.17662878,27.96463178]]]}},{"type":"Feature","properties":{"grade":"Destroyed","kind":"road","name":"Pasang Lhamu Highway","aoi":"AOI03","locality":"Bidur","product":"EMSR927_AOI03_GRA_MONIT01_v1","post_event_date":"2026-08-28","method":"Photo-interpretation"},"geometry":{"type":"MultiLineString","coordinates":[[[85.17662878,27.96463178],[85.1766506,27.9646515],[85.1766887,27.9646963],[85.17670239,27.96471787]]]}},{"type":"Feature","properties":{"grade":"Destroyed","kind":"road","name":"Pasang Lhamu Highway","aoi":"AOI03","locality":"Bidur","product":"EMSR927_AOI03_GRA_MONIT01_v1","post_event_date":"2026-08-28","method":"Photo-interpretation"},"geometry":{"type":"MultiLineString","coordinates":[[[85.17670239,27.96471787],[85.1767494,27.9647919],[85.176827,27.964933],[85.1768561,27.9649748],[85.1768897,27.9650122],[85.1769295,27.9650438],[85.17707871,27.96514632]]]}},{"type":"Feature","properties":{"grade":"Destroyed","kind":"road","name":"Pasang Lhamu Highway","aoi":"AOI03","locality":"Bidur","product":"EMSR927_AOI03_GRA_MONIT01_v1","post_event_date":"2026-08-28","method":"Photo-interpretation"},"geometry":{"type":"MultiLineString","coordinates":[[[85.17707871,27.96514632],[85.1771088,27.965167],[85.17724724,27.9652665]]]}},{"type":"Feature","properties":{"grade":"Destroyed","kind":"road","name":"Pasang Lhamu Highway","aoi":"AOI03","locality":"Bidur","product":"EMSR927_AOI03_GRA_MONIT01_v1","post_event_date":"2026-08-28","method":"Photo-interpretation"},"geometry":{"type":"MultiLineString","coordinates":[[[85.17724724,27.9652665],[85.1773264,27.9653234],[85.17745519,27.96542149]]]}},{"type":"Feature","properties":{"grade":"Destroyed","kind":"road","name":null,"aoi":"AOI03","locality":"Bidur","product":"EMSR927_AOI03_GRA_MONIT01_v1","post_event_date":"2026-08-28","method":"Photo-interpretation"},"geometry":{"type":"MultiLineString","coordinates":[[[85.1707299,27.9641383],[85.1708155,27.964139],[85.1709515,27.964223],[85.1710455,27.9642605],[85.1711717,27.9643048],[85.171294,27.9643253],[85.171473,27.9643401],[85.1715824,27.9643424],[85.1716635,27.9643571],[85.1718618,27.9644015],[85.1719842,27.9644242],[85.1720231,27.9643534],[85.1720682,27.9643618],[85.1721023,27.9643186],[85.1721392,27.9642692],[85.1721654,27.9642429],[85.1722021,27.9642011],[85.1722304,27.9641757],[85.1722389,27.9641425],[85.1722648,27.9641172],[85.1722404,27.9640922],[85.1722108,27.9640615],[85.1721644,27.9640274],[85.1721052,27.9640023],[85.1720627,27.9639966],[85.1720099,27.9639944],[85.1719533,27.963991],[85.1719056,27.9639875],[85.1718477,27.963991],[85.1717907,27.9639929],[85.1716897,27.9639891],[85.1715862,27.9639836],[85.1714805,27.9639759],[85.1713942,27.96396],[85.1711457,27.9639088],[85.1710453,27.9638826],[85.1709732,27.9638576],[85.1707659,27.9637541],[85.1706976,27.9636996],[85.1706307,27.9636381]]]}},{"type":"Feature","properties":{"grade":"Destroyed","kind":"road","name":null,"aoi":"AOI03","locality":"Bidur","product":"EMSR927_AOI03_GRA_MONIT01_v1","post_event_date":"2026-08-28","method":"Photo-interpretation"},"geometry":{"type":"MultiLineString","coordinates":[[[85.1708249,27.964387],[85.1706711,27.9643833],[85.1704059,27.9644897],[85.1700958,27.9645571],[85.1699382,27.9646274],[85.16993299,27.96467573]]]}},{"type":"Feature","properties":{"grade":"Destroyed","kind":"road","name":null,"aoi":"AOI03","locality":"Bidur","product":"EMSR927_AOI03_GRA_MONIT01_v1","post_event_date":"2026-08-28","method":"Photo-interpretation"},"geometry":{"type":"MultiLineString","coordinates":[[[85.1699382,27.9646274],[85.16995008,27.96467694]]]}},{"type":"Feature","properties":{"grade":"No visible damage","kind":"road","name":null,"aoi":"AOI03","locality":"Bidur","product":"EMSR927_AOI03_GRA_MONIT01_v1","post_event_date":"2026-08-28","method":"Photo-interpretation"},"geometry":{"type":"MultiLineString","coordinates":[[[85.16674738,27.96470324],[85.1667869,27.9647068],[85.1669132,27.9646823],[85.167098,27.9647477],[85.1672305,27.9647204]]]}},{"type":"Feature","properties":{"grade":"Possibly damaged","kind":"road","name":null,"aoi":"AOI03","locality":"Bidur","product":"EMSR927_AOI03_GRA_MONIT01_v1","post_event_date":"2026-08-28","method":"Photo-interpretation"},"geometry":{"type":"MultiLineString","coordinates":[[[85.16995008,27.96467694],[85.1699687,27.9647546],[85.1699644,27.9648857],[85.16998482,27.96497777]]]}},{"type":"Feature","properties":{"grade":"No visible damage","kind":"road","name":null,"aoi":"AOI03","locality":"Bidur","product":"EMSR927_AOI03_GRA_MONIT01_v1","post_event_date":"2026-08-28","method":"Photo-interpretation"},"geometry":{"type":"MultiLineString","coordinates":[[[85.16956789,27.96503855],[85.1695598,27.9650354],[85.1694303,27.9649433],[85.1692524,27.9649649],[85.1691401,27.9650784],[85.1691238,27.9651335],[85.1689944,27.9650713],[85.1688415,27.9650246],[85.168735,27.9649822],[85.16853,27.964944],[85.1683495,27.9648523],[85.1682542,27.9647373],[85.1681689,27.9645861]]]}},{"type":"Feature","properties":{"grade":"Possibly damaged","kind":"road","name":null,"aoi":"AOI03","locality":"Bidur","product":"EMSR927_AOI03_GRA_MONIT01_v1","post_event_date":"2026-08-28","method":"Photo-interpretation"},"geometry":{"type":"MultiLineString","coordinates":[[[85.16993299,27.96467573],[85.1698989,27.9649917],[85.1696731,27.9650795],[85.16956789,27.96503855]]]}},{"type":"Feature","properties":{"grade":"Destroyed","kind":"road","name":null,"aoi":"AOI03","locality":"Bidur","product":"EMSR927_AOI03_GRA_MONIT01_v1","post_event_date":"2026-08-28","method":"Photo-interpretation"},"geometry":{"type":"MultiLineString","coordinates":[[[85.16998482,27.96497777],[85.1700037,27.9650629],[85.17006628,27.96512244]]]}},{"type":"Feature","properties":{"grade":"Possibly damaged","kind":"road","name":null,"aoi":"AOI03","locality":"Bidur","product":"EMSR927_AOI03_GRA_MONIT01_v1","post_event_date":"2026-08-28","method":"Photo-interpretation"},"geometry":{"type":"MultiLineString","coordinates":[[[85.17006628,27.96512244],[85.1701171,27.9651708],[85.170248,27.9652942],[85.1703614,27.9653366]]]}},{"type":"Feature","properties":{"grade":"Destroyed","kind":"road","name":"Pasang Lhamu Highway","aoi":"AOI03","locality":"Bidur","product":"EMSR927_AOI03_GRA_MONIT01_v1","post_event_date":"2026-08-28","method":"Photo-interpretation"},"geometry":{"type":"MultiLineString","coordinates":[[[85.17745519,27.96542149],[85.1775223,27.9654726],[85.17757646,27.96552564]]]}},{"type":"Feature","properties":{"grade":"Destroyed","kind":"road","name":"Pasang Lhamu Highway","aoi":"AOI03","locality":"Bidur","product":"EMSR927_AOI03_GRA_MONIT01_v1","post_event_date":"2026-08-28","method":"Photo-interpretation"},"geometry":{"type":"MultiLineString","coordinates":[[[85.17757646,27.96552564],[85.1777414,27.9656872],[85.1780846,27.9660366],[85.1784474,27.9664543],[85.17848686,27.96649666]]]}},{"type":"Feature","properties":{"grade":"Destroyed","kind":"road","name":"Pasang Lhamu Highway","aoi":"AOI03","locality":"Bidur","product":"EMSR927_AOI03_GRA_MONIT01_v1","post_event_date":"2026-08-28","method":"Photo-interpretation"},"geometry":{"type":"MultiLineString","coordinates":[[[85.17848686,27.96649666],[85.17850242,27.96651336]]]}},{"type":"Feature","properties":{"grade":"Possibly damaged","kind":"road","name":"Pasang Lhamu Highway","aoi":"AOI03","locality":"Bidur","product":"EMSR927_AOI03_GRA_MONIT01_v1","post_event_date":"2026-08-28","method":"Photo-interpretation"},"geometry":{"type":"MultiLineString","coordinates":[[[85.17850242,27.96651336],[85.1785657,27.9665813],[85.1786291,27.966632],[85.17863573,27.96663669]]]}},{"type":"Feature","properties":{"grade":"Destroyed","kind":"road","name":"Pasang Lhamu Highway","aoi":"AOI03","locality":"Bidur","product":"EMSR927_AOI03_GRA_MONIT01_v1","post_event_date":"2026-08-28","method":"Photo-interpretation"},"geometry":{"type":"MultiLineString","coordinates":[[[85.17863573,27.96663669],[85.1787203,27.9666965],[85.17882964,27.96676751]]]}},{"type":"Feature","properties":{"grade":"Possibly damaged","kind":"road","name":"Pasang Lhamu Highway","aoi":"AOI03","locality":"Bidur","product":"EMSR927_AOI03_GRA_MONIT01_v1","post_event_date":"2026-08-28","method":"Photo-interpretation"},"geometry":{"type":"MultiLineString","coordinates":[[[85.17882964,27.96676751],[85.17906944,27.96692327]]]}},{"type":"Feature","properties":{"grade":"Destroyed","kind":"road","name":null,"aoi":"AOI03","locality":"Bidur","product":"EMSR927_AOI03_GRA_MONIT01_v1","post_event_date":"2026-08-28","method":"Photo-interpretation"},"geometry":{"type":"MultiLineString","coordinates":[[[85.17746586,27.96968493],[85.1774355,27.9696528],[85.1770117,27.9692873],[85.1767551,27.9689898],[85.1765381,27.9687741],[85.1762005,27.968395],[85.1756349,27.9676064],[85.1756125,27.96756],[85.1756079,27.9675029],[85.1756143,27.9673783],[85.1756015,27.9673284],[85.1755672,27.9672933],[85.1752062,27.9671282],[85.1750955,27.9670501],[85.1746607,27.9667064],[85.1744616,27.9665866],[85.1741685,27.9664032],[85.1740378,27.9663233],[85.1739124,27.9662995],[85.1736986,27.9662732],[85.1735071,27.9662121],[85.1734205,27.9661514],[85.1734138,27.9660521],[85.1734557,27.9659045],[85.1733617,27.9657698],[85.1732354,27.9657054],[85.1731159,27.9656684],[85.1728459,27.9656306],[85.1726242,27.965473],[85.1725011,27.9654005],[85.1722343,27.9653693],[85.171974,27.9653231],[85.1712809,27.9650697],[85.1711026,27.9649912],[85.1709311,27.9648801],[85.1708054,27.9647164],[85.1708509,27.9645369],[85.1708249,27.964387]]]}},{"type":"Feature","properties":{"grade":"Destroyed","kind":"road","name":"Pasang Lhamu Highway","aoi":"AOI03","locality":"Bidur","product":"EMSR927_AOI03_GRA_MONIT01_v1","post_event_date":"2026-08-28","method":"Photo-interpretation"},"geometry":{"type":"MultiLineString","coordinates":[[[85.17906944,27.96692327],[85.1790698,27.9669235],[85.1791138,27.9669598],[85.1792013,27.9670455],[85.1793153,27.9671796],[85.1793838,27.9672778],[85.17948459,27.96748778]]]}},{"type":"Feature","properties":{"grade":"Destroyed","kind":"road","name":null,"aoi":"AOI03","locality":"Bidur","product":"EMSR927_AOI03_GRA_MONIT01_v1","post_event_date":"2026-08-28","method":"Photo-interpretation"},"geometry":{"type":"MultiLineString","coordinates":[[[85.17488379,27.96800221],[85.1749668,27.9678941],[85.1749391,27.967837],[85.1750359,27.9677108],[85.1751466,27.9675397],[85.1751789,27.9673564],[85.1752062,27.9671282]]]}},{"type":"Feature","properties":{"grade":"Possibly damaged","kind":"road","name":null,"aoi":"AOI03","locality":"Bidur","product":"EMSR927_AOI03_GRA_MONIT01_v1","post_event_date":"2026-08-28","method":"Photo-interpretation"},"geometry":{"type":"MultiLineString","coordinates":[[[85.17491479,27.96858994],[85.1748653,27.9685336],[85.1747408,27.9684317],[85.1747408,27.9682973],[85.1747731,27.9681466],[85.1748699,27.9680203],[85.17488379,27.96800221]]]}},{"type":"Feature","properties":{"grade":"No visible damage","kind":"road","name":null,"aoi":"AOI03","locality":"Bidur","product":"EMSR927_AOI03_GRA_MONIT01_v1","post_event_date":"2026-08-28","method":"Photo-interpretation"},"geometry":{"type":"MultiLineString","coordinates":[[[85.17512932,27.96885058],[85.1750728,27.9687698],[85.17491479,27.96858994]]]}},{"type":"Feature","properties":{"grade":"No visible damage","kind":"road","name":null,"aoi":"AOI03","locality":"Bidur","product":"EMSR927_AOI03_GRA_MONIT01_v1","post_event_date":"2026-08-28","method":"Photo-interpretation"},"geometry":{"type":"MultiLineString","coordinates":[[[85.17543408,27.9692965],[85.175333,27.9691444],[85.1752134,27.9689715],[85.1751697,27.9689083],[85.17512932,27.96885058]]]}},{"type":"Feature","properties":{"grade":"No visible damage","kind":"road","name":null,"aoi":"AOI03","locality":"Bidur","product":"EMSR927_AOI03_GRA_MONIT01_v1","post_event_date":"2026-08-28","method":"Photo-interpretation"},"geometry":{"type":"MultiLineString","coordinates":[[[85.17578508,27.96960568],[85.1756835,27.9695453],[85.1754881,27.9693778],[85.17543408,27.9692965]]]}},{"type":"Feature","properties":{"grade":"No visible damage","kind":"road","name":null,"aoi":"AOI03","locality":"Bidur","product":"EMSR927_AOI03_GRA_MONIT01_v1","post_event_date":"2026-08-28","method":"Photo-interpretation"},"geometry":{"type":"MultiLineString","coordinates":[[[85.1763574,27.96999255],[85.1759823,27.9697229],[85.17578508,27.96960568]]]}},{"type":"Feature","properties":{"grade":"Possibly damaged","kind":"road","name":null,"aoi":"AOI03","locality":"Bidur","product":"EMSR927_AOI03_GRA_MONIT01_v1","post_event_date":"2026-08-28","method":"Photo-interpretation"},"geometry":{"type":"MultiLineString","coordinates":[[[85.17785326,27.97020614],[85.1777598,27.970129],[85.1776265,27.9698549],[85.17746586,27.96968493]]]}},{"type":"Feature","properties":{"grade":"No visible damage","kind":"road","name":null,"aoi":"AOI03","locality":"Bidur","product":"EMSR927_AOI03_GRA_MONIT01_v1","post_event_date":"2026-08-28","method":"Photo-interpretation"},"geometry":{"type":"MultiLineString","coordinates":[[[85.17761466,27.97062874],[85.1774819,27.970682],[85.1773785,27.9706516],[85.1772751,27.970545],[85.1771085,27.9704334],[85.1768901,27.9704385],[85.1767752,27.9703268],[85.1764764,27.9700781],[85.1763574,27.96999255]]]}},{"type":"Feature","properties":{"grade":"No visible damage","kind":"road","name":null,"aoi":"AOI03","locality":"Bidur","product":"EMSR927_AOI03_GRA_MONIT01_v1","post_event_date":"2026-08-28","method":"Photo-interpretation"},"geometry":{"type":"MultiLineString","coordinates":[[[85.17945703,27.97096165],[85.1778812,27.9702292],[85.17785326,27.97020614]]]}},{"type":"Feature","properties":{"grade":"No visible damage","kind":"road","name":null,"aoi":"AOI03","locality":"Bidur","product":"EMSR927_AOI03_GRA_MONIT01_v1","post_event_date":"2026-08-28","method":"Photo-interpretation"},"geometry":{"type":"MultiLineString","coordinates":[[[85.17903452,27.9716615],[85.1788897,27.971494],[85.1785219,27.9711895],[85.1783312,27.9710392],[85.1781485,27.9708952],[85.1778727,27.9706668],[85.1777583,27.9706322],[85.1776716,27.9706059],[85.17761466,27.97062874]]]}},{"type":"Feature","properties":{"grade":"No visible damage","kind":"road","name":null,"aoi":"AOI03","locality":"Bidur","product":"EMSR927_AOI03_GRA_MONIT01_v1","post_event_date":"2026-08-28","method":"Photo-interpretation"},"geometry":{"type":"MultiLineString","coordinates":[[[85.18051667,27.97272098],[85.1804091,27.97245497],[85.1800819,27.9716403],[85.1798511,27.971317],[85.1795434,27.9710018],[85.17945703,27.97096165]]]}},{"type":"Feature","properties":{"grade":"Destroyed","kind":"road","name":"Pasang Lhamu Highway","aoi":"AOI03","locality":"Bidur","product":"EMSR927_AOI03_GRA_MONIT01_v1","post_event_date":"2026-08-27","method":"Photo-interpretation"},"geometry":{"type":"MultiLineString","coordinates":[[[85.1847908,27.9703121],[85.1848611,27.9705325]]]}},{"type":"Feature","properties":{"grade":"Destroyed","kind":"road","name":"Pasang Lhamu Highway","aoi":"AOI03","locality":"Bidur","product":"EMSR927_AOI03_GRA_MONIT01_v1","post_event_date":"2026-08-27","method":"Photo-interpretation"},"geometry":{"type":"MultiLineString","coordinates":[[[85.1848611,27.9705325],[85.1848665,27.9705501],[85.1850635,27.9711128],[85.1852607,27.9716436],[85.1852717,27.9716704],[85.185357,27.971883],[85.18546,27.9721694],[85.1855365,27.9723799],[85.18560747,27.97260098]]]}},{"type":"Feature","properties":{"grade":"Destroyed","kind":"road","name":null,"aoi":"AOI03","locality":"Bidur","product":"EMSR927_AOI03_GRA_MONIT01_v1","post_event_date":"2026-08-27","method":"Photo-interpretation"},"geometry":{"type":"MultiLineString","coordinates":[[[85.185357,27.971883],[85.185231,27.971864],[85.18518,27.9718261],[85.1851451,27.9717834],[85.1851317,27.9717361],[85.1851371,27.9717005],[85.1851612,27.9716792],[85.1852607,27.9716436]]]}},{"type":"Feature","properties":{"grade":"Destroyed","kind":"road","name":null,"aoi":"AOI03","locality":"Bidur","product":"EMSR927_AOI03_GRA_MONIT01_v1","post_event_date":"2026-08-27","method":"Photo-interpretation"},"geometry":{"type":"MultiLineString","coordinates":[[[85.1855365,27.9723799],[85.1852346,27.9724756],[85.1851666,27.9725253],[85.1851358,27.9724554],[85.1851236,27.972432],[85.1850809,27.9724338]]]}},{"type":"Feature","properties":{"grade":"Destroyed","kind":"road","name":"Pasang Lhamu Highway","aoi":"AOI03","locality":"Bidur","product":"EMSR927_AOI03_GRA_MONIT01_v1","post_event_date":"2026-08-27","method":"Photo-interpretation"},"geometry":{"type":"MultiLineString","coordinates":[[[85.18560747,27.97260098],[85.1856682,27.9727902],[85.18568519,27.97291281]]]}},{"type":"Feature","properties":{"grade":"Destroyed","kind":"road","name":null,"aoi":"AOI03","locality":"Bidur","product":"EMSR927_AOI03_GRA_MONIT01_v1","post_event_date":"2026-08-28","method":"Photo-interpretation"},"geometry":{"type":"MultiLineString","coordinates":[[[85.1822993,27.973309],[85.1823076,27.9732329],[85.1823494,27.9731983],[85.1824241,27.9731324],[85.1825333,27.9730867],[85.1826999,27.973178],[85.1828436,27.9731121],[85.1829355,27.9730461],[85.1830677,27.9730207],[85.1831596,27.9730055],[85.1832975,27.9730765],[85.1834067,27.9731171],[85.1834929,27.9731171],[85.1837744,27.9727416],[85.1837629,27.9725792],[85.1838261,27.9725488],[85.1839585,27.9725259]]]}},{"type":"Feature","properties":{"grade":"Destroyed","kind":"road","name":"Pasang Lhamu Highway","aoi":"AOI03","locality":"Bidur","product":"EMSR927_AOI03_GRA_MONIT01_v1","post_event_date":"2026-08-27","method":"Photo-interpretation"},"geometry":{"type":"MultiLineString","coordinates":[[[85.18568519,27.97291281],[85.1856883,27.9729353],[85.18576319,27.97315374]]]}},{"type":"Feature","properties":{"grade":"Destroyed","kind":"road","name":"Pasang Lhamu Highway","aoi":"AOI03","locality":"Bidur","product":"EMSR927_AOI03_GRA_MONIT01_v1","post_event_date":"2026-08-27","method":"Photo-interpretation"},"geometry":{"type":"MultiLineString","coordinates":[[[85.18576319,27.97315374],[85.1858232,27.97332879]]]}},{"type":"Feature","properties":{"grade":"Destroyed","kind":"road","name":null,"aoi":"AOI03","locality":"Bidur","product":"EMSR927_AOI03_GRA_MONIT01_v1","post_event_date":"2026-08-28","method":"Photo-interpretation"},"geometry":{"type":"MultiLineString","coordinates":[[[85.1822993,27.973309],[85.1822988,27.9733122],[85.182268,27.9734638],[85.1822231,27.9736137],[85.1822103,27.973649],[85.1821974,27.9736714],[85.18219683,27.97367183]]]}},{"type":"Feature","properties":{"grade":"Destroyed","kind":"road","name":"Pasang Lhamu Highway","aoi":"AOI03","locality":"Bidur","product":"EMSR927_AOI03_GRA_MONIT01_v1","post_event_date":"2026-08-27","method":"Photo-interpretation"},"geometry":{"type":"MultiLineString","coordinates":[[[85.1858232,27.97332879],[85.1858642,27.9734484],[85.1859169,27.973602],[85.1858962,27.9737114],[85.185882,27.9739074]]]}},{"type":"Feature","properties":{"grade":"No visible damage","kind":"road","name":null,"aoi":"AOI03","locality":"Bidur","product":"EMSR927_AOI03_GRA_MONIT01_v1","post_event_date":"2026-08-28","method":"Photo-interpretation"},"geometry":{"type":"MultiLineString","coordinates":[[[85.1691238,27.9651335],[85.1691213,27.9652334],[85.1691874,27.9653085],[85.1692299,27.9653515],[85.169233,27.9654085],[85.1691766,27.9655106],[85.169157,27.9656113],[85.1691402,27.9657056],[85.1690891,27.9657854],[85.1690291,27.9658467],[85.1689853,27.965888],[85.168952,27.965955],[85.1689603,27.9659731],[85.1689861,27.9660295]]]}},{"type":"Feature","properties":{"grade":"No visible damage","kind":"road","name":null,"aoi":"AOI03","locality":"Bidur","product":"EMSR927_AOI03_GRA_MONIT01_v1","post_event_date":"2026-08-28","method":"Photo-interpretation"},"geometry":{"type":"MultiLineString","coordinates":[[[85.1681689,27.9645861],[85.1682325,27.9649526],[85.1682875,27.9653341],[85.1683069,27.9657873],[85.168329,27.9658611],[85.1684528,27.966],[85.1686417,27.9661972],[85.1687528,27.9664014],[85.1687574,27.9664938],[85.1687604,27.9665544],[85.16876407,27.96674606]]]}},{"type":"Feature","properties":{"grade":"No visible damage","kind":"road","name":null,"aoi":"AOI03","locality":"Bidur","product":"EMSR927_AOI03_GRA_MONIT01_v1","post_event_date":"2026-08-28","method":"Photo-interpretation"},"geometry":{"type":"MultiLineString","coordinates":[[[85.1687574,27.9664938],[85.1688762,27.9664865],[85.168931,27.9664434],[85.1689595,27.9663142],[85.1689432,27.9661652],[85.1689603,27.9659731]]]}},{"type":"Feature","properties":{"grade":"Destroyed","kind":"road","name":null,"aoi":"AOI03","locality":"Bidur","product":"EMSR927_AOI03_GRA_MONIT01_v1","post_event_date":"2026-08-28","method":"Photo-interpretation"},"geometry":{"type":"MultiLineString","coordinates":[[[85.1734205,27.9661514],[85.1732994,27.9664756],[85.1732123,27.9665289],[85.1730339,27.96651],[85.1728663,27.9665005],[85.1726664,27.9665159],[85.1725726,27.9665254],[85.1724425,27.9664922],[85.1723084,27.9664425],[85.1721675,27.9663394],[85.1720307,27.9662755],[85.1718725,27.9662707],[85.1717759,27.9662885],[85.1717116,27.9662873],[85.1716231,27.966356],[85.1714809,27.9665467]]]}},{"type":"Feature","properties":{"grade":"No visible damage","kind":"road","name":null,"aoi":"AOI03","locality":"Bidur","product":"EMSR927_AOI03_GRA_MONIT01_v1","post_event_date":"2026-08-28","method":"Photo-interpretation"},"geometry":{"type":"MultiLineString","coordinates":[[[85.16954212,27.96753419],[85.16954212,27.9675342]]]}},{"type":"Feature","properties":{"grade":"No visible damage","kind":"road","name":null,"aoi":"AOI03","locality":"Bidur","product":"EMSR927_AOI03_GRA_MONIT01_v1","post_event_date":"2026-08-28","method":"Photo-interpretation"},"geometry":{"type":"MultiLineString","coordinates":[[[85.16954212,27.9675342],[85.169678,27.967585],[85.16984119,27.96783714]]]}},{"type":"Feature","properties":{"grade":"Destroyed","kind":"road","name":"Falaakhu River Bridge","aoi":"AOI03","locality":"Bidur","product":"EMSR927_AOI03_GRA_MONIT01_v1","post_event_date":"2026-08-27","method":"Photo-interpretation"},"geometry":{"type":"MultiLineString","coordinates":[[[85.185882,27.9739074],[85.1858603,27.9739625],[85.1856624,27.9744799]]]}},{"type":"Feature","properties":{"grade":"Destroyed","kind":"road","name":null,"aoi":"AOI03","locality":"Bidur","product":"EMSR927_AOI03_GRA_MONIT01_v1","post_event_date":"2026-08-28","method":"Photo-interpretation"},"geometry":{"type":"MultiLineString","coordinates":[[[85.18219683,27.97367183],[85.1821739,27.973689],[85.1820405,27.9737692],[85.1820016,27.9737993],[85.181959,27.9738421],[85.1819247,27.9738832],[85.1818836,27.9739415],[85.1817827,27.9741113],[85.1817468,27.9741641],[85.181613,27.974302],[85.1815637,27.9743835],[85.1815119,27.9744527],[85.1814617,27.9744965],[85.1813992,27.9745326],[85.181381,27.974555],[85.1813773,27.9745735],[85.1813844,27.9746065],[85.1814632,27.9747552],[85.1814781,27.9748003],[85.1814843,27.9748501],[85.1814752,27.9748948],[85.1814631,27.9749123],[85.1814448,27.974925],[85.1814196,27.9749316],[85.18131065,27.97493695]]]}},{"type":"Feature","properties":{"grade":"Destroyed","kind":"road","name":"Pasang Lhamu Highway","aoi":"AOI03","locality":"Bidur","product":"EMSR927_AOI03_GRA_MONIT01_v1","post_event_date":"2026-08-27","method":"Photo-interpretation"},"geometry":{"type":"MultiLineString","coordinates":[[[85.1856624,27.9744799],[85.1855461,27.9747503],[85.1855113,27.9748073],[85.1854764,27.9748499],[85.1854238,27.9748878],[85.1853336,27.9749165],[85.1852767,27.9749262],[85.1851838,27.9749263],[85.18493676,27.974901]]]}},{"type":"Feature","properties":{"grade":"Destroyed","kind":"road","name":"Pasang Lhamu Highway","aoi":"AOI03","locality":"Bidur","product":"EMSR927_AOI03_GRA_MONIT01_v1","post_event_date":"2026-08-27","method":"Photo-interpretation"},"geometry":{"type":"MultiLineString","coordinates":[[[85.18438929,27.97480378],[85.1842654,27.9747864],[85.1841789,27.9747887],[85.18412944,27.97479823]]]}},{"type":"Feature","properties":{"grade":"Destroyed","kind":"road","name":"Pasang Lhamu Highway","aoi":"AOI03","locality":"Bidur","product":"EMSR927_AOI03_GRA_MONIT01_v1","post_event_date":"2026-08-27","method":"Photo-interpretation"},"geometry":{"type":"MultiLineString","coordinates":[[[85.18412944,27.97479823],[85.1841192,27.9748002],[85.1840688,27.974826],[85.1840353,27.9748659],[85.1840244,27.9748923]]]}},{"type":"Feature","properties":{"grade":"Destroyed","kind":"road","name":"Pasang Lhamu Highway","aoi":"AOI03","locality":"Bidur","product":"EMSR927_AOI03_GRA_MONIT01_v1","post_event_date":"2026-08-27","method":"Photo-interpretation"},"geometry":{"type":"MultiLineString","coordinates":[[[85.18493676,27.974901],[85.1846789,27.9748746],[85.1846057,27.9748619],[85.1844251,27.9748088],[85.18438929,27.97480378]]]}},{"type":"Feature","properties":{"grade":"Destroyed","kind":"road","name":"Pasang Lhamu Highway","aoi":"AOI03","locality":"Bidur","product":"EMSR927_AOI03_GRA_MONIT01_v1","post_event_date":"2026-08-27","method":"Photo-interpretation"},"geometry":{"type":"MultiLineString","coordinates":[[[85.1840244,27.9748923],[85.184006,27.9749368],[85.1839761,27.9750531],[85.18397288,27.97508483]]]}},{"type":"Feature","properties":{"grade":"Destroyed","kind":"road","name":null,"aoi":"AOI03","locality":"Bidur","product":"EMSR927_AOI03_GRA_MONIT01_v1","post_event_date":"2026-08-28","method":"Photo-interpretation"},"geometry":{"type":"MultiLineString","coordinates":[[[85.1805855,27.9771902],[85.1807436,27.976938],[85.1807879,27.9768288],[85.1808392,27.9766809],[85.1808885,27.9765661],[85.18094,27.9764741],[85.181146,27.9761326],[85.1811663,27.9760953],[85.1811911,27.9760295],[85.1811966,27.9760001],[85.1811968,27.9759452],[85.1811864,27.9758921],[85.1811631,27.9758064],[85.18117211,27.97574588],[85.18123169,27.97557286],[85.18127806,27.97546018],[85.18130486,27.97536096],[85.18133377,27.97525148],[85.18133844,27.97508846],[85.18131065,27.97493695],[85.18124382,27.97476613],[85.18112872,27.97443419],[85.18102573,27.97419142],[85.18087356,27.97384087],[85.18081898,27.97365004],[85.18073978,27.97340759],[85.1806937,27.97331796],[85.18067209,27.9733041]]]}},{"type":"Feature","properties":{"grade":"Damaged","kind":"road","name":"Pasang Lhamu Highway","aoi":"AOI03","locality":"Bidur","product":"EMSR927_AOI03_GRA_MONIT01_v1","post_event_date":"2026-08-27","method":"Photo-interpretation"},"geometry":{"type":"MultiLineString","coordinates":[[[85.18397288,27.97508483],[85.1839408,27.9754006],[85.1839475,27.975968],[85.1839417,27.9760572],[85.18393736,27.9760791]]]}},{"type":"Feature","properties":{"grade":"Destroyed","kind":"road","name":"Pasang Lhamu Highway","aoi":"AOI03","locality":"Bidur","product":"EMSR927_AOI03_GRA_MONIT01_v1","post_event_date":"2026-08-27","method":"Photo-interpretation"},"geometry":{"type":"MultiLineString","coordinates":[[[85.18393736,27.9760791],[85.1839226,27.9761536],[85.18388599,27.97624724]]]}},{"type":"Feature","properties":{"grade":"No visible damage","kind":"road","name":null,"aoi":"AOI03","locality":"Bidur","product":"EMSR927_AOI03_GRA_MONIT01_v1","post_event_date":"2026-08-28","method":"Photo-interpretation"},"geometry":{"type":"MultiLineString","coordinates":[[[85.1804678,27.9727394],[85.18045245,27.97273914],[85.18044256,27.97277946],[85.18042178,27.97284446],[85.18038141,27.97290336],[85.18031369,27.97294909],[85.1801811,27.9729942],[85.1801078,27.9730164],[85.1799125,27.9729301],[85.1796596,27.9726764],[85.1794011,27.97224],[85.1792935,27.9720539],[85.179131,27.9717731],[85.17903452,27.9716615]]]}},{"type":"Feature","properties":{"grade":"Possibly damaged","kind":"road","name":null,"aoi":"AOI03","locality":"Bidur","product":"EMSR927_AOI03_GRA_MONIT01_v1","post_event_date":"2026-08-28","method":"Photo-interpretation"},"geometry":{"type":"MultiLineString","coordinates":[[[85.18067209,27.9733041],[85.18060694,27.97322176],[85.18058304,27.97298189],[85.18053418,27.97277835],[85.18051667,27.97272098]]]}},{"type":"Feature","properties":{"grade":"No visible damage","kind":"road","name":null,"aoi":"AOI03","locality":"Bidur","product":"EMSR927_AOI03_GRA_MONIT01_v1","post_event_date":"2026-08-28","method":"Photo-interpretation"},"geometry":{"type":"MultiLineString","coordinates":[[[85.18056285,27.975872],[85.1805793,27.9757968],[85.1806051,27.9756452],[85.1806122,27.9755759],[85.1806115,27.9755476],[85.1806019,27.9754705],[85.180584,27.9753773],[85.1805486,27.9752356],[85.1805237,27.975159],[85.1805094,27.9751285],[85.1804914,27.9751006],[85.1804485,27.9750514],[85.180366,27.9749696],[85.1803525,27.9749507],[85.180344,27.9749316],[85.1803407,27.9748917],[85.1803577,27.9748063],[85.1803617,27.974763],[85.1803591,27.9747417],[85.180352,27.9747208],[85.1803401,27.9747005],[85.1803242,27.9746809],[85.1802841,27.9746441],[85.1802385,27.9746115],[85.1801446,27.9745525],[85.1801023,27.9745174],[85.1800556,27.9744664],[85.1799751,27.9743645],[85.1799502,27.9743427],[85.179924,27.9743257],[85.1798972,27.9743127],[85.1798439,27.9742969],[85.1797953,27.9742907],[85.1797566,27.9742897],[85.17956735,27.97429129]]]}},{"type":"Feature","properties":{"grade":"No visible damage","kind":"road","name":null,"aoi":"AOI03","locality":"Bidur","product":"EMSR927_AOI03_GRA_MONIT01_v1","post_event_date":"2026-08-28","method":"Photo-interpretation"},"geometry":{"type":"MultiLineString","coordinates":[[[85.1805807,27.97662612],[85.18058473,27.97647981],[85.18059895,27.97620941],[85.18056609,27.97600496],[85.18056285,27.975872]]]}},{"type":"Feature","properties":{"grade":"Destroyed","kind":"road","name":null,"aoi":"AOI03","locality":"Bidur","product":"EMSR927_AOI03_GRA_MONIT01_v1","post_event_date":"2026-08-28","method":"Photo-interpretation"},"geometry":{"type":"MultiLineString","coordinates":[[[85.1805807,27.97662612],[85.18058029,27.97662883],[85.18056344,27.97673939],[85.18052677,27.97690641],[85.18054176,27.97702258],[85.18052693,27.97712389],[85.18051933,27.97716539],[85.18050943,27.9772016],[85.18051281,27.97722698],[85.18052263,27.97723238],[85.1805364,27.9772382],[85.1805855,27.9771902]]]}},{"type":"Feature","properties":{"grade":"Destroyed","kind":"road","name":null,"aoi":"AOI03","locality":"Bidur","product":"EMSR927_AOI03_GRA_MONIT01_v1","post_event_date":"2026-08-28","method":"Photo-interpretation"},"geometry":{"type":"MultiLineString","coordinates":[[[85.17764732,27.98224734],[85.1778034,27.9822161],[85.1779465,27.9819606],[85.178609,27.9813482],[85.1790639,27.9804922],[85.1790958,27.9801635],[85.1794767,27.9794729],[85.1796951,27.9790581],[85.1798063,27.9788872],[85.1798915,27.9786418],[85.179939,27.9784777],[85.1800758,27.9782858],[85.1801328,27.9782098],[85.1801777,27.9781058],[85.1802099,27.9779779],[85.1803359,27.9777505],[85.1805855,27.9771902]]]}},{"type":"Feature","properties":{"grade":"Destroyed","kind":"road","name":null,"aoi":"AOI03","locality":"Bidur","product":"EMSR927_AOI03_GRA_MONIT01_v1","post_event_date":"2026-08-28","method":"Photo-interpretation"},"geometry":{"type":"MultiLineString","coordinates":[[[85.1374717,27.9192053],[85.1373071,27.9191136],[85.1373022,27.9190069],[85.1373014,27.9189572],[85.1373679,27.9187734],[85.1373144,27.9186497],[85.137283,27.918577],[85.1371188,27.9183319],[85.1368499,27.9181092],[85.136697,27.9180717],[85.13659853,27.91805038]]]}},{"type":"Feature","properties":{"grade":"Destroyed","kind":"road","name":null,"aoi":"AOI03","locality":"Bidur","product":"EMSR927_AOI03_GRA_MONIT01_v1","post_event_date":"2026-08-28","method":"Photo-interpretation"},"geometry":{"type":"MultiLineString","coordinates":[[[85.1374717,27.9192053],[85.1374673,27.9192427],[85.1373227,27.919306],[85.1373256,27.9193912],[85.1375097,27.91959],[85.1377741,27.9197423],[85.1381713,27.9198472],[85.1381857,27.9199804],[85.1381919,27.9201794],[85.13821961,27.92026924]]]}},{"type":"Feature","properties":{"grade":"Possibly damaged","kind":"road","name":null,"aoi":"AOI03","locality":"Bidur","product":"EMSR927_AOI03_GRA_MONIT01_v1","post_event_date":"2026-08-28","method":"Photo-interpretation"},"geometry":{"type":"MultiLineString","coordinates":[[[85.1393931,27.91972151],[85.1393159,27.9197961],[85.1391362,27.91986],[85.1388903,27.9198216],[85.1385494,27.9197504],[85.13848897,27.91976198]]]}},{"type":"Feature","properties":{"grade":"Destroyed","kind":"road","name":null,"aoi":"AOI03","locality":"Bidur","product":"EMSR927_AOI03_GRA_MONIT01_v1","post_event_date":"2026-08-28","method":"Photo-interpretation"},"geometry":{"type":"MultiLineString","coordinates":[[[85.13848897,27.91976198],[85.1383014,27.9197979],[85.1381713,27.9198472],[85.1381093,27.9199366],[85.13806181,27.92007734]]]}},{"type":"Feature","properties":{"grade":"Possibly damaged","kind":"road","name":null,"aoi":"AOI03","locality":"Bidur","product":"EMSR927_AOI03_GRA_MONIT01_v1","post_event_date":"2026-08-28","method":"Photo-interpretation"},"geometry":{"type":"MultiLineString","coordinates":[[[85.13821961,27.92026924],[85.1382229,27.9202799],[85.1382828,27.9203456],[85.1383407,27.9203602],[85.138413,27.9203584]]]}},{"type":"Feature","properties":{"grade":"Possibly damaged","kind":"road","name":null,"aoi":"AOI03","locality":"Bidur","product":"EMSR927_AOI03_GRA_MONIT01_v1","post_event_date":"2026-08-28","method":"Photo-interpretation"},"geometry":{"type":"MultiLineString","coordinates":[[[85.13806181,27.92007734],[85.1380514,27.9201082],[85.1380556,27.9202178],[85.1381279,27.9203255],[85.1382105,27.9204752],[85.1382209,27.920592],[85.1381961,27.9207582],[85.1381837,27.9208805]]]}},{"type":"Feature","properties":{"grade":"No visible damage","kind":"road","name":null,"aoi":"AOI03","locality":"Bidur","product":"EMSR927_AOI03_GRA_MONIT01_v1","post_event_date":"2026-08-28","method":"Photo-interpretation"},"geometry":{"type":"MultiLineString","coordinates":[[[85.1396952,27.9213029],[85.1397903,27.9207799],[85.1398305,27.9206116],[85.139962,27.9202869],[85.1404421,27.920403],[85.1406728,27.920486],[85.1405842,27.9209102],[85.1405316,27.9209296],[85.1404984,27.9211188]]]}},{"type":"Feature","properties":{"grade":"No visible damage","kind":"road","name":null,"aoi":"AOI03","locality":"Bidur","product":"EMSR927_AOI03_GRA_MONIT01_v1","post_event_date":"2026-08-28","method":"Photo-interpretation"},"geometry":{"type":"MultiLineString","coordinates":[[[85.1406426,27.9230775],[85.1402555,27.9228372],[85.1400241,27.9226583],[85.1398671,27.9224319],[85.1395881,27.9220668],[85.13946325,27.92188533],[85.13942638,27.92182074],[85.13930182,27.92160072],[85.13927813,27.92148268],[85.13927077,27.92133501],[85.1392746,27.9212511],[85.1393836,27.9210719],[85.139427,27.9208272],[85.1394001,27.920683],[85.13941116,27.92044968],[85.1394543,27.9202853],[85.1395494,27.9200133],[85.1395742,27.9198161],[85.1396258,27.9196975],[85.1397828,27.9196098],[85.1399936,27.9196044],[85.1401589,27.9196756],[85.1403696,27.9197541],[85.1404647,27.9197924],[85.1404977,27.9197541],[85.1404791,27.9196737],[85.140318,27.9196117],[85.1401114,27.919524],[85.1399275,27.9194693],[85.1396878,27.9194912],[85.1395143,27.9196044],[85.1393931,27.91972151]]]}},{"type":"Feature","properties":{"grade":"No visible damage","kind":"road","name":"Trishuli Samari Road","aoi":"AOI03","locality":"Bidur","product":"EMSR927_AOI03_GRA_MONIT01_v1","post_event_date":"2026-08-28","method":"Photo-interpretation"},"geometry":{"type":"MultiLineString","coordinates":[[[85.13883134,27.92375904],[85.1389661,27.9236958],[85.1390641,27.9236308],[85.1393201,27.9235198],[85.1394134,27.9234992]]]}},{"type":"Feature","properties":{"grade":"No visible damage","kind":"road","name":null,"aoi":"AOI03","locality":"Bidur","product":"EMSR927_AOI03_GRA_MONIT01_v1","post_event_date":"2026-08-28","method":"Photo-interpretation"},"geometry":{"type":"MultiLineString","coordinates":[[[85.1415717,27.9248183],[85.1411376,27.923893],[85.1409691,27.9235339],[85.1408327,27.9231834],[85.1406426,27.9230775]]]}},{"type":"Feature","properties":{"grade":"Destroyed","kind":"road","name":null,"aoi":"AOI03","locality":"Bidur","product":"EMSR927_AOI03_GRA_MONIT01_v1","post_event_date":"2026-08-28","method":"Photo-interpretation"},"geometry":{"type":"MultiLineString","coordinates":[[[85.1449548,27.9190659],[85.1449101,27.9191373],[85.1448611,27.9192211],[85.1448458,27.9192791],[85.1448287,27.9193437],[85.1447686,27.9194578],[85.144781,27.9195313],[85.144765,27.919547],[85.1446836,27.9195563],[85.144512,27.9195735],[85.1444412,27.9196095],[85.1444235,27.9196423]]]}},{"type":"Feature","properties":{"grade":"Possibly damaged","kind":"road","name":"Pasang Lhamu Highway","aoi":"AOI03","locality":"Bidur","product":"EMSR927_AOI03_GRA_MONIT01_v1","post_event_date":"2026-08-28","method":"Photo-interpretation"},"geometry":{"type":"MultiLineString","coordinates":[[[85.14780385,27.9201312],[85.1470576,27.9198716],[85.14691845,27.91983184]]]}},{"type":"Feature","properties":{"grade":"Destroyed","kind":"road","name":null,"aoi":"AOI03","locality":"Bidur","product":"EMSR927_AOI03_GRA_MONIT01_v1","post_event_date":"2026-08-28","method":"Photo-interpretation"},"geometry":{"type":"MultiLineString","coordinates":[[[85.14751987,27.92210591],[85.14745687,27.92201323],[85.14737796,27.92193211],[85.14721983,27.92188341],[85.14703976,27.92187225],[85.14697678,27.92181755],[85.14697777,27.92175934],[85.14702918,27.92172364],[85.14708163,27.92172289],[85.1472841,27.92176637],[85.14749641,27.92180853],[85.1477041,27.9218386]]]}},{"type":"Feature","properties":{"grade":"Destroyed","kind":"road","name":null,"aoi":"AOI03","locality":"Bidur","product":"EMSR927_AOI03_GRA_MONIT01_v1","post_event_date":"2026-08-28","method":"Photo-interpretation"},"geometry":{"type":"MultiLineString","coordinates":[[[85.1474954,27.9221708],[85.14730113,27.92216744]]]}},{"type":"Feature","properties":{"grade":"Possibly damaged","kind":"road","name":null,"aoi":"AOI03","locality":"Bidur","product":"EMSR927_AOI03_GRA_MONIT01_v1","post_event_date":"2026-08-28","method":"Photo-interpretation"},"geometry":{"type":"MultiLineString","coordinates":[[[85.14730113,27.92216744],[85.1472639,27.9221668],[85.1471441,27.9221933],[85.1470243,27.9223036],[85.1468183,27.9224986],[85.1467087,27.9225392],[85.14665097,27.92252769]]]}},{"type":"Feature","properties":{"grade":"No visible damage","kind":"road","name":null,"aoi":"AOI03","locality":"Bidur","product":"EMSR927_AOI03_GRA_MONIT01_v1","post_event_date":"2026-08-28","method":"Photo-interpretation"},"geometry":{"type":"MultiLineString","coordinates":[[[85.14665097,27.92252769],[85.1466154,27.9225206],[85.1463917,27.922354],[85.1462193,27.9221604],[85.1460703,27.9220235],[85.1459928,27.9219925],[85.1459709,27.9220248],[85.1459782,27.9220726],[85.1460177,27.9221436],[85.1461346,27.9222727],[85.146304,27.9226005],[85.14649438,27.92297488],[85.14657453,27.92315786],[85.14665229,27.92334881],[85.1468709,27.9236152],[85.1469279,27.9237714],[85.1467309,27.9236715],[85.14663429,27.92361242],[85.1465957,27.92349996],[85.1464435,27.9231846],[85.14627021,27.92279195],[85.1461845,27.92267086],[85.14607,27.9225678],[85.1459954,27.9224685],[85.1457165,27.9222841],[85.1454086,27.92218],[85.1451689,27.9221709],[85.1450161,27.9222531],[85.1448757,27.9224214],[85.1447518,27.9224815],[85.1446328,27.9223985],[85.1445151,27.9222926],[85.1443415,27.9222817],[85.144263,27.9223419],[85.1442382,27.9224131],[85.1442072,27.9224204],[85.1441204,27.9223839],[85.1437682,27.9222654],[85.1435419,27.9221413],[85.1434913,27.9219897],[85.1432937,27.9219557],[85.1428729,27.9220693],[85.1425836,27.9221932],[85.1420869,27.9225547],[85.1415142,27.9227716],[85.1406426,27.9230775],[85.1402072,27.9232216],[85.1397967,27.9233429],[85.1394134,27.9234992]]]}},{"type":"Feature","properties":{"grade":"No visible damage","kind":"road","name":null,"aoi":"AOI03","locality":"Bidur","product":"EMSR927_AOI03_GRA_MONIT01_v1","post_event_date":"2026-08-28","method":"Photo-interpretation"},"geometry":{"type":"MultiLineString","coordinates":[[[85.1469279,27.9237714],[85.1470621,27.9240667],[85.1471762,27.9243176],[85.147356,27.9248214],[85.1474758,27.9250661],[85.1474946,27.9251157]]]}},{"type":"Feature","properties":{"grade":"No visible damage","kind":"road","name":null,"aoi":"AOI03","locality":"Bidur","product":"EMSR927_AOI03_GRA_MONIT01_v1","post_event_date":"2026-08-28","method":"Photo-interpretation"},"geometry":{"type":"MultiLineString","coordinates":[[[85.1455952,27.925092],[85.145485,27.9249973],[85.1453041,27.9247887],[85.1450614,27.9245336],[85.1449232,27.9243989],[85.1447184,27.9241995],[85.144487,27.9238417],[85.1443627,27.9238833],[85.1440663,27.9239826],[85.144004,27.9240035],[85.1415717,27.9248183]]]}},{"type":"Feature","properties":{"grade":"No visible damage","kind":"road","name":null,"aoi":"AOI03","locality":"Bidur","product":"EMSR927_AOI03_GRA_MONIT01_v1","post_event_date":"2026-08-28","method":"Photo-interpretation"},"geometry":{"type":"MultiLineString","coordinates":[[[85.1449232,27.9243989],[85.1447249,27.924592]]]}},{"type":"Feature","properties":{"grade":"No visible damage","kind":"road","name":null,"aoi":"AOI03","locality":"Bidur","product":"EMSR927_AOI03_GRA_MONIT01_v1","post_event_date":"2026-08-28","method":"Photo-interpretation"},"geometry":{"type":"MultiLineString","coordinates":[[[85.1480853,27.9269424],[85.1479538,27.9267298],[85.1475783,27.9258577],[85.1472494,27.9250898],[85.1471438,27.9248434],[85.1467373,27.9237237],[85.1467309,27.9236715]]]}},{"type":"Feature","properties":{"grade":"Destroyed","kind":"road","name":null,"aoi":"AOI03","locality":"Bidur","product":"EMSR927_AOI03_GRA_MONIT01_v1","post_event_date":"2026-08-28","method":"Photo-interpretation"},"geometry":{"type":"MultiLineString","coordinates":[[[85.1497749,27.9235356],[85.1497189,27.9236974],[85.1497618,27.9238041],[85.1497886,27.9241074],[85.1497725,27.9242093],[85.1497752,27.9242852]]]}},{"type":"Feature","properties":{"grade":"Destroyed","kind":"road","name":null,"aoi":"AOI03","locality":"Bidur","product":"EMSR927_AOI03_GRA_MONIT01_v1","post_event_date":"2026-08-28","method":"Photo-interpretation"},"geometry":{"type":"MultiLineString","coordinates":[[[85.1488993,27.9234058],[85.1490356,27.923761],[85.1491203,27.9241682],[85.1492273,27.9244832]]]}},{"type":"Feature","properties":{"grade":"Destroyed","kind":"road","name":null,"aoi":"AOI03","locality":"Bidur","product":"EMSR927_AOI03_GRA_MONIT01_v1","post_event_date":"2026-08-28","method":"Photo-interpretation"},"geometry":{"type":"MultiLineString","coordinates":[[[85.1492227,27.9258501],[85.1491093,27.925388],[85.1490463,27.9250538],[85.1490333,27.9249852],[85.1489194,27.9246057],[85.1487207,27.9241023],[85.1486378,27.9239132],[85.1485223,27.9236495],[85.1483281,27.9232972],[85.1482907,27.9232235],[85.1481522,27.9229825],[85.148023,27.9227638],[85.1479751,27.9226463],[85.1479665,27.922609],[85.1479086,27.9224593],[85.1477764,27.9223169],[85.1474954,27.9221708]]]}},{"type":"Feature","properties":{"grade":"Possibly damaged","kind":"road","name":null,"aoi":"AOI03","locality":"Bidur","product":"EMSR927_AOI03_GRA_MONIT01_v1","post_event_date":"2026-08-28","method":"Photo-interpretation"},"geometry":{"type":"MultiLineString","coordinates":[[[85.1478115,27.9242784],[85.14786546,27.92438309]]]}},{"type":"Feature","properties":{"grade":"Destroyed","kind":"road","name":null,"aoi":"AOI03","locality":"Bidur","product":"EMSR927_AOI03_GRA_MONIT01_v1","post_event_date":"2026-08-28","method":"Photo-interpretation"},"geometry":{"type":"MultiLineString","coordinates":[[[85.1489194,27.9246057],[85.1490985,27.9245296],[85.1492273,27.9244832],[85.149623,27.9244095]]]}},{"type":"Feature","properties":{"grade":"Destroyed","kind":"road","name":null,"aoi":"AOI03","locality":"Bidur","product":"EMSR927_AOI03_GRA_MONIT01_v1","post_event_date":"2026-08-28","method":"Photo-interpretation"},"geometry":{"type":"MultiLineString","coordinates":[[[85.14786546,27.92438309],[85.1479047,27.9244592],[85.14806,27.9246994],[85.1481483,27.9248169],[85.1481752,27.924837],[85.1489194,27.9246057]]]}},{"type":"Feature","properties":{"grade":"Destroyed","kind":"road","name":null,"aoi":"AOI03","locality":"Bidur","product":"EMSR927_AOI03_GRA_MONIT01_v1","post_event_date":"2026-08-28","method":"Photo-interpretation"},"geometry":{"type":"MultiLineString","coordinates":[[[85.1484791,27.9252396],[85.1490463,27.9250538],[85.1493849,27.9250188],[85.1495456,27.9249995],[85.1496245,27.9248975],[85.1496639,27.9246754]]]}},{"type":"Feature","properties":{"grade":"Destroyed","kind":"road","name":null,"aoi":"AOI03","locality":"Bidur","product":"EMSR927_AOI03_GRA_MONIT01_v1","post_event_date":"2026-08-28","method":"Photo-interpretation"},"geometry":{"type":"MultiLineString","coordinates":[[[85.1484791,27.9252396],[85.1484747,27.9252833],[85.1484688,27.925341],[85.1485117,27.9254216],[85.1487051,27.9256633],[85.1487748,27.9258719],[85.1487799,27.9261183],[85.14877906,27.92612253]]]}},{"type":"Feature","properties":{"grade":"Possibly damaged","kind":"road","name":null,"aoi":"AOI03","locality":"Bidur","product":"EMSR927_AOI03_GRA_MONIT01_v1","post_event_date":"2026-08-28","method":"Photo-interpretation"},"geometry":{"type":"MultiLineString","coordinates":[[[85.14877906,27.92612253],[85.148709,27.9264748]]]}},{"type":"Feature","properties":{"grade":"Destroyed","kind":"road","name":null,"aoi":"AOI03","locality":"Bidur","product":"EMSR927_AOI03_GRA_MONIT01_v1","post_event_date":"2026-08-28","method":"Photo-interpretation"},"geometry":{"type":"MultiLineString","coordinates":[[[85.14881053,27.92668431],[85.1488551,27.9267898],[85.1489252,27.9268673],[85.1491005,27.9268208],[85.1492992,27.9266194],[85.1493284,27.9265007],[85.1492525,27.9259714],[85.1492227,27.9258501]]]}},{"type":"Feature","properties":{"grade":"Destroyed","kind":"road","name":null,"aoi":"AOI03","locality":"Bidur","product":"EMSR927_AOI03_GRA_MONIT01_v1","post_event_date":"2026-08-28","method":"Photo-interpretation"},"geometry":{"type":"MultiLineString","coordinates":[[[85.1501744,27.9269408],[85.1502214,27.9268139],[85.1502522,27.9265095],[85.1502442,27.9264527],[85.1502254,27.92641],[85.1501691,27.9263768],[85.1500055,27.9263247],[85.1499438,27.9262891],[85.1498673,27.9262167],[85.149748,27.9260972],[85.1495763,27.9259858],[85.1493818,27.9259063],[85.1492227,27.9258501]]]}},{"type":"Feature","properties":{"grade":"Possibly damaged","kind":"road","name":null,"aoi":"AOI03","locality":"Bidur","product":"EMSR927_AOI03_GRA_MONIT01_v1","post_event_date":"2026-08-28","method":"Photo-interpretation"},"geometry":{"type":"MultiLineString","coordinates":[[[85.15179386,27.92659599],[85.1518936,27.9264691],[85.1519985,27.9263465]]]}},{"type":"Feature","properties":{"grade":"Possibly damaged","kind":"road","name":null,"aoi":"AOI03","locality":"Bidur","product":"EMSR927_AOI03_GRA_MONIT01_v1","post_event_date":"2026-08-28","method":"Photo-interpretation"},"geometry":{"type":"MultiLineString","coordinates":[[[85.1485717,27.9265058],[85.1486213,27.9264568],[85.148709,27.9264748],[85.148782,27.9266168],[85.14881053,27.92668431]]]}},{"type":"Feature","properties":{"grade":"Destroyed","kind":"road","name":null,"aoi":"AOI03","locality":"Bidur","product":"EMSR927_AOI03_GRA_MONIT01_v1","post_event_date":"2026-08-28","method":"Photo-interpretation"},"geometry":{"type":"MultiLineString","coordinates":[[[85.15178439,27.92684621],[85.1517818,27.9267397],[85.1517764,27.9266182],[85.15179386,27.92659599]]]}},{"type":"Feature","properties":{"grade":"No visible damage","kind":"road","name":null,"aoi":"AOI03","locality":"Bidur","product":"EMSR927_AOI03_GRA_MONIT01_v1","post_event_date":"2026-08-28","method":"Photo-interpretation"},"geometry":{"type":"MultiLineString","coordinates":[[[85.1475096,27.9278324],[85.1477811,27.9277685],[85.1481392,27.9278018],[85.1484431,27.9276986],[85.1485512,27.9275437],[85.148633,27.9272287],[85.1485833,27.9269034],[85.1486067,27.9267743],[85.14857521,27.92664692],[85.1485717,27.9265058]]]}},{"type":"Feature","properties":{"grade":"Destroyed","kind":"road","name":null,"aoi":"AOI03","locality":"Bidur","product":"EMSR927_AOI03_GRA_MONIT01_v1","post_event_date":"2026-08-28","method":"Photo-interpretation"},"geometry":{"type":"MultiLineString","coordinates":[[[85.14875355,27.92752649],[85.1489419,27.927667],[85.148923,27.9274435],[85.148944,27.9271642],[85.1489252,27.9268673]]]}},{"type":"Feature","properties":{"grade":"No visible damage","kind":"road","name":null,"aoi":"AOI03","locality":"Bidur","product":"EMSR927_AOI03_GRA_MONIT01_v1","post_event_date":"2026-08-28","method":"Photo-interpretation"},"geometry":{"type":"MultiLineString","coordinates":[[[85.1480853,27.9269424],[85.1481338,27.9271083],[85.1481228,27.9273311],[85.1480802,27.9274828],[85.1479619,27.927606],[85.1477811,27.9277685]]]}},{"type":"Feature","properties":{"grade":"Possibly damaged","kind":"road","name":null,"aoi":"AOI03","locality":"Bidur","product":"EMSR927_AOI03_GRA_MONIT01_v1","post_event_date":"2026-08-28","method":"Photo-interpretation"},"geometry":{"type":"MultiLineString","coordinates":[[[85.148633,27.9272287],[85.1486848,27.9274752],[85.14875355,27.92752649]]]}},{"type":"Feature","properties":{"grade":"Possibly damaged","kind":"road","name":null,"aoi":"AOI03","locality":"Bidur","product":"EMSR927_AOI03_GRA_MONIT01_v1","post_event_date":"2026-08-28","method":"Photo-interpretation"},"geometry":{"type":"MultiLineString","coordinates":[[[85.1509964,27.92863537],[85.1509996,27.9286316],[85.1510775,27.9285471],[85.1511872,27.928322],[85.1512342,27.9282601],[85.1513535,27.9281031],[85.1514774,27.9279843],[85.1515694,27.9278811],[85.1516508,27.9277028],[85.1517287,27.9274933],[85.1517959,27.9272244],[85.1517826,27.9270202],[85.1517853,27.9268836],[85.15178439,27.92684621]]]}},{"type":"Feature","properties":{"grade":"Destroyed","kind":"road","name":null,"aoi":"AOI03","locality":"Bidur","product":"EMSR927_AOI03_GRA_MONIT01_v1","post_event_date":"2026-08-28","method":"Photo-interpretation"},"geometry":{"type":"MultiLineString","coordinates":[[[85.1508924,27.92895297],[85.1508899,27.9289443],[85.1509041,27.9287441],[85.1509964,27.92863537]]]}},{"type":"Feature","properties":{"grade":"No visible damage","kind":"road","name":null,"aoi":"AOI03","locality":"Bidur","product":"EMSR927_AOI03_GRA_MONIT01_v1","post_event_date":"2026-08-28","method":"Photo-interpretation"},"geometry":{"type":"MultiLineString","coordinates":[[[85.1407448,27.9250969],[85.1408241,27.9249682],[85.1405565,27.924604]]]}},{"type":"Feature","properties":{"grade":"No visible damage","kind":"road","name":null,"aoi":"AOI03","locality":"Bidur","product":"EMSR927_AOI03_GRA_MONIT01_v1","post_event_date":"2026-08-28","method":"Photo-interpretation"},"geometry":{"type":"MultiLineString","coordinates":[[[85.1408241,27.9249682],[85.1410253,27.9248681]]]}},{"type":"Feature","properties":{"grade":"No visible damage","kind":"road","name":null,"aoi":"AOI03","locality":"Bidur","product":"EMSR927_AOI03_GRA_MONIT01_v1","post_event_date":"2026-08-28","method":"Photo-interpretation"},"geometry":{"type":"MultiLineString","coordinates":[[[85.1406168,27.9249381],[85.140342,27.9251514],[85.1400648,27.92533599]]]}},{"type":"Feature","properties":{"grade":"No visible damage","kind":"road","name":null,"aoi":"AOI03","locality":"Bidur","product":"EMSR927_AOI03_GRA_MONIT01_v1","post_event_date":"2026-08-28","method":"Photo-interpretation"},"geometry":{"type":"MultiLineString","coordinates":[[[85.1411902,27.9256493],[85.1412422,27.9255976],[85.1413055,27.9254822],[85.141343,27.9253587],[85.1414516,27.9251021],[85.1415717,27.9248183]]]}},{"type":"Feature","properties":{"grade":"No visible damage","kind":"road","name":null,"aoi":"AOI03","locality":"Bidur","product":"EMSR927_AOI03_GRA_MONIT01_v1","post_event_date":"2026-08-28","method":"Photo-interpretation"},"geometry":{"type":"MultiLineString","coordinates":[[[85.1394134,27.9234992],[85.1394723,27.9235283],[85.139659,27.923715],[85.140291,27.924534],[85.1406168,27.9249381],[85.1407448,27.9250969],[85.1411902,27.9256493],[85.1414204,27.9259195],[85.1414923,27.9260146],[85.1418819,27.9264136],[85.1425665,27.9271146]]]}},{"type":"Feature","properties":{"grade":"No visible damage","kind":"road","name":null,"aoi":"AOI03","locality":"Bidur","product":"EMSR927_AOI03_GRA_MONIT01_v1","post_event_date":"2026-08-28","method":"Photo-interpretation"},"geometry":{"type":"MultiLineString","coordinates":[[[85.1400648,27.92533599],[85.14006479,27.92533599]]]}},{"type":"Feature","properties":{"grade":"No visible damage","kind":"road","name":null,"aoi":"AOI03","locality":"Bidur","product":"EMSR927_AOI03_GRA_MONIT01_v1","post_event_date":"2026-08-28","method":"Photo-interpretation"},"geometry":{"type":"MultiLineString","coordinates":[[[85.1414204,27.9259195],[85.1417644,27.9256315]]]}},{"type":"Feature","properties":{"grade":"No visible damage","kind":"road","name":null,"aoi":"AOI03","locality":"Bidur","product":"EMSR927_AOI03_GRA_MONIT01_v1","post_event_date":"2026-08-28","method":"Photo-interpretation"},"geometry":{"type":"MultiLineString","coordinates":[[[85.1418819,27.9264136],[85.1422284,27.9261075],[85.1422794,27.9258799]]]}},{"type":"Feature","properties":{"grade":"No visible damage","kind":"road","name":null,"aoi":"AOI03","locality":"Bidur","product":"EMSR927_AOI03_GRA_MONIT01_v1","post_event_date":"2026-08-28","method":"Photo-interpretation"},"geometry":{"type":"MultiLineString","coordinates":[[[85.1467343,27.9254465],[85.1466809,27.925442],[85.1466027,27.9254631],[85.1464519,27.9256088],[85.1463739,27.9256656],[85.1463465,27.9256855],[85.1462556,27.9256563],[85.1461563,27.9255883],[85.1461275,27.9255686],[85.1461107,27.9255534],[85.146022,27.925473],[85.1459849,27.9254394],[85.1458839,27.925348],[85.1457205,27.9251999],[85.1455952,27.925092]]]}},{"type":"Feature","properties":{"grade":"No visible damage","kind":"road","name":null,"aoi":"AOI03","locality":"Bidur","product":"EMSR927_AOI03_GRA_MONIT01_v1","post_event_date":"2026-08-28","method":"Photo-interpretation"},"geometry":{"type":"MultiLineString","coordinates":[[[85.1455952,27.925092],[85.1454933,27.9250552],[85.1453806,27.9250481],[85.1449591,27.9252033],[85.1444984,27.9255081],[85.1442884,27.9257069],[85.1441979,27.9257926],[85.1440665,27.9259171],[85.1438768,27.9260592],[85.1435273,27.9263442],[85.1429488,27.9267951],[85.1425665,27.9271146]]]}},{"type":"Feature","properties":{"grade":"No visible damage","kind":"road","name":null,"aoi":"AOI03","locality":"Bidur","product":"EMSR927_AOI03_GRA_MONIT01_v1","post_event_date":"2026-08-28","method":"Photo-interpretation"},"geometry":{"type":"MultiLineString","coordinates":[[[85.1459497,27.9263762],[85.1459551,27.9263569],[85.1459739,27.9262849],[85.1459813,27.9262275],[85.1460059,27.9261452],[85.1460157,27.9260592],[85.1460476,27.9259659]]]}},{"type":"Feature","properties":{"grade":"No visible damage","kind":"road","name":null,"aoi":"AOI03","locality":"Bidur","product":"EMSR927_AOI03_GRA_MONIT01_v1","post_event_date":"2026-08-28","method":"Photo-interpretation"},"geometry":{"type":"MultiLineString","coordinates":[[[85.1463036,27.9267386],[85.1466152,27.9267798],[85.14669,27.9266964],[85.1467413,27.9265476],[85.1469317,27.9263059],[85.1466326,27.92591]]]}},{"type":"Feature","properties":{"grade":"No visible damage","kind":"road","name":null,"aoi":"AOI03","locality":"Bidur","product":"EMSR927_AOI03_GRA_MONIT01_v1","post_event_date":"2026-08-28","method":"Photo-interpretation"},"geometry":{"type":"MultiLineString","coordinates":[[[85.1475096,27.9278324],[85.1474508,27.9277324],[85.1474248,27.9276375],[85.1474643,27.9275621],[85.14758,27.9274544],[85.1476523,27.927365],[85.1476813,27.927239],[85.1477246,27.9270784],[85.1477051,27.9270417],[85.1476027,27.9268483],[85.147423,27.9265197],[85.1472804,27.9262258],[85.1472438,27.9261683],[85.1470366,27.9258425],[85.1468135,27.9255048],[85.146776,27.9254693],[85.1467343,27.9254465]]]}},{"type":"Feature","properties":{"grade":"No visible damage","kind":"road","name":null,"aoi":"AOI03","locality":"Bidur","product":"EMSR927_AOI03_GRA_MONIT01_v1","post_event_date":"2026-08-28","method":"Photo-interpretation"},"geometry":{"type":"MultiLineString","coordinates":[[[85.1425665,27.9271146],[85.1431524,27.9277347],[85.143766,27.9283388],[85.1438707,27.928431],[85.1441467,27.9286741],[85.1442313,27.9287696],[85.1443701,27.9288708],[85.1447323,27.9291897],[85.1449009,27.9293928],[85.1450126,27.9295771],[85.1451099,27.9297772],[85.145161,27.9299515]]]}},{"type":"Feature","properties":{"grade":"No visible damage","kind":"road","name":null,"aoi":"AOI03","locality":"Bidur","product":"EMSR927_AOI03_GRA_MONIT01_v1","post_event_date":"2026-08-28","method":"Photo-interpretation"},"geometry":{"type":"MultiLineString","coordinates":[[[85.1442313,27.9287696],[85.1443129,27.9287017],[85.144397,27.9286181],[85.1444423,27.9285535],[85.1445043,27.9284887],[85.1445486,27.9284309],[85.1445958,27.9283781]]]}},{"type":"Feature","properties":{"grade":"No visible damage","kind":"road","name":null,"aoi":"AOI03","locality":"Bidur","product":"EMSR927_AOI03_GRA_MONIT01_v1","post_event_date":"2026-08-28","method":"Photo-interpretation"},"geometry":{"type":"MultiLineString","coordinates":[[[85.1451099,27.9297772],[85.1451658,27.9297934],[85.1452446,27.9297934],[85.1453233,27.9297958],[85.1453836,27.9298352],[85.1454492,27.9298537],[85.1455489,27.9298491],[85.145625,27.9298653],[85.1457379,27.9298908],[85.145772,27.9299302],[85.1457851,27.929943],[85.1458166,27.929958],[85.1458651,27.9299511],[85.1459045,27.929936],[85.1459386,27.9299302],[85.1459635,27.9299476],[85.1459937,27.9299696],[85.146058,27.9299998],[85.1461052,27.9300241],[85.1461485,27.9300322],[85.1461921,27.9300323]]]}},{"type":"Feature","properties":{"grade":"No visible damage","kind":"road","name":null,"aoi":"AOI03","locality":"Bidur","product":"EMSR927_AOI03_GRA_MONIT01_v1","post_event_date":"2026-08-28","method":"Photo-interpretation"},"geometry":{"type":"MultiLineString","coordinates":[[[85.145161,27.9299515],[85.14479271,27.93024189]]]}},{"type":"Feature","properties":{"grade":"No visible damage","kind":"road","name":null,"aoi":"AOI03","locality":"Bidur","product":"EMSR927_AOI03_GRA_MONIT01_v1","post_event_date":"2026-08-28","method":"Photo-interpretation"},"geometry":{"type":"MultiLineString","coordinates":[[[85.1464276,27.929829],[85.1463779,27.9298695],[85.1462928,27.9299096],[85.1462106,27.9299722],[85.1461921,27.9300323],[85.1461851,27.9300548],[85.1461738,27.93011],[85.1461029,27.9301601],[85.1460519,27.9302753],[85.1460207,27.9304055],[85.1459441,27.9304431],[85.1458165,27.9305183],[85.1457116,27.9305658],[85.1456436,27.9305633],[85.1455699,27.9306435],[85.1454281,27.9307036],[85.1453431,27.9307662],[85.1452694,27.9307562],[85.1451611,27.9307627]]]}},{"type":"Feature","properties":{"grade":"No visible damage","kind":"road","name":null,"aoi":"AOI03","locality":"Bidur","product":"EMSR927_AOI03_GRA_MONIT01_v1","post_event_date":"2026-08-28","method":"Photo-interpretation"},"geometry":{"type":"MultiLineString","coordinates":[[[85.14689025,27.9301849],[85.1469157,27.9302681],[85.1469425,27.9303961],[85.1470068,27.9305833],[85.1470176,27.930697],[85.1470095,27.9307918],[85.1469371,27.9308748],[85.1468098,27.9309536]]]}},{"type":"Feature","properties":{"grade":"No visible damage","kind":"road","name":null,"aoi":"AOI03","locality":"Bidur","product":"EMSR927_AOI03_GRA_MONIT01_v1","post_event_date":"2026-08-28","method":"Photo-interpretation"},"geometry":{"type":"MultiLineString","coordinates":[[[85.145161,27.9299515],[85.1452307,27.9301621],[85.1452859,27.9304201],[85.1452739,27.9305499],[85.1451611,27.9307627],[85.1450612,27.9309],[85.1450784,27.9310071],[85.1451854,27.931052],[85.1454107,27.9310849],[85.1455997,27.9311603],[85.1458165,27.9313873],[85.1461925,27.9322137]]]}},{"type":"Feature","properties":{"grade":"No visible damage","kind":"road","name":null,"aoi":"AOI03","locality":"Bidur","product":"EMSR927_AOI03_GRA_MONIT01_v1","post_event_date":"2026-08-28","method":"Photo-interpretation"},"geometry":{"type":"MultiLineString","coordinates":[[[85.14531992,27.93190014],[85.1456226,27.9321731],[85.145808,27.9322636],[85.1461143,27.9322639],[85.1461925,27.9322137]]]}},{"type":"Feature","properties":{"grade":"No visible damage","kind":"road","name":null,"aoi":"AOI03","locality":"Bidur","product":"EMSR927_AOI03_GRA_MONIT01_v1","post_event_date":"2026-08-28","method":"Photo-interpretation"},"geometry":{"type":"MultiLineString","coordinates":[[[85.1456135,27.9326537],[85.1455652,27.93267161]]]}},{"type":"Feature","properties":{"grade":"No visible damage","kind":"road","name":null,"aoi":"AOI03","locality":"Bidur","product":"EMSR927_AOI03_GRA_MONIT01_v1","post_event_date":"2026-08-28","method":"Photo-interpretation"},"geometry":{"type":"MultiLineString","coordinates":[[[85.14583564,27.93352226],[85.1459524,27.9334226],[85.1457432,27.9330251],[85.1456135,27.9326537],[85.1455915,27.9325907],[85.1454764,27.9322903],[85.1456226,27.9321731]]]}},{"type":"Feature","properties":{"grade":"No visible damage","kind":"road","name":null,"aoi":"AOI03","locality":"Bidur","product":"EMSR927_AOI03_GRA_MONIT01_v1","post_event_date":"2026-08-28","method":"Photo-interpretation"},"geometry":{"type":"MultiLineString","coordinates":[[[85.1469045,27.9344384],[85.1468114,27.9344404],[85.1467716,27.9344653],[85.1466592,27.9345355],[85.1464848,27.9346109],[85.1462622,27.934647],[85.1462214,27.934647],[85.14619378,27.9346487]]]}},{"type":"Feature","properties":{"grade":"No visible damage","kind":"road","name":null,"aoi":"AOI03","locality":"Bidur","product":"EMSR927_AOI03_GRA_MONIT01_v1","post_event_date":"2026-08-28","method":"Photo-interpretation"},"geometry":{"type":"MultiLineString","coordinates":[[[85.1467716,27.9344653],[85.1467557,27.9345814],[85.1467965,27.9346863],[85.1468782,27.934742],[85.146893,27.935001],[85.146919,27.9350568],[85.1468745,27.9351158],[85.1468262,27.935119],[85.1467743,27.9351486],[85.1467298,27.9351748],[85.146637,27.9351846],[85.1464663,27.9352797],[85.146403,27.93530678]]]}},{"type":"Feature","properties":{"grade":"Destroyed","kind":"road","name":null,"aoi":"AOI03","locality":"Bidur","product":"EMSR927_AOI03_GRA_MONIT01_v1","post_event_date":"2026-08-28","method":"Photo-interpretation"},"geometry":{"type":"MultiLineString","coordinates":[[[85.18946092,27.97702662],[85.1894447,27.9770126],[85.18939652,27.97698328]]]}},{"type":"Feature","properties":{"grade":"Destroyed","kind":"road","name":null,"aoi":"AOI03","locality":"Bidur","product":"EMSR927_AOI03_GRA_MONIT01_v1","post_event_date":"2026-08-28","method":"Photo-interpretation"},"geometry":{"type":"MultiLineString","coordinates":[[[85.18939652,27.97698328],[85.1893844,27.9769759],[85.189328,27.9769759],[85.1892583,27.9769984],[85.1891698,27.977028],[85.1891255,27.9770576],[85.18913186,27.97708269]]]}},{"type":"Feature","properties":{"grade":"Destroyed","kind":"road","name":null,"aoi":"AOI03","locality":"Bidur","product":"EMSR927_AOI03_GRA_MONIT01_v1","post_event_date":"2026-08-28","method":"Photo-interpretation"},"geometry":{"type":"MultiLineString","coordinates":[[[85.1895064,27.9770659],[85.18946092,27.97702662]]]}},{"type":"Feature","properties":{"grade":"Possibly damaged","kind":"road","name":null,"aoi":"AOI03","locality":"Bidur","product":"EMSR927_AOI03_GRA_MONIT01_v1","post_event_date":"2026-08-28","method":"Photo-interpretation"},"geometry":{"type":"MultiLineString","coordinates":[[[85.18913186,27.97708269],[85.1891363,27.9771002],[85.1891913,27.9771275],[85.1892018,27.97715248]]]}},{"type":"Feature","properties":{"grade":"Possibly damaged","kind":"road","name":null,"aoi":"AOI03","locality":"Bidur","product":"EMSR927_AOI03_GRA_MONIT01_v1","post_event_date":"2026-08-28","method":"Photo-interpretation"},"geometry":{"type":"MultiLineString","coordinates":[[[85.1892018,27.97715248],[85.1892087,27.9771689],[85.1892677,27.9771926],[85.1892851,27.9772388],[85.1893455,27.9772945],[85.1894648,27.9773383],[85.1895815,27.9773691],[85.1896901,27.977407],[85.189788,27.9774177],[85.1899262,27.9774496],[85.18997909,27.97747048]]]}},{"type":"Feature","properties":{"grade":"Destroyed","kind":"road","name":null,"aoi":"AOI03","locality":"Bidur","product":"EMSR927_AOI03_GRA_MONIT01_v1","post_event_date":"2026-08-28","method":"Photo-interpretation"},"geometry":{"type":"MultiLineString","coordinates":[[[85.1840244,27.9748923],[85.1839958,27.9748902],[85.183965,27.9748985],[85.1839422,27.9749127],[85.1839234,27.9749304],[85.1839086,27.9749743],[85.1838832,27.9750974],[85.183863,27.9752052],[85.183804,27.9753225],[85.1837191,27.9754513],[85.1831228,27.9760686],[85.1829565,27.9762605],[85.1828641,27.976411],[85.1827231,27.9767106],[85.1824987,27.9772784],[85.1824139,27.9774154],[85.1821019,27.9781204],[85.1820821,27.97821],[85.1820983,27.9782679],[85.1824059,27.9784972],[85.1824389,27.9785396],[85.1824334,27.9785961],[85.182285,27.9791936],[85.1822847,27.9794704],[85.1822591,27.9794993],[85.1821355,27.9796086],[85.182012,27.9799588],[85.181882,27.9801686],[85.1816212,27.9808699],[85.1815982,27.9810474],[85.1812645,27.9814731],[85.1812228,27.9816391],[85.1812315,27.9818333],[85.1811381,27.9820854],[85.1811255,27.9821869],[85.1811439,27.9823833],[85.1812043,27.9825334],[85.1813589,27.98286185]]]}},{"type":"Feature","properties":{"grade":"No visible damage","kind":"road","name":"Pasang Lhamu Highway","aoi":"AOI03","locality":"Bidur","product":"EMSR927_AOI03_GRA_MONIT01_v1","post_event_date":"2026-08-28","method":"Photo-interpretation"},"geometry":{"type":"MultiLineString","coordinates":[[[85.18388599,27.97624724],[85.1838808,27.9762605],[85.1837464,27.9765246],[85.1833882,27.9771113],[85.1833419,27.9772203],[85.1833096,27.977329],[85.1832948,27.9774361],[85.1832555,27.9781768],[85.1831764,27.9789077],[85.1831268,27.9792582],[85.1830342,27.9794856],[85.1830127,27.9795757],[85.183018,27.9796415],[85.1830423,27.9797023],[85.1831497,27.9798417],[85.1831804,27.9799048],[85.1831803,27.9799403],[85.18317,27.9799721],[85.18312,27.9800336],[85.1830681,27.98006],[85.1828841,27.9801036],[85.1828443,27.9801203],[85.182812,27.9801398],[85.1827662,27.9801842],[85.1827392,27.9802295],[85.182712,27.980302],[85.1826498,27.9806745],[85.1826039,27.9807521],[85.1824643,27.9809044],[85.1824461,27.9809362],[85.1824366,27.9809741],[85.1824343,27.9810166],[85.1824455,27.9811081],[85.1825157,27.9813611],[85.1825643,27.9816773],[85.1826091,27.9817842],[85.1827219,27.9819716],[85.1827808,27.9821171],[85.18278963,27.98229655]]]}},{"type":"Feature","properties":{"grade":"Destroyed","kind":"road","name":null,"aoi":"AOI03","locality":"Bidur","product":"EMSR927_AOI03_GRA_MONIT01_v1","post_event_date":"2026-08-28","method":"Photo-interpretation"},"geometry":{"type":"MultiLineString","coordinates":[[[85.1756217,27.9826099],[85.1756414,27.9825432],[85.1756736,27.9824997],[85.175749,27.9824619],[85.1758258,27.9824589],[85.1758813,27.9824774],[85.175933,27.9825121],[85.1760138,27.9825929],[85.1760785,27.9826548],[85.1761737,27.9826911],[85.1762876,27.9827129],[85.1764152,27.9826931],[85.1769595,27.9824481],[85.1774562,27.9822856],[85.17764732,27.98224734]]]}},{"type":"Feature","properties":{"grade":"Destroyed","kind":"road","name":null,"aoi":"AOI03","locality":"Bidur","product":"EMSR927_AOI03_GRA_MONIT01_v1","post_event_date":"2026-08-28","method":"Photo-interpretation"},"geometry":{"type":"MultiLineString","coordinates":[[[85.1755169,27.9831375],[85.1755723,27.9828679],[85.1756217,27.9826099]]]}},{"type":"Feature","properties":{"grade":"Possibly damaged","kind":"road","name":null,"aoi":"AOI03","locality":"Bidur","product":"EMSR927_AOI03_GRA_MONIT01_v1","post_event_date":"2026-08-28","method":"Photo-interpretation"},"geometry":{"type":"MultiLineString","coordinates":[[[85.17562943,27.98379412],[85.17535002,27.98382976],[85.17490692,27.98373981],[85.17477629,27.98364077],[85.1747438,27.98354974],[85.17465068,27.98346797],[85.17453454,27.98340603],[85.1743461,27.98337333],[85.17418095,27.98330402],[85.17393689,27.98320683],[85.17379874,27.98311746],[85.1733949,27.982889],[85.173137,27.9827101],[85.1729122,27.982658],[85.17276319,27.98257029]]]}},{"type":"Feature","properties":{"grade":"No visible damage","kind":"road","name":null,"aoi":"AOI03","locality":"Bidur","product":"EMSR927_AOI03_GRA_MONIT01_v1","post_event_date":"2026-08-28","method":"Photo-interpretation"},"geometry":{"type":"MultiLineString","coordinates":[[[85.1764614,27.9838457],[85.1765421,27.9839993],[85.1764121,27.9841053],[85.1760822,27.9841229],[85.1758273,27.9840964],[85.1756174,27.9840126],[85.1753675,27.9839287],[85.1752175,27.9839464],[85.1750676,27.9839993],[85.1747827,27.9839419],[85.1747065,27.9837415],[85.1746328,27.9835853],[85.1744928,27.9835072],[85.1743344,27.9834974],[85.1741539,27.9833966],[85.1738665,27.9831558],[85.1733949,27.982889],[85.173137,27.9827101],[85.1729122,27.982658],[85.17276319,27.98257029]]]}},{"type":"Feature","properties":{"grade":"Destroyed","kind":"road","name":null,"aoi":"AOI03","locality":"Bidur","product":"EMSR927_AOI03_GRA_MONIT01_v1","post_event_date":"2026-08-28","method":"Photo-interpretation"},"geometry":{"type":"MultiLineString","coordinates":[[[85.17634323,27.98378512],[85.1761481,27.9836851],[85.1758065,27.9835307],[85.175612,27.9833657],[85.1755169,27.9831375]]]}},{"type":"Feature","properties":{"grade":"Destroyed","kind":"road","name":null,"aoi":"AOI03","locality":"Bidur","product":"EMSR927_AOI03_GRA_MONIT01_v1","post_event_date":"2026-08-28","method":"Photo-interpretation"},"geometry":{"type":"MultiLineString","coordinates":[[[85.17642723,27.98371185],[85.17633633,27.9834511],[85.17618179,27.9833295],[85.17596132,27.98321815]]]}},{"type":"Feature","properties":{"grade":"Destroyed","kind":"road","name":null,"aoi":"AOI03","locality":"Bidur","product":"EMSR927_AOI03_GRA_MONIT01_v1","post_event_date":"2026-08-28","method":"Photo-interpretation"},"geometry":{"type":"MultiLineString","coordinates":[[[85.17640874,27.98381871],[85.1761481,27.9836851],[85.1758065,27.9835307],[85.175612,27.9833657],[85.1755169,27.9831375]]]}},{"type":"Feature","properties":{"grade":"Destroyed","kind":"road","name":null,"aoi":"AOI03","locality":"Bidur","product":"EMSR927_AOI03_GRA_MONIT01_v1","post_event_date":"2026-08-28","method":"Photo-interpretation"},"geometry":{"type":"MultiLineString","coordinates":[[[85.1766609,27.9833968],[85.1765365,27.9835019],[85.1764741,27.98378758]]]}},{"type":"Feature","properties":{"grade":"Destroyed","kind":"road","name":null,"aoi":"AOI03","locality":"Bidur","product":"EMSR927_AOI03_GRA_MONIT01_v1","post_event_date":"2026-08-28","method":"Photo-interpretation"},"geometry":{"type":"MultiLineString","coordinates":[[[85.17751882,27.98352794],[85.17662611,27.98353834],[85.17634323,27.98378512]]]}},{"type":"Feature","properties":{"grade":"Destroyed","kind":"road","name":null,"aoi":"AOI03","locality":"Bidur","product":"EMSR927_AOI03_GRA_MONIT01_v1","post_event_date":"2026-08-28","method":"Photo-interpretation"},"geometry":{"type":"MultiLineString","coordinates":[[[85.17762222,27.98389971],[85.17727297,27.98380825],[85.17689584,27.98370038],[85.17656718,27.98369046],[85.17634323,27.98378512]]]}},{"type":"Feature","properties":{"grade":"Destroyed","kind":"road","name":null,"aoi":"AOI03","locality":"Bidur","product":"EMSR927_AOI03_GRA_MONIT01_v1","post_event_date":"2026-08-28","method":"Photo-interpretation"},"geometry":{"type":"MultiLineString","coordinates":[[[85.17634323,27.98378512],[85.17622655,27.98381331],[85.1760283,27.98380885],[85.17562943,27.98379412]]]}},{"type":"Feature","properties":{"grade":"No visible damage","kind":"road","name":null,"aoi":"AOI03","locality":"Bidur","product":"EMSR927_AOI03_GRA_MONIT01_v1","post_event_date":"2026-08-28","method":"Photo-interpretation"},"geometry":{"type":"MultiLineString","coordinates":[[[85.1764741,27.98378758],[85.1764614,27.9838457]]]}},{"type":"Feature","properties":{"grade":"No visible damage","kind":"road","name":null,"aoi":"AOI03","locality":"Bidur","product":"EMSR927_AOI03_GRA_MONIT01_v1","post_event_date":"2026-08-28","method":"Photo-interpretation"},"geometry":{"type":"MultiLineString","coordinates":[[[85.1764614,27.9838457],[85.17640874,27.98381871]]]}},{"type":"Feature","properties":{"grade":"Destroyed","kind":"road","name":null,"aoi":"AOI03","locality":"Bidur","product":"EMSR927_AOI03_GRA_MONIT01_v1","post_event_date":"2026-08-28","method":"Photo-interpretation"},"geometry":{"type":"MultiLineString","coordinates":[[[85.1788507,27.98393504],[85.17887,27.9838307],[85.1788294,27.9837348],[85.1784932,27.9838779],[85.1780239,27.9838878],[85.17780498,27.98389429]]]}},{"type":"Feature","properties":{"grade":"Possibly damaged","kind":"road","name":null,"aoi":"AOI03","locality":"Bidur","product":"EMSR927_AOI03_GRA_MONIT01_v1","post_event_date":"2026-08-28","method":"Photo-interpretation"},"geometry":{"type":"MultiLineString","coordinates":[[[85.17754033,27.98390214],[85.1774201,27.9839057],[85.1769411,27.9837754],[85.1764614,27.9838457]]]}},{"type":"Feature","properties":{"grade":"Destroyed","kind":"road","name":null,"aoi":"AOI03","locality":"Bidur","product":"EMSR927_AOI03_GRA_MONIT01_v1","post_event_date":"2026-08-28","method":"Photo-interpretation"},"geometry":{"type":"MultiLineString","coordinates":[[[85.17780498,27.98389429],[85.17762222,27.98389971]]]}},{"type":"Feature","properties":{"grade":"Destroyed","kind":"road","name":null,"aoi":"AOI03","locality":"Bidur","product":"EMSR927_AOI03_GRA_MONIT01_v1","post_event_date":"2026-08-28","method":"Photo-interpretation"},"geometry":{"type":"MultiLineString","coordinates":[[[85.17780498,27.98389429],[85.17754033,27.98390214]]]}},{"type":"Feature","properties":{"grade":"No visible damage","kind":"road","name":null,"aoi":"AOI03","locality":"Bidur","product":"EMSR927_AOI03_GRA_MONIT01_v1","post_event_date":"2026-08-28","method":"Photo-interpretation"},"geometry":{"type":"MultiLineString","coordinates":[[[85.17794117,27.98531694],[85.177961,27.9852114],[85.17792324,27.9851296]]]}},{"type":"Feature","properties":{"grade":"Destroyed","kind":"road","name":null,"aoi":"AOI03","locality":"Bidur","product":"EMSR927_AOI03_GRA_MONIT01_v1","post_event_date":"2026-08-28","method":"Photo-interpretation"},"geometry":{"type":"MultiLineString","coordinates":[[[85.1813589,27.98286185],[85.18138303,27.98291311]]]}},{"type":"Feature","properties":{"grade":"Destroyed","kind":"road","name":null,"aoi":"AOI03","locality":"Bidur","product":"EMSR927_AOI03_GRA_MONIT01_v1","post_event_date":"2026-08-28","method":"Photo-interpretation"},"geometry":{"type":"MultiLineString","coordinates":[[[85.18138303,27.98291311],[85.18150066,27.98316301]]]}},{"type":"Feature","properties":{"grade":"Destroyed","kind":"road","name":null,"aoi":"AOI03","locality":"Bidur","product":"EMSR927_AOI03_GRA_MONIT01_v1","post_event_date":"2026-08-28","method":"Photo-interpretation"},"geometry":{"type":"MultiLineString","coordinates":[[[85.18150066,27.98316301],[85.1815746,27.9833201],[85.18158274,27.98333603]]]}},{"type":"Feature","properties":{"grade":"Destroyed","kind":"road","name":null,"aoi":"AOI03","locality":"Bidur","product":"EMSR927_AOI03_GRA_MONIT01_v1","post_event_date":"2026-08-28","method":"Photo-interpretation"},"geometry":{"type":"MultiLineString","coordinates":[[[85.18158274,27.98333603],[85.1817966,27.9837545],[85.181789,27.9838512],[85.1817015,27.9849581],[85.1817992,27.9861967],[85.1818014,27.9864811],[85.1817618,27.9867096],[85.1816981,27.9869147],[85.1817238,27.9871388],[85.1820305,27.9873957],[85.1822459,27.9879441],[85.1825949,27.9882495],[85.1825337,27.9886922],[85.1825681,27.9889661],[85.1826236,27.9891926],[85.1828093,27.9892856],[85.1829851,27.9893632],[85.183253,27.9897549],[85.1832602,27.9899448],[85.18331693,27.99007572],[85.18353472,27.99052995],[85.1835175,27.99098612],[85.18381014,27.99181239],[85.18414828,27.99282682]]]}},{"type":"Feature","properties":{"grade":"Possibly damaged","kind":"road","name":null,"aoi":"AOI03","locality":"Bidur","product":"EMSR927_AOI03_GRA_MONIT01_v1","post_event_date":"2026-08-28","method":"Photo-interpretation"},"geometry":{"type":"MultiLineString","coordinates":[[[85.1808756,27.9909057],[85.180889,27.9911296],[85.1809393,27.9913583],[85.18128004,27.99162541]]]}},{"type":"Feature","properties":{"grade":"No visible damage","kind":"road","name":null,"aoi":"AOI03","locality":"Bidur","product":"EMSR927_AOI03_GRA_MONIT01_v1","post_event_date":"2026-08-28","method":"Photo-interpretation"},"geometry":{"type":"MultiLineString","coordinates":[[[85.17794117,27.98531696],[85.17794117,27.98531694]]]}},{"type":"Feature","properties":{"grade":"Possibly damaged","kind":"road","name":null,"aoi":"AOI03","locality":"Bidur","product":"EMSR927_AOI03_GRA_MONIT01_v1","post_event_date":"2026-08-28","method":"Photo-interpretation"},"geometry":{"type":"MultiLineString","coordinates":[[[85.1790363,27.9875318],[85.1790117,27.9874457],[85.1788969,27.9869974],[85.1789119,27.9869239],[85.1789694,27.9864837],[85.179109,27.9860715],[85.1791145,27.9860322],[85.1791142,27.9860119],[85.1790715,27.9858024],[85.17895443,27.98550136],[85.1789662,27.98535973],[85.17903864,27.9851494],[85.17902377,27.98491568],[85.17892835,27.98463084],[85.1788103,27.9841534],[85.1788507,27.98393504]]]}},{"type":"Feature","properties":{"grade":"No visible damage","kind":"road","name":null,"aoi":"AOI03","locality":"Bidur","product":"EMSR927_AOI03_GRA_MONIT01_v1","post_event_date":"2026-08-28","method":"Photo-interpretation"},"geometry":{"type":"MultiLineString","coordinates":[[[85.1790363,27.9875318],[85.1789445,27.9875379],[85.1787955,27.9874378],[85.1786762,27.9871852],[85.1786047,27.9868747],[85.178408,27.986622],[85.1783425,27.9863536],[85.1783425,27.9860957],[85.1781636,27.9859009],[85.17799253,27.98585342]]]}},{"type":"Feature","properties":{"grade":"No visible damage","kind":"road","name":null,"aoi":"AOI03","locality":"Bidur","product":"EMSR927_AOI03_GRA_MONIT01_v1","post_event_date":"2026-08-28","method":"Photo-interpretation"},"geometry":{"type":"MultiLineString","coordinates":[[[85.17792324,27.9851296],[85.17792323,27.98512959]]]}},{"type":"Feature","properties":{"grade":"No visible damage","kind":"road","name":null,"aoi":"AOI03","locality":"Bidur","product":"EMSR927_AOI03_GRA_MONIT01_v1","post_event_date":"2026-08-28","method":"Photo-interpretation"},"geometry":{"type":"MultiLineString","coordinates":[[[85.1808756,27.9909057],[85.1808167,27.9907077],[85.1806799,27.9905717],[85.1804974,27.9905069],[85.1803016,27.9902836],[85.1799902,27.9897054],[85.1795858,27.9893815],[85.179592,27.9889098],[85.1794051,27.9885782],[85.1793807,27.9884796],[85.1794263,27.9883343],[85.1793473,27.98824],[85.1793273,27.9880317],[85.1790363,27.9875318]]]}},{"type":"Feature","properties":{"grade":"No visible damage","kind":"road","name":null,"aoi":"AOI03","locality":"Bidur","product":"EMSR927_AOI03_GRA_MONIT01_v1","post_event_date":"2026-08-28","method":"Photo-interpretation"},"geometry":{"type":"MultiLineString","coordinates":[[[85.1808756,27.9909057],[85.1807632,27.9909592],[85.1808088,27.9912506],[85.1809107,27.9914779],[85.18097673,27.99163585]]]}},{"type":"Feature","properties":{"grade":"Destroyed","kind":"road","name":null,"aoi":"AOI03","locality":"Bidur","product":"EMSR927_AOI03_GRA_MONIT01_v1","post_event_date":"2026-08-28","method":"Photo-interpretation"},"geometry":{"type":"MultiLineString","coordinates":[[[85.18128189,27.99163196],[85.18145996,27.99183231],[85.18149793,27.99207131],[85.18148604,27.99227985],[85.18154568,27.99247815],[85.18168069,27.99268863],[85.18171008,27.9929387],[85.18185737,27.99316797],[85.18187439,27.99322531]]]}},{"type":"Feature","properties":{"grade":"Destroyed","kind":"road","name":null,"aoi":"AOI03","locality":"Bidur","product":"EMSR927_AOI03_GRA_MONIT01_v1","post_event_date":"2026-08-28","method":"Photo-interpretation"},"geometry":{"type":"MultiLineString","coordinates":[[[85.18187439,27.99322531],[85.18188664,27.9934255],[85.18199196,27.99365421],[85.18220435,27.99400733],[85.18238359,27.99433391],[85.1824928,27.99458132],[85.18246932,27.99471848]]]}},{"type":"Feature","properties":{"grade":"Destroyed","kind":"road","name":null,"aoi":"AOI03","locality":"Bidur","product":"EMSR927_AOI03_GRA_MONIT01_v1","post_event_date":"2026-08-28","method":"Photo-interpretation"},"geometry":{"type":"MultiLineString","coordinates":[[[85.18205954,27.99376657],[85.18241278,27.9940958],[85.18255719,27.99424677],[85.18278962,27.99440636],[85.18294048,27.99442326],[85.18313482,27.9943513],[85.18326826,27.99440523],[85.18340835,27.9945636],[85.18360583,27.99480472],[85.18397879,27.9950966],[85.1842507,27.99540577],[85.18457455,27.99568294]]]}},{"type":"Feature","properties":{"grade":"Destroyed","kind":"road","name":null,"aoi":"AOI03","locality":"Bidur","product":"EMSR927_AOI03_GRA_MONIT01_v1","post_event_date":"2026-08-28","method":"Photo-interpretation"},"geometry":{"type":"MultiLineString","coordinates":[[[85.18332186,27.9962039],[85.18320762,27.99601807],[85.18310749,27.99572979],[85.18319351,27.99560795],[85.18330778,27.99555356]]]}},{"type":"Feature","properties":{"grade":"Destroyed","kind":"road","name":null,"aoi":"AOI03","locality":"Bidur","product":"EMSR927_AOI03_GRA_MONIT01_v1","post_event_date":"2026-08-28","method":"Photo-interpretation"},"geometry":{"type":"MultiLineString","coordinates":[[[85.18298345,27.99618995],[85.18339338,27.99620685],[85.18369097,27.99623687],[85.18427284,27.99641539]]]}},{"type":"Feature","properties":{"grade":"Destroyed","kind":"road","name":null,"aoi":"AOI03","locality":"Bidur","product":"EMSR927_AOI03_GRA_MONIT01_v1","post_event_date":"2026-08-28","method":"Photo-interpretation"},"geometry":{"type":"MultiLineString","coordinates":[[[85.18414828,27.99282682],[85.18438681,27.99354238],[85.18442123,27.99398994],[85.18449009,27.99439447],[85.18472248,27.99470432],[85.18500651,27.99509163],[85.18519586,27.99524656],[85.18480855,27.99547895],[85.18447288,27.99577158],[85.18431795,27.99604701],[85.18426631,27.99646875],[85.18455034,27.99721755],[85.18453312,27.99809546],[85.18438681,27.99843974],[85.18431795,27.99873237],[85.18416303,27.99928322],[85.18386178,27.99965332],[85.18361084,28.00010387]]]}},{"type":"Feature","properties":{"grade":"Destroyed","kind":"road","name":null,"aoi":"AOI03","locality":"Bidur","product":"EMSR927_AOI03_GRA_MONIT01_v1","post_event_date":"2026-08-28","method":"Photo-interpretation"},"geometry":{"type":"MultiLineString","coordinates":[[[85.18450847,27.99710718],[85.18488394,27.99720292],[85.18512376,27.99717255],[85.18533188,27.99702996],[85.18537604,27.99690011],[85.18534934,27.99673951],[85.18522666,27.99654411]]]}},{"type":"Feature","properties":{"grade":"Destroyed","kind":"road","name":null,"aoi":"AOI03","locality":"Bidur","product":"EMSR927_AOI03_GRA_MONIT01_v1","post_event_date":"2026-08-28","method":"Photo-interpretation"},"geometry":{"type":"MultiLineString","coordinates":[[[85.18439442,27.99680649],[85.1839324,27.99711209],[85.18381769,27.99719257],[85.18365775,27.99721654],[85.18354948,27.99716294]]]}},{"type":"Feature","properties":{"grade":"Destroyed","kind":"road","name":null,"aoi":"AOI03","locality":"Bidur","product":"EMSR927_AOI03_GRA_MONIT01_v1","post_event_date":"2026-08-28","method":"Photo-interpretation"},"geometry":{"type":"MultiLineString","coordinates":[[[85.18571607,28.00028703],[85.18587397,28.00000849],[85.18615686,27.99960809],[85.18624405,27.99930448],[85.18635082,27.99872288],[85.1864431,27.99815089],[85.18650146,27.99780397],[85.18648534,27.99762567],[85.18654939,27.99722371],[85.18654923,27.9969481],[85.18651715,27.99686712]]]}},{"type":"Feature","properties":{"grade":"Destroyed","kind":"road","name":null,"aoi":"AOI03","locality":"Bidur","product":"EMSR927_AOI03_GRA_MONIT01_v1","post_event_date":"2026-08-28","method":"Photo-interpretation"},"geometry":{"type":"MultiLineString","coordinates":[[[85.18584843,28.00366304],[85.18570555,28.00352763],[85.18558773,28.0033838],[85.18545879,28.00330652],[85.18539748,28.00307896],[85.18514883,28.0023732],[85.18507669,28.00219441],[85.18516868,28.00178658],[85.1851647,28.0014264],[85.18517899,28.00103654]]]}},{"type":"Feature","properties":{"grade":"Destroyed","kind":"road","name":null,"aoi":"AOI03","locality":"Bidur","product":"EMSR927_AOI03_GRA_MONIT01_v1","post_event_date":"2026-08-28","method":"Photo-interpretation"},"geometry":{"type":"MultiLineString","coordinates":[[[85.18539748,28.00307896],[85.1859408,28.00308004]]]}},{"type":"Feature","properties":{"grade":"Destroyed","kind":"road","name":null,"aoi":"AOI03","locality":"Bidur","product":"EMSR927_AOI03_GRA_MONIT01_v1","post_event_date":"2026-08-28","method":"Photo-interpretation"},"geometry":{"type":"MultiLineString","coordinates":[[[85.18361084,28.00010387],[85.18348308,28.00033327],[85.18333676,28.00103904],[85.18332815,28.00165874],[85.18340561,28.00196859],[85.18339701,28.00238172],[85.18331954,28.00331127],[85.18344004,28.00367276],[85.1835175,28.00518759],[85.18341422,28.00560072],[85.18304412,28.00628928],[85.18308716,28.00709833],[85.18302691,28.00789878],[85.18286338,28.00826027],[85.18276009,28.00865619],[85.18260757,28.0090763]]]}},{"type":"Feature","properties":{"grade":"Destroyed","kind":"road","name":null,"aoi":"AOI03","locality":"Bidur","product":"EMSR927_AOI03_GRA_MONIT01_v1","post_event_date":"2026-08-28","method":"Photo-interpretation"},"geometry":{"type":"MultiLineString","coordinates":[[[85.18571607,28.00028703],[85.18541756,28.00062628],[85.18524613,28.00087842],[85.18511185,28.00119466],[85.18503559,28.00146926],[85.18486702,28.00183592],[85.18464021,28.00225693],[85.18448583,28.00263226],[85.18455264,28.00292147],[85.18472203,28.00336043],[85.18485402,28.00403635],[85.18475532,28.00479402],[85.18458116,28.00606374],[85.18419905,28.00748336],[85.18408258,28.00787615],[85.18399356,28.00834138],[85.18404689,28.00857953],[85.18417416,28.00896706]]]}},{"type":"Feature","properties":{"grade":"Destroyed","kind":"road","name":null,"aoi":"AOI03","locality":"Bidur","product":"EMSR927_AOI03_GRA_MONIT01_v1","post_event_date":"2026-08-28","method":"Photo-interpretation"},"geometry":{"type":"MultiLineString","coordinates":[[[85.18467349,28.00539062],[85.18481957,28.00528163],[85.18506631,28.00533645]]]}},{"type":"Feature","properties":{"grade":"No visible damage","kind":"road","name":null,"aoi":"AOI05","locality":"Phosretar","product":"EMSR927_AOI05_GRA_PRODUCT_v3","post_event_date":"2026-08-31","method":"Photo-interpretation"},"geometry":{"type":"MultiLineString","coordinates":[[[84.99316205,27.79607459],[84.9931654,27.7960775],[84.9932291,27.7961996],[84.9932751,27.7962403],[84.99335815,27.79615834]],[[84.9926631,27.7960441],[84.9926792,27.7960079],[84.9926765,27.7959872],[84.9926725,27.7959587],[84.9926182,27.7958798],[84.9926142,27.7958626],[84.9926282,27.7958472],[84.9926578,27.7958389],[84.9927248,27.7958424],[84.99280703,27.79586956]],[[84.9928335,27.7958783],[84.9928435,27.7958816],[84.9929655,27.7959112],[84.9929964,27.7959255],[84.9930102,27.79594035]]]}},{"type":"Feature","properties":{"grade":"Not Analysed","kind":"road","name":null,"aoi":"AOI05","locality":"Phosretar","product":"EMSR927_AOI05_GRA_PRODUCT_v3","post_event_date":"2026-08-31","method":"Photo-interpretation"},"geometry":{"type":"MultiLineString","coordinates":[[[84.9979309,27.7959097],[84.998226,27.7961942],[84.9982823,27.7962381],[84.998344,27.7962761],[84.9983963,27.7962784],[84.9985439,27.7962428],[84.99869,27.7962215],[84.9987732,27.7962262]]]}},{"type":"Feature","properties":{"grade":"No visible damage","kind":"road","name":null,"aoi":"AOI05","locality":"Phosretar","product":"EMSR927_AOI05_GRA_PRODUCT_v3","post_event_date":"2026-08-31","method":"Photo-interpretation"},"geometry":{"type":"MultiLineString","coordinates":[[[84.9916248,27.7964326],[84.9917944,27.7965655],[84.9920196,27.7966941],[84.9921936,27.7967193],[84.9922962,27.796684],[84.9923704,27.796621],[84.9924801,27.7965697],[84.9925169,27.7965406],[84.9925478,27.7964872],[84.9926068,27.7963627],[84.9926578,27.7962814],[84.9926897,27.7962022],[84.9926983,27.7961291],[84.9926846,27.7960833],[84.9926631,27.7960441],[84.9926213,27.7959954],[84.9924995,27.7959095],[84.9924566,27.7958608],[84.9924123,27.795773],[84.9923747,27.79570387]]]}},{"type":"Feature","properties":{"grade":"No visible damage","kind":"road","name":null,"aoi":"AOI05","locality":"Phosretar","product":"EMSR927_AOI05_GRA_PRODUCT_v3","post_event_date":"2026-08-31","method":"Photo-interpretation"},"geometry":{"type":"MultiLineString","coordinates":[[[85.0055868,27.796252],[85.0056479,27.7964036],[85.0057993,27.7966359],[85.0059531,27.7967629],[85.0059568,27.7967662]]]}},{"type":"Feature","properties":{"grade":"No visible damage","kind":"road","name":null,"aoi":"AOI05","locality":"Phosretar","product":"EMSR927_AOI05_GRA_PRODUCT_v3","post_event_date":"2026-08-31","method":"Photo-interpretation"},"geometry":{"type":"MultiLineString","coordinates":[[[84.9915124,27.7971628],[84.9914581,27.797151],[84.991438,27.7971356],[84.9914226,27.7971201],[84.9913703,27.7970507],[84.991326,27.796963],[84.9912764,27.7968763],[84.9912724,27.7968618],[84.9912774,27.7968508],[84.9912902,27.7968473],[84.9913056,27.7968488],[84.9914149,27.796911],[84.9915064,27.7969671],[84.9915212,27.7969733],[84.9915363,27.796976],[84.991778,27.7969541],[84.9920368,27.7969274],[84.9921676,27.7968935],[84.9922628,27.7968532],[84.9923252,27.7968087],[84.9924251,27.7967144],[84.9924619,27.7966954],[84.9925538,27.7966687],[84.9925987,27.7966468],[84.9926162,27.7966278],[84.9926274,27.796591],[84.9926658,27.7963864],[84.9926859,27.796346],[84.9927201,27.7962873],[84.9927268,27.7962482],[84.9926983,27.7961291]]]}},{"type":"Feature","properties":{"grade":"No visible damage","kind":"road","name":null,"aoi":"AOI05","locality":"Phosretar","product":"EMSR927_AOI05_GRA_PRODUCT_v3","post_event_date":"2026-08-31","method":"Photo-interpretation"},"geometry":{"type":"MultiLineString","coordinates":[[[85.0044024,27.797328],[85.0043569,27.7973012],[85.0043716,27.7972633],[85.0044078,27.797236],[85.0044481,27.7972111],[85.0045178,27.7972004],[85.0045808,27.7971992],[85.0046345,27.7972063],[85.0047069,27.7972158],[85.0047579,27.7972122],[85.0048061,27.7972039],[85.0048558,27.7971826],[85.0048987,27.7971612],[85.0049671,27.7971422],[85.0050395,27.7971328],[85.0050757,27.7971019],[85.0050918,27.797077],[85.0051039,27.7970438],[85.0051065,27.7970082],[85.0051079,27.796975],[85.0050636,27.7969358],[85.0050194,27.7969038],[85.0049738,27.7968836],[85.0049161,27.7968777],[85.0048021,27.7968658],[85.0047391,27.7968528],[85.004672,27.7968409],[85.0045285,27.7968053],[85.0044414,27.7967816],[85.0044011,27.7967768],[85.004373,27.7967709],[85.0043381,27.7967591],[85.0043072,27.7967401],[85.0042818,27.7967211],[85.0042187,27.7967092],[85.0041316,27.7967092],[85.0040927,27.7967235],[85.0040645,27.7967377]]]}},{"type":"Feature","properties":{"grade":"No visible damage","kind":"road","name":"Prithvi Rajmarg","aoi":"AOI05","locality":"Phosretar","product":"EMSR927_AOI05_GRA_PRODUCT_v3","post_event_date":"2026-08-31","method":"Photo-interpretation"},"geometry":{"type":"MultiLineString","coordinates":[[[85.00063769,27.79636449],[85.0006409,27.7964001],[85.0006397,27.7964785],[85.0006138,27.7966068],[85.0005699,27.7967212],[85.0004823,27.796897],[85.0003839,27.7970567],[85.0003184,27.7972454],[85.0002979,27.7973429],[85.0002752,27.7974823],[85.0002827,27.7976142],[85.0003665,27.7978437],[85.0006521,27.7983884],[85.0007725,27.7985526],[85.0008736,27.7986239],[85.0009908,27.7986712],[85.0011073,27.7986601],[85.0012262,27.7986207],[85.0014527,27.7984982],[85.0018711,27.7982252],[85.0023022,27.7979616],[85.0025725,27.7978306],[85.003872,27.7973539],[85.0040641,27.7973083],[85.0042564,27.7973075],[85.0044024,27.797328],[85.0046767,27.7973636],[85.0048114,27.7973677],[85.0050611,27.7973404],[85.0052588,27.7972491],[85.0054068,27.7971608],[85.0059568,27.7967662],[85.0066032,27.7961281],[85.0068365,27.7958653],[85.0069969,27.79564823]]]}},{"type":"Feature","properties":{"grade":"No visible damage","kind":"road","name":null,"aoi":"AOI05","locality":"Phosretar","product":"EMSR927_AOI05_GRA_PRODUCT_v3","post_event_date":"2026-08-31","method":"Photo-interpretation"},"geometry":{"type":"MultiLineString","coordinates":[[[84.98897964,27.79707511],[84.9888728,27.7971207],[84.9887602,27.7971065],[84.9886575,27.7970972],[84.9884214,27.7972159],[84.988341,27.7973297],[84.98830766,27.79735662]]]}},{"type":"Feature","properties":{"grade":"Not Analysed","kind":"road","name":"Prithvi Rajmarg","aoi":"AOI05","locality":"Phosretar","product":"EMSR927_AOI05_GRA_PRODUCT_v3","post_event_date":"2026-08-31","method":"Photo-interpretation"},"geometry":{"type":"MultiLineString","coordinates":[[[84.9943362,27.7975777],[84.9943641,27.7972978]]]}},{"type":"Feature","properties":{"grade":"Not Analysed","kind":"road","name":null,"aoi":"AOI05","locality":"Phosretar","product":"EMSR927_AOI05_GRA_PRODUCT_v3","post_event_date":"2026-08-31","method":"Photo-interpretation"},"geometry":{"type":"MultiLineString","coordinates":[[[84.99557279,27.79667618],[84.9951599,27.7966936],[84.9951684,27.7968661],[84.9952902,27.7973997],[84.9954332,27.7977265],[84.9952624,27.7978987],[84.9952266,27.7979901],[84.9952346,27.7981272],[84.99530918,27.79821034]]]}},{"type":"Feature","properties":{"grade":"Not Analysed","kind":"road","name":null,"aoi":"AOI05","locality":"Phosretar","product":"EMSR927_AOI05_GRA_PRODUCT_v3","post_event_date":"2026-08-31","method":"Photo-interpretation"},"geometry":{"type":"MultiLineString","coordinates":[[[84.98484225,27.79783355],[84.984845,27.7978314],[84.984883,27.7977903],[84.9849781,27.797766],[84.985088,27.7977641],[84.9851556,27.7977566],[84.9852253,27.7977024],[84.9852296,27.7976388],[84.9851366,27.7975996],[84.9850098,27.7975454],[84.9849316,27.7974799],[84.9849126,27.7974052],[84.9849506,27.7973584],[84.9850034,27.7973472],[84.9850182,27.7973154],[84.9849887,27.7972164],[84.9849865,27.7971061],[84.9850626,27.797035],[84.9850647,27.7969864],[84.9849781,27.7969061],[84.9849105,27.7968481],[84.9849062,27.7967902],[84.9849126,27.796721],[84.9848978,27.7966462],[84.9848724,27.7965827],[84.9849041,27.7965135],[84.9849316,27.7964443],[84.9849506,27.7963845],[84.9849379,27.7963247],[84.9849062,27.7962817],[84.9848471,27.7962817],[84.9847837,27.7963153],[84.9847034,27.7963434],[84.9846188,27.7963546],[84.9845216,27.7963546],[84.9844118,27.7963266],[84.9843695,27.796306],[84.984342,27.7962686],[84.9843505,27.7962051],[84.9844118,27.7961565],[84.98443126,27.79613803]]]}},{"type":"Feature","properties":{"grade":"Not Analysed","kind":"road","name":null,"aoi":"AOI05","locality":"Phosretar","product":"EMSR927_AOI05_GRA_PRODUCT_v3","post_event_date":"2026-08-31","method":"Photo-interpretation"},"geometry":{"type":"MultiLineString","coordinates":[[[84.98830766,27.79735662],[84.9882237,27.7974244],[84.9881961,27.7975528],[84.9882337,27.7976335],[84.98828963,27.79767253]]]}},{"type":"Feature","properties":{"grade":"Not Analysed","kind":"road","name":null,"aoi":"AOI05","locality":"Phosretar","product":"EMSR927_AOI05_GRA_PRODUCT_v3","post_event_date":"2026-08-31","method":"Photo-interpretation"},"geometry":{"type":"MultiLineString","coordinates":[[[84.98849051,27.79830251],[84.9883892,27.7983832],[84.9882927,27.7984212],[84.9881639,27.7984402],[84.9880467,27.7984399],[84.9879609,27.7984067],[84.98794155,27.79839946]]]}},{"type":"Feature","properties":{"grade":"Not Analysed","kind":"road","name":null,"aoi":"AOI05","locality":"Phosretar","product":"EMSR927_AOI05_GRA_PRODUCT_v3","post_event_date":"2026-08-31","method":"Photo-interpretation"},"geometry":{"type":"MultiLineString","coordinates":[[[84.98794155,27.79839946],[84.98794117,27.79839931]]]}},{"type":"Feature","properties":{"grade":"No visible damage","kind":"road","name":null,"aoi":"AOI05","locality":"Phosretar","product":"EMSR927_AOI05_GRA_PRODUCT_v3","post_event_date":"2026-08-31","method":"Photo-interpretation"},"geometry":{"type":"MultiLineString","coordinates":[[[84.9872871,27.79935196],[84.9872646,27.7993586],[84.9871378,27.7994352],[84.9870701,27.7995194],[84.9869729,27.7995848],[84.9868588,27.7996577],[84.9867194,27.7997007],[84.9865883,27.7997063],[84.9864489,27.7997493],[84.9863538,27.7997549],[84.9862523,27.7997306],[84.9861065,27.7996932],[84.9860009,27.7996652],[84.9858889,27.7996521],[84.9856818,27.7996353],[84.9855296,27.7996334],[84.9853711,27.7996465],[84.9852232,27.799654],[84.9850922,27.7996764],[84.9848619,27.799725],[84.984771,27.7997437],[84.9846273,27.7997549],[84.984509,27.7997175],[84.9844371,27.7996203],[84.9843801,27.7995474],[84.9843145,27.7994558],[84.9842554,27.7993923],[84.9842068,27.7993287],[84.9841793,27.7992633],[84.9841941,27.7992072],[84.9842617,27.7991605],[84.9843293,27.7991231],[84.9843779,27.799052],[84.9844075,27.7988801],[84.9844815,27.7987903],[84.9845787,27.7987324],[84.9846717,27.7986931],[84.9847604,27.7986894],[84.9848428,27.798652],[84.9848682,27.7985922],[84.9848661,27.7984894],[84.9848661,27.7983884],[84.9848471,27.7982931],[84.9848175,27.7981922],[84.9847287,27.7981398],[84.9846379,27.7981043],[84.9845893,27.798052],[84.9845829,27.7979716],[84.9845998,27.7979118],[84.9846548,27.7978856],[84.9847224,27.7978875],[84.98479,27.7978744],[84.98484225,27.79783355]]]}},{"type":"Feature","properties":{"grade":"No visible damage","kind":"road","name":null,"aoi":"AOI05","locality":"Phosretar","product":"EMSR927_AOI05_GRA_PRODUCT_v3","post_event_date":"2026-08-31","method":"Photo-interpretation"},"geometry":{"type":"MultiLineString","coordinates":[[[84.98794117,27.79839931],[84.9878474,27.7983642],[84.9877785,27.7983735],[84.9877494,27.7983872],[84.987698,27.7984115],[84.9876927,27.7985348],[84.987724,27.7987534],[84.987698,27.7988528],[84.9876712,27.7989667],[84.9877678,27.7992229],[84.9877562,27.7993133],[84.9876766,27.7993605],[84.987604,27.7993909],[84.9875746,27.7994032],[84.98742886,27.79953223]]]}},{"type":"Feature","properties":{"grade":"No visible damage","kind":"road","name":null,"aoi":"AOI05","locality":"Phosretar","product":"EMSR927_AOI05_GRA_PRODUCT_v3","post_event_date":"2026-08-31","method":"Photo-interpretation"},"geometry":{"type":"MultiLineString","coordinates":[[[84.987604,27.7993909],[84.987628,27.7993231],[84.9876555,27.7992707],[84.9876407,27.7992221],[84.98759,27.7992072],[84.987535,27.7992464],[84.9874167,27.7993137],[84.9872871,27.79935196]]]}},{"type":"Feature","properties":{"grade":"No visible damage","kind":"road","name":null,"aoi":"AOI05","locality":"Phosretar","product":"EMSR927_AOI05_GRA_PRODUCT_v3","post_event_date":"2026-08-31","method":"Photo-interpretation"},"geometry":{"type":"MultiLineString","coordinates":[[[84.9877562,27.7993133],[84.98781917,27.79930448]]]}},{"type":"Feature","properties":{"grade":"Not Analysed","kind":"road","name":null,"aoi":"AOI05","locality":"Phosretar","product":"EMSR927_AOI05_GRA_PRODUCT_v3","post_event_date":"2026-08-31","method":"Photo-interpretation"},"geometry":{"type":"MultiLineString","coordinates":[[[84.98781917,27.79930448],[84.9878519,27.7992999],[84.9879752,27.7993118],[84.9881253,27.79933239]]]}},{"type":"Feature","properties":{"grade":"No visible damage","kind":"road","name":null,"aoi":"AOI05","locality":"Phosretar","product":"EMSR927_AOI05_GRA_PRODUCT_v3","post_event_date":"2026-08-31","method":"Photo-interpretation"},"geometry":{"type":"MultiLineString","coordinates":[[[84.9881253,27.79933239],[84.98813042,27.79933309]]]}},{"type":"Feature","properties":{"grade":"No visible damage","kind":"road","name":null,"aoi":"AOI05","locality":"Phosretar","product":"EMSR927_AOI05_GRA_PRODUCT_v3","post_event_date":"2026-08-31","method":"Photo-interpretation"},"geometry":{"type":"MultiLineString","coordinates":[[[85.00142514,27.79667819],[85.0013934,27.7967933],[85.0013022,27.7969546],[85.0011282,27.7972097],[85.00106,27.7973725],[85.0010423,27.7974138],[85.00099,27.79753],[85.0009565,27.7976404],[85.0009136,27.797918],[85.0009163,27.7981671],[85.0009833,27.7982976],[85.0010584,27.7983628],[85.0011174,27.7983961],[85.0012435,27.7984032],[85.0015882,27.7982893],[85.0018711,27.7982252]]]}},{"type":"Feature","properties":{"grade":"No visible damage","kind":"road","name":null,"aoi":"AOI05","locality":"Phosretar","product":"EMSR927_AOI05_GRA_PRODUCT_v3","post_event_date":"2026-08-31","method":"Photo-interpretation"},"geometry":{"type":"MultiLineString","coordinates":[[[84.98828963,27.79767253],[84.9883356,27.7977046],[84.988518,27.7977426],[84.9886207,27.7977898],[84.9887487,27.7978612],[84.9889525,27.7978328],[84.989023,27.797861],[84.9890276,27.7979514],[84.9889471,27.7980653],[84.9888782,27.7981837],[84.9887924,27.7982027],[84.9885617,27.7982596],[84.9885357,27.7982742],[84.9885027,27.7982928],[84.98849051,27.79830251]]]}},{"type":"Feature","properties":{"grade":"No visible damage","kind":"road","name":null,"aoi":"AOI05","locality":"Phosretar","product":"EMSR927_AOI05_GRA_PRODUCT_v3","post_event_date":"2026-08-31","method":"Photo-interpretation"},"geometry":{"type":"MultiLineString","coordinates":[[[84.99530918,27.79821034],[84.9953418,27.7982467],[84.9954213,27.7983064],[84.9954292,27.7983943],[84.9954014,27.7984294],[84.9953378,27.798447],[84.9952187,27.7985419],[84.9952067,27.7987211],[84.9952266,27.7988793],[84.9952425,27.7989742],[84.9951988,27.7990761],[84.995314,27.7993748],[84.99530212,27.79944321]],[[84.99820447,27.79723497],[84.9980345,27.7971304],[84.9977402,27.7970543],[84.9974712,27.7970403],[84.9973111,27.797116],[84.9971976,27.7972064],[84.9970746,27.7972083],[84.9968844,27.7971459],[84.9965807,27.7969359],[84.9962052,27.7968125],[84.9959861,27.7967174],[84.995717,27.7966701],[84.99557279,27.79667618]]]}},{"type":"Feature","properties":{"grade":"No visible damage","kind":"road","name":null,"aoi":"AOI05","locality":"Phosretar","product":"EMSR927_AOI05_GRA_PRODUCT_v3","post_event_date":"2026-08-31","method":"Photo-interpretation"},"geometry":{"type":"MultiLineString","coordinates":[[[84.98977479,27.80010727],[84.9899688,27.8001316],[84.9902827,27.8001933],[84.9905455,27.8002693],[84.9907547,27.8003381],[84.9909478,27.8003784]],[[84.98742886,27.79953223],[84.9873923,27.7995646],[84.9873654,27.7996595],[84.9873815,27.7998778],[84.9874244,27.7999347],[84.9875202,27.7999539],[84.9878045,27.7999539],[84.9878689,27.7999587],[84.9879762,27.8000203],[84.9881425,27.8000536],[84.9885502,27.8000346],[84.988754,27.7999729],[84.9888345,27.7999824],[84.9889855,27.8000676],[84.9890598,27.8000583],[84.989505,27.7999729],[84.9895855,27.7999871],[84.98970057,27.80006486]],[[84.98992498,27.79582736],[84.9901595,27.7958919],[84.9902829,27.7958966],[84.990476,27.7958207],[84.9907021,27.7958205],[84.9908998,27.7959156],[84.9912546,27.7959723],[84.9914684,27.7959963],[84.9916033,27.7961052],[84.9916723,27.7961624],[84.9917742,27.7961861],[84.9919627,27.7961859],[84.9920647,27.7962143],[84.9921175,27.7962525],[84.9921658,27.7963095],[84.9921872,27.7963617],[84.992188,27.7964089],[84.9921637,27.7964512],[84.9921551,27.7964661],[84.99208,27.7964993],[84.9919351,27.7964993],[84.9916248,27.7964326],[84.9914799,27.7963093],[84.9913719,27.796281],[84.9910508,27.796276],[84.9908783,27.7962905],[84.9906538,27.7963662],[84.9903097,27.7964898],[84.9902421,27.7965236],[84.9899771,27.7966559],[84.9898376,27.7966891],[84.9897357,27.7966844],[84.9896453,27.7966272],[84.989564,27.7966274],[84.98942,27.7966746],[84.9893012,27.7966464],[84.9892376,27.7966841],[84.9891786,27.7968597],[84.9890284,27.7970543],[84.98897964,27.79707511]]]}},{"type":"Feature","properties":{"grade":"No visible damage","kind":"road","name":"Pasang Lhamu Highway","aoi":"AOI05","locality":"Phosretar","product":"EMSR927_AOI05_GRA_PRODUCT_v3","post_event_date":"2026-08-31","method":"Photo-interpretation"},"geometry":{"type":"MultiLineString","coordinates":[[[85.0007781,27.8002021],[85.0003715,27.800132],[85.000165,27.8000816],[84.9998806,27.7999748],[84.9997754,27.7999303],[84.9997021,27.7998738],[84.9996689,27.7998183],[84.9996481,27.7997438],[84.9996456,27.7996622],[84.9996583,27.7995503],[84.9997374,27.7990901],[84.9999145,27.7979393],[85.0001398,27.7963971],[85.00017454,27.79621333]]]}},{"type":"Feature","properties":{"grade":"Not Analysed","kind":"road","name":"Prithvi Rajmarg","aoi":"AOI05","locality":"Phosretar","product":"EMSR927_AOI05_GRA_PRODUCT_v3","post_event_date":"2026-08-31","method":"Photo-interpretation"},"geometry":{"type":"MultiLineString","coordinates":[[[84.99428185,27.79852998],[84.99428525,27.79837732]]]}},{"type":"Feature","properties":{"grade":"No visible damage","kind":"road","name":null,"aoi":"AOI05","locality":"Phosretar","product":"EMSR927_AOI05_GRA_PRODUCT_v3","post_event_date":"2026-08-31","method":"Photo-interpretation"},"geometry":{"type":"MultiLineString","coordinates":[[[84.9972091,27.8009217],[84.997987,27.8006655],[84.9980943,27.8004424],[84.9983518,27.8003807],[84.9986361,27.800357],[84.9987916,27.8002574],[84.9988131,27.8001625],[84.9988284,27.7998495],[84.9987855,27.7996645],[84.9988606,27.7994082],[84.9988659,27.7992564],[84.9987863,27.7991327],[84.9988016,27.7990618],[84.9988606,27.7988815],[84.9988131,27.7987911],[84.9986996,27.7986347],[84.9987318,27.7985113],[84.9988552,27.7983168],[84.9988445,27.7982456],[84.9987863,27.7980935],[84.9987747,27.7976667],[84.9987104,27.7975955],[84.9985977,27.7974769],[84.99820447,27.79723497]],[[84.99530212,27.79944321],[84.9952902,27.7995119],[84.9953657,27.7997333],[84.9953776,27.7998879],[84.9953617,27.7999934],[84.9953816,27.8000988],[84.9955524,27.8002745],[84.9956676,27.8003659],[84.9957947,27.8003378],[84.9959179,27.800271],[84.9960371,27.8002007],[84.9961325,27.8001972],[84.9962596,27.8002288],[84.996343,27.8003378],[84.9964066,27.8004502]]]}},{"type":"Feature","properties":{"grade":"Not Analysed","kind":"road","name":"Prithvi Rajmarg","aoi":"AOI05","locality":"Phosretar","product":"EMSR927_AOI05_GRA_PRODUCT_v3","post_event_date":"2026-08-31","method":"Photo-interpretation"},"geometry":{"type":"MultiLineString","coordinates":[[[84.9836485,27.8008651],[84.98400375,27.80085161]],[[84.99428525,27.79837732],[84.9942884,27.7982355],[84.9943362,27.7975777]]]}},{"type":"Feature","properties":{"grade":"No visible damage","kind":"road","name":null,"aoi":"AOI05","locality":"Phosretar","product":"EMSR927_AOI05_GRA_PRODUCT_v3","post_event_date":"2026-08-31","method":"Photo-interpretation"},"geometry":{"type":"MultiLineString","coordinates":[[[84.98913251,27.79932852],[84.989193,27.7993118],[84.9892681,27.7993023],[84.98934536,27.79928003]],[[84.98938095,27.7992666],[84.9894451,27.7992121],[84.9894773,27.7991599],[84.98949571,27.79915746]]]}},{"type":"Feature","properties":{"grade":"No visible damage","kind":"road","name":null,"aoi":"AOI05","locality":"Phosretar","product":"EMSR927_AOI05_GRA_PRODUCT_v3","post_event_date":"2026-08-31","method":"Photo-interpretation"},"geometry":{"type":"MultiLineString","coordinates":[[[84.98949571,27.79915746],[84.9895309,27.7991528],[84.9895926,27.7991813],[84.9896355,27.7992358],[84.9896811,27.7993047],[84.9898179,27.7993948],[84.9899762,27.7994612]],[[84.98934536,27.79928003],[84.9893753,27.7992714],[84.98938095,27.7992666]]]}},{"type":"Feature","properties":{"grade":"Not Analysed","kind":"road","name":null,"aoi":"AOI05","locality":"Phosretar","product":"EMSR927_AOI05_GRA_PRODUCT_v3","post_event_date":"2026-08-31","method":"Photo-interpretation"},"geometry":{"type":"MultiLineString","coordinates":[[[84.9883158,27.79935493],[84.9884554,27.7993663],[84.988678,27.7993782],[84.9887703,27.7993752],[84.9888979,27.7993711],[84.9890642,27.7993474],[84.98913251,27.79932852]]]}},{"type":"Feature","properties":{"grade":"Not Analysed","kind":"road","name":null,"aoi":"AOI05","locality":"Phosretar","product":"EMSR927_AOI05_GRA_PRODUCT_v3","post_event_date":"2026-08-31","method":"Photo-interpretation"},"geometry":{"type":"MultiLineString","coordinates":[[[84.98831265,27.79935468],[84.9883158,27.79935493]]]}},{"type":"Feature","properties":{"grade":"No visible damage","kind":"road","name":"Prithvi Rajmarg","aoi":"AOI05","locality":"Phosretar","product":"EMSR927_AOI05_GRA_PRODUCT_v3","post_event_date":"2026-08-31","method":"Photo-interpretation"},"geometry":{"type":"MultiLineString","coordinates":[[[84.99063775,27.8003784],[84.9909478,27.8003784],[84.9923077,27.8004174],[84.9934039,27.8004078],[84.9939363,27.8003405],[84.9941618,27.8002838],[84.9942659,27.8002007],[84.9943582,27.8000655],[84.9943849,27.7998463],[84.9943274,27.7990711],[84.9942791,27.7986535],[84.99428185,27.79852998]]]}},{"type":"Feature","properties":{"grade":"Destroyed","kind":"road","name":null,"aoi":"AOI05","locality":"Phosretar","product":"EMSR927_AOI05_GRA_PRODUCT_v3","post_event_date":"2026-08-31","method":"Photo-interpretation"},"geometry":{"type":"MultiLineString","coordinates":[[[84.98970057,27.80006486],[84.9897607,27.8001055],[84.98977479,27.80010727]]]}},{"type":"Feature","properties":{"grade":"Possibly damaged","kind":"road","name":null,"aoi":"AOI05","locality":"Phosretar","product":"EMSR927_AOI05_GRA_PRODUCT_v3","post_event_date":"2026-08-31","method":"Photo-interpretation"},"geometry":{"type":"MultiLineString","coordinates":[[[85.0011674,27.8002921],[85.0007781,27.8002021]]]}},{"type":"Feature","properties":{"grade":"No visible damage","kind":"road","name":null,"aoi":"AOI05","locality":"Phosretar","product":"EMSR927_AOI05_GRA_PRODUCT_v3","post_event_date":"2026-08-31","method":"Photo-interpretation"},"geometry":{"type":"MultiLineString","coordinates":[[[85.0012381,27.8003226],[85.00121865,27.80037785],[85.0011992,27.8004331]]]}},{"type":"Feature","properties":{"grade":"No visible damage","kind":"road","name":null,"aoi":"AOI05","locality":"Phosretar","product":"EMSR927_AOI05_GRA_PRODUCT_v3","post_event_date":"2026-08-31","method":"Photo-interpretation"},"geometry":{"type":"MultiLineString","coordinates":[[[85.00171862,27.80074602],[85.00165033,27.80071415],[85.00129286,27.80053835],[85.00121865,27.80037785]]]}},{"type":"Feature","properties":{"grade":"Destroyed","kind":"road","name":null,"aoi":"AOI05","locality":"Phosretar","product":"EMSR927_AOI05_GRA_PRODUCT_v3","post_event_date":"2026-08-31","method":"Photo-interpretation"},"geometry":{"type":"MultiLineString","coordinates":[[[85.00197891,27.80086749],[85.00171862,27.80074602]]]}},{"type":"Feature","properties":{"grade":"Destroyed","kind":"road","name":null,"aoi":"AOI05","locality":"Phosretar","product":"EMSR927_AOI05_GRA_PRODUCT_v3","post_event_date":"2026-08-31","method":"Photo-interpretation"},"geometry":{"type":"MultiLineString","coordinates":[[[85.00212456,27.80093546],[85.00197891,27.80086749]]]}},{"type":"Feature","properties":{"grade":"No visible damage","kind":"road","name":null,"aoi":"AOI05","locality":"Phosretar","product":"EMSR927_AOI05_GRA_PRODUCT_v3","post_event_date":"2026-08-31","method":"Photo-interpretation"},"geometry":{"type":"MultiLineString","coordinates":[[[84.9912124,27.8015374],[84.9912952,27.8015018],[84.9913519,27.8014543],[84.9914078,27.8013654],[84.9915071,27.8012136],[84.9915808,27.8011424],[84.9916881,27.8010866],[84.991837,27.8010795],[84.9920087,27.8010783],[84.9920985,27.8010629],[84.9921884,27.8010143],[84.992234,27.8009407],[84.9922782,27.8007948],[84.9923064,27.8006394],[84.9923077,27.8004174]]]}},{"type":"Feature","properties":{"grade":"No visible damage","kind":"road","name":null,"aoi":"AOI05","locality":"Phosretar","product":"EMSR927_AOI05_GRA_PRODUCT_v3","post_event_date":"2026-08-31","method":"Photo-interpretation"},"geometry":{"type":"MultiLineString","coordinates":[[[84.98813042,27.79933309],[84.9882515,27.7993497],[84.98831265,27.79935468]]]}},{"type":"Feature","properties":{"grade":"No visible damage","kind":"road","name":null,"aoi":"AOI05","locality":"Phosretar","product":"EMSR927_AOI05_GRA_PRODUCT_v3","post_event_date":"2026-08-31","method":"Photo-interpretation"},"geometry":{"type":"MultiLineString","coordinates":[[[84.9733079,27.8006092],[84.9732828,27.8005433],[84.9732654,27.8005065],[84.9732506,27.8004391],[84.9732707,27.8003263],[84.9732614,27.8002409],[84.9732587,27.8001698],[84.9732909,27.8000677],[84.9733096,27.7999656],[84.9732815,27.7998825],[84.9732265,27.7998279],[84.9731863,27.7997449],[84.9731863,27.7996773],[84.9732144,27.799567],[84.9732922,27.7994958],[84.9733619,27.7994163],[84.9733914,27.7993238],[84.9733901,27.7992241],[84.9733324,27.7991221],[84.9732506,27.7989999],[84.97322371,27.79897294]],[[84.9727606,27.79915538],[84.9726847,27.7992561],[84.9726069,27.7993321],[84.97259276,27.79933317]]]}},{"type":"Feature","properties":{"grade":"No visible damage","kind":"road","name":null,"aoi":"AOI05","locality":"Phosretar","product":"EMSR927_AOI05_GRA_PRODUCT_v3","post_event_date":"2026-08-31","method":"Photo-interpretation"},"geometry":{"type":"MultiLineString","coordinates":[[[84.9863538,27.7997549],[84.9860702,27.7998239],[84.9860342,27.7998503],[84.9859066,27.7999426],[84.9853366,27.8000683],[84.9851972,27.8000861],[84.9850295,27.8000837],[84.9848914,27.8001217],[84.9845481,27.8000956],[84.9844166,27.800009]]]}},{"type":"Feature","properties":{"grade":"No visible damage","kind":"road","name":null,"aoi":"AOI05","locality":"Phosretar","product":"EMSR927_AOI05_GRA_PRODUCT_v3","post_event_date":"2026-08-31","method":"Photo-interpretation"},"geometry":{"type":"MultiLineString","coordinates":[[[84.9731699,27.8005453],[84.9731753,27.8004868],[84.9732506,27.8004391]]]}},{"type":"Feature","properties":{"grade":"Possibly damaged","kind":"road","name":"Prithvi Rajmarg","aoi":"AOI05","locality":"Phosretar","product":"EMSR927_AOI05_GRA_PRODUCT_v3","post_event_date":"2026-08-31","method":"Photo-interpretation"},"geometry":{"type":"MultiLineString","coordinates":[[[84.98473998,27.80082366],[84.9850128,27.8008133],[84.9857823,27.8007851],[84.9864687,27.8007161],[84.9871925,27.8006086],[84.9882428,27.8004526],[84.9884614,27.8004045],[84.9888262,27.8003668],[84.989137,27.8003295],[84.9896444,27.8003238],[84.9898485,27.8003281],[84.9902397,27.8003428],[84.990634,27.8003784],[84.99063775,27.8003784]]]}},{"type":"Feature","properties":{"grade":"No visible damage","kind":"road","name":null,"aoi":"AOI05","locality":"Phosretar","product":"EMSR927_AOI05_GRA_PRODUCT_v3","post_event_date":"2026-08-31","method":"Photo-interpretation"},"geometry":{"type":"MultiLineString","coordinates":[[[84.97170648,27.80042159],[84.9717332,27.8004798],[84.9718124,27.8006198],[84.9719021,27.8006432],[84.9719126,27.8005545],[84.9718177,27.8004425],[84.971786,27.8003258],[84.9718546,27.8002745],[84.9719918,27.8003351],[84.9721026,27.8004378],[84.9721448,27.8005965],[84.9721606,27.8007458],[84.9721813,27.8009746]]]}},{"type":"Feature","properties":{"grade":"Destroyed","kind":"road","name":null,"aoi":"AOI05","locality":"Phosretar","product":"EMSR927_AOI05_GRA_PRODUCT_v3","post_event_date":"2026-08-31","method":"Photo-interpretation"},"geometry":{"type":"MultiLineString","coordinates":[[[84.9882428,27.8004526],[84.9882605,27.8006657],[84.988272,27.8008268],[84.9883452,27.8009408],[84.98836246,27.80096766]]]}},{"type":"Feature","properties":{"grade":"Not Analysed","kind":"road","name":"Prithvi Rajmarg","aoi":"AOI05","locality":"Phosretar","product":"EMSR927_AOI05_GRA_PRODUCT_v3","post_event_date":"2026-08-31","method":"Photo-interpretation"},"geometry":{"type":"MultiLineString","coordinates":[[[84.9801031,27.8009049],[84.9802244,27.8008861],[84.9809325,27.8007723],[84.981088,27.800758],[84.9812677,27.8007438],[84.9816534,27.8007956],[84.9828926,27.8008925],[84.983054,27.8008903],[84.9832818,27.8008873],[84.9835242,27.800874]]]}},{"type":"Feature","properties":{"grade":"Not Analysed","kind":"road","name":"Prithvi Rajmarg","aoi":"AOI05","locality":"Phosretar","product":"EMSR927_AOI05_GRA_PRODUCT_v3","post_event_date":"2026-08-31","method":"Photo-interpretation"},"geometry":{"type":"MultiLineString","coordinates":[[[84.98400375,27.80085161],[84.98473998,27.80082366]]]}},{"type":"Feature","properties":{"grade":"Destroyed","kind":"road","name":null,"aoi":"AOI05","locality":"Phosretar","product":"EMSR927_AOI05_GRA_PRODUCT_v3","post_event_date":"2026-08-31","method":"Photo-interpretation"},"geometry":{"type":"MultiLineString","coordinates":[[[84.987343,27.8011009],[84.9871925,27.8006086]]]}},{"type":"Feature","properties":{"grade":"Not Analysed","kind":"road","name":"Prithvi Rajmarg","aoi":"AOI05","locality":"Phosretar","product":"EMSR927_AOI05_GRA_PRODUCT_v3","post_event_date":"2026-08-31","method":"Photo-interpretation"},"geometry":{"type":"MultiLineString","coordinates":[[[84.9835242,27.800874],[84.9836485,27.8008651]]]}},{"type":"Feature","properties":{"grade":"Not Analysed","kind":"road","name":"Prithvi Rajmarg","aoi":"AOI05","locality":"Phosretar","product":"EMSR927_AOI05_GRA_PRODUCT_v3","post_event_date":"2026-08-31","method":"Photo-interpretation"},"geometry":{"type":"MultiLineString","coordinates":[[[84.98010163,27.80090513],[84.9801031,27.8009049]]]}},{"type":"Feature","properties":{"grade":"Damaged","kind":"road","name":"Prithvi Rajmarg","aoi":"AOI05","locality":"Phosretar","product":"EMSR927_AOI05_GRA_PRODUCT_v3","post_event_date":"2026-08-31","method":"Photo-interpretation"},"geometry":{"type":"MultiLineString","coordinates":[[[84.98007547,27.80090919],[84.98010163,27.80090513]]]}},{"type":"Feature","properties":{"grade":"Destroyed","kind":"road","name":null,"aoi":"AOI05","locality":"Phosretar","product":"EMSR927_AOI05_GRA_PRODUCT_v3","post_event_date":"2026-08-31","method":"Photo-interpretation"},"geometry":{"type":"MultiLineString","coordinates":[[[84.9857823,27.8007851],[84.9855691,27.8010596],[84.9853921,27.8010549],[84.9850128,27.8008133]]]}},{"type":"Feature","properties":{"grade":"Destroyed","kind":"road","name":null,"aoi":"AOI05","locality":"Phosretar","product":"EMSR927_AOI05_GRA_PRODUCT_v3","post_event_date":"2026-08-31","method":"Photo-interpretation"},"geometry":{"type":"MultiLineString","coordinates":[[[84.9880376,27.8010071],[84.9882656,27.8009988],[84.9883452,27.8009408]]]}},{"type":"Feature","properties":{"grade":"Destroyed","kind":"road","name":null,"aoi":"AOI05","locality":"Phosretar","product":"EMSR927_AOI05_GRA_PRODUCT_v3","post_event_date":"2026-08-31","method":"Photo-interpretation"},"geometry":{"type":"MultiLineString","coordinates":[[[84.97994015,27.80124344],[84.9799213,27.8011501],[84.9799065,27.8010481],[84.9799025,27.800936]]]}},{"type":"Feature","properties":{"grade":"Destroyed","kind":"road","name":null,"aoi":"AOI05","locality":"Phosretar","product":"EMSR927_AOI05_GRA_PRODUCT_v3","post_event_date":"2026-08-31","method":"Photo-interpretation"},"geometry":{"type":"MultiLineString","coordinates":[[[84.9799615,27.8013524],[84.9799468,27.8012764],[84.97994015,27.80124344]]]}},{"type":"Feature","properties":{"grade":"Damaged","kind":"bridge","name":null,"aoi":"AOI05","locality":"Phosretar","product":"EMSR927_AOI05_GRA_PRODUCT_v3","post_event_date":"2026-08-31","method":"Photo-interpretation"},"geometry":{"type":"MultiLineString","coordinates":[[[84.97500839,27.80072444],[84.97506641,27.80101413],[84.97509629,27.80124697],[84.9751875,27.80172831],[84.9752099,27.80196431],[84.97520441,27.80200222]]]}},{"type":"Feature","properties":{"grade":"No visible damage","kind":"road","name":null,"aoi":"AOI05","locality":"Phosretar","product":"EMSR927_AOI05_GRA_PRODUCT_v3","post_event_date":"2026-08-31","method":"Photo-interpretation"},"geometry":{"type":"MultiLineString","coordinates":[[[84.98772812,27.8016559],[84.9878257,27.8016881],[84.98789785,27.80174983]],[[84.98332725,27.80152485],[84.9833451,27.8015267],[84.9834725,27.8015635],[84.9835919,27.8015777],[84.9837488,27.8016169],[84.98395704,27.80164773]],[[84.98823653,27.80159963],[84.988322,27.8015481],[84.9884078,27.8015339],[84.98848242,27.80153493]]]}},{"type":"Feature","properties":{"grade":"No visible damage","kind":"road","name":null,"aoi":"AOI05","locality":"Phosretar","product":"EMSR927_AOI05_GRA_PRODUCT_v3","post_event_date":"2026-08-31","method":"Photo-interpretation"},"geometry":{"type":"MultiLineString","coordinates":[[[84.98395704,27.80164773],[84.9840291,27.8016584],[84.9843442,27.8016549],[84.9848968,27.8016857],[84.9851382,27.8016715],[84.9852468,27.8016727],[84.9854037,27.8017225],[84.9855593,27.8017545],[84.9858865,27.8017616],[84.9861816,27.8017925],[84.9863774,27.8017901],[84.9865973,27.8017877],[84.9868119,27.8018115],[84.9869916,27.8018518],[84.9871364,27.8018708],[84.9872705,27.8018826],[84.9873242,27.8018589],[84.9873885,27.8017735],[84.9874878,27.8016691],[84.9875683,27.8016359],[84.9876675,27.8016359],[84.98772812,27.8016559]],[[84.98848242,27.80153493],[84.9885741,27.8015362],[84.9887484,27.8015433],[84.9889603,27.8015433],[84.9891803,27.8014959],[84.9894592,27.8014603],[84.9896604,27.8014603],[84.9897918,27.8014745],[84.9899503,27.8015293]]]}},{"type":"Feature","properties":{"grade":"No visible damage","kind":"road","name":null,"aoi":"AOI05","locality":"Phosretar","product":"EMSR927_AOI05_GRA_PRODUCT_v3","post_event_date":"2026-08-31","method":"Photo-interpretation"},"geometry":{"type":"MultiLineString","coordinates":[[[84.9913519,27.8014543],[84.9913956,27.8014834],[84.9914414,27.8015463],[84.9914946,27.8015509],[84.9915484,27.8015285],[84.9916731,27.8013867],[84.9918072,27.8013583],[84.9919735,27.801344],[84.9922149,27.8013583],[84.9925359,27.8014249],[84.9930402,27.8014392],[84.993523,27.8014771],[84.9937966,27.8014629],[84.9941774,27.8014154],[84.9950205,27.8012823],[84.9951967,27.8012541],[84.9954442,27.8012728],[84.9957868,27.8013063],[84.9959217,27.8013108],[84.9960719,27.8012776],[84.9964206,27.8011495],[84.9967899,27.8010311],[84.9972091,27.8009217]]]}},{"type":"Feature","properties":{"grade":"Destroyed","kind":"road","name":null,"aoi":"AOI05","locality":"Phosretar","product":"EMSR927_AOI05_GRA_PRODUCT_v3","post_event_date":"2026-08-31","method":"Photo-interpretation"},"geometry":{"type":"MultiLineString","coordinates":[[[85.00342782,27.80159125],[85.0031271,27.80138222],[85.00268173,27.80116539],[85.00226565,27.80100131],[85.00212456,27.80093546]]]}},{"type":"Feature","properties":{"grade":"No visible damage","kind":"road","name":null,"aoi":"AOI05","locality":"Phosretar","product":"EMSR927_AOI05_GRA_PRODUCT_v3","post_event_date":"2026-08-31","method":"Photo-interpretation"},"geometry":{"type":"MultiLineString","coordinates":[[[84.9894521,27.80171558],[84.9894634,27.8016943],[84.9895823,27.8016513],[84.9896936,27.801599],[84.9897907,27.8015638],[84.9899503,27.8015293],[84.9901233,27.8015086],[84.9902628,27.801489],[84.9903848,27.8014878],[84.9904369,27.8014876],[84.9904891,27.8014781],[84.990508,27.8014508],[84.9905144,27.801427],[84.9905189,27.8013264]]]}},{"type":"Feature","properties":{"grade":"No visible damage","kind":"road","name":null,"aoi":"AOI05","locality":"Phosretar","product":"EMSR927_AOI05_GRA_PRODUCT_v3","post_event_date":"2026-08-31","method":"Photo-interpretation"},"geometry":{"type":"MultiLineString","coordinates":[[[85.00360764,27.80171625],[85.00342782,27.80159125]]]}},{"type":"Feature","properties":{"grade":"Possibly damaged","kind":"bridge","name":null,"aoi":"AOI05","locality":"Phosretar","product":"EMSR927_AOI05_GRA_PRODUCT_v3","post_event_date":"2026-08-31","method":"Photo-interpretation"},"geometry":{"type":"MultiLineString","coordinates":[[[85.00122505,27.80084385],[85.00122924,27.80106962],[85.00127491,27.80216215],[85.00128337,27.80239898],[85.00129563,27.80257214]]]}},{"type":"Feature","properties":{"grade":"Not Analysed","kind":"road","name":null,"aoi":"AOI05","locality":"Phosretar","product":"EMSR927_AOI05_GRA_PRODUCT_v3","post_event_date":"2026-08-31","method":"Photo-interpretation"},"geometry":{"type":"MultiLineString","coordinates":[[[84.98941284,27.80181847],[84.9894163,27.801783],[84.9894521,27.80171558]]]}},{"type":"Feature","properties":{"grade":"Not Analysed","kind":"road","name":null,"aoi":"AOI05","locality":"Phosretar","product":"EMSR927_AOI05_GRA_PRODUCT_v3","post_event_date":"2026-08-31","method":"Photo-interpretation"},"geometry":{"type":"MultiLineString","coordinates":[[[84.9894098,27.8018496],[84.98941284,27.80181847]]]}},{"type":"Feature","properties":{"grade":"Possibly damaged","kind":"bridge","name":null,"aoi":"AOI05","locality":"Phosretar","product":"EMSR927_AOI05_GRA_PRODUCT_v3","post_event_date":"2026-08-31","method":"Photo-interpretation"},"geometry":{"type":"MultiLineString","coordinates":[[[85.00261407,27.80293411],[85.00269931,27.80280625],[85.00342574,27.80183949]],[[85.00342946,27.80183454],[85.00343178,27.80183146]]]}},{"type":"Feature","properties":{"grade":"No visible damage","kind":"road","name":null,"aoi":"AOI05","locality":"Phosretar","product":"EMSR927_AOI05_GRA_PRODUCT_v3","post_event_date":"2026-08-31","method":"Photo-interpretation"},"geometry":{"type":"MultiLineString","coordinates":[[[85.00128025,27.8033456],[85.00143936,27.80302308],[85.00154171,27.8030377],[85.00164447,27.80305238],[85.00192576,27.80305824],[85.00210743,27.80297033],[85.00239458,27.80304066],[85.00254694,27.8030348],[85.00261407,27.80293411]],[[85.00343178,27.80183146],[85.00347871,27.80176899],[85.00360764,27.80171625],[85.00402957,27.80200926],[85.00439877,27.80226125],[85.0045547,27.8022421]],[[85.00342574,27.80183949],[85.00342946,27.80183454]]]}},{"type":"Feature","properties":{"grade":"No visible damage","kind":"road","name":null,"aoi":"AOI05","locality":"Phosretar","product":"EMSR927_AOI05_GRA_PRODUCT_v3","post_event_date":"2026-08-31","method":"Photo-interpretation"},"geometry":{"type":"MultiLineString","coordinates":[[[85.00129563,27.80257214],[85.00130592,27.80271756],[85.00133129,27.80285852],[85.00146662,27.80297693],[85.00154171,27.8030377]]]}},{"type":"Feature","properties":{"grade":"Not Analysed","kind":"road","name":null,"aoi":"AOI05","locality":"Phosretar","product":"EMSR927_AOI05_GRA_PRODUCT_v3","post_event_date":"2026-08-31","method":"Photo-interpretation"},"geometry":{"type":"MultiLineString","coordinates":[[[84.9829368,27.8015202],[84.9830581,27.8015178],[84.9832311,27.8015149],[84.98332725,27.80152485]],[[84.98789785,27.80174983],[84.9879116,27.8017616],[84.9879652,27.8018482],[84.9879907,27.8018696],[84.9880256,27.8018779],[84.9880511,27.8018684],[84.9880671,27.8018292],[84.9881195,27.8017213],[84.9882039,27.8016193],[84.98823653,27.80159963]]]}},{"type":"Feature","properties":{"grade":"Not Analysed","kind":"road","name":null,"aoi":"AOI05","locality":"Phosretar","product":"EMSR927_AOI05_GRA_PRODUCT_v3","post_event_date":"2026-08-31","method":"Photo-interpretation"},"geometry":{"type":"MultiLineString","coordinates":[[[84.98944607,27.80185184],[84.9894098,27.8018496],[84.9892956,27.8019265],[84.98920137,27.80198544]],[[84.98954968,27.80250219],[84.9897558,27.8026454],[84.9897945,27.8027273],[84.9898001,27.8027913],[84.98979839,27.80279582]],[[84.98351055,27.80186129],[84.98334149,27.80182579]],[[84.98317553,27.80182389],[84.9830892,27.8018241],[84.9828583,27.8018281],[84.98268931,27.80186343]],[[84.98212298,27.80164874],[84.9823111,27.8016074],[84.9824372,27.80156],[84.9826249,27.8015528],[84.9827912,27.801541],[84.9828865,27.8015303],[84.9829368,27.8015202],[84.9829528,27.8014977],[84.9829683,27.801471],[84.9829864,27.8014235],[84.9830078,27.8013589],[84.9830273,27.8012729],[84.9830461,27.8011827],[84.9830514,27.8009976],[84.983054,27.8008903]]]}},{"type":"Feature","properties":{"grade":"No visible damage","kind":"road","name":null,"aoi":"AOI05","locality":"Phosretar","product":"EMSR927_AOI05_GRA_PRODUCT_v3","post_event_date":"2026-08-31","method":"Photo-interpretation"},"geometry":{"type":"MultiLineString","coordinates":[[[84.98973304,27.80291426],[84.9897151,27.8029337],[84.989666,27.8029669],[84.9895479,27.8029574],[84.9893932,27.8029337],[84.9892046,27.8029099],[84.9890284,27.8029194],[84.9888514,27.8029337],[84.9887755,27.8029621],[84.9887012,27.8029621],[84.9884147,27.8028749],[84.9884053,27.802872],[84.9883203,27.8028815],[84.9880574,27.8029906],[84.9879072,27.8030333],[84.9877348,27.8030238],[84.9875309,27.8029764],[84.9873708,27.8029052],[84.9872091,27.8027866],[84.9869408,27.8025638],[84.9867056,27.8023927],[84.9865983,27.8022883],[84.9865117,27.8022174],[84.9864151,27.8021842],[84.9862542,27.8021557],[84.9857499,27.8021367],[84.9851599,27.8020703],[84.9849032,27.8020368],[84.9846288,27.8020133],[84.9843659,27.8019564],[84.9840709,27.8019232],[84.98386345,27.80190312]],[[84.98919305,27.80199064],[84.9891872,27.8019943],[84.9891617,27.8020608],[84.9891786,27.8021175],[84.9892207,27.8021747],[84.9894675,27.8024451],[84.98950884,27.80247382]],[[84.98268931,27.80186343],[84.9826306,27.8018757],[84.9825096,27.8019206],[84.9823846,27.8019254],[84.9822705,27.8019288],[84.9821512,27.8019312],[84.9820627,27.8019215],[84.9819477,27.8018681],[84.9819151,27.8018412],[84.9818954,27.8018186],[84.9818873,27.8017854],[84.9818873,27.8017604],[84.9818902,27.8017484],[84.9818967,27.8017213],[84.9819182,27.8016988],[84.9819638,27.801681],[84.9820845,27.8016572],[84.98212298,27.80164874]],[[84.99026596,27.80174563],[84.989939,27.8017809],[84.9897612,27.8018521],[84.98960225,27.80185406]],[[84.98836246,27.80096766],[84.9884061,27.8010356],[84.9884697,27.8011687],[84.9885073,27.8012351],[84.9885716,27.8012826],[84.9886575,27.8012968],[84.9888479,27.8012921],[84.9893964,27.8012897],[84.9898886,27.8013051],[84.9901407,27.8013075],[84.9905189,27.8013264],[84.9906662,27.8013476],[84.9908917,27.8013988],[84.9911825,27.8014995],[84.9912124,27.8015374],[84.9911962,27.8015932],[84.9911528,27.801654],[84.9910866,27.8016808],[84.99099269,27.80168578]]]}},{"type":"Feature","properties":{"grade":"No visible damage","kind":"road","name":null,"aoi":"AOI05","locality":"Phosretar","product":"EMSR927_AOI05_GRA_PRODUCT_v3","post_event_date":"2026-08-31","method":"Photo-interpretation"},"geometry":{"type":"MultiLineString","coordinates":[[[84.98979839,27.80279582],[84.9897677,27.8028767],[84.98973304,27.80291426]],[[84.98950884,27.80247382],[84.98954968,27.80250219]],[[84.98920137,27.80198544],[84.98919305,27.80199064]],[[84.98386345,27.80190312],[84.9835782,27.8018755],[84.98351055,27.80186129]],[[84.98960225,27.80185406],[84.9895021,27.8018553],[84.98944607,27.80185184]],[[84.98334149,27.80182579],[84.9833306,27.8018235],[84.98317553,27.80182389]],[[84.99099269,27.80168578],[84.9907638,27.8016979],[84.9902783,27.8017443],[84.99026596,27.80174563]]]}},{"type":"Feature","properties":{"grade":"No visible damage","kind":"road","name":null,"aoi":"AOI05","locality":"Phosretar","product":"EMSR927_AOI05_GRA_PRODUCT_v3","post_event_date":"2026-08-31","method":"Photo-interpretation"},"geometry":{"type":"MultiLineString","coordinates":[[[84.97520441,27.80200222],[84.97521601,27.80203497],[84.97523361,27.80213948],[84.97512757,27.8021944],[84.97501139,27.80226871],[84.97488377,27.80230159],[84.97484166,27.80233355],[84.97488497,27.80236894],[84.97508491,27.80238707],[84.97528391,27.80232483],[84.9753982,27.80235257],[84.97547097,27.8023797],[84.97560763,27.80238605],[84.97570803,27.80237232],[84.97583103,27.80245665],[84.97594964,27.80251486],[84.97603977,27.80265953],[84.97601186,27.8027156],[84.97603863,27.80285282],[84.97611668,27.8029908],[84.97600862,27.80315428],[84.97601906,27.80325],[84.97616515,27.80328455]]]}},{"type":"Feature","properties":{"grade":"No visible damage","kind":"road","name":null,"aoi":"AOI05","locality":"Phosretar","product":"EMSR927_AOI05_GRA_PRODUCT_v3","post_event_date":"2026-08-31","method":"Photo-interpretation"},"geometry":{"type":"MultiLineString","coordinates":[[[84.976371,27.8032641],[84.9764918,27.8031616]]]}},{"type":"Feature","properties":{"grade":"Destroyed","kind":"road","name":null,"aoi":"AOI05","locality":"Phosretar","product":"EMSR927_AOI05_GRA_PRODUCT_v3","post_event_date":"2026-08-31","method":"Photo-interpretation"},"geometry":{"type":"MultiLineString","coordinates":[[[84.98826248,27.80461637],[84.98820787,27.80464233]],[[84.98924022,27.8040353],[84.98895926,27.80422485]],[[84.98966222,27.80379298],[84.98965313,27.8037978]],[[84.98997954,27.80331774],[84.9899878,27.8033417],[84.9899892,27.8033952],[84.9899811,27.803458],[84.9899449,27.8035019],[84.9898813,27.8035553],[84.9898215,27.8036288],[84.9897731,27.8036787],[84.9897194,27.803757],[84.98970646,27.80376557]],[[84.98358411,27.80299839],[84.98355513,27.80297233]],[[84.98289642,27.80239447],[84.9828708,27.8023799],[84.9827129,27.8023092],[84.9824742,27.8021865],[84.9823698,27.8021387],[84.9822159,27.8020878],[84.9821708,27.8020701],[84.982116,27.8020401],[84.9820499,27.8019955],[84.9819897,27.8019465],[84.9819473,27.8019142],[84.9819223,27.8018783],[84.9819151,27.8018412]]]}},{"type":"Feature","properties":{"grade":"No visible damage","kind":"road","name":null,"aoi":"AOI05","locality":"Phosretar","product":"EMSR927_AOI05_GRA_PRODUCT_v3","post_event_date":"2026-08-31","method":"Photo-interpretation"},"geometry":{"type":"MultiLineString","coordinates":[[[84.9759039,27.803338],[84.9759593,27.803305],[84.97616515,27.80328455],[84.976371,27.8032641]]]}},{"type":"Feature","properties":{"grade":"Destroyed","kind":"road","name":null,"aoi":"AOI05","locality":"Phosretar","product":"EMSR927_AOI05_GRA_PRODUCT_v3","post_event_date":"2026-08-31","method":"Photo-interpretation"},"geometry":{"type":"MultiLineString","coordinates":[[[84.98572945,27.80422922],[84.9856097,27.8042145],[84.9854901,27.8041656],[84.9853853,27.8041325],[84.98533501,27.80411056]],[[84.98454321,27.80377269],[84.98452344,27.80376086]],[[84.9843022,27.8036191],[84.984294,27.8036135],[84.98422832,27.80355479]],[[84.98306132,27.80257633],[84.9830221,27.8025377],[84.98301503,27.80252859]]]}},{"type":"Feature","properties":{"grade":"Damaged","kind":"road","name":"Prithvi Rajmarg","aoi":"AOI05","locality":"Phosretar","product":"EMSR927_AOI05_GRA_PRODUCT_v3","post_event_date":"2026-08-31","method":"Photo-interpretation"},"geometry":{"type":"MultiLineString","coordinates":[[[84.9683167,27.806569],[84.9683408,27.8065079],[84.9683838,27.8064616],[84.9684696,27.8064035],[84.9686383,27.8063713],[84.968692,27.80636493],[84.96870115,27.80636384],[84.96870726,27.80636312],[84.96876218,27.8063566],[84.96877744,27.80635478],[84.9687927,27.80635297],[84.9688169,27.8063501],[84.9689595,27.8063184],[84.9691518,27.8061962],[84.96915379,27.8061939],[84.96917673,27.8061674],[84.9691885,27.8061538],[84.96918918,27.80615302],[84.96919081,27.80615113],[84.96937129,27.80594261],[84.96937823,27.80593459],[84.9699519,27.8052718],[84.97001954,27.8052152],[84.97002207,27.80521309],[84.97002263,27.80521261],[84.97024531,27.80502628],[84.97024781,27.80502419],[84.9702484,27.80502369],[84.97025099,27.80502153],[84.97027006,27.80500557],[84.97027933,27.80499781],[84.9703673,27.8049242],[84.9708253,27.8046025],[84.9709493,27.8045067],[84.9710785,27.8043725],[84.9711478,27.8042837],[84.9712101,27.8041704],[84.9712668,27.8040576],[84.971283,27.8039574],[84.9712818,27.8038415],[84.971219,27.8037444],[84.9711128,27.8036572],[84.9706941,27.8034298],[84.9705881,27.8033466],[84.9705187,27.8032455],[84.9704958,27.8031342],[84.9705031,27.8030256],[84.9705506,27.8029416],[84.9706341,27.8028352],[84.9708244,27.8025952],[84.9709655,27.8023491],[84.9710646,27.8020463],[84.971216,27.8017548],[84.9714367,27.8015003],[84.9720647,27.8010905],[84.9721813,27.8009746],[84.9724445,27.8006914],[84.9725723,27.8005755],[84.972751,27.8004974],[84.9728857,27.8004689],[84.9730724,27.8005116],[84.9731699,27.8005453],[84.9733079,27.8006092],[84.9736196,27.8007538],[84.9737969,27.8007903],[84.9740007,27.800792],[84.9742241,27.8007564],[84.9748921,27.8004875],[84.9752462,27.8003689],[84.9755544,27.8002755],[84.9758631,27.8002384],[84.9761525,27.8001996],[84.9764559,27.8002242],[84.9772364,27.8003808],[84.97782715,27.80055034],[84.9778479,27.8005563],[84.97791499,27.80057471],[84.97796043,27.80058719],[84.9789478,27.8008582],[84.9792045,27.8009251],[84.9795271,27.8009498],[84.9798007,27.800936],[84.9799025,27.800936],[84.98004601,27.80091375],[84.98007547,27.80090919]]]}},{"type":"Feature","properties":{"grade":"Destroyed","kind":"road","name":null,"aoi":"AOI05","locality":"Phosretar","product":"EMSR927_AOI05_GRA_PRODUCT_v3","post_event_date":"2026-08-31","method":"Photo-interpretation"},"geometry":{"type":"MultiLineString","coordinates":[[[84.98835938,27.80456685],[84.9883085,27.8045945],[84.98826248,27.80461637]],[[84.98895926,27.80422485],[84.98890274,27.80426298]],[[84.98986085,27.80285844],[84.9898484,27.8028862],[84.9899028,27.803095],[84.98997954,27.80331774]],[[84.98301503,27.80252859],[84.9829284,27.802417],[84.9828998,27.8023964],[84.98289642,27.80239447]]]}},{"type":"Feature","properties":{"grade":"No visible damage","kind":"road","name":null,"aoi":"AOI05","locality":"Phosretar","product":"EMSR927_AOI05_GRA_PRODUCT_v3","post_event_date":"2026-08-31","method":"Photo-interpretation"},"geometry":{"type":"MultiLineString","coordinates":[[[84.9768285,27.8037415],[84.9769205,27.803729],[84.9769842,27.8036914],[84.9769764,27.8036743],[84.9769099,27.8035943],[84.9768851,27.8035599]]]}},{"type":"Feature","properties":{"grade":"Destroyed","kind":"road","name":null,"aoi":"AOI05","locality":"Phosretar","product":"EMSR927_AOI05_GRA_PRODUCT_v3","post_event_date":"2026-08-31","method":"Photo-interpretation"},"geometry":{"type":"MultiLineString","coordinates":[[[84.98820787,27.80464233],[84.9881288,27.8046799],[84.9879277,27.8047155],[84.9876943,27.8047202],[84.9875441,27.8047558],[84.9874288,27.8049053],[84.9873337,27.8049675],[84.9871605,27.8049849],[84.9870249,27.8049785],[84.986925,27.804962],[84.9868598,27.8049454],[84.9867599,27.8049099],[84.9866751,27.8048633],[84.9863905,27.8046786],[84.9859823,27.8042976],[84.9857862,27.8042362],[84.98572945,27.80422922]],[[84.98965313,27.8037978],[84.989368,27.8039491],[84.98924022,27.8040353]],[[84.98970646,27.80376557],[84.9896765,27.8037854],[84.98966222,27.80379298]],[[84.98422832,27.80355479],[84.9840424,27.8033886],[84.9839728,27.8033223],[84.9838925,27.8032347],[84.9838425,27.8031672],[84.9838055,27.8031328],[84.9837774,27.8031123],[84.9836333,27.8030373],[84.9835998,27.8030125],[84.98358411,27.80299839]],[[84.98355513,27.80297233],[84.9834896,27.8029134],[84.9832724,27.8027528],[84.9831564,27.8026597],[84.9830694,27.8025843],[84.98306132,27.80257633]]]}},{"type":"Feature","properties":{"grade":"Not Analysed","kind":"road","name":null,"aoi":"AOI05","locality":"Phosretar","product":"EMSR927_AOI05_GRA_PRODUCT_v3","post_event_date":"2026-08-31","method":"Photo-interpretation"},"geometry":{"type":"MultiLineString","coordinates":[[[84.98533501,27.80411056],[84.9852684,27.8040815],[84.9851038,27.8040002],[84.9850431,27.8039766],[84.9849833,27.8039604],[84.984845,27.8039355],[84.9847977,27.8039229],[84.9847549,27.803904],[84.9845858,27.8037982],[84.98454321,27.80377269]],[[84.98452344,27.80376086],[84.9844118,27.803694],[84.9843022,27.8036191]]]}},{"type":"Feature","properties":{"grade":"No visible damage","kind":"road","name":null,"aoi":"AOI05","locality":"Phosretar","product":"EMSR927_AOI05_GRA_PRODUCT_v3","post_event_date":"2026-08-31","method":"Photo-interpretation"},"geometry":{"type":"MultiLineString","coordinates":[[[84.9754869,27.8048547],[84.9755081,27.8046678],[84.9755698,27.8043407],[84.9755966,27.8041985],[84.9757845,27.8037056],[84.9758247,27.8035942],[84.975853,27.8035159],[84.9759039,27.803338]]]}},{"type":"Feature","properties":{"grade":"No visible damage","kind":"road","name":null,"aoi":"AOI05","locality":"Phosretar","product":"EMSR927_AOI05_GRA_PRODUCT_v3","post_event_date":"2026-08-31","method":"Photo-interpretation"},"geometry":{"type":"MultiLineString","coordinates":[[[84.9755813,27.8047149],[84.9756445,27.8046763],[84.9760777,27.8046289],[84.9761125,27.804617],[84.9761206,27.8045992],[84.9761085,27.8045292],[84.9760723,27.8044296],[84.9760669,27.804343],[84.9760938,27.8042801],[84.9761407,27.8042077],[84.9761823,27.8041781],[84.9762534,27.804165],[84.9763928,27.8041971],[84.976586,27.8042694],[84.9767187,27.8042837],[84.9768005,27.8042576],[84.9768391,27.8041954],[84.9768922,27.8040796],[84.9768922,27.8040303],[84.9768462,27.8039825],[84.9768568,27.8038751],[84.9768532,27.8038041],[84.9768285,27.8037415],[84.976792,27.8036506],[84.9766119,27.8035614],[84.9764628,27.8035587],[84.976425,27.8035724],[84.9764108,27.8036538],[84.9763932,27.8037196],[84.976379,27.8037509]]]}},{"type":"Feature","properties":{"grade":"No visible damage","kind":"road","name":null,"aoi":"AOI05","locality":"Phosretar","product":"EMSR927_AOI05_GRA_PRODUCT_v3","post_event_date":"2026-08-31","method":"Photo-interpretation"},"geometry":{"type":"MultiLineString","coordinates":[[[84.96708686,27.80513735],[84.9671164,27.8052113],[84.9672076,27.8052896],[84.9674356,27.8054177],[84.9677387,27.8054699],[84.9679908,27.8054438],[84.968141,27.8054059],[84.9683422,27.8052967],[84.9685675,27.8052184],[84.9689081,27.8050903],[84.9692649,27.804827],[84.9695747,27.8044272],[84.9699837,27.8038673],[84.9701272,27.8036549],[84.9701487,27.8035494],[84.9701379,27.8034533],[84.9700789,27.8033513],[84.9700548,27.8032872],[84.9701004,27.8032101],[84.9702117,27.803133],[84.9703525,27.803082],[84.9704424,27.8029776],[84.9705403,27.802872],[84.9706341,27.8028352]]]}},{"type":"Feature","properties":{"grade":"No visible damage","kind":"road","name":null,"aoi":"AOI05","locality":"Phosretar","product":"EMSR927_AOI05_GRA_PRODUCT_v3","post_event_date":"2026-08-31","method":"Photo-interpretation"},"geometry":{"type":"MultiLineString","coordinates":[[[84.98540541,27.80573309],[84.9858412,27.8058758],[84.9860304,27.8062621],[84.9864816,27.8061204],[84.9871948,27.8062878],[84.9878497,27.8063264],[84.9882573,27.8064938],[84.988765,27.8062742],[84.9892116,27.8061209],[84.9893836,27.8062088],[84.9896092,27.8063241],[84.9899249,27.8064975],[84.9901512,27.8065393],[84.9902961,27.8063765],[84.9901659,27.806246],[84.9899894,27.8059182],[84.9899538,27.8056989],[84.9900687,27.8055191],[84.9902984,27.8054175],[84.9906489,27.8051454],[84.9906622,27.8050891],[84.9906957,27.8050441],[84.990748,27.8049954],[84.9908178,27.8049871],[84.9909049,27.8049658],[84.9909747,27.8049337],[84.9910645,27.8048661],[84.9911208,27.8048056],[84.9911463,27.804725]],[[84.9764918,27.8031616],[84.9765552,27.8029791],[84.9779379,27.8028504],[84.9786899,27.8027759],[84.9793501,27.8031125],[84.9800629,27.8031594],[84.9808489,27.8034941],[84.9811545,27.8035327],[84.9815329,27.8034812],[84.9820552,27.8035705],[84.9825954,27.8037773],[84.983003,27.8041764],[84.98312403,27.80425967]]]}},{"type":"Feature","properties":{"grade":"Not Analysed","kind":"road","name":null,"aoi":"AOI05","locality":"Phosretar","product":"EMSR927_AOI05_GRA_PRODUCT_v3","post_event_date":"2026-08-31","method":"Photo-interpretation"},"geometry":{"type":"MultiLineString","coordinates":[[[84.98328668,27.80437158],[84.983396,27.8044468],[84.9834377,27.8045518],[84.9834725,27.8047629],[84.9834752,27.8049385],[84.9834993,27.8050168],[84.98350304,27.8050245]],[[84.98365744,27.80505546],[84.9836932,27.8050095],[84.9837889,27.8048588],[84.983848,27.8048365],[84.9839902,27.8048649],[84.98414832,27.8049652]]]}},{"type":"Feature","properties":{"grade":"No visible damage","kind":"road","name":null,"aoi":"AOI05","locality":"Phosretar","product":"EMSR927_AOI05_GRA_PRODUCT_v3","post_event_date":"2026-08-31","method":"Photo-interpretation"},"geometry":{"type":"MultiLineString","coordinates":[[[84.976545,27.8045758],[84.976408,27.8046464],[84.9762643,27.8047031],[84.9761162,27.8047051],[84.9756983,27.8047168],[84.9755813,27.8047149],[84.9754869,27.8048547]]]}},{"type":"Feature","properties":{"grade":"Not Analysed","kind":"road","name":null,"aoi":"AOI05","locality":"Phosretar","product":"EMSR927_AOI05_GRA_PRODUCT_v3","post_event_date":"2026-08-31","method":"Photo-interpretation"},"geometry":{"type":"MultiLineString","coordinates":[[[84.98890274,27.80426298],[84.9888369,27.8043074],[84.98835938,27.80456685]],[[84.9897558,27.8026454],[84.9898535,27.8026941],[84.9898884,27.8027439],[84.9898867,27.8028008],[84.98986085,27.80285844]]]}},{"type":"Feature","properties":{"grade":"Destroyed","kind":"bridge","name":null,"aoi":"AOI05","locality":"Phosretar","product":"EMSR927_AOI05_GRA_PRODUCT_v3","post_event_date":"2026-08-31","method":"Photo-interpretation"},"geometry":{"type":"MultiLineString","coordinates":[[[84.99094242,27.80372624],[84.99125784,27.80380007]],[[84.9901699,27.8035454],[84.99048962,27.80362024]]]}},{"type":"Feature","properties":{"grade":"Destroyed","kind":"bridge","name":null,"aoi":"AOI05","locality":"Phosretar","product":"EMSR927_AOI05_GRA_PRODUCT_v3","post_event_date":"2026-08-31","method":"Photo-interpretation"},"geometry":{"type":"MultiLineString","coordinates":[[[84.99048962,27.80362024],[84.99094242,27.80372624]]]}},{"type":"Feature","properties":{"grade":"Destroyed","kind":"road","name":null,"aoi":"AOI05","locality":"Phosretar","product":"EMSR927_AOI05_GRA_PRODUCT_v3","post_event_date":"2026-08-31","method":"Photo-interpretation"},"geometry":{"type":"MultiLineString","coordinates":[[[84.9897194,27.803757],[84.9897486,27.80377443]]]}},{"type":"Feature","properties":{"grade":"Destroyed","kind":"road","name":null,"aoi":"AOI05","locality":"Phosretar","product":"EMSR927_AOI05_GRA_PRODUCT_v3","post_event_date":"2026-08-31","method":"Photo-interpretation"},"geometry":{"type":"MultiLineString","coordinates":[[[84.9897486,27.80377443],[84.989769,27.8037866]]]}},{"type":"Feature","properties":{"grade":"Destroyed","kind":"bridge","name":null,"aoi":"AOI05","locality":"Phosretar","product":"EMSR927_AOI05_GRA_PRODUCT_v3","post_event_date":"2026-08-31","method":"Photo-interpretation"},"geometry":{"type":"MultiLineString","coordinates":[[[84.99104576,27.8046565],[84.99052272,27.80430013]],[[84.9903383,27.80417448],[84.989769,27.8037866]]]}},{"type":"Feature","properties":{"grade":"Destroyed","kind":"bridge","name":null,"aoi":"AOI05","locality":"Phosretar","product":"EMSR927_AOI05_GRA_PRODUCT_v3","post_event_date":"2026-08-31","method":"Photo-interpretation"},"geometry":{"type":"MultiLineString","coordinates":[[[84.99052272,27.80430013],[84.9903383,27.80417448]]]}},{"type":"Feature","properties":{"grade":"No visible damage","kind":"road","name":null,"aoi":"AOI05","locality":"Phosretar","product":"EMSR927_AOI05_GRA_PRODUCT_v3","post_event_date":"2026-08-31","method":"Photo-interpretation"},"geometry":{"type":"MultiLineString","coordinates":[[[84.9911463,27.804725],[84.99104576,27.8046565]]]}},{"type":"Feature","properties":{"grade":"No visible damage","kind":"road","name":null,"aoi":"AOI05","locality":"Phosretar","product":"EMSR927_AOI05_GRA_PRODUCT_v3","post_event_date":"2026-08-31","method":"Photo-interpretation"},"geometry":{"type":"MultiLineString","coordinates":[[[85.004831,27.806203],[85.0048444,27.8061129],[85.0048014,27.8060607],[85.0047451,27.8060322],[85.0045735,27.8059682],[85.0045091,27.8059231],[85.0042623,27.8057523],[85.0042301,27.8056858],[85.0042301,27.805636],[85.0042435,27.8055601],[85.0042275,27.8055031],[85.0041684,27.8054201],[85.004155,27.8053655],[85.0041497,27.8053015],[85.0041721,27.8052244],[85.0042006,27.8051259],[85.0042043,27.8050678],[85.0041801,27.8049753],[85.0041282,27.8048839],[85.0040397,27.8047771],[85.0039834,27.804725],[85.0039173,27.8046929],[85.0038395,27.8046384],[85.0038037,27.8046182],[85.0037634,27.8046111],[85.0037188,27.8046241],[85.0036347,27.8046775],[85.0035864,27.8046965],[85.0035381,27.8046799],[85.003514,27.8046395],[85.0035059,27.8046016],[85.0034801,27.8045696],[85.0034335,27.8045494],[85.0033638,27.8045375],[85.0032887,27.8045352],[85.0031733,27.8045589],[85.0031304,27.8045636],[85.0031117,27.804528],[85.0031143,27.804407],[85.0030929,27.8043382],[85.0030044,27.8042338],[85.0028631,27.8041567],[85.0027585,27.8041378],[85.0025601,27.8041069],[85.0023187,27.8040974],[85.0022382,27.8040571],[85.0022167,27.804012],[85.0022248,27.8037914],[85.002206,27.8037534],[85.0021738,27.8037392],[85.0018761,27.8037178],[85.0017769,27.8037368],[85.0016883,27.803751],[85.0016079,27.8037368],[85.0012948,27.8036798]]]}},{"type":"Feature","properties":{"grade":"No visible damage","kind":"road","name":null,"aoi":"AOI05","locality":"Phosretar","product":"EMSR927_AOI05_GRA_PRODUCT_v3","post_event_date":"2026-08-31","method":"Photo-interpretation"},"geometry":{"type":"MultiLineString","coordinates":[[[84.9906489,27.8051454],[84.9908003,27.8051544],[84.9909757,27.8051552],[84.9911168,27.8051164],[84.9912174,27.8050345],[84.9912971,27.8048764],[84.9914001,27.8047094],[84.991438,27.8045591],[84.9914166,27.8044429],[84.9914575,27.8043525],[84.9915941,27.8042244],[84.9917176,27.8040749],[84.9917847,27.8040345],[84.9919027,27.8040084],[84.9920413,27.8040219],[84.9920529,27.8040405],[84.9920524,27.8040658],[84.9920301,27.8040891],[84.9919577,27.8041033],[84.9918719,27.8041401],[84.9917686,27.8042955],[84.9916935,27.8044474],[84.9916452,27.8047273],[84.9915862,27.8049551],[84.9915943,27.8051496],[84.9915487,27.8053584],[84.9914521,27.8054818],[84.9913314,27.8055435],[84.9912778,27.8055838],[84.9912751,27.8056313],[84.9912952,27.8056751],[84.9913643,27.8057665],[84.9914414,27.8058697],[84.9914843,27.8060049],[84.9915312,27.8061247],[84.9915889,27.8061734],[84.9916479,27.8061876],[84.9917404,27.8061663],[84.9918182,27.8061461],[84.991959,27.8061319],[84.9922326,27.8061674],[84.9924231,27.806241],[84.9925706,27.8063478],[84.9927422,27.8064118],[84.9929059,27.8064355],[84.9930426,27.8064355],[84.9932089,27.8064474],[84.993335,27.8065162],[84.9933967,27.806636]]]}},{"type":"Feature","properties":{"grade":"Possibly damaged","kind":"road","name":null,"aoi":"AOI05","locality":"Phosretar","product":"EMSR927_AOI05_GRA_PRODUCT_v3","post_event_date":"2026-08-31","method":"Photo-interpretation"},"geometry":{"type":"MultiLineString","coordinates":[[[84.9699519,27.8052718],[84.96999147,27.80525101]],[[84.97002529,27.80523323],[84.97002742,27.80523212]],[[84.97002837,27.80523162],[84.9703167,27.8050801],[84.9705397,27.8049897],[84.9707065,27.8049731],[84.97088611,27.80493338]],[[84.97094083,27.80492128],[84.97099,27.8049104],[84.9711297,27.804833],[84.9712464,27.8047353],[84.9713673,27.8046209],[84.9714319,27.804514]]]}},{"type":"Feature","properties":{"grade":"No visible damage","kind":"road","name":null,"aoi":"AOI05","locality":"Phosretar","product":"EMSR927_AOI05_GRA_PRODUCT_v3","post_event_date":"2026-08-31","method":"Photo-interpretation"},"geometry":{"type":"MultiLineString","coordinates":[[[84.98414832,27.8049652],[84.9845894,27.805245],[84.9850552,27.8056184],[84.98540541,27.80573309]],[[84.98350304,27.8050245],[84.9835235,27.8050666],[84.9835798,27.8050832],[84.9836469,27.805069],[84.98365744,27.80505546]],[[84.98312403,27.80425967],[84.98328668,27.80437158]]]}},{"type":"Feature","properties":{"grade":"Possibly damaged","kind":"road","name":null,"aoi":"AOI05","locality":"Phosretar","product":"EMSR927_AOI05_GRA_PRODUCT_v3","post_event_date":"2026-08-31","method":"Photo-interpretation"},"geometry":{"type":"MultiLineString","coordinates":[[[84.96999147,27.80525101],[84.97002529,27.80523323]],[[84.97002742,27.80523212],[84.97002837,27.80523162]],[[84.97088611,27.80493338],[84.97094083,27.80492128]]]}},{"type":"Feature","properties":{"grade":"Damaged","kind":"road","name":"Prithvi Rajmarg","aoi":"AOI05","locality":"Phosretar","product":"EMSR927_AOI05_GRA_PRODUCT_v3","post_event_date":"2026-08-31","method":"Photo-interpretation"},"geometry":{"type":"MultiLineString","coordinates":[[[84.96839784,27.80683494],[84.96838422,27.80679029]],[[84.96837111,27.80674734],[84.9683167,27.806569]]]}},{"type":"Feature","properties":{"grade":"Damaged","kind":"road","name":"Prithvi Rajmarg","aoi":"AOI05","locality":"Phosretar","product":"EMSR927_AOI05_GRA_PRODUCT_v3","post_event_date":"2026-08-31","method":"Photo-interpretation"},"geometry":{"type":"MultiLineString","coordinates":[[[84.9684374,27.8069646],[84.96839784,27.80683494]],[[84.96838422,27.80679029],[84.96837111,27.80674734]]]}},{"type":"Feature","properties":{"grade":"No visible damage","kind":"road","name":null,"aoi":"AOI05","locality":"Phosretar","product":"EMSR927_AOI05_GRA_PRODUCT_v3","post_event_date":"2026-08-31","method":"Photo-interpretation"},"geometry":{"type":"MultiLineString","coordinates":[[[84.9754869,27.8048547],[84.9754772,27.8048654],[84.9754794,27.804887],[84.9755369,27.8050199],[84.9755856,27.8050982],[84.9755789,27.8052018],[84.9755662,27.8053598],[84.9755612,27.8054228],[84.9755391,27.8055206],[84.9753158,27.805548],[84.9751412,27.8055225],[84.9749157,27.8055206],[84.9743762,27.8055871],[84.9742988,27.8057103],[84.9742436,27.8058139],[84.9740512,27.806205],[84.9737969,27.8062911],[84.9736488,27.8063654],[84.9735427,27.8064534],[84.9734941,27.8065883],[84.9734255,27.8066666],[84.9730788,27.8071589],[84.9728898,27.8074272],[84.9727961,27.8075759],[84.9725891,27.8079044],[84.9725604,27.8081312],[84.9725737,27.8082427],[84.9726842,27.8086103],[84.9726842,27.8087531],[84.9726776,27.8089095],[84.9727129,27.8091286],[84.9727347,27.8091725]]]}},{"type":"Feature","properties":{"grade":"Damaged","kind":"road","name":"Prithvi Rajmarg","aoi":"AOI05","locality":"Phosretar","product":"EMSR927_AOI05_GRA_PRODUCT_v3","post_event_date":"2026-08-31","method":"Photo-interpretation"},"geometry":{"type":"MultiLineString","coordinates":[[[84.96851049,27.80719742],[84.9685016,27.8071372],[84.9684374,27.8069646]]]}},{"type":"Feature","properties":{"grade":"Destroyed","kind":"bridge","name":null,"aoi":"AOI05","locality":"Phosretar","product":"EMSR927_AOI05_GRA_PRODUCT_v3","post_event_date":"2026-08-31","method":"Photo-interpretation"},"geometry":{"type":"MultiLineString","coordinates":[[[84.96885484,27.80719137],[84.96924016,27.80724399],[84.9697225,27.80731039],[84.97025316,27.80738774]]]}},{"type":"Feature","properties":{"grade":"No visible damage","kind":"road","name":null,"aoi":"AOI05","locality":"Phosretar","product":"EMSR927_AOI05_GRA_PRODUCT_v3","post_event_date":"2026-08-31","method":"Photo-interpretation"},"geometry":{"type":"MultiLineString","coordinates":[[[84.9673233,27.8095205],[84.9672673,27.8095909],[84.9672005,27.8096195],[84.967151,27.8096462],[84.967166,27.80969],[84.9672091,27.809711],[84.9672974,27.8096748],[84.9676335,27.8095738],[84.9678058,27.8095052],[84.9679027,27.8094804],[84.9679393,27.8095033],[84.9679501,27.8095605],[84.9678984,27.8096329],[84.9678144,27.809711],[84.96768577,27.80997813],[84.96768562,27.80997844]]]}},{"type":"Feature","properties":{"grade":"Destroyed","kind":"road","name":null,"aoi":"AOI05","locality":"Phosretar","product":"EMSR927_AOI05_GRA_PRODUCT_v3","post_event_date":"2026-08-31","method":"Photo-interpretation"},"geometry":{"type":"MultiLineString","coordinates":[[[84.96768562,27.80997844],[84.96768547,27.80997875],[84.9676658,27.8100196],[84.9676587,27.81004333],[84.96765306,27.8100622],[84.96765064,27.81007029],[84.9676356,27.8101206],[84.9676313,27.8101644],[84.9676722,27.8101987],[84.9677011,27.81020052],[84.9677024,27.8102006],[84.967767,27.8101777],[84.96781538,27.81013227],[84.9678359,27.810113],[84.96787269,27.81007356],[84.967874,27.81007216],[84.96788017,27.81006554],[84.96790508,27.81003884],[84.96790817,27.81003552],[84.96791006,27.8100335],[84.96791128,27.81003219],[84.9679372,27.8100044],[84.9680513,27.8098843],[84.9681375,27.809831],[84.9682021,27.8098139],[84.968243,27.8098386],[84.9682603,27.8099224],[84.9681892,27.810031],[84.9679716,27.8104121]]]}},{"type":"Feature","properties":{"grade":"No visible damage","kind":"road","name":null,"aoi":"AOI05","locality":"Phosretar","product":"EMSR927_AOI05_GRA_PRODUCT_v3","post_event_date":"2026-08-31","method":"Photo-interpretation"},"geometry":{"type":"MultiLineString","coordinates":[[[84.94510092,27.80526283],[84.9451723,27.8052794],[84.9453165,27.8054325],[84.9455531,27.8055243],[84.9453512,27.8052998],[84.9452935,27.8050498],[84.94520696,27.80501152]],[[84.94524274,27.80492674],[84.9453281,27.8049477],[84.9455992,27.805162],[84.9456973,27.8051008],[84.9454896,27.8047895],[84.94533128,27.8047169]],[[84.94539107,27.8045752],[84.9455011,27.8045752],[84.94561781,27.8045531]]]}},{"type":"Feature","properties":{"grade":"No visible damage","kind":"road","name":null,"aoi":"AOI05","locality":"Phosretar","product":"EMSR927_AOI05_GRA_PRODUCT_v3","post_event_date":"2026-08-31","method":"Photo-interpretation"},"geometry":{"type":"MultiLineString","coordinates":[[[84.96283928,27.80578092],[84.9627927,27.8058472],[84.9627873,27.8058946],[84.9627927,27.8059444],[84.9628812,27.8060109],[84.9630985,27.8060227],[84.9631494,27.8060441],[84.9632299,27.8061152],[84.963254,27.8061674],[84.9632728,27.8062623],[84.9633318,27.8063833],[84.9633747,27.8065281],[84.9633908,27.8066467],[84.963305,27.8067511],[84.9632353,27.8068839],[84.9632259,27.8069444],[84.9632249,27.8069569]]]}},{"type":"Feature","properties":{"grade":"No visible damage","kind":"road","name":null,"aoi":"AOI05","locality":"Phosretar","product":"EMSR927_AOI05_GRA_PRODUCT_v3","post_event_date":"2026-08-31","method":"Photo-interpretation"},"geometry":{"type":"MultiLineString","coordinates":[[[84.9618088,27.8065791],[84.9618605,27.8066555],[84.9618899,27.8067294],[84.9619981,27.8067633],[84.962147,27.8067673],[84.9623793,27.8068012],[84.9625159,27.8068767],[84.96257,27.8069546],[84.962579,27.8070583],[84.9625936,27.8071303],[84.9626095,27.8072037],[84.9626485,27.8072732],[84.9627086,27.8073298],[84.962751,27.8073384],[84.9628302,27.8073323],[84.9629218,27.8072946],[84.9630352,27.8072127],[84.9631239,27.8071286],[84.9631653,27.8070402],[84.9631669,27.8069907],[84.9631982,27.8069605],[84.9632249,27.8069569],[84.9632527,27.8069729],[84.963304,27.8070386],[84.9633587,27.8071501],[84.9633761,27.8072007],[84.9634367,27.8072334]]]}},{"type":"Feature","properties":{"grade":"Not Analysed","kind":"road","name":null,"aoi":"AOI05","locality":"Phosretar","product":"EMSR927_AOI05_GRA_PRODUCT_v3","post_event_date":"2026-08-31","method":"Photo-interpretation"},"geometry":{"type":"MultiLineString","coordinates":[[[84.9446493,27.80633311],[84.9447816,27.8064665],[84.9448486,27.8065709],[84.9448781,27.8066634],[84.9448741,27.8067367],[84.9448379,27.8067891],[84.9447829,27.8068506],[84.9447521,27.8069552],[84.9447735,27.8070477],[84.9451624,27.8077095],[84.9452992,27.8079563],[84.94531232,27.8081055]]]}},{"type":"Feature","properties":{"grade":"No visible damage","kind":"road","name":null,"aoi":"AOI05","locality":"Phosretar","product":"EMSR927_AOI05_GRA_PRODUCT_v3","post_event_date":"2026-08-31","method":"Photo-interpretation"},"geometry":{"type":"MultiLineString","coordinates":[[[84.9634367,27.8072334],[84.9635048,27.8072576],[84.9636886,27.8072778],[84.9638763,27.8072991],[84.9639769,27.8073157],[84.9640211,27.8073501],[84.9640211,27.8074047],[84.963997,27.8074676],[84.9639729,27.8075387],[84.963989,27.8075957],[84.9640399,27.8076408],[84.9641257,27.8076835],[84.9642491,27.8077689],[84.964335,27.8078234],[84.9643698,27.8078709],[84.9644449,27.8078543],[84.9645066,27.8078021],[84.9645817,27.8077784],[84.9646327,27.807795],[84.9646702,27.807859],[84.9646702,27.8079136],[84.9646573,27.8079941],[84.9645513,27.808074],[84.9644318,27.8081378],[84.9642649,27.8081893],[84.9640777,27.8082216],[84.9638205,27.8082835],[84.9636987,27.8083074],[84.9635724,27.8082954],[84.9634867,27.8083074],[84.9634664,27.8084151],[84.9634506,27.8085029],[84.963401,27.8086186],[84.9632589,27.8086306],[84.9630808,27.8086445],[84.9630086,27.8087204],[84.9629048,27.8087782],[84.9628191,27.8088041],[84.9626342,27.8088341],[84.962447,27.8088221],[84.9623241,27.808876]]]}},{"type":"Feature","properties":{"grade":"No visible damage","kind":"road","name":null,"aoi":"AOI05","locality":"Phosretar","product":"EMSR927_AOI05_GRA_PRODUCT_v3","post_event_date":"2026-08-31","method":"Photo-interpretation"},"geometry":{"type":"MultiLineString","coordinates":[[[84.96135395,27.80600597],[84.9614827,27.8061052],[84.9616131,27.8062306],[84.9617832,27.8063835],[84.9618768,27.8064813],[84.961874,27.8065541],[84.9618088,27.8065791],[84.9617265,27.8065315],[84.9615026,27.8063509],[84.9613296,27.8062055],[84.9611142,27.8060951],[84.96093265,27.8060698]],[[84.96021488,27.80617855],[84.9601871,27.8061954],[84.960017,27.8063359],[84.9599177,27.806371],[84.9598128,27.806391],[84.95967149,27.8063594]],[[84.95904427,27.80759815],[84.9590502,27.8076023],[84.9591211,27.8075446],[84.9591778,27.8074794],[84.9593394,27.8073992],[84.9595265,27.807359],[84.9596172,27.8074318],[84.9597845,27.8075195],[84.9599254,27.8075798],[84.9599865,27.8077471],[84.9600507,27.8079125],[84.9601216,27.8080429],[84.9602294,27.808078],[84.9603713,27.8081175],[84.9605508,27.8081558],[84.9607167,27.8081247],[84.9608275,27.8081609],[84.9608787,27.8082915],[84.9608776,27.808445],[84.9608918,27.8085654],[84.9609263,27.8086787],[84.9610178,27.808796],[84.9610937,27.8088592],[84.9610937,27.8089244],[84.9610455,27.8089419],[84.9609492,27.8089178],[84.9607739,27.8087584],[84.9606322,27.8085928],[84.9605097,27.808607],[84.9603914,27.8086288],[84.9602503,27.8086934],[84.9600311,27.808821],[84.959861,27.8089088],[84.9597426,27.8089725],[84.9596711,27.808974],[84.9596137,27.8089523],[84.9595558,27.8088958],[84.9593953,27.8087407],[84.9592964,27.8087324],[84.9591957,27.808785],[84.9591621,27.8088732],[84.9591296,27.8090142],[84.9590693,27.8091541],[84.9590098,27.8092168],[84.9588262,27.8092173],[84.9586683,27.80922],[84.9585126,27.8092665],[84.9584066,27.8093101],[84.9582712,27.8094011],[84.9582567,27.8094345],[84.9582759,27.8094764],[84.958315,27.8094822],[84.9585398,27.809443],[84.9586759,27.8094981],[84.9587695,27.8095884],[84.9589262,27.8096808],[84.9589782,27.8097002],[84.9589886,27.8097324],[84.9589803,27.8097581],[84.9589585,27.8097701],[84.9587879,27.8098151],[84.958661,27.8098648],[84.9585758,27.8099182],[84.9585435,27.8099421],[84.958504,27.8099586],[84.9584832,27.8099632],[84.958399,27.8099623],[84.9583584,27.8099531],[84.9583407,27.8099421],[84.9583085,27.8099145],[84.958271,27.809897],[84.9582492,27.8098943],[84.9582066,27.8098952],[84.958165,27.8099053],[84.9581483,27.8099154],[84.9581358,27.8099301],[84.9581067,27.8099798],[84.9580745,27.8100709],[84.9580474,27.8101831],[84.9579797,27.8103428],[84.9579653,27.8104775],[84.957987,27.8105939],[84.9581083,27.8106581],[84.958338,27.8108019],[84.9585893,27.8108289],[84.9589937,27.810796],[84.959163,27.8107679],[84.9593374,27.8106792],[84.9594708,27.8106489],[84.9597512,27.8105399],[84.9598858,27.8104999],[84.9599353,27.8105382],[84.9599817,27.8105778],[84.9600542,27.8106846],[84.9601138,27.8108028],[84.9601656,27.8109146],[84.9602151,27.8110855],[84.9602442,27.8111893],[84.9603137,27.8112439],[84.960494,27.811299],[84.9606791,27.8113749],[84.9608751,27.8114812],[84.9610853,27.8115787],[84.9611646,27.8115908],[84.9612223,27.8115991],[84.9612665,27.8115861],[84.9613032,27.8115544],[84.9613687,27.8115706],[84.9614596,27.8116074],[84.9617202,27.8119123]]]}},{"type":"Feature","properties":{"grade":"No visible damage","kind":"road","name":null,"aoi":"AOI05","locality":"Phosretar","product":"EMSR927_AOI05_GRA_PRODUCT_v3","post_event_date":"2026-08-31","method":"Photo-interpretation"},"geometry":{"type":"MultiLineString","coordinates":[[[84.94531232,27.8081055],[84.9453234,27.8082315],[84.9453502,27.8084213],[84.9454266,27.8085659],[84.9455192,27.8087202],[84.9455728,27.808872],[84.9456265,27.8090049],[84.9456908,27.8091188],[84.9457579,27.8092255],[84.9458357,27.8092896],[84.9459349,27.8093537],[84.9460476,27.8094106],[84.9461549,27.8094865],[84.9462461,27.8096004],[84.9464365,27.8098519],[84.9466537,27.8101223],[84.9468791,27.8103524],[84.9470293,27.8104545],[84.9470816,27.8104923],[84.9470909,27.8105233],[84.9470775,27.810547],[84.9470293,27.8105754],[84.9469582,27.8105682],[84.9469045,27.810554],[84.9467771,27.8104805],[84.9466457,27.810445],[84.9465089,27.8103951],[84.9462434,27.8102694],[84.9460194,27.8101791],[84.9457713,27.8100583],[84.9453006,27.8098233],[84.9448486,27.8096526],[84.9445415,27.8094413],[84.9443108,27.809242],[84.9442314,27.809205]]]}},{"type":"Feature","properties":{"grade":"No visible damage","kind":"road","name":null,"aoi":"AOI05","locality":"Phosretar","product":"EMSR927_AOI05_GRA_PRODUCT_v3","post_event_date":"2026-08-31","method":"Photo-interpretation"},"geometry":{"type":"MultiLineString","coordinates":[[[84.9598858,27.8104999],[84.9599141,27.8104329],[84.9599927,27.8103844],[84.9601408,27.8103686],[84.9602714,27.8103192],[84.9603633,27.810271],[84.9604101,27.8102075],[84.9604257,27.8101343],[84.9605164,27.8100997],[84.9606493,27.8101177],[84.9608072,27.8101384],[84.9608854,27.8101121],[84.9619269,27.8095852],[84.9620958,27.8094843],[84.9621739,27.8094511],[84.9622959,27.8094372],[84.9624116,27.8093847],[84.9624694,27.809328],[84.9625022,27.8092976],[84.9626528,27.8090921],[84.9624217,27.8090087],[84.9623289,27.8089863],[84.9623241,27.808876]]]}},{"type":"Feature","properties":{"grade":"No visible damage","kind":"road","name":"Prithvi Rajmarg","aoi":"AOI05","locality":"Phosretar","product":"EMSR927_AOI05_GRA_PRODUCT_v3","post_event_date":"2026-08-31","method":"Photo-interpretation"},"geometry":{"type":"MultiLineString","coordinates":[[[84.94388628,27.80814138],[84.9439341,27.8082789],[84.9442314,27.809205],[84.9445485,27.8104412],[84.9446174,27.8106398],[84.9447668,27.8108692],[84.9449685,27.8110039],[84.94547992,27.81122005],[84.94567173,27.81130112]]]}},{"type":"Feature","properties":{"grade":"No visible damage","kind":"road","name":null,"aoi":"AOI05","locality":"Phosretar","product":"EMSR927_AOI05_GRA_PRODUCT_v3","post_event_date":"2026-08-31","method":"Photo-interpretation"},"geometry":{"type":"MultiLineString","coordinates":[[[84.95767829,27.81029596],[84.9577662,27.8103074],[84.9578226,27.8103097],[84.9579797,27.8103428]]]}},{"type":"Feature","properties":{"grade":"Damaged","kind":"road","name":"Prithvi Rajmarg","aoi":"AOI05","locality":"Phosretar","product":"EMSR927_AOI05_GRA_PRODUCT_v3","post_event_date":"2026-08-31","method":"Photo-interpretation"},"geometry":{"type":"MultiLineString","coordinates":[[[84.95245911,27.81376579],[84.95246809,27.81377371]],[[84.95245611,27.81376315],[84.95245618,27.81376321]],[[84.95242181,27.81373292],[84.95242616,27.81373675]],[[84.95224644,27.81357838],[84.9522562,27.81358698]],[[84.95222183,27.81355669],[84.95222495,27.81355944]],[[84.9515667,27.8133763],[84.95162687,27.813373]],[[84.96847613,27.80787227],[84.9685134,27.807665],[84.9685273,27.8074889],[84.9685353,27.8073655],[84.96851049,27.80719742]]]}},{"type":"Feature","properties":{"grade":"No visible damage","kind":"road","name":null,"aoi":"AOI05","locality":"Phosretar","product":"EMSR927_AOI05_GRA_PRODUCT_v3","post_event_date":"2026-08-31","method":"Photo-interpretation"},"geometry":{"type":"MultiLineString","coordinates":[[[84.9670098,27.8132009],[84.9669507,27.8131654],[84.9669172,27.8130917],[84.9668409,27.8129409],[84.9668592,27.8128426],[84.9668439,27.8127924],[84.9667609,27.8127716],[84.9666489,27.8127165],[84.96664195,27.8126896],[84.96651352,27.81272304],[84.96650322,27.81266639],[84.96650837,27.81257368],[84.96662684,27.8123728],[84.96665774,27.81221314],[84.96649807,27.81223889],[84.96608088,27.8123213],[84.96591091,27.81223889],[84.96590381,27.81223545]],[[84.96471736,27.81166259],[84.9647167,27.81166227]],[[84.96471435,27.81166114],[84.96467813,27.81164368]],[[84.96466456,27.81163714],[84.96466003,27.81163495]],[[84.96465877,27.81163434],[84.96456661,27.81158992],[84.96445845,27.8114045],[84.96429116,27.81124091],[84.964067,27.81110576],[84.96416486,27.81069372],[84.96430477,27.81043024],[84.96448894,27.81012674],[84.9646544,27.8095565]]]}},{"type":"Feature","properties":{"grade":"No visible damage","kind":"road","name":"Prithvi Rajmarg","aoi":"AOI05","locality":"Phosretar","product":"EMSR927_AOI05_GRA_PRODUCT_v3","post_event_date":"2026-08-31","method":"Photo-interpretation"},"geometry":{"type":"MultiLineString","coordinates":[[[84.94567173,27.81130112],[84.9457119,27.8113181],[84.946529,27.8115891],[84.9467021,27.811643],[84.9468889,27.8116654],[84.94753713,27.81169452]]]}},{"type":"Feature","properties":{"grade":"No visible damage","kind":"road","name":"Prithvi Rajmarg","aoi":"AOI05","locality":"Phosretar","product":"EMSR927_AOI05_GRA_PRODUCT_v3","post_event_date":"2026-08-31","method":"Photo-interpretation"},"geometry":{"type":"MultiLineString","coordinates":[[[84.94753713,27.81169452],[84.94762352,27.8116984]]]}},{"type":"Feature","properties":{"grade":"No visible damage","kind":"road","name":"Prithvi Rajmarg","aoi":"AOI05","locality":"Phosretar","product":"EMSR927_AOI05_GRA_PRODUCT_v3","post_event_date":"2026-08-31","method":"Photo-interpretation"},"geometry":{"type":"MultiLineString","coordinates":[[[84.94762352,27.8116984],[84.9476547,27.8116998],[84.94778153,27.81173902]]]}},{"type":"Feature","properties":{"grade":"Destroyed","kind":"road","name":"Prithvi Rajmarg","aoi":"AOI05","locality":"Phosretar","product":"EMSR927_AOI05_GRA_PRODUCT_v3","post_event_date":"2026-08-31","method":"Photo-interpretation"},"geometry":{"type":"MultiLineString","coordinates":[[[84.94778153,27.81173902],[84.94783087,27.81175428]]]}},{"type":"Feature","properties":{"grade":"No visible damage","kind":"road","name":"Prithvi Rajmarg","aoi":"AOI05","locality":"Phosretar","product":"EMSR927_AOI05_GRA_PRODUCT_v3","post_event_date":"2026-08-31","method":"Photo-interpretation"},"geometry":{"type":"MultiLineString","coordinates":[[[84.94783087,27.81175428],[84.94783835,27.8117566]]]}},{"type":"Feature","properties":{"grade":"No visible damage","kind":"road","name":"Prithvi Rajmarg","aoi":"AOI05","locality":"Phosretar","product":"EMSR927_AOI05_GRA_PRODUCT_v3","post_event_date":"2026-08-31","method":"Photo-interpretation"},"geometry":{"type":"MultiLineString","coordinates":[[[84.94783835,27.8117566],[84.947893,27.8117735],[84.94796498,27.81179798]]]}},{"type":"Feature","properties":{"grade":"No visible damage","kind":"road","name":"Prithvi Rajmarg","aoi":"AOI05","locality":"Phosretar","product":"EMSR927_AOI05_GRA_PRODUCT_v3","post_event_date":"2026-08-31","method":"Photo-interpretation"},"geometry":{"type":"MultiLineString","coordinates":[[[84.95246809,27.81377371],[84.9527882,27.8140558],[84.9529624,27.8141814],[84.9531093,27.8142768],[84.9537087,27.8145521],[84.9539814,27.8147071],[84.9550658,27.8154757],[84.9553089,27.8156333],[84.9554803,27.8157033],[84.9556909,27.8157581],[84.9558993,27.8157732],[84.9561053,27.8157429],[84.9563166,27.8156635],[84.9569416,27.8153491],[84.9571331,27.8152528],[84.9573604,27.8151568],[84.9575928,27.8150771],[84.9580879,27.8149185],[84.9587929,27.8146581],[84.959184,27.8144932],[84.9594185,27.8143546],[84.9596144,27.8142325],[84.9597967,27.8141174],[84.9600029,27.8139705],[84.9602141,27.813775],[84.9603135,27.8136698],[84.9606737,27.8132633],[84.9610358,27.8128126],[84.9616174,27.81204754],[84.9617202,27.8119123],[84.9619458,27.8116286],[84.9621765,27.81139],[84.9624484,27.811226],[84.9632525,27.8108349],[84.96371,27.8106134],[84.9638844,27.8104995],[84.9640659,27.8103628],[84.9641767,27.8102386],[84.9643153,27.8100626],[84.9644738,27.8097774],[84.9645576,27.8096502],[84.9646544,27.8095565],[84.9648635,27.8094669],[84.9654805,27.8093507],[84.9662044,27.8092354],[84.9664249,27.8092539],[84.9665317,27.8092872],[84.966622,27.8093343],[84.9669771,27.8095334],[84.9671337,27.8095425],[84.9673233,27.8095205],[84.9674401,27.8094796],[84.9676287,27.8094106],[84.9678303,27.8093096],[84.9679694,27.8092303],[84.9680836,27.8091533],[84.9681786,27.809031],[84.9682391,27.8089041],[84.9683195,27.8086918],[84.968369,27.8084782],[84.9684046,27.80827],[84.96847613,27.80787227]]]}},{"type":"Feature","properties":{"grade":"No visible damage","kind":"road","name":null,"aoi":"AOI05","locality":"Phosretar","product":"EMSR927_AOI05_GRA_PRODUCT_v3","post_event_date":"2026-08-31","method":"Photo-interpretation"},"geometry":{"type":"MultiLineString","coordinates":[[[84.96456661,27.81158992],[84.96440873,27.81176064],[84.9642505,27.81197161],[84.96398679,27.81207709],[84.96374066,27.812165],[84.96340663,27.8121943],[84.96323668,27.81208295],[84.96309604,27.81211225],[84.96276201,27.81208881],[84.96260378,27.81204779],[84.96238109,27.81189543],[84.96224631,27.81177236],[84.96209394,27.81175478],[84.96190056,27.81183096],[84.9616174,27.81204754]]]}},{"type":"Feature","properties":{"grade":"Possibly damaged","kind":"bridge","name":null,"aoi":"AOI05","locality":"Phosretar","product":"EMSR927_AOI05_GRA_PRODUCT_v3","post_event_date":"2026-08-31","method":"Photo-interpretation"},"geometry":{"type":"MultiLineString","coordinates":[[[84.96590381,27.81223545],[84.96561275,27.81209423],[84.96471736,27.81166259]],[[84.9647167,27.81166227],[84.96471435,27.81166114]],[[84.96467813,27.81164368],[84.96466456,27.81163714]],[[84.96466003,27.81163495],[84.96465877,27.81163434]]]}},{"type":"Feature","properties":{"grade":"No visible damage","kind":"road","name":"Prithvi Rajmarg","aoi":"AOI05","locality":"Phosretar","product":"EMSR927_AOI05_GRA_PRODUCT_v3","post_event_date":"2026-08-31","method":"Photo-interpretation"},"geometry":{"type":"MultiLineString","coordinates":[[[84.94813423,27.81185673],[84.9483435,27.811965],[84.9486689,27.8121247],[84.9489519,27.8123232],[84.94905957,27.81243454]]]}},{"type":"Feature","properties":{"grade":"No visible damage","kind":"road","name":"Prithvi Rajmarg","aoi":"AOI05","locality":"Phosretar","product":"EMSR927_AOI05_GRA_PRODUCT_v3","post_event_date":"2026-08-31","method":"Photo-interpretation"},"geometry":{"type":"MultiLineString","coordinates":[[[84.94905957,27.81243454],[84.9491194,27.8124964],[84.94914039,27.81251973]],[[84.94796498,27.81179798],[84.9481276,27.8118533],[84.94813423,27.81185673]]]}},{"type":"Feature","properties":{"grade":"Damaged","kind":"bridge","name":null,"aoi":"AOI05","locality":"Phosretar","product":"EMSR927_AOI05_GRA_PRODUCT_v3","post_event_date":"2026-08-31","method":"Photo-interpretation"},"geometry":{"type":"MultiLineString","coordinates":[[[84.94492694,27.81316644],[84.94510437,27.81254193]],[[84.94530229,27.81184529],[84.94547992,27.81122005]]]}},{"type":"Feature","properties":{"grade":"No visible damage","kind":"road","name":null,"aoi":"AOI05","locality":"Phosretar","product":"EMSR927_AOI05_GRA_PRODUCT_v3","post_event_date":"2026-08-31","method":"Photo-interpretation"},"geometry":{"type":"MultiLineString","coordinates":[[[84.9584705,27.8138508],[84.9585079,27.8137331],[84.9585478,27.8134208],[84.9585197,27.8131171],[84.9584767,27.8130007],[84.9583908,27.8129281],[84.9582828,27.8129027],[84.9581027,27.8129014],[84.9578672,27.8129247],[84.9577595,27.8129056],[84.957677,27.8128431],[84.9576207,27.8127483],[84.9575866,27.8126744],[84.9575837,27.8126133],[84.9576428,27.8125915],[84.9577107,27.8126049],[84.9578745,27.8127131],[84.9580166,27.8127583],[84.9581637,27.8127483],[84.958354,27.8126538],[84.9583992,27.8126047],[84.958433,27.8125263],[84.9585594,27.8124179],[84.9586446,27.8122844],[84.9587145,27.8121759],[84.9588243,27.8119647],[84.9589061,27.8117485],[84.9590801,27.8115694],[84.9592613,27.8114172],[84.959366,27.8112658],[84.9594159,27.8111212],[84.9594408,27.810886],[84.9593799,27.810739],[84.9593374,27.8106792]]]}},{"type":"Feature","properties":{"grade":"Destroyed","kind":"road","name":null,"aoi":"AOI05","locality":"Phosretar","product":"EMSR927_AOI05_GRA_PRODUCT_v3","post_event_date":"2026-08-31","method":"Photo-interpretation"},"geometry":{"type":"MultiLineString","coordinates":[[[84.95093966,27.81334461],[84.95090686,27.8131866]],[[84.95087302,27.8130236],[84.95084746,27.81290049]],[[84.950841,27.81286934],[84.9508265,27.8127995],[84.95083726,27.81272114]],[[84.95075855,27.81215352],[84.9507146,27.8119792],[84.9505894,27.8117276],[84.9505629,27.8115699],[84.95046209,27.81128677]]]}},{"type":"Feature","properties":{"grade":"No visible damage","kind":"road","name":null,"aoi":"AOI05","locality":"Phosretar","product":"EMSR927_AOI05_GRA_PRODUCT_v3","post_event_date":"2026-08-31","method":"Photo-interpretation"},"geometry":{"type":"MultiLineString","coordinates":[[[84.9491194,27.8124964],[84.94908974,27.81252441]]]}},{"type":"Feature","properties":{"grade":"No visible damage","kind":"road","name":"Prithvi Rajmarg","aoi":"AOI05","locality":"Phosretar","product":"EMSR927_AOI05_GRA_PRODUCT_v3","post_event_date":"2026-08-31","method":"Photo-interpretation"},"geometry":{"type":"MultiLineString","coordinates":[[[84.94914039,27.81251973],[84.94917838,27.81256195]]]}},{"type":"Feature","properties":{"grade":"Destroyed","kind":"road","name":null,"aoi":"AOI05","locality":"Phosretar","product":"EMSR927_AOI05_GRA_PRODUCT_v3","post_event_date":"2026-08-31","method":"Photo-interpretation"},"geometry":{"type":"MultiLineString","coordinates":[[[84.9509589,27.8134373],[84.95093966,27.81334461]],[[84.95090686,27.8131866],[84.95087302,27.8130236]],[[84.95084746,27.81290049],[84.950841,27.81286934]],[[84.95083726,27.81272114],[84.9508417,27.8126888],[84.950836,27.8124607],[84.95075855,27.81215352]]]}},{"type":"Feature","properties":{"grade":"Destroyed","kind":"road","name":null,"aoi":"AOI05","locality":"Phosretar","product":"EMSR927_AOI05_GRA_PRODUCT_v3","post_event_date":"2026-08-31","method":"Photo-interpretation"},"geometry":{"type":"MultiLineString","coordinates":[[[84.94317705,27.81157964],[84.94330365,27.81187894],[84.94332362,27.81195815],[84.94334371,27.81203789],[84.94354585,27.81283994],[84.94356503,27.81288349],[84.94359057,27.81294148],[84.94370675,27.81320534],[84.94390525,27.81345204],[84.94386775,27.81372724],[84.94369605,27.81401904]]]}},{"type":"Feature","properties":{"grade":"No visible damage","kind":"road","name":null,"aoi":"AOI05","locality":"Phosretar","product":"EMSR927_AOI05_GRA_PRODUCT_v3","post_event_date":"2026-08-31","method":"Photo-interpretation"},"geometry":{"type":"MultiLineString","coordinates":[[[84.9494434,27.8128565],[84.94943731,27.81286318]]]}},{"type":"Feature","properties":{"grade":"Damaged","kind":"bridge","name":null,"aoi":"AOI05","locality":"Phosretar","product":"EMSR927_AOI05_GRA_PRODUCT_v3","post_event_date":"2026-08-31","method":"Photo-interpretation"},"geometry":{"type":"MultiLineString","coordinates":[[[84.94471003,27.81392993],[84.94492694,27.81316644]],[[84.94510437,27.81254193],[84.94530229,27.81184529]]]}},{"type":"Feature","properties":{"grade":"Destroyed","kind":"road","name":null,"aoi":"AOI05","locality":"Phosretar","product":"EMSR927_AOI05_GRA_PRODUCT_v3","post_event_date":"2026-08-31","method":"Photo-interpretation"},"geometry":{"type":"MultiLineString","coordinates":[[[84.94908974,27.81252441],[84.9486989,27.8128935],[84.9482313,27.8132725],[84.94820161,27.81331778],[84.9480963,27.8134784]]]}},{"type":"Feature","properties":{"grade":"No visible damage","kind":"road","name":"Prithvi Rajmarg","aoi":"AOI05","locality":"Phosretar","product":"EMSR927_AOI05_GRA_PRODUCT_v3","post_event_date":"2026-08-31","method":"Photo-interpretation"},"geometry":{"type":"MultiLineString","coordinates":[[[84.94917838,27.81256195],[84.9494434,27.8128565],[84.9495808,27.8129994],[84.9497727,27.8132009],[84.9499606,27.8133464],[84.9500998,27.8134226],[84.9502691,27.8134705],[84.9504563,27.8134877]]]}},{"type":"Feature","properties":{"grade":"Destroyed","kind":"road","name":null,"aoi":"AOI05","locality":"Phosretar","product":"EMSR927_AOI05_GRA_PRODUCT_v3","post_event_date":"2026-08-31","method":"Photo-interpretation"},"geometry":{"type":"MultiLineString","coordinates":[[[84.94943731,27.81286318],[84.949233,27.8130873],[84.9489709,27.8134213],[84.9488907,27.8135251],[84.9488104,27.8135961],[84.9486977,27.8135937],[84.9485092,27.8135027]]]}},{"type":"Feature","properties":{"grade":"No visible damage","kind":"road","name":null,"aoi":"AOI05","locality":"Phosretar","product":"EMSR927_AOI05_GRA_PRODUCT_v3","post_event_date":"2026-08-31","method":"Photo-interpretation"},"geometry":{"type":"MultiLineString","coordinates":[[[84.94944706,27.81361395],[84.9494524,27.8136041],[84.9495064,27.8135421],[84.9495227,27.8134731],[84.9495546,27.8134159],[84.9496626,27.8133068],[84.9497727,27.8132009]]]}},{"type":"Feature","properties":{"grade":"Damaged","kind":"road","name":"Belkhu Khola Bridge","aoi":"AOI05","locality":"Phosretar","product":"EMSR927_AOI05_GRA_PRODUCT_v3","post_event_date":"2026-08-31","method":"Photo-interpretation"},"geometry":{"type":"MultiLineString","coordinates":[[[84.95092444,27.81344076],[84.9509589,27.8134373],[84.9515667,27.8133763]]]}},{"type":"Feature","properties":{"grade":"Possibly damaged","kind":"road","name":null,"aoi":"AOI05","locality":"Phosretar","product":"EMSR927_AOI05_GRA_PRODUCT_v3","post_event_date":"2026-08-31","method":"Photo-interpretation"},"geometry":{"type":"MultiLineString","coordinates":[[[84.94979062,27.81346428],[84.94973,27.813513],[84.9497294,27.81351471]],[[84.9499606,27.8133464],[84.94994102,27.8133596]]]}},{"type":"Feature","properties":{"grade":"No visible damage","kind":"road","name":"Prithvi Rajmarg","aoi":"AOI05","locality":"Phosretar","product":"EMSR927_AOI05_GRA_PRODUCT_v3","post_event_date":"2026-08-31","method":"Photo-interpretation"},"geometry":{"type":"MultiLineString","coordinates":[[[84.95162687,27.813373],[84.9518127,27.8133628],[84.9519513,27.8133811],[84.9520737,27.81342],[84.9521954,27.8135334],[84.95222183,27.81355669]]]}},{"type":"Feature","properties":{"grade":"No visible damage","kind":"road","name":"Belkhu Khola Bridge","aoi":"AOI05","locality":"Phosretar","product":"EMSR927_AOI05_GRA_PRODUCT_v3","post_event_date":"2026-08-31","method":"Photo-interpretation"},"geometry":{"type":"MultiLineString","coordinates":[[[84.9504563,27.8134877],[84.95092444,27.81344076]]]}},{"type":"Feature","properties":{"grade":"No visible damage","kind":"road","name":null,"aoi":"AOI05","locality":"Phosretar","product":"EMSR927_AOI05_GRA_PRODUCT_v3","post_event_date":"2026-08-31","method":"Photo-interpretation"},"geometry":{"type":"MultiLineString","coordinates":[[[84.9717599,27.8157809],[84.9720764,27.8161499],[84.9723466,27.8162321],[84.9726836,27.8160963],[84.9727729,27.816053],[84.9730322,27.815977],[84.9732214,27.8157066],[84.9733059,27.8155843],[84.9731341,27.8153848],[84.9727702,27.8150372],[84.9726684,27.8148441],[84.9728139,27.8146382],[84.973105,27.8144193],[84.9731632,27.8143421],[84.9731494,27.8142202],[84.9730759,27.8139688],[84.9730177,27.8134796],[84.9730322,27.8132479],[84.9731195,27.8130033],[84.9732651,27.8125656],[84.9732942,27.812115],[84.973498,27.8119219],[84.9734834,27.8114713],[84.9732505,27.8106474],[84.9732942,27.8102612],[84.9736144,27.8098106],[84.97375144,27.80971112]],[[84.97374471,27.80951837],[84.9737163,27.8094759],[84.9729449,27.8094244],[84.9727347,27.8091725]]]}},{"type":"Feature","properties":{"grade":"No visible damage","kind":"road","name":null,"aoi":"AOI05","locality":"Phosretar","product":"EMSR927_AOI05_GRA_PRODUCT_v3","post_event_date":"2026-08-31","method":"Photo-interpretation"},"geometry":{"type":"MultiLineString","coordinates":[[[84.9670098,27.8132009],[84.9670026,27.8131842],[84.9672585,27.813182],[84.9673785,27.8131866],[84.9674758,27.8131903],[84.9680058,27.8132954],[84.9681308,27.8132677],[84.9682903,27.813265],[84.9684372,27.8133147],[84.9687562,27.8134516],[84.9688734,27.8133991],[84.9689625,27.8133659],[84.9691423,27.8133452],[84.9692799,27.8132912],[84.9693893,27.8131433],[84.969455,27.813005],[84.9694956,27.8128391],[84.9697051,27.8123634],[84.9698552,27.8122777],[84.970024,27.812333],[84.9703648,27.8126538],[84.9705243,27.8127893],[84.9707494,27.8132207],[84.9708057,27.8134751],[84.971034,27.813771],[84.9711215,27.8138595],[84.9711403,27.8142135],[84.9710277,27.8144403],[84.970912,27.8146892],[84.9708516,27.8147692],[84.9708399,27.8148119],[84.970797,27.8150396],[84.9713952,27.815552],[84.9717599,27.8157809]]]}},{"type":"Feature","properties":{"grade":"No visible damage","kind":"road","name":null,"aoi":"AOI05","locality":"Phosretar","product":"EMSR927_AOI05_GRA_PRODUCT_v3","post_event_date":"2026-08-31","method":"Photo-interpretation"},"geometry":{"type":"MultiLineString","coordinates":[[[84.9654287,27.8160581],[84.9655602,27.8160939],[84.9656401,27.8161345],[84.9656844,27.8161332],[84.9657259,27.816107],[84.9657762,27.8160377],[84.9658161,27.8159199],[84.965751,27.8158754],[84.9657155,27.8158205]]]}},{"type":"Feature","properties":{"grade":"No visible damage","kind":"road","name":null,"aoi":"AOI05","locality":"Phosretar","product":"EMSR927_AOI05_GRA_PRODUCT_v3","post_event_date":"2026-08-31","method":"Photo-interpretation"},"geometry":{"type":"MultiLineString","coordinates":[[[84.9652116,27.8168438],[84.9652326,27.8168702],[84.965249,27.8168955],[84.9652951,27.8169124],[84.9653861,27.8169428],[84.9655318,27.8169878],[84.9656075,27.8170201],[84.9656308,27.817029],[84.9657081,27.8170116],[84.9657838,27.8170041],[84.9658389,27.8170238],[84.9659183,27.8170792],[84.9660067,27.8171283],[84.9660554,27.817162],[84.9660617,27.8171814],[84.9660533,27.8172128],[84.9660575,27.8172475],[84.966075,27.8172793],[84.9661163,27.817307],[84.9661274,27.8173196],[84.9661353,27.8173388],[84.9661233,27.8173519],[84.966105,27.8173753],[84.9661053,27.8173999],[84.9661325,27.8174413],[84.9661625,27.8174771],[84.9662112,27.8175057],[84.9662858,27.8175366],[84.9663584,27.8175492],[84.9664119,27.8175628],[84.9664892,27.8176021],[84.9665856,27.8176452],[84.9666814,27.8177173],[84.9667529,27.8177754],[84.9668154,27.8178087],[84.9668509,27.8178653],[84.9668599,27.8178878],[84.9668715,27.8178925]]]}},{"type":"Feature","properties":{"grade":"No visible damage","kind":"road","name":null,"aoi":"AOI05","locality":"Phosretar","product":"EMSR927_AOI05_GRA_PRODUCT_v3","post_event_date":"2026-08-31","method":"Photo-interpretation"},"geometry":{"type":"MultiLineString","coordinates":[[[84.9668183,27.8183714],[84.9667959,27.8183211],[84.9668048,27.8182923],[84.9668187,27.8182661],[84.9668303,27.8182472],[84.9668311,27.8182221],[84.9668232,27.8181572],[84.9668131,27.8180817],[84.9668202,27.8180409],[84.9668404,27.8179969],[84.9668483,27.8179634],[84.966852,27.817933],[84.9668606,27.8179101],[84.9668715,27.8178925],[84.966897,27.8178641],[84.9669183,27.8178333],[84.9669202,27.8178008],[84.9669066,27.8177162],[84.9669076,27.8176577],[84.9668986,27.8175851],[84.966905,27.8174947],[84.9669177,27.8174319],[84.9669484,27.8173851],[84.9669579,27.8173598],[84.9669383,27.8173088],[84.96696,27.8172558],[84.9669923,27.8171968]]]}},{"type":"Feature","properties":{"grade":"No visible damage","kind":"road","name":"Prithvi Rajmarg","aoi":"AOI05","locality":"Phosretar","product":"EMSR927_AOI05_GRA_PRODUCT_v3","post_event_date":"2026-08-31","method":"Photo-interpretation"},"geometry":{"type":"MultiLineString","coordinates":[[[84.95222495,27.81355944],[84.95224644,27.81357838]]]}},{"type":"Feature","properties":{"grade":"No visible damage","kind":"road","name":"Prithvi Rajmarg","aoi":"AOI05","locality":"Phosretar","product":"EMSR927_AOI05_GRA_PRODUCT_v3","post_event_date":"2026-08-31","method":"Photo-interpretation"},"geometry":{"type":"MultiLineString","coordinates":[[[84.9522562,27.81358698],[84.95242181,27.81373292]]]}},{"type":"Feature","properties":{"grade":"Destroyed","kind":"road","name":null,"aoi":"AOI05","locality":"Phosretar","product":"EMSR927_AOI05_GRA_PRODUCT_v3","post_event_date":"2026-08-31","method":"Photo-interpretation"},"geometry":{"type":"MultiLineString","coordinates":[[[84.9493282,27.8138495],[84.9493964,27.8137074],[84.94944706,27.81361395]]]}},{"type":"Feature","properties":{"grade":"No visible damage","kind":"road","name":"Prithvi Rajmarg","aoi":"AOI05","locality":"Phosretar","product":"EMSR927_AOI05_GRA_PRODUCT_v3","post_event_date":"2026-08-31","method":"Photo-interpretation"},"geometry":{"type":"MultiLineString","coordinates":[[[84.95242616,27.81373675],[84.95245611,27.81376315]]]}},{"type":"Feature","properties":{"grade":"No visible damage","kind":"road","name":"Prithvi Rajmarg","aoi":"AOI05","locality":"Phosretar","product":"EMSR927_AOI05_GRA_PRODUCT_v3","post_event_date":"2026-08-31","method":"Photo-interpretation"},"geometry":{"type":"MultiLineString","coordinates":[[[84.95245618,27.81376321],[84.95245911,27.81376579]]]}},{"type":"Feature","properties":{"grade":"Destroyed","kind":"road","name":null,"aoi":"AOI05","locality":"Phosretar","product":"EMSR927_AOI05_GRA_PRODUCT_v3","post_event_date":"2026-08-31","method":"Photo-interpretation"},"geometry":{"type":"MultiLineString","coordinates":[[[84.9498768,27.8134029],[84.9500489,27.8135251],[84.9502171,27.8136567],[84.9503736,27.8137553],[84.9505399,27.8137899],[84.9506749,27.8137864],[84.9507454,27.8137951],[84.9507904,27.8138955],[84.9507649,27.8140079],[84.9507141,27.8141325],[84.95071182,27.81413619],[84.9506456,27.8142433],[84.9506554,27.8143281],[84.950718,27.8143557],[84.9508588,27.8143177],[84.95095243,27.81422379],[84.9509606,27.8142156],[84.9510545,27.8141273],[84.9511367,27.8141048],[84.9512462,27.8141048],[84.9513186,27.8141308]]]}},{"type":"Feature","properties":{"grade":"Destroyed","kind":"road","name":null,"aoi":"AOI05","locality":"Phosretar","product":"EMSR927_AOI05_GRA_PRODUCT_v3","post_event_date":"2026-08-31","method":"Photo-interpretation"},"geometry":{"type":"MultiLineString","coordinates":[[[84.9497294,27.81351471],[84.9497104,27.8135684],[84.9497358,27.8137224],[84.94970856,27.81376883],[84.9496302,27.8139024],[84.9494952,27.8141412],[84.94943764,27.81421771],[84.949145,27.8146067]],[[84.94994102,27.8133596],[84.9498768,27.8134029],[84.9498161,27.8134438],[84.94979062,27.81346428]]]}},{"type":"Feature","properties":{"grade":"Possibly damaged","kind":"road","name":null,"aoi":"AOI05","locality":"Phosretar","product":"EMSR927_AOI05_GRA_PRODUCT_v3","post_event_date":"2026-08-31","method":"Photo-interpretation"},"geometry":{"type":"MultiLineString","coordinates":[[[84.94457869,27.81443266],[84.94471003,27.81392993]]]}},{"type":"Feature","properties":{"grade":"No visible damage","kind":"road","name":null,"aoi":"AOI05","locality":"Phosretar","product":"EMSR927_AOI05_GRA_PRODUCT_v3","post_event_date":"2026-08-31","method":"Photo-interpretation"},"geometry":{"type":"MultiLineString","coordinates":[[[84.9575377,27.8146445],[84.9574947,27.8144578],[84.9574486,27.8143785],[84.95738,27.8143327],[84.9572182,27.814296],[84.9571559,27.8142626],[84.9570771,27.8141724],[84.9569178,27.813972],[84.9567728,27.8138781],[84.9566718,27.8137842],[84.9565553,27.8137246],[84.9563585,27.8136971],[84.9561666,27.8137027],[84.9560433,27.8137114],[84.9559027,27.8137704],[84.9557655,27.8138506],[84.9556723,27.8139949],[84.9556076,27.8140224],[84.9554651,27.8139743],[84.955346,27.8139216],[84.9552657,27.8139216],[84.9551596,27.8140017],[84.9550301,27.8140407],[84.9548592,27.8141002],[84.9547608,27.8142056],[84.954665,27.814272],[84.9546003,27.8143613],[84.9545226,27.8144621],[84.9544035,27.8145514],[84.9541678,27.8146407],[84.9539814,27.8147071]]]}},{"type":"Feature","properties":{"grade":"No visible damage","kind":"road","name":null,"aoi":"AOI05","locality":"Phosretar","product":"EMSR927_AOI05_GRA_PRODUCT_v3","post_event_date":"2026-08-31","method":"Photo-interpretation"},"geometry":{"type":"MultiLineString","coordinates":[[[84.9587929,27.8146581],[84.9587372,27.8144946],[84.958705,27.8142977],[84.9586406,27.8141459],[84.9585548,27.8140035],[84.9584705,27.8138508]]]}},{"type":"Feature","properties":{"grade":"No visible damage","kind":"road","name":null,"aoi":"AOI05","locality":"Phosretar","product":"EMSR927_AOI05_GRA_PRODUCT_v3","post_event_date":"2026-08-31","method":"Photo-interpretation"},"geometry":{"type":"MultiLineString","coordinates":[[[84.9584705,27.8138508],[84.9583912,27.8138268],[84.9583027,27.8138505],[84.9582247,27.8139255],[84.9580714,27.8141124],[84.9580163,27.8141959],[84.9579549,27.8142775],[84.9578765,27.8143823],[84.9578118,27.8144696],[84.9577702,27.8145131],[84.9577122,27.8145567],[84.9576247,27.8146162],[84.9575377,27.8146445],[84.9575075,27.8146837],[84.957468,27.8147652],[84.9574149,27.8148773],[84.9573983,27.8149305],[84.9573604,27.8151568]]]}},{"type":"Feature","properties":{"grade":"No visible damage","kind":"road","name":null,"aoi":"AOI05","locality":"Phosretar","product":"EMSR927_AOI05_GRA_PRODUCT_v3","post_event_date":"2026-08-31","method":"Photo-interpretation"},"geometry":{"type":"MultiLineString","coordinates":[[[84.9580879,27.8149185],[84.9581357,27.8149663],[84.9582061,27.8149732],[84.9583118,27.8149473],[84.9584115,27.8149386],[84.9585661,27.8149386],[84.9587265,27.814949],[84.9588498,27.8149611],[84.958973,27.8150026],[84.9591022,27.8150753],[84.9591863,27.8151497],[84.9592332,27.8152414],[84.9592372,27.8153332],[84.9591589,27.8154093],[84.9590412,27.8153794],[84.9589196,27.8153679],[84.9586961,27.8154157]]]}},{"type":"Feature","properties":{"grade":"No visible damage","kind":"road","name":null,"aoi":"AOI05","locality":"Phosretar","product":"EMSR927_AOI05_GRA_PRODUCT_v3","post_event_date":"2026-08-31","method":"Photo-interpretation"},"geometry":{"type":"MultiLineString","coordinates":[[[84.9558665,27.8151721],[84.9558846,27.8152316],[84.9558846,27.8152705],[84.9558587,27.8153232],[84.9557681,27.815353],[84.9556464,27.815369],[84.9555765,27.8154194],[84.9555428,27.8155133],[84.9555325,27.815598],[84.9554803,27.8157033]]]}},{"type":"Feature","properties":{"grade":"No visible damage","kind":"road","name":null,"aoi":"AOI05","locality":"Phosretar","product":"EMSR927_AOI05_GRA_PRODUCT_v3","post_event_date":"2026-08-31","method":"Photo-interpretation"},"geometry":{"type":"MultiLineString","coordinates":[[[84.962013,27.8180654],[84.9620637,27.8180681],[84.962095,27.8180567],[84.9621023,27.8180372],[84.9620858,27.8179948],[84.9620222,27.8179028],[84.9620517,27.8178149],[84.962141,27.817731],[84.9621351,27.8176526],[84.9621066,27.8175809],[84.9621125,27.817439],[84.9621907,27.8172573],[84.9622804,27.8171754],[84.9624353,27.8170895],[84.9625703,27.817041],[84.9627679,27.8170064],[84.9628618,27.8169095],[84.963034,27.816823],[84.9633079,27.8167486],[84.9635387,27.8166551],[84.9637481,27.8165409],[84.9639437,27.8164458],[84.9641844,27.8164631],[84.9643272,27.8164198],[84.9644954,27.8163783],[84.9647126,27.8163973],[84.9648476,27.8164665],[84.9649689,27.8164682],[84.9650217,27.8164354],[84.9650863,27.8163471],[84.9651378,27.8162446],[84.9651567,27.816207],[84.9652819,27.816091],[84.9654287,27.8160581],[84.9654913,27.8159716],[84.9654717,27.8159128],[84.9654228,27.815873],[84.9652624,27.8158159],[84.9650296,27.8157899],[84.9649591,27.8157225],[84.964922,27.8156134],[84.9649474,27.8154975],[84.965008,27.8153937],[84.9651211,27.8153522],[84.9652189,27.8153055],[84.965305,27.815257],[84.965395,27.815174],[84.965485,27.8150459],[84.9656024,27.8149213],[84.96571,27.8148331],[84.9658098,27.8147344],[84.966113,27.8143607],[84.966203,27.8142188],[84.9665571,27.8137516],[84.967011,27.8132186],[84.9670098,27.8132009]]]}},{"type":"Feature","properties":{"grade":"No visible damage","kind":"road","name":null,"aoi":"AOI05","locality":"Phosretar","product":"EMSR927_AOI05_GRA_PRODUCT_v3","post_event_date":"2026-08-31","method":"Photo-interpretation"},"geometry":{"type":"MultiLineString","coordinates":[[[84.9569416,27.8153491],[84.9570439,27.8153771],[84.9571789,27.8153598],[84.9573471,27.8153391],[84.9574195,27.8153633],[84.957486,27.8154117],[84.9575095,27.8154844],[84.9574802,27.8155865],[84.9574273,27.8156817],[84.9573765,27.8157959],[84.9573745,27.8159118],[84.9574058,27.8159862],[84.9574821,27.8160191],[84.9576073,27.816071],[84.9577599,27.8161679],[84.9579282,27.8162458],[84.9581825,27.8163427],[84.9582667,27.8163773],[84.9584261,27.8164106],[84.9585782,27.8164265],[84.9586903,27.8164657],[84.9587276,27.8165624],[84.9587332,27.8167936],[84.9587844,27.8168597],[84.9588065,27.8169184],[84.9588065,27.8169808],[84.9587553,27.8170469],[84.9586488,27.8171044],[84.9585298,27.8171582],[84.9584464,27.81715459]]]}},{"type":"Feature","properties":{"grade":"Destroyed","kind":"bridge","name":"Keurintar Hanging Bridge","aoi":"AOI05","locality":"Phosretar","product":"EMSR927_AOI05_GRA_PRODUCT_v3","post_event_date":"2026-08-31","method":"Photo-interpretation"},"geometry":{"type":"MultiLineString","coordinates":[[[84.96225836,27.81714236],[84.96226725,27.81715568]],[[84.96224355,27.81712016],[84.96224451,27.8171216]],[[84.961453,27.81593495],[84.96224269,27.81711886]]]}},{"type":"Feature","properties":{"grade":"Possibly damaged","kind":"bridge","name":null,"aoi":"AOI05","locality":"Phosretar","product":"EMSR927_AOI05_GRA_PRODUCT_v3","post_event_date":"2026-08-31","method":"Photo-interpretation"},"geometry":{"type":"MultiLineString","coordinates":[[[84.9545955,27.81723588],[84.95540958,27.81604049]]]}},{"type":"Feature","properties":{"grade":"No visible damage","kind":"road","name":null,"aoi":"AOI05","locality":"Phosretar","product":"EMSR927_AOI05_GRA_PRODUCT_v3","post_event_date":"2026-08-31","method":"Photo-interpretation"},"geometry":{"type":"MultiLineString","coordinates":[[[84.95778495,27.81707193],[84.9578201,27.8170493],[84.9578685,27.816982],[84.9579183,27.8169368],[84.958029,27.8169062],[84.9581591,27.8168658],[84.9582351,27.8167801],[84.9582448,27.8166982],[84.9582656,27.8165526],[84.958267,27.816451],[84.9581825,27.8163427]]]}},{"type":"Feature","properties":{"grade":"Destroyed","kind":"road","name":null,"aoi":"AOI05","locality":"Phosretar","product":"EMSR927_AOI05_GRA_PRODUCT_v3","post_event_date":"2026-08-31","method":"Photo-interpretation"},"geometry":{"type":"MultiLineString","coordinates":[[[84.957744,27.8170983],[84.95778495,27.81707193]]]}},{"type":"Feature","properties":{"grade":"Destroyed","kind":"road","name":null,"aoi":"AOI05","locality":"Phosretar","product":"EMSR927_AOI05_GRA_PRODUCT_v3","post_event_date":"2026-08-31","method":"Photo-interpretation"},"geometry":{"type":"MultiLineString","coordinates":[[[84.9584464,27.81715459],[84.9583334,27.8171497]]]}},{"type":"Feature","properties":{"grade":"No visible damage","kind":"road","name":null,"aoi":"AOI05","locality":"Phosretar","product":"EMSR927_AOI05_GRA_PRODUCT_v3","post_event_date":"2026-08-31","method":"Photo-interpretation"},"geometry":{"type":"MultiLineString","coordinates":[[[84.9651378,27.8162446],[84.9652544,27.8163544],[84.9653015,27.8164755],[84.9653015,27.8166517],[84.9652116,27.8168438],[84.965177,27.8169417],[84.9649971,27.8170738],[84.964874,27.8172304],[84.9647536,27.8173246],[84.964477,27.8175045],[84.9644202,27.8176207],[84.9642888,27.8178544],[84.9641795,27.8179915],[84.9641519,27.8180624],[84.9641519,27.8180857],[84.9641781,27.8181151],[84.964221,27.8181346],[84.9642617,27.8181457],[84.9643151,27.8181603],[84.9643857,27.8181897],[84.9644175,27.8182252],[84.9645074,27.8183634],[84.9644783,27.8184454],[84.9644299,27.8185188],[84.9646098,27.8188321],[84.9647119,27.81891515]]]}},{"type":"Feature","properties":{"grade":"No visible damage","kind":"road","name":null,"aoi":"AOI05","locality":"Phosretar","product":"EMSR927_AOI05_GRA_PRODUCT_v3","post_event_date":"2026-08-31","method":"Photo-interpretation"},"geometry":{"type":"MultiLineString","coordinates":[[[84.95458631,27.81723845],[84.95458454,27.81730065],[84.95464319,27.81742019],[84.95465446,27.817551],[84.95463191,27.8176525],[84.95453718,27.8177788],[84.95444471,27.81795698],[84.95437704,27.81808103],[84.95432597,27.81819621]]]}},{"type":"Feature","properties":{"grade":"Destroyed","kind":"road","name":null,"aoi":"AOI05","locality":"Phosretar","product":"EMSR927_AOI05_GRA_PRODUCT_v3","post_event_date":"2026-08-31","method":"Photo-interpretation"},"geometry":{"type":"MultiLineString","coordinates":[[[84.95735514,27.81897658],[84.95737016,27.81897985]],[[84.96159162,27.81754284],[84.9616065,27.8175413],[84.96161251,27.81754156]]]}},{"type":"Feature","properties":{"grade":"No visible damage","kind":"road","name":null,"aoi":"AOI05","locality":"Phosretar","product":"EMSR927_AOI05_GRA_PRODUCT_v3","post_event_date":"2026-08-31","method":"Photo-interpretation"},"geometry":{"type":"MultiLineString","coordinates":[[[84.95737016,27.81897985],[84.95751,27.8190103],[84.9576592,27.8190135],[84.9579593,27.8189744],[84.958101,27.8190054],[84.9582754,27.8190215],[84.9583752,27.8190043],[84.9584823,27.8189052],[84.9587258,27.8188557],[84.9590398,27.8188191],[84.9596777,27.8185758],[84.9598213,27.8184423],[84.9599309,27.8183777],[84.9600867,27.8183561],[84.9601963,27.8183561],[84.9602231,27.818326],[84.9602279,27.8182377],[84.9603691,27.8180482],[84.9604422,27.8180202],[84.9605201,27.818031],[84.9606029,27.8180181],[84.9606442,27.8179621],[84.9606929,27.8179664],[84.960822,27.817904],[84.9609607,27.817891],[84.9611604,27.8178178],[84.9612407,27.8177403],[84.9615417,27.817548],[84.96159162,27.81754284]],[[84.9529064,27.8182874],[84.9531393,27.8182873],[84.9533252,27.818315],[84.9536272,27.8183117],[84.953907,27.8182091],[84.9541243,27.8181538],[84.95432597,27.81819621],[84.9543949,27.8182107],[84.9545495,27.8182335],[84.954846,27.8183426],[84.954927,27.8184094],[84.9549748,27.8185071],[84.9550246,27.8185755],[84.9551405,27.8186162],[84.9552142,27.8186015],[84.9553762,27.8186032],[84.9556266,27.8187106],[84.9560629,27.8188881],[84.9563612,27.8189777],[84.9565435,27.8189972],[84.9568454,27.8189581],[84.9571271,27.818924],[84.9572928,27.818963],[84.95735514,27.81897658]],[[84.96161251,27.81754156],[84.9616575,27.8175435],[84.9617734,27.8176348],[84.9618206,27.8177949],[84.9619098,27.8179651],[84.962013,27.8180654]]]}},{"type":"Feature","properties":{"grade":"No visible damage","kind":"road","name":null,"aoi":"AOI05","locality":"Phosretar","product":"EMSR927_AOI05_GRA_PRODUCT_v3","post_event_date":"2026-08-31","method":"Photo-interpretation"},"geometry":{"type":"MultiLineString","coordinates":[[[84.94931578,27.81843397],[84.9493671,27.8184389],[84.9497872,27.8185286],[84.9501287,27.8184567],[84.9506572,27.8180971],[84.9509987,27.8180468],[84.9511858,27.8181187],[84.9515519,27.8181878],[84.9518765,27.8181901],[84.9521313,27.8181807],[84.9525121,27.8182566],[84.9529064,27.8182874]]]}},{"type":"Feature","properties":{"grade":"Not Analysed","kind":"road","name":null,"aoi":"AOI05","locality":"Phosretar","product":"EMSR927_AOI05_GRA_PRODUCT_v3","post_event_date":"2026-08-31","method":"Photo-interpretation"},"geometry":{"type":"MultiLineString","coordinates":[[[84.996118,27.7959658],[84.9961902,27.7959153],[84.996323,27.7958646],[84.9964337,27.7958359],[84.9965955,27.7957901],[84.996741,27.7957611],[84.99680347,27.7957393]],[[84.99711234,27.7952396],[84.9971139,27.7952301],[84.9971008,27.7951383],[84.9970767,27.7950838],[84.9970405,27.795047],[84.9970244,27.794996],[84.99702978,27.79496978]]]}},{"type":"Feature","properties":{"grade":"Not Analysed","kind":"road","name":null,"aoi":"AOI05","locality":"Phosretar","product":"EMSR927_AOI05_GRA_PRODUCT_v3","post_event_date":"2026-08-31","method":"Photo-interpretation"},"geometry":{"type":"MultiLineString","coordinates":[[[84.99680347,27.7957393],[84.9969026,27.7957047],[84.9969469,27.7956757],[84.9969959,27.7956003],[84.9970324,27.7955286],[84.9970977,27.7953286],[84.99711234,27.7952396]]]}},{"type":"Feature","properties":{"grade":"Not Analysed","kind":"road","name":"Prithvi Rajmarg","aoi":"AOI05","locality":"Phosretar","product":"EMSR927_AOI05_GRA_PRODUCT_v3","post_event_date":"2026-08-31","method":"Photo-interpretation"},"geometry":{"type":"MultiLineString","coordinates":[[[84.9943641,27.7972978],[84.99441694,27.79675817]],[[84.99444251,27.79652366],[84.99444466,27.79651638]],[[84.99447743,27.79640535],[84.9945041,27.796315],[84.9946226,27.7961617],[84.9947546,27.7960649],[84.9949338,27.7960156],[84.9951588,27.7960115],[84.9955881,27.7959723],[84.996118,27.7959658],[84.9970682,27.7961038],[84.9973187,27.79611203]],[[85.00702978,27.79560373],[85.0070867,27.7955267],[85.007244,27.7952802],[85.007364,27.7949895],[85.0074268,27.7947826],[85.0074917,27.7944941],[85.00757,27.7942224],[85.00769833,27.79390621]]]}},{"type":"Feature","properties":{"grade":"Not Analysed","kind":"road","name":null,"aoi":"AOI05","locality":"Phosretar","product":"EMSR927_AOI05_GRA_PRODUCT_v3","post_event_date":"2026-08-31","method":"Photo-interpretation"},"geometry":{"type":"MultiLineString","coordinates":[[[84.9993004,27.7953211],[84.9992117,27.7958229],[84.9991313,27.7963496]]]}},{"type":"Feature","properties":{"grade":"Not Analysed","kind":"road","name":null,"aoi":"AOI05","locality":"Phosretar","product":"EMSR927_AOI05_GRA_PRODUCT_v3","post_event_date":"2026-08-31","method":"Photo-interpretation"},"geometry":{"type":"MultiLineString","coordinates":[[[84.9933452,27.79601925],[84.9932822,27.7958427],[84.99313276,27.79566566]]]}},{"type":"Feature","properties":{"grade":"Not Analysed","kind":"road","name":null,"aoi":"AOI05","locality":"Phosretar","product":"EMSR927_AOI05_GRA_PRODUCT_v3","post_event_date":"2026-08-31","method":"Photo-interpretation"},"geometry":{"type":"MultiLineString","coordinates":[[[85.00152448,27.79501213],[85.0015251,27.795047],[85.0015811,27.7951181],[85.0017638,27.7952048],[85.0017974,27.7952771],[85.0017799,27.7953661],[85.0016955,27.7954705],[85.0016043,27.7955761],[85.0015654,27.7956603],[85.0015721,27.7957837],[85.0016391,27.7959486],[85.0017209,27.7961361],[85.0016955,27.7962155],[85.0016405,27.7962808],[85.001556,27.7963627],[85.0015131,27.796422],[85.0014661,27.7965193],[85.0014352,27.7966417],[85.00142514,27.79667819]]]}},{"type":"Feature","properties":{"grade":"Not Analysed","kind":"road","name":null,"aoi":"AOI05","locality":"Phosretar","product":"EMSR927_AOI05_GRA_PRODUCT_v3","post_event_date":"2026-08-31","method":"Photo-interpretation"},"geometry":{"type":"MultiLineString","coordinates":[[[84.99335815,27.79615834],[84.9933671,27.7961495],[84.9933671,27.7960806],[84.9933452,27.79601925]],[[84.9930102,27.79594035],[84.9930212,27.7959522],[84.99316205,27.79607459]],[[84.99280703,27.79586956],[84.9928335,27.7958783]]]}},{"type":"Feature","properties":{"grade":"Not Analysed","kind":"road","name":"Pasang Lhamu Highway","aoi":"AOI05","locality":"Phosretar","product":"EMSR927_AOI05_GRA_PRODUCT_v3","post_event_date":"2026-08-31","method":"Photo-interpretation"},"geometry":{"type":"MultiLineString","coordinates":[[[85.00017454,27.79621333],[85.0002055,27.7960495],[85.0002524,27.7958216]]]}},{"type":"Feature","properties":{"grade":"No visible damage","kind":"road","name":"Prithvi Rajmarg","aoi":"AOI05","locality":"Phosretar","product":"EMSR927_AOI05_GRA_PRODUCT_v3","post_event_date":"2026-08-31","method":"Photo-interpretation"},"geometry":{"type":"MultiLineString","coordinates":[[[84.99441694,27.79675817],[84.9944386,27.7965369],[84.99444251,27.79652366]],[[84.99444466,27.79651638],[84.99447743,27.79640535]],[[84.9973187,27.79611203],[84.9973786,27.796114],[84.9975277,27.7961135],[84.9976946,27.796073],[84.9978249,27.7960011],[84.9979309,27.7959097],[84.9981414,27.7956868],[84.9983369,27.7954888],[84.9986052,27.7953547],[84.9988216,27.7953142],[84.9990536,27.7952895],[84.9993004,27.7953211],[84.9995522,27.7954091],[84.9998203,27.7955549],[85.0002524,27.7958216],[85.0004835,27.7960231],[85.0005817,27.7961742],[85.0006304,27.7962838],[85.00063769,27.79636449]],[[85.0069969,27.79564823],[85.00702978,27.79560373]]]}},{"type":"Feature","properties":{"grade":"No visible damage","kind":"road","name":null,"aoi":"AOI05","locality":"Phosretar","product":"EMSR927_AOI05_GRA_PRODUCT_v3","post_event_date":"2026-08-31","method":"Photo-interpretation"},"geometry":{"type":"MultiLineString","coordinates":[[[85.0055868,27.796252],[85.005531,27.7962072],[85.0054532,27.7962096],[85.0052306,27.7963377],[85.0050697,27.7964398],[85.00493284,27.79646585]],[[85.00374928,27.79613207],[85.0037098,27.7961147],[85.0033101,27.7958917],[85.0029856,27.795633],[85.0029516,27.79558264]]]}},{"type":"Feature","properties":{"grade":"Not Analysed","kind":"road","name":null,"aoi":"AOI05","locality":"Phosretar","product":"EMSR927_AOI05_GRA_PRODUCT_v3","post_event_date":"2026-08-31","method":"Photo-interpretation"},"geometry":{"type":"MultiLineString","coordinates":[[[85.00692653,27.79314818],[85.00680077,27.79320633]],[[85.00669264,27.79339502],[85.0066883,27.7934381],[85.0067025,27.7935696],[85.0066671,27.7936072],[85.0065574,27.7937355],[85.0064724,27.7939046],[85.0064122,27.7940079],[85.0063521,27.7941332],[85.0063485,27.7943398],[85.0063946,27.7944964],[85.0063769,27.7946153]]]}},{"type":"Feature","properties":{"grade":"Not Analysed","kind":"road","name":null,"aoi":"AOI05","locality":"Phosretar","product":"EMSR927_AOI05_GRA_PRODUCT_v3","post_event_date":"2026-08-31","method":"Photo-interpretation"},"geometry":{"type":"MultiLineString","coordinates":[[[85.00581823,27.79492086],[85.00600666,27.7950173]],[[85.00616727,27.79501211],[85.0063211,27.7949924],[85.0064452,27.7949254],[85.0064999,27.7948267],[85.0065315,27.794501],[85.0066535,27.7941399],[85.0069964,27.7937695],[85.0070217,27.7937919],[85.0068786,27.7941288],[85.0068786,27.7943577],[85.0070217,27.7948174],[85.007007,27.7949719],[85.0069333,27.795132],[85.0068744,27.79532],[85.00666901,27.79551731]]]}},{"type":"Feature","properties":{"grade":"Not Analysed","kind":"road","name":null,"aoi":"AOI05","locality":"Phosretar","product":"EMSR927_AOI05_GRA_PRODUCT_v3","post_event_date":"2026-08-31","method":"Photo-interpretation"},"geometry":{"type":"MultiLineString","coordinates":[[[85.00588579,27.79480296],[85.0058924,27.7948026],[85.0060766,27.7947413]]]}},{"type":"Feature","properties":{"grade":"Not Analysed","kind":"road","name":null,"aoi":"AOI05","locality":"Phosretar","product":"EMSR927_AOI05_GRA_PRODUCT_v3","post_event_date":"2026-08-31","method":"Photo-interpretation"},"geometry":{"type":"MultiLineString","coordinates":[[[85.00666901,27.79551731],[85.00636762,27.79580684]],[[85.00600666,27.7950173],[85.0060307,27.7950296],[85.00616727,27.79501211]]]}},{"type":"Feature","properties":{"grade":"No visible damage","kind":"road","name":null,"aoi":"AOI05","locality":"Phosretar","product":"EMSR927_AOI05_GRA_PRODUCT_v3","post_event_date":"2026-08-31","method":"Photo-interpretation"},"geometry":{"type":"MultiLineString","coordinates":[[[85.00636762,27.79580684],[85.0063126,27.7958597],[85.006077,27.7961817],[85.0059066,27.7962766],[85.005734,27.7962729],[85.0055868,27.796252]]]}},{"type":"Feature","properties":{"grade":"No visible damage","kind":"road","name":null,"aoi":"AOI05","locality":"Phosretar","product":"EMSR927_AOI05_GRA_PRODUCT_v3","post_event_date":"2026-08-31","method":"Photo-interpretation"},"geometry":{"type":"MultiLineString","coordinates":[[[85.01140649,27.80091928],[85.0113311,27.8009479],[85.0112309,27.8010339],[85.0110221,27.8010314],[85.0108761,27.800996],[85.0107388,27.8010036],[85.0105471,27.8010238],[85.0103869,27.8010744],[85.0103039,27.8011554],[85.0103096,27.8012617],[85.0102095,27.8012642],[85.0101751,27.8011959],[85.0101809,27.8010643],[85.0103554,27.800958],[85.0105271,27.8008897],[85.0106987,27.8008644],[85.0107703,27.80071],[85.0107789,27.8005986],[85.01080024,27.80041385]],[[85.01029863,27.79999567],[85.0102667,27.7999963],[85.0101008,27.8000772],[85.0099234,27.800138],[85.0097517,27.8001329],[85.0096373,27.8001864],[85.0095407,27.800281],[85.0095247,27.8003427],[85.0095086,27.8004139],[85.00953,27.8004851],[85.0095729,27.8005325],[85.0095461,27.8005705],[85.0094495,27.80058],[85.0093101,27.8006085],[85.0089828,27.8007556],[85.0088863,27.800803],[85.0087736,27.8008125],[85.0086449,27.800841],[85.0084679,27.8009264],[85.0083445,27.8009406],[85.0082426,27.8009406],[85.0081621,27.8009074],[85.007808,27.8007271],[85.0077329,27.8007081],[85.0076471,27.8007081],[85.0075184,27.8007461],[85.0073628,27.8007935],[85.007277,27.8007935],[85.0072019,27.8007698],[85.0070838,27.8007129],[85.0070034,27.8006891],[85.0069283,27.8007129],[85.006762,27.8007603],[85.0067137,27.8007461],[85.006703,27.8007129],[85.0067405,27.8006749],[85.0070087,27.8004566],[85.0070892,27.8003949],[85.0073413,27.8003617],[85.0074003,27.800319],[85.0074433,27.8002716],[85.0074433,27.8002383],[85.0074057,27.8002194],[85.007336,27.8002146],[85.0071911,27.8002006],[85.0070248,27.8002006],[85.0069229,27.8002336],[85.0068639,27.8002858],[85.0068049,27.8004092],[85.0067512,27.8004519],[85.0066815,27.8004519],[85.0065206,27.8004329],[85.0064026,27.8004376],[85.0062738,27.8004993],[85.0061612,27.80058],[85.0060807,27.8006702],[85.0059841,27.8007176],[85.0058876,27.8007271],[85.005791,27.8006891],[85.0056623,27.800599],[85.0055067,27.8004946],[85.0054316,27.8004614],[85.0053458,27.8004661],[85.0052599,27.8005183],[85.0048147,27.8009169],[85.0047975,27.8009814],[85.0048201,27.8010735],[85.0047557,27.8010972],[85.00503,27.8010967],[85.0053821,27.8012005],[85.0055682,27.8012077],[85.0058029,27.8012649],[85.0060942,27.8013938],[85.006252,27.8015262],[85.0064723,27.8015829],[85.0068671,27.8018412],[85.0072919,27.8020452],[85.0074781,27.8020882],[85.007907,27.8023244],[85.0079838,27.8024908],[85.0082023,27.8026447],[85.0084006,27.8028541],[85.0086677,27.8030152],[85.0089347,27.8032514],[85.0094526,27.8034661],[85.0097015,27.8035843],[85.0097379,27.8037006],[85.0097821,27.8037547]]]}},{"type":"Feature","properties":{"grade":"No visible damage","kind":"road","name":null,"aoi":"AOI05","locality":"Phosretar","product":"EMSR927_AOI05_GRA_PRODUCT_v3","post_event_date":"2026-08-31","method":"Photo-interpretation"},"geometry":{"type":"MultiLineString","coordinates":[[[85.0097821,27.8037547],[85.009809,27.8038258],[85.0097398,27.8038472],[85.0096641,27.8038211],[85.0096158,27.8037547],[85.009493,27.8036954],[85.0093213,27.8036859],[85.0091014,27.8037333],[85.0089405,27.8038092],[85.0088224,27.8038092],[85.0086991,27.8037855],[85.0084255,27.8037143],[85.0083397,27.8036479],[85.008227,27.8036052],[85.0080983,27.8035957],[85.0079266,27.8036289],[85.007771,27.8036479],[85.0075886,27.8036384],[85.0073204,27.8035625],[85.007079,27.8035293],[85.0069985,27.8035198],[85.0069015,27.8034747],[85.0067942,27.8034225],[85.0066171,27.8033893],[85.0063918,27.8032896],[85.0062577,27.8032327],[85.0059147,27.8031709]]]}},{"type":"Feature","properties":{"grade":"No visible damage","kind":"road","name":null,"aoi":"AOI05","locality":"Phosretar","product":"EMSR927_AOI05_GRA_PRODUCT_v3","post_event_date":"2026-08-31","method":"Photo-interpretation"},"geometry":{"type":"MultiLineString","coordinates":[[[85.0146723,27.80520761],[85.0145511,27.8051972],[85.0143741,27.8051639],[85.0141166,27.805126],[85.0138752,27.8049979],[85.0137947,27.8049267],[85.0137786,27.8048745],[85.0138055,27.8048033],[85.0137733,27.8047037],[85.0136767,27.8045756],[85.0135104,27.8044569],[85.0133924,27.804438],[85.0132797,27.804438],[85.013151,27.8044996],[85.0129096,27.8047606],[85.0127969,27.8048033],[85.012695,27.8048081],[85.0125824,27.8047701],[85.0123893,27.8047369],[85.0121264,27.8047274],[85.0120245,27.8046989],[85.0118957,27.8046278],[85.0117884,27.8045471],[85.0116007,27.8044522],[85.0114558,27.8043573],[85.0114451,27.8042766],[85.0113915,27.804177],[85.011311,27.80412],[85.0112144,27.8041011],[85.0110374,27.8041485],[85.0108765,27.8041722],[85.010737,27.8041343],[85.0106995,27.8040678],[85.010619,27.8040394],[85.0105385,27.8039967],[85.0104849,27.8039207],[85.0104259,27.8038164],[85.0103615,27.8037831],[85.0102757,27.8037831],[85.010163,27.8038353],[85.0100557,27.8038733],[85.0099699,27.8038875],[85.009809,27.8038258]]]}},{"type":"Feature","properties":{"grade":"No visible damage","kind":"road","name":"Pasang Lhamu Highway","aoi":"AOI05","locality":"Phosretar","product":"EMSR927_AOI05_GRA_PRODUCT_v3","post_event_date":"2026-08-31","method":"Photo-interpretation"},"geometry":{"type":"MultiLineString","coordinates":[[[85.01608738,27.8097],[85.0160739,27.80969346]],[[85.0160075,27.8096612],[85.0159758,27.8096458],[85.01597126,27.80964537]],[[85.01594998,27.80964336],[85.01593174,27.80964164]],[[85.01592262,27.80964078],[85.01590742,27.80963935]],[[85.01581701,27.80962031],[85.01580741,27.80961377]],[[85.01578636,27.80959943],[85.01578034,27.80959533]],[[85.01575628,27.80957894],[85.01575612,27.80957883]],[[85.01575327,27.80957689],[85.0157392,27.8095673],[85.01573518,27.80956736]],[[85.01573213,27.8095674],[85.015649,27.8095686],[85.0155344,27.8095747],[85.0154687,27.8095244],[85.01544765,27.80952366]],[[85.01493495,27.80901388],[85.0149844,27.8084294],[85.0150048,27.8082628],[85.0150182,27.8081359],[85.015004,27.808026],[85.0149841,27.8079323],[85.01497511,27.80790529]],[[85.01492448,27.80776872],[85.01492351,27.80776648]],[[85.01492234,27.80776375],[85.01490832,27.80773106]],[[85.01488859,27.80767663],[85.01488091,27.80765311]],[[85.01468328,27.8073029],[85.0146694,27.8072943],[85.01466218,27.80729079]],[[85.01464709,27.80728345],[85.0145621,27.8072421],[85.01455924,27.80723872]],[[85.01455691,27.80723598],[85.01455662,27.80723564]],[[85.01455459,27.80723324],[85.01455364,27.80723212]],[[85.01445466,27.80711539],[85.0144495,27.8071093],[85.01441639,27.80701737]],[[85.01434173,27.80694591],[85.0143046,27.8069147],[85.01429637,27.80690864]],[[85.01295181,27.80620305],[85.0129099,27.806165],[85.0128535,27.80612569]],[[85.01284579,27.80612031],[85.0128079,27.8060939],[85.01280538,27.80609287]],[[85.01280484,27.80609265],[85.01280236,27.80609163]],[[85.01277742,27.80608142],[85.01272379,27.80605947]],[[85.01272258,27.80605897],[85.01272076,27.80605823]],[[85.01271572,27.80605617],[85.0126883,27.80604494]],[[85.01260874,27.80602342],[85.01260571,27.80602262]],[[85.0126036,27.80602207],[85.01259056,27.80601865]],[[85.01115169,27.80544762],[85.01110034,27.80542479]],[[85.01104598,27.80540062],[85.0109834,27.8053728],[85.010807,27.8052635],[85.0107114,27.8051572],[85.010584,27.8050312],[85.0104721,27.8049464],[85.0103624,27.8049069],[85.0099694,27.8047752],[85.0093612,27.8045888],[85.0091226,27.80449],[85.0089477,27.8043866],[85.0087486,27.8043595],[85.0085442,27.8043536],[85.0080551,27.8042375],[85.0078451,27.8042035],[85.007402,27.8041553],[85.0072298,27.8041204],[85.0070527,27.8040599],[85.0069146,27.8039885],[85.0068105,27.8039035],[85.0066456,27.8037053],[85.006527,27.8035817],[85.0062238,27.8033251],[85.0061024,27.8032516],[85.0059147,27.8031709],[85.0056894,27.8030997],[85.0054881,27.8030096],[85.0053298,27.8028827],[85.0051314,27.8026941],[85.0046701,27.8023974],[85.0045547,27.8022421],[85.0043535,27.8020926],[85.0041108,27.8019253],[85.0037957,27.8016809],[85.0036146,27.8014995],[85.00348907,27.80140492]],[[85.00348854,27.80140452],[85.00348607,27.80140266]],[[85.00348488,27.80140176],[85.00348307,27.8014004]],[[85.00346289,27.8013852],[85.00345604,27.80138003]],[[85.00295366,27.80104823],[85.00274817,27.8009642]],[[85.0026424,27.80092094],[85.0025457,27.8008814],[85.0022802,27.8007367],[85.0020522,27.8006251],[85.0018457,27.8005789],[85.0015667,27.8005397],[85.0014715,27.800516],[85.0013722,27.8004792],[85.0013146,27.8004389],[85.0012703,27.8003786],[85.0012596,27.8003493],[85.0012381,27.8003226],[85.0011674,27.8002921]]]}},{"type":"Feature","properties":{"grade":"No visible damage","kind":"road","name":"Pasang Lhamu Highway","aoi":"AOI05","locality":"Phosretar","product":"EMSR927_AOI05_GRA_PRODUCT_v3","post_event_date":"2026-08-31","method":"Photo-interpretation"},"geometry":{"type":"MultiLineString","coordinates":[[[85.0161977,27.8097536],[85.01608738,27.8097]],[[85.0160739,27.80969346],[85.0160075,27.8096612]],[[85.01597126,27.80964537],[85.01594998,27.80964336]],[[85.01593174,27.80964164],[85.01592262,27.80964078]],[[85.01590742,27.80963935],[85.0158349,27.8096325],[85.01581701,27.80962031]],[[85.01580741,27.80961377],[85.01578636,27.80959943]],[[85.01578034,27.80959533],[85.01575628,27.80957894]],[[85.01575612,27.80957883],[85.01575327,27.80957689]],[[85.01573518,27.80956736],[85.01573213,27.8095674]],[[85.01497511,27.80790529],[85.0149475,27.8078224],[85.01492448,27.80776872]],[[85.01492351,27.80776648],[85.01492234,27.80776375]],[[85.01490832,27.80773106],[85.0149001,27.8077119],[85.01488859,27.80767663]],[[85.01488091,27.80765311],[85.014851,27.8075615],[85.0148081,27.8074476],[85.0147767,27.8073608],[85.01468328,27.8073029]],[[85.01466218,27.80729079],[85.01464709,27.80728345]],[[85.01455924,27.80723872],[85.01455691,27.80723598]],[[85.01455662,27.80723564],[85.01455459,27.80723324]],[[85.01455364,27.80723212],[85.01445466,27.80711539]],[[85.01441639,27.80701737],[85.0144119,27.8070049],[85.01434173,27.80694591]],[[85.01429637,27.80690864],[85.0142081,27.8068436],[85.0140471,27.8067629],[85.0138425,27.8066837],[85.0136716,27.8066016],[85.0134884,27.8065271],[85.0133176,27.806426],[85.0131566,27.8063359],[85.0130056,27.8062519],[85.01295181,27.80620305]],[[85.0128535,27.80612569],[85.01284579,27.80612031]],[[85.01280538,27.80609287],[85.01280484,27.80609265]],[[85.01280236,27.80609163],[85.01277742,27.80608142]],[[85.01272379,27.80605947],[85.01272258,27.80605897]],[[85.01272076,27.80605823],[85.01271572,27.80605617]],[[85.0126883,27.80604494],[85.0126838,27.8060431],[85.01260874,27.80602342]],[[85.01260571,27.80602262],[85.0126036,27.80602207]],[[85.01259056,27.80601865],[85.0124432,27.80598],[85.0122661,27.805923],[85.011837,27.805719],[85.0113408,27.8055317],[85.01115169,27.80544762]],[[85.01110034,27.80542479],[85.01104598,27.80540062]],[[85.00348907,27.80140492],[85.00348854,27.80140452]],[[85.00348607,27.80140266],[85.00348488,27.80140176]],[[85.00348307,27.8014004],[85.00346289,27.8013852]],[[85.00345604,27.80138003],[85.0033611,27.8013085],[85.0032458,27.80121],[85.0030272,27.8010783],[85.00295366,27.80104823]],[[85.00274817,27.8009642],[85.0026424,27.80092094]]]}},{"type":"Feature","properties":{"grade":"No visible damage","kind":"road","name":null,"aoi":"AOI05","locality":"Phosretar","product":"EMSR927_AOI05_GRA_PRODUCT_v3","post_event_date":"2026-08-31","method":"Photo-interpretation"},"geometry":{"type":"MultiLineString","coordinates":[[[85.0017517,27.8091307],[85.0016658,27.8090216],[85.0015282,27.8088415],[85.0014799,27.8087276],[85.0014478,27.8086327],[85.0014352,27.8084569],[85.0014512,27.8082766],[85.0014405,27.8080062],[85.001462,27.8078069],[85.0015049,27.8076171],[85.0015049,27.8074368],[85.0015317,27.8072565],[85.0015263,27.8070619],[85.00158,27.8068864],[85.0015907,27.8065874],[85.0015746,27.8063454],[85.0015478,27.8061699],[85.0015103,27.8059231],[85.0014942,27.8057808],[85.0015103,27.8055435],[85.0015371,27.8054012],[85.0015478,27.8053442],[85.0015371,27.8052873],[85.0014942,27.8052399],[85.0013815,27.8051212],[85.0013386,27.80505],[85.0013279,27.8049646],[85.0013654,27.8048982],[85.0013869,27.804827],[85.0013922,27.8047606],[85.0012957,27.8036977],[85.0012948,27.8036798],[85.0012796,27.8033655],[85.00128025,27.8033456],[85.0012809,27.8033257]]]}},{"type":"Feature","properties":{"grade":"No visible damage","kind":"road","name":null,"aoi":"AOI05","locality":"Phosretar","product":"EMSR927_AOI05_GRA_PRODUCT_v3","post_event_date":"2026-08-31","method":"Photo-interpretation"},"geometry":{"type":"MultiLineString","coordinates":[[[85.0033155,27.8088365],[85.003286,27.808687],[85.0032726,27.8086111],[85.0032887,27.8085399],[85.0033155,27.8084474],[85.0033638,27.8082908],[85.003396,27.8081342],[85.0034032,27.8080726],[85.0034201,27.8079278],[85.003455,27.8078472],[85.0034818,27.807757],[85.0034952,27.8076984],[85.0035435,27.8074865],[85.003581,27.8074462],[85.0037178,27.8074106],[85.0037742,27.8073822],[85.003801,27.8073442],[85.0037903,27.8072944],[85.003809,27.8070381],[85.0038385,27.8069622],[85.0038895,27.8069148],[85.0042808,27.8067369],[85.0043696,27.8066965],[85.0044581,27.8066538],[85.0044984,27.8066087],[85.0045279,27.8065494],[85.0046244,27.806426],[85.0047344,27.806324],[85.0048068,27.8062671],[85.004831,27.806203]]]}},{"type":"Feature","properties":{"grade":"No visible damage","kind":"road","name":null,"aoi":"AOI05","locality":"Phosretar","product":"EMSR927_AOI05_GRA_PRODUCT_v3","post_event_date":"2026-08-31","method":"Photo-interpretation"},"geometry":{"type":"MultiLineString","coordinates":[[[84.9992325,27.8094774],[84.9991821,27.8095504],[84.999023,27.809542],[84.9988638,27.809605],[84.9987261,27.8096807],[84.9986999,27.8097668],[84.99865826,27.80986041]],[[84.99445245,27.80914821],[84.9945023,27.8090723],[84.9944669,27.8089095],[84.994513,27.8087843],[84.9944422,27.8086779],[84.9943643,27.8085464],[84.9943395,27.8083304],[84.9942369,27.8081394],[84.9941201,27.8080862],[84.9940815,27.8080452],[84.9940815,27.8079503],[84.9940744,27.8077212],[84.9941013,27.8074905],[84.9940571,27.8073042],[84.9939538,27.8071679],[84.9937221,27.8070403],[84.9935909,27.8069597],[84.9934308,27.8067889],[84.9933967,27.806636]]]}},{"type":"Feature","properties":{"grade":"No visible damage","kind":"road","name":null,"aoi":"AOI05","locality":"Phosretar","product":"EMSR927_AOI05_GRA_PRODUCT_v3","post_event_date":"2026-08-31","method":"Photo-interpretation"},"geometry":{"type":"MultiLineString","coordinates":[[[85.0007909,27.8093516],[85.0009062,27.8093896],[85.0010698,27.8094394],[85.0011328,27.8094622],[85.0012012,27.8094869],[85.0013273,27.809494],[85.0014694,27.8094821],[85.0015392,27.8094299],[85.0016357,27.8093896],[85.0017591,27.8093801],[85.0018637,27.8093754],[85.0018784,27.8093478],[85.0018706,27.8092891],[85.001812,27.8091924],[85.0017517,27.8091307]]]}},{"type":"Feature","properties":{"grade":"No visible damage","kind":"road","name":null,"aoi":"AOI05","locality":"Phosretar","product":"EMSR927_AOI05_GRA_PRODUCT_v3","post_event_date":"2026-08-31","method":"Photo-interpretation"},"geometry":{"type":"MultiLineString","coordinates":[[[84.9992325,27.8094774],[84.9993076,27.8094394],[84.9994229,27.8094204],[84.999498,27.8094015],[84.9995383,27.8094015],[84.9996402,27.809373],[84.9997206,27.8093801],[84.9997984,27.809354],[84.9998548,27.8093208],[84.9999567,27.8093113],[85.000072,27.8093113],[85.0001713,27.8093255],[85.0003188,27.8093516],[85.0003509,27.8093516],[85.0003743,27.8093085],[85.0004391,27.8092744],[85.0004977,27.8092669],[85.0005607,27.8092706],[85.0006148,27.8092921],[85.0007318,27.8093374],[85.0007909,27.8093516]]]}},{"type":"Feature","properties":{"grade":"No visible damage","kind":"road","name":null,"aoi":"AOI05","locality":"Phosretar","product":"EMSR927_AOI05_GRA_PRODUCT_v3","post_event_date":"2026-08-31","method":"Photo-interpretation"},"geometry":{"type":"MultiLineString","coordinates":[[[85.0054263,27.8065684],[85.0055497,27.8065874],[85.0056371,27.8066296],[85.0057552,27.8066913],[85.0058394,27.8066823],[85.0059091,27.8066491],[85.0059912,27.8065537],[85.0060325,27.8064972],[85.0060915,27.8064972],[85.0061773,27.8065494],[85.0062916,27.8065679],[85.0063651,27.8065589],[85.0065689,27.8065779],[85.006687,27.8065826],[85.0068264,27.8065684],[85.0070158,27.806511],[85.0071376,27.8065399],[85.0072127,27.8065115],[85.0072663,27.8064118],[85.0073682,27.8063549],[85.0074503,27.8063164],[85.0076096,27.8063027],[85.0077598,27.8063264],[85.007799,27.8063971],[85.0078848,27.8063591],[85.0081193,27.8063691],[85.0083301,27.8064256],[85.008645,27.8064545],[85.0087469,27.8065257],[85.0089041,27.8065489],[85.0090596,27.8066296],[85.0091868,27.8067487],[85.0093547,27.8068147],[85.0095837,27.8069006],[85.009698,27.8069997],[85.0098482,27.8070804],[85.009911,27.8071758],[85.0099555,27.8072844],[85.0100199,27.8073461],[85.0101202,27.8074035],[85.0102221,27.8074177],[85.0105064,27.8074842],[85.0108943,27.8076166],[85.0112306,27.8077689],[85.0117027,27.8079824],[85.0120675,27.8081769],[85.0121265,27.8082481],[85.0121158,27.8083572],[85.0117832,27.8090547],[85.0117939,27.8091259],[85.0119655,27.8090974],[85.0123518,27.8090358],[85.0125449,27.8090168],[85.0126951,27.8090263]]]}},{"type":"Feature","properties":{"grade":"No visible damage","kind":"road","name":"Pasang Lhamu Highway","aoi":"AOI05","locality":"Phosretar","product":"EMSR927_AOI05_GRA_PRODUCT_v3","post_event_date":"2026-08-31","method":"Photo-interpretation"},"geometry":{"type":"MultiLineString","coordinates":[[[85.01544765,27.80952366],[85.0153346,27.8095197],[85.0151951,27.8094817],[85.0150878,27.8094295],[85.0149966,27.8093584],[85.0149476,27.809311],[85.0149307,27.8092498],[85.0149264,27.809115],[85.01493495,27.80901388]]]}},{"type":"Feature","properties":{"grade":"Destroyed","kind":"bridge","name":null,"aoi":"AOI05","locality":"Phosretar","product":"EMSR927_AOI05_GRA_PRODUCT_v3","post_event_date":"2026-08-31","method":"Photo-interpretation"},"geometry":{"type":"MultiLineString","coordinates":[[[85.01301989,27.80946033],[85.01331157,27.80985012]]]}},{"type":"Feature","properties":{"grade":"Destroyed","kind":"bridge","name":null,"aoi":"AOI05","locality":"Phosretar","product":"EMSR927_AOI05_GRA_PRODUCT_v3","post_event_date":"2026-08-31","method":"Photo-interpretation"},"geometry":{"type":"MultiLineString","coordinates":[[[85.01357996,27.81020878],[85.01358888,27.8102207]],[[85.01331157,27.80985012],[85.01353289,27.81014587]],[[85.01282792,27.80920379],[85.01301989,27.80946033]]]}},{"type":"Feature","properties":{"grade":"Destroyed","kind":"road","name":null,"aoi":"AOI05","locality":"Phosretar","product":"EMSR927_AOI05_GRA_PRODUCT_v3","post_event_date":"2026-08-31","method":"Photo-interpretation"},"geometry":{"type":"MultiLineString","coordinates":[[[85.0161977,27.8097536],[85.0165414,27.8098184],[85.0172309,27.8100013],[85.01728288,27.81000646]]]}},{"type":"Feature","properties":{"grade":"Destroyed","kind":"bridge","name":null,"aoi":"AOI05","locality":"Phosretar","product":"EMSR927_AOI05_GRA_PRODUCT_v3","post_event_date":"2026-08-31","method":"Photo-interpretation"},"geometry":{"type":"MultiLineString","coordinates":[[[85.01613634,27.81011692],[85.01613759,27.81010953]],[[85.01614078,27.81009063],[85.0161977,27.8097536]]]}},{"type":"Feature","properties":{"grade":"No visible damage","kind":"road","name":null,"aoi":"AOI05","locality":"Phosretar","product":"EMSR927_AOI05_GRA_PRODUCT_v3","post_event_date":"2026-08-31","method":"Photo-interpretation"},"geometry":{"type":"MultiLineString","coordinates":[[[85.0042087,27.8093259],[85.0047105,27.8095189],[85.0054052,27.8100531],[85.0060062,27.8102136],[85.0061253,27.8101935],[85.0065279,27.8102863],[85.006732,27.8102913],[85.007058,27.8103991],[85.0078859,27.8108079],[85.0080844,27.8108079],[85.008246,27.8107377]]]}},{"type":"Feature","properties":{"grade":"No visible damage","kind":"road","name":null,"aoi":"AOI05","locality":"Phosretar","product":"EMSR927_AOI05_GRA_PRODUCT_v3","post_event_date":"2026-08-31","method":"Photo-interpretation"},"geometry":{"type":"MultiLineString","coordinates":[[[85.016132,27.8101426],[85.01613634,27.81011692]],[[85.01613759,27.81010953],[85.01614078,27.81009063]]]}},{"type":"Feature","properties":{"grade":"No visible damage","kind":"road","name":null,"aoi":"AOI05","locality":"Phosretar","product":"EMSR927_AOI05_GRA_PRODUCT_v3","post_event_date":"2026-08-31","method":"Photo-interpretation"},"geometry":{"type":"MultiLineString","coordinates":[[[85.016054,27.8102898],[85.0162163,27.8103879],[85.0163966,27.810343],[85.016579,27.8103335],[85.0167286,27.8103618],[85.0169492,27.8104332],[85.0171933,27.8104688],[85.0174266,27.8105044],[85.01755278,27.81050261]]]}},{"type":"Feature","properties":{"grade":"Damaged","kind":"road","name":null,"aoi":"AOI05","locality":"Phosretar","product":"EMSR927_AOI05_GRA_PRODUCT_v3","post_event_date":"2026-08-31","method":"Photo-interpretation"},"geometry":{"type":"MultiLineString","coordinates":[[[85.01341111,27.81147523],[85.0134729,27.8114079],[85.0135379,27.81128288]],[[85.01372341,27.81092607],[85.013725,27.810923],[85.0139389,27.8104877]]]}},{"type":"Feature","properties":{"grade":"Damaged","kind":"road","name":null,"aoi":"AOI05","locality":"Phosretar","product":"EMSR927_AOI05_GRA_PRODUCT_v3","post_event_date":"2026-08-31","method":"Photo-interpretation"},"geometry":{"type":"MultiLineString","coordinates":[[[85.01310484,27.81152005],[85.0131189,27.811574],[85.0131511,27.8116167],[85.01320475,27.81161356]],[[85.01306557,27.81116808],[85.01307056,27.81124483]],[[85.01304773,27.81096981],[85.01305458,27.81103231]],[[85.0130277,27.8107368],[85.0130344,27.8108483],[85.01304328,27.81092926]]]}},{"type":"Feature","properties":{"grade":"Damaged","kind":"road","name":null,"aoi":"AOI05","locality":"Phosretar","product":"EMSR927_AOI05_GRA_PRODUCT_v3","post_event_date":"2026-08-31","method":"Photo-interpretation"},"geometry":{"type":"MultiLineString","coordinates":[[[85.01320475,27.81161356],[85.0132315,27.811612],[85.0133512,27.8115405],[85.01341111,27.81147523]],[[85.01307056,27.81124483],[85.013083,27.8114362],[85.01310484,27.81152005]],[[85.0135379,27.81128288],[85.01372341,27.81092607]],[[85.01305458,27.81103231],[85.0130599,27.8110808],[85.01306557,27.81116808]],[[85.01304328,27.81092926],[85.01304773,27.81096981]]]}},{"type":"Feature","properties":{"grade":"No visible damage","kind":"road","name":null,"aoi":"AOI05","locality":"Phosretar","product":"EMSR927_AOI05_GRA_PRODUCT_v3","post_event_date":"2026-08-31","method":"Photo-interpretation"},"geometry":{"type":"MultiLineString","coordinates":[[[85.01703624,27.81191905],[85.0170154,27.8119985],[85.017009,27.81204733]],[[85.0147169,27.8105986],[85.0148997,27.8106495],[85.0150508,27.8106975],[85.0151598,27.8107155],[85.0153208,27.8107395],[85.0154779,27.8107776],[85.0156119,27.8108146],[85.015704,27.8108476],[85.015838,27.8108716],[85.015929,27.8108826],[85.0160811,27.8108926],[85.0162171,27.8108866],[85.0162771,27.8108696],[85.0163848,27.8108381],[85.0164881,27.8107876],[85.0166152,27.8107365],[85.0167273,27.8107325],[85.0168553,27.8107505],[85.0169974,27.8107936],[85.0171484,27.8108576],[85.0171974,27.8108956],[85.0173013,27.8109783],[85.0173692,27.8110433],[85.0174328,27.8111268],[85.0174442,27.8111848],[85.0174102,27.8112711],[85.01735451,27.81136337]]]}},{"type":"Feature","properties":{"grade":"No visible damage","kind":"road","name":null,"aoi":"AOI05","locality":"Phosretar","product":"EMSR927_AOI05_GRA_PRODUCT_v3","post_event_date":"2026-08-31","method":"Photo-interpretation"},"geometry":{"type":"MultiLineString","coordinates":[[[85.0142911,27.8121577],[85.0150305,27.8121935]]]}},{"type":"Feature","properties":{"grade":"No visible damage","kind":"road","name":null,"aoi":"AOI05","locality":"Phosretar","product":"EMSR927_AOI05_GRA_PRODUCT_v3","post_event_date":"2026-08-31","method":"Photo-interpretation"},"geometry":{"type":"MultiLineString","coordinates":[[[85.0142458,27.8133852],[85.0142285,27.8132706],[85.0140944,27.8131069],[85.0140247,27.8129432],[85.0140837,27.8125873],[85.0142956,27.8122172],[85.0142911,27.8121577],[85.0142688,27.811859],[85.0142875,27.8114984],[85.0142822,27.8113371]]]}},{"type":"Feature","properties":{"grade":"No visible damage","kind":"road","name":null,"aoi":"AOI05","locality":"Phosretar","product":"EMSR927_AOI05_GRA_PRODUCT_v3","post_event_date":"2026-08-31","method":"Photo-interpretation"},"geometry":{"type":"MultiLineString","coordinates":[[[85.017009,27.81204733],[85.0169994,27.8121206],[85.0169914,27.8122086],[85.0170174,27.8123286],[85.0170774,27.8124347],[85.0171155,27.8124807],[85.0171775,27.8125707],[85.0172135,27.8126687],[85.0172615,27.8127788],[85.0173235,27.8128748],[85.0173755,27.8129328],[85.0174356,27.8129828],[85.0174616,27.8130228],[85.0176179,27.8131406],[85.0177283,27.8132283],[85.0178697,27.8132764],[85.0179433,27.8133245],[85.018147,27.8134405],[85.0182051,27.81347848]],[[85.01735451,27.81136337],[85.0173455,27.8113783],[85.0172995,27.8114924],[85.0172475,27.8115924],[85.0171715,27.8116924],[85.0171054,27.8117704],[85.0170474,27.8118765],[85.01703624,27.81191905]]]}},{"type":"Feature","properties":{"grade":"Not Analysed","kind":"road","name":null,"aoi":"AOI05","locality":"Phosretar","product":"EMSR927_AOI05_GRA_PRODUCT_v3","post_event_date":"2026-08-31","method":"Photo-interpretation"},"geometry":{"type":"MultiLineString","coordinates":[[[85.01921082,27.81355046],[85.0191289,27.8134621],[85.0189608,27.8132845],[85.01898767,27.81314026]]]}},{"type":"Feature","properties":{"grade":"Not Analysed","kind":"road","name":null,"aoi":"AOI05","locality":"Phosretar","product":"EMSR927_AOI05_GRA_PRODUCT_v3","post_event_date":"2026-08-31","method":"Photo-interpretation"},"geometry":{"type":"MultiLineString","coordinates":[[[85.01852679,27.8134959],[85.0184883,27.813506]]]}},{"type":"Feature","properties":{"grade":"Not Analysed","kind":"road","name":null,"aoi":"AOI05","locality":"Phosretar","product":"EMSR927_AOI05_GRA_PRODUCT_v3","post_event_date":"2026-08-31","method":"Photo-interpretation"},"geometry":{"type":"MultiLineString","coordinates":[[[85.0182051,27.81347848],[85.0183428,27.8135685]]]}},{"type":"Feature","properties":{"grade":"Not Analysed","kind":"road","name":null,"aoi":"AOI05","locality":"Phosretar","product":"EMSR927_AOI05_GRA_PRODUCT_v3","post_event_date":"2026-08-31","method":"Photo-interpretation"},"geometry":{"type":"MultiLineString","coordinates":[[[85.01932373,27.81375802],[85.019273,27.8137218],[85.018984,27.8135801],[85.0187872,27.8135013],[85.018627,27.8134696],[85.01852679,27.8134959]]]}},{"type":"Feature","properties":{"grade":"Not Analysed","kind":"road","name":null,"aoi":"AOI05","locality":"Phosretar","product":"EMSR927_AOI05_GRA_PRODUCT_v3","post_event_date":"2026-08-31","method":"Photo-interpretation"},"geometry":{"type":"MultiLineString","coordinates":[[[85.01874413,27.81396119],[85.0187301,27.81379],[85.0187087,27.8137331],[85.0186671,27.8137046],[85.01866576,27.81370412]]]}},{"type":"Feature","properties":{"grade":"Not Analysed","kind":"road","name":null,"aoi":"AOI05","locality":"Phosretar","product":"EMSR927_AOI05_GRA_PRODUCT_v3","post_event_date":"2026-08-31","method":"Photo-interpretation"},"geometry":{"type":"MultiLineString","coordinates":[[[85.01799344,27.81387146],[85.0177645,27.8140361],[85.0175672,27.8142305],[85.01752433,27.81426697]]]}},{"type":"Feature","properties":{"grade":"Not Analysed","kind":"road","name":null,"aoi":"AOI05","locality":"Phosretar","product":"EMSR927_AOI05_GRA_PRODUCT_v3","post_event_date":"2026-08-31","method":"Photo-interpretation"},"geometry":{"type":"MultiLineString","coordinates":[[[85.0193578,27.8147674],[85.0192733,27.814701],[85.019166,27.8146345],[85.0191016,27.8145776],[85.0190319,27.8144305],[85.0189769,27.8143356],[85.0188817,27.8142455],[85.0187891,27.8141458],[85.0187569,27.8140842],[85.0187476,27.8140035],[85.01874413,27.81396119]],[[85.01866576,27.81370412],[85.0185598,27.8136666],[85.0185155,27.8136192],[85.0184883,27.813506]]]}},{"type":"Feature","properties":{"grade":"Not Analysed","kind":"road","name":null,"aoi":"AOI05","locality":"Phosretar","product":"EMSR927_AOI05_GRA_PRODUCT_v3","post_event_date":"2026-08-31","method":"Photo-interpretation"},"geometry":{"type":"MultiLineString","coordinates":[[[85.0184883,27.813506],[85.0183428,27.8135685],[85.0181904,27.813661],[85.018112,27.8137862],[85.01799344,27.81387146]],[[85.01752433,27.81426697],[85.0172523,27.8144984],[85.0169974,27.8148668],[85.0167291,27.8151894],[85.0165215,27.8154691],[85.0164287,27.8155548],[85.0163445,27.8155925],[85.0162428,27.8156128]]]}},{"type":"Feature","properties":{"grade":"Not Analysed","kind":"road","name":null,"aoi":"AOI05","locality":"Phosretar","product":"EMSR927_AOI05_GRA_PRODUCT_v3","post_event_date":"2026-08-31","method":"Photo-interpretation"},"geometry":{"type":"MultiLineString","coordinates":[[[85.0185598,27.8136666],[85.018522,27.813752],[85.0184496,27.8138676],[85.0183282,27.8140143],[85.0182301,27.8141258],[85.0181788,27.8142621],[85.0179686,27.8146896],[85.0178962,27.8150965],[85.0177818,27.8154868],[85.0177818,27.8156933],[85.0176989,27.8160413]]]}},{"type":"Feature","properties":{"grade":"Not Analysed","kind":"road","name":null,"aoi":"AOI05","locality":"Phosretar","product":"EMSR927_AOI05_GRA_PRODUCT_v3","post_event_date":"2026-08-31","method":"Photo-interpretation"},"geometry":{"type":"MultiLineString","coordinates":[[[85.0189192,27.8161338],[85.0188526,27.8159587],[85.0187592,27.8156303],[85.0185491,27.815147]]]}},{"type":"Feature","properties":{"grade":"Not Analysed","kind":"road","name":null,"aoi":"AOI05","locality":"Phosretar","product":"EMSR927_AOI05_GRA_PRODUCT_v3","post_event_date":"2026-08-31","method":"Photo-interpretation"},"geometry":{"type":"MultiLineString","coordinates":[[[85.0176989,27.8160413],[85.0177123,27.8162264],[85.0176854,27.8164541],[85.0177726,27.8167245]]]}},{"type":"Feature","properties":{"grade":"Not Analysed","kind":"road","name":"Pasang Lhamu Highway","aoi":"AOI05","locality":"Phosretar","product":"EMSR927_AOI05_GRA_PRODUCT_v3","post_event_date":"2026-08-31","method":"Photo-interpretation"},"geometry":{"type":"MultiLineString","coordinates":[[[85.01849439,27.81972801],[85.0184903,27.8195722],[85.0183755,27.8193739],[85.0182367,27.819232],[85.0181348,27.8191276],[85.0180114,27.8189995],[85.0179557,27.8188275],[85.0178517,27.8186783],[85.0176776,27.81847],[85.0174778,27.8182034],[85.0172761,27.8179325],[85.0171631,27.8177534],[85.0169298,27.8173005],[85.0167576,27.8170166],[85.016532,27.8166152],[85.0164647,27.8164852],[85.0164258,27.8163251],[85.0164247,27.8161362],[85.0163971,27.8159415],[85.016256,27.8156307],[85.0162428,27.8156128],[85.0160235,27.8153159],[85.0157118,27.814929],[85.01551431,27.81468374]]]}},{"type":"Feature","properties":{"grade":"No visible damage","kind":"road","name":"Pasang Lhamu Highway","aoi":"AOI05","locality":"Phosretar","product":"EMSR927_AOI05_GRA_PRODUCT_v3","post_event_date":"2026-08-31","method":"Photo-interpretation"},"geometry":{"type":"MultiLineString","coordinates":[[[85.02086034,27.8260134],[85.0207979,27.8259261],[85.020682,27.8257115],[85.020549,27.8256176],[85.020485,27.8255477],[85.0204324,27.8254861],[85.0203612,27.8254344],[85.0203113,27.8253519],[85.0202846,27.8252577],[85.0202747,27.8251419],[85.0202233,27.8250262],[85.0200382,27.8246917],[85.0199781,27.8245374],[85.0199543,27.8243686],[85.0198683,27.8241538],[85.0198352,27.8240571],[85.0198293,27.823933],[85.019807,27.8238496],[85.019759,27.8237616],[85.0196529,27.8236304],[85.0195813,27.8235063],[85.0195294,27.8233995],[85.0194915,27.8232848],[85.0194648,27.8230582],[85.0193909,27.8227957],[85.0193303,27.8225618],[85.0192284,27.8223979],[85.0192069,27.8222603],[85.0191916,27.8221497],[85.0191908,27.8220326],[85.0192077,27.821922],[85.0192023,27.8217939],[85.0191809,27.8217085],[85.0190897,27.8215662],[85.0190474,27.8213868],[85.0189242,27.8211797],[85.0188317,27.8209754],[85.0187424,27.8208391],[85.0186346,27.8206729],[85.0185668,27.8205639],[85.0184942,27.820456],[85.0184291,27.8203104],[85.0183923,27.8201856],[85.0184173,27.8200727],[85.0184699,27.8199349],[85.0184962,27.8197968],[85.01849439,27.81972801]],[[85.01551431,27.81468374],[85.0154294,27.8145783],[85.01530492,27.81442759]],[[85.01450534,27.81363882],[85.0144334,27.8135765],[85.01436026,27.81350192]]]}},{"type":"Feature","properties":{"grade":"Not Analysed","kind":"bridge","name":null,"aoi":"AOI05","locality":"Phosretar","product":"EMSR927_AOI05_GRA_PRODUCT_v3","post_event_date":"2026-08-31","method":"Photo-interpretation"},"geometry":{"type":"MultiLineString","coordinates":[[[85.01691858,27.82239229],[85.01653671,27.82243657],[85.01560423,27.82252959],[85.01532754,27.82256471]]]}},{"type":"Feature","properties":{"grade":"No visible damage","kind":"road","name":"Pasang Lhamu Highway","aoi":"AOI05","locality":"Phosretar","product":"EMSR927_AOI05_GRA_PRODUCT_v3","post_event_date":"2026-08-31","method":"Photo-interpretation"},"geometry":{"type":"MultiLineString","coordinates":[[[85.02444073,27.8361962],[85.02433779,27.83581874],[85.02421277,27.83515198],[85.0243904,27.83481715],[85.02442373,27.83464224],[85.0244112,27.8344557],[85.0243406,27.8344002],[85.0242966,27.8343127],[85.0242294,27.8341492],[85.0240535,27.8336254],[85.0239706,27.8334402],[85.0238235,27.8331994],[85.0237402,27.8330578],[85.0235057,27.8327249],[85.0234214,27.832574],[85.0233557,27.8324613],[85.0232319,27.832216],[85.0230352,27.8317623],[85.0229636,27.8316557],[85.022892,27.831575],[85.0228382,27.8315074],[85.0228182,27.8314338],[85.0228005,27.8313199],[85.0227874,27.8312034],[85.0227817,27.8311098],[85.0227516,27.8310079],[85.0226812,27.8309064],[85.0226012,27.8308182],[85.0225163,27.830707],[85.0225057,27.830695],[85.0224635,27.8306104],[85.022394,27.830367],[85.0223241,27.8303115],[85.0223113,27.8301742],[85.0222822,27.8300394],[85.0223409,27.8298074],[85.0223576,27.8296479],[85.0224025,27.8295454],[85.0223553,27.8294114],[85.0223019,27.8292662],[85.0221204,27.8290608],[85.0220639,27.8289808],[85.0219887,27.8288662],[85.0219679,27.8286344],[85.0219289,27.828431],[85.0218523,27.8281773],[85.0218,27.8278814],[85.0217589,27.8276425],[85.021701,27.8275031],[85.0216425,27.8273983],[85.0215375,27.8272871],[85.0214393,27.827207],[85.0213876,27.82709],[85.0213754,27.8269882],[85.0213745,27.8268558],[85.0213532,27.8266987],[85.021338,27.8266798],[85.0211152,27.8264023],[85.020978,27.8261779],[85.02086034,27.8260134]],[[85.01530492,27.81442759],[85.0151665,27.81426],[85.0151037,27.8141967],[85.0147982,27.8138925],[85.01450534,27.81363882]],[[85.01436026,27.81350192],[85.0142458,27.8133852],[85.0141752,27.8133132],[85.0140207,27.8131519],[85.013972,27.8130735],[85.0139447,27.8129735],[85.0139766,27.8127808],[85.0139927,27.8127001],[85.0139766,27.8125815],[85.0139774,27.8124567],[85.0140141,27.8123395],[85.0140525,27.812229],[85.0140632,27.8121388],[85.0140364,27.8119538],[85.0140034,27.8116895],[85.0139613,27.8114081],[85.013939,27.8111581],[85.0139291,27.8109764],[85.0139184,27.8107913],[85.0139389,27.8104877],[85.0139707,27.8104402],[85.0139868,27.8103903],[85.0139979,27.8103781],[85.0140275,27.810342],[85.014074,27.8102931],[85.0141705,27.8102551],[85.0142724,27.8102694],[85.0144154,27.8103058],[85.0145689,27.8103449],[85.0147819,27.8103786],[85.0148908,27.8104255],[85.0150071,27.8104453],[85.0151966,27.8104783],[85.0153545,27.8104243],[85.015544,27.8104233],[85.0158277,27.81033],[85.016054,27.8102898],[85.0160868,27.8102419],[85.0161092,27.8102101],[85.016132,27.8101426]]]}},{"type":"Feature","properties":{"grade":"No visible damage","kind":"road","name":null,"aoi":"AOI05","locality":"Phosretar","product":"EMSR927_AOI05_GRA_PRODUCT_v3","post_event_date":"2026-08-31","method":"Photo-interpretation"},"geometry":{"type":"MultiLineString","coordinates":[[[85.01407177,27.82376225],[85.0140582,27.8236998],[85.0140274,27.8235418],[85.0140151,27.8233401],[85.0140521,27.8231058],[85.0141137,27.8229205]]]}},{"type":"Feature","properties":{"grade":"No visible damage","kind":"road","name":null,"aoi":"AOI05","locality":"Phosretar","product":"EMSR927_AOI05_GRA_PRODUCT_v3","post_event_date":"2026-08-31","method":"Photo-interpretation"},"geometry":{"type":"MultiLineString","coordinates":[[[85.01748826,27.82872725],[85.0174489,27.828709],[85.0174119,27.8287281],[85.0172456,27.8287662],[85.01707755,27.82871671]],[[85.01635056,27.82868696],[85.0162227,27.8286681],[85.016084,27.8286136],[85.0159907,27.8285758],[85.0158781,27.828462],[85.015811,27.8283813],[85.0157735,27.8283244],[85.01577098,27.82832322]],[[85.01439437,27.82639708],[85.0143792,27.826187],[85.0144221,27.8260589],[85.014449,27.8258928],[85.0145026,27.8256841],[85.0145563,27.8255655],[85.0145884,27.8254564],[85.0145884,27.8253141],[85.0145777,27.8252097],[85.0144919,27.8251575],[85.0144114,27.8251338],[85.0143417,27.8251385],[85.0142492,27.8251331],[85.0141445,27.8251658],[85.0140952,27.825253],[85.0140767,27.825362],[85.0140767,27.8254546],[85.0139843,27.8254709],[85.0139288,27.8254001],[85.0139042,27.8252911],[85.013898,27.8251767],[85.013935,27.8250568],[85.0139781,27.8249423],[85.0139843,27.8248442],[85.0140336,27.8247353],[85.0141137,27.8246372],[85.0141445,27.8245227],[85.0141753,27.8243647],[85.0141691,27.8241685],[85.0141198,27.8239832],[85.01407177,27.82376225]]]}},{"type":"Feature","properties":{"grade":"No visible damage","kind":"road","name":null,"aoi":"AOI05","locality":"Phosretar","product":"EMSR927_AOI05_GRA_PRODUCT_v3","post_event_date":"2026-08-31","method":"Photo-interpretation"},"geometry":{"type":"MultiLineString","coordinates":[[[85.0199909,27.832373],[85.0199692,27.8323407],[85.019955,27.8322713],[85.0199362,27.8321728],[85.0198973,27.8320827],[85.0198289,27.8319653],[85.0197605,27.8318846],[85.0196707,27.8317945],[85.0196224,27.8317008],[85.0195151,27.8315383],[85.0194253,27.8313984],[85.0193438,27.8312538],[85.0192236,27.8309814],[85.0191497,27.8307171],[85.0190849,27.8305155],[85.0190172,27.830292],[85.0189525,27.8300196],[85.0189001,27.8297961],[85.018857,27.8296463],[85.0187922,27.8295182],[85.0186967,27.8294201],[85.0186105,27.8293084],[85.0185057,27.829224],[85.0184133,27.8291695],[85.0181391,27.8288752],[85.0180805,27.8288153],[85.0180035,27.8287635],[85.0179172,27.828739],[85.0178864,27.8287499],[85.0178063,27.8287771],[85.0177632,27.8287907],[85.017717,27.8287853],[85.017643,27.8288098],[85.0175691,27.8287771],[85.0175136,27.828739],[85.01748826,27.82872725]],[[85.01707755,27.82871671],[85.0170052,27.8286954],[85.0168419,27.8286736],[85.0165523,27.8286926],[85.0163705,27.8286899],[85.01635056,27.82868696]],[[85.01577098,27.82832322],[85.0156823,27.8282817],[85.0155053,27.8282129],[85.0153953,27.8281963],[85.0152746,27.8281346],[85.0152236,27.8280753],[85.0151861,27.8279899],[85.0151298,27.8279306],[85.0150573,27.8278998],[85.0149796,27.8279069],[85.0149071,27.8279188],[85.0148651,27.8278827],[85.0148032,27.827842],[85.0148032,27.8277966],[85.014812,27.8277575],[85.014812,27.8277137],[85.014805,27.8276636],[85.0147829,27.8276021],[85.0147695,27.8274787],[85.0147482,27.8273299],[85.0146045,27.82715],[85.0145187,27.8268986],[85.0144543,27.8266282],[85.0143953,27.82641],[85.01439437,27.82639708]]]}},{"type":"Feature","properties":{"grade":"No visible damage","kind":"road","name":null,"aoi":"AOI05","locality":"Phosretar","product":"EMSR927_AOI05_GRA_PRODUCT_v3","post_event_date":"2026-08-31","method":"Photo-interpretation"},"geometry":{"type":"MultiLineString","coordinates":[[[85.01596811,27.8304516],[85.0156582,27.8304421],[85.0155927,27.8304158],[85.0159183,27.8302506],[85.0159773,27.830202],[85.0160099,27.8301417],[85.0160149,27.8300526],[85.0159921,27.8299601],[85.0159371,27.8298818],[85.0158754,27.8298094],[85.0158016,27.8297537],[85.0157238,27.82972],[85.0156903,27.8297916],[85.0157024,27.8298794],[85.0156367,27.8300087],[85.0156126,27.8300148],[85.0153602,27.8300784],[85.0151324,27.8301391],[85.01507444,27.83014258]],[[85.01504288,27.83006748],[85.0151039,27.8300415],[85.0151456,27.8298939],[85.0150806,27.8297517],[85.0150484,27.8297256],[85.0150041,27.8297576],[85.014984,27.8298181],[85.0149311,27.8298728],[85.01491014,27.82987489]],[[85.01403282,27.82952681],[85.0139536,27.8294776],[85.0138275,27.8294183],[85.0136639,27.8293851],[85.0135184,27.829293],[85.0132741,27.8289978],[85.01320376,27.82888539]]]}},{"type":"Feature","properties":{"grade":"No visible damage","kind":"road","name":null,"aoi":"AOI05","locality":"Phosretar","product":"EMSR927_AOI05_GRA_PRODUCT_v3","post_event_date":"2026-08-31","method":"Photo-interpretation"},"geometry":{"type":"MultiLineString","coordinates":[[[85.0175477,27.830284],[85.0174404,27.8304316],[85.017346,27.8304918],[85.0173219,27.8304527],[85.0172522,27.8304681],[85.0172139,27.8305792],[85.0171529,27.8306946],[85.0170832,27.8307408],[85.0170081,27.8307586],[85.0169743,27.8307543],[85.0169075,27.8307456],[85.0165761,27.8306582],[85.0162424,27.8305054],[85.0160039,27.8304527],[85.01596811,27.8304516]],[[85.01507444,27.83014258],[85.0150026,27.8301469],[85.014943,27.83011],[85.01504288,27.83006748]],[[85.01491014,27.82987489],[85.0148016,27.8298857],[85.0146876,27.8298596],[85.0145423,27.829767],[85.0144185,27.8296673],[85.0143452,27.8296105],[85.0141708,27.8295796],[85.0140568,27.8295417],[85.01403282,27.82952681]],[[85.01320376,27.82888539],[85.01313285,27.82877207]]]}},{"type":"Feature","properties":{"grade":"No visible damage","kind":"road","name":null,"aoi":"AOI05","locality":"Phosretar","product":"EMSR927_AOI05_GRA_PRODUCT_v3","post_event_date":"2026-08-31","method":"Photo-interpretation"},"geometry":{"type":"MultiLineString","coordinates":[[[85.01625559,27.8313604],[85.0158489,27.8313441],[85.0152722,27.8312437],[85.0150952,27.8312959],[85.0147749,27.8314525],[85.0141427,27.8314375],[85.0140029,27.8315594],[85.0136691,27.8316016],[85.01336424,27.83173417]]]}},{"type":"Feature","properties":{"grade":"No visible damage","kind":"road","name":null,"aoi":"AOI05","locality":"Phosretar","product":"EMSR927_AOI05_GRA_PRODUCT_v3","post_event_date":"2026-08-31","method":"Photo-interpretation"},"geometry":{"type":"MultiLineString","coordinates":[[[85.01336424,27.83173417],[85.0133175,27.8317545],[85.01330077,27.83177079]],[[85.0200349,27.8323746],[85.0200055,27.8325471],[85.0199049,27.8326953],[85.0197694,27.8327677],[85.0193497,27.8329207],[85.0189245,27.8329586],[85.0186184,27.8331233],[85.0183872,27.8331399],[85.0179936,27.8328526],[85.0177312,27.8323941],[85.0176125,27.8320129],[85.0174321,27.8317897],[85.0171698,27.8315946],[85.0165224,27.8313711],[85.01625559,27.8313604]]]}},{"type":"Feature","properties":{"grade":"No visible damage","kind":"road","name":null,"aoi":"AOI05","locality":"Phosretar","product":"EMSR927_AOI05_GRA_PRODUCT_v3","post_event_date":"2026-08-31","method":"Photo-interpretation"},"geometry":{"type":"MultiLineString","coordinates":[[[85.0191766,27.8323391],[85.0191524,27.8323533],[85.0191605,27.8323818],[85.0191524,27.8324079],[85.0191337,27.83246]]]}},{"type":"Feature","properties":{"grade":"No visible damage","kind":"road","name":null,"aoi":"AOI05","locality":"Phosretar","product":"EMSR927_AOI05_GRA_PRODUCT_v3","post_event_date":"2026-08-31","method":"Photo-interpretation"},"geometry":{"type":"MultiLineString","coordinates":[[[85.0198471,27.8323746],[85.019772,27.8324173],[85.0194475,27.8324671],[85.0193804,27.8324814],[85.0192865,27.83246],[85.019249,27.8324482],[85.0192222,27.832396],[85.0192007,27.8323652],[85.0191766,27.8323391]]]}},{"type":"Feature","properties":{"grade":"Not Analysed","kind":"road","name":"duipipal road","aoi":"AOI05","locality":"Phosretar","product":"EMSR927_AOI05_GRA_PRODUCT_v3","post_event_date":"2026-08-31","method":"Photo-interpretation"},"geometry":{"type":"MultiLineString","coordinates":[[[85.0193578,27.8147674],[85.0195465,27.814762],[85.0199656,27.8150062],[85.02005989,27.81511125]]]}},{"type":"Feature","properties":{"grade":"Not Analysed","kind":"road","name":null,"aoi":"AOI05","locality":"Phosretar","product":"EMSR927_AOI05_GRA_PRODUCT_v3","post_event_date":"2026-08-31","method":"Photo-interpretation"},"geometry":{"type":"MultiLineString","coordinates":[[[85.02117004,27.81856592],[85.0210635,27.8185352],[85.0210473,27.8184672],[85.0210311,27.8183849],[85.0209441,27.8183437],[85.0208308,27.8182399],[85.0207438,27.8181057],[85.0207114,27.818027],[85.0206285,27.8180252],[85.0206184,27.8181433],[85.0206163,27.8182668],[85.0205941,27.8183849],[85.0205799,27.81846],[85.0204666,27.8184511],[85.0204749,27.8183922],[85.020495,27.8182973],[85.0204427,27.8181787],[85.0201101,27.8177944],[85.0200015,27.81769],[85.0199545,27.8175714],[85.0200068,27.8174765],[85.0200819,27.8173911],[85.0201088,27.8173247],[85.0200726,27.8172773],[85.0197882,27.8171254],[85.0196434,27.8170353],[85.0195723,27.8168882],[85.01952,27.8168787],[85.0194704,27.8168977],[85.0193417,27.8171159],[85.0192934,27.8171159],[85.0192666,27.8170685],[85.0192196,27.8168882],[85.0192129,27.8166889],[85.0191968,27.8165988],[85.019005,27.8163995],[85.0189286,27.8162572],[85.0188803,27.8161955],[85.0189192,27.8161338],[85.0190104,27.8161148],[85.0196756,27.8161528],[85.0198298,27.8161908],[85.0199049,27.8162524],[85.01998,27.8163758],[85.0201195,27.8166937],[85.020153,27.8167269],[85.0202107,27.8167269],[85.0202161,27.8166842],[85.0201678,27.8165181],[85.0201141,27.816186],[85.0200444,27.8160532],[85.0199478,27.8159393],[85.0197601,27.8158207],[85.0194489,27.8155455],[85.0193148,27.8154554],[85.0191754,27.8154316],[85.0190694,27.8153557],[85.0189447,27.8152181],[85.018828,27.8151327],[85.0186604,27.8151232],[85.0185491,27.815147],[85.0184726,27.8152086],[85.018419,27.8153842],[85.0184029,27.815574],[85.0184471,27.8156878],[85.0183868,27.8157116],[85.0183224,27.8155929],[85.0183063,27.8154127],[85.0183224,27.815294],[85.0183117,27.815128],[85.0182795,27.8150141],[85.0182956,27.814924],[85.0183707,27.8147674],[85.0184311,27.8147057],[85.0185263,27.8146725],[85.018596,27.814644],[85.0186711,27.8145112],[85.0187248,27.8144875],[85.0187905,27.8144922],[85.0188535,27.8145444],[85.0189568,27.8146488],[85.0191713,27.8147484],[85.0193215,27.8148053],[85.0193578,27.8147674]]]}},{"type":"Feature","properties":{"grade":"Destroyed","kind":"road","name":null,"aoi":"AOI05","locality":"Phosretar","product":"EMSR927_AOI05_GRA_PRODUCT_v3","post_event_date":"2026-08-31","method":"Photo-interpretation"},"geometry":{"type":"MultiLineString","coordinates":[[[85.02036486,27.82693596],[85.0202768,27.8268257],[85.0201406,27.8267646],[85.0199393,27.8268329],[85.0197218,27.8269587],[85.01969045,27.82717523]]]}},{"type":"Feature","properties":{"grade":"Destroyed","kind":"road","name":null,"aoi":"AOI05","locality":"Phosretar","product":"EMSR927_AOI05_GRA_PRODUCT_v3","post_event_date":"2026-08-31","method":"Photo-interpretation"},"geometry":{"type":"MultiLineString","coordinates":[[[85.01969045,27.82717523],[85.0196812,27.8272391],[85.0196974,27.8272499]]]}},{"type":"Feature","properties":{"grade":"Destroyed","kind":"road","name":null,"aoi":"AOI05","locality":"Phosretar","product":"EMSR927_AOI05_GRA_PRODUCT_v3","post_event_date":"2026-08-31","method":"Photo-interpretation"},"geometry":{"type":"MultiLineString","coordinates":[[[85.02097461,27.82749211],[85.0209435,27.8274423],[85.0206731,27.8272032],[85.0204089,27.8269911],[85.02036486,27.82693596]]]}},{"type":"Feature","properties":{"grade":"Possibly damaged","kind":"road","name":null,"aoi":"AOI05","locality":"Phosretar","product":"EMSR927_AOI05_GRA_PRODUCT_v3","post_event_date":"2026-08-31","method":"Photo-interpretation"},"geometry":{"type":"MultiLineString","coordinates":[[[85.021338,27.8266798],[85.021224,27.8267574],[85.0212017,27.8270396],[85.0212362,27.827187],[85.0213297,27.8275124],[85.0213378,27.8277173],[85.0213439,27.8277802],[85.0213053,27.827836],[85.0211366,27.8277515],[85.02097461,27.82749211]]]}},{"type":"Feature","properties":{"grade":"Destroyed","kind":"bridge","name":"Suspension Bridge","aoi":"AOI05","locality":"Phosretar","product":"EMSR927_AOI05_GRA_PRODUCT_v3","post_event_date":"2026-08-31","method":"Photo-interpretation"},"geometry":{"type":"MultiLineString","coordinates":[[[85.02052405,27.83209165],[85.02049636,27.83210686]],[[85.02238073,27.83114157],[85.0216698,27.8314623],[85.02053458,27.83208586]],[[85.0223838,27.83114019],[85.02238324,27.83114044]]]}},{"type":"Feature","properties":{"grade":"No visible damage","kind":"road","name":null,"aoi":"AOI05","locality":"Phosretar","product":"EMSR927_AOI05_GRA_PRODUCT_v3","post_event_date":"2026-08-31","method":"Photo-interpretation"},"geometry":{"type":"MultiLineString","coordinates":[[[85.0202334,27.8322513],[85.0200349,27.8323746]]]}},{"type":"Feature","properties":{"grade":"No visible damage","kind":"road","name":null,"aoi":"AOI05","locality":"Phosretar","product":"EMSR927_AOI05_GRA_PRODUCT_v3","post_event_date":"2026-08-31","method":"Photo-interpretation"},"geometry":{"type":"MultiLineString","coordinates":[[[85.0200349,27.8323746],[85.0199909,27.832373],[85.0199061,27.8323699],[85.0198471,27.8323746]]]}},{"type":"Feature","properties":{"grade":"Destroyed","kind":"bridge","name":null,"aoi":"AOI05","locality":"Phosretar","product":"EMSR927_AOI05_GRA_PRODUCT_v3","post_event_date":"2026-08-31","method":"Photo-interpretation"},"geometry":{"type":"MultiLineString","coordinates":[[[85.02105836,27.8330239],[85.0211096,27.83301658],[85.02160311,27.83281601],[85.02283204,27.83231658],[85.02296629,27.83230742]]]}},{"type":"Feature","properties":{"grade":"No visible damage","kind":"road","name":null,"aoi":"AOI05","locality":"Phosretar","product":"EMSR927_AOI05_GRA_PRODUCT_v3","post_event_date":"2026-08-31","method":"Photo-interpretation"},"geometry":{"type":"MultiLineString","coordinates":[[[85.0254977,27.83293396],[85.0254831,27.8329302],[85.025298,27.8329089],[85.0252336,27.8329255],[85.025349,27.8330061],[85.0255448,27.8330868],[85.02554746,27.83309006]]]}},{"type":"Feature","properties":{"grade":"Destroyed","kind":"road","name":null,"aoi":"AOI05","locality":"Phosretar","product":"EMSR927_AOI05_GRA_PRODUCT_v3","post_event_date":"2026-08-31","method":"Photo-interpretation"},"geometry":{"type":"MultiLineString","coordinates":[[[85.0221276,27.8341677],[85.0220776,27.8339269],[85.0220422,27.8338079],[85.0220351,27.8336202],[85.0221342,27.8334324],[85.0221838,27.8333009],[85.0220068,27.8329191],[85.0219785,27.8327939],[85.0218298,27.8328002],[85.0216741,27.8328753],[85.02160311,27.83281601],[85.0215467,27.8327689],[85.0214759,27.8326312],[85.0214547,27.8324434],[85.0214264,27.832337],[85.0214051,27.8321805]]]}},{"type":"Feature","properties":{"grade":"No visible damage","kind":"road","name":null,"aoi":"AOI05","locality":"Phosretar","product":"EMSR927_AOI05_GRA_PRODUCT_v3","post_event_date":"2026-08-31","method":"Photo-interpretation"},"geometry":{"type":"MultiLineString","coordinates":[[[85.02296629,27.83230742],[85.0230198,27.83230377],[85.02326304,27.83267503],[85.02350627,27.83303348],[85.02380071,27.83346874],[85.02399701,27.83392534],[85.02403239,27.83405993]],[[85.02040772,27.83240755],[85.02083103,27.83298107],[85.02101401,27.83303023],[85.02105836,27.8330239]]]}},{"type":"Feature","properties":{"grade":"Destroyed","kind":"road","name":null,"aoi":"AOI05","locality":"Phosretar","product":"EMSR927_AOI05_GRA_PRODUCT_v3","post_event_date":"2026-08-31","method":"Photo-interpretation"},"geometry":{"type":"MultiLineString","coordinates":[[[85.0237881,27.83405481],[85.0237616,27.8339787],[85.0237669,27.8339076],[85.0237562,27.8338554],[85.0237079,27.8338459],[85.0236999,27.8339787],[85.0236784,27.8341376],[85.0236838,27.8343132],[85.0236543,27.8343487],[85.0236194,27.8343274],[85.0236114,27.8342017],[85.023606,27.8340617],[85.0236033,27.8340048]]]}},{"type":"Feature","properties":{"grade":"No visible damage","kind":"road","name":null,"aoi":"AOI05","locality":"Phosretar","product":"EMSR927_AOI05_GRA_PRODUCT_v3","post_event_date":"2026-08-31","method":"Photo-interpretation"},"geometry":{"type":"MultiLineString","coordinates":[[[85.0243406,27.8344002],[85.0242283,27.8343298],[85.0240781,27.8341068],[85.02403239,27.83405993],[85.024011,27.834038],[85.0239708,27.8340499],[85.0240379,27.8342207],[85.0240861,27.8343345],[85.0241103,27.8344104],[85.0240781,27.8344318],[85.0239762,27.8343535],[85.0238796,27.8342207],[85.0237938,27.8340712],[85.0237881,27.83405481]]]}},{"type":"Feature","properties":{"grade":"Destroyed","kind":"road","name":null,"aoi":"AOI05","locality":"Phosretar","product":"EMSR927_AOI05_GRA_PRODUCT_v3","post_event_date":"2026-08-31","method":"Photo-interpretation"},"geometry":{"type":"MultiLineString","coordinates":[[[85.0215036,27.83632565],[85.02141515,27.83643516]],[[85.0221276,27.8341677],[85.0221211,27.8342008],[85.0220843,27.834389],[85.0220389,27.8346206],[85.0220223,27.8346981],[85.0220168,27.8347239],[85.0219445,27.8350608],[85.0218186,27.8354985],[85.02177,27.8357996],[85.02171148,27.83593521],[85.0216641,27.836045],[85.02155786,27.83624567]]]}},{"type":"Feature","properties":{"grade":"Destroyed","kind":"bridge","name":"Suspension Bridge","aoi":"AOI05","locality":"Phosretar","product":"EMSR927_AOI05_GRA_PRODUCT_v3","post_event_date":"2026-08-31","method":"Photo-interpretation"},"geometry":{"type":"MultiLineString","coordinates":[[[85.0236655,27.83517792],[85.0233807,27.8352666],[85.02171148,27.83593521],[85.02135877,27.83607649]]]}},{"type":"Feature","properties":{"grade":"Destroyed","kind":"road","name":null,"aoi":"AOI05","locality":"Phosretar","product":"EMSR927_AOI05_GRA_PRODUCT_v3","post_event_date":"2026-08-31","method":"Photo-interpretation"},"geometry":{"type":"MultiLineString","coordinates":[[[85.02155786,27.83624567],[85.0215382,27.8362828],[85.0215036,27.83632565]]]}},{"type":"Feature","properties":{"grade":"Destroyed","kind":"road","name":null,"aoi":"AOI05","locality":"Phosretar","product":"EMSR927_AOI05_GRA_PRODUCT_v3","post_event_date":"2026-08-31","method":"Photo-interpretation"},"geometry":{"type":"MultiLineString","coordinates":[[[85.02368982,27.83650626],[85.023691,27.8365042],[85.0237487,27.836379]]]}},{"type":"Feature","properties":{"grade":"Destroyed","kind":"road","name":null,"aoi":"AOI05","locality":"Phosretar","product":"EMSR927_AOI05_GRA_PRODUCT_v3","post_event_date":"2026-08-31","method":"Photo-interpretation"},"geometry":{"type":"MultiLineString","coordinates":[[[85.0231938,27.83708891],[85.0233084,27.8369602],[85.0234201,27.8368581],[85.0235136,27.8367849],[85.0236258,27.8366174],[85.02368982,27.83650626]]]}},{"type":"Feature","properties":{"grade":"No visible damage","kind":"road","name":null,"aoi":"AOI05","locality":"Phosretar","product":"EMSR927_AOI05_GRA_PRODUCT_v3","post_event_date":"2026-08-31","method":"Photo-interpretation"},"geometry":{"type":"MultiLineString","coordinates":[[[85.0191229,27.8324743],[85.0191337,27.83246]]]}},{"type":"Feature","properties":{"grade":"No visible damage","kind":"road","name":null,"aoi":"AOI05","locality":"Phosretar","product":"EMSR927_AOI05_GRA_PRODUCT_v3","post_event_date":"2026-08-31","method":"Photo-interpretation"},"geometry":{"type":"MultiLineString","coordinates":[[[85.0187206,27.8324885],[85.0188306,27.832479],[85.0189271,27.8324814],[85.0189754,27.8324577],[85.0190559,27.8324553],[85.0191015,27.8324695],[85.0191229,27.8324743]]]}},{"type":"Feature","properties":{"grade":"Not Analysed","kind":"road","name":null,"aoi":"AOI05","locality":"Phosretar","product":"EMSR927_AOI05_GRA_PRODUCT_v3","post_event_date":"2026-08-31","method":"Photo-interpretation"},"geometry":{"type":"MultiLineString","coordinates":[[[85.0196069,27.8392025],[85.0196023,27.8392155],[85.0191833,27.8396133],[85.01913022,27.83971518]]]}},{"type":"Feature","properties":{"grade":"No visible damage","kind":"road","name":null,"aoi":"AOI05","locality":"Phosretar","product":"EMSR927_AOI05_GRA_PRODUCT_v3","post_event_date":"2026-08-31","method":"Photo-interpretation"},"geometry":{"type":"MultiLineString","coordinates":[[[85.01913022,27.83971518],[85.0190754,27.8398204],[85.0189799,27.8399648],[85.0188782,27.8400737],[85.0188351,27.8401527],[85.01882441,27.84021706]]]}},{"type":"Feature","properties":{"grade":"No visible damage","kind":"road","name":null,"aoi":"AOI05","locality":"Phosretar","product":"EMSR927_AOI05_GRA_PRODUCT_v3","post_event_date":"2026-08-31","method":"Photo-interpretation"},"geometry":{"type":"MultiLineString","coordinates":[[[85.01882441,27.84021706],[85.0188197,27.8402454],[85.0188474,27.840417],[85.0187889,27.8406023]]]}},{"type":"Feature","properties":{"grade":"No visible damage","kind":"road","name":null,"aoi":"AOI05","locality":"Phosretar","product":"EMSR927_AOI05_GRA_PRODUCT_v3","post_event_date":"2026-08-31","method":"Photo-interpretation"},"geometry":{"type":"MultiLineString","coordinates":[[[85.0187889,27.8406023],[85.01878533,27.84061454]]]}},{"type":"Feature","properties":{"grade":"Not Analysed","kind":"road","name":null,"aoi":"AOI05","locality":"Phosretar","product":"EMSR927_AOI05_GRA_PRODUCT_v3","post_event_date":"2026-08-31","method":"Photo-interpretation"},"geometry":{"type":"MultiLineString","coordinates":[[[85.01878533,27.84061454],[85.0187396,27.8407712],[85.0186318,27.8409101],[85.0185054,27.8411744],[85.0183822,27.8413024],[85.0183082,27.8413869],[85.0182405,27.8415041],[85.018034,27.8416593],[85.0179847,27.841722],[85.0179878,27.8417601],[85.0180525,27.8418501],[85.0180679,27.8418991],[85.0180464,27.8420026],[85.0179971,27.8420626],[85.01792,27.8421225],[85.0177906,27.8421606],[85.0177136,27.8422206],[85.0174887,27.8423105],[85.0173963,27.8423922]]]}},{"type":"Feature","properties":{"grade":"Not Analysed","kind":"road","name":null,"aoi":"AOI05","locality":"Phosretar","product":"EMSR927_AOI05_GRA_PRODUCT_v3","post_event_date":"2026-08-31","method":"Photo-interpretation"},"geometry":{"type":"MultiLineString","coordinates":[[[85.0173963,27.8423922],[85.0173192,27.8425039],[85.0172638,27.8426565],[85.0172734,27.8428585]]]}},{"type":"Feature","properties":{"grade":"Not Analysed","kind":"road","name":null,"aoi":"AOI05","locality":"Phosretar","product":"EMSR927_AOI05_GRA_PRODUCT_v3","post_event_date":"2026-08-31","method":"Photo-interpretation"},"geometry":{"type":"MultiLineString","coordinates":[[[85.0172734,27.8428585],[85.017138,27.843239],[85.0170985,27.843479],[85.0170536,27.8436336],[85.01702,27.8438142]]]}},{"type":"Feature","properties":{"grade":"Not Analysed","kind":"road","name":null,"aoi":"AOI05","locality":"Phosretar","product":"EMSR927_AOI05_GRA_PRODUCT_v3","post_event_date":"2026-08-31","method":"Photo-interpretation"},"geometry":{"type":"MultiLineString","coordinates":[[[85.016921,27.8457527],[85.0168405,27.845601],[85.0168083,27.8454492],[85.0167976,27.8452879],[85.0167294,27.8451424],[85.0167274,27.8450222],[85.0167155,27.8448767],[85.0167064,27.8448563],[85.0167037,27.8447415],[85.016701,27.8446238],[85.0166121,27.8442641],[85.016692,27.8441691],[85.0168325,27.8439768],[85.0169201,27.8438916],[85.01702,27.8438142]]]}},{"type":"Feature","properties":{"grade":"Possibly damaged","kind":"road","name":null,"aoi":"AOI05","locality":"Phosretar","product":"EMSR927_AOI05_GRA_PRODUCT_v3","post_event_date":"2026-08-31","method":"Photo-interpretation"},"geometry":{"type":"MultiLineString","coordinates":[[[85.02141515,27.83643516],[85.0213665,27.8364954],[85.0212178,27.8367129],[85.0210718,27.8369128],[85.0208744,27.8372291]]]}},{"type":"Feature","properties":{"grade":"Destroyed","kind":"road","name":null,"aoi":"AOI05","locality":"Phosretar","product":"EMSR927_AOI05_GRA_PRODUCT_v3","post_event_date":"2026-08-31","method":"Photo-interpretation"},"geometry":{"type":"MultiLineString","coordinates":[[[85.0224783,27.8383921],[85.0226244,27.8381936],[85.0227022,27.8380418],[85.0227612,27.8378829],[85.02289,27.837667],[85.0230294,27.8373445],[85.0231394,27.83715],[85.0231938,27.83708891]]]}},{"type":"Feature","properties":{"grade":"No visible damage","kind":"road","name":null,"aoi":"AOI05","locality":"Phosretar","product":"EMSR927_AOI05_GRA_PRODUCT_v3","post_event_date":"2026-08-31","method":"Photo-interpretation"},"geometry":{"type":"MultiLineString","coordinates":[[[85.0208744,27.8372291],[85.0205597,27.837682],[85.0203823,27.8380716],[85.0202249,27.8383069],[85.02010458,27.83846581]]]}},{"type":"Feature","properties":{"grade":"Not Analysed","kind":"road","name":null,"aoi":"AOI05","locality":"Phosretar","product":"EMSR927_AOI05_GRA_PRODUCT_v3","post_event_date":"2026-08-31","method":"Photo-interpretation"},"geometry":{"type":"MultiLineString","coordinates":[[[85.02010458,27.83846581],[85.0199989,27.8386054],[85.0198387,27.838904],[85.0197643,27.8390507],[85.0196069,27.8392025]]]}},{"type":"Feature","properties":{"grade":"Destroyed","kind":"road","name":null,"aoi":"AOI05","locality":"Phosretar","product":"EMSR927_AOI05_GRA_PRODUCT_v3","post_event_date":"2026-08-31","method":"Photo-interpretation"},"geometry":{"type":"MultiLineString","coordinates":[[[85.0220359,27.8395207],[85.0220221,27.8393941],[85.0220449,27.8393359],[85.0221133,27.8392506],[85.0221884,27.8391711],[85.0222192,27.839094],[85.0222729,27.8390229],[85.0223681,27.8389565],[85.0224647,27.8389363],[85.0225384,27.8389636]]]}},{"type":"Feature","properties":{"grade":"Destroyed","kind":"road","name":null,"aoi":"AOI05","locality":"Phosretar","product":"EMSR927_AOI05_GRA_PRODUCT_v3","post_event_date":"2026-08-31","method":"Photo-interpretation"},"geometry":{"type":"MultiLineString","coordinates":[[[85.021277,27.8403612],[85.0213338,27.8402239],[85.0213743,27.8400539],[85.021376,27.8399332],[85.0213911,27.8398825],[85.0214434,27.8398214],[85.0215327,27.8397663],[85.0215782,27.839726],[85.0216338,27.8396158],[85.0217046,27.8394965],[85.0217687,27.8394235],[85.021826,27.8393683],[85.0218833,27.8393296],[85.0219002,27.839261],[85.0219406,27.8391612],[85.0219625,27.8390956],[85.0219811,27.8390226],[85.0220552,27.8388184],[85.0221311,27.8386917],[85.0222288,27.8385784],[85.0223687,27.838477],[85.0224783,27.8383921],[85.0226536,27.8383161],[85.0228626,27.8383056]]]}},{"type":"Feature","properties":{"grade":"Destroyed","kind":"road","name":null,"aoi":"AOI05","locality":"Phosretar","product":"EMSR927_AOI05_GRA_PRODUCT_v3","post_event_date":"2026-08-31","method":"Photo-interpretation"},"geometry":{"type":"MultiLineString","coordinates":[[[85.0218833,27.8393296],[85.0219062,27.8393992],[85.0219665,27.8394668],[85.0220359,27.8395207],[85.0220443,27.8395273],[85.0221382,27.8396174],[85.0222213,27.8397455],[85.0222911,27.8398345],[85.0223085,27.8400088],[85.0223528,27.8401226],[85.0224346,27.8402211]]]}},{"type":"Feature","properties":{"grade":"Destroyed","kind":"road","name":null,"aoi":"AOI05","locality":"Phosretar","product":"EMSR927_AOI05_GRA_PRODUCT_v3","post_event_date":"2026-08-31","method":"Photo-interpretation"},"geometry":{"type":"MultiLineString","coordinates":[[[85.0229723,27.8401228],[85.0229916,27.8401996],[85.0229595,27.8402678],[85.022892,27.840363],[85.0228245,27.8404398],[85.0227666,27.8404838]]]}},{"type":"Feature","properties":{"grade":"No visible damage","kind":"road","name":"Pasang Lhamu Highway","aoi":"AOI05","locality":"Phosretar","product":"EMSR927_AOI05_GRA_PRODUCT_v3","post_event_date":"2026-08-31","method":"Photo-interpretation"},"geometry":{"type":"MultiLineString","coordinates":[[[85.02436768,27.84517913],[85.0243227,27.8451476],[85.0241979,27.8450552],[85.0240671,27.8449333],[85.0239364,27.8448121],[85.0237916,27.8446768],[85.0236535,27.8445517],[85.0235144,27.8444205],[85.0233467,27.8442179],[85.0232015,27.8440639],[85.0230718,27.8439037],[85.0229294,27.8437503],[85.0228108,27.8436171],[85.0226475,27.8433965],[85.0225476,27.8432608],[85.0224973,27.8431761],[85.0224637,27.8431318],[85.0224301,27.8430475],[85.0224039,27.8429154],[85.0224071,27.8426306],[85.0224119,27.842488],[85.02242,27.8422604],[85.0224334,27.8420848],[85.0224307,27.8419546],[85.0224778,27.8418647],[85.0225397,27.8417909],[85.0226218,27.8417486],[85.0229862,27.841625],[85.0230851,27.8415683],[85.0231454,27.8415067],[85.0231778,27.8414506],[85.0232106,27.8413996],[85.0232564,27.8413316],[85.0233328,27.8412202],[85.0233731,27.841149],[85.023424,27.8410565],[85.0234616,27.8409652],[85.0235018,27.8408265],[85.0235622,27.8406913],[85.0236279,27.840549],[85.0236614,27.8404244],[85.0236695,27.8403296],[85.0236721,27.8402062],[85.0236701,27.8400817],[85.0237102,27.8399657],[85.0237751,27.8397497],[85.0239363,27.839356],[85.02399,27.8392255],[85.0240433,27.8390917],[85.0240642,27.8389848],[85.0240795,27.8388586],[85.02419193,27.83825658],[85.02425444,27.83732937],[85.02446281,27.83627714],[85.02444073,27.8361962]]]}},{"type":"Feature","properties":{"grade":"Destroyed","kind":"road","name":null,"aoi":"AOI05","locality":"Phosretar","product":"EMSR927_AOI05_GRA_PRODUCT_v3","post_event_date":"2026-08-31","method":"Photo-interpretation"},"geometry":{"type":"MultiLineString","coordinates":[[[85.022213,27.8407834],[85.0224531,27.8408318],[85.0225872,27.8409125],[85.0227105,27.8409741],[85.0227856,27.8409362],[85.0228339,27.8408603],[85.0228608,27.8407417],[85.0228768,27.8406658],[85.022791,27.8406231]]]}},{"type":"Feature","properties":{"grade":"Destroyed","kind":"road","name":null,"aoi":"AOI05","locality":"Phosretar","product":"EMSR927_AOI05_GRA_PRODUCT_v3","post_event_date":"2026-08-31","method":"Photo-interpretation"},"geometry":{"type":"MultiLineString","coordinates":[[[85.021277,27.8403612],[85.0212638,27.8404008],[85.0212731,27.8404707],[85.0213053,27.8405703],[85.0213268,27.8406711],[85.0213174,27.8407435],[85.0212731,27.8408443],[85.02119,27.840964],[85.0211283,27.8410399],[85.0210921,27.8411384],[85.0210773,27.8412498],[85.0210975,27.8413981]]]}},{"type":"Feature","properties":{"grade":"Destroyed","kind":"road","name":null,"aoi":"AOI05","locality":"Phosretar","product":"EMSR927_AOI05_GRA_PRODUCT_v3","post_event_date":"2026-08-31","method":"Photo-interpretation"},"geometry":{"type":"MultiLineString","coordinates":[[[85.0228141,27.84119],[85.0229294,27.8409706],[85.0229723,27.8408769],[85.0229857,27.8407275],[85.0229763,27.8406516],[85.02292,27.8406397],[85.0228768,27.8406658]]]}},{"type":"Feature","properties":{"grade":"Destroyed","kind":"road","name":null,"aoi":"AOI05","locality":"Phosretar","product":"EMSR927_AOI05_GRA_PRODUCT_v3","post_event_date":"2026-08-31","method":"Photo-interpretation"},"geometry":{"type":"MultiLineString","coordinates":[[[85.02244124,27.84142933],[85.022378,27.8413346],[85.0222814,27.8411401],[85.0222063,27.8409552],[85.0221902,27.8408555],[85.022213,27.8407834],[85.0222277,27.840737],[85.0222709,27.840581],[85.0222964,27.8404411],[85.022276,27.8403243],[85.0221956,27.8402341],[85.0220775,27.8402104],[85.0219649,27.8402484],[85.0218576,27.8403006],[85.0216967,27.84031],[85.0215572,27.8403622],[85.021407,27.8403575],[85.021277,27.8403612],[85.0212407,27.8403622],[85.0210208,27.8404381],[85.0208223,27.8405614],[85.0206935,27.8407275],[85.0205809,27.8409552],[85.0204629,27.8411354],[85.0203341,27.8413014],[85.0202697,27.8414959],[85.0202644,27.8416904],[85.0201138,27.8418621]]]}},{"type":"Feature","properties":{"grade":"No visible damage","kind":"road","name":null,"aoi":"AOI05","locality":"Phosretar","product":"EMSR927_AOI05_GRA_PRODUCT_v3","post_event_date":"2026-08-31","method":"Photo-interpretation"},"geometry":{"type":"MultiLineString","coordinates":[[[85.0234616,27.8409652],[85.0233918,27.8410216],[85.0233328,27.8411544],[85.0232684,27.8412492],[85.0230861,27.8413583],[85.0230509,27.841375],[85.0228768,27.841458],[85.0227481,27.8415007],[85.0225818,27.8414817],[85.0224477,27.841439],[85.02244124,27.84142933]]]}},{"type":"Feature","properties":{"grade":"Destroyed","kind":"road","name":null,"aoi":"AOI05","locality":"Phosretar","product":"EMSR927_AOI05_GRA_PRODUCT_v3","post_event_date":"2026-08-31","method":"Photo-interpretation"},"geometry":{"type":"MultiLineString","coordinates":[[[85.0208974,27.8416904],[85.0207662,27.8415566],[85.0207287,27.8414784],[85.0207435,27.8413942],[85.0207971,27.8413159],[85.0209165,27.8412436],[85.0210921,27.8411384],[85.0211967,27.8410432],[85.0213845,27.840851],[85.0214609,27.8408226],[85.0215883,27.8407977]]]}},{"type":"Feature","properties":{"grade":"No visible damage","kind":"road","name":null,"aoi":"AOI05","locality":"Phosretar","product":"EMSR927_AOI05_GRA_PRODUCT_v3","post_event_date":"2026-08-31","method":"Photo-interpretation"},"geometry":{"type":"MultiLineString","coordinates":[[[85.02146593,27.84161747],[85.0216377,27.8416382],[85.0218308,27.841605],[85.0220507,27.8415623],[85.0222707,27.8414912],[85.0224477,27.841439]]]}},{"type":"Feature","properties":{"grade":"Destroyed","kind":"road","name":null,"aoi":"AOI05","locality":"Phosretar","product":"EMSR927_AOI05_GRA_PRODUCT_v3","post_event_date":"2026-08-31","method":"Photo-interpretation"},"geometry":{"type":"MultiLineString","coordinates":[[[85.0203189,27.8421668],[85.0206238,27.8418564],[85.0208974,27.8416904],[85.021099,27.8416322],[85.0211602,27.8416145],[85.0214016,27.8416097],[85.02146593,27.84161747]]]}},{"type":"Feature","properties":{"grade":"Destroyed","kind":"road","name":null,"aoi":"AOI05","locality":"Phosretar","product":"EMSR927_AOI05_GRA_PRODUCT_v3","post_event_date":"2026-08-31","method":"Photo-interpretation"},"geometry":{"type":"MultiLineString","coordinates":[[[85.0201138,27.8418621],[85.0199076,27.842096],[85.019842,27.8421719],[85.01968969,27.84235797]]]}},{"type":"Feature","properties":{"grade":"Destroyed","kind":"road","name":null,"aoi":"AOI05","locality":"Phosretar","product":"EMSR927_AOI05_GRA_PRODUCT_v3","post_event_date":"2026-08-31","method":"Photo-interpretation"},"geometry":{"type":"MultiLineString","coordinates":[[[85.019842,27.8421719],[85.0200552,27.842179],[85.0203189,27.8421668]]]}},{"type":"Feature","properties":{"grade":"Destroyed","kind":"road","name":null,"aoi":"AOI05","locality":"Phosretar","product":"EMSR927_AOI05_GRA_PRODUCT_v3","post_event_date":"2026-08-31","method":"Photo-interpretation"},"geometry":{"type":"MultiLineString","coordinates":[[[85.01968969,27.84235797],[85.0196421,27.8424161],[85.0196134,27.8424958],[85.0196107,27.8425717],[85.01963885,27.84262684]]]}},{"type":"Feature","properties":{"grade":"No visible damage","kind":"road","name":null,"aoi":"AOI05","locality":"Phosretar","product":"EMSR927_AOI05_GRA_PRODUCT_v3","post_event_date":"2026-08-31","method":"Photo-interpretation"},"geometry":{"type":"MultiLineString","coordinates":[[[85.0224071,27.8426306],[85.0223093,27.8425724],[85.0218694,27.8425129]]]}},{"type":"Feature","properties":{"grade":"Destroyed","kind":"road","name":null,"aoi":"AOI05","locality":"Phosretar","product":"EMSR927_AOI05_GRA_PRODUCT_v3","post_event_date":"2026-08-31","method":"Photo-interpretation"},"geometry":{"type":"MultiLineString","coordinates":[[[85.01963885,27.84262684],[85.019667,27.842682],[85.0197676,27.8429394],[85.0198414,27.843039],[85.0199352,27.8431113],[85.0200439,27.8431919],[85.0200881,27.8432702]]]}},{"type":"Feature","properties":{"grade":"Destroyed","kind":"road","name":null,"aoi":"AOI05","locality":"Phosretar","product":"EMSR927_AOI05_GRA_PRODUCT_v3","post_event_date":"2026-08-31","method":"Photo-interpretation"},"geometry":{"type":"MultiLineString","coordinates":[[[85.021099,27.8416322],[85.0209925,27.8417742],[85.0209523,27.8419213],[85.0208101,27.8421039],[85.020735,27.8422462],[85.0207189,27.8424051],[85.0207418,27.8425673],[85.0207955,27.8426717],[85.0209108,27.842795],[85.0210449,27.8429539],[85.0211629,27.8430986],[85.0212836,27.843248],[85.0213909,27.8433784],[85.0214928,27.8434923],[85.0215813,27.8436108],[85.0216618,27.8437081],[85.0217772,27.8438622],[85.0218496,27.8439642],[85.0219247,27.8440686],[85.0220118,27.8441741],[85.022099,27.8442951],[85.0221794,27.8444062],[85.0222947,27.8445272],[85.02241724,27.84462713]]]}},{"type":"Feature","properties":{"grade":"Not Analysed","kind":"road","name":null,"aoi":"AOI05","locality":"Phosretar","product":"EMSR927_AOI05_GRA_PRODUCT_v3","post_event_date":"2026-08-31","method":"Photo-interpretation"},"geometry":{"type":"MultiLineString","coordinates":[[[85.02241724,27.84462713],[85.0225375,27.8447252],[85.0226944,27.8448426],[85.0228875,27.8449695],[85.0230645,27.8450477]]]}},{"type":"Feature","properties":{"grade":"Not Analysed","kind":"road","name":null,"aoi":"AOI05","locality":"Phosretar","product":"EMSR927_AOI05_GRA_PRODUCT_v3","post_event_date":"2026-08-31","method":"Photo-interpretation"},"geometry":{"type":"MultiLineString","coordinates":[[[85.0196503,27.844792],[85.0196637,27.8448608],[85.0196074,27.8449486],[85.0195457,27.8450292],[85.0196556,27.8452166],[85.019712,27.845283],[85.0198595,27.8453968],[85.0200204,27.8455106],[85.0204066,27.8457027],[85.02048007,27.84575619]]]}},{"type":"Feature","properties":{"grade":"Destroyed","kind":"road","name":null,"aoi":"AOI05","locality":"Phosretar","product":"EMSR927_AOI05_GRA_PRODUCT_v3","post_event_date":"2026-08-31","method":"Photo-interpretation"},"geometry":{"type":"MultiLineString","coordinates":[[[85.02048007,27.84575619],[85.0204978,27.8457691],[85.0206212,27.8459043],[85.02075413,27.84603152]]]}},{"type":"Feature","properties":{"grade":"Destroyed","kind":"road","name":null,"aoi":"AOI05","locality":"Phosretar","product":"EMSR927_AOI05_GRA_PRODUCT_v3","post_event_date":"2026-08-31","method":"Photo-interpretation"},"geometry":{"type":"MultiLineString","coordinates":[[[85.02075413,27.84603152],[85.0208492,27.8461225],[85.0209726,27.8462624],[85.0210209,27.8463454],[85.0211308,27.8464261],[85.0212891,27.8464783],[85.0214688,27.8465399],[85.02160547,27.84658786]]]}},{"type":"Feature","properties":{"grade":"Destroyed","kind":"road","name":null,"aoi":"AOI05","locality":"Phosretar","product":"EMSR927_AOI05_GRA_PRODUCT_v3","post_event_date":"2026-08-31","method":"Photo-interpretation"},"geometry":{"type":"MultiLineString","coordinates":[[[85.02160547,27.84658786],[85.0216244,27.8465945]]]}},{"type":"Feature","properties":{"grade":"Not Analysed","kind":"road","name":null,"aoi":"AOI05","locality":"Phosretar","product":"EMSR927_AOI05_GRA_PRODUCT_v3","post_event_date":"2026-08-31","method":"Photo-interpretation"},"geometry":{"type":"MultiLineString","coordinates":[[[85.0291962,27.84769],[85.0291936,27.8477351],[85.0290997,27.8477256],[85.0290383,27.8477279],[85.0290209,27.8477398],[85.0290215,27.8477777],[85.0290618,27.8478157],[85.0290712,27.8478258],[85.0290792,27.8478382],[85.0290651,27.8478519],[85.0289505,27.847853],[85.0289039,27.8478323],[85.0288311,27.8478139],[85.0287359,27.8477902],[85.0286705,27.8477635],[85.0286132,27.847722],[85.0285579,27.8477042],[85.0284855,27.8476805],[85.0283728,27.8476236],[85.0283058,27.8476118],[85.0281743,27.8475667],[85.0280858,27.8475121],[85.0279705,27.8474481],[85.027894,27.8474098]]]}},{"type":"Feature","properties":{"grade":"Not Analysed","kind":"road","name":"Pasang Lhamu Highway","aoi":"AOI05","locality":"Phosretar","product":"EMSR927_AOI05_GRA_PRODUCT_v3","post_event_date":"2026-08-31","method":"Photo-interpretation"},"geometry":{"type":"MultiLineString","coordinates":[[[85.039786,27.8513406],[85.0391257,27.8512869],[85.0383844,27.8511863],[85.0373642,27.8510631],[85.0370578,27.8510189],[85.0368989,27.8509772],[85.0367067,27.8508922],[85.0365529,27.8507933],[85.0362192,27.8505682],[85.035835,27.8503009],[85.0352315,27.8499667],[85.0346725,27.8496504],[85.0341535,27.8493966],[85.0338257,27.84926],[85.0334771,27.8490916],[85.0334397,27.8490671],[85.0333071,27.8489992],[85.0332346,27.8489528],[85.0327393,27.848688],[85.0324913,27.8485742],[85.0323142,27.8484837],[85.0321123,27.8484313],[85.0320473,27.8484086],[85.0319428,27.8484015],[85.0317053,27.8484382],[85.031578,27.8484288],[85.0313832,27.8483863],[85.0311915,27.8483672],[85.0310534,27.8483637],[85.0308849,27.8483437],[85.030724,27.8482963],[85.0305695,27.8482307],[85.0304354,27.8481643],[85.0303112,27.8481088],[85.0300867,27.8480126],[85.0298024,27.8479272],[85.0295557,27.8478465],[85.0293939,27.8477721],[85.0291962,27.84769],[85.0291508,27.8476724],[85.0289916,27.8476108],[85.0287877,27.8475349],[85.0286223,27.8474623],[85.0284444,27.8473784],[85.0283111,27.8472916],[85.0281609,27.8472157],[85.0280711,27.8471102],[85.027953,27.8469857],[85.0278457,27.8469157],[85.0276969,27.8468505],[85.0275896,27.8467936],[85.0274394,27.8467153],[85.0272651,27.8466275],[85.0270502,27.846501],[85.0269671,27.8464369],[85.0268839,27.8463706],[85.0267473,27.8463027],[85.0266688,27.8462567],[85.0265052,27.8461665],[85.0263442,27.8460835],[85.0261726,27.8460029],[85.0259829,27.8459113],[85.025832,27.8458416],[85.0256933,27.8457832],[85.0254572,27.8457026],[85.0252043,27.845576],[85.024953,27.8454654],[85.0247934,27.8454121],[85.0246383,27.8453459],[85.024497,27.8452698],[85.02436768,27.84517913]]]}},{"type":"Feature","properties":{"grade":"Not Analysed","kind":"road","name":null,"aoi":"AOI05","locality":"Phosretar","product":"EMSR927_AOI05_GRA_PRODUCT_v3","post_event_date":"2026-08-31","method":"Photo-interpretation"},"geometry":{"type":"MultiLineString","coordinates":[[[85.0163309,27.8465164],[85.0164328,27.8464073],[85.0165079,27.8463457],[85.0166366,27.8463362],[85.0167868,27.8463267],[85.0168727,27.8462698],[85.0170014,27.8462128],[85.0170122,27.846118],[85.0169961,27.8459757],[85.0169585,27.8458666],[85.016921,27.8457527]]]}},{"type":"Feature","properties":{"grade":"Not Analysed","kind":"road","name":null,"aoi":"AOI05","locality":"Phosretar","product":"EMSR927_AOI05_GRA_PRODUCT_v3","post_event_date":"2026-08-31","method":"Photo-interpretation"},"geometry":{"type":"MultiLineString","coordinates":[[[85.016921,27.847005],[85.016804,27.8471749],[85.01676941,27.84722079]]]}},{"type":"Feature","properties":{"grade":"Not Analysed","kind":"road","name":null,"aoi":"AOI05","locality":"Phosretar","product":"EMSR927_AOI05_GRA_PRODUCT_v3","post_event_date":"2026-08-31","method":"Photo-interpretation"},"geometry":{"type":"MultiLineString","coordinates":[[[85.0183479,27.8478825],[85.0180743,27.8477354],[85.0179026,27.8475741],[85.0177417,27.8474556],[85.0176076,27.8473607],[85.0174735,27.8473085],[85.0173287,27.8472184],[85.0171463,27.8471141],[85.0170712,27.8470476],[85.0169853,27.8470097],[85.016921,27.847005],[85.0169102,27.8469101],[85.0169907,27.8467915],[85.0169907,27.8466967],[85.0169263,27.846635],[85.0167922,27.8466065],[85.0166527,27.8465591],[85.016465,27.8465164],[85.0163309,27.8465164]]]}},{"type":"Feature","properties":{"grade":"Not Analysed","kind":"road","name":null,"aoi":"AOI05","locality":"Phosretar","product":"EMSR927_AOI05_GRA_PRODUCT_v3","post_event_date":"2026-08-31","method":"Photo-interpretation"},"geometry":{"type":"MultiLineString","coordinates":[[[85.01681342,27.84727622],[85.0169219,27.8472642],[85.0171872,27.8474504],[85.0174146,27.8476068],[85.0174522,27.8476606],[85.0175705,27.8478302],[85.0176757,27.8479047],[85.0177052,27.8480127],[85.0178797,27.8481332],[85.0179844,27.8482055],[85.0180126,27.8482249],[85.0182021,27.8483701],[85.0184759,27.8484297],[85.0188296,27.848668],[85.0190654,27.8487462],[85.0192086,27.8486382],[85.0193855,27.8486345],[85.0194959,27.8487078]]]}},{"type":"Feature","properties":{"grade":"Not Analysed","kind":"road","name":null,"aoi":"AOI05","locality":"Phosretar","product":"EMSR927_AOI05_GRA_PRODUCT_v3","post_event_date":"2026-08-31","method":"Photo-interpretation"},"geometry":{"type":"MultiLineString","coordinates":[[[85.0208874,27.8501786],[85.0209014,27.8499315],[85.0207029,27.8496042],[85.0205205,27.8493054],[85.0203274,27.8490208],[85.0201772,27.8488643],[85.0200645,27.8487789],[85.0199519,27.8487694],[85.0198231,27.8488453],[85.0196729,27.8489212],[85.0195442,27.8489734],[85.0194261,27.8489876],[85.0193687,27.8489668],[85.0193081,27.8489449],[85.0192759,27.8488738],[85.019394,27.8487979],[85.0194959,27.8487078],[85.0195012,27.8485892],[85.0195012,27.8484042],[85.0194261,27.8483188],[85.0192169,27.8481765],[85.0188468,27.8480532],[85.0186966,27.8480674],[85.0185356,27.8479631],[85.0183479,27.8478825]]]}},{"type":"Feature","properties":{"grade":"Not Analysed","kind":"road","name":null,"aoi":"AOI05","locality":"Phosretar","product":"EMSR927_AOI05_GRA_PRODUCT_v3","post_event_date":"2026-08-31","method":"Photo-interpretation"},"geometry":{"type":"MultiLineString","coordinates":[[[85.0334412,27.8488783],[85.033493,27.8487983],[85.0335198,27.8486584],[85.0336942,27.8485778],[85.033713,27.8484497],[85.0337747,27.8484236],[85.0338283,27.8482031],[85.0339866,27.8481817],[85.0340375,27.8480086],[85.03406012,27.84798732]]]}},{"type":"Feature","properties":{"grade":"Not Analysed","kind":"road","name":null,"aoi":"AOI05","locality":"Phosretar","product":"EMSR927_AOI05_GRA_PRODUCT_v3","post_event_date":"2026-08-31","method":"Photo-interpretation"},"geometry":{"type":"MultiLineString","coordinates":[[[85.0334156,27.8489362],[85.0334412,27.8488783],[85.0334277,27.8488285],[85.0333017,27.8487633],[85.0332601,27.8487254],[85.0330616,27.8486258],[85.0330536,27.8485771],[85.0329704,27.8484775]]]}},{"type":"Feature","properties":{"grade":"Not Analysed","kind":"road","name":null,"aoi":"AOI05","locality":"Phosretar","product":"EMSR927_AOI05_GRA_PRODUCT_v3","post_event_date":"2026-08-31","method":"Photo-interpretation"},"geometry":{"type":"MultiLineString","coordinates":[[[85.0333071,27.8489992],[85.0333231,27.8489824],[85.0334156,27.8489362],[85.0334371,27.8490393],[85.0334397,27.8490671]]]}},{"type":"Feature","properties":{"grade":"No visible damage","kind":"road","name":null,"aoi":"AOI05","locality":"Phosretar","product":"EMSR927_AOI05_GRA_PRODUCT_v3","post_event_date":"2026-08-31","method":"Photo-interpretation"},"geometry":{"type":"MultiLineString","coordinates":[[[85.05113931,27.85139873],[85.0511502,27.8513943],[85.0514931,27.8510893],[85.0516214,27.851041],[85.0519411,27.8510447],[85.0521325,27.8509945],[85.0529065,27.8506914],[85.0542033,27.8498069],[85.0548016,27.8492241],[85.05511179,27.84885625]]]}},{"type":"Feature","properties":{"grade":"Not Analysed","kind":"road","name":null,"aoi":"AOI05","locality":"Phosretar","product":"EMSR927_AOI05_GRA_PRODUCT_v3","post_event_date":"2026-08-31","method":"Photo-interpretation"},"geometry":{"type":"MultiLineString","coordinates":[[[85.032743,27.8515587],[85.0326712,27.8517253],[85.0324354,27.8519948],[85.0321833,27.8522393],[85.0321101,27.8522357],[85.0320305,27.85214],[85.0320027,27.8519739],[85.0319688,27.8516579],[85.0319688,27.8514318],[85.0320331,27.8512077],[85.0320366,27.8510477],[85.0320767,27.8509932],[85.0322954,27.850876],[85.0323478,27.8508052],[85.0324862,27.8506117],[85.0325144,27.8503899],[85.0326002,27.8502097],[85.0326937,27.8500045],[85.0327607,27.8499062],[85.0328346,27.8497401],[85.0328901,27.8495984],[85.0330071,27.8494731],[85.0330718,27.8494077],[85.0331119,27.8493015],[85.033152,27.8491789],[85.0331812,27.8490998],[85.0332111,27.849034],[85.0332346,27.8489528]]]}},{"type":"Feature","properties":{"grade":"Not Analysed","kind":"road","name":null,"aoi":"AOI05","locality":"Phosretar","product":"EMSR927_AOI05_GRA_PRODUCT_v3","post_event_date":"2026-08-31","method":"Photo-interpretation"},"geometry":{"type":"MultiLineString","coordinates":[[[85.0417245,27.8512463],[85.0417162,27.8510181],[85.0418221,27.8509587],[85.0420088,27.8509701],[85.0421018,27.8509529],[85.042137,27.8507693],[85.0421892,27.8505114],[85.04219689,27.85038788]]]}},{"type":"Feature","properties":{"grade":"Not Analysed","kind":"road","name":null,"aoi":"AOI05","locality":"Phosretar","product":"EMSR927_AOI05_GRA_PRODUCT_v3","post_event_date":"2026-08-31","method":"Photo-interpretation"},"geometry":{"type":"MultiLineString","coordinates":[[[85.0414507,27.8512668],[85.0414789,27.8509884],[85.0415656,27.850638],[85.04157262,27.85061455]]]}},{"type":"Feature","properties":{"grade":"Not Analysed","kind":"road","name":"Pasang Lhamu Highway","aoi":"AOI05","locality":"Phosretar","product":"EMSR927_AOI05_GRA_PRODUCT_v3","post_event_date":"2026-08-31","method":"Photo-interpretation"},"geometry":{"type":"MultiLineString","coordinates":[[[85.04999292,27.85188197],[85.04997331,27.85187115],[85.04981621,27.85174805],[85.04954491,27.85162545],[85.04934961,27.85158795],[85.04915621,27.85160455],[85.04904751,27.85156615],[85.04894411,27.85149095],[85.04885691,27.85141535],[85.04877921,27.85135775],[85.04848191,27.85124985],[85.04826741,27.85124035],[85.04805801,27.85124675],[85.04786241,27.85116445],[85.04766121,27.85102215],[85.04750561,27.85093675],[85.04722981,27.85085495],[85.04695331,27.85074395],[85.04630111,27.85062105],[85.04587751,27.85055615],[85.04569251,27.85050985],[85.04545801,27.85048325],[85.04465712,27.85034105],[85.04441712,27.85034155],[85.04418262,27.85035415],[85.04405062,27.85040935],[85.04394822,27.85045765],[85.04379872,27.85056645],[85.04352602,27.85076775],[85.04333942,27.85084775],[85.04240672,27.85100365],[85.04181092,27.85105515],[85.04174402,27.85106375],[85.04172302,27.85106325],[85.04147022,27.85108425],[85.039786,27.8513406]]]}},{"type":"Feature","properties":{"grade":"Not Analysed","kind":"road","name":null,"aoi":"AOI05","locality":"Phosretar","product":"EMSR927_AOI05_GRA_PRODUCT_v3","post_event_date":"2026-08-31","method":"Photo-interpretation"},"geometry":{"type":"MultiLineString","coordinates":[[[85.033375,27.8516695],[85.0335091,27.8517122],[85.0336378,27.8517691],[85.0337465,27.8517975],[85.0338739,27.8517975],[85.0340884,27.8517501],[85.0343138,27.8517217],[85.0345927,27.8517406],[85.0348287,27.8517643],[85.0348864,27.8517643],[85.0350058,27.8517643],[85.0351198,27.8517311],[85.0351828,27.851679],[85.0352431,27.8515936],[85.0354886,27.8511098],[85.0355406,27.8509612],[85.0356412,27.8508554],[85.0358033,27.8507131],[85.0362192,27.8505682]]]}},{"type":"Feature","properties":{"grade":"Not Analysed","kind":"road","name":null,"aoi":"AOI05","locality":"Phosretar","product":"EMSR927_AOI05_GRA_PRODUCT_v3","post_event_date":"2026-08-31","method":"Photo-interpretation"},"geometry":{"type":"MultiLineString","coordinates":[[[85.032743,27.8515587],[85.0329017,27.8516041],[85.0332193,27.8516454],[85.033375,27.8516695]]]}},{"type":"Feature","properties":{"grade":"Not Analysed","kind":"road","name":null,"aoi":"AOI05","locality":"Phosretar","product":"EMSR927_AOI05_GRA_PRODUCT_v3","post_event_date":"2026-08-31","method":"Photo-interpretation"},"geometry":{"type":"MultiLineString","coordinates":[[[85.0266817,27.8482501],[85.0266988,27.8481374],[85.0266908,27.8480686],[85.0267203,27.8480306],[85.0267525,27.8480401],[85.0268356,27.848116],[85.026951,27.8481729],[85.0270958,27.8482654],[85.02714262,27.84829426],[85.0272728,27.8483745],[85.0275169,27.8485643],[85.0277261,27.8487682],[85.0278924,27.8489556]]]}},{"type":"Feature","properties":{"grade":"Not Analysed","kind":"road","name":null,"aoi":"AOI05","locality":"Phosretar","product":"EMSR927_AOI05_GRA_PRODUCT_v3","post_event_date":"2026-08-31","method":"Photo-interpretation"},"geometry":{"type":"MultiLineString","coordinates":[[[85.0300353,27.8494251],[85.0301039,27.8492769],[85.0302138,27.8490449],[85.0302486,27.8488914],[85.0301386,27.8487071],[85.0299514,27.8485741]]]}},{"type":"Feature","properties":{"grade":"Not Analysed","kind":"road","name":null,"aoi":"AOI05","locality":"Phosretar","product":"EMSR927_AOI05_GRA_PRODUCT_v3","post_event_date":"2026-08-31","method":"Photo-interpretation"},"geometry":{"type":"MultiLineString","coordinates":[[[85.0296466,27.8495699],[85.0296073,27.8495142],[85.0295763,27.849453],[85.0295696,27.8494074]]]}},{"type":"Feature","properties":{"grade":"Not Analysed","kind":"road","name":null,"aoi":"AOI05","locality":"Phosretar","product":"EMSR927_AOI05_GRA_PRODUCT_v3","post_event_date":"2026-08-31","method":"Photo-interpretation"},"geometry":{"type":"MultiLineString","coordinates":[[[85.0296839,27.8496362],[85.0296466,27.8495699]]]}},{"type":"Feature","properties":{"grade":"Not Analysed","kind":"road","name":null,"aoi":"AOI05","locality":"Phosretar","product":"EMSR927_AOI05_GRA_PRODUCT_v3","post_event_date":"2026-08-31","method":"Photo-interpretation"},"geometry":{"type":"MultiLineString","coordinates":[[[85.0268412,27.8487416],[85.0269555,27.8486001],[85.0270489,27.8484872],[85.0270679,27.8484118],[85.0270661,27.84839782],[85.0270622,27.8483676],[85.0270432,27.8483322],[85.0269612,27.8482834],[85.0268564,27.8482227],[85.0267745,27.8482177],[85.0266817,27.8482501],[85.0265784,27.8483928],[85.0264711,27.8484782],[85.0263946,27.8485387],[85.026341,27.8486454],[85.0263182,27.8487415],[85.026314,27.8488052],[85.0262783,27.8488892],[85.0262334,27.8489509],[85.0262481,27.849073],[85.0262508,27.8491086],[85.0262414,27.8491892],[85.0262401,27.8493434],[85.026233,27.8494313],[85.0262079,27.8495224],[85.0261374,27.8495907],[85.0261448,27.8496428],[85.0261137,27.8497074],[85.0260966,27.8497638],[85.0260248,27.84981],[85.0259763,27.8497951],[85.0259227,27.849743],[85.0258395,27.8497003],[85.0257349,27.8496742],[85.025625,27.8496481],[85.0255338,27.8495936],[85.025405,27.8495556],[85.0252763,27.8495295],[85.0250966,27.8495698],[85.0250322,27.8495912],[85.024949,27.8495912],[85.0248632,27.8495959],[85.0247291,27.8496244],[85.0246755,27.8496789],[85.0246513,27.8497501],[85.0245896,27.8497857],[85.0244904,27.8497453],[85.0244448,27.8496742],[85.0243992,27.8495675],[85.0244099,27.8494655],[85.0244233,27.8493872],[85.0244421,27.8492924],[85.0244797,27.849207],[85.0244609,27.8491382],[85.0243885,27.8490315],[85.024308,27.8489912],[85.0242329,27.8489627],[85.024139,27.8489651],[85.0240532,27.8490102],[85.0238547,27.849124],[85.0237662,27.8491524],[85.0236884,27.849143],[85.0235811,27.8491311],[85.0234899,27.8492283],[85.0233752,27.849358],[85.0232947,27.8495098],[85.0232411,27.8495572],[85.023174,27.8496734],[85.0231598,27.8497626],[85.0231096,27.8498347],[85.0230318,27.8499224],[85.0229836,27.8499793],[85.0229326,27.8500624],[85.0229085,27.850143],[85.0228736,27.8502094],[85.0228414,27.8503303],[85.022777,27.8504442],[85.0226939,27.8505295],[85.0226349,27.8506078],[85.0225839,27.8507928],[85.0225517,27.8509303],[85.0225651,27.8509825],[85.0226308,27.8510596],[85.0226563,27.8512481],[85.0226662,27.851323],[85.0225987,27.8514817],[85.0226207,27.8515673],[85.022645,27.8517031],[85.0226391,27.8517773],[85.0225922,27.8520557],[85.0225473,27.8522034],[85.0224571,27.8523378],[85.02245399,27.85234467]]]}},{"type":"Feature","properties":{"grade":"Not Analysed","kind":"road","name":null,"aoi":"AOI05","locality":"Phosretar","product":"EMSR927_AOI05_GRA_PRODUCT_v3","post_event_date":"2026-08-31","method":"Photo-interpretation"},"geometry":{"type":"MultiLineString","coordinates":[[[85.0319163,27.8511721],[85.031735,27.8510291],[85.0315151,27.8508916],[85.0313353,27.850792],[85.0312629,27.8506995],[85.0312334,27.8505619],[85.0312656,27.8502014],[85.0312817,27.8500615],[85.03122,27.8498528],[85.0311959,27.8496607],[85.0312495,27.8494686]]]}},{"type":"Feature","properties":{"grade":"Not Analysed","kind":"road","name":null,"aoi":"AOI05","locality":"Phosretar","product":"EMSR927_AOI05_GRA_PRODUCT_v3","post_event_date":"2026-08-31","method":"Photo-interpretation"},"geometry":{"type":"MultiLineString","coordinates":[[[85.0307417,27.8508379],[85.0305798,27.8506637],[85.0304549,27.850402],[85.0303642,27.8500919],[85.030342,27.8499013]]]}},{"type":"Feature","properties":{"grade":"Not Analysed","kind":"road","name":null,"aoi":"AOI05","locality":"Phosretar","product":"EMSR927_AOI05_GRA_PRODUCT_v3","post_event_date":"2026-08-31","method":"Photo-interpretation"},"geometry":{"type":"MultiLineString","coordinates":[[[85.0309417,27.8508694],[85.0307794,27.85085],[85.0307417,27.8508379],[85.0306319,27.8508026],[85.030361,27.8506817],[85.0303007,27.8505583],[85.0302913,27.8503579],[85.0302349,27.850039]]]}},{"type":"Feature","properties":{"grade":"Not Analysed","kind":"road","name":null,"aoi":"AOI05","locality":"Phosretar","product":"EMSR927_AOI05_GRA_PRODUCT_v3","post_event_date":"2026-08-31","method":"Photo-interpretation"},"geometry":{"type":"MultiLineString","coordinates":[[[85.02165068,27.8518426],[85.021636,27.8518081],[85.021638,27.8516514],[85.0215987,27.8515157],[85.0214432,27.8513971],[85.0213835,27.8513458],[85.0212554,27.8512358],[85.0211803,27.8509987],[85.021132,27.8508279],[85.0210305,27.8506016],[85.0209331,27.8504136],[85.0208874,27.8501786]]]}},{"type":"Feature","properties":{"grade":"Not Analysed","kind":"road","name":null,"aoi":"AOI05","locality":"Phosretar","product":"EMSR927_AOI05_GRA_PRODUCT_v3","post_event_date":"2026-08-31","method":"Photo-interpretation"},"geometry":{"type":"MultiLineString","coordinates":[[[85.0314971,27.8528045],[85.0313066,27.8527571],[85.0312634,27.8527362],[85.031135,27.8526741],[85.0310223,27.8525389],[85.0309821,27.85238],[85.0308909,27.8522306],[85.0306629,27.8519958],[85.0304859,27.8515547],[85.0303544,27.8512346],[85.0302284,27.850867],[85.0300088,27.85036],[85.02981,27.8500156],[85.0296839,27.8496362],[85.0300353,27.8494251],[85.0303384,27.849437]]]}},{"type":"Feature","properties":{"grade":"Not Analysed","kind":"road","name":null,"aoi":"AOI05","locality":"Phosretar","product":"EMSR927_AOI05_GRA_PRODUCT_v3","post_event_date":"2026-08-31","method":"Photo-interpretation"},"geometry":{"type":"MultiLineString","coordinates":[[[85.0309417,27.8508694],[85.0312345,27.8509641],[85.0319163,27.8511721],[85.0320331,27.8512077],[85.032332,27.8512738],[85.0325421,27.8513646],[85.032743,27.8515587]]]}},{"type":"Feature","properties":{"grade":"Not Analysed","kind":"road","name":null,"aoi":"AOI05","locality":"Phosretar","product":"EMSR927_AOI05_GRA_PRODUCT_v3","post_event_date":"2026-08-31","method":"Photo-interpretation"},"geometry":{"type":"MultiLineString","coordinates":[[[85.026314,27.8488052],[85.0267135,27.848875],[85.0267843,27.8490351],[85.0269733,27.8491099],[85.0271827,27.8491419],[85.0271354,27.849381],[85.0272603,27.8495867],[85.0273122,27.8497543],[85.0273056,27.8499152],[85.0273426,27.8500658],[85.0273808,27.8502128],[85.027373,27.850385],[85.0273006,27.8506553],[85.0272416,27.8509328],[85.0272757,27.8511057],[85.0272167,27.8512101],[85.0271791,27.8513049],[85.0271201,27.8514614],[85.0270665,27.8516464],[85.0268841,27.8518741],[85.0267178,27.8521112],[85.0265568,27.8523721],[85.0264174,27.85241],[85.0263423,27.8524907],[85.0262672,27.8526045],[85.0261974,27.8528227],[85.0260687,27.8529887],[85.0258917,27.8530541],[85.0257023,27.8532016],[85.0254769,27.8534146],[85.0251538,27.8536438],[85.0250788,27.8537282]]]}},{"type":"Feature","properties":{"grade":"Not Analysed","kind":"road","name":null,"aoi":"AOI05","locality":"Phosretar","product":"EMSR927_AOI05_GRA_PRODUCT_v3","post_event_date":"2026-08-31","method":"Photo-interpretation"},"geometry":{"type":"MultiLineString","coordinates":[[[85.0312634,27.8527362],[85.0311137,27.85258],[85.0309821,27.85238]]]}},{"type":"Feature","properties":{"grade":"Not Analysed","kind":"road","name":null,"aoi":"AOI05","locality":"Phosretar","product":"EMSR927_AOI05_GRA_PRODUCT_v3","post_event_date":"2026-08-31","method":"Photo-interpretation"},"geometry":{"type":"MultiLineString","coordinates":[[[85.0250084,27.8537229],[85.0249748,27.8537203],[85.024491,27.8535053],[85.02439482,27.85355768]]]}},{"type":"Feature","properties":{"grade":"Not Analysed","kind":"road","name":null,"aoi":"AOI05","locality":"Phosretar","product":"EMSR927_AOI05_GRA_PRODUCT_v3","post_event_date":"2026-08-31","method":"Photo-interpretation"},"geometry":{"type":"MultiLineString","coordinates":[[[85.0250788,27.8537282],[85.0250084,27.8537229]]]}},{"type":"Feature","properties":{"grade":"Not Analysed","kind":"road","name":null,"aoi":"AOI05","locality":"Phosretar","product":"EMSR927_AOI05_GRA_PRODUCT_v3","post_event_date":"2026-08-31","method":"Photo-interpretation"},"geometry":{"type":"MultiLineString","coordinates":[[[85.0351198,27.8517311],[85.0351934,27.8519111],[85.0352792,27.852121],[85.0353707,27.8522272],[85.0354336,27.8523233],[85.0353037,27.8524904],[85.0352349,27.8526442],[85.0352336,27.8526792],[85.0352578,27.8527112],[85.0353302,27.8527765],[85.0354147,27.8528346],[85.0355354,27.8528998],[85.0355582,27.8529436],[85.0355403,27.8530072],[85.0354335,27.8531179],[85.035361,27.8532116],[85.0353584,27.8532614],[85.0353845,27.853304],[85.0354254,27.8533337],[85.0355233,27.8533456],[85.0356883,27.8533586],[85.0358425,27.8533444],[85.0359967,27.8533622],[85.0360396,27.8533492],[85.0360584,27.8533088]]]}},{"type":"Feature","properties":{"grade":"Not Analysed","kind":"road","name":null,"aoi":"AOI05","locality":"Phosretar","product":"EMSR927_AOI05_GRA_PRODUCT_v3","post_event_date":"2026-08-31","method":"Photo-interpretation"},"geometry":{"type":"MultiLineString","coordinates":[[[85.032669,27.8526115],[85.0325434,27.8525667],[85.0324264,27.8525339],[85.0323317,27.8525462],[85.0321593,27.8526119]]]}},{"type":"Feature","properties":{"grade":"No visible damage","kind":"road","name":"Pasang Lhamu Highway","aoi":"AOI05","locality":"Phosretar","product":"EMSR927_AOI05_GRA_PRODUCT_v3","post_event_date":"2026-08-31","method":"Photo-interpretation"},"geometry":{"type":"MultiLineString","coordinates":[[[85.05434408,27.85309768],[85.054007,27.85289975],[85.0532293,27.85253085],[85.0527977,27.85236265],[85.0524532,27.85222105],[85.0520918,27.85209055],[85.0518374,27.85208455],[85.05174825,27.8520899]]]}},{"type":"Feature","properties":{"grade":"Not Analysed","kind":"road","name":null,"aoi":"AOI05","locality":"Phosretar","product":"EMSR927_AOI05_GRA_PRODUCT_v3","post_event_date":"2026-08-31","method":"Photo-interpretation"},"geometry":{"type":"MultiLineString","coordinates":[[[85.0321101,27.8522357],[85.0321523,27.852336],[85.0321563,27.8525774],[85.0321593,27.8526119],[85.0321766,27.8528081],[85.032182,27.8528624],[85.0321739,27.8529551],[85.0321435,27.8530256],[85.032118,27.8530513],[85.0320801,27.8530828],[85.0320438,27.8530959],[85.0319897,27.8531184]]]}},{"type":"Feature","properties":{"grade":"No visible damage","kind":"road","name":"Pasang Lhamu Highway","aoi":"AOI05","locality":"Phosretar","product":"EMSR927_AOI05_GRA_PRODUCT_v3","post_event_date":"2026-08-31","method":"Photo-interpretation"},"geometry":{"type":"MultiLineString","coordinates":[[[85.05466829,27.85320004],[85.05434408,27.85309768]]]}},{"type":"Feature","properties":{"grade":"Not Analysed","kind":"road","name":"Pasang Lhamu Highway","aoi":"AOI05","locality":"Phosretar","product":"EMSR927_AOI05_GRA_PRODUCT_v3","post_event_date":"2026-08-31","method":"Photo-interpretation"},"geometry":{"type":"MultiLineString","coordinates":[[[85.05492071,27.85329037],[85.05466829,27.85320004]]]}},{"type":"Feature","properties":{"grade":"Not Analysed","kind":"road","name":"Pasang Lhamu Highway","aoi":"AOI05","locality":"Phosretar","product":"EMSR927_AOI05_GRA_PRODUCT_v3","post_event_date":"2026-08-31","method":"Photo-interpretation"},"geometry":{"type":"MultiLineString","coordinates":[[[85.05509041,27.85335103],[85.05496762,27.85331409],[85.05492071,27.85329037]]]}},{"type":"Feature","properties":{"grade":"No visible damage","kind":"road","name":"Pasang Lhamu Highway","aoi":"AOI05","locality":"Phosretar","product":"EMSR927_AOI05_GRA_PRODUCT_v3","post_event_date":"2026-08-31","method":"Photo-interpretation"},"geometry":{"type":"MultiLineString","coordinates":[[[85.05529288,27.85340205],[85.05509041,27.85335103]]]}},{"type":"Feature","properties":{"grade":"No visible damage","kind":"road","name":"Pasang Lhamu Highway","aoi":"AOI05","locality":"Phosretar","product":"EMSR927_AOI05_GRA_PRODUCT_v3","post_event_date":"2026-08-31","method":"Photo-interpretation"},"geometry":{"type":"MultiLineString","coordinates":[[[85.05577826,27.85351996],[85.0555882,27.8535119],[85.05538866,27.85342737],[85.05529288,27.85340205]]]}},{"type":"Feature","properties":{"grade":"Not Analysed","kind":"road","name":null,"aoi":"AOI05","locality":"Phosretar","product":"EMSR927_AOI05_GRA_PRODUCT_v3","post_event_date":"2026-08-31","method":"Photo-interpretation"},"geometry":{"type":"MultiLineString","coordinates":[[[85.0437792,27.850749],[85.0441287,27.8509755],[85.0442087,27.8511017],[85.0442606,27.8514516],[85.044412,27.8516753],[85.04461,27.8519251],[85.0447293,27.852052],[85.044838,27.8523401],[85.0449868,27.8526057],[85.0450841,27.8529628],[85.0450411,27.8532027],[85.0449498,27.8533689],[85.0448424,27.8535399],[85.0447054,27.8537013],[85.0445819,27.8539341],[85.0444959,27.8541312],[85.0444496,27.8542968],[85.0444199,27.8543787],[85.0444125,27.8544196],[85.0444209,27.854459],[85.0443999,27.8545253],[85.0443431,27.8546037],[85.0442318,27.8548799],[85.044162,27.8551574],[85.0441071,27.8554301],[85.0439578,27.8555891],[85.0437852,27.8557645],[85.0435921,27.8559139],[85.0434137,27.856023],[85.0431871,27.8561297],[85.0429436,27.8562085],[85.04286971,27.85621616],[85.0426976,27.856234],[85.042576,27.8562104],[85.0423757,27.8561154],[85.0421911,27.856004],[85.0417499,27.8558376],[85.0415255,27.85571447],[85.0411855,27.8555279],[85.0410911,27.8554696],[85.0400074,27.8548004],[85.0396532,27.854494],[85.0391899,27.8542393],[85.0389524,27.8541567],[85.0386176,27.8536542],[85.0385241,27.8535371]]]}},{"type":"Feature","properties":{"grade":"No visible damage","kind":"road","name":"Pasang Lhamu Highway","aoi":"AOI05","locality":"Phosretar","product":"EMSR927_AOI05_GRA_PRODUCT_v3","post_event_date":"2026-08-31","method":"Photo-interpretation"},"geometry":{"type":"MultiLineString","coordinates":[[[85.0567757,27.853824],[85.0566636,27.8537371],[85.0565279,27.8536613],[85.056383,27.8535845],[85.0560692,27.8535323],[85.05577826,27.85351996]]]}},{"type":"Feature","properties":{"grade":"No visible damage","kind":"road","name":"Pasang Lhamu Highway","aoi":"AOI05","locality":"Phosretar","product":"EMSR927_AOI05_GRA_PRODUCT_v3","post_event_date":"2026-08-31","method":"Photo-interpretation"},"geometry":{"type":"MultiLineString","coordinates":[[[85.0568194,27.8538868],[85.0567757,27.853824]]]}},{"type":"Feature","properties":{"grade":"No visible damage","kind":"road","name":"Pasang Lhamu Highway","aoi":"AOI05","locality":"Phosretar","product":"EMSR927_AOI05_GRA_PRODUCT_v3","post_event_date":"2026-08-31","method":"Photo-interpretation"},"geometry":{"type":"MultiLineString","coordinates":[[[85.05861788,27.85502681],[85.0577942,27.8550156],[85.0574429,27.8549781],[85.0573346,27.8549554],[85.057252,27.8549095],[85.0571988,27.8548539],[85.0571613,27.8548147],[85.0571595,27.8547736],[85.0571362,27.8546906],[85.0571025,27.8545274],[85.0568194,27.8538868]]]}},{"type":"Feature","properties":{"grade":"No visible damage","kind":"road","name":null,"aoi":"AOI05","locality":"Phosretar","product":"EMSR927_AOI05_GRA_PRODUCT_v3","post_event_date":"2026-08-31","method":"Photo-interpretation"},"geometry":{"type":"MultiLineString","coordinates":[[[85.0571613,27.8548147],[85.0569757,27.854803],[85.05688,27.8547991],[85.0568053,27.854766],[85.0567353,27.8546835],[85.0565765,27.8546339],[85.0564924,27.8545967],[85.0562683,27.8544151]]]}},{"type":"Feature","properties":{"grade":"No visible damage","kind":"road","name":"Pasang Lhamu Highway","aoi":"AOI05","locality":"Phosretar","product":"EMSR927_AOI05_GRA_PRODUCT_v3","post_event_date":"2026-08-31","method":"Photo-interpretation"},"geometry":{"type":"MultiLineString","coordinates":[[[85.05878396,27.8550263],[85.0587273,27.8550283],[85.05861788,27.85502681]]]}},{"type":"Feature","properties":{"grade":"Not Analysed","kind":"road","name":null,"aoi":"AOI05","locality":"Phosretar","product":"EMSR927_AOI05_GRA_PRODUCT_v3","post_event_date":"2026-08-31","method":"Photo-interpretation"},"geometry":{"type":"MultiLineString","coordinates":[[[85.0408181,27.8565625],[85.04106183,27.85620476],[85.0415255,27.85571447],[85.04195368,27.85526169],[85.0421811,27.8550431]]]}},{"type":"Feature","properties":{"grade":"No visible damage","kind":"road","name":null,"aoi":"AOI05","locality":"Phosretar","product":"EMSR927_AOI05_GRA_PRODUCT_v3","post_event_date":"2026-08-31","method":"Photo-interpretation"},"geometry":{"type":"MultiLineString","coordinates":[[[85.0521382,27.8559774],[85.05215726,27.85595073]]]}},{"type":"Feature","properties":{"grade":"Not Analysed","kind":"road","name":null,"aoi":"AOI05","locality":"Phosretar","product":"EMSR927_AOI05_GRA_PRODUCT_v3","post_event_date":"2026-08-31","method":"Photo-interpretation"},"geometry":{"type":"MultiLineString","coordinates":[[[85.02728085,27.85536145],[85.0273159,27.8553613],[85.0276375,27.8553102],[85.02799,27.8552519],[85.0283378,27.8551795],[85.0285278,27.8551162],[85.0287499,27.8550421],[85.0289212,27.854985],[85.029066,27.8549423],[85.0295013,27.8549511],[85.0296776,27.8549518],[85.0298653,27.8549316],[85.0300383,27.8548984],[85.0302435,27.8548949],[85.0306538,27.854798],[85.030741,27.854803],[85.0308126,27.8548071],[85.0310971,27.8549366],[85.0312393,27.8550459],[85.0313857,27.8551535],[85.0315342,27.8552118],[85.0317197,27.8552027],[85.0318805,27.8552228],[85.0322104,27.8553321],[85.0323197,27.855416],[85.0323877,27.8553941],[85.0326413,27.8553905],[85.0328825,27.8554269],[85.0331073,27.855436],[85.0333877,27.8555199],[85.0336,27.8555235],[85.0339897,27.8556493],[85.0341691,27.8556821],[85.0345567,27.8558389],[85.0347979,27.8559245],[85.035268,27.8560777],[85.03547,27.8561743],[85.0355566,27.8561834],[85.0357442,27.8561488],[85.0359483,27.8561688],[85.0361442,27.8562472],[85.0362844,27.8562654],[85.0365524,27.8562399],[85.0366308,27.856249],[85.0367689,27.8563256],[85.0370575,27.8563711],[85.0371379,27.8563175],[85.0372678,27.8563183],[85.037408,27.8563183],[85.037507,27.8562928],[85.0376493,27.8562873],[85.0377956,27.8562782],[85.038243,27.8563638],[85.0385585,27.8564623],[85.038942,27.8565899],[85.0393151,27.8566719],[85.0394368,27.8566646],[85.0396986,27.8565625],[85.040144,27.8564823],[85.0404264,27.856537],[85.040645,27.8565407],[85.0408181,27.8565625],[85.0409006,27.8565899],[85.0410594,27.8567612],[85.0411377,27.8568159],[85.0413789,27.8569417],[85.0415933,27.8569818],[85.0416882,27.8570383],[85.0418284,27.8570365],[85.0418902,27.8569617],[85.0420078,27.8569727],[85.042282,27.8570893],[85.0424366,27.8571513],[85.0426778,27.8571878],[85.0427892,27.8571896],[85.042903,27.8570619],[85.0431314,27.8571586],[85.0433908,27.8573514],[85.04349,27.8573464],[85.0435662,27.8573035],[85.0436858,27.857233],[85.0438271,27.8571885],[85.0439146,27.8571985],[85.0441911,27.8573063],[85.0444043,27.8573416],[85.0445655,27.8572971],[85.044692,27.8572971],[85.0448524,27.8572008],[85.0449455,27.8571206],[85.0450179,27.8571174],[85.0451723,27.8571477],[85.0453198,27.8571394],[85.0454412,27.8571961],[85.0458398,27.8575348],[85.0459465,27.8575659],[85.0461302,27.8576149],[85.04635976,27.85765439]]]}},{"type":"Feature","properties":{"grade":"Destroyed","kind":"road","name":null,"aoi":"AOI05","locality":"Phosretar","product":"EMSR927_AOI05_GRA_PRODUCT_v3","post_event_date":"2026-08-31","method":"Photo-interpretation"},"geometry":{"type":"MultiLineString","coordinates":[[[85.05215726,27.85595073],[85.0522026,27.8558873],[85.0526747,27.8561387],[85.0527981,27.8562857],[85.0531575,27.8564707],[85.0535035,27.8566133],[85.05374486,27.85666232]]]}},{"type":"Feature","properties":{"grade":"Destroyed","kind":"road","name":null,"aoi":"AOI05","locality":"Phosretar","product":"EMSR927_AOI05_GRA_PRODUCT_v3","post_event_date":"2026-08-31","method":"Photo-interpretation"},"geometry":{"type":"MultiLineString","coordinates":[[[85.053988,27.8567117],[85.0542465,27.8565845],[85.0544503,27.8564517]]]}},{"type":"Feature","properties":{"grade":"No visible damage","kind":"road","name":null,"aoi":"AOI05","locality":"Phosretar","product":"EMSR927_AOI05_GRA_PRODUCT_v3","post_event_date":"2026-08-31","method":"Photo-interpretation"},"geometry":{"type":"MultiLineString","coordinates":[[[85.07657013,27.84826737],[85.0764852,27.8482655],[85.076076,27.8483516],[85.0760674,27.8483212],[85.07624952,27.84817589]]]}},{"type":"Feature","properties":{"grade":"No visible damage","kind":"road","name":null,"aoi":"AOI05","locality":"Phosretar","product":"EMSR927_AOI05_GRA_PRODUCT_v3","post_event_date":"2026-08-31","method":"Photo-interpretation"},"geometry":{"type":"MultiLineString","coordinates":[[[85.0720027,27.8494505],[85.0718092,27.8494264],[85.0713822,27.8495286],[85.0711109,27.8495305],[85.0708417,27.8496328],[85.0700439,27.8495325],[85.06970711,27.84961955]]]}},{"type":"Feature","properties":{"grade":"Not Analysed","kind":"road","name":null,"aoi":"AOI05","locality":"Phosretar","product":"EMSR927_AOI05_GRA_PRODUCT_v3","post_event_date":"2026-08-31","method":"Photo-interpretation"},"geometry":{"type":"MultiLineString","coordinates":[[[85.06970711,27.84961955],[85.0695858,27.8496509],[85.0695739,27.849693],[85.06966281,27.84972145]]]}},{"type":"Feature","properties":{"grade":"No visible damage","kind":"road","name":null,"aoi":"AOI05","locality":"Phosretar","product":"EMSR927_AOI05_GRA_PRODUCT_v3","post_event_date":"2026-08-31","method":"Photo-interpretation"},"geometry":{"type":"MultiLineString","coordinates":[[[85.06966281,27.84972145],[85.0698639,27.8497858],[85.0699785,27.8498825],[85.0699995,27.8500182],[85.0698714,27.8501409],[85.0698546,27.8502321],[85.0698966,27.8502786],[85.0702479,27.850366],[85.0704288,27.8506282],[85.0706265,27.8507546],[85.0706791,27.8510547],[85.071277,27.8513426],[85.0713885,27.8514597],[85.0713885,27.8516333],[85.0712521,27.851742],[85.0710808,27.8517816],[85.0711053,27.8518881]]]}},{"type":"Feature","properties":{"grade":"No visible damage","kind":"road","name":null,"aoi":"AOI05","locality":"Phosretar","product":"EMSR927_AOI05_GRA_PRODUCT_v3","post_event_date":"2026-08-31","method":"Photo-interpretation"},"geometry":{"type":"MultiLineString","coordinates":[[[85.0787197,27.85347079],[85.0785124,27.853222],[85.078247,27.8524466],[85.0775315,27.8516712],[85.0772898,27.8509896],[85.0772204,27.8509375],[85.0771279,27.8509375],[85.076886,27.85101],[85.0768628,27.8509338],[85.0766411,27.8507359],[85.076357,27.8506899],[85.0760477,27.8507175],[85.0759793,27.8506413],[85.0759837,27.8505821],[85.0761533,27.8506018],[85.0766247,27.8505295],[85.0769356,27.8505795],[85.076981,27.8504493],[85.0773049,27.8503712],[85.0776583,27.850427],[85.0777376,27.8503427],[85.077827,27.8501121],[85.0781389,27.8499821],[85.0782798,27.849878],[85.0773943,27.8497775],[85.0763911,27.8495135],[85.0759704,27.849506],[85.0759389,27.8494763],[85.0760188,27.8493889],[85.0764373,27.8492382],[85.0768484,27.8490244],[85.0771815,27.8489612],[85.0776009,27.8487666],[85.0779662,27.84866573]]]}},{"type":"Feature","properties":{"grade":"No visible damage","kind":"road","name":null,"aoi":"AOI05","locality":"Phosretar","product":"EMSR927_AOI05_GRA_PRODUCT_v3","post_event_date":"2026-08-31","method":"Photo-interpretation"},"geometry":{"type":"MultiLineString","coordinates":[[[85.0694998,27.8514967],[85.0697671,27.8515941],[85.0703301,27.851677],[85.0708156,27.8518592],[85.0711053,27.8518881],[85.0713867,27.8519688],[85.0715155,27.8519289],[85.0715563,27.8519162],[85.0716217,27.8517479],[85.0716009,27.8516427],[85.0717348,27.8516216],[85.0719281,27.8517031],[85.0721125,27.8518636],[85.0724516,27.8518846],[85.0729632,27.8516979],[85.0731268,27.8515901],[85.0731893,27.8514928],[85.0732726,27.8513428],[85.0732458,27.8510851],[85.073341,27.8509089],[85.0736384,27.8509194],[85.0739984,27.8508353],[85.0741917,27.8509115],[85.0743107,27.8508589]]]}},{"type":"Feature","properties":{"grade":"No visible damage","kind":"road","name":"Pasang Lhamu Highway","aoi":"AOI05","locality":"Phosretar","product":"EMSR927_AOI05_GRA_PRODUCT_v3","post_event_date":"2026-08-31","method":"Photo-interpretation"},"geometry":{"type":"MultiLineString","coordinates":[[[85.0758195,27.8515283],[85.0757125,27.8515333]]]}},{"type":"Feature","properties":{"grade":"No visible damage","kind":"road","name":null,"aoi":"AOI05","locality":"Phosretar","product":"EMSR927_AOI05_GRA_PRODUCT_v3","post_event_date":"2026-08-31","method":"Photo-interpretation"},"geometry":{"type":"MultiLineString","coordinates":[[[85.0678597,27.8512029],[85.0678739,27.851486],[85.068031,27.8515961],[85.0682901,27.8516971],[85.0683737,27.8517836],[85.0684064,27.8519135]]]}},{"type":"Feature","properties":{"grade":"No visible damage","kind":"road","name":null,"aoi":"AOI05","locality":"Phosretar","product":"EMSR927_AOI05_GRA_PRODUCT_v3","post_event_date":"2026-08-31","method":"Photo-interpretation"},"geometry":{"type":"MultiLineString","coordinates":[[[85.0738813,27.8518851],[85.0738417,27.8518031],[85.0738045,27.8517632],[85.0731893,27.8514928]]]}},{"type":"Feature","properties":{"grade":"No visible damage","kind":"road","name":"Pasang Lhamu Highway","aoi":"AOI05","locality":"Phosretar","product":"EMSR927_AOI05_GRA_PRODUCT_v3","post_event_date":"2026-08-31","method":"Photo-interpretation"},"geometry":{"type":"MultiLineString","coordinates":[[[85.07719181,27.85216592],[85.0768969,27.8519851],[85.0766203,27.851832],[85.0765371,27.8518047],[85.0764701,27.8517964],[85.0762568,27.8518059],[85.0761884,27.8517869],[85.0761227,27.8517537],[85.0758961,27.8515669],[85.0758599,27.8515456],[85.0758195,27.8515283]]]}},{"type":"Feature","properties":{"grade":"No visible damage","kind":"road","name":null,"aoi":"AOI05","locality":"Phosretar","product":"EMSR927_AOI05_GRA_PRODUCT_v3","post_event_date":"2026-08-31","method":"Photo-interpretation"},"geometry":{"type":"MultiLineString","coordinates":[[[85.08850665,27.85240838],[85.088477,27.8523853],[85.0883375,27.8523378],[85.0882758,27.8523141],[85.0882141,27.8523117],[85.0878963,27.8521436],[85.0874645,27.8519528],[85.0873914,27.8519083],[85.0873513,27.8518839],[85.0872699,27.8518213],[85.0871496,27.8518996],[85.0869974,27.8520498],[85.0868664,27.8520904],[85.0867284,27.8520811],[85.0866116,27.8520404],[85.0862648,27.8519465],[85.085925,27.8518996],[85.0856312,27.8518996],[85.08538,27.851837],[85.085295,27.8516836],[85.0852632,27.8516054],[85.0852255,27.8515411],[85.0852905,27.8514296],[85.0852743,27.8513002],[85.0852174,27.8512499],[85.0851523,27.8509911],[85.0850507,27.85093],[85.0849328,27.8509731],[85.0847864,27.8508868],[85.0845872,27.8508185],[85.0844937,27.8507215],[85.0844449,27.8505777],[85.0843148,27.8504807],[85.08431254,27.8504766]]]}},{"type":"Feature","properties":{"grade":"No visible damage","kind":"road","name":null,"aoi":"AOI05","locality":"Phosretar","product":"EMSR927_AOI05_GRA_PRODUCT_v3","post_event_date":"2026-08-31","method":"Photo-interpretation"},"geometry":{"type":"MultiLineString","coordinates":[[[85.08874166,27.85203757],[85.0885016,27.851958],[85.0878878,27.8516703],[85.0876733,27.8515199],[85.08765826,27.85143127]]]}},{"type":"Feature","properties":{"grade":"No visible damage","kind":"road","name":null,"aoi":"AOI05","locality":"Phosretar","product":"EMSR927_AOI05_GRA_PRODUCT_v3","post_event_date":"2026-08-31","method":"Photo-interpretation"},"geometry":{"type":"MultiLineString","coordinates":[[[85.08901825,27.85212925],[85.08874166,27.85203757]]]}},{"type":"Feature","properties":{"grade":"No visible damage","kind":"road","name":null,"aoi":"AOI05","locality":"Phosretar","product":"EMSR927_AOI05_GRA_PRODUCT_v3","post_event_date":"2026-08-31","method":"Photo-interpretation"},"geometry":{"type":"MultiLineString","coordinates":[[[85.08939789,27.85213533],[85.0892042,27.8521607],[85.0890341,27.8521345],[85.08901825,27.85212925]]]}},{"type":"Feature","properties":{"grade":"No visible damage","kind":"road","name":null,"aoi":"AOI05","locality":"Phosretar","product":"EMSR927_AOI05_GRA_PRODUCT_v3","post_event_date":"2026-08-31","method":"Photo-interpretation"},"geometry":{"type":"MultiLineString","coordinates":[[[85.0897145,27.8521999],[85.0896357,27.8522904],[85.0896015,27.85231426]]]}},{"type":"Feature","properties":{"grade":"No visible damage","kind":"road","name":null,"aoi":"AOI05","locality":"Phosretar","product":"EMSR927_AOI05_GRA_PRODUCT_v3","post_event_date":"2026-08-31","method":"Photo-interpretation"},"geometry":{"type":"MultiLineString","coordinates":[[[85.08977403,27.85244878],[85.0897736,27.8524484],[85.0897145,27.8521999],[85.0896035,27.8521084],[85.08939789,27.85213533]]]}},{"type":"Feature","properties":{"grade":"No visible damage","kind":"road","name":null,"aoi":"AOI05","locality":"Phosretar","product":"EMSR927_AOI05_GRA_PRODUCT_v3","post_event_date":"2026-08-31","method":"Photo-interpretation"},"geometry":{"type":"MultiLineString","coordinates":[[[85.09085093,27.85220175],[85.0908682,27.852213],[85.0908312,27.8523045],[85.0907129,27.8523372],[85.0905354,27.8524157],[85.0903283,27.8524353],[85.0901266,27.8524629],[85.0899844,27.8525621]]]}},{"type":"Feature","properties":{"grade":"No visible damage","kind":"road","name":null,"aoi":"AOI05","locality":"Phosretar","product":"EMSR927_AOI05_GRA_PRODUCT_v3","post_event_date":"2026-08-31","method":"Photo-interpretation"},"geometry":{"type":"MultiLineString","coordinates":[[[85.0896015,27.85231426],[85.0895338,27.8523615],[85.0893903,27.8523544],[85.0892696,27.8524244],[85.089232,27.8524955],[85.0892173,27.8525524],[85.0892015,27.85255528]]]}},{"type":"Feature","properties":{"grade":"No visible damage","kind":"road","name":null,"aoi":"AOI05","locality":"Phosretar","product":"EMSR927_AOI05_GRA_PRODUCT_v3","post_event_date":"2026-08-31","method":"Photo-interpretation"},"geometry":{"type":"MultiLineString","coordinates":[[[85.0892015,27.85255528],[85.0891327,27.8525678],[85.0890375,27.8525702],[85.0889424,27.8525785],[85.0887559,27.8525299],[85.088544,27.8524445],[85.0885226,27.8524208],[85.08850665,27.85240838]]]}},{"type":"Feature","properties":{"grade":"No visible damage","kind":"road","name":null,"aoi":"AOI05","locality":"Phosretar","product":"EMSR927_AOI05_GRA_PRODUCT_v3","post_event_date":"2026-08-31","method":"Photo-interpretation"},"geometry":{"type":"MultiLineString","coordinates":[[[85.0965385,27.8533165],[85.0965786,27.8532239],[85.0966279,27.8531204],[85.0966556,27.8530632],[85.0966956,27.8530686],[85.0967819,27.8531068],[85.0968312,27.8531831],[85.0969452,27.8532539],[85.0970715,27.8533002],[85.0971886,27.8533983],[85.097241,27.8534991],[85.097278,27.8535753],[85.0973796,27.8537061],[85.0975337,27.8537606],[85.0977555,27.8538423],[85.0979157,27.8538695],[85.0980297,27.8538423],[85.0981253,27.8537851],[85.0981961,27.8537252],[85.0982978,27.8536053],[85.0983502,27.8534827],[85.0983779,27.8533955],[85.0983687,27.8533193],[85.0983194,27.8532593],[85.0982146,27.8532512],[85.0981407,27.8532294],[85.0980421,27.8531776],[85.0980143,27.8531095],[85.098076,27.8530605],[85.0981684,27.8530605],[85.0982886,27.8530114],[85.0983317,27.8529597],[85.09833377,27.85295467]]]}},{"type":"Feature","properties":{"grade":"Not Analysed","kind":"road","name":null,"aoi":"AOI05","locality":"Phosretar","product":"EMSR927_AOI05_GRA_PRODUCT_v3","post_event_date":"2026-08-31","method":"Photo-interpretation"},"geometry":{"type":"MultiLineString","coordinates":[[[85.0354336,27.8523233],[85.0356686,27.8520141],[85.035842,27.8516793],[85.0359977,27.8514415],[85.0360893,27.8511472],[85.0361751,27.8509848]]]}},{"type":"Feature","properties":{"grade":"Not Analysed","kind":"road","name":null,"aoi":"AOI05","locality":"Phosretar","product":"EMSR927_AOI05_GRA_PRODUCT_v3","post_event_date":"2026-08-31","method":"Photo-interpretation"},"geometry":{"type":"MultiLineString","coordinates":[[[85.05038526,27.85201849],[85.0503952,27.8519857],[85.0503342,27.8518313],[85.0503615,27.851677],[85.0505739,27.8515691],[85.0508621,27.8515115],[85.05113931,27.85139873]]]}},{"type":"Feature","properties":{"grade":"Not Analysed","kind":"road","name":"Pasang Lhamu Highway","aoi":"AOI05","locality":"Phosretar","product":"EMSR927_AOI05_GRA_PRODUCT_v3","post_event_date":"2026-08-31","method":"Photo-interpretation"},"geometry":{"type":"MultiLineString","coordinates":[[[85.05039264,27.85202033],[85.05012091,27.85195255],[85.04999292,27.85188197]]]}},{"type":"Feature","properties":{"grade":"Not Analysed","kind":"road","name":null,"aoi":"AOI05","locality":"Phosretar","product":"EMSR927_AOI05_GRA_PRODUCT_v3","post_event_date":"2026-08-31","method":"Photo-interpretation"},"geometry":{"type":"MultiLineString","coordinates":[[[85.0383844,27.8511863],[85.0383515,27.8512869],[85.0383277,27.8513826],[85.0383238,27.8514368],[85.0383341,27.8514915],[85.0383536,27.8515357],[85.0383721,27.8515885],[85.0383793,27.8516302],[85.0383699,27.8517123],[85.0383157,27.8519274],[85.03828,27.8521279],[85.0382615,27.8521884],[85.0382375,27.8522268],[85.0382268,27.85227],[85.0382235,27.8523276],[85.038219,27.8526817],[85.0382344,27.8528833]]]}},{"type":"Feature","properties":{"grade":"No visible damage","kind":"road","name":"Pasang Lhamu Highway","aoi":"AOI05","locality":"Phosretar","product":"EMSR927_AOI05_GRA_PRODUCT_v3","post_event_date":"2026-08-31","method":"Photo-interpretation"},"geometry":{"type":"MultiLineString","coordinates":[[[85.05076385,27.85211292],[85.05039264,27.85202033]]]}},{"type":"Feature","properties":{"grade":"No visible damage","kind":"road","name":"Pasang Lhamu Highway","aoi":"AOI05","locality":"Phosretar","product":"EMSR927_AOI05_GRA_PRODUCT_v3","post_event_date":"2026-08-31","method":"Photo-interpretation"},"geometry":{"type":"MultiLineString","coordinates":[[[85.05077302,27.85211521],[85.05076385,27.85211292]]]}},{"type":"Feature","properties":{"grade":"No visible damage","kind":"road","name":"Pasang Lhamu Highway","aoi":"AOI05","locality":"Phosretar","product":"EMSR927_AOI05_GRA_PRODUCT_v3","post_event_date":"2026-08-31","method":"Photo-interpretation"},"geometry":{"type":"MultiLineString","coordinates":[[[85.05174825,27.8520899],[85.0514893,27.85210545],[85.05095841,27.85216145],[85.05077302,27.85211521]]]}},{"type":"Feature","properties":{"grade":"No visible damage","kind":"road","name":null,"aoi":"AOI05","locality":"Phosretar","product":"EMSR927_AOI05_GRA_PRODUCT_v3","post_event_date":"2026-08-31","method":"Photo-interpretation"},"geometry":{"type":"MultiLineString","coordinates":[[[85.05792254,27.85064327],[85.057928,27.8508756],[85.057801,27.8511261],[85.057902,27.8519756],[85.0579932,27.8520533],[85.0582798,27.8519381],[85.0585435,27.8519468],[85.0586608,27.8521426],[85.0589116,27.8522923],[85.0592372,27.8524104],[85.0594457,27.8524046],[85.0595303,27.852468],[85.0595259,27.852656],[85.0594966,27.8527654],[85.0594543,27.8529008],[85.059437,27.8529923],[85.0594347,27.8530044],[85.0593859,27.853062],[85.0593533,27.8531225],[85.05935,27.8531973],[85.0593794,27.8532693],[85.0593859,27.8533327],[85.0593761,27.8534104],[85.0593175,27.8534766],[85.0592556,27.8535371],[85.0591055,27.8536225],[85.0589962,27.8536745],[85.0588657,27.8537154],[85.0587248,27.8537656],[85.0585986,27.8538084],[85.0584766,27.853827],[85.0583294,27.853788],[85.0582221,27.8537675],[85.0581001,27.8537173],[85.0579971,27.8536782],[85.0578541,27.8536466],[85.0577237,27.8536225],[85.0576332,27.8536094],[85.057547,27.853628],[85.057465,27.8536615],[85.0573451,27.8537787],[85.0572504,27.8538066],[85.0571768,27.8538121],[85.0570948,27.8538214],[85.056998,27.8538363],[85.0568844,27.8538475],[85.0568194,27.8538868]]]}},{"type":"Feature","properties":{"grade":"Not Analysed","kind":"road","name":null,"aoi":"AOI05","locality":"Phosretar","product":"EMSR927_AOI05_GRA_PRODUCT_v3","post_event_date":"2026-08-31","method":"Photo-interpretation"},"geometry":{"type":"MultiLineString","coordinates":[[[85.0328862,27.8523577],[85.032958,27.852379],[85.0331055,27.8523707],[85.0332302,27.8523411],[85.0333804,27.8523233]]]}},{"type":"Feature","properties":{"grade":"Not Analysed","kind":"road","name":null,"aoi":"AOI05","locality":"Phosretar","product":"EMSR927_AOI05_GRA_PRODUCT_v3","post_event_date":"2026-08-31","method":"Photo-interpretation"},"geometry":{"type":"MultiLineString","coordinates":[[[85.0328929,27.8525439],[85.0328862,27.8523577]]]}},{"type":"Feature","properties":{"grade":"No visible damage","kind":"road","name":null,"aoi":"AOI05","locality":"Phosretar","product":"EMSR927_AOI05_GRA_PRODUCT_v3","post_event_date":"2026-08-31","method":"Photo-interpretation"},"geometry":{"type":"MultiLineString","coordinates":[[[85.0765371,27.8518047],[85.07639107,27.8519057]]]}},{"type":"Feature","properties":{"grade":"No visible damage","kind":"road","name":null,"aoi":"AOI05","locality":"Phosretar","product":"EMSR927_AOI05_GRA_PRODUCT_v3","post_event_date":"2026-08-31","method":"Photo-interpretation"},"geometry":{"type":"MultiLineString","coordinates":[[[85.0594457,27.8524046],[85.0594889,27.8522869],[85.0593584,27.8520404],[85.0593584,27.8519303],[85.0595363,27.8518097],[85.05954502,27.85177697]]]}},{"type":"Feature","properties":{"grade":"No visible damage","kind":"road","name":null,"aoi":"AOI05","locality":"Phosretar","product":"EMSR927_AOI05_GRA_PRODUCT_v3","post_event_date":"2026-08-31","method":"Photo-interpretation"},"geometry":{"type":"MultiLineString","coordinates":[[[85.0684064,27.8519135],[85.0687429,27.8520235],[85.0692652,27.8521119],[85.0693509,27.8520488],[85.0696426,27.8520722],[85.0698404,27.8521804],[85.0699649,27.8523933]]]}},{"type":"Feature","properties":{"grade":"No visible damage","kind":"road","name":null,"aoi":"AOI05","locality":"Phosretar","product":"EMSR927_AOI05_GRA_PRODUCT_v3","post_event_date":"2026-08-31","method":"Photo-interpretation"},"geometry":{"type":"MultiLineString","coordinates":[[[85.05967445,27.85186741],[85.0596422,27.8518971],[85.0595461,27.8520236],[85.059554,27.8523339],[85.0595303,27.852468]]]}},{"type":"Feature","properties":{"grade":"No visible damage","kind":"road","name":null,"aoi":"AOI05","locality":"Phosretar","product":"EMSR927_AOI05_GRA_PRODUCT_v3","post_event_date":"2026-08-31","method":"Photo-interpretation"},"geometry":{"type":"MultiLineString","coordinates":[[[85.0641366,27.8541697],[85.0641343,27.8541155],[85.0641383,27.8539518],[85.0643368,27.8536044],[85.0650234,27.8529131],[85.0650573,27.8528512],[85.0652273,27.8525408],[85.0654164,27.8523464],[85.0657651,27.8521768],[85.0658871,27.8520428],[85.0661372,27.8513548],[85.066123,27.8511777],[85.0660299,27.8511598],[85.0657709,27.8515176],[85.0655928,27.8515033],[85.0655503,27.8514478],[85.065609,27.8513959],[85.0656799,27.8513101],[85.0657183,27.851217],[85.0656981,27.8511222],[85.0655916,27.8509634],[85.0655625,27.85092],[85.065352,27.8507375],[85.06518,27.8506373],[85.0650858,27.8505758],[85.0650545,27.8505554],[85.0650296,27.8505392],[85.0649635,27.850496],[85.06488428,27.85043766]]]}},{"type":"Feature","properties":{"grade":"Destroyed","kind":"road","name":null,"aoi":"AOI05","locality":"Phosretar","product":"EMSR927_AOI05_GRA_PRODUCT_v3","post_event_date":"2026-08-31","method":"Photo-interpretation"},"geometry":{"type":"MultiLineString","coordinates":[[[85.07639107,27.8519057],[85.0763114,27.8519608],[85.0761073,27.8519818],[85.0758157,27.8520029],[85.0757176,27.8520193],[85.0756434,27.8520686],[85.0755347,27.8521951],[85.0752988,27.8525068],[85.0753306,27.8525795],[85.0756832,27.8527529]]]}},{"type":"Feature","properties":{"grade":"No visible damage","kind":"road","name":null,"aoi":"AOI05","locality":"Phosretar","product":"EMSR927_AOI05_GRA_PRODUCT_v3","post_event_date":"2026-08-31","method":"Photo-interpretation"},"geometry":{"type":"MultiLineString","coordinates":[[[85.08143796,27.85396957],[85.081548,27.8537573],[85.0820012,27.8534733],[85.082274,27.8532321],[85.0824192,27.8530376],[85.0823048,27.8528237],[85.0823604,27.8526095],[85.082337,27.8525009],[85.0821185,27.8522262],[85.0818039,27.8520356],[85.0815861,27.8519928],[85.0813815,27.8520122],[85.0811945,27.8519656],[85.0810714,27.8518819],[85.081023,27.851701],[85.081089,27.8512323],[85.080968,27.8510203],[85.0810054,27.8510008],[85.0810714,27.8510611],[85.0813837,27.8515824],[85.0814959,27.8516427],[85.0818655,27.8516018],[85.0820459,27.8516524],[85.0824177,27.8515474],[85.0828907,27.8510845],[85.0830226,27.8508977]]]}},{"type":"Feature","properties":{"grade":"No visible damage","kind":"road","name":"Pasang Lhamu Highway","aoi":"AOI05","locality":"Phosretar","product":"EMSR927_AOI05_GRA_PRODUCT_v3","post_event_date":"2026-08-31","method":"Photo-interpretation"},"geometry":{"type":"MultiLineString","coordinates":[[[85.0757125,27.8515333],[85.0752108,27.8516553],[85.0747052,27.851845],[85.0745469,27.851915],[85.0743431,27.8519517],[85.0739568,27.8518912],[85.0738813,27.8518851],[85.0738026,27.8519304],[85.0737557,27.8519849],[85.0736618,27.8522031],[85.0736055,27.8522695],[85.0735183,27.8523122],[85.0726855,27.852477],[85.0723529,27.8525126],[85.0722295,27.8525304],[85.072137,27.8525636],[85.0719331,27.8526715],[85.071111,27.853026],[85.0708226,27.8531244],[85.0703895,27.8532596],[85.0695741,27.8533556],[85.0686045,27.853422],[85.0677435,27.8534813],[85.067623,27.8534715],[85.0675504,27.8534481],[85.0672583,27.8531967],[85.0671759,27.8531226],[85.0670856,27.8530789],[85.0669148,27.8530452],[85.0667736,27.8530557]]]}},{"type":"Feature","properties":{"grade":"No visible damage","kind":"road","name":null,"aoi":"AOI05","locality":"Phosretar","product":"EMSR927_AOI05_GRA_PRODUCT_v3","post_event_date":"2026-08-31","method":"Photo-interpretation"},"geometry":{"type":"MultiLineString","coordinates":[[[85.0708226,27.8531244],[85.0707849,27.8531147],[85.0705259,27.8531381],[85.0703749,27.8531021],[85.0701893,27.8531381],[85.069663,27.853048],[85.0695202,27.8528965],[85.0694488,27.8528207],[85.0693407,27.8528315],[85.0691591,27.8529452],[85.0688674,27.8529217],[85.0685798,27.8528297],[85.068284,27.852644],[85.0682411,27.8524798],[85.0684064,27.8519135]]]}},{"type":"Feature","properties":{"grade":"No visible damage","kind":"road","name":null,"aoi":"AOI05","locality":"Phosretar","product":"EMSR927_AOI05_GRA_PRODUCT_v3","post_event_date":"2026-08-31","method":"Photo-interpretation"},"geometry":{"type":"MultiLineString","coordinates":[[[85.0597548,27.8528494],[85.059694,27.852842],[85.0595259,27.852656],[85.0595727,27.8529373],[85.0595537,27.8529589],[85.0595076,27.8529653],[85.059437,27.8529923]]]}},{"type":"Feature","properties":{"grade":"No visible damage","kind":"road","name":null,"aoi":"AOI05","locality":"Phosretar","product":"EMSR927_AOI05_GRA_PRODUCT_v3","post_event_date":"2026-08-31","method":"Photo-interpretation"},"geometry":{"type":"MultiLineString","coordinates":[[[85.0620395,27.8531592],[85.0619432,27.8531252],[85.0618788,27.8530493],[85.0619164,27.8529212],[85.062198,27.8528382],[85.0622865,27.8528003],[85.062316,27.8527528],[85.0624662,27.8527813],[85.0625226,27.8528761],[85.0624958,27.8529734],[85.0622597,27.8530564],[85.062072,27.8530991],[85.0620395,27.8531592]]]}},{"type":"Feature","properties":{"grade":"No visible damage","kind":"road","name":"Pasang Lhamu Highway","aoi":"AOI05","locality":"Phosretar","product":"EMSR927_AOI05_GRA_PRODUCT_v3","post_event_date":"2026-08-31","method":"Photo-interpretation"},"geometry":{"type":"MultiLineString","coordinates":[[[85.0667736,27.8530557],[85.0666147,27.8530992]]]}},{"type":"Feature","properties":{"grade":"Destroyed","kind":"road","name":"Pasang Lhamu Highway","aoi":"AOI05","locality":"Phosretar","product":"EMSR927_AOI05_GRA_PRODUCT_v3","post_event_date":"2026-08-31","method":"Photo-interpretation"},"geometry":{"type":"MultiLineString","coordinates":[[[85.08061177,27.85458606],[85.0805068,27.8546789],[85.0803874,27.8547334],[85.0802439,27.8547655],[85.0800844,27.8547251],[85.0792274,27.8540801],[85.078184,27.8529975],[85.0776891,27.8525185],[85.0773123,27.8522398],[85.07719181,27.85216592]]]}},{"type":"Feature","properties":{"grade":"No visible damage","kind":"road","name":null,"aoi":"AOI05","locality":"Phosretar","product":"EMSR927_AOI05_GRA_PRODUCT_v3","post_event_date":"2026-08-31","method":"Photo-interpretation"},"geometry":{"type":"MultiLineString","coordinates":[[[85.0621621,27.8536062],[85.0620416,27.8536874],[85.0619667,27.8537122],[85.0618014,27.8537039],[85.061739,27.853635],[85.0616703,27.8534502],[85.061558,27.8533453],[85.0613209,27.8533288],[85.0611462,27.853384],[85.0609653,27.853497],[85.0608218,27.8536736]]]}},{"type":"Feature","properties":{"grade":"No visible damage","kind":"road","name":"Pasang Lhamu Highway","aoi":"AOI05","locality":"Phosretar","product":"EMSR927_AOI05_GRA_PRODUCT_v3","post_event_date":"2026-08-31","method":"Photo-interpretation"},"geometry":{"type":"MultiLineString","coordinates":[[[85.0666147,27.8530992],[85.0654607,27.8537848],[85.0652289,27.8538816],[85.0642687,27.8541404],[85.0641366,27.8541697],[85.06353338,27.85428885]]]}},{"type":"Feature","properties":{"grade":"Destroyed","kind":"road","name":null,"aoi":"AOI05","locality":"Phosretar","product":"EMSR927_AOI05_GRA_PRODUCT_v3","post_event_date":"2026-08-31","method":"Photo-interpretation"},"geometry":{"type":"MultiLineString","coordinates":[[[85.0792274,27.8540801],[85.0787197,27.85347079]]]}},{"type":"Feature","properties":{"grade":"No visible damage","kind":"road","name":null,"aoi":"AOI05","locality":"Phosretar","product":"EMSR927_AOI05_GRA_PRODUCT_v3","post_event_date":"2026-08-31","method":"Photo-interpretation"},"geometry":{"type":"MultiLineString","coordinates":[[[85.06232836,27.85447361],[85.0623354,27.8544206],[85.0623354,27.8539953],[85.0621621,27.8536062],[85.0621533,27.8535865],[85.0620395,27.8531592]]]}},{"type":"Feature","properties":{"grade":"Destroyed","kind":"bridge","name":null,"aoi":"AOI05","locality":"Phosretar","product":"EMSR927_AOI05_GRA_PRODUCT_v3","post_event_date":"2026-08-31","method":"Photo-interpretation"},"geometry":{"type":"MultiLineString","coordinates":[[[85.0712522,27.85324279],[85.0723384,27.8549105]]]}},{"type":"Feature","properties":{"grade":"Destroyed","kind":"road","name":null,"aoi":"AOI05","locality":"Phosretar","product":"EMSR927_AOI05_GRA_PRODUCT_v3","post_event_date":"2026-08-31","method":"Photo-interpretation"},"geometry":{"type":"MultiLineString","coordinates":[[[85.07511299,27.8546494],[85.0751345,27.8545987],[85.07508524,27.85455055],[85.07502801,27.85444574],[85.07491805,27.85436746],[85.07479526,27.85434398],[85.07435467,27.85427332],[85.07382776,27.85426596],[85.07346511,27.85424967],[85.07332318,27.85424489],[85.0731676,27.85411929],[85.07315386,27.8540041],[85.07312687,27.85374566]]]}},{"type":"Feature","properties":{"grade":"Destroyed","kind":"road","name":null,"aoi":"AOI05","locality":"Phosretar","product":"EMSR927_AOI05_GRA_PRODUCT_v3","post_event_date":"2026-08-31","method":"Photo-interpretation"},"geometry":{"type":"MultiLineString","coordinates":[[[85.0812811,27.8545515],[85.0812863,27.85439],[85.0814028,27.8540374],[85.08143796,27.85396957]]]}},{"type":"Feature","properties":{"grade":"No visible damage","kind":"road","name":"Pasang Lhamu Highway","aoi":"AOI05","locality":"Phosretar","product":"EMSR927_AOI05_GRA_PRODUCT_v3","post_event_date":"2026-08-31","method":"Photo-interpretation"},"geometry":{"type":"MultiLineString","coordinates":[[[85.06353338,27.85428885],[85.0623211,27.8545283],[85.06225965,27.85454074]]]}},{"type":"Feature","properties":{"grade":"Destroyed","kind":"road","name":"Pasang Lhamu Highway","aoi":"AOI05","locality":"Phosretar","product":"EMSR927_AOI05_GRA_PRODUCT_v3","post_event_date":"2026-08-31","method":"Photo-interpretation"},"geometry":{"type":"MultiLineString","coordinates":[[[85.0812811,27.8545515],[85.0809702,27.8544323]]]}},{"type":"Feature","properties":{"grade":"No visible damage","kind":"road","name":null,"aoi":"AOI05","locality":"Phosretar","product":"EMSR927_AOI05_GRA_PRODUCT_v3","post_event_date":"2026-08-31","method":"Photo-interpretation"},"geometry":{"type":"MultiLineString","coordinates":[[[85.0623211,27.8545283],[85.06232836,27.85447361]]]}},{"type":"Feature","properties":{"grade":"Destroyed","kind":"road","name":"Pasang Lhamu Highway","aoi":"AOI05","locality":"Phosretar","product":"EMSR927_AOI05_GRA_PRODUCT_v3","post_event_date":"2026-08-31","method":"Photo-interpretation"},"geometry":{"type":"MultiLineString","coordinates":[[[85.0809702,27.8544323],[85.0808622,27.8544394],[85.080775,27.8544572],[85.0806972,27.8545105],[85.08061948,27.85457924]]]}},{"type":"Feature","properties":{"grade":"No visible damage","kind":"road","name":"Pasang Lhamu Highway","aoi":"AOI05","locality":"Phosretar","product":"EMSR927_AOI05_GRA_PRODUCT_v3","post_event_date":"2026-08-31","method":"Photo-interpretation"},"geometry":{"type":"MultiLineString","coordinates":[[[85.06225965,27.85454074],[85.06195963,27.85460146]]]}},{"type":"Feature","properties":{"grade":"Destroyed","kind":"road","name":"Pasang Lhamu Highway","aoi":"AOI05","locality":"Phosretar","product":"EMSR927_AOI05_GRA_PRODUCT_v3","post_event_date":"2026-08-31","method":"Photo-interpretation"},"geometry":{"type":"MultiLineString","coordinates":[[[85.08061948,27.85457924],[85.08061177,27.85458606]]]}},{"type":"Feature","properties":{"grade":"Destroyed","kind":"road","name":"Pasang Lhamu Highway","aoi":"AOI05","locality":"Phosretar","product":"EMSR927_AOI05_GRA_PRODUCT_v3","post_event_date":"2026-08-31","method":"Photo-interpretation"},"geometry":{"type":"MultiLineString","coordinates":[[[85.08144821,27.8547942],[85.0814059,27.8546877],[85.0812811,27.8545515]]]}},{"type":"Feature","properties":{"grade":"No visible damage","kind":"road","name":"Pasang Lhamu Highway","aoi":"AOI05","locality":"Phosretar","product":"EMSR927_AOI05_GRA_PRODUCT_v3","post_event_date":"2026-08-31","method":"Photo-interpretation"},"geometry":{"type":"MultiLineString","coordinates":[[[85.06195963,27.85460146],[85.0614327,27.8547081],[85.06084123,27.85479468]]]}},{"type":"Feature","properties":{"grade":"No visible damage","kind":"road","name":"Pasang Lhamu Highway","aoi":"AOI05","locality":"Phosretar","product":"EMSR927_AOI05_GRA_PRODUCT_v3","post_event_date":"2026-08-31","method":"Photo-interpretation"},"geometry":{"type":"MultiLineString","coordinates":[[[85.06084123,27.85479468],[85.06069799,27.85481565]]]}},{"type":"Feature","properties":{"grade":"No visible damage","kind":"road","name":"Pasang Lhamu Highway","aoi":"AOI05","locality":"Phosretar","product":"EMSR927_AOI05_GRA_PRODUCT_v3","post_event_date":"2026-08-31","method":"Photo-interpretation"},"geometry":{"type":"MultiLineString","coordinates":[[[85.06069799,27.85481565],[85.060423,27.8548559],[85.06032073,27.85487736]]]}},{"type":"Feature","properties":{"grade":"No visible damage","kind":"road","name":"Pasang Lhamu Highway","aoi":"AOI05","locality":"Phosretar","product":"EMSR927_AOI05_GRA_PRODUCT_v3","post_event_date":"2026-08-31","method":"Photo-interpretation"},"geometry":{"type":"MultiLineString","coordinates":[[[85.0864993,27.85385373],[85.08635013,27.85386705]]]}},{"type":"Feature","properties":{"grade":"No visible damage","kind":"road","name":"Pasang Lhamu Highway","aoi":"AOI05","locality":"Phosretar","product":"EMSR927_AOI05_GRA_PRODUCT_v3","post_event_date":"2026-08-31","method":"Photo-interpretation"},"geometry":{"type":"MultiLineString","coordinates":[[[85.08635013,27.85386705],[85.0862298,27.8538778],[85.08609454,27.85392846]]]}},{"type":"Feature","properties":{"grade":"No visible damage","kind":"road","name":"Pasang Lhamu Highway","aoi":"AOI05","locality":"Phosretar","product":"EMSR927_AOI05_GRA_PRODUCT_v3","post_event_date":"2026-08-31","method":"Photo-interpretation"},"geometry":{"type":"MultiLineString","coordinates":[[[85.08609454,27.85392846],[85.0860461,27.8539466],[85.0858264,27.85400852]]]}},{"type":"Feature","properties":{"grade":"No visible damage","kind":"road","name":"Pasang Lhamu Highway","aoi":"AOI05","locality":"Phosretar","product":"EMSR927_AOI05_GRA_PRODUCT_v3","post_event_date":"2026-08-31","method":"Photo-interpretation"},"geometry":{"type":"MultiLineString","coordinates":[[[85.0858264,27.85400852],[85.085802,27.8540154],[85.08579143,27.85401828]]]}},{"type":"Feature","properties":{"grade":"No visible damage","kind":"road","name":null,"aoi":"AOI05","locality":"Phosretar","product":"EMSR927_AOI05_GRA_PRODUCT_v3","post_event_date":"2026-08-31","method":"Photo-interpretation"},"geometry":{"type":"MultiLineString","coordinates":[[[85.0964891,27.8541889],[85.0965795,27.8542459],[85.0968248,27.8543601],[85.0970077,27.8545484],[85.0972594,27.8546702],[85.0980189,27.854674],[85.0981738,27.8548052]]]}},{"type":"Feature","properties":{"grade":"Destroyed","kind":"road","name":"Pasang Lhamu Highway","aoi":"AOI05","locality":"Phosretar","product":"EMSR927_AOI05_GRA_PRODUCT_v3","post_event_date":"2026-08-31","method":"Photo-interpretation"},"geometry":{"type":"MultiLineString","coordinates":[[[85.08579143,27.85401828],[85.0855888,27.8540735],[85.0852428,27.8542288],[85.084992,27.8543379],[85.0847801,27.85446],[85.0844448,27.8546794],[85.0842651,27.854894],[85.0841431,27.8550671],[85.08404804,27.85521613]]]}},{"type":"Feature","properties":{"grade":"No visible damage","kind":"road","name":null,"aoi":"AOI05","locality":"Phosretar","product":"EMSR927_AOI05_GRA_PRODUCT_v3","post_event_date":"2026-08-31","method":"Photo-interpretation"},"geometry":{"type":"MultiLineString","coordinates":[[[85.0889858,27.8554098],[85.0890519,27.8553043],[85.0891015,27.8552199],[85.0891793,27.8551792],[85.0892147,27.8551135],[85.0892253,27.8550352],[85.0892607,27.8549633],[85.0893209,27.8549445],[85.0893678,27.8548981],[85.089374,27.8548531],[85.089394,27.8548],[85.0894186,27.8547591],[85.0894341,27.8547087],[85.0894387,27.8546488],[85.0894633,27.8545426],[85.0895142,27.854499],[85.0895527,27.8544282],[85.0896205,27.8542811],[85.0896559,27.8542293],[85.0896975,27.854183],[85.0896975,27.8541449],[85.0897298,27.8540958],[85.0897637,27.8540672],[85.0897745,27.8540318],[85.0897714,27.8539896],[85.0897606,27.8539406],[85.0897514,27.8539051],[85.0897499,27.853882]]]}},{"type":"Feature","properties":{"grade":"No visible damage","kind":"road","name":null,"aoi":"AOI05","locality":"Phosretar","product":"EMSR927_AOI05_GRA_PRODUCT_v3","post_event_date":"2026-08-31","method":"Photo-interpretation"},"geometry":{"type":"MultiLineString","coordinates":[[[85.09094122,27.8570597],[85.0911864,27.8568828],[85.0908162,27.8565893],[85.0907811,27.8564652],[85.0908257,27.8564059],[85.0905576,27.8560898],[85.0900756,27.8556439],[85.0894786,27.8551944],[85.0897068,27.8549585],[85.0898115,27.8543927],[85.0901883,27.8540286],[85.0902367,27.8538263],[85.0901279,27.8537911],[85.0899814,27.8536119],[85.0901268,27.8532397],[85.0901343,27.8530531],[85.0903972,27.8529153],[85.0904187,27.8528514],[85.0899844,27.8525621],[85.0898994,27.8525596],[85.08977403,27.85244878]]]}},{"type":"Feature","properties":{"grade":"No visible damage","kind":"road","name":"Pasang Lhamu Highway","aoi":"AOI05","locality":"Phosretar","product":"EMSR927_AOI05_GRA_PRODUCT_v3","post_event_date":"2026-08-31","method":"Photo-interpretation"},"geometry":{"type":"MultiLineString","coordinates":[[[85.08404804,27.85521613],[85.0840251,27.8552521],[85.0839218,27.8553161],[85.0836831,27.8553908],[85.0835369,27.8554145],[85.0825499,27.8554963],[85.0823058,27.8554999],[85.08214261,27.85546213],[85.0820496,27.8554406],[85.0817988,27.8553446],[85.0816379,27.855207],[85.0815279,27.8549948],[85.08144821,27.8547942]]]}},{"type":"Feature","properties":{"grade":"Not Analysed","kind":"road","name":null,"aoi":"AOI05","locality":"Phosretar","product":"EMSR927_AOI05_GRA_PRODUCT_v3","post_event_date":"2026-08-31","method":"Photo-interpretation"},"geometry":{"type":"MultiLineString","coordinates":[[[85.10489476,27.8552848],[85.1048794,27.8553497],[85.105,27.8554759],[85.10545124,27.85548243]]]}},{"type":"Feature","properties":{"grade":"No visible damage","kind":"road","name":"Pasang Lhamu Highway","aoi":"AOI05","locality":"Phosretar","product":"EMSR927_AOI05_GRA_PRODUCT_v3","post_event_date":"2026-08-31","method":"Photo-interpretation"},"geometry":{"type":"MultiLineString","coordinates":[[[85.09053217,27.85703059],[85.0902284,27.8567968],[85.0900141,27.8565909],[85.0898475,27.8564053],[85.0897764,27.8562765],[85.089702,27.8560584],[85.0896359,27.8559236],[85.0894937,27.855814],[85.0890649,27.8554679],[85.0889858,27.8554098],[85.0887511,27.8552331],[85.0882938,27.8547268],[85.0878271,27.8543367],[85.0875455,27.8541482],[85.0872558,27.854026],[85.0869527,27.8539312],[85.0865343,27.8538506],[85.0864993,27.85385373]]]}},{"type":"Feature","properties":{"grade":"Not Analysed","kind":"road","name":null,"aoi":"AOI05","locality":"Phosretar","product":"EMSR927_AOI05_GRA_PRODUCT_v3","post_event_date":"2026-08-31","method":"Photo-interpretation"},"geometry":{"type":"MultiLineString","coordinates":[[[85.10378848,27.85631695],[85.1036866,27.8562885],[85.1036496,27.8562422],[85.1036434,27.8561877],[85.1036619,27.8561196],[85.1036712,27.8560542],[85.1036835,27.8560107],[85.1037205,27.8559535],[85.1037574,27.8558772],[85.1038807,27.8558145],[85.1039361,27.8557709],[85.1039885,27.855711],[85.1039854,27.8556565],[85.1038406,27.8556729],[85.1037544,27.8557083],[85.1036712,27.8557328],[85.1036404,27.8556838],[85.1036496,27.8556211],[85.1036927,27.8555476],[85.1037297,27.8554931],[85.1037574,27.8554304],[85.1037698,27.8553896],[85.1037544,27.8553242],[85.1037174,27.8553378],[85.1036558,27.8554005],[85.103588,27.8554223],[85.1035079,27.8554059],[85.1034401,27.8554141],[85.1033477,27.8554359],[85.1032614,27.8554195],[85.1031443,27.855376],[85.1030827,27.8553351]]]}},{"type":"Feature","properties":{"grade":"No visible damage","kind":"road","name":null,"aoi":"AOI05","locality":"Phosretar","product":"EMSR927_AOI05_GRA_PRODUCT_v3","post_event_date":"2026-08-31","method":"Photo-interpretation"},"geometry":{"type":"MultiLineString","coordinates":[[[85.0981738,27.8548052],[85.0982397,27.854847],[85.0983282,27.8548612],[85.0984114,27.8549086],[85.0984543,27.8549655],[85.0984892,27.855013],[85.0984945,27.8550841],[85.098516,27.8550983],[85.0985026,27.8551363],[85.0985598,27.8551611],[85.0985178,27.8552147],[85.098575,27.8552478],[85.0985353,27.8552994],[85.0985715,27.8553665],[85.0986707,27.8554115],[85.0986707,27.8554566],[85.0986627,27.8555301],[85.0985607,27.8555752],[85.0984695,27.8556748],[85.0984025,27.855734],[85.0983381,27.8557672],[85.0982496,27.8558479],[85.0981745,27.8559356],[85.0981396,27.8559736],[85.0980806,27.8559878],[85.098035,27.8560068],[85.0980538,27.8561064],[85.0980887,27.8561562],[85.0980887,27.8562107],[85.0980592,27.8562629],[85.0980022,27.856318],[85.0979168,27.8563935],[85.0978617,27.8564153],[85.0978617,27.8564462],[85.0978765,27.8564983],[85.0978858,27.8565458],[85.0978912,27.8565837],[85.097906,27.8566276],[85.0979207,27.8566667],[85.0979422,27.8567047],[85.0979569,27.8567521],[85.0979569,27.8567924],[85.097906,27.8569145],[85.0978711,27.8569631],[85.097851,27.8570414],[85.0978416,27.8570853],[85.0978416,27.8571113],[85.0978496,27.8571457],[85.0978537,27.8571884],[85.0978456,27.8572181],[85.09784243,27.85722286]]]}},{"type":"Feature","properties":{"grade":"No visible damage","kind":"road","name":null,"aoi":"AOI05","locality":"Phosretar","product":"EMSR927_AOI05_GRA_PRODUCT_v3","post_event_date":"2026-08-31","method":"Photo-interpretation"},"geometry":{"type":"MultiLineString","coordinates":[[[85.09593176,27.85878587],[85.0958504,27.8586587],[85.0958731,27.8585384],[85.0959637,27.8583912],[85.0959623,27.8580052],[85.0960136,27.8576682],[85.0959986,27.8575122],[85.0958135,27.8571926],[85.0958566,27.8570442],[85.0957856,27.8569263],[85.0957899,27.8568274],[85.0958974,27.8564926],[85.0960179,27.8562985],[85.0961083,27.8562567],[85.0962094,27.8560379],[85.0963062,27.855764],[85.0964074,27.8549973],[85.0965171,27.8548566],[85.096657,27.8545332],[85.0964891,27.8541889],[85.0964582,27.8540292],[85.0966694,27.8537888],[85.0966723,27.8535739],[85.0965385,27.8533165]]]}},{"type":"Feature","properties":{"grade":"Not Analysed","kind":"road","name":null,"aoi":"AOI05","locality":"Phosretar","product":"EMSR927_AOI05_GRA_PRODUCT_v3","post_event_date":"2026-08-31","method":"Photo-interpretation"},"geometry":{"type":"MultiLineString","coordinates":[[[85.10609554,27.85571126],[85.1062083,27.8559223],[85.1064068,27.8561547],[85.1064444,27.8563823],[85.1062888,27.8566147],[85.10634733,27.85683116]]]}},{"type":"Feature","properties":{"grade":"No visible damage","kind":"road","name":null,"aoi":"AOI05","locality":"Phosretar","product":"EMSR927_AOI05_GRA_PRODUCT_v3","post_event_date":"2026-08-31","method":"Photo-interpretation"},"geometry":{"type":"MultiLineString","coordinates":[[[85.1013827,27.8562202],[85.1014289,27.8562202],[85.1015521,27.856291],[85.1016045,27.8563591],[85.1017401,27.8564681],[85.1019249,27.8564899],[85.1019866,27.856479],[85.1020359,27.8564681],[85.1020759,27.8564],[85.1021006,27.856321],[85.1021036,27.856321],[85.1021653,27.8562283],[85.1022053,27.856212],[85.1023131,27.8562392],[85.1023532,27.8562801],[85.1024179,27.8563455],[85.1024764,27.8564109],[85.1025874,27.8564762],[85.1026736,27.856528],[85.1027907,27.8565797],[85.102877,27.8566043],[85.1029509,27.8566288],[85.1030834,27.8566342],[85.1031851,27.8566424],[85.1032559,27.8566696],[85.1032775,27.8566805],[85.1034932,27.856686],[85.1035764,27.8566533],[85.1036712,27.8566345],[85.1037451,27.8566317],[85.103816,27.8566045],[85.1039084,27.8565527],[85.1039361,27.8564846],[85.1039392,27.8564193],[85.1038653,27.8563621],[85.1038037,27.8563212],[85.10378848,27.85631695]]]}},{"type":"Feature","properties":{"grade":"No visible damage","kind":"road","name":null,"aoi":"AOI05","locality":"Phosretar","product":"EMSR927_AOI05_GRA_PRODUCT_v3","post_event_date":"2026-08-31","method":"Photo-interpretation"},"geometry":{"type":"MultiLineString","coordinates":[[[85.10176493,27.85709529],[85.1017154,27.8570728],[85.101663,27.8570265],[85.1016384,27.8569802],[85.1016322,27.8569339],[85.101663,27.856893],[85.1016384,27.8568195],[85.1015706,27.8567595],[85.1015121,27.8566996],[85.1014412,27.8565879],[85.1014289,27.8565116],[85.1014166,27.8564109],[85.1013888,27.8562883],[85.1013827,27.8562202]]]}},{"type":"Feature","properties":{"grade":"No visible damage","kind":"road","name":null,"aoi":"AOI05","locality":"Phosretar","product":"EMSR927_AOI05_GRA_PRODUCT_v3","post_event_date":"2026-08-31","method":"Photo-interpretation"},"geometry":{"type":"MultiLineString","coordinates":[[[85.1016039,27.85724222],[85.1016001,27.8572427],[85.1015044,27.8572505],[85.1014296,27.8572092],[85.1014156,27.8571886],[85.1013526,27.8571927],[85.1013035,27.8571968],[85.1012662,27.8571782],[85.1012568,27.8571617],[85.1012382,27.8571431],[85.1012101,27.8571411],[85.1011798,27.8571308],[85.1011634,27.8571101],[85.1011658,27.8570771],[85.1011588,27.857042],[85.1011541,27.8570048],[85.1011308,27.8569739],[85.1011051,27.8569532],[85.1010607,27.8569326],[85.1010467,27.8569161],[85.101028,27.8568768],[85.101,27.8568603],[85.100944,27.8568438],[85.1009019,27.8568252],[85.1008786,27.856786],[85.1008319,27.8567344],[85.1007642,27.8566745],[85.1007221,27.8566477],[85.1006801,27.8565961],[85.1006381,27.8565383],[85.1006077,27.8564887],[85.100589,27.8564392],[85.1005797,27.8563958],[85.100561,27.8563566],[85.10054,27.8563236],[85.1005073,27.8562802],[85.100484,27.8562492],[85.1004349,27.8561811],[85.1004279,27.8561398],[85.1004209,27.8561047]]]}},{"type":"Feature","properties":{"grade":"No visible damage","kind":"road","name":null,"aoi":"AOI05","locality":"Phosretar","product":"EMSR927_AOI05_GRA_PRODUCT_v3","post_event_date":"2026-08-31","method":"Photo-interpretation"},"geometry":{"type":"MultiLineString","coordinates":[[[85.09107451,27.85710679],[85.0910783,27.8571038],[85.091211,27.8570412],[85.0912942,27.8570178],[85.0913526,27.8570146],[85.0914269,27.8570272],[85.0915224,27.8570647],[85.0916127,27.8570866],[85.0916817,27.8571069],[85.0917472,27.8571085],[85.0918215,27.8571085],[85.0919436,27.8570913],[85.0920409,27.8570803],[85.0921223,27.8570381],[85.0921807,27.8570021],[85.0922505,27.8569942],[85.0923183,27.8569891],[85.0923603,27.8569963],[85.0923089,27.8570355],[85.0922587,27.8570799],[85.0922529,27.8570974],[85.0922716,27.8571243],[85.0922902,27.8571501],[85.0923066,27.8571831],[85.0923183,27.8572089],[85.0923439,27.8572388],[85.0923439,27.8572708],[85.092358,27.8573008],[85.0923802,27.8573188]]]}},{"type":"Feature","properties":{"grade":"Destroyed","kind":"road","name":null,"aoi":"AOI05","locality":"Phosretar","product":"EMSR927_AOI05_GRA_PRODUCT_v3","post_event_date":"2026-08-31","method":"Photo-interpretation"},"geometry":{"type":"MultiLineString","coordinates":[[[85.0906528,27.8572678],[85.09094122,27.8570597]]]}},{"type":"Feature","properties":{"grade":"No visible damage","kind":"road","name":"Pasang Lhamu Highway","aoi":"AOI05","locality":"Phosretar","product":"EMSR927_AOI05_GRA_PRODUCT_v3","post_event_date":"2026-08-31","method":"Photo-interpretation"},"geometry":{"type":"MultiLineString","coordinates":[[[85.06032073,27.85487736],[85.0601952,27.8549037],[85.0594506,27.8550021],[85.0594371,27.8550032],[85.05878396,27.8550263]]]}},{"type":"Feature","properties":{"grade":"Destroyed","kind":"road","name":null,"aoi":"AOI05","locality":"Phosretar","product":"EMSR927_AOI05_GRA_PRODUCT_v3","post_event_date":"2026-08-31","method":"Photo-interpretation"},"geometry":{"type":"MultiLineString","coordinates":[[[85.0723384,27.8549105],[85.0724237,27.8550039],[85.07242665,27.85501586]]]}},{"type":"Feature","properties":{"grade":"No visible damage","kind":"road","name":null,"aoi":"AOI05","locality":"Phosretar","product":"EMSR927_AOI05_GRA_PRODUCT_v3","post_event_date":"2026-08-31","method":"Photo-interpretation"},"geometry":{"type":"MultiLineString","coordinates":[[[85.05949073,27.85539058],[85.0594506,27.8550021]]]}},{"type":"Feature","properties":{"grade":"Not Analysed","kind":"road","name":null,"aoi":"AOI05","locality":"Phosretar","product":"EMSR927_AOI05_GRA_PRODUCT_v3","post_event_date":"2026-08-31","method":"Photo-interpretation"},"geometry":{"type":"MultiLineString","coordinates":[[[85.0611346,27.8557911],[85.0610812,27.8557686],[85.060978,27.8557657],[85.0608861,27.8557757],[85.0607441,27.8558555],[85.0606105,27.8558841],[85.06031,27.855924],[85.06023055,27.85593579]]]}},{"type":"Feature","properties":{"grade":"No visible damage","kind":"road","name":null,"aoi":"AOI05","locality":"Phosretar","product":"EMSR927_AOI05_GRA_PRODUCT_v3","post_event_date":"2026-08-31","method":"Photo-interpretation"},"geometry":{"type":"MultiLineString","coordinates":[[[85.05947351,27.85643603],[85.0594839,27.8561422],[85.0595372,27.8559297],[85.0595375,27.8558434],[85.05949073,27.85539058]]]}},{"type":"Feature","properties":{"grade":"No visible damage","kind":"road","name":null,"aoi":"AOI05","locality":"Phosretar","product":"EMSR927_AOI05_GRA_PRODUCT_v3","post_event_date":"2026-08-31","method":"Photo-interpretation"},"geometry":{"type":"MultiLineString","coordinates":[[[85.06023055,27.85593579],[85.0601112,27.8559535],[85.0598594,27.8559762],[85.0596877,27.855981],[85.0595372,27.8559297]]]}},{"type":"Feature","properties":{"grade":"No visible damage","kind":"road","name":null,"aoi":"AOI05","locality":"Phosretar","product":"EMSR927_AOI05_GRA_PRODUCT_v3","post_event_date":"2026-08-31","method":"Photo-interpretation"},"geometry":{"type":"MultiLineString","coordinates":[[[85.07511299,27.8546494],[85.0750701,27.8547505],[85.0749709,27.8548098],[85.0747831,27.8548477],[85.0745846,27.8549212],[85.07448,27.855054],[85.0744254,27.855141],[85.0742494,27.8554216],[85.0741743,27.8557654],[85.074158,27.8558471],[85.0740509,27.8563844],[85.0739838,27.8568871],[85.0739195,27.8573329],[85.0738256,27.8577266],[85.0736486,27.8581748]]]}},{"type":"Feature","properties":{"grade":"Destroyed","kind":"bridge","name":"Suspension Bridge","aoi":"AOI05","locality":"Phosretar","product":"EMSR927_AOI05_GRA_PRODUCT_v3","post_event_date":"2026-08-31","method":"Photo-interpretation"},"geometry":{"type":"MultiLineString","coordinates":[[[85.08214261,27.85546213],[85.08209217,27.85560827],[85.08201461,27.85578612],[85.08157881,27.85653379],[85.08121954,27.8571985],[85.0810388,27.85750279]]]}},{"type":"Feature","properties":{"grade":"No visible damage","kind":"road","name":null,"aoi":"AOI05","locality":"Phosretar","product":"EMSR927_AOI05_GRA_PRODUCT_v3","post_event_date":"2026-08-31","method":"Photo-interpretation"},"geometry":{"type":"MultiLineString","coordinates":[[[85.0588991,27.8567351],[85.058926,27.8566971],[85.0590064,27.8566639],[85.0594611,27.856637]]]}},{"type":"Feature","properties":{"grade":"No visible damage","kind":"road","name":null,"aoi":"AOI05","locality":"Phosretar","product":"EMSR927_AOI05_GRA_PRODUCT_v3","post_event_date":"2026-08-31","method":"Photo-interpretation"},"geometry":{"type":"MultiLineString","coordinates":[[[85.05964586,27.85779397],[85.0596398,27.8577098],[85.0596231,27.8576087],[85.0595426,27.8574237],[85.0595211,27.8572909],[85.0594678,27.8572093],[85.0594139,27.8571059],[85.0593924,27.8570253],[85.0594034,27.8569153],[85.0594356,27.8567872],[85.0594611,27.856637],[85.0594678,27.8565975],[85.05947351,27.85643603]]]}},{"type":"Feature","properties":{"grade":"Destroyed","kind":"road","name":null,"aoi":"AOI05","locality":"Phosretar","product":"EMSR927_AOI05_GRA_PRODUCT_v3","post_event_date":"2026-08-31","method":"Photo-interpretation"},"geometry":{"type":"MultiLineString","coordinates":[[[85.05374486,27.85666232],[85.053988,27.8567117],[85.0540855,27.8567315],[85.0542626,27.85676],[85.0543377,27.8567742]]]}},{"type":"Feature","properties":{"grade":"Destroyed","kind":"road","name":null,"aoi":"AOI05","locality":"Phosretar","product":"EMSR927_AOI05_GRA_PRODUCT_v3","post_event_date":"2026-08-31","method":"Photo-interpretation"},"geometry":{"type":"MultiLineString","coordinates":[[[85.05345038,27.85685582],[85.0534524,27.8568467],[85.0535035,27.8566133]]]}},{"type":"Feature","properties":{"grade":"Destroyed","kind":"road","name":null,"aoi":"AOI05","locality":"Phosretar","product":"EMSR927_AOI05_GRA_PRODUCT_v3","post_event_date":"2026-08-31","method":"Photo-interpretation"},"geometry":{"type":"MultiLineString","coordinates":[[[85.05475034,27.85686119],[85.0547528,27.8568553],[85.0548359,27.8567414]]]}},{"type":"Feature","properties":{"grade":"Destroyed","kind":"road","name":null,"aoi":"AOI05","locality":"Phosretar","product":"EMSR927_AOI05_GRA_PRODUCT_v3","post_event_date":"2026-08-31","method":"Photo-interpretation"},"geometry":{"type":"MultiLineString","coordinates":[[[85.0534524,27.8568467],[85.05347421,27.85685136]]]}},{"type":"Feature","properties":{"grade":"Destroyed","kind":"road","name":null,"aoi":"AOI05","locality":"Phosretar","product":"EMSR927_AOI05_GRA_PRODUCT_v3","post_event_date":"2026-08-31","method":"Photo-interpretation"},"geometry":{"type":"MultiLineString","coordinates":[[[85.05346165,27.85689757],[85.0534474,27.8568693],[85.05345038,27.85685582]]]}},{"type":"Feature","properties":{"grade":"Destroyed","kind":"road","name":null,"aoi":"AOI05","locality":"Phosretar","product":"EMSR927_AOI05_GRA_PRODUCT_v3","post_event_date":"2026-08-31","method":"Photo-interpretation"},"geometry":{"type":"MultiLineString","coordinates":[[[85.05353281,27.85703868],[85.05346165,27.85689757]]]}},{"type":"Feature","properties":{"grade":"Destroyed","kind":"road","name":null,"aoi":"AOI05","locality":"Phosretar","product":"EMSR927_AOI05_GRA_PRODUCT_v3","post_event_date":"2026-08-31","method":"Photo-interpretation"},"geometry":{"type":"MultiLineString","coordinates":[[[85.05347421,27.85685136],[85.0545355,27.8570782],[85.0545972,27.8570639],[85.0546509,27.8570995],[85.05475034,27.85686119]]]}},{"type":"Feature","properties":{"grade":"Destroyed","kind":"road","name":null,"aoi":"AOI05","locality":"Phosretar","product":"EMSR927_AOI05_GRA_PRODUCT_v3","post_event_date":"2026-08-31","method":"Photo-interpretation"},"geometry":{"type":"MultiLineString","coordinates":[[[85.05363208,27.85723557],[85.05353281,27.85703868]]]}},{"type":"Feature","properties":{"grade":"Possibly damaged","kind":"road","name":null,"aoi":"AOI05","locality":"Phosretar","product":"EMSR927_AOI05_GRA_PRODUCT_v3","post_event_date":"2026-08-31","method":"Photo-interpretation"},"geometry":{"type":"MultiLineString","coordinates":[[[85.05378717,27.85754314],[85.05363208,27.85723557]]]}},{"type":"Feature","properties":{"grade":"Destroyed","kind":"bridge","name":null,"aoi":"AOI05","locality":"Phosretar","product":"EMSR927_AOI05_GRA_PRODUCT_v3","post_event_date":"2026-08-31","method":"Photo-interpretation"},"geometry":{"type":"MultiLineString","coordinates":[[[85.05876377,27.85690024],[85.05811064,27.85769725],[85.05791899,27.85793112]]]}},{"type":"Feature","properties":{"grade":"No visible damage","kind":"road","name":null,"aoi":"AOI05","locality":"Phosretar","product":"EMSR927_AOI05_GRA_PRODUCT_v3","post_event_date":"2026-08-31","method":"Photo-interpretation"},"geometry":{"type":"MultiLineString","coordinates":[[[85.07242665,27.85501586],[85.0724639,27.8551672],[85.0724478,27.8552595],[85.0724435,27.8552825],[85.0724317,27.8553447],[85.0724478,27.8554583],[85.072496,27.8555861],[85.0727851,27.8558346],[85.0730501,27.8560902],[85.0732026,27.8562748],[85.0734194,27.8565588],[85.073572,27.8568499],[85.0736684,27.8572119],[85.0736925,27.8574675],[85.0736925,27.8577373],[85.0735479,27.8581278],[85.073476,27.8582774],[85.0734114,27.8584117],[85.0732026,27.8587383],[85.0731887,27.8587573],[85.0728814,27.8591785],[85.0724799,27.8596541],[85.0722792,27.8598387],[85.0720587,27.8599606],[85.071958,27.8600162],[85.071701,27.8601156],[85.0715404,27.8601653],[85.0712433,27.8603073],[85.0711228,27.8603712],[85.0708177,27.8606268],[85.0707695,27.860712],[85.07076214,27.86072421]]]}},{"type":"Feature","properties":{"grade":"Destroyed","kind":"road","name":null,"aoi":"AOI05","locality":"Phosretar","product":"EMSR927_AOI05_GRA_PRODUCT_v3","post_event_date":"2026-08-31","method":"Photo-interpretation"},"geometry":{"type":"MultiLineString","coordinates":[[[85.0596453,27.8580467],[85.05986342,27.85819758],[85.06030722,27.85842801],[85.06057606,27.85849628],[85.06076382,27.85857736],[85.06098151,27.85868082]]]}},{"type":"Feature","properties":{"grade":"No visible damage","kind":"road","name":null,"aoi":"AOI05","locality":"Phosretar","product":"EMSR927_AOI05_GRA_PRODUCT_v3","post_event_date":"2026-08-31","method":"Photo-interpretation"},"geometry":{"type":"MultiLineString","coordinates":[[[85.0781399,27.858372],[85.077989,27.85853],[85.0777317,27.8585233],[85.0770883,27.8584959],[85.0768804,27.8584928],[85.0766259,27.8585196],[85.0764648,27.8585795],[85.0763549,27.8585969],[85.0762744,27.8587747],[85.0761484,27.8589407],[85.0760652,27.8589597],[85.0759579,27.8588364],[85.0757407,27.8585969],[85.0754108,27.8584119],[85.0751264,27.8582317],[85.0748341,27.8582103],[85.0745873,27.8580633],[85.0742547,27.8580349],[85.0739087,27.8581155],[85.0736486,27.8581748],[85.073476,27.8582774]]]}},{"type":"Feature","properties":{"grade":"No visible damage","kind":"road","name":null,"aoi":"AOI05","locality":"Phosretar","product":"EMSR927_AOI05_GRA_PRODUCT_v3","post_event_date":"2026-08-31","method":"Photo-interpretation"},"geometry":{"type":"MultiLineString","coordinates":[[[85.07369859,27.85986812],[85.0736831,27.8597858],[85.0736424,27.8597295],[85.0736406,27.8596576],[85.0735751,27.8594886],[85.0734353,27.8591929],[85.0734048,27.859141],[85.0734455,27.8590393],[85.0733854,27.8589392],[85.0733399,27.85892],[85.0732572,27.858863],[85.0732046,27.8587785],[85.0731887,27.8587573]]]}},{"type":"Feature","properties":{"grade":"Destroyed","kind":"bridge","name":null,"aoi":"AOI05","locality":"Phosretar","product":"EMSR927_AOI05_GRA_PRODUCT_v3","post_event_date":"2026-08-31","method":"Photo-interpretation"},"geometry":{"type":"MultiLineString","coordinates":[[[85.06098151,27.85868082],[85.06119481,27.85878219],[85.0615874,27.85907663],[85.06194585,27.85947776],[85.06207013,27.85960444],[85.06260728,27.86015199],[85.06272996,27.86025986]]]}},{"type":"Feature","properties":{"grade":"No visible damage","kind":"road","name":null,"aoi":"AOI05","locality":"Phosretar","product":"EMSR927_AOI05_GRA_PRODUCT_v3","post_event_date":"2026-08-31","method":"Photo-interpretation"},"geometry":{"type":"MultiLineString","coordinates":[[[85.07357583,27.85990391],[85.0732945,27.8599361],[85.0720587,27.8599606]]]}},{"type":"Feature","properties":{"grade":"No visible damage","kind":"road","name":null,"aoi":"AOI05","locality":"Phosretar","product":"EMSR927_AOI05_GRA_PRODUCT_v3","post_event_date":"2026-08-31","method":"Photo-interpretation"},"geometry":{"type":"MultiLineString","coordinates":[[[85.0783895,27.8601088],[85.0783906,27.8604399],[85.07839217,27.86055164]]]}},{"type":"Feature","properties":{"grade":"No visible damage","kind":"road","name":null,"aoi":"AOI05","locality":"Phosretar","product":"EMSR927_AOI05_GRA_PRODUCT_v3","post_event_date":"2026-08-31","method":"Photo-interpretation"},"geometry":{"type":"MultiLineString","coordinates":[[[85.0712433,27.8603073],[85.0714278,27.8604232],[85.07157223,27.86048803]]]}},{"type":"Feature","properties":{"grade":"Destroyed","kind":"road","name":null,"aoi":"AOI05","locality":"Phosretar","product":"EMSR927_AOI05_GRA_PRODUCT_v3","post_event_date":"2026-08-31","method":"Photo-interpretation"},"geometry":{"type":"MultiLineString","coordinates":[[[85.06272996,27.86025986],[85.06285478,27.86036962],[85.06322603,27.8604763],[85.06353328,27.8605019],[85.06431845,27.86052751],[85.06502255,27.86054457],[85.06577359,27.86058298],[85.06637955,27.86076221],[85.06674226,27.86077501],[85.06703671,27.86081768]]]}},{"type":"Feature","properties":{"grade":"No visible damage","kind":"road","name":null,"aoi":"AOI05","locality":"Phosretar","product":"EMSR927_AOI05_GRA_PRODUCT_v3","post_event_date":"2026-08-31","method":"Photo-interpretation"},"geometry":{"type":"MultiLineString","coordinates":[[[85.06920796,27.86115709],[85.0692546,27.8611423],[85.06934505,27.86113734]]]}},{"type":"Feature","properties":{"grade":"No visible damage","kind":"road","name":null,"aoi":"AOI05","locality":"Phosretar","product":"EMSR927_AOI05_GRA_PRODUCT_v3","post_event_date":"2026-08-31","method":"Photo-interpretation"},"geometry":{"type":"MultiLineString","coordinates":[[[85.05365143,27.85786769],[85.053793,27.8575547],[85.05378717,27.85754314]]]}},{"type":"Feature","properties":{"grade":"Destroyed","kind":"road","name":null,"aoi":"AOI05","locality":"Phosretar","product":"EMSR927_AOI05_GRA_PRODUCT_v3","post_event_date":"2026-08-31","method":"Photo-interpretation"},"geometry":{"type":"MultiLineString","coordinates":[[[85.0580651,27.8574278],[85.058058,27.857615],[85.05811064,27.85769725],[85.0581284,27.857725],[85.0584322,27.8581241],[85.058518,27.8581668],[85.0586629,27.858181],[85.0590277,27.8581099],[85.0592369,27.8580245],[85.059371,27.8579746],[85.059465,27.8579801],[85.0596052,27.8580611],[85.0596453,27.8580467],[85.0596653,27.8580067],[85.0596523,27.8578834],[85.05964586,27.85779397]]]}},{"type":"Feature","properties":{"grade":"No visible damage","kind":"road","name":null,"aoi":"AOI05","locality":"Phosretar","product":"EMSR927_AOI05_GRA_PRODUCT_v3","post_event_date":"2026-08-31","method":"Photo-interpretation"},"geometry":{"type":"MultiLineString","coordinates":[[[85.04635976,27.85765439],[85.0464959,27.8576778],[85.0467161,27.8577621],[85.0468825,27.8577881],[85.0470627,27.8578831],[85.0473661,27.8580088],[85.04741137,27.85803019]]]}},{"type":"Feature","properties":{"grade":"No visible damage","kind":"road","name":null,"aoi":"AOI05","locality":"Phosretar","product":"EMSR927_AOI05_GRA_PRODUCT_v3","post_event_date":"2026-08-31","method":"Photo-interpretation"},"geometry":{"type":"MultiLineString","coordinates":[[[85.05364755,27.85793558],[85.0536436,27.857885],[85.05365143,27.85786769]]]}},{"type":"Feature","properties":{"grade":"No visible damage","kind":"road","name":null,"aoi":"AOI05","locality":"Phosretar","product":"EMSR927_AOI05_GRA_PRODUCT_v3","post_event_date":"2026-08-31","method":"Photo-interpretation"},"geometry":{"type":"MultiLineString","coordinates":[[[85.05361995,27.8581683],[85.0536623,27.8581244],[85.05364755,27.85793558]]]}},{"type":"Feature","properties":{"grade":"No visible damage","kind":"road","name":null,"aoi":"AOI05","locality":"Phosretar","product":"EMSR927_AOI05_GRA_PRODUCT_v3","post_event_date":"2026-08-31","method":"Photo-interpretation"},"geometry":{"type":"MultiLineString","coordinates":[[[85.04741137,27.85803019],[85.0478687,27.8582463],[85.04791139,27.8582644]]]}},{"type":"Feature","properties":{"grade":"Destroyed","kind":"bridge","name":null,"aoi":"AOI05","locality":"Phosretar","product":"EMSR927_AOI05_GRA_PRODUCT_v3","post_event_date":"2026-08-31","method":"Photo-interpretation"},"geometry":{"type":"MultiLineString","coordinates":[[[85.05791899,27.85793112],[85.05724324,27.85875572]]]}},{"type":"Feature","properties":{"grade":"No visible damage","kind":"road","name":null,"aoi":"AOI05","locality":"Phosretar","product":"EMSR927_AOI05_GRA_PRODUCT_v3","post_event_date":"2026-08-31","method":"Photo-interpretation"},"geometry":{"type":"MultiLineString","coordinates":[[[85.04791139,27.8582644],[85.048034,27.8583164],[85.0481658,27.8583332],[85.0483703,27.8582336],[85.0485072,27.8581585],[85.0486303,27.8581693],[85.0488435,27.858321],[85.0491416,27.858488],[85.04937773,27.85858362]]]}},{"type":"Feature","properties":{"grade":"No visible damage","kind":"road","name":null,"aoi":"AOI05","locality":"Phosretar","product":"EMSR927_AOI05_GRA_PRODUCT_v3","post_event_date":"2026-08-31","method":"Photo-interpretation"},"geometry":{"type":"MultiLineString","coordinates":[[[85.05311626,27.85890744],[85.0532703,27.8588998],[85.0532793,27.8588098],[85.0533914,27.8584052],[85.05361995,27.8581683]]]}},{"type":"Feature","properties":{"grade":"Destroyed","kind":"bridge","name":null,"aoi":"AOI05","locality":"Phosretar","product":"EMSR927_AOI05_GRA_PRODUCT_v3","post_event_date":"2026-08-31","method":"Photo-interpretation"},"geometry":{"type":"MultiLineString","coordinates":[[[85.05724324,27.85875572],[85.0569784,27.8590789]]]}},{"type":"Feature","properties":{"grade":"Not Analysed","kind":"road","name":null,"aoi":"AOI05","locality":"Phosretar","product":"EMSR927_AOI05_GRA_PRODUCT_v3","post_event_date":"2026-08-31","method":"Photo-interpretation"},"geometry":{"type":"MultiLineString","coordinates":[[[85.09784243,27.85722286],[85.097834,27.8572355]]]}},{"type":"Feature","properties":{"grade":"Destroyed","kind":"road","name":null,"aoi":"AOI05","locality":"Phosretar","product":"EMSR927_AOI05_GRA_PRODUCT_v3","post_event_date":"2026-08-31","method":"Photo-interpretation"},"geometry":{"type":"MultiLineString","coordinates":[[[85.0906796,27.857352],[85.0907969,27.8572665],[85.0908925,27.8572274],[85.0909969,27.857168],[85.09107451,27.85710679]]]}},{"type":"Feature","properties":{"grade":"Not Analysed","kind":"road","name":null,"aoi":"AOI05","locality":"Phosretar","product":"EMSR927_AOI05_GRA_PRODUCT_v3","post_event_date":"2026-08-31","method":"Photo-interpretation"},"geometry":{"type":"MultiLineString","coordinates":[[[85.09782964,27.85819037],[85.0978186,27.8581045],[85.0978216,27.8579765],[85.0977908,27.8579029],[85.0977292,27.8578566],[85.0976399,27.8577694],[85.0975936,27.8577013],[85.0975906,27.8576114],[85.097606,27.857527],[85.0976553,27.8574235],[85.0977169,27.857339],[85.0978001,27.8572682],[85.097834,27.8572355]]]}},{"type":"Feature","properties":{"grade":"Destroyed","kind":"road","name":"Pasang Lhamu Highway","aoi":"AOI05","locality":"Phosretar","product":"EMSR927_AOI05_GRA_PRODUCT_v3","post_event_date":"2026-08-31","method":"Photo-interpretation"},"geometry":{"type":"MultiLineString","coordinates":[[[85.100992,27.85780054],[85.1007862,27.8578227],[85.10027618,27.85799571]]]}},{"type":"Feature","properties":{"grade":"Not Analysed","kind":"road","name":null,"aoi":"AOI05","locality":"Phosretar","product":"EMSR927_AOI05_GRA_PRODUCT_v3","post_event_date":"2026-08-31","method":"Photo-interpretation"},"geometry":{"type":"MultiLineString","coordinates":[[[85.09876206,27.85828216],[85.0988718,27.8581887],[85.0988438,27.8581019]]]}},{"type":"Feature","properties":{"grade":"Not Analysed","kind":"road","name":"Pasang Lhamu Highway","aoi":"AOI05","locality":"Phosretar","product":"EMSR927_AOI05_GRA_PRODUCT_v3","post_event_date":"2026-08-31","method":"Photo-interpretation"},"geometry":{"type":"MultiLineString","coordinates":[[[85.10027618,27.85799571],[85.1001465,27.8580397],[85.09885006,27.85841997]]]}},{"type":"Feature","properties":{"grade":"No visible damage","kind":"road","name":null,"aoi":"AOI05","locality":"Phosretar","product":"EMSR927_AOI05_GRA_PRODUCT_v3","post_event_date":"2026-08-31","method":"Photo-interpretation"},"geometry":{"type":"MultiLineString","coordinates":[[[85.09789898,27.85833448],[85.0978833,27.8583061],[85.097834,27.8582243],[85.09782964,27.85819037]]]}},{"type":"Feature","properties":{"grade":"Not Analysed","kind":"road","name":null,"aoi":"AOI05","locality":"Phosretar","product":"EMSR927_AOI05_GRA_PRODUCT_v3","post_event_date":"2026-08-31","method":"Photo-interpretation"},"geometry":{"type":"MultiLineString","coordinates":[[[85.09871189,27.85831054],[85.098741,27.8583001],[85.09876206,27.85828216]]]}},{"type":"Feature","properties":{"grade":"Destroyed","kind":"road","name":"Pasang Lhamu Highway","aoi":"AOI05","locality":"Phosretar","product":"EMSR927_AOI05_GRA_PRODUCT_v3","post_event_date":"2026-08-31","method":"Photo-interpretation"},"geometry":{"type":"MultiLineString","coordinates":[[[85.09885006,27.85841997],[85.0986713,27.8584724],[85.09836655,27.85851675],[85.0980618,27.8585611],[85.0979221,27.8585957],[85.0971381,27.8588271],[85.0958424,27.8592299],[85.0955425,27.8593941],[85.0952535,27.8594209],[85.0948879,27.8594315],[85.0942807,27.8593877],[85.0936991,27.8595115],[85.0933755,27.8595619],[85.0929738,27.8595711],[85.0920089,27.8594112],[85.0917406,27.8593131],[85.0913944,27.8591542],[85.091263,27.8590499],[85.091153,27.8589325],[85.0910557,27.858708],[85.0910488,27.8583993],[85.0911159,27.8580607],[85.0911071,27.8577809],[85.0910578,27.8576721],[85.0909934,27.8575938],[85.0908325,27.8574954],[85.090748,27.8574338],[85.0906946,27.8573814],[85.0906796,27.857352],[85.0906528,27.8572678],[85.090647,27.8572277],[85.090626,27.8571563],[85.0905722,27.8570614],[85.09053217,27.85703059]]]}},{"type":"Feature","properties":{"grade":"Destroyed","kind":"road","name":null,"aoi":"AOI05","locality":"Phosretar","product":"EMSR927_AOI05_GRA_PRODUCT_v3","post_event_date":"2026-08-31","method":"Photo-interpretation"},"geometry":{"type":"MultiLineString","coordinates":[[[85.0980618,27.8585611],[85.0981619,27.8584777],[85.0982244,27.8584626],[85.0984188,27.8584157],[85.09871189,27.85831054]]]}},{"type":"Feature","properties":{"grade":"Destroyed","kind":"road","name":null,"aoi":"AOI05","locality":"Phosretar","product":"EMSR927_AOI05_GRA_PRODUCT_v3","post_event_date":"2026-08-31","method":"Photo-interpretation"},"geometry":{"type":"MultiLineString","coordinates":[[[85.05662322,27.85902761],[85.0566726,27.859022],[85.0568282,27.859041],[85.0569784,27.8590789]]]}},{"type":"Feature","properties":{"grade":"No visible damage","kind":"road","name":null,"aoi":"AOI05","locality":"Phosretar","product":"EMSR927_AOI05_GRA_PRODUCT_v3","post_event_date":"2026-08-31","method":"Photo-interpretation"},"geometry":{"type":"MultiLineString","coordinates":[[[85.0567265,27.8609987],[85.0567638,27.8609191],[85.0567641,27.8607142],[85.0567585,27.8605966],[85.0567746,27.860497],[85.0567746,27.8603642],[85.0567412,27.8603567],[85.056737,27.8602693],[85.0566568,27.8600597],[85.0566834,27.8599468],[85.0566622,27.8598368],[85.0566139,27.8596186],[85.0565493,27.8594678],[85.0564849,27.8593635],[85.0564905,27.8592535],[85.0565012,27.8591254],[85.0565332,27.8590742],[85.0565978,27.8590305],[85.05662322,27.85902761]]]}},{"type":"Feature","properties":{"grade":"No visible damage","kind":"road","name":null,"aoi":"AOI05","locality":"Phosretar","product":"EMSR927_AOI05_GRA_PRODUCT_v3","post_event_date":"2026-08-31","method":"Photo-interpretation"},"geometry":{"type":"MultiLineString","coordinates":[[[85.05404248,27.85978649],[85.0544443,27.859893],[85.0547272,27.8600828],[85.0549874,27.8601498],[85.0552677,27.8602302],[85.055495,27.8603485],[85.0555733,27.8604021],[85.0556213,27.8604133],[85.0560279,27.8603425],[85.0562556,27.8603302],[85.0562956,27.860411],[85.0564724,27.8606835],[85.0565431,27.8607102],[85.056576,27.8606299],[85.0566618,27.8604602],[85.0567412,27.8603567]]]}},{"type":"Feature","properties":{"grade":"No visible damage","kind":"road","name":null,"aoi":"AOI05","locality":"Phosretar","product":"EMSR927_AOI05_GRA_PRODUCT_v3","post_event_date":"2026-08-31","method":"Photo-interpretation"},"geometry":{"type":"MultiLineString","coordinates":[[[85.0596358,27.8613299],[85.0596361,27.8613678],[85.0594209,27.8614375],[85.0592378,27.8614458],[85.0587728,27.861675],[85.0586602,27.8616798],[85.0585636,27.8616371],[85.058451,27.8615992],[85.0583169,27.8615565],[85.0581935,27.8615565],[85.0581023,27.8615565],[85.0580433,27.8615707],[85.0579789,27.8615944],[85.0579467,27.8616371],[85.057936,27.8616798],[85.0579306,27.8617319],[85.0579306,27.8617841],[85.0579306,27.8618363],[85.0579145,27.8619027],[85.0578824,27.8619406],[85.0578287,27.8619738],[85.0577751,27.862007],[85.0577321,27.8620212],[85.0576731,27.862026],[85.0576034,27.8620165],[85.0575337,27.8620023],[85.0574425,27.8619548],[85.0572976,27.8618979],[85.0572333,27.8618932],[85.0570938,27.8619643],[85.0569597,27.8620544],[85.0568148,27.8621398],[85.0567505,27.8622299],[85.0567558,27.8622868],[85.05678141,27.86233669]]]}},{"type":"Feature","properties":{"grade":"No visible damage","kind":"road","name":null,"aoi":"AOI05","locality":"Phosretar","product":"EMSR927_AOI05_GRA_PRODUCT_v3","post_event_date":"2026-08-31","method":"Photo-interpretation"},"geometry":{"type":"MultiLineString","coordinates":[[[85.05687277,27.86232855],[85.0569114,27.8622916],[85.0570562,27.8622109],[85.0572172,27.8621351],[85.0573513,27.8621066],[85.0574425,27.862154],[85.05762608,27.86226146]]]}},{"type":"Feature","properties":{"grade":"Destroyed","kind":"road","name":null,"aoi":"AOI05","locality":"Phosretar","product":"EMSR927_AOI05_GRA_PRODUCT_v3","post_event_date":"2026-08-31","method":"Photo-interpretation"},"geometry":{"type":"MultiLineString","coordinates":[[[85.0979221,27.8585957],[85.097948,27.8584232],[85.09789898,27.85833448]]]}},{"type":"Feature","properties":{"grade":"Destroyed","kind":"road","name":null,"aoi":"AOI05","locality":"Phosretar","product":"EMSR927_AOI05_GRA_PRODUCT_v3","post_event_date":"2026-08-31","method":"Photo-interpretation"},"geometry":{"type":"MultiLineString","coordinates":[[[85.0958424,27.8592299],[85.0958424,27.8591419],[85.0958196,27.8590291],[85.0958662,27.8589065],[85.0959465,27.8588089],[85.09593176,27.85878587]]]}},{"type":"Feature","properties":{"grade":"Destroyed","kind":"bridge","name":null,"aoi":"AOI05","locality":"Phosretar","product":"EMSR927_AOI05_GRA_PRODUCT_v3","post_event_date":"2026-08-31","method":"Photo-interpretation"},"geometry":{"type":"MultiLineString","coordinates":[[[85.09922959,27.86025469],[85.09916339,27.86020719],[85.09864998,27.85914038],[85.09836655,27.85851675]]]}},{"type":"Feature","properties":{"grade":"Destroyed","kind":"road","name":null,"aoi":"AOI05","locality":"Phosretar","product":"EMSR927_AOI05_GRA_PRODUCT_v3","post_event_date":"2026-08-31","method":"Photo-interpretation"},"geometry":{"type":"MultiLineString","coordinates":[[[85.0925883,27.859751],[85.0919928,27.8597856],[85.0916608,27.8597316],[85.0914753,27.8597261],[85.0912867,27.8597668],[85.0908454,27.8597716],[85.0903479,27.8596844],[85.0899735,27.8595672],[85.0897348,27.8594451],[85.0895641,27.85933],[85.0893582,27.8591314]]]}},{"type":"Feature","properties":{"grade":"Destroyed","kind":"road","name":null,"aoi":"AOI05","locality":"Phosretar","product":"EMSR927_AOI05_GRA_PRODUCT_v3","post_event_date":"2026-08-31","method":"Photo-interpretation"},"geometry":{"type":"MultiLineString","coordinates":[[[85.0933755,27.8595619],[85.0932049,27.8596193],[85.0929295,27.8596578],[85.0925883,27.859751]]]}},{"type":"Feature","properties":{"grade":"No visible damage","kind":"road","name":null,"aoi":"AOI05","locality":"Phosretar","product":"EMSR927_AOI05_GRA_PRODUCT_v3","post_event_date":"2026-08-31","method":"Photo-interpretation"},"geometry":{"type":"MultiLineString","coordinates":[[[85.099317,27.8603174],[85.09922959,27.86025469]]]}},{"type":"Feature","properties":{"grade":"No visible damage","kind":"road","name":null,"aoi":"AOI05","locality":"Phosretar","product":"EMSR927_AOI05_GRA_PRODUCT_v3","post_event_date":"2026-08-31","method":"Photo-interpretation"},"geometry":{"type":"MultiLineString","coordinates":[[[85.10027432,27.86083289],[85.0989846,27.8616422],[85.09848647,27.86190062]]]}},{"type":"Feature","properties":{"grade":"No visible damage","kind":"road","name":null,"aoi":"AOI05","locality":"Phosretar","product":"EMSR927_AOI05_GRA_PRODUCT_v3","post_event_date":"2026-08-31","method":"Photo-interpretation"},"geometry":{"type":"MultiLineString","coordinates":[[[85.0870626,27.8628018],[85.0870158,27.8625372],[85.0870158,27.8624227],[85.0870093,27.8622795],[85.0869586,27.8620141],[85.0869704,27.8618787],[85.0869996,27.8617925],[85.0870287,27.8617069],[85.0870287,27.8616133],[85.0870287,27.8615179],[85.0869704,27.861369],[85.0868732,27.8609796],[85.0868992,27.860888],[85.0869251,27.8608078],[85.0870093,27.8607677],[85.087059,27.8607723],[85.0871323,27.8607792],[85.0872239,27.8608331],[85.0873072,27.8608822],[85.0874886,27.860991],[85.0874886,27.8610884],[85.0874109,27.861243],[85.0872943,27.861432],[85.0872943,27.8616496],[85.0874886,27.8619359],[85.0877347,27.8620905],[85.0878708,27.8621879],[85.0878936,27.8622333],[85.0879744,27.8623941],[85.0881169,27.8625658],[85.0883177,27.8627434],[85.0884278,27.8627548],[85.0885528,27.862876],[85.0886286,27.8629495],[85.0887509,27.8631611],[85.0888359,27.8631958],[85.0889719,27.8632015],[85.0890238,27.8631213],[85.0891404,27.8631041],[85.0893023,27.8631099],[85.0893973,27.8631399],[85.089665,27.8632244],[85.0898853,27.8632473],[85.0901656,27.8632151],[85.0902774,27.8632197],[85.09034881,27.86321572]]]}},{"type":"Feature","properties":{"grade":"Not Analysed","kind":"road","name":null,"aoi":"AOI05","locality":"Phosretar","product":"EMSR927_AOI05_GRA_PRODUCT_v3","post_event_date":"2026-08-31","method":"Photo-interpretation"},"geometry":{"type":"MultiLineString","coordinates":[[[85.09848647,27.86190062],[85.09775446,27.86228036]]]}},{"type":"Feature","properties":{"grade":"No visible damage","kind":"road","name":null,"aoi":"AOI05","locality":"Phosretar","product":"EMSR927_AOI05_GRA_PRODUCT_v3","post_event_date":"2026-08-31","method":"Photo-interpretation"},"geometry":{"type":"MultiLineString","coordinates":[[[85.09775446,27.86228036],[85.0976343,27.8623427],[85.0974718,27.8624249],[85.0969428,27.8627463],[85.0966545,27.8629422],[85.0962466,27.8631927],[85.0959764,27.8632937],[85.0956074,27.8634577]]]}},{"type":"Feature","properties":{"grade":"Possibly damaged","kind":"road","name":null,"aoi":"AOI05","locality":"Phosretar","product":"EMSR927_AOI05_GRA_PRODUCT_v3","post_event_date":"2026-08-31","method":"Photo-interpretation"},"geometry":{"type":"MultiLineString","coordinates":[[[85.0669127,27.86141822],[85.0668704,27.8611903],[85.0668827,27.8610214],[85.0669751,27.8610323],[85.06703694,27.86112553]]]}},{"type":"Feature","properties":{"grade":"No visible damage","kind":"road","name":null,"aoi":"AOI05","locality":"Phosretar","product":"EMSR927_AOI05_GRA_PRODUCT_v3","post_event_date":"2026-08-31","method":"Photo-interpretation"},"geometry":{"type":"MultiLineString","coordinates":[[[85.0596358,27.8613299],[85.0597632,27.8612508],[85.0598658,27.8611913],[85.0600145,27.86116],[85.0601737,27.8611428],[85.0603525,27.8611679],[85.0605188,27.861207],[85.0606038,27.861207],[85.0606745,27.8611475],[85.0607312,27.8611037],[85.0608267,27.8611084],[85.060924,27.8611819],[85.0610302,27.8611898],[85.0611222,27.8611632],[85.0612143,27.8611741],[85.0613257,27.8612664],[85.0614089,27.8613149],[85.0614673,27.8613024],[85.0615293,27.861207],[85.0616213,27.8611178],[85.0617558,27.8611037],[85.0618779,27.8611147],[85.0619982,27.8611288],[85.0621114,27.8611663],[85.0622849,27.8612617],[85.0624353,27.8613274],[85.0625273,27.86134],[85.0626583,27.8613024],[85.0627662,27.8613259],[85.0630193,27.861437],[85.0631077,27.8614463],[85.063175,27.8613822],[85.0632281,27.8612961],[85.06329,27.8612805],[85.063497,27.86134],[85.0635784,27.8613337],[85.0636404,27.8612617],[85.0637342,27.8611225],[85.0638085,27.8610943],[85.0640049,27.8610943],[85.0642474,27.8610615],[85.0643995,27.8610192],[85.0645287,27.8610411],[85.0649914,27.8612048],[85.0650702,27.8612141],[85.0651037,27.8612122],[85.0652097,27.8612064],[85.0652867,27.8611795],[85.0653884,27.8611167],[85.065524,27.8611004],[85.0656534,27.8610595],[85.0658228,27.8610105],[85.0659954,27.8610296],[85.066211,27.8611385],[85.066399,27.8611631],[85.0665315,27.8612121],[85.0666578,27.8613374],[85.06672649,27.8614394]]]}},{"type":"Feature","properties":{"grade":"Destroyed","kind":"road","name":null,"aoi":"AOI05","locality":"Phosretar","product":"EMSR927_AOI05_GRA_PRODUCT_v3","post_event_date":"2026-08-31","method":"Photo-interpretation"},"geometry":{"type":"MultiLineString","coordinates":[[[85.06703694,27.86112553],[85.0671323,27.8612693],[85.06719263,27.86138637]]]}},{"type":"Feature","properties":{"grade":"No visible damage","kind":"road","name":null,"aoi":"AOI05","locality":"Phosretar","product":"EMSR927_AOI05_GRA_PRODUCT_v3","post_event_date":"2026-08-31","method":"Photo-interpretation"},"geometry":{"type":"MultiLineString","coordinates":[[[85.05962477,27.86208344],[85.0597269,27.862051],[85.0598073,27.862032],[85.0598717,27.8620344],[85.0599119,27.8620557],[85.05991413,27.86205767]]]}},{"type":"Feature","properties":{"grade":"No visible damage","kind":"road","name":null,"aoi":"AOI05","locality":"Phosretar","product":"EMSR927_AOI05_GRA_PRODUCT_v3","post_event_date":"2026-08-31","method":"Photo-interpretation"},"geometry":{"type":"MultiLineString","coordinates":[[[85.0594131,27.8620984],[85.0594152,27.86210211]]]}},{"type":"Feature","properties":{"grade":"Destroyed","kind":"road","name":null,"aoi":"AOI05","locality":"Phosretar","product":"EMSR927_AOI05_GRA_PRODUCT_v3","post_event_date":"2026-08-31","method":"Photo-interpretation"},"geometry":{"type":"MultiLineString","coordinates":[[[85.09034881,27.86321572],[85.090439,27.8632107],[85.09063099,27.8632879]]]}},{"type":"Feature","properties":{"grade":"No visible damage","kind":"road","name":null,"aoi":"AOI05","locality":"Phosretar","product":"EMSR927_AOI05_GRA_PRODUCT_v3","post_event_date":"2026-08-31","method":"Photo-interpretation"},"geometry":{"type":"MultiLineString","coordinates":[[[85.08589851,27.86373481],[85.0859962,27.8637185],[85.0862465,27.8636356],[85.0863174,27.8635633],[85.0864604,27.8633932],[85.0866067,27.8633231],[85.0869263,27.8629954],[85.0870626,27.8628018]]]}},{"type":"Feature","properties":{"grade":"Destroyed","kind":"road","name":null,"aoi":"AOI05","locality":"Phosretar","product":"EMSR927_AOI05_GRA_PRODUCT_v3","post_event_date":"2026-08-31","method":"Photo-interpretation"},"geometry":{"type":"MultiLineString","coordinates":[[[85.09063099,27.8632879],[85.0907046,27.8633175],[85.09099829,27.86347252]]]}},{"type":"Feature","properties":{"grade":"Destroyed","kind":"road","name":null,"aoi":"AOI05","locality":"Phosretar","product":"EMSR927_AOI05_GRA_PRODUCT_v3","post_event_date":"2026-08-31","method":"Photo-interpretation"},"geometry":{"type":"MultiLineString","coordinates":[[[85.09099829,27.86347252],[85.091064,27.8635072],[85.0911631,27.8635655],[85.09123271,27.8636083]]]}},{"type":"Feature","properties":{"grade":"No visible damage","kind":"road","name":null,"aoi":"AOI05","locality":"Phosretar","product":"EMSR927_AOI05_GRA_PRODUCT_v3","post_event_date":"2026-08-31","method":"Photo-interpretation"},"geometry":{"type":"MultiLineString","coordinates":[[[85.0921447,27.8639318],[85.0924082,27.8639696],[85.0926198,27.8639418],[85.0928419,27.8638896],[85.0932381,27.8637283],[85.0933573,27.863583],[85.0935853,27.8634218],[85.0937542,27.8633507],[85.0937998,27.8633507],[85.0939018,27.8633767],[85.0940707,27.8634218],[85.0941834,27.8634242],[85.0943497,27.8634313],[85.0946179,27.8635735],[85.0947869,27.8636257],[85.0949579,27.8636026],[85.0950243,27.8636002],[85.0952214,27.8635878],[85.0954538,27.8635245],[85.0956074,27.8634577]]]}},{"type":"Feature","properties":{"grade":"No visible damage","kind":"road","name":null,"aoi":"AOI05","locality":"Phosretar","product":"EMSR927_AOI05_GRA_PRODUCT_v3","post_event_date":"2026-08-31","method":"Photo-interpretation"},"geometry":{"type":"MultiLineString","coordinates":[[[85.0856256,27.8637664],[85.0857092,27.8637664],[85.08589851,27.86373481]]]}},{"type":"Feature","properties":{"grade":"No visible damage","kind":"road","name":null,"aoi":"AOI05","locality":"Phosretar","product":"EMSR927_AOI05_GRA_PRODUCT_v3","post_event_date":"2026-08-31","method":"Photo-interpretation"},"geometry":{"type":"MultiLineString","coordinates":[[[85.09123271,27.8636083],[85.091408,27.8637161],[85.0917083,27.8638715],[85.0917665,27.8639018],[85.0919437,27.8639269],[85.0921447,27.8639318]]]}},{"type":"Feature","properties":{"grade":"No visible damage","kind":"road","name":null,"aoi":"AOI05","locality":"Phosretar","product":"EMSR927_AOI05_GRA_PRODUCT_v3","post_event_date":"2026-08-31","method":"Photo-interpretation"},"geometry":{"type":"MultiLineString","coordinates":[[[85.08456348,27.86384001],[85.0847233,27.8638287],[85.0854437,27.8637664],[85.0856256,27.8637664]]]}},{"type":"Feature","properties":{"grade":"No visible damage","kind":"road","name":null,"aoi":"AOI05","locality":"Phosretar","product":"EMSR927_AOI05_GRA_PRODUCT_v3","post_event_date":"2026-08-31","method":"Photo-interpretation"},"geometry":{"type":"MultiLineString","coordinates":[[[85.08404678,27.86387058],[85.0842162,27.8638646],[85.08456348,27.86384001]]]}},{"type":"Feature","properties":{"grade":"No visible damage","kind":"road","name":null,"aoi":"AOI05","locality":"Phosretar","product":"EMSR927_AOI05_GRA_PRODUCT_v3","post_event_date":"2026-08-31","method":"Photo-interpretation"},"geometry":{"type":"MultiLineString","coordinates":[[[85.0969903,27.8657211],[85.0970016,27.8656435],[85.0970894,27.8654558],[85.0971489,27.8653782],[85.0971347,27.8652981],[85.0970866,27.8652355],[85.0969762,27.865223],[85.0967613,27.8650094],[85.0963496,27.8645758],[85.09627,27.864376],[85.096205,27.8642033],[85.0959089,27.8639736],[85.0956074,27.8634577]]]}}]}