{"type":"FeatureCollection","name":"places","description":"Settlement labels from OpenStreetMap (Overpass) with a featured list for the flood corridor. © OpenStreetMap contributors, ODbL.","features":[{"type":"Feature","geometry":{"type":"Point","coordinates":[85.32058,27.70832]},"properties":{"name":"Kathmandu","name_ne":"काठमाडौं","tier":"hq","rank":0,"featured":true,"source":"osm","osm_id":67157058}},{"type":"Feature","geometry":{"type":"Point","coordinates":[85.30472,28.11041]},"properties":{"name":"Dhunche","tier":"hq","rank":0,"featured":true,"source":"osm","osm_id":10207187270}},{"type":"Feature","geometry":{"type":"Point","coordinates":[85.14645,27.89526]},"properties":{"name":"Bidur","name_ne":"बिदुर","tier":"hq","rank":0,"featured":true,"source":"osm","osm_id":3499801960}},{"type":"Feature","geometry":{"type":"Point","coordinates":[85.35063,27.76036]},"properties":{"name":"Dhading Besi","name_ne":"बूढानीलकण्ठ","tier":"hq","rank":0,"featured":true,"source":"osm","osm_id":1772109893}},{"type":"Feature","geometry":{"type":"Point","coordinates":[84.62594,27.99696]},"properties":{"name":"Gorkha","name_ne":"गोरखा","tier":"hq","rank":0,"featured":true,"source":"osm","osm_id":4896508190}},{"type":"Feature","geometry":{"type":"Point","coordinates":[85.37778,28.27777]},"properties":{"name":"Rasuwagadhi","name_ne":"रसुवागढी","tier":"town","rank":1,"featured":true,"source":"osm","osm_id":992955542}},{"type":"Feature","geometry":{"type":"Point","coordinates":[85.36667,28.25285]},"properties":{"name":"Timure","name_ne":"टिमुरे","tier":"town","rank":1,"featured":true,"source":"osm","osm_id":2553894641}},{"type":"Feature","geometry":{"type":"Point","coordinates":[85.34274,28.16457]},"properties":{"name":"Syabrubesi","name_ne":"स्याफ्रु बेसी","tier":"town","rank":1,"featured":true,"source":"osm","osm_id":14127413536}},{"type":"Feature","geometry":{"type":"Point","coordinates":[85.31212,28.12978]},"properties":{"name":"Thulo Bharkhu","name_ne":"ठुलो भार्खु","tier":"village","rank":2,"featured":true,"source":"osm","osm_id":269569692}},{"type":"Feature","geometry":{"type":"Point","coordinates":[85.2134,28.0059]},"properties":{"name":"Kalikasthan","tier":"town","rank":1,"featured":true,"source":"fallback"}},{"type":"Feature","geometry":{"type":"Point","coordinates":[85.21923,28.03256]},"properties":{"name":"Ramche","name_ne":"राम्चे","tier":"village","rank":2,"featured":true,"source":"osm","osm_id":3415550686}},{"type":"Feature","geometry":{"type":"Point","coordinates":[85.207,28.07177]},"properties":{"name":"Mailung","name_ne":"मैलुङ","tier":"village","rank":2,"featured":true,"source":"osm","osm_id":3415533959}},{"type":"Feature","geometry":{"type":"Point","coordinates":[85.21124,28.00215]},"properties":{"name":"Dhaibung","name_ne":"धइबुङ","tier":"village","rank":2,"featured":true,"source":"osm","osm_id":4967937739}},{"type":"Feature","geometry":{"type":"Point","coordinates":[85.18595,27.97311]},"properties":{"name":"Betrawati","name_ne":"बेत्रावती","tier":"town","rank":1,"featured":true,"source":"osm","osm_id":268864226}},{"type":"Feature","geometry":{"type":"Point","coordinates":[85.148,27.9232]},"properties":{"name":"Trisuli Bazar","tier":"town","rank":1,"featured":true,"source":"fallback"}},{"type":"Feature","geometry":{"type":"Point","coordinates":[85.1463,27.8983]},"properties":{"name":"Battar","tier":"town","rank":1,"featured":true,"source":"fallback"}},{"type":"Feature","geometry":{"type":"Point","coordinates":[85.11006,27.86003]},"properties":{"name":"Devighat","name_ne":"देवीघाट","tier":"village","rank":2,"featured":true,"source":"osm","osm_id":4156044161}},{"type":"Feature","geometry":{"type":"Point","coordinates":[85.00046,27.7974]},"properties":{"name":"Galchhi","name_ne":"गल्छी","tier":"town","rank":1,"featured":true,"source":"osm","osm_id":279374592}},{"type":"Feature","geometry":{"type":"Point","coordinates":[84.8179,28.0222]},"properties":{"name":"Salyantar","tier":"town","rank":1,"featured":true,"source":"fallback"}},{"type":"Feature","geometry":{"type":"Point","coordinates":[85.1625,27.7178]},"properties":{"name":"Khanikhola","tier":"village","rank":2,"featured":true,"source":"fallback"}},{"type":"Feature","geometry":{"type":"Point","coordinates":[84.87712,27.80468]},"properties":{"name":"Gajuri","name_ne":"गजुरी","tier":"village","rank":2,"featured":true,"source":"osm","osm_id":279374584}},{"type":"Feature","geometry":{"type":"Point","coordinates":[84.82724,27.8137]},"properties":{"name":"Malekhu","name_ne":"मलेखु","tier":"town","rank":1,"featured":true,"source":"osm","osm_id":3013890962}},{"type":"Feature","geometry":{"type":"Point","coordinates":[84.79512,27.78347]},"properties":{"name":"Benighat","name_ne":"बेनीघाट","tier":"town","rank":1,"featured":true,"source":"osm","osm_id":4941656353}},{"type":"Feature","geometry":{"type":"Point","coordinates":[84.56886,27.90872]},"properties":{"name":"Manakamana","name_ne":"मनकामना","tier":"village","rank":2,"featured":true,"source":"osm","osm_id":4901439809}},{"type":"Feature","geometry":{"type":"Point","coordinates":[84.56095,27.85616]},"properties":{"name":"Mugling","name_ne":"मुग्लिङ","tier":"town","rank":1,"featured":true,"source":"osm","osm_id":567088223}},{"type":"Feature","geometry":{"type":"Point","coordinates":[85.33725,28.16367]},"properties":{"name":"Shyaphru","name_ne":"स्याप्रु बेसी","tier":"village","rank":2,"featured":false,"source":"osm","osm_id":267564991}},{"type":"Feature","geometry":{"type":"Point","coordinates":[85.19948,28.18997]},"properties":{"name":"Somdang","tier":"hamlet","rank":3,"featured":false,"source":"osm","osm_id":267564995}},{"type":"Feature","geometry":{"type":"Point","coordinates":[84.92778,28.02047]},"properties":{"name":"Baguwabesi","name_ne":"बगुवा बेसी","tier":"hamlet","rank":3,"featured":false,"source":"osm","osm_id":267678780}},{"type":"Feature","geometry":{"type":"Point","coordinates":[84.96671,28.03119]},"properties":{"name":"Kintang Phedi","tier":"village","rank":2,"featured":false,"source":"osm","osm_id":267679554}},{"type":"Feature","geometry":{"type":"Point","coordinates":[85.05483,28.15906]},"properties":{"name":"Borang","name_ne":"बोरंग","tier":"hamlet","rank":3,"featured":false,"source":"osm","osm_id":267684825}},{"type":"Feature","geometry":{"type":"Point","coordinates":[84.81238,28.04623]},"properties":{"name":"Ārughāt Bāzār","tier":"village","rank":2,"featured":false,"source":"osm","osm_id":267691995}},{"type":"Feature","geometry":{"type":"Point","coordinates":[84.53843,27.90423]},"properties":{"name":"Aabu khaireni Bazar","name_ne":"आबूखैरेनी बजार","tier":"town","rank":1,"featured":false,"source":"osm","osm_id":268669741}},{"type":"Feature","geometry":{"type":"Point","coordinates":[84.40968,27.96313]},"properties":{"name":"Dumre","name_ne":"डुम्रे","tier":"town","rank":1,"featured":false,"source":"osm","osm_id":268669853}},{"type":"Feature","geometry":{"type":"Point","coordinates":[84.836,28.04401]},"properties":{"name":"Birta","name_ne":"बिर्ता","tier":"hamlet","rank":3,"featured":false,"source":"osm","osm_id":269103220}},{"type":"Feature","geometry":{"type":"Point","coordinates":[84.82235,28.04282]},"properties":{"name":"Shingatar","name_ne":"शिङ्गाटार","tier":"hamlet","rank":3,"featured":false,"source":"osm","osm_id":269103221}},{"type":"Feature","geometry":{"type":"Point","coordinates":[84.86474,28.02549]},"properties":{"name":"Salyankot","name_ne":"सल्यानकोट","tier":"hamlet","rank":3,"featured":false,"source":"osm","osm_id":269103222}},{"type":"Feature","geometry":{"type":"Point","coordinates":[84.91659,28.01661]},"properties":{"name":"Chhapthok","name_ne":"छापथोक","tier":"hamlet","rank":3,"featured":false,"source":"osm","osm_id":269103223}},{"type":"Feature","geometry":{"type":"Point","coordinates":[84.88987,28.02495]},"properties":{"name":"Degav","name_ne":"डेगव","tier":"hamlet","rank":3,"featured":false,"source":"osm","osm_id":269560819}},{"type":"Feature","geometry":{"type":"Point","coordinates":[84.89672,28.03015]},"properties":{"name":"Belung","name_ne":"बेलुङ","tier":"hamlet","rank":3,"featured":false,"source":"osm","osm_id":269560820}},{"type":"Feature","geometry":{"type":"Point","coordinates":[84.90335,28.02282]},"properties":{"name":"Korthok","name_ne":"कोरथोक","tier":"hamlet","rank":3,"featured":false,"source":"osm","osm_id":269560821}},{"type":"Feature","geometry":{"type":"Point","coordinates":[85.00108,28.05887]},"properties":{"name":"Darkha","name_ne":"दर्ख","tier":"hamlet","rank":3,"featured":false,"source":"osm","osm_id":269563672}},{"type":"Feature","geometry":{"type":"Point","coordinates":[84.99237,28.07615]},"properties":{"name":"Dharna","tier":"village","rank":2,"featured":false,"source":"osm","osm_id":269563675}},{"type":"Feature","geometry":{"type":"Point","coordinates":[85.01978,28.09366]},"properties":{"name":"Sangyung","name_ne":"साङ्ग्योङ","tier":"hamlet","rank":3,"featured":false,"source":"osm","osm_id":269567049}},{"type":"Feature","geometry":{"type":"Point","coordinates":[85.02912,28.13383]},"properties":{"name":"Garsyong","name_ne":"गार्सयोङ","tier":"hamlet","rank":3,"featured":false,"source":"osm","osm_id":269567050}},{"type":"Feature","geometry":{"type":"Point","coordinates":[85.08521,28.1771]},"properties":{"name":"Sertung","name_ne":"सेर्तुङ्ग","tier":"hamlet","rank":3,"featured":false,"source":"osm","osm_id":269567638}},{"type":"Feature","geometry":{"type":"Point","coordinates":[85.27684,28.15739]},"properties":{"name":"Godam","name_ne":"गोदाम","tier":"hamlet","rank":3,"featured":false,"source":"osm","osm_id":269569475}},{"type":"Feature","geometry":{"type":"Point","coordinates":[85.32194,28.16655]},"properties":{"name":"Bahun Danda","name_ne":"बाहुनडाँडा","tier":"hamlet","rank":3,"featured":false,"source":"osm","osm_id":269569477}},{"type":"Feature","geometry":{"type":"Point","coordinates":[85.23886,27.83252]},"properties":{"name":"Ranipauwa","name_ne":"रानीपौवा","tier":"hamlet","rank":3,"featured":false,"source":"osm","osm_id":279339372}},{"type":"Feature","geometry":{"type":"Point","coordinates":[84.96175,27.81169]},"properties":{"name":"Mastar","name_ne":"मासटार","tier":"hamlet","rank":3,"featured":false,"source":"osm","osm_id":279339374}},{"type":"Feature","geometry":{"type":"Point","coordinates":[84.62281,27.87243]},"properties":{"name":"Kurintar","name_ne":"कुरिनटार","tier":"hamlet","rank":3,"featured":false,"source":"osm","osm_id":279339376}},{"type":"Feature","geometry":{"type":"Point","coordinates":[84.94295,27.80697]},"properties":{"name":"Adamghat","name_ne":"आदमघाट","tier":"hamlet","rank":3,"featured":false,"source":"osm","osm_id":279374585}},{"type":"Feature","geometry":{"type":"Point","coordinates":[85.10909,27.74311]},"properties":{"name":"Juge Khola","name_ne":"जङ्गेखोला","tier":"hamlet","rank":3,"featured":false,"source":"osm","osm_id":279374593}},{"type":"Feature","geometry":{"type":"Point","coordinates":[84.37614,28.23132]},"properties":{"name":"Besisahar","name_ne":"बेसीसहर","tier":"town","rank":1,"featured":false,"source":"osm","osm_id":293621413,"population":15442}},{"type":"Feature","geometry":{"type":"Point","coordinates":[84.35762,28.28098]},"properties":{"name":"Khudi","tier":"village","rank":2,"featured":false,"source":"osm","osm_id":293621489}},{"type":"Feature","geometry":{"type":"Point","coordinates":[84.3716,28.29031]},"properties":{"name":"Bhulbhule","tier":"village","rank":2,"featured":false,"source":"osm","osm_id":293642180}},{"type":"Feature","geometry":{"type":"Point","coordinates":[84.4063,28.34307]},"properties":{"name":"Bahundanda","tier":"village","rank":2,"featured":false,"source":"osm","osm_id":293647006}},{"type":"Feature","geometry":{"type":"Point","coordinates":[84.40205,28.38727]},"properties":{"name":"Syange","tier":"village","rank":2,"featured":false,"source":"osm","osm_id":295020323}},{"type":"Feature","geometry":{"type":"Point","coordinates":[84.37373,28.46862]},"properties":{"name":"Tal","tier":"village","rank":2,"featured":false,"source":"osm","osm_id":295022597}},{"type":"Feature","geometry":{"type":"Point","coordinates":[84.40649,28.41303]},"properties":{"name":"Jagat","tier":"village","rank":2,"featured":false,"source":"osm","osm_id":295022614}},{"type":"Feature","geometry":{"type":"Point","coordinates":[84.30492,28.52711]},"properties":{"name":"Timang","tier":"village","rank":2,"featured":false,"source":"osm","osm_id":295044644}},{"type":"Feature","geometry":{"type":"Point","coordinates":[84.32502,28.53306]},"properties":{"name":"Danagyu","tier":"village","rank":2,"featured":false,"source":"osm","osm_id":295044647}},{"type":"Feature","geometry":{"type":"Point","coordinates":[84.33958,28.53349]},"properties":{"name":"Bagarchhāp","tier":"village","rank":2,"featured":false,"source":"osm","osm_id":295044653}},{"type":"Feature","geometry":{"type":"Point","coordinates":[84.35838,28.519]},"properties":{"name":"Dharapani","tier":"village","rank":2,"featured":false,"source":"osm","osm_id":295044655}},{"type":"Feature","geometry":{"type":"Point","coordinates":[84.35904,28.50627]},"properties":{"name":"Karte","tier":"hamlet","rank":3,"featured":false,"source":"osm","osm_id":295044680}},{"type":"Feature","geometry":{"type":"Point","coordinates":[84.36125,28.49931]},"properties":{"name":"Khorte","tier":"hamlet","rank":3,"featured":false,"source":"osm","osm_id":295044712}},{"type":"Feature","geometry":{"type":"Point","coordinates":[85.51973,27.71851]},"properties":{"name":"Nagarkot","name_ne":"नगरकोट","tier":"hamlet","rank":3,"featured":false,"source":"osm","osm_id":316984476}},{"type":"Feature","geometry":{"type":"Point","coordinates":[84.4067,27.93802]},"properties":{"name":"Bandipur","tier":"village","rank":2,"featured":false,"source":"osm","osm_id":316985037}},{"type":"Feature","geometry":{"type":"Point","coordinates":[85.26701,27.61164]},"properties":{"name":"Pharping","name_ne":"फर्पिङ","tier":"hamlet","rank":3,"featured":false,"source":"osm","osm_id":336935191}},{"type":"Feature","geometry":{"type":"Point","coordinates":[85.29903,27.63589]},"properties":{"name":"Khokana","name_ne":"खोकना","tier":"hamlet","rank":3,"featured":false,"source":"osm","osm_id":562963056}},{"type":"Feature","geometry":{"type":"Point","coordinates":[84.43017,27.68119]},"properties":{"name":"Bharatpur","name_ne":"भरतपुर","tier":"city","rank":0,"featured":false,"source":"osm","osm_id":567090203,"population":369268}},{"type":"Feature","geometry":{"type":"Point","coordinates":[85.70538,27.63725]},"properties":{"name":"Dolalghat","name_ne":"दोलालघाट","tier":"hamlet","rank":3,"featured":false,"source":"osm","osm_id":575678206}},{"type":"Feature","geometry":{"type":"Point","coordinates":[85.35574,28.13448]},"properties":{"name":"Dursagang","name_ne":"दुर्सागाङ","tier":"hamlet","rank":3,"featured":false,"source":"osm","osm_id":601106206}},{"type":"Feature","geometry":{"type":"Point","coordinates":[85.37984,28.0924]},"properties":{"name":"Laurebina","name_ne":"लौरिबिना","tier":"hamlet","rank":3,"featured":false,"source":"osm","osm_id":601521341}},{"type":"Feature","geometry":{"type":"Point","coordinates":[85.40983,28.08394]},"properties":{"name":"Gosainkund","name_ne":"गोसाइँकुण्ड","tier":"hamlet","rank":3,"featured":false,"source":"osm","osm_id":601521345}},{"type":"Feature","geometry":{"type":"Point","coordinates":[85.34016,28.11087]},"properties":{"name":"Chandanbari","name_ne":"चंदन बाडी","tier":"hamlet","rank":3,"featured":false,"source":"osm","osm_id":601594281}},{"type":"Feature","geometry":{"type":"Point","coordinates":[85.52642,28.21538]},"properties":{"name":"Siṅdum","name_ne":"सिङ्ग्दुम","tier":"hamlet","rank":3,"featured":false,"source":"osm","osm_id":632389876}},{"type":"Feature","geometry":{"type":"Point","coordinates":[85.52058,28.21572]},"properties":{"name":"Mundu","name_ne":"मुण्डु","tier":"hamlet","rank":3,"featured":false,"source":"osm","osm_id":632389890}},{"type":"Feature","geometry":{"type":"Point","coordinates":[85.31661,27.67656]},"properties":{"name":"Lalitpur","name_ne":"ललितपुर","tier":"city","rank":0,"featured":false,"source":"osm","osm_id":723880699,"population":254000}},{"type":"Feature","geometry":{"type":"Point","coordinates":[84.46227,28.03431]},"properties":{"name":"Turture","name_ne":"टर्टुरे","tier":"village","rank":2,"featured":false,"source":"osm","osm_id":847654459}},{"type":"Feature","geometry":{"type":"Point","coordinates":[84.39966,28.3094]},"properties":{"name":"Nadi Bazar","tier":"hamlet","rank":3,"featured":false,"source":"osm","osm_id":852541101}},{"type":"Feature","geometry":{"type":"Point","coordinates":[84.33599,28.53809]},"properties":{"name":"Ghimlung","tier":"hamlet","rank":3,"featured":false,"source":"osm","osm_id":858011355}},{"type":"Feature","geometry":{"type":"Point","coordinates":[84.3376,28.54006]},"properties":{"name":"Tachai","tier":"hamlet","rank":3,"featured":false,"source":"osm","osm_id":858011357}},{"type":"Feature","geometry":{"type":"Point","coordinates":[84.33651,28.53682]},"properties":{"name":"Nasku","tier":"hamlet","rank":3,"featured":false,"source":"osm","osm_id":858011359}},{"type":"Feature","geometry":{"type":"Point","coordinates":[84.30207,28.54337]},"properties":{"name":"Lata Marang","tier":"hamlet","rank":3,"featured":false,"source":"osm","osm_id":858011363}},{"type":"Feature","geometry":{"type":"Point","coordinates":[84.37839,28.44615]},"properties":{"name":"Sattale","tier":"hamlet","rank":3,"featured":false,"source":"osm","osm_id":858263912}},{"type":"Feature","geometry":{"type":"Point","coordinates":[84.35413,28.5272]},"properties":{"name":"Thoche","tier":"hamlet","rank":3,"featured":false,"source":"osm","osm_id":858263917}},{"type":"Feature","geometry":{"type":"Point","coordinates":[85.28038,27.65001]},"properties":{"name":"Taudaha","name_ne":"टौदह","tier":"hamlet","rank":3,"featured":false,"source":"osm","osm_id":945656943}},{"type":"Feature","geometry":{"type":"Point","coordinates":[85.50898,28.21576]},"properties":{"name":"Langtang","name_ne":"लाङटाङ","tier":"hamlet","rank":3,"featured":false,"source":"osm","osm_id":976471702}},{"type":"Feature","geometry":{"type":"Point","coordinates":[84.50107,27.62692]},"properties":{"name":"Nipani","tier":"hamlet","rank":3,"featured":false,"source":"osm","osm_id":1039366136}},{"type":"Feature","geometry":{"type":"Point","coordinates":[84.40292,28.38186]},"properties":{"name":"Ghermu","tier":"village","rank":2,"featured":false,"source":"osm","osm_id":1046597491}},{"type":"Feature","geometry":{"type":"Point","coordinates":[84.89662,28.39332]},"properties":{"name":"Philim","tier":"village","rank":2,"featured":false,"source":"osm","osm_id":1046601963}},{"type":"Feature","geometry":{"type":"Point","coordinates":[84.87377,28.22931]},"properties":{"name":"Machhakhola","tier":"village","rank":2,"featured":false,"source":"osm","osm_id":1078765777}},{"type":"Feature","geometry":{"type":"Point","coordinates":[84.89851,28.27569]},"properties":{"name":"Tatopani","tier":"hamlet","rank":3,"featured":false,"source":"osm","osm_id":1078765936}},{"type":"Feature","geometry":{"type":"Point","coordinates":[84.89586,28.35141]},"properties":{"name":"Jagat","tier":"village","rank":2,"featured":false,"source":"osm","osm_id":1078765998}},{"type":"Feature","geometry":{"type":"Point","coordinates":[84.90585,28.29547]},"properties":{"name":"Dobhan","tier":"village","rank":2,"featured":false,"source":"osm","osm_id":1078766092}},{"type":"Feature","geometry":{"type":"Point","coordinates":[84.82572,28.53123]},"properties":{"name":"Ghap","tier":"village","rank":2,"featured":false,"source":"osm","osm_id":1078766229}},{"type":"Feature","geometry":{"type":"Point","coordinates":[84.38119,28.54519]},"properties":{"name":"Tilche","tier":"village","rank":2,"featured":false,"source":"osm","osm_id":1078766251}},{"type":"Feature","geometry":{"type":"Point","coordinates":[85.34666,27.71718]},"properties":{"name":"Chabahil","name_ne":"चाबहिल","tier":"hamlet","rank":3,"featured":false,"source":"osm","osm_id":1145267936}},{"type":"Feature","geometry":{"type":"Point","coordinates":[84.40359,28.33415]},"properties":{"name":"Lampata","tier":"hamlet","rank":3,"featured":false,"source":"osm","osm_id":1298141553}},{"type":"Feature","geometry":{"type":"Point","coordinates":[84.42184,27.95292]},"properties":{"name":"Bimalnagar","tier":"village","rank":2,"featured":false,"source":"osm","osm_id":1329323822}},{"type":"Feature","geometry":{"type":"Point","coordinates":[84.36382,27.94688]},"properties":{"name":"Ramkot","tier":"village","rank":2,"featured":false,"source":"osm","osm_id":1329331034}},{"type":"Feature","geometry":{"type":"Point","coordinates":[84.34779,27.94685]},"properties":{"name":"Kulumg","tier":"village","rank":2,"featured":false,"source":"osm","osm_id":1329338820}},{"type":"Feature","geometry":{"type":"Point","coordinates":[84.34378,27.92626]},"properties":{"name":"Keshavtar","tier":"village","rank":2,"featured":false,"source":"osm","osm_id":1329346046}},{"type":"Feature","geometry":{"type":"Point","coordinates":[85.44839,27.82555]},"properties":{"name":"Chisapani","name_ne":"चिसापानी","tier":"hamlet","rank":3,"featured":false,"source":"osm","osm_id":1341029341}},{"type":"Feature","geometry":{"type":"Point","coordinates":[85.49775,27.7642]},"properties":{"name":"Chauki Banjyang","name_ne":"चौकी भनञ्याङ","tier":"hamlet","rank":3,"featured":false,"source":"osm","osm_id":1341029381}},{"type":"Feature","geometry":{"type":"Point","coordinates":[85.41919,27.75801]},"properties":{"name":"Sundarijal","name_ne":"सुन्दरीजल","tier":"hamlet","rank":3,"featured":false,"source":"osm","osm_id":1341029550}},{"type":"Feature","geometry":{"type":"Point","coordinates":[85.35042,27.69918]},"properties":{"name":"Sinamangal","name_ne":"सिनामंगल","tier":"hamlet","rank":3,"featured":false,"source":"osm","osm_id":1382903024}},{"type":"Feature","geometry":{"type":"Point","coordinates":[85.34591,27.67681]},"properties":{"name":"Koteshwar","name_ne":"कोटेश्वर","tier":"hamlet","rank":3,"featured":false,"source":"osm","osm_id":1383284251}},{"type":"Feature","geometry":{"type":"Point","coordinates":[85.54288,27.7241]},"properties":{"name":"Baluwapatti Deupur","name_ne":"बालुवापाटी देउपुर","tier":"hamlet","rank":3,"featured":false,"source":"osm","osm_id":1490444240}},{"type":"Feature","geometry":{"type":"Point","coordinates":[85.53302,27.73657]},"properties":{"name":"Dandagaun","name_ne":"डाँडागाउँ","tier":"hamlet","rank":3,"featured":false,"source":"osm","osm_id":1490444242}},{"type":"Feature","geometry":{"type":"Point","coordinates":[85.53655,27.72584]},"properties":{"name":"Gairigaun","name_ne":"गैरीगाउँ","tier":"hamlet","rank":3,"featured":false,"source":"osm","osm_id":1490444244}},{"type":"Feature","geometry":{"type":"Point","coordinates":[85.54344,27.72949]},"properties":{"name":"Masyargaun","name_ne":"मस्यरगाउँ","tier":"hamlet","rank":3,"featured":false,"source":"osm","osm_id":1490444246}},{"type":"Feature","geometry":{"type":"Point","coordinates":[85.55187,27.73341]},"properties":{"name":"Chhapgaun","name_ne":"छपगाउँ","tier":"hamlet","rank":3,"featured":false,"source":"osm","osm_id":1492179947}},{"type":"Feature","geometry":{"type":"Point","coordinates":[85.53786,27.71272]},"properties":{"name":"Chhittegaun","name_ne":"छिट्टे गाउँ","tier":"hamlet","rank":3,"featured":false,"source":"osm","osm_id":1492179950}},{"type":"Feature","geometry":{"type":"Point","coordinates":[85.5277,27.71445]},"properties":{"name":"Kaflenigaun","name_ne":"कफ्लेनी गाउँ","tier":"hamlet","rank":3,"featured":false,"source":"osm","osm_id":1498636645}},{"type":"Feature","geometry":{"type":"Point","coordinates":[85.53105,27.70748]},"properties":{"name":"Makaibarigaun","name_ne":"मकैबारी गाउँ","tier":"hamlet","rank":3,"featured":false,"source":"osm","osm_id":1498636646}},{"type":"Feature","geometry":{"type":"Point","coordinates":[85.53915,27.6993]},"properties":{"name":"Rohinigaun","name_ne":"रोहिणी गाउँ","tier":"hamlet","rank":3,"featured":false,"source":"osm","osm_id":1498636647}},{"type":"Feature","geometry":{"type":"Point","coordinates":[85.53139,27.70032]},"properties":{"name":"Sathikuriyagaun","name_ne":"साथी कुरिया गाउँ","tier":"hamlet","rank":3,"featured":false,"source":"osm","osm_id":1498636648}},{"type":"Feature","geometry":{"type":"Point","coordinates":[85.47918,27.72417]},"properties":{"name":"Suntol","name_ne":"सुनटोल","tier":"hamlet","rank":3,"featured":false,"source":"osm","osm_id":1499554935}},{"type":"Feature","geometry":{"type":"Point","coordinates":[85.52782,27.76348]},"properties":{"name":"Nanglebhare","name_ne":"नाङ्लेभारे","tier":"hamlet","rank":3,"featured":false,"source":"osm","osm_id":1500932985}},{"type":"Feature","geometry":{"type":"Point","coordinates":[84.76412,27.81313]},"properties":{"name":"Bishaltar","name_ne":"विशालटार","tier":"hamlet","rank":3,"featured":false,"source":"osm","osm_id":1537553862}},{"type":"Feature","geometry":{"type":"Point","coordinates":[84.80835,27.81636]},"properties":{"name":"Salanghat","name_ne":"सलाङघाट","tier":"hamlet","rank":3,"featured":false,"source":"osm","osm_id":1537553866}},{"type":"Feature","geometry":{"type":"Point","coordinates":[85.39705,28.1625]},"properties":{"name":"Sherpagaun","name_ne":"शेर्पागाउँ","tier":"hamlet","rank":3,"featured":false,"source":"osm","osm_id":1547068160}},{"type":"Feature","geometry":{"type":"Point","coordinates":[84.54374,28.06925]},"properties":{"name":"Amppipal","tier":"village","rank":2,"featured":false,"source":"osm","osm_id":1617990127}},{"type":"Feature","geometry":{"type":"Point","coordinates":[85.24696,27.81565]},"properties":{"name":"Kakani","name_ne":"ककनी","tier":"hamlet","rank":3,"featured":false,"source":"osm","osm_id":1659470421}},{"type":"Feature","geometry":{"type":"Point","coordinates":[84.47756,28.05594]},"properties":{"name":"Chepe Ghat","tier":"hamlet","rank":3,"featured":false,"source":"osm","osm_id":1686153402}},{"type":"Feature","geometry":{"type":"Point","coordinates":[84.39374,28.30236]},"properties":{"name":"Ngadi Lamjung","tier":"hamlet","rank":3,"featured":false,"source":"osm","osm_id":1742495826}},{"type":"Feature","geometry":{"type":"Point","coordinates":[84.43117,28.17679]},"properties":{"name":"Udipur","tier":"hamlet","rank":3,"featured":false,"source":"osm","osm_id":1742495827}},{"type":"Feature","geometry":{"type":"Point","coordinates":[84.38375,28.21773]},"properties":{"name":"Ranikuwa","tier":"hamlet","rank":3,"featured":false,"source":"osm","osm_id":1742495828}},{"type":"Feature","geometry":{"type":"Point","coordinates":[84.43305,28.136]},"properties":{"name":"siudibar","tier":"village","rank":2,"featured":false,"source":"osm","osm_id":1742495833}},{"type":"Feature","geometry":{"type":"Point","coordinates":[85.32475,27.72925]},"properties":{"name":"Panipokhari","name_ne":"पानीपोखरी","tier":"hamlet","rank":3,"featured":false,"source":"osm","osm_id":1772109896}},{"type":"Feature","geometry":{"type":"Point","coordinates":[84.89369,28.44353]},"properties":{"name":"Nyak","tier":"village","rank":2,"featured":false,"source":"osm","osm_id":1781687924}},{"type":"Feature","geometry":{"type":"Point","coordinates":[84.62883,28.04368]},"properties":{"name":"Naya Sagu","tier":"village","rank":2,"featured":false,"source":"osm","osm_id":1782445078}},{"type":"Feature","geometry":{"type":"Point","coordinates":[85.55292,27.61892]},"properties":{"name":"Dhulikhel","name_ne":"धुलिखेल","tier":"city","rank":0,"featured":false,"source":"osm","osm_id":1833834697}},{"type":"Feature","geometry":{"type":"Point","coordinates":[85.24487,27.68069]},"properties":{"name":"Satungal","name_ne":"सतुङ्गल","tier":"hamlet","rank":3,"featured":false,"source":"osm","osm_id":1839678355}},{"type":"Feature","geometry":{"type":"Point","coordinates":[85.20943,27.82919]},"properties":{"name":"Jurethum","name_ne":"जुरेथूम","tier":"hamlet","rank":3,"featured":false,"source":"osm","osm_id":1851053694}},{"type":"Feature","geometry":{"type":"Point","coordinates":[85.19445,27.86644]},"properties":{"name":"Dangmai","name_ne":"दाङमाई","tier":"hamlet","rank":3,"featured":false,"source":"osm","osm_id":1851061582}},{"type":"Feature","geometry":{"type":"Point","coordinates":[85.19326,27.84528]},"properties":{"name":"Lauke Barahitan","name_ne":"लौके बाराहितान","tier":"hamlet","rank":3,"featured":false,"source":"osm","osm_id":1851062149}},{"type":"Feature","geometry":{"type":"Point","coordinates":[85.17397,27.8652]},"properties":{"name":"Madanpur","name_ne":"मदानपुर","tier":"hamlet","rank":3,"featured":false,"source":"osm","osm_id":1869598515}},{"type":"Feature","geometry":{"type":"Point","coordinates":[85.18053,27.86259]},"properties":{"name":"Kajindada","name_ne":"काजिन डाँडा","tier":"hamlet","rank":3,"featured":false,"source":"osm","osm_id":1869598518}},{"type":"Feature","geometry":{"type":"Point","coordinates":[85.19184,27.84917]},"properties":{"name":"Lauke Kotghaderi","name_ne":"लौके कोटघाडेरी","tier":"hamlet","rank":3,"featured":false,"source":"osm","osm_id":1875033817}},{"type":"Feature","geometry":{"type":"Point","coordinates":[85.19052,27.84191]},"properties":{"name":"Lauke","name_ne":"लौके","tier":"hamlet","rank":3,"featured":false,"source":"osm","osm_id":1875049159}},{"type":"Feature","geometry":{"type":"Point","coordinates":[85.17832,27.85164]},"properties":{"name":"Pallo Dangmai","name_ne":"पल्लो दाङमाई","tier":"hamlet","rank":3,"featured":false,"source":"osm","osm_id":1875573901}},{"type":"Feature","geometry":{"type":"Point","coordinates":[85.33851,27.69796]},"properties":{"name":"Baneshwar","name_ne":"बानेश्वर","tier":"hamlet","rank":3,"featured":false,"source":"osm","osm_id":1950520557}},{"type":"Feature","geometry":{"type":"Point","coordinates":[85.53275,27.61492]},"properties":{"name":"Srikhandapur","name_ne":"श्रीखंडपुर","tier":"hamlet","rank":3,"featured":false,"source":"osm","osm_id":1974294983}},{"type":"Feature","geometry":{"type":"Point","coordinates":[84.42543,27.73919]},"properties":{"name":"Devghat","name_ne":"देवघाट","tier":"hamlet","rank":3,"featured":false,"source":"osm","osm_id":1995767582}},{"type":"Feature","geometry":{"type":"Point","coordinates":[85.32018,27.7429]},"properties":{"name":"Gongabu","name_ne":"गोङ्गबु","tier":"hamlet","rank":3,"featured":false,"source":"osm","osm_id":2004031729}},{"type":"Feature","geometry":{"type":"Point","coordinates":[85.4327,27.77767]},"properties":{"name":"Mulkharka","name_ne":"मूलखर्क","tier":"hamlet","rank":3,"featured":false,"source":"osm","osm_id":2019307131}},{"type":"Feature","geometry":{"type":"Point","coordinates":[85.49012,27.77494]},"properties":{"name":"Jhule","name_ne":"झुले","tier":"hamlet","rank":3,"featured":false,"source":"osm","osm_id":2019360372}},{"type":"Feature","geometry":{"type":"Point","coordinates":[85.42617,27.67111]},"properties":{"name":"Bhaktapur","name_ne":"भक्तपुर","tier":"city","rank":0,"featured":false,"source":"osm","osm_id":2035862217}},{"type":"Feature","geometry":{"type":"Point","coordinates":[85.53017,27.6138]},"properties":{"name":"Khadpu","name_ne":"खड्पु","tier":"hamlet","rank":3,"featured":false,"source":"osm","osm_id":2036622121}},{"type":"Feature","geometry":{"type":"Point","coordinates":[85.27624,27.64523]},"properties":{"name":"Chalnakhel","name_ne":"चाल्नाखेल","tier":"hamlet","rank":3,"featured":false,"source":"osm","osm_id":2041493405}},{"type":"Feature","geometry":{"type":"Point","coordinates":[85.35922,27.6742]},"properties":{"name":"Lokanthali","name_ne":"लोकन्थली","tier":"hamlet","rank":3,"featured":false,"source":"osm","osm_id":2051114284}},{"type":"Feature","geometry":{"type":"Point","coordinates":[85.49232,27.63415]},"properties":{"name":"Bhaisipati","name_ne":"भैसेँपाटी","tier":"hamlet","rank":3,"featured":false,"source":"osm","osm_id":2054092035}},{"type":"Feature","geometry":{"type":"Point","coordinates":[85.39002,27.63296]},"properties":{"name":"Lamatar","name_ne":"लामाटार","tier":"hamlet","rank":3,"featured":false,"source":"osm","osm_id":2054615266}},{"type":"Feature","geometry":{"type":"Point","coordinates":[85.29127,27.66604]},"properties":{"name":"Chobhar","name_ne":"चोभार","tier":"hamlet","rank":3,"featured":false,"source":"osm","osm_id":2069377368}},{"type":"Feature","geometry":{"type":"Point","coordinates":[85.27713,27.66903]},"properties":{"name":"Ja-rhun-hi-ti","name_ne":"जरुहिती","tier":"hamlet","rank":3,"featured":false,"source":"osm","osm_id":2101093211}},{"type":"Feature","geometry":{"type":"Point","coordinates":[84.74009,27.9546]},"properties":{"name":"Kyamuntar","tier":"village","rank":2,"featured":false,"source":"osm","osm_id":2105398486}},{"type":"Feature","geometry":{"type":"Point","coordinates":[85.33262,27.74224]},"properties":{"name":"Basundhara","name_ne":"बसुन्धरा","tier":"hamlet","rank":3,"featured":false,"source":"osm","osm_id":2120583601}},{"type":"Feature","geometry":{"type":"Point","coordinates":[85.04513,27.75494]},"properties":{"name":"Simle Bazzar","name_ne":"सिम्ले बजार","tier":"hamlet","rank":3,"featured":false,"source":"osm","osm_id":2140333103}},{"type":"Feature","geometry":{"type":"Point","coordinates":[85.45673,27.69892]},"properties":{"name":"Chhaling","name_ne":"छालिङ","tier":"hamlet","rank":3,"featured":false,"source":"osm","osm_id":2148707721}},{"type":"Feature","geometry":{"type":"Point","coordinates":[85.41268,27.6941]},"properties":{"name":"Duwakot","name_ne":"दुवाकोट","tier":"hamlet","rank":3,"featured":false,"source":"osm","osm_id":2148707722}},{"type":"Feature","geometry":{"type":"Point","coordinates":[85.43395,27.69358]},"properties":{"name":"Jhaukhel","name_ne":"झौखेल","tier":"hamlet","rank":3,"featured":false,"source":"osm","osm_id":2148707723}},{"type":"Feature","geometry":{"type":"Point","coordinates":[84.54888,27.61681]},"properties":{"name":"Jyamire","name_ne":"ज्यामिरे","tier":"hamlet","rank":3,"featured":false,"source":"osm","osm_id":2174498746}},{"type":"Feature","geometry":{"type":"Point","coordinates":[84.53358,27.61592]},"properties":{"name":"Belsi","name_ne":"बेल्सी","tier":"hamlet","rank":3,"featured":false,"source":"osm","osm_id":2174501681}},{"type":"Feature","geometry":{"type":"Point","coordinates":[85.34739,27.73612]},"properties":{"name":"Mahankal","name_ne":"महाङ्काल","tier":"hamlet","rank":3,"featured":false,"source":"osm","osm_id":2190750377}},{"type":"Feature","geometry":{"type":"Point","coordinates":[85.00732,27.86709]},"properties":{"name":"Taruka","name_ne":"तारुका","tier":"hamlet","rank":3,"featured":false,"source":"osm","osm_id":2192585842}},{"type":"Feature","geometry":{"type":"Point","coordinates":[85.30062,27.76704]},"properties":{"name":"Dharmasthali","name_ne":"धर्मस्थली","tier":"hamlet","rank":3,"featured":false,"source":"osm","osm_id":2206264553}},{"type":"Feature","geometry":{"type":"Point","coordinates":[85.2769,27.71171]},"properties":{"name":"Sitapaila","name_ne":"सीतापाइला","tier":"hamlet","rank":3,"featured":false,"source":"osm","osm_id":2207719955}},{"type":"Feature","geometry":{"type":"Point","coordinates":[85.35753,27.61151]},"properties":{"name":"Taukhel","name_ne":"टौखेल","tier":"hamlet","rank":3,"featured":false,"source":"osm","osm_id":2207770554}},{"type":"Feature","geometry":{"type":"Point","coordinates":[85.33231,27.67127]},"properties":{"name":"Guita","name_ne":"गुइटा","tier":"hamlet","rank":3,"featured":false,"source":"osm","osm_id":2220703611}},{"type":"Feature","geometry":{"type":"Point","coordinates":[85.42059,27.66354]},"properties":{"name":"Ghalate","name_ne":"घलाते","tier":"hamlet","rank":3,"featured":false,"source":"osm","osm_id":2225240053}},{"type":"Feature","geometry":{"type":"Point","coordinates":[85.29266,27.70091]},"properties":{"name":"Kalimati","name_ne":"कालिमाटी","tier":"hamlet","rank":3,"featured":false,"source":"osm","osm_id":2230569081}},{"type":"Feature","geometry":{"type":"Point","coordinates":[85.29389,27.69161]},"properties":{"name":"Kuleshwar","name_ne":"कुलेश्वर","tier":"hamlet","rank":3,"featured":false,"source":"osm","osm_id":2230569084}},{"type":"Feature","geometry":{"type":"Point","coordinates":[85.36514,27.67445]},"properties":{"name":"Kaushaltar","name_ne":"कौशलटार","tier":"hamlet","rank":3,"featured":false,"source":"osm","osm_id":2249170814}},{"type":"Feature","geometry":{"type":"Point","coordinates":[85.49707,27.69043]},"properties":{"name":"Adhikari Gaun","name_ne":"अधिकारी गाउँ","tier":"hamlet","rank":3,"featured":false,"source":"osm","osm_id":2251951392}},{"type":"Feature","geometry":{"type":"Point","coordinates":[85.47757,27.69149]},"properties":{"name":"Bageshwari","name_ne":"वागेश्वरी","tier":"hamlet","rank":3,"featured":false,"source":"osm","osm_id":2251951396}},{"type":"Feature","geometry":{"type":"Point","coordinates":[85.46468,27.64074]},"properties":{"name":"Basnetgau","name_ne":"बस्न्यात","tier":"hamlet","rank":3,"featured":false,"source":"osm","osm_id":2251951422}},{"type":"Feature","geometry":{"type":"Point","coordinates":[85.44503,27.66318]},"properties":{"name":"Bhatedhikuro","name_ne":"भाटेढिकुर","tier":"hamlet","rank":3,"featured":false,"source":"osm","osm_id":2251951439}},{"type":"Feature","geometry":{"type":"Point","coordinates":[85.4493,27.65632]},"properties":{"name":"Chamthali","name_ne":"चमथली","tier":"hamlet","rank":3,"featured":false,"source":"osm","osm_id":2251951452}},{"type":"Feature","geometry":{"type":"Point","coordinates":[85.41123,27.66762]},"properties":{"name":"Chundevi","name_ne":"चुनदेवी","tier":"hamlet","rank":3,"featured":false,"source":"osm","osm_id":2251951455}},{"type":"Feature","geometry":{"type":"Point","coordinates":[85.46777,27.68791]},"properties":{"name":"Dadagau","name_ne":"डाँडागाउँ","tier":"hamlet","rank":3,"featured":false,"source":"osm","osm_id":2251951465}},{"type":"Feature","geometry":{"type":"Point","coordinates":[85.39359,27.64923]},"properties":{"name":"Dadhikot","name_ne":"दादिकोट","tier":"hamlet","rank":3,"featured":false,"source":"osm","osm_id":2251951467}},{"type":"Feature","geometry":{"type":"Point","coordinates":[85.46143,27.65731]},"properties":{"name":"Deuja","name_ne":"देउजा","tier":"hamlet","rank":3,"featured":false,"source":"osm","osm_id":2251951476}},{"type":"Feature","geometry":{"type":"Point","coordinates":[85.48273,27.68495]},"properties":{"name":"Ghorsaine Gaun","name_ne":"घोरसाईने गाउँ","tier":"hamlet","rank":3,"featured":false,"source":"osm","osm_id":2251951507}},{"type":"Feature","geometry":{"type":"Point","coordinates":[85.41478,27.6407]},"properties":{"name":"Gundu gaun","name_ne":"गुन्डु","tier":"hamlet","rank":3,"featured":false,"source":"osm","osm_id":2251951521}},{"type":"Feature","geometry":{"type":"Point","coordinates":[85.47541,27.68626]},"properties":{"name":"Jitpur","name_ne":"जीतपुर","tier":"hamlet","rank":3,"featured":false,"source":"osm","osm_id":2251951535}},{"type":"Feature","geometry":{"type":"Point","coordinates":[85.39613,27.66958]},"properties":{"name":"Joshi","name_ne":"जोशि","tier":"hamlet","rank":3,"featured":false,"source":"osm","osm_id":2251951537}},{"type":"Feature","geometry":{"type":"Point","coordinates":[85.39341,27.64314]},"properties":{"name":"Kalitar","name_ne":"कालिटार","tier":"hamlet","rank":3,"featured":false,"source":"osm","osm_id":2251951545}},{"type":"Feature","geometry":{"type":"Point","coordinates":[85.47975,27.68213]},"properties":{"name":"Karki Gaun","name_ne":"कार्की गाउँ","tier":"hamlet","rank":3,"featured":false,"source":"osm","osm_id":2251951552}},{"type":"Feature","geometry":{"type":"Point","coordinates":[85.46028,27.64415]},"properties":{"name":"Mahatgaun","name_ne":"महत गाउँ","tier":"hamlet","rank":3,"featured":false,"source":"osm","osm_id":2251951599}},{"type":"Feature","geometry":{"type":"Point","coordinates":[85.46134,27.65307]},"properties":{"name":"Nalinchok","name_ne":"नलिन्चोक","tier":"hamlet","rank":3,"featured":false,"source":"osm","osm_id":2251951619}},{"type":"Feature","geometry":{"type":"Point","coordinates":[85.44734,27.6475]},"properties":{"name":"Nankhel","name_ne":"नङखेल","tier":"hamlet","rank":3,"featured":false,"source":"osm","osm_id":2251951620}},{"type":"Feature","geometry":{"type":"Point","coordinates":[85.49061,27.68418]},"properties":{"name":"Dulal Gaun","name_ne":"दुलाल गाउँ","tier":"hamlet","rank":3,"featured":false,"source":"osm","osm_id":2251951628}},{"type":"Feature","geometry":{"type":"Point","coordinates":[85.46383,27.64575]},"properties":{"name":"Palase","name_ne":"पलासे","tier":"hamlet","rank":3,"featured":false,"source":"osm","osm_id":2251951642}},{"type":"Feature","geometry":{"type":"Point","coordinates":[85.46669,27.65268]},"properties":{"name":"Pwargau","name_ne":"पुवार","tier":"hamlet","rank":3,"featured":false,"source":"osm","osm_id":2251951661}},{"type":"Feature","geometry":{"type":"Point","coordinates":[85.37102,27.68281]},"properties":{"name":"Sano Thimi","name_ne":"सानोथिमि","tier":"hamlet","rank":3,"featured":false,"source":"osm","osm_id":2251951676}},{"type":"Feature","geometry":{"type":"Point","coordinates":[85.45422,27.65322]},"properties":{"name":"Shantigau","name_ne":"शान्ती","tier":"hamlet","rank":3,"featured":false,"source":"osm","osm_id":2251951683}},{"type":"Feature","geometry":{"type":"Point","coordinates":[85.37493,27.65576]},"properties":{"name":"Sirutar","name_ne":"सिरुटार","tier":"hamlet","rank":3,"featured":false,"source":"osm","osm_id":2251951689}},{"type":"Feature","geometry":{"type":"Point","coordinates":[85.48032,27.67697]},"properties":{"name":"Sudal","name_ne":"सुडाल","tier":"hamlet","rank":3,"featured":false,"source":"osm","osm_id":2251951696}},{"type":"Feature","geometry":{"type":"Point","coordinates":[85.36182,27.66353]},"properties":{"name":"Tallogau","name_ne":"तल्लोगाउ","tier":"hamlet","rank":3,"featured":false,"source":"osm","osm_id":2251951699}},{"type":"Feature","geometry":{"type":"Point","coordinates":[85.40341,27.66755]},"properties":{"name":"Suryabinayak","name_ne":"सूर्यविनायक","tier":"town","rank":1,"featured":false,"source":"osm","osm_id":2251961918}},{"type":"Feature","geometry":{"type":"Point","coordinates":[85.3715,27.64348]},"properties":{"name":"Lubhu","name_ne":"लुभू","tier":"hamlet","rank":3,"featured":false,"source":"osm","osm_id":2266081486}},{"type":"Feature","geometry":{"type":"Point","coordinates":[85.31757,27.74759]},"properties":{"name":"Gonggabu","name_ne":"गोङ्गबु","tier":"hamlet","rank":3,"featured":false,"source":"osm","osm_id":2280849633}},{"type":"Feature","geometry":{"type":"Point","coordinates":[85.32934,27.77088]},"properties":{"name":"Tokha Chandeshwari","name_ne":"टोखा चण्डेश्वरी","tier":"hamlet","rank":3,"featured":false,"source":"osm","osm_id":2302082269}},{"type":"Feature","geometry":{"type":"Point","coordinates":[85.33028,27.76266]},"properties":{"name":"Tokha Saraswati","name_ne":"टोखा सरस्वती","tier":"hamlet","rank":3,"featured":false,"source":"osm","osm_id":2302082270}},{"type":"Feature","geometry":{"type":"Point","coordinates":[85.47755,27.69199]},"properties":{"name":"Baguwa","name_ne":"बगुवा","tier":"hamlet","rank":3,"featured":false,"source":"osm","osm_id":2302566714}},{"type":"Feature","geometry":{"type":"Point","coordinates":[85.34558,27.61116]},"properties":{"name":"Arubot","name_ne":"अरुबोट","tier":"hamlet","rank":3,"featured":false,"source":"osm","osm_id":2313807649}},{"type":"Feature","geometry":{"type":"Point","coordinates":[85.35643,27.61963]},"properties":{"name":"Badegau","name_ne":"बडेगाउँ","tier":"hamlet","rank":3,"featured":false,"source":"osm","osm_id":2313807653}},{"type":"Feature","geometry":{"type":"Point","coordinates":[85.3868,27.63049]},"properties":{"name":"Bhalutar","name_ne":"भालुटार","tier":"hamlet","rank":3,"featured":false,"source":"osm","osm_id":2313807678}},{"type":"Feature","geometry":{"type":"Point","coordinates":[85.36342,27.64109]},"properties":{"name":"Bisnudol","name_ne":"बिसन्डोल","tier":"hamlet","rank":3,"featured":false,"source":"osm","osm_id":2313807687,"population":500}},{"type":"Feature","geometry":{"type":"Point","coordinates":[85.31564,27.60366]},"properties":{"name":"Bistagau","name_ne":"बिस्तागाउँ","tier":"hamlet","rank":3,"featured":false,"source":"osm","osm_id":2313807690}},{"type":"Feature","geometry":{"type":"Point","coordinates":[85.36384,27.64524]},"properties":{"name":"Borcha","name_ne":"बोर्चा","tier":"hamlet","rank":3,"featured":false,"source":"osm","osm_id":2313807693}},{"type":"Feature","geometry":{"type":"Point","coordinates":[85.34154,27.60055]},"properties":{"name":"Dandagaun","name_ne":"डाँडागाउँ","tier":"hamlet","rank":3,"featured":false,"source":"osm","osm_id":2313807722}},{"type":"Feature","geometry":{"type":"Point","coordinates":[85.3832,27.63408]},"properties":{"name":"Khadka Tol","name_ne":"खड्का टोल","tier":"hamlet","rank":3,"featured":false,"source":"osm","osm_id":2313807724}},{"type":"Feature","geometry":{"type":"Point","coordinates":[85.34301,27.62853]},"properties":{"name":"Dasghare","name_ne":"दशघरे","tier":"hamlet","rank":3,"featured":false,"source":"osm","osm_id":2313807730}},{"type":"Feature","geometry":{"type":"Point","coordinates":[85.34198,27.60437]},"properties":{"name":"Dhamigau","name_ne":"धामीगाउँ","tier":"hamlet","rank":3,"featured":false,"source":"osm","osm_id":2313807738}},{"type":"Feature","geometry":{"type":"Point","coordinates":[85.3302,27.63679]},"properties":{"name":"Dhapakhel","name_ne":"धापाखेल","tier":"hamlet","rank":3,"featured":false,"source":"osm","osm_id":2313807740}},{"type":"Feature","geometry":{"type":"Point","coordinates":[85.34405,27.61975]},"properties":{"name":"Ganglethok","name_ne":"गङ्गलेथोक","tier":"hamlet","rank":3,"featured":false,"source":"osm","osm_id":2313807763}},{"type":"Feature","geometry":{"type":"Point","coordinates":[85.36502,27.61288]},"properties":{"name":"Godamchaur","name_ne":"गोदामचौर","tier":"hamlet","rank":3,"featured":false,"source":"osm","osm_id":2313807773}},{"type":"Feature","geometry":{"type":"Point","coordinates":[85.34027,27.63627]},"properties":{"name":"Harisiddhi","name_ne":"हरिसिद्धी","tier":"hamlet","rank":3,"featured":false,"source":"osm","osm_id":2313807785}},{"type":"Feature","geometry":{"type":"Point","coordinates":[85.3443,27.66682]},"properties":{"name":"Imadol","name_ne":"इमाडोल","tier":"hamlet","rank":3,"featured":false,"source":"osm","osm_id":2313807788}},{"type":"Feature","geometry":{"type":"Point","coordinates":[85.32252,27.60852]},"properties":{"name":"Jhyalpati","name_ne":"झ्यालपाटी","tier":"hamlet","rank":3,"featured":false,"source":"osm","osm_id":2313807798}},{"type":"Feature","geometry":{"type":"Point","coordinates":[85.37373,27.63457]},"properties":{"name":"Jyakata","name_ne":"जयाकता","tier":"hamlet","rank":3,"featured":false,"source":"osm","osm_id":2313807800}},{"type":"Feature","geometry":{"type":"Point","coordinates":[85.31294,27.60536]},"properties":{"name":"Khatrigau","name_ne":"खत्रीगाउँ","tier":"hamlet","rank":3,"featured":false,"source":"osm","osm_id":2313807833}},{"type":"Feature","geometry":{"type":"Point","coordinates":[85.32599,27.61891]},"properties":{"name":"Khatrigau","name_ne":"खत्रीगाउँ","tier":"hamlet","rank":3,"featured":false,"source":"osm","osm_id":2313807834}},{"type":"Feature","geometry":{"type":"Point","coordinates":[85.30359,27.64933]},"properties":{"name":"Sainbu","name_ne":"सैंबु","tier":"hamlet","rank":3,"featured":false,"source":"osm","osm_id":2313807871}},{"type":"Feature","geometry":{"type":"Point","coordinates":[85.35914,27.64251]},"properties":{"name":"Orpach","name_ne":"अर्पाच","tier":"hamlet","rank":3,"featured":false,"source":"osm","osm_id":2313807907}},{"type":"Feature","geometry":{"type":"Point","coordinates":[85.3857,27.62357]},"properties":{"name":"Padaligau","name_ne":"पाडालि गाउँ","tier":"hamlet","rank":3,"featured":false,"source":"osm","osm_id":2313807908}},{"type":"Feature","geometry":{"type":"Point","coordinates":[85.31133,27.60164]},"properties":{"name":"Parigau","name_ne":"पारीगाउँ","tier":"hamlet","rank":3,"featured":false,"source":"osm","osm_id":2313807912}},{"type":"Feature","geometry":{"type":"Point","coordinates":[85.33837,27.61821]},"properties":{"name":"Phatthok","name_ne":"फाथोक","tier":"hamlet","rank":3,"featured":false,"source":"osm","osm_id":2313807919}},{"type":"Feature","geometry":{"type":"Point","coordinates":[85.3426,27.6102]},"properties":{"name":"Sarkigau","name_ne":"सार्कीगाउँ","tier":"hamlet","rank":3,"featured":false,"source":"osm","osm_id":2313807951}},{"type":"Feature","geometry":{"type":"Point","coordinates":[85.3895,27.63969]},"properties":{"name":"Sashambhu","name_ne":"साशम्भु","tier":"hamlet","rank":3,"featured":false,"source":"osm","osm_id":2313807952}},{"type":"Feature","geometry":{"type":"Point","coordinates":[85.35682,27.64737]},"properties":{"name":"Siddhipur","name_ne":"सिद्धिपुर","tier":"hamlet","rank":3,"featured":false,"source":"osm","osm_id":2313807961}},{"type":"Feature","geometry":{"type":"Point","coordinates":[85.34314,27.65069]},"properties":{"name":"Sitapakha","name_ne":"सीतापाखा","tier":"hamlet","rank":3,"featured":false,"source":"osm","osm_id":2313807975}},{"type":"Feature","geometry":{"type":"Point","coordinates":[85.34195,27.60812]},"properties":{"name":"Tasinchok","name_ne":"तासिन्चोक","tier":"hamlet","rank":3,"featured":false,"source":"osm","osm_id":2313807990}},{"type":"Feature","geometry":{"type":"Point","coordinates":[85.34869,27.62339]},"properties":{"name":"Thaiba","name_ne":"ठैबा","tier":"hamlet","rank":3,"featured":false,"source":"osm","osm_id":2313807995}},{"type":"Feature","geometry":{"type":"Point","coordinates":[85.36428,27.6528]},"properties":{"name":"Thaikot","name_ne":"थाइकोट","tier":"hamlet","rank":3,"featured":false,"source":"osm","osm_id":2313807996}},{"type":"Feature","geometry":{"type":"Point","coordinates":[85.38264,27.63831]},"properties":{"name":"Thulaghar","name_ne":"ठुलधरा","tier":"hamlet","rank":3,"featured":false,"source":"osm","osm_id":2313808009}},{"type":"Feature","geometry":{"type":"Point","coordinates":[85.32611,27.6524]},"properties":{"name":"Tutepani","name_ne":"टुटेपानी","tier":"hamlet","rank":3,"featured":false,"source":"osm","osm_id":2313808025}},{"type":"Feature","geometry":{"type":"Point","coordinates":[85.33254,27.64994]},"properties":{"name":"Hattiban","name_ne":"हातिबन","tier":"hamlet","rank":3,"featured":false,"source":"osm","osm_id":2313813608}},{"type":"Feature","geometry":{"type":"Point","coordinates":[84.59053,27.75667]},"properties":{"name":"Kolar","name_ne":"कोलार","tier":"hamlet","rank":3,"featured":false,"source":"osm","osm_id":2318596406}},{"type":"Feature","geometry":{"type":"Point","coordinates":[84.52724,27.65354]},"properties":{"name":"Bhim Bahadur Chowk","tier":"hamlet","rank":3,"featured":false,"source":"osm","osm_id":2318651596}},{"type":"Feature","geometry":{"type":"Point","coordinates":[85.48129,27.96643]},"properties":{"name":"Angbu Danda","name_ne":"आङ्बु डाँडा","tier":"hamlet","rank":3,"featured":false,"source":"osm","osm_id":2322395784}},{"type":"Feature","geometry":{"type":"Point","coordinates":[85.48581,27.9761]},"properties":{"name":"Magingoth","name_ne":"माङ्गिन गोथ","tier":"hamlet","rank":3,"featured":false,"source":"osm","osm_id":2322395804}},{"type":"Feature","geometry":{"type":"Point","coordinates":[85.45824,28.0573]},"properties":{"name":"Phedi","name_ne":"फेदी","tier":"hamlet","rank":3,"featured":false,"source":"osm","osm_id":2322395808}},{"type":"Feature","geometry":{"type":"Point","coordinates":[85.48201,27.95358]},"properties":{"name":"Sanugopte","name_ne":"सानो गोप्टे","tier":"hamlet","rank":3,"featured":false,"source":"osm","osm_id":2322395811}},{"type":"Feature","geometry":{"type":"Point","coordinates":[85.49271,28.0136]},"properties":{"name":"Thadepati","name_ne":"थाडेपाटी","tier":"hamlet","rank":3,"featured":false,"source":"osm","osm_id":2322395814}},{"type":"Feature","geometry":{"type":"Point","coordinates":[85.47936,27.90233]},"properties":{"name":"Gul Bhanjyang","name_ne":"गोल भञ्ज्याङ","tier":"hamlet","rank":3,"featured":false,"source":"osm","osm_id":2322653065}},{"type":"Feature","geometry":{"type":"Point","coordinates":[85.48561,27.92915]},"properties":{"name":"Kutumsang","name_ne":"कुटुमसाङ","tier":"hamlet","rank":3,"featured":false,"source":"osm","osm_id":2322653071}},{"type":"Feature","geometry":{"type":"Point","coordinates":[85.45772,27.84385]},"properties":{"name":"Pati Bhanyjang","name_ne":"पाटी भञ्ज्याङ","tier":"hamlet","rank":3,"featured":false,"source":"osm","osm_id":2324993818}},{"type":"Feature","geometry":{"type":"Point","coordinates":[85.26428,27.61098]},"properties":{"name":"Dakshinkali","name_ne":"दक्षि‍णकाली","tier":"town","rank":1,"featured":false,"source":"osm","osm_id":2365554101}},{"type":"Feature","geometry":{"type":"Point","coordinates":[85.25306,27.70604]},"properties":{"name":"Kankali","name_ne":"कंकाली","tier":"village","rank":2,"featured":false,"source":"osm","osm_id":2374517682}},{"type":"Feature","geometry":{"type":"Point","coordinates":[85.28416,27.724]},"properties":{"name":"Santinagar","name_ne":"सान्तिनगर","tier":"hamlet","rank":3,"featured":false,"source":"osm","osm_id":2374676929}},{"type":"Feature","geometry":{"type":"Point","coordinates":[85.28561,27.72701]},"properties":{"name":"Ichangu Narayan","name_ne":"इचङ्गुनारायण","tier":"hamlet","rank":3,"featured":false,"source":"osm","osm_id":2374689270}},{"type":"Feature","geometry":{"type":"Point","coordinates":[85.26987,27.68811]},"properties":{"name":"Tinthana","name_ne":"तीनथाना","tier":"hamlet","rank":3,"featured":false,"source":"osm","osm_id":2379765991}},{"type":"Feature","geometry":{"type":"Point","coordinates":[84.83561,28.09735]},"properties":{"name":"Arkhet Bazar","tier":"village","rank":2,"featured":false,"source":"osm","osm_id":2411382433}},{"type":"Feature","geometry":{"type":"Point","coordinates":[84.87967,28.17743]},"properties":{"name":"Lapu Besi","tier":"village","rank":2,"featured":false,"source":"osm","osm_id":2411382434}},{"type":"Feature","geometry":{"type":"Point","coordinates":[85.19693,27.67294]},"properties":{"name":"Chandragiri","tier":"hamlet","rank":3,"featured":false,"source":"osm","osm_id":2417354083}},{"type":"Feature","geometry":{"type":"Point","coordinates":[84.40763,27.68531]},"properties":{"name":"Baraghare","name_ne":"बाह्रघरे","tier":"hamlet","rank":3,"featured":false,"source":"osm","osm_id":2438523027}},{"type":"Feature","geometry":{"type":"Point","coordinates":[85.42719,27.69018]},"properties":{"name":"Lakhaju Tol","name_ne":"लखाजुटोल","tier":"hamlet","rank":3,"featured":false,"source":"osm","osm_id":2478785819}},{"type":"Feature","geometry":{"type":"Point","coordinates":[85.61455,27.62903]},"properties":{"name":"Tinpiple","name_ne":"तिनपिप्ले","tier":"hamlet","rank":3,"featured":false,"source":"osm","osm_id":2493934196}},{"type":"Feature","geometry":{"type":"Point","coordinates":[84.37237,28.2371]},"properties":{"name":"Manange Chautara","tier":"village","rank":2,"featured":false,"source":"osm","osm_id":2503838503}},{"type":"Feature","geometry":{"type":"Point","coordinates":[85.35329,28.39379]},"properties":{"name":"Jang","tier":"village","rank":2,"featured":false,"source":"osm","osm_id":2524771371}},{"type":"Feature","geometry":{"type":"Point","coordinates":[85.32936,28.37389]},"properties":{"name":"Kyephu","tier":"village","rank":2,"featured":false,"source":"osm","osm_id":2524771493}},{"type":"Feature","geometry":{"type":"Point","coordinates":[85.36147,28.37485]},"properties":{"name":"Chungsa","tier":"village","rank":2,"featured":false,"source":"osm","osm_id":2524771494}},{"type":"Feature","geometry":{"type":"Point","coordinates":[85.32756,28.3961]},"properties":{"name":"Gyirong","name_ne":"केरुङ","tier":"town","rank":1,"featured":false,"source":"osm","osm_id":2524771596}},{"type":"Feature","geometry":{"type":"Point","coordinates":[85.29728,28.41439]},"properties":{"name":"Tsongdu","tier":"village","rank":2,"featured":false,"source":"osm","osm_id":2524771675}},{"type":"Feature","geometry":{"type":"Point","coordinates":[85.22432,28.45969]},"properties":{"name":"Rabnga","tier":"village","rank":2,"featured":false,"source":"osm","osm_id":2524788658}},{"type":"Feature","geometry":{"type":"Point","coordinates":[85.37485,28.39784]},"properties":{"name":"Cha","tier":"village","rank":2,"featured":false,"source":"osm","osm_id":2527615181}},{"type":"Feature","geometry":{"type":"Point","coordinates":[85.40256,28.32031]},"properties":{"name":"Labi","tier":"village","rank":2,"featured":false,"source":"osm","osm_id":2527671108}},{"type":"Feature","geometry":{"type":"Point","coordinates":[85.44124,28.39494]},"properties":{"name":"Zhuocun","tier":"hamlet","rank":3,"featured":false,"source":"osm","osm_id":2527671321}},{"type":"Feature","geometry":{"type":"Point","coordinates":[84.30853,28.25089]},"properties":{"name":"Ghaleshing","tier":"village","rank":2,"featured":false,"source":"osm","osm_id":2533069380}},{"type":"Feature","geometry":{"type":"Point","coordinates":[84.30694,28.25192]},"properties":{"name":"Namgyu","tier":"village","rank":2,"featured":false,"source":"osm","osm_id":2533075553}},{"type":"Feature","geometry":{"type":"Point","coordinates":[84.30026,28.23907]},"properties":{"name":"Pondri","tier":"village","rank":2,"featured":false,"source":"osm","osm_id":2533076783}},{"type":"Feature","geometry":{"type":"Point","coordinates":[85.33817,28.21026]},"properties":{"name":"Thuman","name_ne":"थुमन","tier":"hamlet","rank":3,"featured":false,"source":"osm","osm_id":2553969983}},{"type":"Feature","geometry":{"type":"Point","coordinates":[85.26837,28.1628]},"properties":{"name":"Gatlang","name_ne":"गतलांङ","tier":"hamlet","rank":3,"featured":false,"source":"osm","osm_id":2553991729}},{"type":"Feature","geometry":{"type":"Point","coordinates":[85.29882,28.22007]},"properties":{"name":"Tatopani","name_ne":"तातोपानी","tier":"hamlet","rank":3,"featured":false,"source":"osm","osm_id":2554000784}},{"type":"Feature","geometry":{"type":"Point","coordinates":[85.31583,28.2079]},"properties":{"name":"Nagthali","name_ne":"नागथली","tier":"hamlet","rank":3,"featured":false,"source":"osm","osm_id":2554091027}},{"type":"Feature","geometry":{"type":"Point","coordinates":[85.3577,28.21085]},"properties":{"name":"Lingling","name_ne":"लिङलिङ","tier":"hamlet","rank":3,"featured":false,"source":"osm","osm_id":2554587303}},{"type":"Feature","geometry":{"type":"Point","coordinates":[84.3663,28.21038]},"properties":{"name":"Gaunshahar","tier":"village","rank":2,"featured":false,"source":"osm","osm_id":2583556462}},{"type":"Feature","geometry":{"type":"Point","coordinates":[84.4232,27.69562]},"properties":{"name":"Narayangadh","name_ne":"नारायणगढ","tier":"hamlet","rank":3,"featured":false,"source":"osm","osm_id":2628445549}},{"type":"Feature","geometry":{"type":"Point","coordinates":[85.29772,28.19892]},"properties":{"name":"Gongang","name_ne":"गोङ्गाङ","tier":"hamlet","rank":3,"featured":false,"source":"osm","osm_id":2772174431}},{"type":"Feature","geometry":{"type":"Point","coordinates":[85.30989,28.20364]},"properties":{"name":"Brimdang","name_ne":"ब्रिमडाङ","tier":"hamlet","rank":3,"featured":false,"source":"osm","osm_id":2772174479}},{"type":"Feature","geometry":{"type":"Point","coordinates":[84.34744,28.52895]},"properties":{"name":"Odar","tier":"village","rank":2,"featured":false,"source":"osm","osm_id":2774724973}},{"type":"Feature","geometry":{"type":"Point","coordinates":[85.33916,28.14357]},"properties":{"name":"Brabal","name_ne":"ब्राबल","tier":"village","rank":2,"featured":false,"source":"osm","osm_id":2820552513}},{"type":"Feature","geometry":{"type":"Point","coordinates":[85.47628,28.20759]},"properties":{"name":"Thangshyap","name_ne":"थाङ्स्याप","tier":"hamlet","rank":3,"featured":false,"source":"osm","osm_id":2824233583}},{"type":"Feature","geometry":{"type":"Point","coordinates":[85.49687,28.21506]},"properties":{"name":"Gumba","name_ne":"गुम्बा","tier":"hamlet","rank":3,"featured":false,"source":"osm","osm_id":2825686085}},{"type":"Feature","geometry":{"type":"Point","coordinates":[85.35914,28.17681]},"properties":{"name":"Khangjim","name_ne":"खाङजिम","tier":"hamlet","rank":3,"featured":false,"source":"osm","osm_id":2828873676,"population":300}},{"type":"Feature","geometry":{"type":"Point","coordinates":[85.17033,27.96037]},"properties":{"name":"Bhainse","name_ne":"भैंसे","tier":"hamlet","rank":3,"featured":false,"source":"osm","osm_id":2857852085}},{"type":"Feature","geometry":{"type":"Point","coordinates":[84.66172,27.84281]},"properties":{"name":"Phishling","name_ne":"फिस्लिङ","tier":"hamlet","rank":3,"featured":false,"source":"osm","osm_id":2862498799}},{"type":"Feature","geometry":{"type":"Point","coordinates":[84.90527,27.8045]},"properties":{"name":"Ghatbesi","name_ne":"घाटबेंसी","tier":"hamlet","rank":3,"featured":false,"source":"osm","osm_id":2862517103}},{"type":"Feature","geometry":{"type":"Point","coordinates":[85.43781,28.38186]},"properties":{"name":"Kabang","tier":"village","rank":2,"featured":false,"source":"osm","osm_id":2882763870}},{"type":"Feature","geometry":{"type":"Point","coordinates":[84.70645,27.93427]},"properties":{"name":"Namjung","name_ne":"नाम्जुङ","tier":"village","rank":2,"featured":false,"source":"osm","osm_id":3021631405}},{"type":"Feature","geometry":{"type":"Point","coordinates":[85.49479,27.75182]},"properties":{"name":"Lapsiphedi","name_ne":"लप्सीफेदी","tier":"hamlet","rank":3,"featured":false,"source":"osm","osm_id":3024124995}},{"type":"Feature","geometry":{"type":"Point","coordinates":[84.35044,28.23061]},"properties":{"name":"Bimda Besi","tier":"hamlet","rank":3,"featured":false,"source":"osm","osm_id":3122581509}},{"type":"Feature","geometry":{"type":"Point","coordinates":[84.35851,28.23137]},"properties":{"name":"Bimda Village","tier":"village","rank":2,"featured":false,"source":"osm","osm_id":3122581510}},{"type":"Feature","geometry":{"type":"Point","coordinates":[84.36628,28.22669]},"properties":{"name":"Duethok","tier":"village","rank":2,"featured":false,"source":"osm","osm_id":3122581511}},{"type":"Feature","geometry":{"type":"Point","coordinates":[84.31537,28.24598]},"properties":{"name":"Kapur Gaun","tier":"village","rank":2,"featured":false,"source":"osm","osm_id":3122581515}},{"type":"Feature","geometry":{"type":"Point","coordinates":[84.34736,28.24386]},"properties":{"name":"Puma","tier":"hamlet","rank":3,"featured":false,"source":"osm","osm_id":3122581518}},{"type":"Feature","geometry":{"type":"Point","coordinates":[84.3039,28.28499]},"properties":{"name":"Naayun (Nayan)","tier":"village","rank":2,"featured":false,"source":"osm","osm_id":3122759026}},{"type":"Feature","geometry":{"type":"Point","coordinates":[84.33133,28.23728]},"properties":{"name":"Baglungpani","tier":"hamlet","rank":3,"featured":false,"source":"osm","osm_id":3123502002}},{"type":"Feature","geometry":{"type":"Point","coordinates":[84.3094,28.27703]},"properties":{"name":"Ghale Gaon","tier":"village","rank":2,"featured":false,"source":"osm","osm_id":3123510821}},{"type":"Feature","geometry":{"type":"Point","coordinates":[84.37875,28.22557]},"properties":{"name":"Sera Faat","name_ne":"सेराफाँट","tier":"hamlet","rank":3,"featured":false,"source":"osm","osm_id":3123595027}},{"type":"Feature","geometry":{"type":"Point","coordinates":[84.38782,28.23135]},"properties":{"name":"Bajakhet","tier":"hamlet","rank":3,"featured":false,"source":"osm","osm_id":3123595045}},{"type":"Feature","geometry":{"type":"Point","coordinates":[84.39493,28.20406]},"properties":{"name":"Bhakunde","tier":"village","rank":2,"featured":false,"source":"osm","osm_id":3123694618}},{"type":"Feature","geometry":{"type":"Point","coordinates":[84.39077,28.19021]},"properties":{"name":"Naruwal Magar Village","tier":"hamlet","rank":3,"featured":false,"source":"osm","osm_id":3123694626}},{"type":"Feature","geometry":{"type":"Point","coordinates":[84.38022,28.18033]},"properties":{"name":"Chisapaani","tier":"village","rank":2,"featured":false,"source":"osm","osm_id":3123743130}},{"type":"Feature","geometry":{"type":"Point","coordinates":[84.43986,28.14834]},"properties":{"name":"Bhotewodar","tier":"village","rank":2,"featured":false,"source":"osm","osm_id":3123743132}},{"type":"Feature","geometry":{"type":"Point","coordinates":[84.41113,28.12807]},"properties":{"name":"Sundar Bazar","tier":"village","rank":2,"featured":false,"source":"osm","osm_id":3123743144}},{"type":"Feature","geometry":{"type":"Point","coordinates":[84.43095,28.11275]},"properties":{"name":"Paudi Bazar","tier":"village","rank":2,"featured":false,"source":"osm","osm_id":3123743223}},{"type":"Feature","geometry":{"type":"Point","coordinates":[84.40396,28.19719]},"properties":{"name":"Gairi","tier":"hamlet","rank":3,"featured":false,"source":"osm","osm_id":3123743252}},{"type":"Feature","geometry":{"type":"Point","coordinates":[85.30367,27.6286]},"properties":{"name":"Bungamati","name_ne":"बुङ्गमती","tier":"hamlet","rank":3,"featured":false,"source":"osm","osm_id":3155824509}},{"type":"Feature","geometry":{"type":"Point","coordinates":[85.30828,27.92293]},"properties":{"name":"Kharanitar","name_ne":"खरानीटार","tier":"hamlet","rank":3,"featured":false,"source":"osm","osm_id":3198204652}},{"type":"Feature","geometry":{"type":"Point","coordinates":[85.12674,27.64616]},"properties":{"name":"Dhada Gau","name_ne":"ढाँडगाउँ","tier":"hamlet","rank":3,"featured":false,"source":"osm","osm_id":3202695314}},{"type":"Feature","geometry":{"type":"Point","coordinates":[85.12526,27.65939]},"properties":{"name":"Dude Bazar","name_ne":"डुंडे बजार","tier":"hamlet","rank":3,"featured":false,"source":"osm","osm_id":3202778506}},{"type":"Feature","geometry":{"type":"Point","coordinates":[85.12373,27.65583]},"properties":{"name":"Pharsikhel","name_ne":"फर्सिखेल","tier":"hamlet","rank":3,"featured":false,"source":"osm","osm_id":3202778507}},{"type":"Feature","geometry":{"type":"Point","coordinates":[85.12086,27.67204]},"properties":{"name":"Katunje","name_ne":"कटुन्जे","tier":"hamlet","rank":3,"featured":false,"source":"osm","osm_id":3202778508}},{"type":"Feature","geometry":{"type":"Point","coordinates":[85.12229,27.66087]},"properties":{"name":"Magar Gau","name_ne":"मगर गाउँ","tier":"hamlet","rank":3,"featured":false,"source":"osm","osm_id":3204088863}},{"type":"Feature","geometry":{"type":"Point","coordinates":[85.10612,27.63119]},"properties":{"name":"Basanta","name_ne":"बसन्त","tier":"hamlet","rank":3,"featured":false,"source":"osm","osm_id":3205682129}},{"type":"Feature","geometry":{"type":"Point","coordinates":[85.10818,27.62847]},"properties":{"name":"Karki tol","name_ne":"कार्की टोल","tier":"hamlet","rank":3,"featured":false,"source":"osm","osm_id":3205682132}},{"type":"Feature","geometry":{"type":"Point","coordinates":[85.11056,27.62781]},"properties":{"name":"Ratmate tol","name_ne":"रातमाटे टोल","tier":"hamlet","rank":3,"featured":false,"source":"osm","osm_id":3205682136}},{"type":"Feature","geometry":{"type":"Point","coordinates":[85.11442,27.62459]},"properties":{"name":"Tallo gau","tier":"hamlet","rank":3,"featured":false,"source":"osm","osm_id":3205682138}},{"type":"Feature","geometry":{"type":"Point","coordinates":[85.08754,27.63365]},"properties":{"name":"Thaha","name_ne":"थाहा","tier":"town","rank":1,"featured":false,"source":"osm","osm_id":3205682139}},{"type":"Feature","geometry":{"type":"Point","coordinates":[85.11863,27.6247]},"properties":{"name":"Khola Ghari","name_ne":"खोला घारी","tier":"hamlet","rank":3,"featured":false,"source":"osm","osm_id":3205718078}},{"type":"Feature","geometry":{"type":"Point","coordinates":[85.12205,27.62372]},"properties":{"name":"Pallo Fhurke","name_ne":"पल्लो फुरके","tier":"hamlet","rank":3,"featured":false,"source":"osm","osm_id":3205718079}},{"type":"Feature","geometry":{"type":"Point","coordinates":[85.12398,27.63006]},"properties":{"name":"Khola Kharkha","name_ne":"खोला खर्खा","tier":"hamlet","rank":3,"featured":false,"source":"osm","osm_id":3205878068}},{"type":"Feature","geometry":{"type":"Point","coordinates":[85.13433,27.62672]},"properties":{"name":"Sunatala Ghari","name_ne":"सुनतला घारी","tier":"hamlet","rank":3,"featured":false,"source":"osm","osm_id":3205878071}},{"type":"Feature","geometry":{"type":"Point","coordinates":[85.11877,27.64312]},"properties":{"name":"Bajrabarahi","tier":"hamlet","rank":3,"featured":false,"source":"osm","osm_id":3213708241}},{"type":"Feature","geometry":{"type":"Point","coordinates":[85.17404,27.65328]},"properties":{"name":"Chitlang","name_ne":"चित्लाङ","tier":"hamlet","rank":3,"featured":false,"source":"osm","osm_id":3213940261}},{"type":"Feature","geometry":{"type":"Point","coordinates":[85.04219,28.48959]},"properties":{"name":"Chokhangparo  - Chekumpar","tier":"village","rank":2,"featured":false,"source":"osm","osm_id":3220050033}},{"type":"Feature","geometry":{"type":"Point","coordinates":[84.96269,28.47398]},"properties":{"name":"Chumling","tier":"village","rank":2,"featured":false,"source":"osm","osm_id":3220050034}},{"type":"Feature","geometry":{"type":"Point","coordinates":[85.43368,27.72072]},"properties":{"name":"Tattagol","name_ne":"टट्टागोल","tier":"hamlet","rank":3,"featured":false,"source":"osm","osm_id":3262175892}},{"type":"Feature","geometry":{"type":"Point","coordinates":[85.43739,27.71939]},"properties":{"name":"Khoria","name_ne":"खोरिया","tier":"hamlet","rank":3,"featured":false,"source":"osm","osm_id":3262175893}},{"type":"Feature","geometry":{"type":"Point","coordinates":[85.44563,27.7514]},"properties":{"name":"Gagalphedi","name_ne":"गागलफेदी","tier":"hamlet","rank":3,"featured":false,"source":"osm","osm_id":3262198544}},{"type":"Feature","geometry":{"type":"Point","coordinates":[85.27756,27.66956]},"properties":{"name":"Panga","name_ne":"पाँगा","tier":"hamlet","rank":3,"featured":false,"source":"osm","osm_id":3290308092}},{"type":"Feature","geometry":{"type":"Point","coordinates":[85.36172,27.72056]},"properties":{"name":"Baudha","name_ne":"बौद्ध","tier":"hamlet","rank":3,"featured":false,"source":"osm","osm_id":3318253390}},{"type":"Feature","geometry":{"type":"Point","coordinates":[85.27638,27.66889]},"properties":{"name":"Ba-ku-na-ni","name_ne":"बाकु ननि","tier":"hamlet","rank":3,"featured":false,"source":"osm","osm_id":3335655633}},{"type":"Feature","geometry":{"type":"Point","coordinates":[85.27824,27.67666]},"properties":{"name":"Kirtipur","name_ne":"कीर्तिपुर","tier":"town","rank":1,"featured":false,"source":"osm","osm_id":3347570023,"population":65602}},{"type":"Feature","geometry":{"type":"Point","coordinates":[84.30328,28.29055]},"properties":{"name":"Ghanpokhara Village","tier":"village","rank":2,"featured":false,"source":"osm","osm_id":3349531564}},{"type":"Feature","geometry":{"type":"Point","coordinates":[85.43953,28.36093]},"properties":{"name":"Chaggang","tier":"village","rank":2,"featured":false,"source":"osm","osm_id":3360413359}},{"type":"Feature","geometry":{"type":"Point","coordinates":[85.45608,28.3875]},"properties":{"name":"Boba","tier":"village","rank":2,"featured":false,"source":"osm","osm_id":3360413360}},{"type":"Feature","geometry":{"type":"Point","coordinates":[85.4522,28.34454]},"properties":{"name":"Baxuequ’an","tier":"hamlet","rank":3,"featured":false,"source":"osm","osm_id":3360413361}},{"type":"Feature","geometry":{"type":"Point","coordinates":[85.49936,28.33515]},"properties":{"name":"Jiangda","tier":"hamlet","rank":3,"featured":false,"source":"osm","osm_id":3360413362}},{"type":"Feature","geometry":{"type":"Point","coordinates":[85.42913,28.33851]},"properties":{"name":"Sêrqung","tier":"village","rank":2,"featured":false,"source":"osm","osm_id":3360413363}},{"type":"Feature","geometry":{"type":"Point","coordinates":[85.49877,28.3376]},"properties":{"name":"Longmukangba","tier":"hamlet","rank":3,"featured":false,"source":"osm","osm_id":3360479469}},{"type":"Feature","geometry":{"type":"Point","coordinates":[85.55442,28.31434]},"properties":{"name":"Gongbu","tier":"hamlet","rank":3,"featured":false,"source":"osm","osm_id":3360523131}},{"type":"Feature","geometry":{"type":"Point","coordinates":[84.74451,28.20291]},"properties":{"name":"Barpak","name_ne":"बारपाक","tier":"village","rank":2,"featured":false,"source":"osm","osm_id":3386580344,"population":15000}},{"type":"Feature","geometry":{"type":"Point","coordinates":[84.8014,28.21915]},"properties":{"name":"Laprak","tier":"village","rank":2,"featured":false,"source":"osm","osm_id":3386661752}},{"type":"Feature","geometry":{"type":"Point","coordinates":[84.83802,28.22415]},"properties":{"name":"Singhla","tier":"village","rank":2,"featured":false,"source":"osm","osm_id":3386661753}},{"type":"Feature","geometry":{"type":"Point","coordinates":[84.88839,28.3601]},"properties":{"name":"Salleri","tier":"hamlet","rank":3,"featured":false,"source":"osm","osm_id":3386735005}},{"type":"Feature","geometry":{"type":"Point","coordinates":[84.89528,27.91089]},"properties":{"name":"Nilakantha","name_ne":"नीलकण्ठ","tier":"town","rank":1,"featured":false,"source":"osm","osm_id":3387669747}},{"type":"Feature","geometry":{"type":"Point","coordinates":[84.42987,27.655]},"properties":{"name":"SOS Children's Village Bharatpur","tier":"hamlet","rank":3,"featured":false,"source":"osm","osm_id":3392281232}},{"type":"Feature","geometry":{"type":"Point","coordinates":[85.49444,27.79062]},"properties":{"name":"Bhotechaur","name_ne":"भोटेचौर","tier":"hamlet","rank":3,"featured":false,"source":"osm","osm_id":3392625312}},{"type":"Feature","geometry":{"type":"Point","coordinates":[85.27797,27.66987]},"properties":{"name":"Duni-Khya","name_ne":"दुनी-ख्य","tier":"hamlet","rank":3,"featured":false,"source":"osm","osm_id":3403506556}},{"type":"Feature","geometry":{"type":"Point","coordinates":[85.27711,27.66897]},"properties":{"name":"La-khu","name_ne":"लखु","tier":"hamlet","rank":3,"featured":false,"source":"osm","osm_id":3404004510}},{"type":"Feature","geometry":{"type":"Point","coordinates":[85.74447,27.86701]},"properties":{"name":"Kipche","name_ne":"किप्चे","tier":"hamlet","rank":3,"featured":false,"source":"osm","osm_id":3407191509}},{"type":"Feature","geometry":{"type":"Point","coordinates":[85.72393,27.87375]},"properties":{"name":"Sindurche","name_ne":"सिंदुर्चे","tier":"hamlet","rank":3,"featured":false,"source":"osm","osm_id":3407191517}},{"type":"Feature","geometry":{"type":"Point","coordinates":[85.1765,28.01704]},"properties":{"name":"Archale","name_ne":"अर्चले","tier":"hamlet","rank":3,"featured":false,"source":"osm","osm_id":3415524998}},{"type":"Feature","geometry":{"type":"Point","coordinates":[85.18141,28.01726]},"properties":{"name":"Shanti Bazar","name_ne":"शान्ति बजार","tier":"hamlet","rank":3,"featured":false,"source":"osm","osm_id":3415524999}},{"type":"Feature","geometry":{"type":"Point","coordinates":[85.1912,28.0292]},"properties":{"name":"Simle","name_ne":"सिम्ले","tier":"hamlet","rank":3,"featured":false,"source":"osm","osm_id":3415525225}},{"type":"Feature","geometry":{"type":"Point","coordinates":[85.27907,28.11648]},"properties":{"name":"Haku Besi","name_ne":"हाकु बेसी","tier":"hamlet","rank":3,"featured":false,"source":"osm","osm_id":3415530606}},{"type":"Feature","geometry":{"type":"Point","coordinates":[85.18672,28.03688]},"properties":{"name":"Dandagaun","name_ne":"डाँडागाउँ","tier":"hamlet","rank":3,"featured":false,"source":"osm","osm_id":3415532807}},{"type":"Feature","geometry":{"type":"Point","coordinates":[85.27015,28.12417]},"properties":{"name":"Sano Haku","name_ne":"सानो हाकु","tier":"hamlet","rank":3,"featured":false,"source":"osm","osm_id":3415536482}},{"type":"Feature","geometry":{"type":"Point","coordinates":[85.35316,28.22901]},"properties":{"name":"Dalphedi","name_ne":"डाल्फेडी","tier":"hamlet","rank":3,"featured":false,"source":"osm","osm_id":3415543901}},{"type":"Feature","geometry":{"type":"Point","coordinates":[85.29557,28.1425]},"properties":{"name":"Gre","name_ne":"ग्रे","tier":"hamlet","rank":3,"featured":false,"source":"osm","osm_id":3415546447}},{"type":"Feature","geometry":{"type":"Point","coordinates":[85.226,28.05735]},"properties":{"name":"Grang","name_ne":"ग्राङ","tier":"village","rank":2,"featured":false,"source":"osm","osm_id":3415550685}},{"type":"Feature","geometry":{"type":"Point","coordinates":[85.24409,28.07756]},"properties":{"name":"Thade","name_ne":"ठाडे","tier":"hamlet","rank":3,"featured":false,"source":"osm","osm_id":3415553188}},{"type":"Feature","geometry":{"type":"Point","coordinates":[85.56659,28.21239]},"properties":{"name":"Kyāṅjiṅ Gompā","name_ne":"क्याङजिन गोँपा","tier":"hamlet","rank":3,"featured":false,"source":"osm","osm_id":3421443519}},{"type":"Feature","geometry":{"type":"Point","coordinates":[84.64436,27.60102]},"properties":{"name":"Bhandara","name_ne":"भण्डारा","tier":"hamlet","rank":3,"featured":false,"source":"osm","osm_id":3453006462}},{"type":"Feature","geometry":{"type":"Point","coordinates":[84.30463,27.69195]},"properties":{"name":"Bhedabari","tier":"hamlet","rank":3,"featured":false,"source":"osm","osm_id":3453007353}},{"type":"Feature","geometry":{"type":"Point","coordinates":[84.56948,27.61063]},"properties":{"name":"Khairhani","name_ne":"खैरहनी","tier":"town","rank":1,"featured":false,"source":"osm","osm_id":3453225373}},{"type":"Feature","geometry":{"type":"Point","coordinates":[84.48609,27.68299]},"properties":{"name":"Pragati Tol","name_ne":"प्रगती टोल","tier":"hamlet","rank":3,"featured":false,"source":"osm","osm_id":3455121272}},{"type":"Feature","geometry":{"type":"Point","coordinates":[84.51487,27.65482]},"properties":{"name":"Jamunapur","name_ne":"जमुनापुर","tier":"hamlet","rank":3,"featured":false,"source":"osm","osm_id":3457135493}},{"type":"Feature","geometry":{"type":"Point","coordinates":[85.30091,28.00493]},"properties":{"name":"Yubra","name_ne":"युब्रा","tier":"village","rank":2,"featured":false,"source":"osm","osm_id":3476508984}},{"type":"Feature","geometry":{"type":"Point","coordinates":[85.58014,28.00532]},"properties":{"name":"Lagang","tier":"hamlet","rank":3,"featured":false,"source":"osm","osm_id":3476538645}},{"type":"Feature","geometry":{"type":"Point","coordinates":[85.56926,27.84229]},"properties":{"name":"Dubachaur","name_ne":"दुबाचौर","tier":"hamlet","rank":3,"featured":false,"source":"osm","osm_id":3476591332}},{"type":"Feature","geometry":{"type":"Point","coordinates":[84.99464,28.17945]},"properties":{"name":"Khading","name_ne":"खाडिङ","tier":"hamlet","rank":3,"featured":false,"source":"osm","osm_id":3476664322}},{"type":"Feature","geometry":{"type":"Point","coordinates":[85.61083,27.99027]},"properties":{"name":"Pangdang","name_ne":"पाङदाङ","tier":"hamlet","rank":3,"featured":false,"source":"osm","osm_id":3476782063}},{"type":"Feature","geometry":{"type":"Point","coordinates":[85.63715,27.91404]},"properties":{"name":"Dhap","name_ne":"धाप","tier":"hamlet","rank":3,"featured":false,"source":"osm","osm_id":3476995248}},{"type":"Feature","geometry":{"type":"Point","coordinates":[85.41112,27.97019]},"properties":{"name":"Bolung village","name_ne":"बोलुङ् गाउँ","tier":"hamlet","rank":3,"featured":false,"source":"osm","osm_id":3477076592}},{"type":"Feature","geometry":{"type":"Point","coordinates":[85.6625,27.8587]},"properties":{"name":"Okhreni","name_ne":"ओख्रेनी","tier":"hamlet","rank":3,"featured":false,"source":"osm","osm_id":3477088939}},{"type":"Feature","geometry":{"type":"Point","coordinates":[85.36489,27.93929]},"properties":{"name":"Sundaradevi","name_ne":"सुन्दरादेवी","tier":"hamlet","rank":3,"featured":false,"source":"osm","osm_id":3477345247}},{"type":"Feature","geometry":{"type":"Point","coordinates":[85.65233,27.99365]},"properties":{"name":"Larke","name_ne":"लार्के","tier":"hamlet","rank":3,"featured":false,"source":"osm","osm_id":3477611283}},{"type":"Feature","geometry":{"type":"Point","coordinates":[85.52351,28.01828]},"properties":{"name":"Melamchigaon","name_ne":"मेलम्ची गाउँ","tier":"hamlet","rank":3,"featured":false,"source":"osm","osm_id":3477631785}},{"type":"Feature","geometry":{"type":"Point","coordinates":[85.6003,28.00062]},"properties":{"name":"Gang Kharka","name_ne":"गङ्गखर्क","tier":"hamlet","rank":3,"featured":false,"source":"osm","osm_id":3477638508}},{"type":"Feature","geometry":{"type":"Point","coordinates":[85.53566,28.00858]},"properties":{"name":"Nakote","name_ne":"नाकोटे","tier":"hamlet","rank":3,"featured":false,"source":"osm","osm_id":3477638749}},{"type":"Feature","geometry":{"type":"Point","coordinates":[85.44131,27.97761]},"properties":{"name":"Ghyangphedi","name_ne":"घ्याङ्फेदी","tier":"hamlet","rank":3,"featured":false,"source":"osm","osm_id":3478093355}},{"type":"Feature","geometry":{"type":"Point","coordinates":[85.06023,27.891]},"properties":{"name":"Bhanjyangthok","name_ne":"भञ्ज्याङथोक","tier":"hamlet","rank":3,"featured":false,"source":"osm","osm_id":3478161247}},{"type":"Feature","geometry":{"type":"Point","coordinates":[85.06538,27.8955]},"properties":{"name":"Tarkeshwar","name_ne":"तारकेश्वर","tier":"village","rank":2,"featured":false,"source":"osm","osm_id":3478161252}},{"type":"Feature","geometry":{"type":"Point","coordinates":[84.41168,28.39683]},"properties":{"name":"Tallo Chipla","tier":"village","rank":2,"featured":false,"source":"osm","osm_id":3478222784}},{"type":"Feature","geometry":{"type":"Point","coordinates":[84.41219,28.39832]},"properties":{"name":"Tallo Chipla","tier":"village","rank":2,"featured":false,"source":"osm","osm_id":3478222785}},{"type":"Feature","geometry":{"type":"Point","coordinates":[84.41525,28.41166]},"properties":{"name":"Uppalo Chipla","tier":"village","rank":2,"featured":false,"source":"osm","osm_id":3478247118}},{"type":"Feature","geometry":{"type":"Point","coordinates":[84.41528,28.41371]},"properties":{"name":"Uppalo Chipla","tier":"village","rank":2,"featured":false,"source":"osm","osm_id":3478247119}},{"type":"Feature","geometry":{"type":"Point","coordinates":[84.72738,28.19487]},"properties":{"name":"Mandre","tier":"hamlet","rank":3,"featured":false,"source":"osm","osm_id":3478419268}},{"type":"Feature","geometry":{"type":"Point","coordinates":[85.56142,27.79941]},"properties":{"name":"Bansbari","name_ne":"बाँसबारी","tier":"hamlet","rank":3,"featured":false,"source":"osm","osm_id":3478518441}},{"type":"Feature","geometry":{"type":"Point","coordinates":[85.58314,27.81542]},"properties":{"name":"Sikharpur","name_ne":"शिखरपुर","tier":"hamlet","rank":3,"featured":false,"source":"osm","osm_id":3478531900}},{"type":"Feature","geometry":{"type":"Point","coordinates":[85.59546,27.94415]},"properties":{"name":"Sermathang","name_ne":"सेर्माथाङ्ग","tier":"hamlet","rank":3,"featured":false,"source":"osm","osm_id":3478659304}},{"type":"Feature","geometry":{"type":"Point","coordinates":[85.6326,27.90317]},"properties":{"name":"Thangpal","name_ne":"थाङपाल","tier":"hamlet","rank":3,"featured":false,"source":"osm","osm_id":3479549070}},{"type":"Feature","geometry":{"type":"Point","coordinates":[84.7332,28.20636]},"properties":{"name":"Thailidada","tier":"hamlet","rank":3,"featured":false,"source":"osm","osm_id":3479599375}},{"type":"Feature","geometry":{"type":"Point","coordinates":[84.99466,28.10851]},"properties":{"name":"Tajimarang","name_ne":"ताजिम्राङ","tier":"hamlet","rank":3,"featured":false,"source":"osm","osm_id":3479656920}},{"type":"Feature","geometry":{"type":"Point","coordinates":[84.8891,28.38093]},"properties":{"name":"Sirdibas","tier":"village","rank":2,"featured":false,"source":"osm","osm_id":3480007665}},{"type":"Feature","geometry":{"type":"Point","coordinates":[84.97401,28.47586]},"properties":{"name":"Tānju","tier":"hamlet","rank":3,"featured":false,"source":"osm","osm_id":3480014117}},{"type":"Feature","geometry":{"type":"Point","coordinates":[85.06641,28.49803]},"properties":{"name":"Chhokāng","tier":"village","rank":2,"featured":false,"source":"osm","osm_id":3480017509}},{"type":"Feature","geometry":{"type":"Point","coordinates":[84.86018,28.2119]},"properties":{"name":"Labsibot","tier":"village","rank":2,"featured":false,"source":"osm","osm_id":3480023278}},{"type":"Feature","geometry":{"type":"Point","coordinates":[84.90379,28.16508]},"properties":{"name":"Dharot","tier":"hamlet","rank":3,"featured":false,"source":"osm","osm_id":3480033793}},{"type":"Feature","geometry":{"type":"Point","coordinates":[84.8437,28.08801]},"properties":{"name":"Budhathum","name_ne":"बुढाथुम","tier":"hamlet","rank":3,"featured":false,"source":"osm","osm_id":3480044145}},{"type":"Feature","geometry":{"type":"Point","coordinates":[84.78496,27.72784]},"properties":{"name":"Kāndrāng Garhi","name_ne":"कान्द्राङ गढी","tier":"hamlet","rank":3,"featured":false,"source":"osm","osm_id":3480072545}},{"type":"Feature","geometry":{"type":"Point","coordinates":[84.39126,27.70566]},"properties":{"name":"Gaindakot","name_ne":"गैंडाकोट","tier":"town","rank":1,"featured":false,"source":"osm","osm_id":3480075072,"population":79349}},{"type":"Feature","geometry":{"type":"Point","coordinates":[85.58173,27.92916]},"properties":{"name":"Thalo","name_ne":"किउल","tier":"hamlet","rank":3,"featured":false,"source":"osm","osm_id":3480098886}},{"type":"Feature","geometry":{"type":"Point","coordinates":[84.68793,27.88647]},"properties":{"name":"Makaising","tier":"hamlet","rank":3,"featured":false,"source":"osm","osm_id":3480119120}},{"type":"Feature","geometry":{"type":"Point","coordinates":[84.30537,27.82416]},"properties":{"name":"Khālte","tier":"hamlet","rank":3,"featured":false,"source":"osm","osm_id":3480228542}},{"type":"Feature","geometry":{"type":"Point","coordinates":[84.30989,27.80449]},"properties":{"name":"Shringa","tier":"hamlet","rank":3,"featured":false,"source":"osm","osm_id":3480234106}},{"type":"Feature","geometry":{"type":"Point","coordinates":[84.35134,28.04176]},"properties":{"name":"Tanahun","tier":"hamlet","rank":3,"featured":false,"source":"osm","osm_id":3480236777}},{"type":"Feature","geometry":{"type":"Point","coordinates":[84.55065,28.10312]},"properties":{"name":"Munge","tier":"hamlet","rank":3,"featured":false,"source":"osm","osm_id":3480238363}},{"type":"Feature","geometry":{"type":"Point","coordinates":[84.34339,28.13028]},"properties":{"name":"Kunchha","tier":"hamlet","rank":3,"featured":false,"source":"osm","osm_id":3480239181}},{"type":"Feature","geometry":{"type":"Point","coordinates":[84.71145,28.11993]},"properties":{"name":"Jiwādanda","tier":"hamlet","rank":3,"featured":false,"source":"osm","osm_id":3480240161}},{"type":"Feature","geometry":{"type":"Point","coordinates":[85.02392,28.11227]},"properties":{"name":"Tingchet","name_ne":"टिंगचेट","tier":"hamlet","rank":3,"featured":false,"source":"osm","osm_id":3480248471}},{"type":"Feature","geometry":{"type":"Point","coordinates":[84.39499,28.37078]},"properties":{"name":"Tāgring","tier":"hamlet","rank":3,"featured":false,"source":"osm","osm_id":3480406704}},{"type":"Feature","geometry":{"type":"Point","coordinates":[84.79816,27.72672]},"properties":{"name":"Simthali","name_ne":"सिमथली","tier":"hamlet","rank":3,"featured":false,"source":"osm","osm_id":3480407902}},{"type":"Feature","geometry":{"type":"Point","coordinates":[85.54789,27.95366]},"properties":{"name":"Timbu","name_ne":"टिम्बु","tier":"hamlet","rank":3,"featured":false,"source":"osm","osm_id":3480468975}},{"type":"Feature","geometry":{"type":"Point","coordinates":[85.53838,27.94391]},"properties":{"name":"Dongdhing","name_ne":"डोङढिङ","tier":"hamlet","rank":3,"featured":false,"source":"osm","osm_id":3480468976}},{"type":"Feature","geometry":{"type":"Point","coordinates":[85.58584,27.95269]},"properties":{"name":"Chhimi","name_ne":"छिमी","tier":"hamlet","rank":3,"featured":false,"source":"osm","osm_id":3480518000}},{"type":"Feature","geometry":{"type":"Point","coordinates":[85.51976,27.93033]},"properties":{"name":"Ichok","name_ne":"इचोक","tier":"hamlet","rank":3,"featured":false,"source":"osm","osm_id":3480575600}},{"type":"Feature","geometry":{"type":"Point","coordinates":[85.54118,27.8817]},"properties":{"name":"Gyalthum","name_ne":"ग्यालथुम","tier":"hamlet","rank":3,"featured":false,"source":"osm","osm_id":3480579571}},{"type":"Feature","geometry":{"type":"Point","coordinates":[85.53986,27.85178]},"properties":{"name":"Talramarang","name_ne":"तालरामाराङ","tier":"hamlet","rank":3,"featured":false,"source":"osm","osm_id":3480583824}},{"type":"Feature","geometry":{"type":"Point","coordinates":[85.61032,27.84731]},"properties":{"name":"Jyamire","name_ne":"ज्यामिरे","tier":"hamlet","rank":3,"featured":false,"source":"osm","osm_id":3480678635}},{"type":"Feature","geometry":{"type":"Point","coordinates":[85.65315,27.88462]},"properties":{"name":"Bhotenamlang","name_ne":"भोटेनाम्लाङ","tier":"hamlet","rank":3,"featured":false,"source":"osm","osm_id":3480686828}},{"type":"Feature","geometry":{"type":"Point","coordinates":[84.56421,27.90466]},"properties":{"name":"Dandagaun","tier":"village","rank":2,"featured":false,"source":"osm","osm_id":3481214428}},{"type":"Feature","geometry":{"type":"Point","coordinates":[85.32067,27.61413]},"properties":{"name":"Thecho","name_ne":"ठेचो","tier":"hamlet","rank":3,"featured":false,"source":"osm","osm_id":3482967558}},{"type":"Feature","geometry":{"type":"Point","coordinates":[84.75002,27.98127]},"properties":{"name":"Borlang","tier":"village","rank":2,"featured":false,"source":"osm","osm_id":3484091909}},{"type":"Feature","geometry":{"type":"Point","coordinates":[84.56909,27.88816]},"properties":{"name":"Kotgau","tier":"village","rank":2,"featured":false,"source":"osm","osm_id":3484103336}},{"type":"Feature","geometry":{"type":"Point","coordinates":[84.53622,27.9915]},"properties":{"name":"Bhirkot","tier":"village","rank":2,"featured":false,"source":"osm","osm_id":3484118699}},{"type":"Feature","geometry":{"type":"Point","coordinates":[85.65031,27.61169]},"properties":{"name":"Dewabhumi Baluwa","name_ne":"देवभूमि बालुवा","tier":"hamlet","rank":3,"featured":false,"source":"osm","osm_id":3484120541}},{"type":"Feature","geometry":{"type":"Point","coordinates":[84.65552,28.00665]},"properties":{"name":"Finam","name_ne":"फिनाम","tier":"hamlet","rank":3,"featured":false,"source":"osm","osm_id":3484122505}},{"type":"Feature","geometry":{"type":"Point","coordinates":[84.34534,27.78871]},"properties":{"name":"Kota","tier":"village","rank":2,"featured":false,"source":"osm","osm_id":3484124676}},{"type":"Feature","geometry":{"type":"Point","coordinates":[84.47633,28.12996]},"properties":{"name":"Mohoriyakot","tier":"village","rank":2,"featured":false,"source":"osm","osm_id":3484127180}},{"type":"Feature","geometry":{"type":"Point","coordinates":[84.89779,28.34674]},"properties":{"name":"Jagat Bagar","tier":"hamlet","rank":3,"featured":false,"source":"osm","osm_id":3485282791}},{"type":"Feature","geometry":{"type":"Point","coordinates":[85.04693,27.94888]},"properties":{"name":"Samari","name_ne":"सामरी","tier":"hamlet","rank":3,"featured":false,"source":"osm","osm_id":3486490932}},{"type":"Feature","geometry":{"type":"Point","coordinates":[85.30818,28.03588]},"properties":{"name":"Doglāng","name_ne":"डोग्लाङ","tier":"hamlet","rank":3,"featured":false,"source":"osm","osm_id":3488007976}},{"type":"Feature","geometry":{"type":"Point","coordinates":[85.16471,27.9151]},"properties":{"name":"Nawākot","name_ne":"नुवाकोट","tier":"hamlet","rank":3,"featured":false,"source":"osm","osm_id":3488022930}},{"type":"Feature","geometry":{"type":"Point","coordinates":[85.16001,27.83593]},"properties":{"name":"Kharka","name_ne":"खर्क","tier":"hamlet","rank":3,"featured":false,"source":"osm","osm_id":3488022931}},{"type":"Feature","geometry":{"type":"Point","coordinates":[85.22451,27.7884]},"properties":{"name":"Kālimāte","name_ne":"कालिमाटे","tier":"hamlet","rank":3,"featured":false,"source":"osm","osm_id":3488023633}},{"type":"Feature","geometry":{"type":"Point","coordinates":[84.99497,27.91312]},"properties":{"name":"Kaulebhanjyang","name_ne":"काउले भञ्ज्याङ","tier":"hamlet","rank":3,"featured":false,"source":"osm","osm_id":3488620377}},{"type":"Feature","geometry":{"type":"Point","coordinates":[85.26089,27.78695]},"properties":{"name":"Kagati Gaun","name_ne":"कागती गाउँ","tier":"hamlet","rank":3,"featured":false,"source":"osm","osm_id":3489466397}},{"type":"Feature","geometry":{"type":"Point","coordinates":[84.68532,27.96908]},"properties":{"name":"Bunkot","tier":"hamlet","rank":3,"featured":false,"source":"osm","osm_id":3489895368}},{"type":"Feature","geometry":{"type":"Point","coordinates":[85.07841,28.51137]},"properties":{"name":"Bursi","tier":"hamlet","rank":3,"featured":false,"source":"osm","osm_id":3490389451}},{"type":"Feature","geometry":{"type":"Point","coordinates":[85.08731,28.51686]},"properties":{"name":"Lar","tier":"hamlet","rank":3,"featured":false,"source":"osm","osm_id":3490389466}},{"type":"Feature","geometry":{"type":"Point","coordinates":[85.0899,28.52383]},"properties":{"name":"Phurbe","tier":"hamlet","rank":3,"featured":false,"source":"osm","osm_id":3490389606}},{"type":"Feature","geometry":{"type":"Point","coordinates":[85.09547,28.52965]},"properties":{"name":"Pangdun","tier":"hamlet","rank":3,"featured":false,"source":"osm","osm_id":3490389619}},{"type":"Feature","geometry":{"type":"Point","coordinates":[84.86321,28.10103]},"properties":{"name":"Baseri","name_ne":"बसेरी","tier":"hamlet","rank":3,"featured":false,"source":"osm","osm_id":3490845652}},{"type":"Feature","geometry":{"type":"Point","coordinates":[84.84584,27.97919]},"properties":{"name":"Kumai","name_ne":"कुमै","tier":"hamlet","rank":3,"featured":false,"source":"osm","osm_id":3491027549}},{"type":"Feature","geometry":{"type":"Point","coordinates":[85.06933,27.63581]},"properties":{"name":"Palung","name_ne":"पालुङ","tier":"hamlet","rank":3,"featured":false,"source":"osm","osm_id":3491329265}},{"type":"Feature","geometry":{"type":"Point","coordinates":[85.53605,27.60726]},"properties":{"name":"Chaukot","name_ne":"चौकोट","tier":"hamlet","rank":3,"featured":false,"source":"osm","osm_id":3492545314}},{"type":"Feature","geometry":{"type":"Point","coordinates":[85.42101,27.73988]},"properties":{"name":"Bhadrabas","name_ne":"भद्रवास","tier":"hamlet","rank":3,"featured":false,"source":"osm","osm_id":3493431689}},{"type":"Feature","geometry":{"type":"Point","coordinates":[85.09121,28.17696]},"properties":{"name":"Kharsa","name_ne":"खरसा","tier":"hamlet","rank":3,"featured":false,"source":"osm","osm_id":3493678199}},{"type":"Feature","geometry":{"type":"Point","coordinates":[85.01531,28.16719]},"properties":{"name":"Lapa","name_ne":"लापा","tier":"hamlet","rank":3,"featured":false,"source":"osm","osm_id":3493678202}},{"type":"Feature","geometry":{"type":"Point","coordinates":[85.08326,28.18515]},"properties":{"name":"Chalish Gaon","name_ne":"चालिस गाउँ","tier":"hamlet","rank":3,"featured":false,"source":"osm","osm_id":3493678203}},{"type":"Feature","geometry":{"type":"Point","coordinates":[85.10659,28.18022]},"properties":{"name":"Tipling","name_ne":"टिपलिङ","tier":"hamlet","rank":3,"featured":false,"source":"osm","osm_id":3493678204,"population":3265}},{"type":"Feature","geometry":{"type":"Point","coordinates":[84.86247,28.50828]},"properties":{"name":"Bihi","tier":"hamlet","rank":3,"featured":false,"source":"osm","osm_id":3494189593}},{"type":"Feature","geometry":{"type":"Point","coordinates":[85.34215,28.25576]},"properties":{"name":"Dalgaun","tier":"hamlet","rank":3,"featured":false,"source":"osm","osm_id":3494541109}},{"type":"Feature","geometry":{"type":"Point","coordinates":[85.72663,27.76336]},"properties":{"name":"Irkhu","tier":"hamlet","rank":3,"featured":false,"source":"osm","osm_id":3494546903}},{"type":"Feature","geometry":{"type":"Point","coordinates":[85.61437,27.71925]},"properties":{"name":"Mahadevsthan Mandan","name_ne":"महादेवस्थान मण्डन","tier":"hamlet","rank":3,"featured":false,"source":"osm","osm_id":3494667083}},{"type":"Feature","geometry":{"type":"Point","coordinates":[85.60695,27.70883]},"properties":{"name":"Dhaitar","name_ne":"धैटार","tier":"hamlet","rank":3,"featured":false,"source":"osm","osm_id":3494667084}},{"type":"Feature","geometry":{"type":"Point","coordinates":[84.90582,28.0688]},"properties":{"name":"Dangsing","name_ne":"दाङसिङ","tier":"hamlet","rank":3,"featured":false,"source":"osm","osm_id":3494909937}},{"type":"Feature","geometry":{"type":"Point","coordinates":[84.89726,28.08583]},"properties":{"name":"Majhuwa","name_ne":"मझुवा","tier":"hamlet","rank":3,"featured":false,"source":"osm","osm_id":3494909938}},{"type":"Feature","geometry":{"type":"Point","coordinates":[84.87706,28.08887]},"properties":{"name":"Mangsire","name_ne":"म्याङ्साइरे","tier":"hamlet","rank":3,"featured":false,"source":"osm","osm_id":3494909939}},{"type":"Feature","geometry":{"type":"Point","coordinates":[84.85051,28.07823]},"properties":{"name":"Amithi","name_ne":"अमिथी","tier":"hamlet","rank":3,"featured":false,"source":"osm","osm_id":3495043003}},{"type":"Feature","geometry":{"type":"Point","coordinates":[84.88514,28.05269]},"properties":{"name":"Odar gau","name_ne":"ओदार गाउँ","tier":"hamlet","rank":3,"featured":false,"source":"osm","osm_id":3495043004}},{"type":"Feature","geometry":{"type":"Point","coordinates":[85.49308,27.68331]},"properties":{"name":"Timilsina Gaun","name_ne":"तिमिल्सिना गाउँ","tier":"hamlet","rank":3,"featured":false,"source":"osm","osm_id":3495392563}},{"type":"Feature","geometry":{"type":"Point","coordinates":[85.243,28.16286]},"properties":{"name":"Jarsadada","name_ne":"जर्सा डाँडा","tier":"hamlet","rank":3,"featured":false,"source":"osm","osm_id":3495645010}},{"type":"Feature","geometry":{"type":"Point","coordinates":[85.31589,28.17002]},"properties":{"name":"Goljung","name_ne":"गोल्जुङ","tier":"hamlet","rank":3,"featured":false,"source":"osm","osm_id":3495699359}},{"type":"Feature","geometry":{"type":"Point","coordinates":[85.28144,28.21507]},"properties":{"name":"Tetanchet","name_ne":"तेटाङचेट","tier":"hamlet","rank":3,"featured":false,"source":"osm","osm_id":3495750390}},{"type":"Feature","geometry":{"type":"Point","coordinates":[85.31759,28.18785]},"properties":{"name":"Bhrajam","name_ne":"भ्रजम","tier":"hamlet","rank":3,"featured":false,"source":"osm","osm_id":3495754793}},{"type":"Feature","geometry":{"type":"Point","coordinates":[85.36069,28.14304]},"properties":{"name":"Thulo Syābru","name_ne":"ठुलो स्याप्रु","tier":"hamlet","rank":3,"featured":false,"source":"osm","osm_id":3495857671}},{"type":"Feature","geometry":{"type":"Point","coordinates":[85.01599,28.1327]},"properties":{"name":"Tenchet","name_ne":"टेङ्चेट","tier":"hamlet","rank":3,"featured":false,"source":"osm","osm_id":3495884419}},{"type":"Feature","geometry":{"type":"Point","coordinates":[84.98183,28.11976]},"properties":{"name":"Kichet","name_ne":"किचेट","tier":"hamlet","rank":3,"featured":false,"source":"osm","osm_id":3495884422}},{"type":"Feature","geometry":{"type":"Point","coordinates":[85.03295,28.13998]},"properties":{"name":"Syupchet","name_ne":"स्युपचेट","tier":"hamlet","rank":3,"featured":false,"source":"osm","osm_id":3495884423}},{"type":"Feature","geometry":{"type":"Point","coordinates":[85.12529,28.21254]},"properties":{"name":"Linjo","name_ne":"लिङ्जो","tier":"hamlet","rank":3,"featured":false,"source":"osm","osm_id":3496013335}},{"type":"Feature","geometry":{"type":"Point","coordinates":[85.11638,28.19813]},"properties":{"name":"Puru","tier":"hamlet","rank":3,"featured":false,"source":"osm","osm_id":3496013336}},{"type":"Feature","geometry":{"type":"Point","coordinates":[85.13357,28.22011]},"properties":{"name":"Awan","tier":"hamlet","rank":3,"featured":false,"source":"osm","osm_id":3496013338}},{"type":"Feature","geometry":{"type":"Point","coordinates":[85.11179,28.18727]},"properties":{"name":"Phyang Gaon","tier":"hamlet","rank":3,"featured":false,"source":"osm","osm_id":3496013343}},{"type":"Feature","geometry":{"type":"Point","coordinates":[85.33032,27.79506]},"properties":{"name":"Jhor Mahankal","name_ne":"झोर महाङ्काल","tier":"hamlet","rank":3,"featured":false,"source":"osm","osm_id":3496148176}},{"type":"Feature","geometry":{"type":"Point","coordinates":[85.21558,27.69029]},"properties":{"name":"Thankot","name_ne":"थानकोट","tier":"hamlet","rank":3,"featured":false,"source":"osm","osm_id":3496148177}},{"type":"Feature","geometry":{"type":"Point","coordinates":[85.30453,27.85544]},"properties":{"name":"Thāpāgāon","name_ne":"थापा गाउँ","tier":"hamlet","rank":3,"featured":false,"source":"osm","osm_id":3496148178}},{"type":"Feature","geometry":{"type":"Point","coordinates":[85.32643,27.74557]},"properties":{"name":"Tokha","name_ne":"टोखा","tier":"town","rank":1,"featured":false,"source":"osm","osm_id":3496148179,"population":5152}},{"type":"Feature","geometry":{"type":"Point","coordinates":[85.11176,27.68942]},"properties":{"name":"Dumān","tier":"hamlet","rank":3,"featured":false,"source":"osm","osm_id":3497165162}},{"type":"Feature","geometry":{"type":"Point","coordinates":[85.26667,27.66667]},"properties":{"name":"Naugām","name_ne":"नौगाम","tier":"hamlet","rank":3,"featured":false,"source":"osm","osm_id":3497165163}},{"type":"Feature","geometry":{"type":"Point","coordinates":[85.61986,27.64681]},"properties":{"name":"Panchkhal","name_ne":"पाँचखाल","tier":"town","rank":1,"featured":false,"source":"osm","osm_id":3497321288}},{"type":"Feature","geometry":{"type":"Point","coordinates":[85.15083,27.61905]},"properties":{"name":"Mārkhu","tier":"hamlet","rank":3,"featured":false,"source":"osm","osm_id":3497365574}},{"type":"Feature","geometry":{"type":"Point","coordinates":[84.59307,28.18182]},"properties":{"name":"Ilam Pokhari","tier":"hamlet","rank":3,"featured":false,"source":"osm","osm_id":3498807855}},{"type":"Feature","geometry":{"type":"Point","coordinates":[85.48244,27.94079]},"properties":{"name":"Helmu","name_ne":"हेल्मु","tier":"hamlet","rank":3,"featured":false,"source":"osm","osm_id":3499930540}},{"type":"Feature","geometry":{"type":"Point","coordinates":[85.55376,27.99897]},"properties":{"name":"Tārke Ghyāng","name_ne":"तारके घ्याङ","tier":"hamlet","rank":3,"featured":false,"source":"osm","osm_id":3499940892}},{"type":"Feature","geometry":{"type":"Point","coordinates":[85.71981,27.63625]},"properties":{"name":"Pauwa","name_ne":"पौवा","tier":"hamlet","rank":3,"featured":false,"source":"osm","osm_id":3500539952}},{"type":"Feature","geometry":{"type":"Point","coordinates":[84.37502,28.32762]},"properties":{"name":"Sikrung","tier":"village","rank":2,"featured":false,"source":"osm","osm_id":3500585544}},{"type":"Feature","geometry":{"type":"Point","coordinates":[85.73739,27.63018]},"properties":{"name":"Bhumlutar","name_ne":"भूम्लुटार","tier":"hamlet","rank":3,"featured":false,"source":"osm","osm_id":3500630094}},{"type":"Feature","geometry":{"type":"Point","coordinates":[85.7154,27.63444]},"properties":{"name":"Rathmate","name_ne":"रथमाटे","tier":"hamlet","rank":3,"featured":false,"source":"osm","osm_id":3500644790}},{"type":"Feature","geometry":{"type":"Point","coordinates":[84.8104,27.96648]},"properties":{"name":"Jwalamukhi","name_ne":"ज्वालामुखी","tier":"village","rank":2,"featured":false,"source":"osm","osm_id":3502903375}},{"type":"Feature","geometry":{"type":"Point","coordinates":[84.70523,28.167]},"properties":{"name":"Baluwa","tier":"village","rank":2,"featured":false,"source":"osm","osm_id":3503204992}},{"type":"Feature","geometry":{"type":"Point","coordinates":[85.22226,28.08887]},"properties":{"name":"Gogne","name_ne":"गोगने","tier":"hamlet","rank":3,"featured":false,"source":"osm","osm_id":3504477174}},{"type":"Feature","geometry":{"type":"Point","coordinates":[85.17144,28.02808]},"properties":{"name":"Jharkaleri","name_ne":"झर्कलेरी","tier":"hamlet","rank":3,"featured":false,"source":"osm","osm_id":3504477175}},{"type":"Feature","geometry":{"type":"Point","coordinates":[85.17135,28.02608]},"properties":{"name":"Thulogaun","name_ne":"ठूलोगाउँ","tier":"hamlet","rank":3,"featured":false,"source":"osm","osm_id":3504477176}},{"type":"Feature","geometry":{"type":"Point","coordinates":[84.77594,28.0615]},"properties":{"name":"Arupokhari","tier":"village","rank":2,"featured":false,"source":"osm","osm_id":3508350305}},{"type":"Feature","geometry":{"type":"Point","coordinates":[85.1482,27.68626]},"properties":{"name":"Majhuwa","tier":"village","rank":2,"featured":false,"source":"osm","osm_id":3508691591}},{"type":"Feature","geometry":{"type":"Point","coordinates":[85.54777,27.63518]},"properties":{"name":"Kuttal","name_ne":"कुट्टल","tier":"hamlet","rank":3,"featured":false,"source":"osm","osm_id":3509459047}},{"type":"Feature","geometry":{"type":"Point","coordinates":[84.55139,28.01872]},"properties":{"name":"kharpani","name_ne":"खरपानी","tier":"village","rank":2,"featured":false,"source":"osm","osm_id":3528097218}},{"type":"Feature","geometry":{"type":"Point","coordinates":[84.54062,28.01951]},"properties":{"name":"pauroti bhandar","name_ne":"पाउरोटी भण्डार","tier":"village","rank":2,"featured":false,"source":"osm","osm_id":3528102281}},{"type":"Feature","geometry":{"type":"Point","coordinates":[84.56846,27.99526]},"properties":{"name":"ChebeTar Bazar","name_ne":"छेबेटार बजार","tier":"town","rank":1,"featured":false,"source":"osm","osm_id":3528110414}},{"type":"Feature","geometry":{"type":"Point","coordinates":[84.51637,28.02449]},"properties":{"name":"Luitel Bhaniyan","tier":"hamlet","rank":3,"featured":false,"source":"osm","osm_id":3539946119}},{"type":"Feature","geometry":{"type":"Point","coordinates":[84.82366,28.1999]},"properties":{"name":"Gumda","tier":"village","rank":2,"featured":false,"source":"osm","osm_id":3566880074}},{"type":"Feature","geometry":{"type":"Point","coordinates":[84.84964,28.20539]},"properties":{"name":"Yamgaun","tier":"village","rank":2,"featured":false,"source":"osm","osm_id":3566885018}},{"type":"Feature","geometry":{"type":"Point","coordinates":[85.62892,27.86446]},"properties":{"name":"Nagi Dada","name_ne":"नागी डाँडा","tier":"hamlet","rank":3,"featured":false,"source":"osm","osm_id":3570636096}},{"type":"Feature","geometry":{"type":"Point","coordinates":[85.6241,27.87732]},"properties":{"name":"Kotgau Thatidada","name_ne":"कोटगाउँ ठाटी डाँडा","tier":"hamlet","rank":3,"featured":false,"source":"osm","osm_id":3570636167}},{"type":"Feature","geometry":{"type":"Point","coordinates":[85.74816,27.85583]},"properties":{"name":"Pyakta","name_ne":"प्याक्टा","tier":"hamlet","rank":3,"featured":false,"source":"osm","osm_id":3570690796}},{"type":"Feature","geometry":{"type":"Point","coordinates":[85.74951,27.85097]},"properties":{"name":"Selang","name_ne":"सेलाङ","tier":"hamlet","rank":3,"featured":false,"source":"osm","osm_id":3570690818}},{"type":"Feature","geometry":{"type":"Point","coordinates":[84.89821,28.08553]},"properties":{"name":"Bharkeli","name_ne":"भरकेली","tier":"hamlet","rank":3,"featured":false,"source":"osm","osm_id":3616594295}},{"type":"Feature","geometry":{"type":"Point","coordinates":[84.90698,28.08193]},"properties":{"name":"Thula Gau","name_ne":"ठूला गाउँ","tier":"hamlet","rank":3,"featured":false,"source":"osm","osm_id":3616594300}},{"type":"Feature","geometry":{"type":"Point","coordinates":[84.91392,28.04693]},"properties":{"name":"Basnet Tol","name_ne":"बस्नेत टोल","tier":"hamlet","rank":3,"featured":false,"source":"osm","osm_id":3616597852}},{"type":"Feature","geometry":{"type":"Point","coordinates":[84.90621,28.07203]},"properties":{"name":"Deurali","name_ne":"देउराली","tier":"hamlet","rank":3,"featured":false,"source":"osm","osm_id":3616597854}},{"type":"Feature","geometry":{"type":"Point","coordinates":[84.91243,28.04908]},"properties":{"name":"Kattike","name_ne":"कात्तिके","tier":"hamlet","rank":3,"featured":false,"source":"osm","osm_id":3616597855}},{"type":"Feature","geometry":{"type":"Point","coordinates":[84.90504,28.03899]},"properties":{"name":"Maha Bhir","name_ne":"महा भिर","tier":"hamlet","rank":3,"featured":false,"source":"osm","osm_id":3616597856}},{"type":"Feature","geometry":{"type":"Point","coordinates":[84.89814,28.05298]},"properties":{"name":"Mathlo Kalleri","name_ne":"म्याथ्लो कालेरी","tier":"hamlet","rank":3,"featured":false,"source":"osm","osm_id":3616597858}},{"type":"Feature","geometry":{"type":"Point","coordinates":[84.91528,28.06575]},"properties":{"name":"Sarki Tol","name_ne":"सार्की टोल","tier":"hamlet","rank":3,"featured":false,"source":"osm","osm_id":3616597859}},{"type":"Feature","geometry":{"type":"Point","coordinates":[84.90436,28.04793]},"properties":{"name":"Tallo Kalleri","name_ne":"टाल्लो कालेरी","tier":"hamlet","rank":3,"featured":false,"source":"osm","osm_id":3616597861}},{"type":"Feature","geometry":{"type":"Point","coordinates":[84.91974,28.06472]},"properties":{"name":"Tinkhande","name_ne":"तिङ्खण्डे","tier":"hamlet","rank":3,"featured":false,"source":"osm","osm_id":3616597863}},{"type":"Feature","geometry":{"type":"Point","coordinates":[85.20899,27.70672]},"properties":{"name":"Baad Bhanjyang","name_ne":"बाड भञ्ज्याङ","tier":"hamlet","rank":3,"featured":false,"source":"osm","osm_id":3640850571}},{"type":"Feature","geometry":{"type":"Point","coordinates":[84.95024,28.08967]},"properties":{"name":"Ladap","name_ne":"लडाप","tier":"hamlet","rank":3,"featured":false,"source":"osm","osm_id":3661350883}},{"type":"Feature","geometry":{"type":"Point","coordinates":[85.40961,27.74486]},"properties":{"name":"Nayapati","name_ne":"नयाँपाटी","tier":"hamlet","rank":3,"featured":false,"source":"osm","osm_id":3686003043}},{"type":"Feature","geometry":{"type":"Point","coordinates":[85.06903,28.17926]},"properties":{"name":"Gobre gaun","name_ne":"गोब्रे गाउँ","tier":"hamlet","rank":3,"featured":false,"source":"osm","osm_id":3691036082}},{"type":"Feature","geometry":{"type":"Point","coordinates":[85.06924,28.17067]},"properties":{"name":"Awoi Gaun","name_ne":"अवोइ गाउँ","tier":"hamlet","rank":3,"featured":false,"source":"osm","osm_id":3691036083}},{"type":"Feature","geometry":{"type":"Point","coordinates":[85.06131,28.16929]},"properties":{"name":"Isim Gaon","name_ne":"इसिम गाउँ","tier":"hamlet","rank":3,"featured":false,"source":"osm","osm_id":3691036084}},{"type":"Feature","geometry":{"type":"Point","coordinates":[85.06267,28.16672]},"properties":{"name":"Khyadar","name_ne":"ख्यादार","tier":"hamlet","rank":3,"featured":false,"source":"osm","osm_id":3691036085}},{"type":"Feature","geometry":{"type":"Point","coordinates":[85.08038,28.21565]},"properties":{"name":"Hindung","name_ne":"हिन्दुङ्ग","tier":"hamlet","rank":3,"featured":false,"source":"osm","osm_id":3691065947}},{"type":"Feature","geometry":{"type":"Point","coordinates":[85.16381,28.00365]},"properties":{"name":"Satdobato","name_ne":"सातदोबाटो","tier":"hamlet","rank":3,"featured":false,"source":"osm","osm_id":3691065952}},{"type":"Feature","geometry":{"type":"Point","coordinates":[85.134,28.00394]},"properties":{"name":"Nyuchet Gaon","name_ne":"नुचेत गाउँ","tier":"hamlet","rank":3,"featured":false,"source":"osm","osm_id":3691071165}},{"type":"Feature","geometry":{"type":"Point","coordinates":[85.1115,28.02664]},"properties":{"name":"Bhalche","name_ne":"भाल्चे","tier":"hamlet","rank":3,"featured":false,"source":"osm","osm_id":3691071167}},{"type":"Feature","geometry":{"type":"Point","coordinates":[85.13765,28.23891]},"properties":{"name":"Babil Kharka","name_ne":"बाबिल खर्क","tier":"hamlet","rank":3,"featured":false,"source":"osm","osm_id":3694857689}},{"type":"Feature","geometry":{"type":"Point","coordinates":[84.89647,27.93206]},"properties":{"name":"Aal Dada","name_ne":"आल डाँडा","tier":"hamlet","rank":3,"featured":false,"source":"osm","osm_id":3726314411}},{"type":"Feature","geometry":{"type":"Point","coordinates":[84.89285,27.92159]},"properties":{"name":"Sangkosh","name_ne":"साङकोष","tier":"hamlet","rank":3,"featured":false,"source":"osm","osm_id":3726315643}},{"type":"Feature","geometry":{"type":"Point","coordinates":[84.89343,27.92711]},"properties":{"name":"Vhaduwar Gau","name_ne":"भादुवार गाउँ","tier":"hamlet","rank":3,"featured":false,"source":"osm","osm_id":3726315645}},{"type":"Feature","geometry":{"type":"Point","coordinates":[84.90346,27.9357]},"properties":{"name":"Pachagare","name_ne":"पञ्चगढ","tier":"hamlet","rank":3,"featured":false,"source":"osm","osm_id":3726315646}},{"type":"Feature","geometry":{"type":"Point","coordinates":[84.90698,27.94627]},"properties":{"name":"Syauli Dada","name_ne":"स्याउले डाँडा","tier":"hamlet","rank":3,"featured":false,"source":"osm","osm_id":3726315834}},{"type":"Feature","geometry":{"type":"Point","coordinates":[84.91536,27.96685]},"properties":{"name":"Kerung Gau","name_ne":"केरुङगाउँ","tier":"hamlet","rank":3,"featured":false,"source":"osm","osm_id":3726315836}},{"type":"Feature","geometry":{"type":"Point","coordinates":[84.90886,27.90763]},"properties":{"name":"Ijara","name_ne":"इजारा","tier":"hamlet","rank":3,"featured":false,"source":"osm","osm_id":3728573211}},{"type":"Feature","geometry":{"type":"Point","coordinates":[84.92361,27.91441]},"properties":{"name":"Paandhare","name_ne":"पान्धरे","tier":"hamlet","rank":3,"featured":false,"source":"osm","osm_id":3728573212}},{"type":"Feature","geometry":{"type":"Point","coordinates":[84.93259,27.91781]},"properties":{"name":"Shoraghara","name_ne":"सोरघर","tier":"hamlet","rank":3,"featured":false,"source":"osm","osm_id":3728573213}},{"type":"Feature","geometry":{"type":"Point","coordinates":[84.91567,27.91156]},"properties":{"name":"Rijal Gau","name_ne":"रिजल गाँउ","tier":"hamlet","rank":3,"featured":false,"source":"osm","osm_id":3728573273}},{"type":"Feature","geometry":{"type":"Point","coordinates":[84.99775,27.92417]},"properties":{"name":"Paatle","name_ne":"पाल्ते","tier":"hamlet","rank":3,"featured":false,"source":"osm","osm_id":3743635332}},{"type":"Feature","geometry":{"type":"Point","coordinates":[84.92315,27.91027]},"properties":{"name":"Bhandari Gau","name_ne":"भण्डारी गाउँ","tier":"hamlet","rank":3,"featured":false,"source":"osm","osm_id":3743636790}},{"type":"Feature","geometry":{"type":"Point","coordinates":[84.93116,27.91113]},"properties":{"name":"Dodheli","name_ne":"दोधेली","tier":"hamlet","rank":3,"featured":false,"source":"osm","osm_id":3743636791}},{"type":"Feature","geometry":{"type":"Point","coordinates":[84.57143,27.98846]},"properties":{"name":"Chhebetar","tier":"village","rank":2,"featured":false,"source":"osm","osm_id":3779153246}},{"type":"Feature","geometry":{"type":"Point","coordinates":[84.35599,27.62047]},"properties":{"name":"Shivanagar","name_ne":"शिवनगर","tier":"hamlet","rank":3,"featured":false,"source":"osm","osm_id":3800053962}},{"type":"Feature","geometry":{"type":"Point","coordinates":[84.34439,27.65062]},"properties":{"name":"Rampur","name_ne":"रामपुर","tier":"hamlet","rank":3,"featured":false,"source":"osm","osm_id":3800056167}},{"type":"Feature","geometry":{"type":"Point","coordinates":[84.32993,27.604]},"properties":{"name":"Parbatipur","name_ne":"पार्बतीपुर","tier":"hamlet","rank":3,"featured":false,"source":"osm","osm_id":3800175805}},{"type":"Feature","geometry":{"type":"Point","coordinates":[85.2401,27.78794]},"properties":{"name":"Chatredeurali","name_ne":"छत्रे देउराली","tier":"hamlet","rank":3,"featured":false,"source":"osm","osm_id":3853808644}},{"type":"Feature","geometry":{"type":"Point","coordinates":[85.01866,28.11779]},"properties":{"name":"Kokhim","tier":"hamlet","rank":3,"featured":false,"source":"osm","osm_id":3864229121}},{"type":"Feature","geometry":{"type":"Point","coordinates":[85.03197,28.12425]},"properties":{"name":"Chyamthali","name_ne":"च्यामथली","tier":"hamlet","rank":3,"featured":false,"source":"osm","osm_id":3864255170}},{"type":"Feature","geometry":{"type":"Point","coordinates":[85.03435,28.11993]},"properties":{"name":"Lakcho","name_ne":"लाक्चो","tier":"hamlet","rank":3,"featured":false,"source":"osm","osm_id":3864255171}},{"type":"Feature","geometry":{"type":"Point","coordinates":[85.03915,28.12485]},"properties":{"name":"Chhapchet","name_ne":"छप्चेत","tier":"hamlet","rank":3,"featured":false,"source":"osm","osm_id":3864255172}},{"type":"Feature","geometry":{"type":"Point","coordinates":[85.03772,28.12293]},"properties":{"name":"Yamchet","name_ne":"यामचेट","tier":"hamlet","rank":3,"featured":false,"source":"osm","osm_id":3864255173}},{"type":"Feature","geometry":{"type":"Point","coordinates":[85.02317,28.1084]},"properties":{"name":"Paticho","name_ne":"पातिचो","tier":"hamlet","rank":3,"featured":false,"source":"osm","osm_id":3864255174}},{"type":"Feature","geometry":{"type":"Point","coordinates":[85.01298,28.11466]},"properties":{"name":"Kalamrang","name_ne":"कलामरङ","tier":"hamlet","rank":3,"featured":false,"source":"osm","osm_id":3864255175}},{"type":"Feature","geometry":{"type":"Point","coordinates":[85.00171,28.12899]},"properties":{"name":"Karang","name_ne":"कराङ","tier":"hamlet","rank":3,"featured":false,"source":"osm","osm_id":3864255176}},{"type":"Feature","geometry":{"type":"Point","coordinates":[84.99949,28.09711]},"properties":{"name":"Rigaon","name_ne":"रिगाउँ","tier":"hamlet","rank":3,"featured":false,"source":"osm","osm_id":3864255177}},{"type":"Feature","geometry":{"type":"Point","coordinates":[84.96815,28.08636]},"properties":{"name":"Tawal","name_ne":"तवाल","tier":"hamlet","rank":3,"featured":false,"source":"osm","osm_id":3864255179}},{"type":"Feature","geometry":{"type":"Point","coordinates":[84.96146,28.08664]},"properties":{"name":"Dhuseni","name_ne":"धुसेनी","tier":"hamlet","rank":3,"featured":false,"source":"osm","osm_id":3864255180}},{"type":"Feature","geometry":{"type":"Point","coordinates":[84.98021,28.08246]},"properties":{"name":"Sokthali","name_ne":"सोक्थली","tier":"hamlet","rank":3,"featured":false,"source":"osm","osm_id":3864255181}},{"type":"Feature","geometry":{"type":"Point","coordinates":[84.97919,28.0755]},"properties":{"name":"Barre","name_ne":"बर्रे","tier":"hamlet","rank":3,"featured":false,"source":"osm","osm_id":3864255182}},{"type":"Feature","geometry":{"type":"Point","coordinates":[84.98739,28.08602]},"properties":{"name":"Purung","name_ne":"पुरुङ","tier":"hamlet","rank":3,"featured":false,"source":"osm","osm_id":3864255183}},{"type":"Feature","geometry":{"type":"Point","coordinates":[84.96979,28.09643]},"properties":{"name":"Konglang","name_ne":"कोङलाङ","tier":"hamlet","rank":3,"featured":false,"source":"osm","osm_id":3864258446}},{"type":"Feature","geometry":{"type":"Point","coordinates":[85.00004,28.09351]},"properties":{"name":"Chogegaon","name_ne":"चोगे गाउँ","tier":"hamlet","rank":3,"featured":false,"source":"osm","osm_id":3864258447}},{"type":"Feature","geometry":{"type":"Point","coordinates":[84.9993,28.10177]},"properties":{"name":"Chamtang","name_ne":"चामताङ","tier":"hamlet","rank":3,"featured":false,"source":"osm","osm_id":3864258448}},{"type":"Feature","geometry":{"type":"Point","coordinates":[84.76856,27.61426]},"properties":{"name":"Bangrang","name_ne":"बांग्राङ","tier":"hamlet","rank":3,"featured":false,"source":"osm","osm_id":3945042563}},{"type":"Feature","geometry":{"type":"Point","coordinates":[84.7609,27.64671]},"properties":{"name":"Damrang","name_ne":"दाम्राङ","tier":"hamlet","rank":3,"featured":false,"source":"osm","osm_id":3945042564}},{"type":"Feature","geometry":{"type":"Point","coordinates":[84.78584,27.60192]},"properties":{"name":"Dhussa Bagar","name_ne":"धुस्सा बगर","tier":"hamlet","rank":3,"featured":false,"source":"osm","osm_id":3945441870}},{"type":"Feature","geometry":{"type":"Point","coordinates":[84.78832,27.64987]},"properties":{"name":"Garling","name_ne":"गार्लिङ","tier":"hamlet","rank":3,"featured":false,"source":"osm","osm_id":3945441871}},{"type":"Feature","geometry":{"type":"Point","coordinates":[84.77842,27.62914]},"properties":{"name":"Jurethum","name_ne":"जुरेथूम","tier":"hamlet","rank":3,"featured":false,"source":"osm","osm_id":3945441873}},{"type":"Feature","geometry":{"type":"Point","coordinates":[84.76457,27.629]},"properties":{"name":"Kamle","name_ne":"कमले","tier":"hamlet","rank":3,"featured":false,"source":"osm","osm_id":3945441874}},{"type":"Feature","geometry":{"type":"Point","coordinates":[84.7486,27.62132]},"properties":{"name":"Makaldamar","name_ne":"मकाल्डामार","tier":"hamlet","rank":3,"featured":false,"source":"osm","osm_id":3945441876}},{"type":"Feature","geometry":{"type":"Point","coordinates":[84.78941,27.60945]},"properties":{"name":"Pambung","name_ne":"पाँबुङ","tier":"hamlet","rank":3,"featured":false,"source":"osm","osm_id":3945441877}},{"type":"Feature","geometry":{"type":"Point","coordinates":[84.74088,27.6354]},"properties":{"name":"Silinge","name_ne":"सिलिङ्गे","tier":"hamlet","rank":3,"featured":false,"source":"osm","osm_id":3945442369}},{"type":"Feature","geometry":{"type":"Point","coordinates":[85.35135,28.41155]},"properties":{"name":"Naixar","tier":"village","rank":2,"featured":false,"source":"osm","osm_id":4006035228}},{"type":"Feature","geometry":{"type":"Point","coordinates":[85.06114,27.83662]},"properties":{"name":"Duipipal","name_ne":"दुईपिपल","tier":"hamlet","rank":3,"featured":false,"source":"osm","osm_id":4044344045}},{"type":"Feature","geometry":{"type":"Point","coordinates":[84.31432,27.94342]},"properties":{"name":"funding gaun","tier":"hamlet","rank":3,"featured":false,"source":"osm","osm_id":4073368811}},{"type":"Feature","geometry":{"type":"Point","coordinates":[84.33222,27.93874]},"properties":{"name":"bel bhanjayang","tier":"hamlet","rank":3,"featured":false,"source":"osm","osm_id":4073369933}},{"type":"Feature","geometry":{"type":"Point","coordinates":[84.92228,27.97273]},"properties":{"name":"Gairigau","name_ne":"गैरीगाउँ","tier":"hamlet","rank":3,"featured":false,"source":"osm","osm_id":4079614654}},{"type":"Feature","geometry":{"type":"Point","coordinates":[84.9258,27.98015]},"properties":{"name":"Charunge","name_ne":"चारुङ्गे","tier":"hamlet","rank":3,"featured":false,"source":"osm","osm_id":4079614931}},{"type":"Feature","geometry":{"type":"Point","coordinates":[85.3087,27.86336]},"properties":{"name":"Dumre Phat","tier":"hamlet","rank":3,"featured":false,"source":"osm","osm_id":4104400789}},{"type":"Feature","geometry":{"type":"Point","coordinates":[85.31454,27.83915]},"properties":{"name":"Chanpko Bot(चाँपाबोट )","name_ne":"Chanpko Bot(चाँपाबोट )","tier":"hamlet","rank":3,"featured":false,"source":"osm","osm_id":4115482189}},{"type":"Feature","geometry":{"type":"Point","coordinates":[85.62315,27.63267]},"properties":{"name":"Pipaltar","name_ne":"पिपलटार","tier":"hamlet","rank":3,"featured":false,"source":"osm","osm_id":4153135811}},{"type":"Feature","geometry":{"type":"Point","coordinates":[85.10103,27.99156]},"properties":{"name":"Bungtang","name_ne":"बुङताङ","tier":"village","rank":2,"featured":false,"source":"osm","osm_id":4158627691}},{"type":"Feature","geometry":{"type":"Point","coordinates":[85.32162,27.82956]},"properties":{"name":"Thana Bhanjyang","tier":"hamlet","rank":3,"featured":false,"source":"osm","osm_id":4219764889}},{"type":"Feature","geometry":{"type":"Point","coordinates":[85.08783,28.01916]},"properties":{"name":"Chiput","name_ne":"चिपुट","tier":"hamlet","rank":3,"featured":false,"source":"osm","osm_id":4226430340}},{"type":"Feature","geometry":{"type":"Point","coordinates":[85.08683,28.02846]},"properties":{"name":"Ghale Gau","name_ne":"घले गाउँ","tier":"hamlet","rank":3,"featured":false,"source":"osm","osm_id":4226430341}},{"type":"Feature","geometry":{"type":"Point","coordinates":[85.0842,28.01957]},"properties":{"name":"Gumsa","name_ne":"गुम्सा","tier":"hamlet","rank":3,"featured":false,"source":"osm","osm_id":4226430342}},{"type":"Feature","geometry":{"type":"Point","coordinates":[85.17269,28.00017]},"properties":{"name":"Karki Gaun","name_ne":"कार्की गाउँ","tier":"hamlet","rank":3,"featured":false,"source":"osm","osm_id":4226430344}},{"type":"Feature","geometry":{"type":"Point","coordinates":[85.13879,28.00513]},"properties":{"name":"Kaule Village","name_ne":"काउले","tier":"hamlet","rank":3,"featured":false,"source":"osm","osm_id":4226430345}},{"type":"Feature","geometry":{"type":"Point","coordinates":[85.08806,28.02957]},"properties":{"name":"Thulo gaun","name_ne":"थुलो गाउँ","tier":"hamlet","rank":3,"featured":false,"source":"osm","osm_id":4226430347}},{"type":"Feature","geometry":{"type":"Point","coordinates":[85.31168,27.86029]},"properties":{"name":"Ashmure","tier":"hamlet","rank":3,"featured":false,"source":"osm","osm_id":4301134727}},{"type":"Feature","geometry":{"type":"Point","coordinates":[84.57336,27.92919]},"properties":{"name":"Bhogateni","tier":"village","rank":2,"featured":false,"source":"osm","osm_id":4312151846}},{"type":"Feature","geometry":{"type":"Point","coordinates":[84.63539,28.18637]},"properties":{"name":"Dtar","tier":"village","rank":2,"featured":false,"source":"osm","osm_id":4357172966}},{"type":"Feature","geometry":{"type":"Point","coordinates":[85.2667,27.69142]},"properties":{"name":"Naya Naikap","name_ne":"नैकाप नयाँभञ्ज्याङ","tier":"hamlet","rank":3,"featured":false,"source":"osm","osm_id":4382235692}},{"type":"Feature","geometry":{"type":"Point","coordinates":[84.40973,27.66806]},"properties":{"name":"Yagyapuri","name_ne":"यज्ञपुरी","tier":"hamlet","rank":3,"featured":false,"source":"osm","osm_id":4388627447}},{"type":"Feature","geometry":{"type":"Point","coordinates":[84.89997,27.90084]},"properties":{"name":"Ratmate Danda","name_ne":"रातमाटे डाँडा","tier":"hamlet","rank":3,"featured":false,"source":"osm","osm_id":4454302289}},{"type":"Feature","geometry":{"type":"Point","coordinates":[85.26174,27.69811]},"properties":{"name":"Naikap Purano Bhanjyang","name_ne":"नैकाप पुरानोभञ्ज्याङ","tier":"hamlet","rank":3,"featured":false,"source":"osm","osm_id":4510104591}},{"type":"Feature","geometry":{"type":"Point","coordinates":[85.26139,27.7023]},"properties":{"name":"Bhaltaar","name_ne":"भाल्टार","tier":"village","rank":2,"featured":false,"source":"osm","osm_id":4510133489}},{"type":"Feature","geometry":{"type":"Point","coordinates":[85.43084,27.62359]},"properties":{"name":"Ranikot","name_ne":"रानीकोट","tier":"hamlet","rank":3,"featured":false,"source":"osm","osm_id":4515248689}},{"type":"Feature","geometry":{"type":"Point","coordinates":[84.36072,28.51203]},"properties":{"name":"Nache","tier":"village","rank":2,"featured":false,"source":"osm","osm_id":4594452992}},{"type":"Feature","geometry":{"type":"Point","coordinates":[85.27052,27.75877]},"properties":{"name":"Mudkhu","name_ne":"मुड्खु","tier":"village","rank":2,"featured":false,"source":"osm","osm_id":4607640096}},{"type":"Feature","geometry":{"type":"Point","coordinates":[84.43077,27.64175]},"properties":{"name":"Gauriganj","name_ne":"गौरीगंज","tier":"hamlet","rank":3,"featured":false,"source":"osm","osm_id":4675724414}},{"type":"Feature","geometry":{"type":"Point","coordinates":[85.0817,28.01752]},"properties":{"name":"Ambuchet","name_ne":"अम्बुचेट","tier":"hamlet","rank":3,"featured":false,"source":"osm","osm_id":4714732024}},{"type":"Feature","geometry":{"type":"Point","coordinates":[85.0868,28.02834]},"properties":{"name":"Bagale","tier":"hamlet","rank":3,"featured":false,"source":"osm","osm_id":4714732025}},{"type":"Feature","geometry":{"type":"Point","coordinates":[85.09375,28.0325]},"properties":{"name":"Boldogang","name_ne":"बोल्डोगाङ","tier":"hamlet","rank":3,"featured":false,"source":"osm","osm_id":4714732028}},{"type":"Feature","geometry":{"type":"Point","coordinates":[85.08817,28.02866]},"properties":{"name":"Chokhor","name_ne":"चोखोर","tier":"hamlet","rank":3,"featured":false,"source":"osm","osm_id":4714732031}},{"type":"Feature","geometry":{"type":"Point","coordinates":[85.08829,28.02953]},"properties":{"name":"Dimdungkhor","tier":"hamlet","rank":3,"featured":false,"source":"osm","osm_id":4714732032}},{"type":"Feature","geometry":{"type":"Point","coordinates":[85.09024,28.01897]},"properties":{"name":"Hop","name_ne":"होप","tier":"hamlet","rank":3,"featured":false,"source":"osm","osm_id":4714732037}},{"type":"Feature","geometry":{"type":"Point","coordinates":[85.09344,28.03724]},"properties":{"name":"Jongsa","name_ne":"जोङ्सा","tier":"hamlet","rank":3,"featured":false,"source":"osm","osm_id":4714732039}},{"type":"Feature","geometry":{"type":"Point","coordinates":[85.0875,28.03022]},"properties":{"name":"Yarsa","name_ne":"यार्सा","tier":"hamlet","rank":3,"featured":false,"source":"osm","osm_id":4714732054}},{"type":"Feature","geometry":{"type":"Point","coordinates":[85.14172,27.95469]},"properties":{"name":"Bhairamkot","name_ne":"भैरमकोट","tier":"hamlet","rank":3,"featured":false,"source":"osm","osm_id":4727563924}},{"type":"Feature","geometry":{"type":"Point","coordinates":[85.14379,27.95169]},"properties":{"name":"Bhyagute","name_ne":"भ्यागुते","tier":"hamlet","rank":3,"featured":false,"source":"osm","osm_id":4727563926}},{"type":"Feature","geometry":{"type":"Point","coordinates":[85.14645,27.95459]},"properties":{"name":"Gagate","name_ne":"गगते","tier":"hamlet","rank":3,"featured":false,"source":"osm","osm_id":4727563927}},{"type":"Feature","geometry":{"type":"Point","coordinates":[85.13097,27.95803]},"properties":{"name":"Gairathok","name_ne":"गैराथोक","tier":"village","rank":2,"featured":false,"source":"osm","osm_id":4727563929}},{"type":"Feature","geometry":{"type":"Point","coordinates":[85.14953,27.95604]},"properties":{"name":"Jafati","name_ne":"जफाती","tier":"hamlet","rank":3,"featured":false,"source":"osm","osm_id":4727563930}},{"type":"Feature","geometry":{"type":"Point","coordinates":[85.61009,27.6334]},"properties":{"name":"Bakhreldi","name_ne":"बखरेलदी","tier":"hamlet","rank":3,"featured":false,"source":"osm","osm_id":4727566728}},{"type":"Feature","geometry":{"type":"Point","coordinates":[85.60687,27.64263]},"properties":{"name":"Baniyadi","name_ne":"बानियादी","tier":"hamlet","rank":3,"featured":false,"source":"osm","osm_id":4727566729}},{"type":"Feature","geometry":{"type":"Point","coordinates":[85.60946,27.65573]},"properties":{"name":"Brahmapur","name_ne":"ब्रह्मपुर","tier":"hamlet","rank":3,"featured":false,"source":"osm","osm_id":4727566730}},{"type":"Feature","geometry":{"type":"Point","coordinates":[85.5898,27.62406]},"properties":{"name":"Dadelthok","name_ne":"डडेलठोक","tier":"hamlet","rank":3,"featured":false,"source":"osm","osm_id":4727566731}},{"type":"Feature","geometry":{"type":"Point","coordinates":[85.62118,27.62309]},"properties":{"name":"Dhunganabesi","name_ne":"ढुङ्गानाबेसी गाउँ","tier":"hamlet","rank":3,"featured":false,"source":"osm","osm_id":4727566732}},{"type":"Feature","geometry":{"type":"Point","coordinates":[85.59478,27.63408]},"properties":{"name":"Dhungepani","name_ne":"ढुङ्गेपानी","tier":"hamlet","rank":3,"featured":false,"source":"osm","osm_id":4727566733}},{"type":"Feature","geometry":{"type":"Point","coordinates":[85.61459,27.65895]},"properties":{"name":"Dudeshwar","name_ne":"दुधेश्वर","tier":"hamlet","rank":3,"featured":false,"source":"osm","osm_id":4727566734}},{"type":"Feature","geometry":{"type":"Point","coordinates":[85.60737,27.63766]},"properties":{"name":"Dulalthok","tier":"hamlet","rank":3,"featured":false,"source":"osm","osm_id":4727566735}},{"type":"Feature","geometry":{"type":"Point","coordinates":[85.62561,27.677]},"properties":{"name":"Phedi","name_ne":"फेदी","tier":"hamlet","rank":3,"featured":false,"source":"osm","osm_id":4727566736}},{"type":"Feature","geometry":{"type":"Point","coordinates":[85.59034,27.63255]},"properties":{"name":"Jagata","name_ne":"जगता","tier":"hamlet","rank":3,"featured":false,"source":"osm","osm_id":4727566737}},{"type":"Feature","geometry":{"type":"Point","coordinates":[85.60284,27.64639]},"properties":{"name":"Jantadi","name_ne":"जन्तदी","tier":"hamlet","rank":3,"featured":false,"source":"osm","osm_id":4727566738}},{"type":"Feature","geometry":{"type":"Point","coordinates":[85.61959,27.63145]},"properties":{"name":"Jhiganpur","name_ne":"झिगनपुर","tier":"hamlet","rank":3,"featured":false,"source":"osm","osm_id":4727566739}},{"type":"Feature","geometry":{"type":"Point","coordinates":[85.57755,27.6317]},"properties":{"name":"Jogithumka","name_ne":"जोगीथुम्का","tier":"hamlet","rank":3,"featured":false,"source":"osm","osm_id":4727566740}},{"type":"Feature","geometry":{"type":"Point","coordinates":[85.61188,27.65184]},"properties":{"name":"Jorpati","tier":"hamlet","rank":3,"featured":false,"source":"osm","osm_id":4727566741}},{"type":"Feature","geometry":{"type":"Point","coordinates":[85.60973,27.63948]},"properties":{"name":"Kaphledi","name_ne":"काफ्लेदी","tier":"hamlet","rank":3,"featured":false,"source":"osm","osm_id":4727566742}},{"type":"Feature","geometry":{"type":"Point","coordinates":[85.59467,27.6353]},"properties":{"name":"Keragarhi","name_ne":"केरागढी","tier":"hamlet","rank":3,"featured":false,"source":"osm","osm_id":4727566743}},{"type":"Feature","geometry":{"type":"Point","coordinates":[85.59836,27.6296]},"properties":{"name":"Khatri Tol","name_ne":"खत्री टोल","tier":"hamlet","rank":3,"featured":false,"source":"osm","osm_id":4727566744}},{"type":"Feature","geometry":{"type":"Point","coordinates":[85.58186,27.62841]},"properties":{"name":"Khawa","name_ne":"खावा","tier":"hamlet","rank":3,"featured":false,"source":"osm","osm_id":4727566745}},{"type":"Feature","geometry":{"type":"Point","coordinates":[85.6063,27.64599]},"properties":{"name":"Lamdi","name_ne":"लाम्दी","tier":"hamlet","rank":3,"featured":false,"source":"osm","osm_id":4727566746}},{"type":"Feature","geometry":{"type":"Point","coordinates":[85.62864,27.66588]},"properties":{"name":"Lami danda","name_ne":"लामीडाँडा","tier":"hamlet","rank":3,"featured":false,"source":"osm","osm_id":4727566747}},{"type":"Feature","geometry":{"type":"Point","coordinates":[85.59393,27.63166]},"properties":{"name":"Maidan","name_ne":"मैदान","tier":"hamlet","rank":3,"featured":false,"source":"osm","osm_id":4727566748}},{"type":"Feature","geometry":{"type":"Point","coordinates":[85.61366,27.63101]},"properties":{"name":"Paudelthok","name_ne":"पौडेलथोक","tier":"hamlet","rank":3,"featured":false,"source":"osm","osm_id":4727566751}},{"type":"Feature","geometry":{"type":"Point","coordinates":[85.62931,27.66245]},"properties":{"name":"Purano Bazar","name_ne":"पुरानो बजार","tier":"hamlet","rank":3,"featured":false,"source":"osm","osm_id":4727566753}},{"type":"Feature","geometry":{"type":"Point","coordinates":[85.61462,27.65361]},"properties":{"name":"Rampur","name_ne":"रामपुर","tier":"hamlet","rank":3,"featured":false,"source":"osm","osm_id":4727566754}},{"type":"Feature","geometry":{"type":"Point","coordinates":[85.59005,27.6458]},"properties":{"name":"Rayaley","name_ne":"रायले","tier":"hamlet","rank":3,"featured":false,"source":"osm","osm_id":4727566755}},{"type":"Feature","geometry":{"type":"Point","coordinates":[85.6064,27.62714]},"properties":{"name":"Salgarhi","name_ne":"सालगढी","tier":"hamlet","rank":3,"featured":false,"source":"osm","osm_id":4727566756}},{"type":"Feature","geometry":{"type":"Point","coordinates":[85.59163,27.63877]},"properties":{"name":"Saurbot","name_ne":"साउरबोट","tier":"hamlet","rank":3,"featured":false,"source":"osm","osm_id":4727566757}},{"type":"Feature","geometry":{"type":"Point","coordinates":[85.58384,27.62851]},"properties":{"name":"Simrinkot","name_ne":"सिमिकोट","tier":"hamlet","rank":3,"featured":false,"source":"osm","osm_id":4727566758}},{"type":"Feature","geometry":{"type":"Point","coordinates":[85.61901,27.64557]},"properties":{"name":"Tamaghat","name_ne":"तामाघाट","tier":"hamlet","rank":3,"featured":false,"source":"osm","osm_id":4727566759}},{"type":"Feature","geometry":{"type":"Point","coordinates":[85.59976,27.62701]},"properties":{"name":"Thati","name_ne":"ठाटी","tier":"hamlet","rank":3,"featured":false,"source":"osm","osm_id":4727566760}},{"type":"Feature","geometry":{"type":"Point","coordinates":[85.61872,27.66381]},"properties":{"name":"Thumka","name_ne":"थुम्का","tier":"hamlet","rank":3,"featured":false,"source":"osm","osm_id":4727566761}},{"type":"Feature","geometry":{"type":"Point","coordinates":[85.61153,27.6248]},"properties":{"name":"Yaktabasti","name_ne":"एकताबस्ती","tier":"hamlet","rank":3,"featured":false,"source":"osm","osm_id":4727566763}},{"type":"Feature","geometry":{"type":"Point","coordinates":[85.6321,27.66941]},"properties":{"name":"Zero Kilo","tier":"hamlet","rank":3,"featured":false,"source":"osm","osm_id":4727566764}},{"type":"Feature","geometry":{"type":"Point","coordinates":[85.0673,27.7514]},"properties":{"name":"Mahadev Besi","name_ne":"महादेव बेसी","tier":"hamlet","rank":3,"featured":false,"source":"osm","osm_id":4733336167}},{"type":"Feature","geometry":{"type":"Point","coordinates":[85.39272,27.64081]},"properties":{"name":"Biruwa","name_ne":"बिरुवा","tier":"village","rank":2,"featured":false,"source":"osm","osm_id":4742463421,"population":1000}},{"type":"Feature","geometry":{"type":"Point","coordinates":[84.85828,27.93791]},"properties":{"name":"Jyamire Bhanjyang","name_ne":"ज्यामिरेभञ्ज्याङ","tier":"hamlet","rank":3,"featured":false,"source":"osm","osm_id":4757473068}},{"type":"Feature","geometry":{"type":"Point","coordinates":[85.01235,28.10239]},"properties":{"name":"Neprangchet","name_ne":"नेप्राङ्चेट","tier":"hamlet","rank":3,"featured":false,"source":"osm","osm_id":4757473081}},{"type":"Feature","geometry":{"type":"Point","coordinates":[84.86999,27.90607]},"properties":{"name":"Ramkot Kumal Gaun","name_ne":"रम्कोट कुमाल गाउँ","tier":"hamlet","rank":3,"featured":false,"source":"osm","osm_id":4757474457}},{"type":"Feature","geometry":{"type":"Point","coordinates":[85.0287,28.13255]},"properties":{"name":"Percho, Jharlang","tier":"village","rank":2,"featured":false,"source":"osm","osm_id":4757474469}},{"type":"Feature","geometry":{"type":"Point","coordinates":[84.85163,27.96295]},"properties":{"name":"Gola Bhanjyang","name_ne":"गोलाभञ्ज्याङ","tier":"hamlet","rank":3,"featured":false,"source":"osm","osm_id":4757474727}},{"type":"Feature","geometry":{"type":"Point","coordinates":[85.01263,28.11121]},"properties":{"name":"Meyam","name_ne":"मेयाम","tier":"hamlet","rank":3,"featured":false,"source":"osm","osm_id":4757475705}},{"type":"Feature","geometry":{"type":"Point","coordinates":[84.54267,27.91043]},"properties":{"name":"Phedi Bazar","name_ne":"फेदी बजार","tier":"village","rank":2,"featured":false,"source":"osm","osm_id":4793464260}},{"type":"Feature","geometry":{"type":"Point","coordinates":[84.55379,27.93934]},"properties":{"name":"Abuwa","tier":"village","rank":2,"featured":false,"source":"osm","osm_id":4793477772}},{"type":"Feature","geometry":{"type":"Point","coordinates":[84.55204,27.94395]},"properties":{"name":"Karmasin","tier":"village","rank":2,"featured":false,"source":"osm","osm_id":4793479296}},{"type":"Feature","geometry":{"type":"Point","coordinates":[84.55973,27.95671]},"properties":{"name":"Syauli Bazaar","tier":"village","rank":2,"featured":false,"source":"osm","osm_id":4793484020}},{"type":"Feature","geometry":{"type":"Point","coordinates":[84.59228,27.97065]},"properties":{"name":"Birenchok","tier":"village","rank":2,"featured":false,"source":"osm","osm_id":4793529412}},{"type":"Feature","geometry":{"type":"Point","coordinates":[84.59081,27.88203]},"properties":{"name":"Silintar","tier":"village","rank":2,"featured":false,"source":"osm","osm_id":4800345719}},{"type":"Feature","geometry":{"type":"Point","coordinates":[84.57,27.877]},"properties":{"name":"Gyajhadada","tier":"hamlet","rank":3,"featured":false,"source":"osm","osm_id":4800364653}},{"type":"Feature","geometry":{"type":"Point","coordinates":[84.54388,27.89477]},"properties":{"name":"Namjun","tier":"hamlet","rank":3,"featured":false,"source":"osm","osm_id":4800371211}},{"type":"Feature","geometry":{"type":"Point","coordinates":[85.0877,27.71528]},"properties":{"name":"Thakre","name_ne":"थाक्रे","tier":"hamlet","rank":3,"featured":false,"source":"osm","osm_id":4815062789}},{"type":"Feature","geometry":{"type":"Point","coordinates":[84.64243,28.18579]},"properties":{"name":"Lamidanda","name_ne":"लामिडाँडा","tier":"village","rank":2,"featured":false,"source":"osm","osm_id":4815807684}},{"type":"Feature","geometry":{"type":"Point","coordinates":[84.57278,27.97817]},"properties":{"name":"Nagapani","tier":"village","rank":2,"featured":false,"source":"osm","osm_id":4820069366}},{"type":"Feature","geometry":{"type":"Point","coordinates":[85.07427,28.50629]},"properties":{"name":"Lamagaun","tier":"village","rank":2,"featured":false,"source":"osm","osm_id":4836644365}},{"type":"Feature","geometry":{"type":"Point","coordinates":[84.88314,28.2544]},"properties":{"name":"Khorlabesi","tier":"village","rank":2,"featured":false,"source":"osm","osm_id":4836749771}},{"type":"Feature","geometry":{"type":"Point","coordinates":[84.91851,28.44213]},"properties":{"name":"Lokpha","tier":"hamlet","rank":3,"featured":false,"source":"osm","osm_id":4843051599}},{"type":"Feature","geometry":{"type":"Point","coordinates":[85.10836,28.54063]},"properties":{"name":"Chule","tier":"village","rank":2,"featured":false,"source":"osm","osm_id":4843545294}},{"type":"Feature","geometry":{"type":"Point","coordinates":[85.10553,28.54369]},"properties":{"name":"Nile","tier":"village","rank":2,"featured":false,"source":"osm","osm_id":4843545295}},{"type":"Feature","geometry":{"type":"Point","coordinates":[84.90016,28.44158]},"properties":{"name":"Nyak Phedi","tier":"hamlet","rank":3,"featured":false,"source":"osm","osm_id":4845077907}},{"type":"Feature","geometry":{"type":"Point","coordinates":[85.00266,28.47204]},"properties":{"name":"Dramba","tier":"hamlet","rank":3,"featured":false,"source":"osm","osm_id":4845077908}},{"type":"Feature","geometry":{"type":"Point","coordinates":[84.82074,28.08288]},"properties":{"name":"Aruarbang","tier":"village","rank":2,"featured":false,"source":"osm","osm_id":4894699653}},{"type":"Feature","geometry":{"type":"Point","coordinates":[84.82002,28.09673]},"properties":{"name":"Aruarbang","tier":"hamlet","rank":3,"featured":false,"source":"osm","osm_id":4894758399}},{"type":"Feature","geometry":{"type":"Point","coordinates":[84.81932,28.06805]},"properties":{"name":"Aaru Chanuate","tier":"village","rank":2,"featured":false,"source":"osm","osm_id":4894762959}},{"type":"Feature","geometry":{"type":"Point","coordinates":[84.77247,27.81064]},"properties":{"name":"Ghyalchok","tier":"village","rank":2,"featured":false,"source":"osm","osm_id":4894808470}},{"type":"Feature","geometry":{"type":"Point","coordinates":[84.73807,27.81133]},"properties":{"name":"Ghyalchok","name_ne":"घ्यालचोक","tier":"village","rank":2,"featured":false,"source":"osm","osm_id":4894828107}},{"type":"Feature","geometry":{"type":"Point","coordinates":[84.7003,27.827]},"properties":{"name":"Bhumlichok","name_ne":"भुम्लिचोक","tier":"village","rank":2,"featured":false,"source":"osm","osm_id":4894877151}},{"type":"Feature","geometry":{"type":"Point","coordinates":[84.7315,27.86918]},"properties":{"name":"Darbhung","name_ne":"दरभुङ","tier":"village","rank":2,"featured":false,"source":"osm","osm_id":4896396585}},{"type":"Feature","geometry":{"type":"Point","coordinates":[84.65954,28.1346]},"properties":{"name":"Muchhok","name_ne":"मुछोक","tier":"village","rank":2,"featured":false,"source":"osm","osm_id":4896547273}},{"type":"Feature","geometry":{"type":"Point","coordinates":[84.72036,28.17134]},"properties":{"name":"Saurpani","name_ne":"सउरपानी","tier":"village","rank":2,"featured":false,"source":"osm","osm_id":4899256557}},{"type":"Feature","geometry":{"type":"Point","coordinates":[84.72625,28.11059]},"properties":{"name":"Swanra","name_ne":"स्वानरा","tier":"village","rank":2,"featured":false,"source":"osm","osm_id":4899432715}},{"type":"Feature","geometry":{"type":"Point","coordinates":[84.67949,28.09665]},"properties":{"name":"Ta.ma.la. Bot","name_ne":"तामला बोट","tier":"village","rank":2,"featured":false,"source":"osm","osm_id":4901251326}},{"type":"Feature","geometry":{"type":"Point","coordinates":[84.66129,28.10061]},"properties":{"name":"Srinathkot","tier":"village","rank":2,"featured":false,"source":"osm","osm_id":4901354421}},{"type":"Feature","geometry":{"type":"Point","coordinates":[84.79104,28.10556]},"properties":{"name":"Aruarbang","tier":"village","rank":2,"featured":false,"source":"osm","osm_id":4901375019}},{"type":"Feature","geometry":{"type":"Point","coordinates":[84.71438,28.07085]},"properties":{"name":"Pandrung","name_ne":"पान्दरुङ","tier":"village","rank":2,"featured":false,"source":"osm","osm_id":4901459251}},{"type":"Feature","geometry":{"type":"Point","coordinates":[84.57843,27.92892]},"properties":{"name":"Bakrang","name_ne":"बाकराङ","tier":"village","rank":2,"featured":false,"source":"osm","osm_id":4901511974}},{"type":"Feature","geometry":{"type":"Point","coordinates":[84.66232,28.06462]},"properties":{"name":"Takukot","name_ne":"ताकुकोट","tier":"village","rank":2,"featured":false,"source":"osm","osm_id":4901656937}},{"type":"Feature","geometry":{"type":"Point","coordinates":[84.61523,28.04842]},"properties":{"name":"Gakhu","name_ne":"गाखु","tier":"village","rank":2,"featured":false,"source":"osm","osm_id":4903161518}},{"type":"Feature","geometry":{"type":"Point","coordinates":[84.54043,28.04294]},"properties":{"name":"Chapa Bhanjyang","name_ne":"छापा भन्ज्याङ","tier":"village","rank":2,"featured":false,"source":"osm","osm_id":4903171044}},{"type":"Feature","geometry":{"type":"Point","coordinates":[84.58943,28.07271]},"properties":{"name":"Chhoprak","name_ne":"छोपराक","tier":"village","rank":2,"featured":false,"source":"osm","osm_id":4903194912}},{"type":"Feature","geometry":{"type":"Point","coordinates":[84.71881,28.12696]},"properties":{"name":"Saurpani","name_ne":"सउरपानी","tier":"village","rank":2,"featured":false,"source":"osm","osm_id":4903281970}},{"type":"Feature","geometry":{"type":"Point","coordinates":[84.63991,28.09623]},"properties":{"name":"Srinathkot","tier":"village","rank":2,"featured":false,"source":"osm","osm_id":4903358915}},{"type":"Feature","geometry":{"type":"Point","coordinates":[84.65454,28.1128]},"properties":{"name":"Jaubari","name_ne":"जाउबरी","tier":"village","rank":2,"featured":false,"source":"osm","osm_id":4903406119}},{"type":"Feature","geometry":{"type":"Point","coordinates":[84.64816,28.1554]},"properties":{"name":"Bhachchek","name_ne":"भचेच्क बजार","tier":"village","rank":2,"featured":false,"source":"osm","osm_id":4903457471}},{"type":"Feature","geometry":{"type":"Point","coordinates":[84.64655,28.19639]},"properties":{"name":"Kharibot","name_ne":"खरीबोट","tier":"village","rank":2,"featured":false,"source":"osm","osm_id":4903495229}},{"type":"Feature","geometry":{"type":"Point","coordinates":[84.66861,28.17709]},"properties":{"name":"Simjung","tier":"village","rank":2,"featured":false,"source":"osm","osm_id":4903499043}},{"type":"Feature","geometry":{"type":"Point","coordinates":[84.71659,28.20765]},"properties":{"name":"Ghyachok","tier":"village","rank":2,"featured":false,"source":"osm","osm_id":4903506527}},{"type":"Feature","geometry":{"type":"Point","coordinates":[84.91212,28.43939]},"properties":{"name":"Chumchet","name_ne":"चुमचेट","tier":"village","rank":2,"featured":false,"source":"osm","osm_id":4903609097}},{"type":"Feature","geometry":{"type":"Point","coordinates":[84.82676,28.53544]},"properties":{"name":"Upper Chhak","name_ne":"प्रोक","tier":"village","rank":2,"featured":false,"source":"osm","osm_id":4903649464}},{"type":"Feature","geometry":{"type":"Point","coordinates":[84.54251,27.91732]},"properties":{"name":"Deurali","name_ne":"देउराली","tier":"hamlet","rank":3,"featured":false,"source":"osm","osm_id":4905343545}},{"type":"Feature","geometry":{"type":"Point","coordinates":[84.47311,27.95373]},"properties":{"name":"Dhuwakot","name_ne":"धूवाकोट","tier":"village","rank":2,"featured":false,"source":"osm","osm_id":4908531981}},{"type":"Feature","geometry":{"type":"Point","coordinates":[84.43799,27.96131]},"properties":{"name":"Chyngli","tier":"village","rank":2,"featured":false,"source":"osm","osm_id":4908549867}},{"type":"Feature","geometry":{"type":"Point","coordinates":[84.49382,27.99357]},"properties":{"name":"Gaikhur","name_ne":"गाइखुर","tier":"village","rank":2,"featured":false,"source":"osm","osm_id":4908685181}},{"type":"Feature","geometry":{"type":"Point","coordinates":[84.51065,27.98233]},"properties":{"name":"Mirkot","name_ne":"मिरकोट","tier":"village","rank":2,"featured":false,"source":"osm","osm_id":4908697435}},{"type":"Feature","geometry":{"type":"Point","coordinates":[84.55251,27.99866]},"properties":{"name":"Mirkot","name_ne":"मिरकोट","tier":"village","rank":2,"featured":false,"source":"osm","osm_id":4910252857}},{"type":"Feature","geometry":{"type":"Point","coordinates":[84.5172,28.02506]},"properties":{"name":"Palungtar","name_ne":"पालुङटार","tier":"village","rank":2,"featured":false,"source":"osm","osm_id":4910366217}},{"type":"Feature","geometry":{"type":"Point","coordinates":[84.51836,28.06118]},"properties":{"name":"Aanppipal","name_ne":"आनपिपल","tier":"village","rank":2,"featured":false,"source":"osm","osm_id":4910499844}},{"type":"Feature","geometry":{"type":"Point","coordinates":[84.52021,28.08446]},"properties":{"name":"Harmhi","name_ne":"हामहि","tier":"village","rank":2,"featured":false,"source":"osm","osm_id":4911948932}},{"type":"Feature","geometry":{"type":"Point","coordinates":[84.55144,28.10515]},"properties":{"name":"Thalajung","name_ne":"थालाजङ","tier":"village","rank":2,"featured":false,"source":"osm","osm_id":4911977362}},{"type":"Feature","geometry":{"type":"Point","coordinates":[84.52306,27.9225]},"properties":{"name":"Deurali","name_ne":"देउराली","tier":"village","rank":2,"featured":false,"source":"osm","osm_id":4912198898}},{"type":"Feature","geometry":{"type":"Point","coordinates":[84.59053,27.93657]},"properties":{"name":"Bakrang","name_ne":"बकराङ","tier":"village","rank":2,"featured":false,"source":"osm","osm_id":4912203436}},{"type":"Feature","geometry":{"type":"Point","coordinates":[84.89516,28.18744]},"properties":{"name":"Kashigaun","name_ne":"काशीगाउँ","tier":"village","rank":2,"featured":false,"source":"osm","osm_id":4912235376}},{"type":"Feature","geometry":{"type":"Point","coordinates":[84.80226,28.2163]},"properties":{"name":"Laprak","name_ne":"लापराक","tier":"village","rank":2,"featured":false,"source":"osm","osm_id":4914021426}},{"type":"Feature","geometry":{"type":"Point","coordinates":[84.82243,28.19404]},"properties":{"name":"Gumda","name_ne":"गुम्डा","tier":"village","rank":2,"featured":false,"source":"osm","osm_id":4914026455}},{"type":"Feature","geometry":{"type":"Point","coordinates":[84.85785,28.19547]},"properties":{"name":"Lapu","name_ne":"लपु","tier":"village","rank":2,"featured":false,"source":"osm","osm_id":4914035911}},{"type":"Feature","geometry":{"type":"Point","coordinates":[84.83664,28.10008]},"properties":{"name":"Thumi","name_ne":"थूंमी","tier":"hamlet","rank":3,"featured":false,"source":"osm","osm_id":4914048032}},{"type":"Feature","geometry":{"type":"Point","coordinates":[84.65549,27.87505]},"properties":{"name":"Makaising","name_ne":"मकाइसिङ","tier":"village","rank":2,"featured":false,"source":"osm","osm_id":4914163421}},{"type":"Feature","geometry":{"type":"Point","coordinates":[84.67449,27.88556]},"properties":{"name":"Tanglichok","name_ne":"ताङलीचोक","tier":"village","rank":2,"featured":false,"source":"osm","osm_id":4914188615}},{"type":"Feature","geometry":{"type":"Point","coordinates":[84.80619,28.00536]},"properties":{"name":"Dhawa","name_ne":"धावा","tier":"hamlet","rank":3,"featured":false,"source":"osm","osm_id":4914427527}},{"type":"Feature","geometry":{"type":"Point","coordinates":[84.72624,28.02979]},"properties":{"name":"Baguwa","name_ne":"बागुवा","tier":"village","rank":2,"featured":false,"source":"osm","osm_id":4914461843}},{"type":"Feature","geometry":{"type":"Point","coordinates":[84.70364,28.03097]},"properties":{"name":"Taple","name_ne":"ताप्ले","tier":"village","rank":2,"featured":false,"source":"osm","osm_id":4914479311}},{"type":"Feature","geometry":{"type":"Point","coordinates":[84.69812,28.02008]},"properties":{"name":"Asrang","name_ne":"आसराङ","tier":"village","rank":2,"featured":false,"source":"osm","osm_id":4914487103}},{"type":"Feature","geometry":{"type":"Point","coordinates":[84.71322,27.89576]},"properties":{"name":"Phujel","name_ne":"फुजेल","tier":"hamlet","rank":3,"featured":false,"source":"osm","osm_id":4914662918}},{"type":"Feature","geometry":{"type":"Point","coordinates":[84.75119,28.06268]},"properties":{"name":"Panchkhuwa Deurali","name_ne":"पन्चकुवा देउराली","tier":"village","rank":2,"featured":false,"source":"osm","osm_id":4916529901}},{"type":"Feature","geometry":{"type":"Point","coordinates":[84.79552,27.85568]},"properties":{"name":"Salang","name_ne":"सलाङ","tier":"hamlet","rank":3,"featured":false,"source":"osm","osm_id":4921541349}},{"type":"Feature","geometry":{"type":"Point","coordinates":[84.7764,27.89778]},"properties":{"name":"Maidi","name_ne":"माइदी","tier":"hamlet","rank":3,"featured":false,"source":"osm","osm_id":4921544269}},{"type":"Feature","geometry":{"type":"Point","coordinates":[84.81772,27.92407]},"properties":{"name":"Dhola","name_ne":"धोला","tier":"hamlet","rank":3,"featured":false,"source":"osm","osm_id":4921647777}},{"type":"Feature","geometry":{"type":"Point","coordinates":[84.86975,27.9967]},"properties":{"name":"Tripureshwar","name_ne":"त्रिपुरेस्वर","tier":"hamlet","rank":3,"featured":false,"source":"osm","osm_id":4921724307}},{"type":"Feature","geometry":{"type":"Point","coordinates":[84.95147,28.05235]},"properties":{"name":"Gumdi","name_ne":"गुम्दी","tier":"hamlet","rank":3,"featured":false,"source":"osm","osm_id":4921770372}},{"type":"Feature","geometry":{"type":"Point","coordinates":[85.024,28.11052]},"properties":{"name":"Jharlang","name_ne":"झरलाङ","tier":"village","rank":2,"featured":false,"source":"osm","osm_id":4922001796}},{"type":"Feature","geometry":{"type":"Point","coordinates":[84.87659,28.02837]},"properties":{"name":"Aginchok","name_ne":"अगिनचोक","tier":"hamlet","rank":3,"featured":false,"source":"osm","osm_id":4923356149}},{"type":"Feature","geometry":{"type":"Point","coordinates":[84.98547,27.98902]},"properties":{"name":"Semjong","name_ne":"सेमजोंङ","tier":"hamlet","rank":3,"featured":false,"source":"osm","osm_id":4928260843}},{"type":"Feature","geometry":{"type":"Point","coordinates":[85.07083,28.17031]},"properties":{"name":"Rubi Valley","name_ne":"रुवी भ्याली","tier":"village","rank":2,"featured":false,"source":"osm","osm_id":4930536947}},{"type":"Feature","geometry":{"type":"Point","coordinates":[85.47508,27.64988]},"properties":{"name":"Chitpol","name_ne":"चित्तपोल","tier":"hamlet","rank":3,"featured":false,"source":"osm","osm_id":4932582630}},{"type":"Feature","geometry":{"type":"Point","coordinates":[84.87153,27.85285]},"properties":{"name":"Kumpur","name_ne":"कुमपुर","tier":"hamlet","rank":3,"featured":false,"source":"osm","osm_id":4934934105}},{"type":"Feature","geometry":{"type":"Point","coordinates":[85.04717,27.7339]},"properties":{"name":"Tasarpu","name_ne":"तसरपु","tier":"hamlet","rank":3,"featured":false,"source":"osm","osm_id":4935030086}},{"type":"Feature","geometry":{"type":"Point","coordinates":[85.2043,27.72621]},"properties":{"name":"Chhatre Dyaurali","name_ne":"छत्रे देउराली","tier":"hamlet","rank":3,"featured":false,"source":"osm","osm_id":4935099225}},{"type":"Feature","geometry":{"type":"Point","coordinates":[85.15985,27.75923]},"properties":{"name":"Jiwanpur","name_ne":"जिवनपुर","tier":"hamlet","rank":3,"featured":false,"source":"osm","osm_id":4935116639}},{"type":"Feature","geometry":{"type":"Point","coordinates":[85.1037,27.75965]},"properties":{"name":"Kewalpur","name_ne":"केवलपुर","tier":"hamlet","rank":3,"featured":false,"source":"osm","osm_id":4935120590}},{"type":"Feature","geometry":{"type":"Point","coordinates":[85.08513,27.76724]},"properties":{"name":"Goganpani","name_ne":"गोगनपानी","tier":"hamlet","rank":3,"featured":false,"source":"osm","osm_id":4935193787}},{"type":"Feature","geometry":{"type":"Point","coordinates":[84.95404,27.87954]},"properties":{"name":"Khalte","name_ne":"खाल्टे","tier":"hamlet","rank":3,"featured":false,"source":"osm","osm_id":4935223349}},{"type":"Feature","geometry":{"type":"Point","coordinates":[84.885,27.88006]},"properties":{"name":"Sunaula Bazar","name_ne":"सुनौला बजार","tier":"hamlet","rank":3,"featured":false,"source":"osm","osm_id":4935250634}},{"type":"Feature","geometry":{"type":"Point","coordinates":[84.98875,27.93088]},"properties":{"name":"Dhuwakot","name_ne":"धुवाकोट","tier":"hamlet","rank":3,"featured":false,"source":"osm","osm_id":4936553806}},{"type":"Feature","geometry":{"type":"Point","coordinates":[84.90539,27.97935]},"properties":{"name":"Jyamrung","name_ne":"ज्यामरुङ","tier":"hamlet","rank":3,"featured":false,"source":"osm","osm_id":4936562028}},{"type":"Feature","geometry":{"type":"Point","coordinates":[85.00553,27.81887]},"properties":{"name":"Kalleri","name_ne":"कल्लेरी","tier":"hamlet","rank":3,"featured":false,"source":"osm","osm_id":4936602231}},{"type":"Feature","geometry":{"type":"Point","coordinates":[84.77809,27.93806]},"properties":{"name":"Khari","name_ne":"खरी","tier":"hamlet","rank":3,"featured":false,"source":"osm","osm_id":4936660533}},{"type":"Feature","geometry":{"type":"Point","coordinates":[84.70231,27.77398]},"properties":{"name":"Jogimara","name_ne":"जोगींमारा","tier":"hamlet","rank":3,"featured":false,"source":"osm","osm_id":4938277502}},{"type":"Feature","geometry":{"type":"Point","coordinates":[84.9403,27.75884]},"properties":{"name":"Kiranchok","name_ne":"किरनचोक","tier":"hamlet","rank":3,"featured":false,"source":"osm","osm_id":4939963943}},{"type":"Feature","geometry":{"type":"Point","coordinates":[84.94517,27.80548]},"properties":{"name":"Pida","name_ne":"पिडा","tier":"hamlet","rank":3,"featured":false,"source":"osm","osm_id":4940185656}},{"type":"Feature","geometry":{"type":"Point","coordinates":[84.75163,27.80386]},"properties":{"name":"Dhussa","name_ne":"धुस्सा","tier":"village","rank":2,"featured":false,"source":"osm","osm_id":4941661567}},{"type":"Feature","geometry":{"type":"Point","coordinates":[85.12278,27.65069]},"properties":{"name":"Bajrabarahi","name_ne":"बज्रबाराही","tier":"hamlet","rank":3,"featured":false,"source":"osm","osm_id":4943539704}},{"type":"Feature","geometry":{"type":"Point","coordinates":[85.19749,27.6226]},"properties":{"name":"Phakhel","name_ne":"फाखेल","tier":"hamlet","rank":3,"featured":false,"source":"osm","osm_id":4948496034}},{"type":"Feature","geometry":{"type":"Point","coordinates":[85.08852,27.69501]},"properties":{"name":"Tistung Deurali","name_ne":"टिस्टुङ देउराली","tier":"hamlet","rank":3,"featured":false,"source":"osm","osm_id":4965794172}},{"type":"Feature","geometry":{"type":"Point","coordinates":[85.25365,28.01046]},"properties":{"name":"Yarsa","name_ne":"यारसा","tier":"hamlet","rank":3,"featured":false,"source":"osm","osm_id":4967599293}},{"type":"Feature","geometry":{"type":"Point","coordinates":[85.36695,28.1995]},"properties":{"name":"Briddim","name_ne":"बृद्‌धिम","tier":"hamlet","rank":3,"featured":false,"source":"osm","osm_id":4968010288}},{"type":"Feature","geometry":{"type":"Point","coordinates":[85.64633,27.96618]},"properties":{"name":"Bhotang","name_ne":"भोताङ","tier":"hamlet","rank":3,"featured":false,"source":"osm","osm_id":4973238936}},{"type":"Feature","geometry":{"type":"Point","coordinates":[85.58271,27.88496]},"properties":{"name":"Duwachaur","name_ne":"दुवाचैार","tier":"hamlet","rank":3,"featured":false,"source":"osm","osm_id":4973280559}},{"type":"Feature","geometry":{"type":"Point","coordinates":[85.51703,27.81651]},"properties":{"name":"Sindhukot","name_ne":"सिन्धुकोट","tier":"hamlet","rank":3,"featured":false,"source":"osm","osm_id":4973392881}},{"type":"Feature","geometry":{"type":"Point","coordinates":[85.65036,27.94605]},"properties":{"name":"Thangpalkot","name_ne":"थाङपालकोट","tier":"hamlet","rank":3,"featured":false,"source":"osm","osm_id":4974856190}},{"type":"Feature","geometry":{"type":"Point","coordinates":[85.669,27.92192]},"properties":{"name":"Gunsakot","name_ne":"गुन्साकोट","tier":"hamlet","rank":3,"featured":false,"source":"osm","osm_id":4974901094}},{"type":"Feature","geometry":{"type":"Point","coordinates":[85.61281,27.87014]},"properties":{"name":"Langarche","name_ne":"लाङ्गार्चे","tier":"hamlet","rank":3,"featured":false,"source":"osm","osm_id":4974953985}},{"type":"Feature","geometry":{"type":"Point","coordinates":[85.64933,27.82602]},"properties":{"name":"Simpal Kavre","name_ne":"सिम्पल काभ्रे","tier":"hamlet","rank":3,"featured":false,"source":"osm","osm_id":4976783969}},{"type":"Feature","geometry":{"type":"Point","coordinates":[85.65586,27.80757]},"properties":{"name":"Kunchok","name_ne":"कुन्चोक","tier":"hamlet","rank":3,"featured":false,"source":"osm","osm_id":4976843539}},{"type":"Feature","geometry":{"type":"Point","coordinates":[85.74626,27.88475]},"properties":{"name":"Golche","name_ne":"गोल्छे","tier":"hamlet","rank":3,"featured":false,"source":"osm","osm_id":4978853403}},{"type":"Feature","geometry":{"type":"Point","coordinates":[85.57077,27.76297]},"properties":{"name":"Phatakshila","name_ne":"फटकसिला","tier":"hamlet","rank":3,"featured":false,"source":"osm","osm_id":4984199718}},{"type":"Feature","geometry":{"type":"Point","coordinates":[85.59465,27.67719]},"properties":{"name":"Anaikot","name_ne":"अनेकोट","tier":"hamlet","rank":3,"featured":false,"source":"osm","osm_id":4996094796}},{"type":"Feature","geometry":{"type":"Point","coordinates":[85.55059,27.75311]},"properties":{"name":"Baluwapati Deupur","name_ne":"बालुवापाटी देउपुर","tier":"hamlet","rank":3,"featured":false,"source":"osm","osm_id":4996144082}},{"type":"Feature","geometry":{"type":"Point","coordinates":[85.72942,27.61678]},"properties":{"name":"Phalate Bhumlu","name_ne":"फलाँटे भुम्लु","tier":"hamlet","rank":3,"featured":false,"source":"osm","osm_id":5002968555}},{"type":"Feature","geometry":{"type":"Point","coordinates":[85.57427,27.73122]},"properties":{"name":"Gairi Bisauna Deupur","name_ne":"गैरीबिसौना देउपुर","tier":"hamlet","rank":3,"featured":false,"source":"osm","osm_id":5004289957}},{"type":"Feature","geometry":{"type":"Point","coordinates":[85.65473,27.65099]},"properties":{"name":"Hokse Bazar","name_ne":"होक्से बजार","tier":"hamlet","rank":3,"featured":false,"source":"osm","osm_id":5006325012}},{"type":"Feature","geometry":{"type":"Point","coordinates":[85.58228,27.60432]},"properties":{"name":"Kavre Nitya Chandeswori","name_ne":"काभ्रे नित्यचण्डेश्वरी","tier":"hamlet","rank":3,"featured":false,"source":"osm","osm_id":5006645643}},{"type":"Feature","geometry":{"type":"Point","coordinates":[85.49236,27.62067]},"properties":{"name":"Mahendra Jyoti","name_ne":"महेन्द्रज्योति","tier":"hamlet","rank":3,"featured":false,"source":"osm","osm_id":5009084150}},{"type":"Feature","geometry":{"type":"Point","coordinates":[85.53373,27.65493]},"properties":{"name":"Ugrachandi Nala","name_ne":"उग्रचण्डी नाला","tier":"hamlet","rank":3,"featured":false,"source":"osm","osm_id":5009324075}},{"type":"Feature","geometry":{"type":"Point","coordinates":[85.48223,27.64047]},"properties":{"name":"Nasikasthan Sanga","name_ne":"नासिकास्थान साँगा","tier":"hamlet","rank":3,"featured":false,"source":"osm","osm_id":5009333548}},{"type":"Feature","geometry":{"type":"Point","coordinates":[85.56786,27.7058]},"properties":{"name":"Nayagaun Deupur","name_ne":"नयाँगाउँ देउपुर","tier":"hamlet","rank":3,"featured":false,"source":"osm","osm_id":5010790429}},{"type":"Feature","geometry":{"type":"Point","coordinates":[85.53838,27.64225]},"properties":{"name":"Ravi Opi","name_ne":"रविओपी","tier":"hamlet","rank":3,"featured":false,"source":"osm","osm_id":5013247762}},{"type":"Feature","geometry":{"type":"Point","coordinates":[85.67565,27.62762]},"properties":{"name":"Sathighar Bhagwati","name_ne":"साथीघर भगवती","tier":"hamlet","rank":3,"featured":false,"source":"osm","osm_id":5013691334}},{"type":"Feature","geometry":{"type":"Point","coordinates":[85.49788,27.65873]},"properties":{"name":"Tukucha Nala","name_ne":"टुकुचा नाला","tier":"hamlet","rank":3,"featured":false,"source":"osm","osm_id":5021326415}},{"type":"Feature","geometry":{"type":"Point","coordinates":[85.23579,27.7884]},"properties":{"name":"Okharpauwa","name_ne":"ओखरपौवा","tier":"hamlet","rank":3,"featured":false,"source":"osm","osm_id":5045958153}},{"type":"Feature","geometry":{"type":"Point","coordinates":[85.28735,27.85703]},"properties":{"name":"Thanapati","name_ne":"थानपति","tier":"hamlet","rank":3,"featured":false,"source":"osm","osm_id":5046089165}},{"type":"Feature","geometry":{"type":"Point","coordinates":[85.34979,27.8443]},"properties":{"name":"Samundradevi","name_ne":"समुन्द्रादेवी","tier":"hamlet","rank":3,"featured":false,"source":"osm","osm_id":5046103275}},{"type":"Feature","geometry":{"type":"Point","coordinates":[85.215,27.86885]},"properties":{"name":"Chaturale","name_ne":"चतुराले","tier":"hamlet","rank":3,"featured":false,"source":"osm","osm_id":5047291810}},{"type":"Feature","geometry":{"type":"Point","coordinates":[85.24934,27.83268]},"properties":{"name":"Dandagaun","name_ne":"डाँडागाउँ","tier":"hamlet","rank":3,"featured":false,"source":"osm","osm_id":5047306168}},{"type":"Feature","geometry":{"type":"Point","coordinates":[85.37418,27.84636]},"properties":{"name":"Sikre","name_ne":"सिक्रे","tier":"hamlet","rank":3,"featured":false,"source":"osm","osm_id":5047367834}},{"type":"Feature","geometry":{"type":"Point","coordinates":[85.42508,27.84923]},"properties":{"name":"Talakhu","name_ne":"तलाखु","tier":"hamlet","rank":3,"featured":false,"source":"osm","osm_id":5047482680}},{"type":"Feature","geometry":{"type":"Point","coordinates":[85.41543,27.83638]},"properties":{"name":"Chhap","name_ne":"छाप","tier":"hamlet","rank":3,"featured":false,"source":"osm","osm_id":5047616689}},{"type":"Feature","geometry":{"type":"Point","coordinates":[85.32349,27.87319]},"properties":{"name":"Bhadratar","name_ne":"भद्रुटार","tier":"hamlet","rank":3,"featured":false,"source":"osm","osm_id":5047986859}},{"type":"Feature","geometry":{"type":"Point","coordinates":[85.29806,27.97702]},"properties":{"name":"Lachyang","name_ne":"लछ्याङ","tier":"hamlet","rank":3,"featured":false,"source":"osm","osm_id":5052630542}},{"type":"Feature","geometry":{"type":"Point","coordinates":[85.28236,27.91969]},"properties":{"name":"Narjamandap","name_ne":"नर्जामण्डप","tier":"hamlet","rank":3,"featured":false,"source":"osm","osm_id":5052655881}},{"type":"Feature","geometry":{"type":"Point","coordinates":[85.23552,27.93146]},"properties":{"name":"Haldekalika","name_ne":"हल्देकालीका","tier":"hamlet","rank":3,"featured":false,"source":"osm","osm_id":5052696006}},{"type":"Feature","geometry":{"type":"Point","coordinates":[85.24022,27.917]},"properties":{"name":"Ganeshthan","name_ne":"गणेस्थान","tier":"village","rank":2,"featured":false,"source":"osm","osm_id":5052958023}},{"type":"Feature","geometry":{"type":"Point","coordinates":[85.20469,27.90033]},"properties":{"name":"Suryamati","name_ne":"सुर्यमती","tier":"hamlet","rank":3,"featured":false,"source":"osm","osm_id":5052970038}},{"type":"Feature","geometry":{"type":"Point","coordinates":[85.25175,27.90611]},"properties":{"name":"Chaughada","name_ne":"चौघडा","tier":"hamlet","rank":3,"featured":false,"source":"osm","osm_id":5052982160}},{"type":"Feature","geometry":{"type":"Point","coordinates":[85.28709,27.91303]},"properties":{"name":"Kabilas","name_ne":"कविलास","tier":"hamlet","rank":3,"featured":false,"source":"osm","osm_id":5053008554}},{"type":"Feature","geometry":{"type":"Point","coordinates":[85.41468,27.89776]},"properties":{"name":"Beteni","name_ne":"बेटेनी","tier":"hamlet","rank":3,"featured":false,"source":"osm","osm_id":5053050100}},{"type":"Feature","geometry":{"type":"Point","coordinates":[85.38059,27.9318]},"properties":{"name":"Samundratar","name_ne":"समुन्द्रटार","tier":"hamlet","rank":3,"featured":false,"source":"osm","osm_id":5053070225}},{"type":"Feature","geometry":{"type":"Point","coordinates":[85.3993,27.97821]},"properties":{"name":"Shikharbesi","name_ne":"शिखरेबेसी","tier":"hamlet","rank":3,"featured":false,"source":"osm","osm_id":5053074351}},{"type":"Feature","geometry":{"type":"Point","coordinates":[85.40859,27.92096]},"properties":{"name":"Rautbesi","name_ne":"राउटबेसी","tier":"hamlet","rank":3,"featured":false,"source":"osm","osm_id":5053160243}},{"type":"Feature","geometry":{"type":"Point","coordinates":[85.2536,27.884]},"properties":{"name":"Thansing","name_ne":"थानसीङ","tier":"hamlet","rank":3,"featured":false,"source":"osm","osm_id":5053248232}},{"type":"Feature","geometry":{"type":"Point","coordinates":[85.09424,27.88174]},"properties":{"name":"Khadag Bhanjyang","name_ne":"खड्ग भञ्ज्याङ","tier":"hamlet","rank":3,"featured":false,"source":"osm","osm_id":5053279576}},{"type":"Feature","geometry":{"type":"Point","coordinates":[85.11508,27.89793]},"properties":{"name":"Charghare","name_ne":"चारघरे","tier":"hamlet","rank":3,"featured":false,"source":"osm","osm_id":5053286319}},{"type":"Feature","geometry":{"type":"Point","coordinates":[85.05732,27.89929]},"properties":{"name":"Gorsyang","name_ne":"गोरस्याङ","tier":"hamlet","rank":3,"featured":false,"source":"osm","osm_id":5053326415}},{"type":"Feature","geometry":{"type":"Point","coordinates":[85.46574,27.82071]},"properties":{"name":"Haibung","name_ne":"हैबुंग","tier":"hamlet","rank":3,"featured":false,"source":"osm","osm_id":5053935155}},{"type":"Feature","geometry":{"type":"Point","coordinates":[85.12666,27.83428]},"properties":{"name":"Jiling","name_ne":"जिलीङ","tier":"hamlet","rank":3,"featured":false,"source":"osm","osm_id":5055210667}},{"type":"Feature","geometry":{"type":"Point","coordinates":[85.06138,27.85302]},"properties":{"name":"Ratmate","name_ne":"रातमाटे","tier":"hamlet","rank":3,"featured":false,"source":"osm","osm_id":5055621837}},{"type":"Feature","geometry":{"type":"Point","coordinates":[85.17614,27.81355]},"properties":{"name":"Belkot","name_ne":"बेलकोट","tier":"hamlet","rank":3,"featured":false,"source":"osm","osm_id":5055848770}},{"type":"Feature","geometry":{"type":"Point","coordinates":[85.20234,27.79458]},"properties":{"name":"Chauthe","name_ne":"चौठे","tier":"hamlet","rank":3,"featured":false,"source":"osm","osm_id":5056008594}},{"type":"Feature","geometry":{"type":"Point","coordinates":[85.08975,27.93403]},"properties":{"name":"Kalyanpur","name_ne":"कल्याणपुर","tier":"hamlet","rank":3,"featured":false,"source":"osm","osm_id":5057875061}},{"type":"Feature","geometry":{"type":"Point","coordinates":[85.13877,27.77486]},"properties":{"name":"Kumari","name_ne":"कुमारी","tier":"hamlet","rank":3,"featured":false,"source":"osm","osm_id":5063346880}},{"type":"Feature","geometry":{"type":"Point","coordinates":[85.15227,27.97336]},"properties":{"name":"Tupche","name_ne":"टुपचे","tier":"hamlet","rank":3,"featured":false,"source":"osm","osm_id":5063441751}},{"type":"Feature","geometry":{"type":"Point","coordinates":[85.08743,28.0287]},"properties":{"name":"Salme","name_ne":"साल्मे","tier":"hamlet","rank":3,"featured":false,"source":"osm","osm_id":5063608299}},{"type":"Feature","geometry":{"type":"Point","coordinates":[85.18613,27.9521]},"properties":{"name":"Gerkhu","name_ne":"गेरखू","tier":"hamlet","rank":3,"featured":false,"source":"osm","osm_id":5063615453}},{"type":"Feature","geometry":{"type":"Point","coordinates":[84.89893,27.92092]},"properties":{"name":"Pandit Chaur","name_ne":"पंडित चौर","tier":"hamlet","rank":3,"featured":false,"source":"osm","osm_id":5068444829}},{"type":"Feature","geometry":{"type":"Point","coordinates":[84.87936,27.90955]},"properties":{"name":"Amarawati","name_ne":"अमरावती","tier":"hamlet","rank":3,"featured":false,"source":"osm","osm_id":5071113071}},{"type":"Feature","geometry":{"type":"Point","coordinates":[84.86152,27.99218]},"properties":{"name":"Sera","name_ne":"सेरा","tier":"hamlet","rank":3,"featured":false,"source":"osm","osm_id":5104642094}},{"type":"Feature","geometry":{"type":"Point","coordinates":[85.28304,28.41878]},"properties":{"name":"Bangxong","tier":"village","rank":2,"featured":false,"source":"osm","osm_id":5108098894}},{"type":"Feature","geometry":{"type":"Point","coordinates":[85.30873,28.39881]},"properties":{"name":"Tobu","tier":"hamlet","rank":3,"featured":false,"source":"osm","osm_id":5133003252}},{"type":"Feature","geometry":{"type":"Point","coordinates":[84.86027,27.91126]},"properties":{"name":"Magar Gau","name_ne":"मगर गाउँ","tier":"hamlet","rank":3,"featured":false,"source":"osm","osm_id":5158778294}},{"type":"Feature","geometry":{"type":"Point","coordinates":[84.40189,28.31465]},"properties":{"name":"Ngadi Khola","tier":"village","rank":2,"featured":false,"source":"osm","osm_id":5173527915}},{"type":"Feature","geometry":{"type":"Point","coordinates":[84.85984,27.91807]},"properties":{"name":"Murali bhanjyang","name_ne":"मुरलीभञ्ज्याङ","tier":"hamlet","rank":3,"featured":false,"source":"osm","osm_id":5174324125}},{"type":"Feature","geometry":{"type":"Point","coordinates":[84.94724,27.88265]},"properties":{"name":"Patle","name_ne":"पाल्ते","tier":"hamlet","rank":3,"featured":false,"source":"osm","osm_id":5181440718}},{"type":"Feature","geometry":{"type":"Point","coordinates":[84.91293,27.86158]},"properties":{"name":"Kusunde Gau","name_ne":"कुसुन्डे गाउँ","tier":"hamlet","rank":3,"featured":false,"source":"osm","osm_id":5190630980}},{"type":"Feature","geometry":{"type":"Point","coordinates":[84.86645,27.97599]},"properties":{"name":"Chaampbhanjyang Bazzar","name_ne":"चाम्पभञ्ज्याङ बजार","tier":"hamlet","rank":3,"featured":false,"source":"osm","osm_id":5205567965}},{"type":"Feature","geometry":{"type":"Point","coordinates":[84.87054,27.89051]},"properties":{"name":"Sasaha","name_ne":"ससा","tier":"hamlet","rank":3,"featured":false,"source":"osm","osm_id":5215726334}},{"type":"Feature","geometry":{"type":"Point","coordinates":[84.90522,27.95317]},"properties":{"name":"Bhorlemani Danda","name_ne":"भोर्लेमणी डाँडा","tier":"hamlet","rank":3,"featured":false,"source":"osm","osm_id":5215871034}},{"type":"Feature","geometry":{"type":"Point","coordinates":[84.70449,27.90247]},"properties":{"name":"Phulpatidanda","tier":"village","rank":2,"featured":false,"source":"osm","osm_id":5217422217}},{"type":"Feature","geometry":{"type":"Point","coordinates":[85.39508,27.70964]},"properties":{"name":"Mulpani","name_ne":"मुलपानी","tier":"hamlet","rank":3,"featured":false,"source":"osm","osm_id":5217659939}},{"type":"Feature","geometry":{"type":"Point","coordinates":[85.12812,27.86558]},"properties":{"name":"Pipaltar","name_ne":"पिपलटार","tier":"hamlet","rank":3,"featured":false,"source":"osm","osm_id":5235619896}},{"type":"Feature","geometry":{"type":"Point","coordinates":[84.49251,28.13242]},"properties":{"name":"Rainaskot","tier":"village","rank":2,"featured":false,"source":"osm","osm_id":5265201521}},{"type":"Feature","geometry":{"type":"Point","coordinates":[84.81049,27.8684]},"properties":{"name":"Duware Gaun","name_ne":"दुवारे गाउँ","tier":"hamlet","rank":3,"featured":false,"source":"osm","osm_id":5265300677}},{"type":"Feature","geometry":{"type":"Point","coordinates":[84.80623,27.8726]},"properties":{"name":"Naharki Gaun","name_ne":"नहर्की गाउँ","tier":"hamlet","rank":3,"featured":false,"source":"osm","osm_id":5265300678}},{"type":"Feature","geometry":{"type":"Point","coordinates":[85.43248,27.73927]},"properties":{"name":"Subedi Gaun","name_ne":"सुबेदी गाउँ","tier":"hamlet","rank":3,"featured":false,"source":"osm","osm_id":5407834219}},{"type":"Feature","geometry":{"type":"Point","coordinates":[85.28106,28.13125]},"properties":{"name":"Pangling","name_ne":"पाङलिङ","tier":"hamlet","rank":3,"featured":false,"source":"osm","osm_id":5411466640}},{"type":"Feature","geometry":{"type":"Point","coordinates":[84.71172,27.92483]},"properties":{"name":"Archale,Gorkha","tier":"village","rank":2,"featured":false,"source":"osm","osm_id":5426069450}},{"type":"Feature","geometry":{"type":"Point","coordinates":[84.89006,27.88636]},"properties":{"name":"Deeurali Danda","tier":"hamlet","rank":3,"featured":false,"source":"osm","osm_id":5477186848}},{"type":"Feature","geometry":{"type":"Point","coordinates":[84.90677,27.87243]},"properties":{"name":"Kafachaap Gaun","tier":"hamlet","rank":3,"featured":false,"source":"osm","osm_id":5477186874}},{"type":"Feature","geometry":{"type":"Point","coordinates":[85.52194,27.71681]},"properties":{"name":"Naldum","name_ne":"नालदुम","tier":"hamlet","rank":3,"featured":false,"source":"osm","osm_id":5639811166}},{"type":"Feature","geometry":{"type":"Point","coordinates":[85.10432,27.64336]},"properties":{"name":"Kulgaun","tier":"village","rank":2,"featured":false,"source":"osm","osm_id":5671698917}},{"type":"Feature","geometry":{"type":"Point","coordinates":[85.11221,27.64484]},"properties":{"name":"Kunchhal","tier":"village","rank":2,"featured":false,"source":"osm","osm_id":5671700223}},{"type":"Feature","geometry":{"type":"Point","coordinates":[85.12279,27.64922]},"properties":{"name":"Saraswati Bazar","tier":"village","rank":2,"featured":false,"source":"osm","osm_id":5671705897}},{"type":"Feature","geometry":{"type":"Point","coordinates":[85.12689,27.65103]},"properties":{"name":"Phapung","name_ne":"फापुङ","tier":"hamlet","rank":3,"featured":false,"source":"osm","osm_id":5671705902}},{"type":"Feature","geometry":{"type":"Point","coordinates":[84.67613,27.78392]},"properties":{"name":"Goirang","name_ne":"गोइराङ","tier":"hamlet","rank":3,"featured":false,"source":"osm","osm_id":5674852181}},{"type":"Feature","geometry":{"type":"Point","coordinates":[84.54311,28.08947]},"properties":{"name":"Parajuli Gaun","tier":"village","rank":2,"featured":false,"source":"osm","osm_id":5757794974,"population":200}},{"type":"Feature","geometry":{"type":"Point","coordinates":[85.31802,27.63302]},"properties":{"name":"Sunakothi","name_ne":"सुनाकोठी","tier":"hamlet","rank":3,"featured":false,"source":"osm","osm_id":5760427454}},{"type":"Feature","geometry":{"type":"Point","coordinates":[84.49577,27.62963]},"properties":{"name":"Bhanu","name_ne":"भानु","tier":"hamlet","rank":3,"featured":false,"source":"osm","osm_id":5783081954}},{"type":"Feature","geometry":{"type":"Point","coordinates":[84.89465,28.4091]},"properties":{"name":"Chisopani","tier":"hamlet","rank":3,"featured":false,"source":"osm","osm_id":5838578893}},{"type":"Feature","geometry":{"type":"Point","coordinates":[84.89099,28.38849]},"properties":{"name":"Saglet","tier":"hamlet","rank":3,"featured":false,"source":"osm","osm_id":5838600736}},{"type":"Feature","geometry":{"type":"Point","coordinates":[84.89176,28.38587]},"properties":{"name":"Ghatte Khola","tier":"hamlet","rank":3,"featured":false,"source":"osm","osm_id":5838600737}},{"type":"Feature","geometry":{"type":"Point","coordinates":[84.38913,28.43787]},"properties":{"name":"Chamje","tier":"hamlet","rank":3,"featured":false,"source":"osm","osm_id":5839896129}},{"type":"Feature","geometry":{"type":"Point","coordinates":[84.88244,28.46267]},"properties":{"name":"Pewa","tier":"hamlet","rank":3,"featured":false,"source":"osm","osm_id":6019093617}},{"type":"Feature","geometry":{"type":"Point","coordinates":[84.97286,28.46776]},"properties":{"name":"Ripchet","tier":"village","rank":2,"featured":false,"source":"osm","osm_id":6019162723}},{"type":"Feature","geometry":{"type":"Point","coordinates":[84.83275,28.5295]},"properties":{"name":"Ghap","tier":"village","rank":2,"featured":false,"source":"osm","osm_id":6028997479}},{"type":"Feature","geometry":{"type":"Point","coordinates":[84.41674,28.106]},"properties":{"name":"Riepe","tier":"village","rank":2,"featured":false,"source":"osm","osm_id":6085565288}},{"type":"Feature","geometry":{"type":"Point","coordinates":[85.24464,28.44089]},"properties":{"name":"Margar","tier":"village","rank":2,"featured":false,"source":"osm","osm_id":6130721681}},{"type":"Feature","geometry":{"type":"Point","coordinates":[85.36212,28.40653]},"properties":{"name":"Langqu","tier":"village","rank":2,"featured":false,"source":"osm","osm_id":6132615119}},{"type":"Feature","geometry":{"type":"Point","coordinates":[85.2895,27.72429]},"properties":{"name":"Dhungedhara","name_ne":"ढुङ्गेधारा","tier":"hamlet","rank":3,"featured":false,"source":"osm","osm_id":6138287785}},{"type":"Feature","geometry":{"type":"Point","coordinates":[85.24928,27.66845]},"properties":{"name":"Macchegaon","name_ne":"मच्छेगाउँ","tier":"hamlet","rank":3,"featured":false,"source":"osm","osm_id":6349042357}},{"type":"Feature","geometry":{"type":"Point","coordinates":[85.34837,27.65681]},"properties":{"name":"Mahalaxmi","name_ne":"महालक्ष्मी","tier":"town","rank":1,"featured":false,"source":"osm","osm_id":6349584672}},{"type":"Feature","geometry":{"type":"Point","coordinates":[85.32941,27.60742]},"properties":{"name":"Godawari","name_ne":"गोदावरी","tier":"town","rank":1,"featured":false,"source":"osm","osm_id":6434169987}},{"type":"Feature","geometry":{"type":"Point","coordinates":[85.57379,27.6023]},"properties":{"name":"Kavre Bhanjyang","name_ne":"काभ्रे भञ्ज्याङ","tier":"hamlet","rank":3,"featured":false,"source":"osm","osm_id":6454823487}},{"type":"Feature","geometry":{"type":"Point","coordinates":[84.50637,27.6858]},"properties":{"name":"Kalika","name_ne":"कालिका","tier":"town","rank":1,"featured":false,"source":"osm","osm_id":6461590329}},{"type":"Feature","geometry":{"type":"Point","coordinates":[85.42841,27.7189]},"properties":{"name":"Kapahiti","name_ne":"कपाहिटी","tier":"hamlet","rank":3,"featured":false,"source":"osm","osm_id":6499299310}},{"type":"Feature","geometry":{"type":"Point","coordinates":[85.42651,27.71675]},"properties":{"name":"Gaam dhoka","name_ne":"गाम ढोका","tier":"hamlet","rank":3,"featured":false,"source":"osm","osm_id":6499299311}},{"type":"Feature","geometry":{"type":"Point","coordinates":[85.42296,27.71985]},"properties":{"name":"Halchap","name_ne":"हलचाप","tier":"hamlet","rank":3,"featured":false,"source":"osm","osm_id":6499299312}},{"type":"Feature","geometry":{"type":"Point","coordinates":[85.42383,27.72188]},"properties":{"name":"Villaphant","name_ne":"भिलाफ्यान्ट","tier":"hamlet","rank":3,"featured":false,"source":"osm","osm_id":6499299313}},{"type":"Feature","geometry":{"type":"Point","coordinates":[85.42477,27.72021]},"properties":{"name":"Thapa Gaun","name_ne":"थापा गाउँ","tier":"hamlet","rank":3,"featured":false,"source":"osm","osm_id":6501703871}},{"type":"Feature","geometry":{"type":"Point","coordinates":[85.42834,27.71708]},"properties":{"name":"Magam Tol","name_ne":"मगम टोल","tier":"hamlet","rank":3,"featured":false,"source":"osm","osm_id":6502020594}},{"type":"Feature","geometry":{"type":"Point","coordinates":[85.42901,27.71623]},"properties":{"name":"Balambu","tier":"village","rank":2,"featured":false,"source":"osm","osm_id":6502040105}},{"type":"Feature","geometry":{"type":"Point","coordinates":[85.42724,27.71585]},"properties":{"name":"Iku Tol","tier":"hamlet","rank":3,"featured":false,"source":"osm","osm_id":6502040106}},{"type":"Feature","geometry":{"type":"Point","coordinates":[85.38573,27.68001]},"properties":{"name":"Madhyapur Thimi","name_ne":"मध्यपुर थिमि","tier":"town","rank":1,"featured":false,"source":"osm","osm_id":6508542863}},{"type":"Feature","geometry":{"type":"Point","coordinates":[85.43225,27.71419]},"properties":{"name":"Budathoki Gaun","name_ne":"बुढाथोकी गाउँ","tier":"hamlet","rank":3,"featured":false,"source":"osm","osm_id":6521011205}},{"type":"Feature","geometry":{"type":"Point","coordinates":[85.43485,27.71593]},"properties":{"name":"Pauwa","name_ne":"पौवा","tier":"hamlet","rank":3,"featured":false,"source":"osm","osm_id":6521011206}},{"type":"Feature","geometry":{"type":"Point","coordinates":[85.42381,27.71629]},"properties":{"name":"Chamthali","name_ne":"चमथली","tier":"hamlet","rank":3,"featured":false,"source":"osm","osm_id":6521011207}},{"type":"Feature","geometry":{"type":"Point","coordinates":[85.42103,27.71836]},"properties":{"name":"Kuinkel Gaun","name_ne":"कुईँकेल गाउँ","tier":"hamlet","rank":3,"featured":false,"source":"osm","osm_id":6521011208}},{"type":"Feature","geometry":{"type":"Point","coordinates":[85.24229,27.68893]},"properties":{"name":"Chandragiri","name_ne":"चन्द्रागिरी","tier":"town","rank":1,"featured":false,"source":"osm","osm_id":6646454828}},{"type":"Feature","geometry":{"type":"Point","coordinates":[85.37591,27.72629]},"properties":{"name":"Gokarneshwar","name_ne":"गोकर्णेश्वर","tier":"town","rank":1,"featured":false,"source":"osm","osm_id":6646454829}},{"type":"Feature","geometry":{"type":"Point","coordinates":[85.40843,27.72791]},"properties":{"name":"Kageshwori Manohara","name_ne":"कागेश्वरी मनोहरा","tier":"town","rank":1,"featured":false,"source":"osm","osm_id":6646454830}},{"type":"Feature","geometry":{"type":"Point","coordinates":[85.26931,27.71748]},"properties":{"name":"Nagarjun","name_ne":"नागार्जुन","tier":"town","rank":1,"featured":false,"source":"osm","osm_id":6646454831}},{"type":"Feature","geometry":{"type":"Point","coordinates":[85.4662,27.73066]},"properties":{"name":"Shankharapur","name_ne":"शङ्खरापुर","tier":"town","rank":1,"featured":false,"source":"osm","osm_id":6646454832}},{"type":"Feature","geometry":{"type":"Point","coordinates":[85.30007,27.76466]},"properties":{"name":"Tarakeshwar","name_ne":"तारकेश्वर","tier":"town","rank":1,"featured":false,"source":"osm","osm_id":6646454833}},{"type":"Feature","geometry":{"type":"Point","coordinates":[85.42928,27.71627]},"properties":{"name":"Changunarayan","name_ne":"चाँगुनारायण","tier":"town","rank":1,"featured":false,"source":"osm","osm_id":6652889772}},{"type":"Feature","geometry":{"type":"Point","coordinates":[85.6608,27.98054]},"properties":{"name":"Chimti","name_ne":"छिम्ती","tier":"hamlet","rank":3,"featured":false,"source":"osm","osm_id":6702194041}},{"type":"Feature","geometry":{"type":"Point","coordinates":[85.45584,27.8687]},"properties":{"name":"Chipling","name_ne":"चिप्लिङ","tier":"hamlet","rank":3,"featured":false,"source":"osm","osm_id":7320718995}},{"type":"Feature","geometry":{"type":"Point","coordinates":[85.46138,27.72902]},"properties":{"name":"Pukhulachhi","name_ne":"पुखुलाछी","tier":"hamlet","rank":3,"featured":false,"source":"osm","osm_id":7511907972}},{"type":"Feature","geometry":{"type":"Point","coordinates":[85.23699,27.67494]},"properties":{"name":"Matatirtha","name_ne":"मातातीर्थ","tier":"hamlet","rank":3,"featured":false,"source":"osm","osm_id":7709963858}},{"type":"Feature","geometry":{"type":"Point","coordinates":[85.37099,27.64631]},"properties":{"name":"Mahalaxmi","name_ne":"महालक्ष्मी","tier":"town","rank":1,"featured":false,"source":"osm","osm_id":7867791081}},{"type":"Feature","geometry":{"type":"Point","coordinates":[85.36826,27.65435]},"properties":{"name":"Changathali","name_ne":"चङ्गाथली","tier":"hamlet","rank":3,"featured":false,"source":"osm","osm_id":8187696685}},{"type":"Feature","geometry":{"type":"Point","coordinates":[85.33938,27.61205]},"properties":{"name":"Jharuwarasi","name_ne":"झरुवारासी","tier":"hamlet","rank":3,"featured":false,"source":"osm","osm_id":8293018304}},{"type":"Feature","geometry":{"type":"Point","coordinates":[85.312,27.60359]},"properties":{"name":"Chhampi","name_ne":"छम्पी","tier":"hamlet","rank":3,"featured":false,"source":"osm","osm_id":8293018305}},{"type":"Feature","geometry":{"type":"Point","coordinates":[85.38227,27.60919]},"properties":{"name":"Bisankhunarayan","name_ne":"विशङ्खुनारायण","tier":"hamlet","rank":3,"featured":false,"source":"osm","osm_id":8293018306}},{"type":"Feature","geometry":{"type":"Point","coordinates":[84.33483,28.16921]},"properties":{"name":"Dhakalthok Village","tier":"hamlet","rank":3,"featured":false,"source":"osm","osm_id":8318468118}},{"type":"Feature","geometry":{"type":"Point","coordinates":[84.87249,27.97476]},"properties":{"name":"Bosigaun","name_ne":"बोशी गाउँ","tier":"hamlet","rank":3,"featured":false,"source":"osm","osm_id":8370777874}},{"type":"Feature","geometry":{"type":"Point","coordinates":[85.44592,28.37363]},"properties":{"name":"Salê","tier":"town","rank":1,"featured":false,"source":"osm","osm_id":8416436734}},{"type":"Feature","geometry":{"type":"Point","coordinates":[84.91071,27.8494]},"properties":{"name":"Nawalpur","name_ne":"नवलपुर","tier":"hamlet","rank":3,"featured":false,"source":"osm","osm_id":8435208930}},{"type":"Feature","geometry":{"type":"Point","coordinates":[85.11616,28.17346]},"properties":{"name":"Lawadun","name_ne":"लावाडुङ","tier":"hamlet","rank":3,"featured":false,"source":"osm","osm_id":8675720583}},{"type":"Feature","geometry":{"type":"Point","coordinates":[85.1004,28.18337]},"properties":{"name":"Kamingau","name_ne":"कामिं गाउँ","tier":"hamlet","rank":3,"featured":false,"source":"osm","osm_id":8675720584}},{"type":"Feature","geometry":{"type":"Point","coordinates":[85.74998,27.79655]},"properties":{"name":"Jarkebari","name_ne":"जर्केबारी","tier":"hamlet","rank":3,"featured":false,"source":"osm","osm_id":8701271590}},{"type":"Feature","geometry":{"type":"Point","coordinates":[85.73806,27.84345]},"properties":{"name":"Chyakhur","name_ne":"च्याखुर","tier":"hamlet","rank":3,"featured":false,"source":"osm","osm_id":8766913929}},{"type":"Feature","geometry":{"type":"Point","coordinates":[85.72202,27.84884]},"properties":{"name":"Chhigu","name_ne":"छिगु","tier":"hamlet","rank":3,"featured":false,"source":"osm","osm_id":8766914171}},{"type":"Feature","geometry":{"type":"Point","coordinates":[85.748,27.8456]},"properties":{"name":"Selangbari","tier":"hamlet","rank":3,"featured":false,"source":"osm","osm_id":8767004029}},{"type":"Feature","geometry":{"type":"Point","coordinates":[85.59804,27.89615]},"properties":{"name":"Tin Dhara","name_ne":"तीन धारा","tier":"hamlet","rank":3,"featured":false,"source":"osm","osm_id":8775459240}},{"type":"Feature","geometry":{"type":"Point","coordinates":[85.65934,27.92412]},"properties":{"name":"BASNET TOLE","name_ne":"बासनेट टोले","tier":"hamlet","rank":3,"featured":false,"source":"osm","osm_id":8776902152}},{"type":"Feature","geometry":{"type":"Point","coordinates":[85.20144,27.8385]},"properties":{"name":"Keureni","name_ne":"केउरेनी","tier":"hamlet","rank":3,"featured":false,"source":"osm","osm_id":8952787381}},{"type":"Feature","geometry":{"type":"Point","coordinates":[84.62018,27.96813]},"properties":{"name":"Laxmi BaZaar","name_ne":"लक्ष्मी बजार","tier":"town","rank":1,"featured":false,"source":"osm","osm_id":8985637273}},{"type":"Feature","geometry":{"type":"Point","coordinates":[84.51504,27.62182]},"properties":{"name":"Ratnanagar","name_ne":"रत्ननगर","tier":"town","rank":1,"featured":false,"source":"osm","osm_id":9019971168}},{"type":"Feature","geometry":{"type":"Point","coordinates":[84.85786,27.89866]},"properties":{"name":"Simalighari","name_ne":"सिमलीगढी","tier":"hamlet","rank":3,"featured":false,"source":"osm","osm_id":9334652355}},{"type":"Feature","geometry":{"type":"Point","coordinates":[84.83384,28.5212]},"properties":{"name":"Prok","tier":"village","rank":2,"featured":false,"source":"osm","osm_id":9364209682}},{"type":"Feature","geometry":{"type":"Point","coordinates":[85.45676,28.19773]},"properties":{"name":"Pering Kharka","tier":"hamlet","rank":3,"featured":false,"source":"osm","osm_id":9640975461}},{"type":"Feature","geometry":{"type":"Point","coordinates":[85.24926,27.78144]},"properties":{"name":"Sisdole","name_ne":"सिसडोल","tier":"hamlet","rank":3,"featured":false,"source":"osm","osm_id":9963623204}},{"type":"Feature","geometry":{"type":"Point","coordinates":[85.22921,27.77789]},"properties":{"name":"Banchare Danda","name_ne":"बन्चरे डाँडा","tier":"hamlet","rank":3,"featured":false,"source":"osm","osm_id":9963623205}},{"type":"Feature","geometry":{"type":"Point","coordinates":[85.32447,27.74756]},"properties":{"name":"Shree Binayak Tole","name_ne":"श्री बिनायक टोल","tier":"hamlet","rank":3,"featured":false,"source":"osm","osm_id":10009810848}},{"type":"Feature","geometry":{"type":"Point","coordinates":[85.38568,27.67795]},"properties":{"name":"Inaya Tole","name_ne":"इनाया टोल","tier":"village","rank":2,"featured":false,"source":"osm","osm_id":10068927129}},{"type":"Feature","geometry":{"type":"Point","coordinates":[85.38613,27.6811]},"properties":{"name":"Chapacho Ganesh","name_ne":"चापाचो गणेश","tier":"hamlet","rank":3,"featured":false,"source":"osm","osm_id":10081035122}},{"type":"Feature","geometry":{"type":"Point","coordinates":[85.38714,27.68262]},"properties":{"name":"Gongachiwa","name_ne":"गोंगाचिवा","tier":"hamlet","rank":3,"featured":false,"source":"osm","osm_id":10081035123}},{"type":"Feature","geometry":{"type":"Point","coordinates":[85.38669,27.67774]},"properties":{"name":"siwa tole","name_ne":"सिवा टोल","tier":"village","rank":2,"featured":false,"source":"osm","osm_id":10081039236}},{"type":"Feature","geometry":{"type":"Point","coordinates":[85.3858,27.67837]},"properties":{"name":"Nigu Pukhu","name_ne":"निगु पुखु","tier":"village","rank":2,"featured":false,"source":"osm","osm_id":10081039237}},{"type":"Feature","geometry":{"type":"Point","coordinates":[85.25231,27.66616]},"properties":{"name":"Adhikari Tole","name_ne":"अधिकारी टोल","tier":"hamlet","rank":3,"featured":false,"source":"osm","osm_id":10139088043}},{"type":"Feature","geometry":{"type":"Point","coordinates":[85.25101,27.66047]},"properties":{"name":"Bhatkepati","name_ne":"भात्केपाटी","tier":"hamlet","rank":3,"featured":false,"source":"osm","osm_id":10139102138}},{"type":"Feature","geometry":{"type":"Point","coordinates":[85.38476,27.67646]},"properties":{"name":"Yama","name_ne":"यामा","tier":"village","rank":2,"featured":false,"source":"osm","osm_id":10148831432}},{"type":"Feature","geometry":{"type":"Point","coordinates":[85.21532,27.81278]},"properties":{"name":"Sisneri","name_ne":"सिस्नेरी","tier":"hamlet","rank":3,"featured":false,"source":"osm","osm_id":10162040560}},{"type":"Feature","geometry":{"type":"Point","coordinates":[85.20946,27.80937]},"properties":{"name":"Jagari","name_ne":"जागरी","tier":"hamlet","rank":3,"featured":false,"source":"osm","osm_id":10162298906}},{"type":"Feature","geometry":{"type":"Point","coordinates":[85.22603,27.81829]},"properties":{"name":"Ningale","name_ne":"निङ्गले","tier":"hamlet","rank":3,"featured":false,"source":"osm","osm_id":10169139602}},{"type":"Feature","geometry":{"type":"Point","coordinates":[85.48876,27.63441]},"properties":{"name":"Itafu","name_ne":"इटाफु","tier":"hamlet","rank":3,"featured":false,"source":"osm","osm_id":10220781675}},{"type":"Feature","geometry":{"type":"Point","coordinates":[85.21718,27.65815]},"properties":{"name":"Deurali","name_ne":"देउराली","tier":"hamlet","rank":3,"featured":false,"source":"osm","osm_id":10229768690}},{"type":"Feature","geometry":{"type":"Point","coordinates":[84.47221,27.76779]},"properties":{"name":"Kabilas","name_ne":"कविलास","tier":"hamlet","rank":3,"featured":false,"source":"osm","osm_id":10237841943}},{"type":"Feature","geometry":{"type":"Point","coordinates":[85.71708,28.04123]},"properties":{"name":"Panchpokhari Thangpal","name_ne":"पाँचपोखरी थाङ्पाल","tier":"village","rank":2,"featured":false,"source":"osm","osm_id":10266628276}},{"type":"Feature","geometry":{"type":"Point","coordinates":[85.64264,27.84603]},"properties":{"name":"Mulkharka","name_ne":"मूलखर्क","tier":"hamlet","rank":3,"featured":false,"source":"osm","osm_id":10266634915}},{"type":"Feature","geometry":{"type":"Point","coordinates":[85.57613,27.8293]},"properties":{"name":"Melamchi","name_ne":"मेलम्ची","tier":"town","rank":1,"featured":false,"source":"osm","osm_id":10266637632}},{"type":"Feature","geometry":{"type":"Point","coordinates":[85.67217,27.86201]},"properties":{"name":"Gobre","name_ne":"गोब्रे","tier":"hamlet","rank":3,"featured":false,"source":"osm","osm_id":10268957529}},{"type":"Feature","geometry":{"type":"Point","coordinates":[84.48452,28.048]},"properties":{"name":"Palungtar Bazar","name_ne":"पालुङटार बजार","tier":"town","rank":1,"featured":false,"source":"osm","osm_id":10269035814}},{"type":"Feature","geometry":{"type":"Point","coordinates":[85.24432,28.45318]},"properties":{"name":"Rukar","tier":"hamlet","rank":3,"featured":false,"source":"osm","osm_id":10315980573}},{"type":"Feature","geometry":{"type":"Point","coordinates":[85.21935,28.50852]},"properties":{"name":"Drotang","tier":"hamlet","rank":3,"featured":false,"source":"osm","osm_id":10315980574}},{"type":"Feature","geometry":{"type":"Point","coordinates":[84.86649,28.51643]},"properties":{"name":"Gyayoul","tier":"village","rank":2,"featured":false,"source":"osm","osm_id":10555179092}},{"type":"Feature","geometry":{"type":"Point","coordinates":[85.24327,27.81069]},"properties":{"name":"Hile Bhitta","name_ne":"हिले भिट्टा","tier":"hamlet","rank":3,"featured":false,"source":"osm","osm_id":10555692906}},{"type":"Feature","geometry":{"type":"Point","coordinates":[85.18173,28.02356]},"properties":{"name":"Salim Bhitta","name_ne":"सालिम भित्ता","tier":"hamlet","rank":3,"featured":false,"source":"osm","osm_id":10603458426}},{"type":"Feature","geometry":{"type":"Point","coordinates":[85.2526,28.0135]},"properties":{"name":"Ghormu","name_ne":"घोर्मु","tier":"hamlet","rank":3,"featured":false,"source":"osm","osm_id":10603476241}},{"type":"Feature","geometry":{"type":"Point","coordinates":[85.27362,28.01151]},"properties":{"name":"Parchyang","name_ne":"पारच्याङ्ग","tier":"hamlet","rank":3,"featured":false,"source":"osm","osm_id":10603486359}},{"type":"Feature","geometry":{"type":"Point","coordinates":[85.23774,27.99958]},"properties":{"name":"Khalchet","name_ne":"खालचेत","tier":"hamlet","rank":3,"featured":false,"source":"osm","osm_id":10603591893}},{"type":"Feature","geometry":{"type":"Point","coordinates":[85.24816,28.00424]},"properties":{"name":"Sarsyu","name_ne":"सरसिउ","tier":"hamlet","rank":3,"featured":false,"source":"osm","osm_id":10603591972}},{"type":"Feature","geometry":{"type":"Point","coordinates":[85.27504,27.97573]},"properties":{"name":"Saramthali","name_ne":"सरमथली","tier":"hamlet","rank":3,"featured":false,"source":"osm","osm_id":10603738772}},{"type":"Feature","geometry":{"type":"Point","coordinates":[85.52404,27.62988]},"properties":{"name":"Banepa","name_ne":"बनेपा","tier":"town","rank":1,"featured":false,"source":"osm","osm_id":10633046921}},{"type":"Feature","geometry":{"type":"Point","coordinates":[85.32722,28.18689]},"properties":{"name":"Pajung","name_ne":"पाजुङ","tier":"hamlet","rank":3,"featured":false,"source":"osm","osm_id":10833649292}},{"type":"Feature","geometry":{"type":"Point","coordinates":[84.72607,27.86565]},"properties":{"name":"Tinghare","name_ne":"तीनघरे","tier":"hamlet","rank":3,"featured":false,"source":"osm","osm_id":10872918443}},{"type":"Feature","geometry":{"type":"Point","coordinates":[85.23597,27.83243]},"properties":{"name":"Chhahare","name_ne":"छहारे","tier":"hamlet","rank":3,"featured":false,"source":"osm","osm_id":10885725496}},{"type":"Feature","geometry":{"type":"Point","coordinates":[85.44164,27.9829]},"properties":{"name":"Pangpra","name_ne":"पाङ्प्रा","tier":"hamlet","rank":3,"featured":false,"source":"osm","osm_id":10904983722}},{"type":"Feature","geometry":{"type":"Point","coordinates":[85.41992,27.97174]},"properties":{"name":"Botgaun village","name_ne":"बोट् गाउँ","tier":"hamlet","rank":3,"featured":false,"source":"osm","osm_id":10904983723}},{"type":"Feature","geometry":{"type":"Point","coordinates":[85.42448,27.97532]},"properties":{"name":"Nikleene village","name_ne":"निक्लिने गाउँ","tier":"hamlet","rank":3,"featured":false,"source":"osm","osm_id":10904983724}},{"type":"Feature","geometry":{"type":"Point","coordinates":[85.44059,27.98802]},"properties":{"name":"Namsagaun","name_ne":"नाम्सा गाउँ","tier":"hamlet","rank":3,"featured":false,"source":"osm","osm_id":10904983725}},{"type":"Feature","geometry":{"type":"Point","coordinates":[85.4092,27.96853]},"properties":{"name":"Chyandanda","name_ne":"च्यानडाँडा","tier":"hamlet","rank":3,"featured":false,"source":"osm","osm_id":10904983726}},{"type":"Feature","geometry":{"type":"Point","coordinates":[85.42401,27.98023]},"properties":{"name":"Ranibari village","name_ne":"रानीबारि","tier":"hamlet","rank":3,"featured":false,"source":"osm","osm_id":10904983727}},{"type":"Feature","geometry":{"type":"Point","coordinates":[85.42184,27.98392]},"properties":{"name":"Lampate village","name_ne":"लाम्पाते गाउँ","tier":"hamlet","rank":3,"featured":false,"source":"osm","osm_id":10904983728}},{"type":"Feature","geometry":{"type":"Point","coordinates":[85.41761,27.97704]},"properties":{"name":"Lemgung village","name_ne":"लेमगुङ् गाउँ","tier":"hamlet","rank":3,"featured":false,"source":"osm","osm_id":10904983729}},{"type":"Feature","geometry":{"type":"Point","coordinates":[85.41807,27.97474]},"properties":{"name":"Pangme village","name_ne":"पाङ्‍मे गाउँ","tier":"hamlet","rank":3,"featured":false,"source":"osm","osm_id":10904983730}},{"type":"Feature","geometry":{"type":"Point","coordinates":[85.41351,27.97161]},"properties":{"name":"Heudung village","name_ne":"हेउदुङ् गाउँ","tier":"hamlet","rank":3,"featured":false,"source":"osm","osm_id":10904983731}},{"type":"Feature","geometry":{"type":"Point","coordinates":[85.41203,27.97711]},"properties":{"name":"Dhadinbari village","name_ne":"धादिङ्बारि","tier":"hamlet","rank":3,"featured":false,"source":"osm","osm_id":10904983733}},{"type":"Feature","geometry":{"type":"Point","coordinates":[85.40932,27.97829]},"properties":{"name":"Sangale danda village","name_ne":"साङ्ले डाँडा","tier":"hamlet","rank":3,"featured":false,"source":"osm","osm_id":10904983734}},{"type":"Feature","geometry":{"type":"Point","coordinates":[85.40841,27.97955]},"properties":{"name":"Tengche village","name_ne":"तेङ्चे गाउँ","tier":"hamlet","rank":3,"featured":false,"source":"osm","osm_id":10904983735}},{"type":"Feature","geometry":{"type":"Point","coordinates":[85.40708,27.9761]},"properties":{"name":"Da gang village","name_ne":"डे गाङ् गाउँ","tier":"hamlet","rank":3,"featured":false,"source":"osm","osm_id":10904983736}},{"type":"Feature","geometry":{"type":"Point","coordinates":[85.40858,27.97711]},"properties":{"name":"Malung village","name_ne":"मालुङ् गाउँ","tier":"hamlet","rank":3,"featured":false,"source":"osm","osm_id":10904983737}},{"type":"Feature","geometry":{"type":"Point","coordinates":[85.4082,27.97338]},"properties":{"name":"Katunje village","name_ne":"कटुन्जे गाउँ","tier":"hamlet","rank":3,"featured":false,"source":"osm","osm_id":10904983738}},{"type":"Feature","geometry":{"type":"Point","coordinates":[85.40744,27.97047]},"properties":{"name":"Bisan village","name_ne":"बिसन् गाउँ","tier":"hamlet","rank":3,"featured":false,"source":"osm","osm_id":10904983739}},{"type":"Feature","geometry":{"type":"Point","coordinates":[85.41628,27.96392]},"properties":{"name":"Dambiodar village","name_ne":"दाम्बियोदर गाउँ","tier":"hamlet","rank":3,"featured":false,"source":"osm","osm_id":10904983740}},{"type":"Feature","geometry":{"type":"Point","coordinates":[85.42205,27.96464]},"properties":{"name":"Negi village","name_ne":"नेगी गाउँ","tier":"hamlet","rank":3,"featured":false,"source":"osm","osm_id":10904983741}},{"type":"Feature","geometry":{"type":"Point","coordinates":[85.43498,27.97304]},"properties":{"name":"Gyalmi village","name_ne":"ग्याल्मी गाउँ","tier":"hamlet","rank":3,"featured":false,"source":"osm","osm_id":10904983742}},{"type":"Feature","geometry":{"type":"Point","coordinates":[85.43128,27.97179]},"properties":{"name":"Seljung village","name_ne":"सेल्जुङ् गाउँ","tier":"hamlet","rank":3,"featured":false,"source":"osm","osm_id":10904983743}},{"type":"Feature","geometry":{"type":"Point","coordinates":[85.42555,27.97]},"properties":{"name":"Kaule village","name_ne":"कौले गाउँ","tier":"hamlet","rank":3,"featured":false,"source":"osm","osm_id":10904983744}},{"type":"Feature","geometry":{"type":"Point","coordinates":[85.43516,27.98233]},"properties":{"name":"Chyamdong village","name_ne":"च्याम्डोङ् गाउँ","tier":"hamlet","rank":3,"featured":false,"source":"osm","osm_id":10904983745}},{"type":"Feature","geometry":{"type":"Point","coordinates":[85.43319,27.9785]},"properties":{"name":"Kigong village","name_ne":"किगोङ् गाउँ","tier":"hamlet","rank":3,"featured":false,"source":"osm","osm_id":10904983746}},{"type":"Feature","geometry":{"type":"Point","coordinates":[85.43227,27.99182]},"properties":{"name":"Hukel village","name_ne":"हुकेल गाउँ","tier":"hamlet","rank":3,"featured":false,"source":"osm","osm_id":10904983747}},{"type":"Feature","geometry":{"type":"Point","coordinates":[85.44696,27.98306]},"properties":{"name":"Upra village","name_ne":"उप्रा गाउँ","tier":"hamlet","rank":3,"featured":false,"source":"osm","osm_id":10904983748}},{"type":"Feature","geometry":{"type":"Point","coordinates":[85.45192,27.98566]},"properties":{"name":"Konggoau village","name_ne":"कोङ् गाउँ","tier":"hamlet","rank":3,"featured":false,"source":"osm","osm_id":10904983749}},{"type":"Feature","geometry":{"type":"Point","coordinates":[85.44947,27.98505]},"properties":{"name":"Apenou village","name_ne":"अपेनौ गाउँ","tier":"hamlet","rank":3,"featured":false,"source":"osm","osm_id":10904983750}},{"type":"Feature","geometry":{"type":"Point","coordinates":[85.45253,27.99131]},"properties":{"name":"Ghyawar chaur","name_ne":"घ्यावार चौर","tier":"hamlet","rank":3,"featured":false,"source":"osm","osm_id":10904983751}},{"type":"Feature","geometry":{"type":"Point","coordinates":[85.46223,27.98976]},"properties":{"name":"Chetang village","name_ne":"चेताङ् गाउँ","tier":"hamlet","rank":3,"featured":false,"source":"osm","osm_id":10904983752}},{"type":"Feature","geometry":{"type":"Point","coordinates":[85.45489,28.00219]},"properties":{"name":"Polokharka village","name_ne":"पोलोखर्क गाउँ","tier":"hamlet","rank":3,"featured":false,"source":"osm","osm_id":10904983753}},{"type":"Feature","geometry":{"type":"Point","coordinates":[85.45601,28.00524]},"properties":{"name":"Indum village","name_ne":"इन्दुम गाउँ","tier":"hamlet","rank":3,"featured":false,"source":"osm","osm_id":10904983754}},{"type":"Feature","geometry":{"type":"Point","coordinates":[85.46379,28.01883]},"properties":{"name":"Kaseri village","name_ne":"कसेरी गाउँ","tier":"hamlet","rank":3,"featured":false,"source":"osm","osm_id":10904983755}},{"type":"Feature","geometry":{"type":"Point","coordinates":[85.45767,28.02407]},"properties":{"name":"Talu village","name_ne":"तालु गाउँ","tier":"hamlet","rank":3,"featured":false,"source":"osm","osm_id":10904983756}},{"type":"Feature","geometry":{"type":"Point","coordinates":[85.45065,28.01033]},"properties":{"name":"Yerpapani village","name_ne":"यर्पापानी गाउँ","tier":"hamlet","rank":3,"featured":false,"source":"osm","osm_id":10904983757}},{"type":"Feature","geometry":{"type":"Point","coordinates":[85.45022,27.99797]},"properties":{"name":"Selolo village","name_ne":"सेलोलो गाउँ","tier":"hamlet","rank":3,"featured":false,"source":"osm","osm_id":10904983758}},{"type":"Feature","geometry":{"type":"Point","coordinates":[85.44893,27.99807]},"properties":{"name":"Pingtaba village","name_ne":"पिङ्ताबा गाउँ","tier":"hamlet","rank":3,"featured":false,"source":"osm","osm_id":10904983759}},{"type":"Feature","geometry":{"type":"Point","coordinates":[85.44685,27.99966]},"properties":{"name":"Sisipu village","name_ne":"सिसिपु गाउँ","tier":"hamlet","rank":3,"featured":false,"source":"osm","osm_id":10904983760}},{"type":"Feature","geometry":{"type":"Point","coordinates":[85.44637,27.99487]},"properties":{"name":"Akhyu village","name_ne":"आख्यु गाउँ","tier":"hamlet","rank":3,"featured":false,"source":"osm","osm_id":10904983761}},{"type":"Feature","geometry":{"type":"Point","coordinates":[85.4424,27.99261]},"properties":{"name":"Singaje village","name_ne":"सिङ्‍गाजे गाउँ","tier":"hamlet","rank":3,"featured":false,"source":"osm","osm_id":10904983762}},{"type":"Feature","geometry":{"type":"Point","coordinates":[84.68777,27.90189]},"properties":{"name":"Yangdi","tier":"hamlet","rank":3,"featured":false,"source":"osm","osm_id":10916416973}},{"type":"Feature","geometry":{"type":"Point","coordinates":[84.71981,27.86166]},"properties":{"name":"Tolak Gaun","tier":"hamlet","rank":3,"featured":false,"source":"osm","osm_id":10916458475}},{"type":"Feature","geometry":{"type":"Point","coordinates":[84.69611,27.87921]},"properties":{"name":"Siran Gaun","tier":"hamlet","rank":3,"featured":false,"source":"osm","osm_id":10916480234}},{"type":"Feature","geometry":{"type":"Point","coordinates":[85.26367,28.00258]},"properties":{"name":"Ekpakhe","name_ne":"एक्पाखे","tier":"hamlet","rank":3,"featured":false,"source":"osm","osm_id":10923355998}},{"type":"Feature","geometry":{"type":"Point","coordinates":[85.26337,27.97302]},"properties":{"name":"Danuswara","name_ne":"दनुस्वारा","tier":"hamlet","rank":3,"featured":false,"source":"osm","osm_id":10923390428}},{"type":"Feature","geometry":{"type":"Point","coordinates":[85.26994,27.99895]},"properties":{"name":"Manduchet","name_ne":"मान्डुचेट","tier":"hamlet","rank":3,"featured":false,"source":"osm","osm_id":10923399838}},{"type":"Feature","geometry":{"type":"Point","coordinates":[85.28696,28.02685]},"properties":{"name":"Chyupar Khola","name_ne":"च्युपर खोला","tier":"hamlet","rank":3,"featured":false,"source":"osm","osm_id":10923401248}},{"type":"Feature","geometry":{"type":"Point","coordinates":[85.2605,27.99949]},"properties":{"name":"Kapthali","name_ne":"कप्ताली","tier":"hamlet","rank":3,"featured":false,"source":"osm","osm_id":10923402625}},{"type":"Feature","geometry":{"type":"Point","coordinates":[85.30378,28.00768]},"properties":{"name":"Thangsen Yubra","name_ne":"थाङ्सेन युवा","tier":"hamlet","rank":3,"featured":false,"source":"osm","osm_id":10923406688}},{"type":"Feature","geometry":{"type":"Point","coordinates":[85.28716,28.00587]},"properties":{"name":"Ghichet","name_ne":"घिचेत","tier":"hamlet","rank":3,"featured":false,"source":"osm","osm_id":10923410731}},{"type":"Feature","geometry":{"type":"Point","coordinates":[85.23699,27.98476]},"properties":{"name":"Badare","name_ne":"बडहरे","tier":"hamlet","rank":3,"featured":false,"source":"osm","osm_id":10923411849}},{"type":"Feature","geometry":{"type":"Point","coordinates":[85.25378,28.00921]},"properties":{"name":"Komu","name_ne":"कोमु","tier":"hamlet","rank":3,"featured":false,"source":"osm","osm_id":10923413444}},{"type":"Feature","geometry":{"type":"Point","coordinates":[85.28416,28.00303]},"properties":{"name":"Ghichet Ghattelung","name_ne":"घिचेत घटेलुङ","tier":"hamlet","rank":3,"featured":false,"source":"osm","osm_id":10923421509}},{"type":"Feature","geometry":{"type":"Point","coordinates":[85.37391,27.67391]},"properties":{"name":"Gatthaghar","name_ne":"गठ्ठाघर","tier":"hamlet","rank":3,"featured":false,"source":"osm","osm_id":10997058829}},{"type":"Feature","geometry":{"type":"Point","coordinates":[85.37489,27.68784]},"properties":{"name":"Magar Gaun","name_ne":"मगर गाउ","tier":"hamlet","rank":3,"featured":false,"source":"osm","osm_id":10997066418}},{"type":"Feature","geometry":{"type":"Point","coordinates":[85.34132,27.79011]},"properties":{"name":"Dandagaun","name_ne":"डाँडागाउँ","tier":"hamlet","rank":3,"featured":false,"source":"osm","osm_id":11021710184}},{"type":"Feature","geometry":{"type":"Point","coordinates":[84.45372,27.78021]},"properties":{"name":"Dashdhunga","name_ne":"दासढुंगा","tier":"hamlet","rank":3,"featured":false,"source":"osm","osm_id":11021810387}},{"type":"Feature","geometry":{"type":"Point","coordinates":[84.52249,27.82482]},"properties":{"name":"Jalbire","tier":"hamlet","rank":3,"featured":false,"source":"osm","osm_id":11027128962}},{"type":"Feature","geometry":{"type":"Point","coordinates":[85.39022,27.7775]},"properties":{"name":"Tarebhir","name_ne":"तारेभिर","tier":"hamlet","rank":3,"featured":false,"source":"osm","osm_id":11029553071}},{"type":"Feature","geometry":{"type":"Point","coordinates":[85.36991,27.79091]},"properties":{"name":"Muhan Pokhari","name_ne":"मुहान पोखरी","tier":"hamlet","rank":3,"featured":false,"source":"osm","osm_id":11029862945}},{"type":"Feature","geometry":{"type":"Point","coordinates":[84.45117,27.69151]},"properties":{"name":"Bhojad","name_ne":"भोजड","tier":"hamlet","rank":3,"featured":false,"source":"osm","osm_id":11072213305}},{"type":"Feature","geometry":{"type":"Point","coordinates":[84.39379,27.61558]},"properties":{"name":"Gitanagar","name_ne":"गीतानगर","tier":"hamlet","rank":3,"featured":false,"source":"osm","osm_id":11072229240}},{"type":"Feature","geometry":{"type":"Point","coordinates":[84.3543,27.67994]},"properties":{"name":"Mangalpur","name_ne":"मङ्गलपुर","tier":"hamlet","rank":3,"featured":false,"source":"osm","osm_id":11113151447}},{"type":"Feature","geometry":{"type":"Point","coordinates":[84.3189,27.6496]},"properties":{"name":"Shardanagar","name_ne":"सारदानगर","tier":"hamlet","rank":3,"featured":false,"source":"osm","osm_id":11115407124}},{"type":"Feature","geometry":{"type":"Point","coordinates":[84.41263,27.67881]},"properties":{"name":"Lanku","name_ne":"लाङ्कु","tier":"hamlet","rank":3,"featured":false,"source":"osm","osm_id":11121230462}},{"type":"Feature","geometry":{"type":"Point","coordinates":[84.36778,27.65908]},"properties":{"name":"Mangalpur Bazaar","name_ne":"मङ्गलपुर बजार","tier":"hamlet","rank":3,"featured":false,"source":"osm","osm_id":11121504564}},{"type":"Feature","geometry":{"type":"Point","coordinates":[85.36193,28.17107]},"properties":{"name":"Surka","name_ne":"सुर्का","tier":"hamlet","rank":3,"featured":false,"source":"osm","osm_id":11186154605}},{"type":"Feature","geometry":{"type":"Point","coordinates":[85.27832,27.77708]},"properties":{"name":"Jitpur Phedi","name_ne":"जितपुरफेदी","tier":"hamlet","rank":3,"featured":false,"source":"osm","osm_id":11247899251}},{"type":"Feature","geometry":{"type":"Point","coordinates":[85.41158,27.61539]},"properties":{"name":"Lakuri Bhanjyang","name_ne":"लाकुरी भन्झयाङ","tier":"hamlet","rank":3,"featured":false,"source":"osm","osm_id":11291252567}},{"type":"Feature","geometry":{"type":"Point","coordinates":[84.39437,28.42517]},"properties":{"name":"Puran Jagat","tier":"village","rank":2,"featured":false,"source":"osm","osm_id":11323099508}},{"type":"Feature","geometry":{"type":"Point","coordinates":[84.39335,28.42789]},"properties":{"name":"Naskuche","tier":"village","rank":2,"featured":false,"source":"osm","osm_id":11323102348}},{"type":"Feature","geometry":{"type":"Point","coordinates":[84.91968,27.9027]},"properties":{"name":"Bhulbhuli","name_ne":"भुलभुले","tier":"hamlet","rank":3,"featured":false,"source":"osm","osm_id":11470833286}},{"type":"Feature","geometry":{"type":"Point","coordinates":[84.92085,27.88933]},"properties":{"name":"Dhadkharka","tier":"hamlet","rank":3,"featured":false,"source":"osm","osm_id":11470833289}},{"type":"Feature","geometry":{"type":"Point","coordinates":[84.91629,27.88563]},"properties":{"name":"Riyalthok","tier":"hamlet","rank":3,"featured":false,"source":"osm","osm_id":11470833290}},{"type":"Feature","geometry":{"type":"Point","coordinates":[84.93572,27.89654]},"properties":{"name":"Kerabari","name_ne":"केराबारी","tier":"hamlet","rank":3,"featured":false,"source":"osm","osm_id":11470833291}},{"type":"Feature","geometry":{"type":"Point","coordinates":[84.9324,27.89015]},"properties":{"name":"Hilekharka","name_ne":"हिले खार्का","tier":"hamlet","rank":3,"featured":false,"source":"osm","osm_id":11470833292}},{"type":"Feature","geometry":{"type":"Point","coordinates":[84.97345,27.87389]},"properties":{"name":"Ramche","name_ne":"राम्चे","tier":"hamlet","rank":3,"featured":false,"source":"osm","osm_id":11470833293}},{"type":"Feature","geometry":{"type":"Point","coordinates":[84.98576,27.87464]},"properties":{"name":"Deurali","name_ne":"देउराली","tier":"hamlet","rank":3,"featured":false,"source":"osm","osm_id":11470833294}},{"type":"Feature","geometry":{"type":"Point","coordinates":[84.95778,27.87246]},"properties":{"name":"Phyakse","name_ne":"फ्याक्से","tier":"hamlet","rank":3,"featured":false,"source":"osm","osm_id":11470833295}},{"type":"Feature","geometry":{"type":"Point","coordinates":[84.93797,27.85327]},"properties":{"name":"Jalkini","name_ne":"जल्किनी","tier":"hamlet","rank":3,"featured":false,"source":"osm","osm_id":11470833296}},{"type":"Feature","geometry":{"type":"Point","coordinates":[84.95009,27.85465]},"properties":{"name":"Bhorle","name_ne":"भोर्ले","tier":"village","rank":2,"featured":false,"source":"osm","osm_id":11470833297}},{"type":"Feature","geometry":{"type":"Point","coordinates":[84.96393,27.86702]},"properties":{"name":"Syaldadagau","name_ne":"स्यालडाँडा गाउँ","tier":"hamlet","rank":3,"featured":false,"source":"osm","osm_id":11470833298}},{"type":"Feature","geometry":{"type":"Point","coordinates":[84.95931,27.86392]},"properties":{"name":"Khalte","name_ne":"खाल्टे","tier":"hamlet","rank":3,"featured":false,"source":"osm","osm_id":11470833299}},{"type":"Feature","geometry":{"type":"Point","coordinates":[84.97768,27.86444]},"properties":{"name":"Paharechhap","name_ne":"पहारेछाप","tier":"hamlet","rank":3,"featured":false,"source":"osm","osm_id":11470833300}},{"type":"Feature","geometry":{"type":"Point","coordinates":[84.98056,27.86183]},"properties":{"name":"Devithan","name_ne":"देविथान","tier":"hamlet","rank":3,"featured":false,"source":"osm","osm_id":11470833301}},{"type":"Feature","geometry":{"type":"Point","coordinates":[84.98642,27.85961]},"properties":{"name":"Gairigau","name_ne":"गैरीगाउँ","tier":"hamlet","rank":3,"featured":false,"source":"osm","osm_id":11470833302}},{"type":"Feature","geometry":{"type":"Point","coordinates":[84.95623,27.88236]},"properties":{"name":"Pateni","name_ne":"पतेनी","tier":"hamlet","rank":3,"featured":false,"source":"osm","osm_id":11470833366}},{"type":"Feature","geometry":{"type":"Point","coordinates":[84.98509,27.8839]},"properties":{"name":"Jamune","name_ne":"जामुने","tier":"hamlet","rank":3,"featured":false,"source":"osm","osm_id":11470888785}},{"type":"Feature","geometry":{"type":"Point","coordinates":[84.98383,27.90191]},"properties":{"name":"Kaphalswari","name_ne":"कफलेश्वरी","tier":"hamlet","rank":3,"featured":false,"source":"osm","osm_id":11470888962}},{"type":"Feature","geometry":{"type":"Point","coordinates":[84.98607,27.89487]},"properties":{"name":"Dhusani","name_ne":"ढुसणी","tier":"hamlet","rank":3,"featured":false,"source":"osm","osm_id":11470888963}},{"type":"Feature","geometry":{"type":"Point","coordinates":[84.97488,27.8957]},"properties":{"name":"Saunepani","name_ne":"सौनेपानी","tier":"hamlet","rank":3,"featured":false,"source":"osm","osm_id":11470888964}},{"type":"Feature","geometry":{"type":"Point","coordinates":[84.97071,27.89083]},"properties":{"name":"Gairibasa","name_ne":"गैरी बासा","tier":"hamlet","rank":3,"featured":false,"source":"osm","osm_id":11470888965}},{"type":"Feature","geometry":{"type":"Point","coordinates":[84.97895,27.8892]},"properties":{"name":"Dadabasa","name_ne":"डाँडा बासा","tier":"hamlet","rank":3,"featured":false,"source":"osm","osm_id":11470888966}},{"type":"Feature","geometry":{"type":"Point","coordinates":[85.40178,27.68208]},"properties":{"name":"Hindunagar","name_ne":"हिन्दुनगर","tier":"hamlet","rank":3,"featured":false,"source":"osm","osm_id":11527994979,"population":2000}},{"type":"Feature","geometry":{"type":"Point","coordinates":[84.86726,28.47941]},"properties":{"name":"Deng","tier":"village","rank":2,"featured":false,"source":"osm","osm_id":11741258994}},{"type":"Feature","geometry":{"type":"Point","coordinates":[84.76788,28.54506]},"properties":{"name":"Namrung","tier":"village","rank":2,"featured":false,"source":"osm","osm_id":11741261311}},{"type":"Feature","geometry":{"type":"Point","coordinates":[84.98004,27.80105]},"properties":{"name":"MaheshDovan","name_ne":"महेश-दोभान","tier":"hamlet","rank":3,"featured":false,"source":"osm","osm_id":11765507564}},{"type":"Feature","geometry":{"type":"Point","coordinates":[84.86704,28.47907]},"properties":{"name":"Deng","tier":"village","rank":2,"featured":false,"source":"osm","osm_id":11821265696}},{"type":"Feature","geometry":{"type":"Point","coordinates":[84.38259,28.22343]},"properties":{"name":"Sarki Gaun","tier":"village","rank":2,"featured":false,"source":"osm","osm_id":11840540876}},{"type":"Feature","geometry":{"type":"Point","coordinates":[85.39403,27.69197]},"properties":{"name":"Sirutar","name_ne":"सिरुटार","tier":"hamlet","rank":3,"featured":false,"source":"osm","osm_id":11951508972}},{"type":"Feature","geometry":{"type":"Point","coordinates":[85.3984,27.68875]},"properties":{"name":"Sintitar","name_ne":"सिन्टिटार","tier":"hamlet","rank":3,"featured":false,"source":"osm","osm_id":11951548830}},{"type":"Feature","geometry":{"type":"Point","coordinates":[84.47415,27.79657]},"properties":{"name":"Chauki dada","name_ne":"चौकीडांडा","tier":"hamlet","rank":3,"featured":false,"source":"osm","osm_id":12117869411}},{"type":"Feature","geometry":{"type":"Point","coordinates":[85.38394,27.68613]},"properties":{"name":"Nagdesh","name_ne":"नागदेश","tier":"hamlet","rank":3,"featured":false,"source":"osm","osm_id":12384673593,"population":7500}},{"type":"Feature","geometry":{"type":"Point","coordinates":[84.3706,28.25233]},"properties":{"name":"Belauti Besauni","tier":"hamlet","rank":3,"featured":false,"source":"osm","osm_id":12882660509}},{"type":"Feature","geometry":{"type":"Point","coordinates":[85.33831,28.41135]},"properties":{"name":"Nainub","tier":"hamlet","rank":3,"featured":false,"source":"osm","osm_id":12952350367}},{"type":"Feature","geometry":{"type":"Point","coordinates":[85.55888,28.31275]},"properties":{"name":"Qusumdo","name_ne":"छयुसुम्दो","tier":"hamlet","rank":3,"featured":false,"source":"osm","osm_id":12956328710}},{"type":"Feature","geometry":{"type":"Point","coordinates":[85.45657,28.36552]},"properties":{"name":"Goba","tier":"village","rank":2,"featured":false,"source":"osm","osm_id":12956735547}},{"type":"Feature","geometry":{"type":"Point","coordinates":[85.46225,28.34138]},"properties":{"name":"Galong","tier":"hamlet","rank":3,"featured":false,"source":"osm","osm_id":12985865027}},{"type":"Feature","geometry":{"type":"Point","coordinates":[84.62155,27.87006]},"properties":{"name":"Ichchhakamana","name_ne":"इच्छाकामना","tier":"village","rank":2,"featured":false,"source":"osm","osm_id":13233416299}},{"type":"Feature","geometry":{"type":"Point","coordinates":[84.65215,27.60209]},"properties":{"name":"Rapti","name_ne":"राप्ती","tier":"town","rank":1,"featured":false,"source":"osm","osm_id":13233416300}},{"type":"Feature","geometry":{"type":"Point","coordinates":[85.16051,27.71713]},"properties":{"name":"Dhunibesi","name_ne":"धुनिवेशी","tier":"town","rank":1,"featured":false,"source":"osm","osm_id":13235260359}},{"type":"Feature","geometry":{"type":"Point","coordinates":[85.00448,28.04291]},"properties":{"name":"Khaniyabash","name_ne":"खनियाबास","tier":"village","rank":2,"featured":false,"source":"osm","osm_id":13235260360}},{"type":"Feature","geometry":{"type":"Point","coordinates":[85.01775,28.038]},"properties":{"name":"Satyadevi","name_ne":"सत्यदेवी","tier":"hamlet","rank":3,"featured":false,"source":"osm","osm_id":13235260361}},{"type":"Feature","geometry":{"type":"Point","coordinates":[84.99614,27.98077]},"properties":{"name":"Netrawati Dabjong","name_ne":"नेत्रावती डबजोङ","tier":"village","rank":2,"featured":false,"source":"osm","osm_id":13235260362}},{"type":"Feature","geometry":{"type":"Point","coordinates":[84.89312,27.9116]},"properties":{"name":"Dhading Besi","name_ne":"धादिंग बेंसी","tier":"hamlet","rank":3,"featured":false,"source":"osm","osm_id":13235260365}},{"type":"Feature","geometry":{"type":"Point","coordinates":[85.06868,27.75013]},"properties":{"name":"Thakre","name_ne":"थाक्रे","tier":"village","rank":2,"featured":false,"source":"osm","osm_id":13235260366}},{"type":"Feature","geometry":{"type":"Point","coordinates":[84.76971,27.80742]},"properties":{"name":"Benighat Rorang","name_ne":"बेनीघाट रोराङ","tier":"village","rank":2,"featured":false,"source":"osm","osm_id":13235260367}},{"type":"Feature","geometry":{"type":"Point","coordinates":[84.79501,27.85724]},"properties":{"name":"Siddhalek","name_ne":"सिद्धलेक","tier":"village","rank":2,"featured":false,"source":"osm","osm_id":13235260368}},{"type":"Feature","geometry":{"type":"Point","coordinates":[84.82355,28.00859]},"properties":{"name":"Tripura Sundari","name_ne":"त्रिपुरासुन्दरी","tier":"village","rank":2,"featured":false,"source":"osm","osm_id":13235536931}},{"type":"Feature","geometry":{"type":"Point","coordinates":[84.92115,28.06323]},"properties":{"name":"Gangajamuna","name_ne":"गङ्गाजमुना","tier":"village","rank":2,"featured":false,"source":"osm","osm_id":13235536932}},{"type":"Feature","geometry":{"type":"Point","coordinates":[85.27659,28.0108]},"properties":{"name":"Naukunda","name_ne":"नौकुण्ड","tier":"village","rank":2,"featured":false,"source":"osm","osm_id":13242877439}},{"type":"Feature","geometry":{"type":"Point","coordinates":[85.19517,28.01161]},"properties":{"name":"Uttargaya","name_ne":"उत्तरगया","tier":"village","rank":2,"featured":false,"source":"osm","osm_id":13242877440}},{"type":"Feature","geometry":{"type":"Point","coordinates":[85.21343,28.00594]},"properties":{"name":"Kalika","name_ne":"कालिका","tier":"village","rank":2,"featured":false,"source":"osm","osm_id":13242877441}},{"type":"Feature","geometry":{"type":"Point","coordinates":[85.31309,28.17058]},"properties":{"name":"Aamachhodingmo","name_ne":"आमाछोदिङ्मो","tier":"village","rank":2,"featured":false,"source":"osm","osm_id":13242877442}},{"type":"Feature","geometry":{"type":"Point","coordinates":[85.27375,28.12551]},"properties":{"name":"Haku","name_ne":"हाकू","tier":"hamlet","rank":3,"featured":false,"source":"osm","osm_id":13242877443}},{"type":"Feature","geometry":{"type":"Point","coordinates":[85.30224,28.18362]},"properties":{"name":"Chilime","name_ne":"चिलिमे","tier":"hamlet","rank":3,"featured":false,"source":"osm","osm_id":13242877444}},{"type":"Feature","geometry":{"type":"Point","coordinates":[85.29852,28.11036]},"properties":{"name":"Gosaikunda","name_ne":"गोसाइँकुण्ड","tier":"village","rank":2,"featured":false,"source":"osm","osm_id":13242877445}},{"type":"Feature","geometry":{"type":"Point","coordinates":[84.88331,28.46235]},"properties":{"name":"Pewa","tier":"hamlet","rank":3,"featured":false,"source":"osm","osm_id":13247640701}},{"type":"Feature","geometry":{"type":"Point","coordinates":[85.71477,27.77514]},"properties":{"name":"Chautara Sangachok Gadhi","name_ne":"चौतारा साँगाचोकगढी","tier":"town","rank":1,"featured":false,"source":"osm","osm_id":13249206592}},{"type":"Feature","geometry":{"type":"Point","coordinates":[85.63234,27.90081]},"properties":{"name":"Panchpokhari Thangpal","name_ne":"पाँचपोखरी थाङपाल","tier":"village","rank":2,"featured":false,"source":"osm","osm_id":13250737784}},{"type":"Feature","geometry":{"type":"Point","coordinates":[85.55572,27.92837]},"properties":{"name":"Helambu","name_ne":"हेलम्बु","tier":"village","rank":2,"featured":false,"source":"osm","osm_id":13250737785}},{"type":"Feature","geometry":{"type":"Point","coordinates":[85.623,27.81195]},"properties":{"name":"Indrawati","name_ne":"ईन्द्रावती","tier":"village","rank":2,"featured":false,"source":"osm","osm_id":13250737786}},{"type":"Feature","geometry":{"type":"Point","coordinates":[85.6148,27.71452]},"properties":{"name":"Mandandeupur","name_ne":"मण्डनदेउपुर","tier":"town","rank":1,"featured":false,"source":"osm","osm_id":13266440921}},{"type":"Feature","geometry":{"type":"Point","coordinates":[85.2946,27.7511]},"properties":{"name":"Goldhunga","name_ne":"गोलढुङ्गा","tier":"hamlet","rank":3,"featured":false,"source":"osm","osm_id":13273073616}},{"type":"Feature","geometry":{"type":"Point","coordinates":[85.13777,28.00425]},"properties":{"name":"Kispang","name_ne":"किस्पाङ","tier":"village","rank":2,"featured":false,"source":"osm","osm_id":13369073585}},{"type":"Feature","geometry":{"type":"Point","coordinates":[85.17499,27.99665]},"properties":{"name":"Manakamana","name_ne":"मनकामना","tier":"hamlet","rank":3,"featured":false,"source":"osm","osm_id":13369073587}},{"type":"Feature","geometry":{"type":"Point","coordinates":[85.06458,27.98592]},"properties":{"name":"Myagang","name_ne":"म्यागङ","tier":"village","rank":2,"featured":false,"source":"osm","osm_id":13369073589}},{"type":"Feature","geometry":{"type":"Point","coordinates":[85.3579,27.86513]},"properties":{"name":"Shivapuri","name_ne":"शिवपुरी","tier":"village","rank":2,"featured":false,"source":"osm","osm_id":13369073590}},{"type":"Feature","geometry":{"type":"Point","coordinates":[85.38283,27.92206]},"properties":{"name":"Ducheshwar","name_ne":"दुप्चेश्वर","tier":"village","rank":2,"featured":false,"source":"osm","osm_id":13369073591}},{"type":"Feature","geometry":{"type":"Point","coordinates":[85.30894,27.92416]},"properties":{"name":"Tadi","name_ne":"तादी","tier":"village","rank":2,"featured":false,"source":"osm","osm_id":13369073592}},{"type":"Feature","geometry":{"type":"Point","coordinates":[85.2289,27.95058]},"properties":{"name":"Suryagadhi","name_ne":"सूर्यगढी","tier":"village","rank":2,"featured":false,"source":"osm","osm_id":13370197377}},{"type":"Feature","geometry":{"type":"Point","coordinates":[85.22776,27.95367]},"properties":{"name":"Bageshwari Chokade","name_ne":"बागेश्वरी चोकदे","tier":"hamlet","rank":3,"featured":false,"source":"osm","osm_id":13370197378}},{"type":"Feature","geometry":{"type":"Point","coordinates":[85.24251,27.88832]},"properties":{"name":"Likhu","name_ne":"लिखु","tier":"village","rank":2,"featured":false,"source":"osm","osm_id":13370197379}},{"type":"Feature","geometry":{"type":"Point","coordinates":[85.31431,27.88903]},"properties":{"name":"Panchakanya","name_ne":"पञ्चकन्या","tier":"village","rank":2,"featured":false,"source":"osm","osm_id":13370197380}},{"type":"Feature","geometry":{"type":"Point","coordinates":[85.23979,27.83246]},"properties":{"name":"Kakani","name_ne":"ककनी","tier":"village","rank":2,"featured":false,"source":"osm","osm_id":13370197381}},{"type":"Feature","geometry":{"type":"Point","coordinates":[85.13254,27.83917]},"properties":{"name":"Belkotgadhi","name_ne":"बेलकोटगढी","tier":"town","rank":1,"featured":false,"source":"osm","osm_id":13370197382}},{"type":"Feature","geometry":{"type":"Point","coordinates":[84.97103,28.47359]},"properties":{"name":"Konzer (2280 m)","tier":"hamlet","rank":3,"featured":false,"source":"osm","osm_id":13421308356}},{"type":"Feature","geometry":{"type":"Point","coordinates":[85.44661,28.37286]},"properties":{"name":"Salê","tier":"village","rank":2,"featured":false,"source":"osm","osm_id":13798689337}},{"type":"Feature","geometry":{"type":"Point","coordinates":[84.82341,28.53552]},"properties":{"name":"Lower Chhak","tier":"village","rank":2,"featured":false,"source":"osm","osm_id":13906940590}},{"type":"Feature","geometry":{"type":"Point","coordinates":[85.27355,27.71398]},"properties":{"name":"Shree Colony","tier":"hamlet","rank":3,"featured":false,"source":"osm","osm_id":14072964995}},{"type":"Feature","geometry":{"type":"Point","coordinates":[85.3076,27.85619]},"properties":{"name":"Ghatte Dada","tier":"hamlet","rank":3,"featured":false,"source":"osm","osm_id":14133927228}},{"type":"Feature","geometry":{"type":"Point","coordinates":[85.30473,27.86307]},"properties":{"name":"Syauli bazaar","tier":"hamlet","rank":3,"featured":false,"source":"osm","osm_id":14133927229}}]}